frame,timestamp,tag_id,X,Y,Z,roll,pitch,yaw,dx,dy,dz
0,1763574009.508236,3,0.3400603177184379,-0.02780604354633833,-0.41368325079285356,-0.011362743891454554,-0.015448970333116317,-0.03314546575398553,-5.551115123125783e-17,0.0,0.0
1,1763574009.572221,3,0.30806656242082636,-0.011493972782964853,-0.43971756320195304,0.04464981664145765,0.0242275991883785,-0.030626298749642806,-0.032915061576211824,0.015531945247731225,-0.0253540302812591
2,1763574009.622699,3,0.2858426063384765,-0.016260950518327932,-0.46421882174601203,0.066883254909985,0.04915234228473305,-0.021951166934286632,-0.055344708563184464,0.010305943601877249,-0.049572614338957544
3,1763574009.674832,3,0.27387392239252367,-0.026951897015585743,-0.4681886301514988,0.07180622107123649,0.05630862181076679,-0.02197654184068718,-0.06701246887854201,-0.0007319863454326395,-0.053488298555446456
4,1763574009.731500,3,0.28411210689427613,-0.037345132987918125,-0.4445630096744902,0.091214027759949,-0.020396903692979543,-0.023013605200540837,-0.05607176742743847,-0.01104613525874844,-0.03014458199736758
5,1763574009.837889,3,0.26049745912828925,-0.03208907135963111,-0.42994561987720786,0.10725602148879873,-0.0866712660195626,-0.013273850800029375,-0.07961897542703261,-0.006746068052393819,-0.015111808637725765
6,1763574009.897797,3,0.22374003697496458,-0.030621899423845002,-0.44260706562619706,0.11228184806036973,-0.05439454135600631,-0.01280601684093224,-0.11659603812141717,-0.006360445399183047,-0.02719986120901957
7,1763574009.966029,3,0.20637161654698535,-0.0347409893437813,-0.45017127228320253,0.10772072151778457,-0.02797390028232282,-0.01362113283177565,-0.13393321396153987,-0.01096963396586754,-0.034549954196653354
8,1763574010.027244,3,0.19866402402326466,-0.034638324497736434,-0.4512319497079235,0.10579896452083641,-0.026524879670362808,-0.013494837738539857,-0.14165544131053315,-0.011111742887594046,-0.0354931238560825
9,1763574010.085548,3,0.20097767108886863,-0.026789249884642933,-0.4489169356431281,0.1131674047228238,-0.05132061926678528,-0.011751849780230602,-0.13956766038181256,-0.003216758933523389,-0.03312023019961052
10,1763574010.136512,3,0.1854616599027909,-0.02381630366220871,-0.45438982225320684,0.10392797268933215,-0.03709944946152454,-0.013073926940666891,-0.1552563556666094,-0.0007003566120100026,-0.03832311976521052
11,1763574010.198359,3,0.1710891976958825,-0.018096669558585285,-0.450710184976001,0.09744985127731096,-0.03245458889904884,-0.012751733931560687,-0.1697518877394299,0.004495143309151163,-0.0343597947526495
12,1763574010.270575,3,0.17378503626047256,-0.013761344364918389,-0.4449433011762697,0.09893937203324062,-0.04791056458515506,-0.01158017483486449,-0.16711241546409158,0.008852069595064505,-0.028583124577919505
13,1763574010.346505,3,0.17041270134178685,-0.012173391578607128,-0.44511387743391856,0.09637517938540167,-0.045937381245138,-0.012004888571731164,-0.17053774852299022,0.010328634872512194,-0.028684028155983865
14,1763574010.420163,3,0.1658977994696355,-0.010823209473853256,-0.44724242670752895,0.09310023960320211,-0.03885994495308139,-0.012694898372697373,-0.1751272535243375,0.011551759620436936,-0.030728156903143122
15,1763574010.489347,3,0.16985639748699516,-0.00819573278024677,-0.4427209843991437,0.09242238066144326,-0.051108407844073965,-0.012013686694529856,-0.17118851569406357,0.014258111142689083,-0.026235988347877437
16,1763574010.557326,3,0.1705019003413058,-0.00779253103413955,-0.4420709630171073,0.09393250148587252,-0.05347835233754877,-0.011856067585853114,-0.17054676288318732,0.01467518151838993,-0.025591023998834228
17,1763574010.635364,3,0.1706470191013353,-0.006753724475527836,-0.44198571495858147,0.09120507064291535,-0.05563262842868113,-0.011868388779952086,-0.17043484551168178,0.015717210216360654,-0.02549564870449461
18,1763574010.705698,3,0.16861202587204013,-0.005778438428592388,-0.442273058956668,0.09076386275514806,-0.05367457859956477,-0.012230905995376434,-0.17250523381781105,0.016627365429708094,-0.02574071326602906
19,1763574010.782491,3,0.16850205847846614,-0.005131020191564953,-0.44161512860446,0.08826629106063327,-0.05526698555059213,-0.012766674730288693,-0.17262641624262612,0.017263244376844254,-0.025073563856865932
20,1763574010.852746,3,0.16899022404741923,-0.003032366496276111,-0.4408264801250155,0.08727980379557373,-0.05595723455105412,-0.012702352344412436,-0.17219593352240767,0.019367899912865603,-0.02426750611583317
21,1763574010.923757,3,0.16994951558248308,-0.0010140594036780754,-0.44001645767168246,0.0869861504265377,-0.056651383228707164,-0.012654624571192378,-0.17129164728403873,0.021407710270748385,-0.023448128152283365
22,1763574010.995459,3,0.17074664448868834,-0.0009271174151316349,-0.43918878974756,0.08567614436941465,-0.05878667004823475,-0.012671176164786746,-0.17048514603356948,0.021511749646947746,-0.022631587194159863
23,1763574011.068068,3,0.1682935221249134,0.0004004534097552841,-0.44146074147578157,0.08439374948186286,-0.05050497450523297,-0.012623459354490139,-0.1730157159814275,0.022782589769026147,-0.024850415579868446
24,1763574011.138690,3,0.17137286706161592,0.0016070531677120489,-0.4383021726834462,0.08195484642576234,-0.05860143499694477,-0.01294130872304938,-0.1699296161955532,0.024055138240822983,-0.02172448955234224
25,1763574011.210249,3,0.1714936493463545,0.0019107576200807716,-0.43841587754099737,0.08151492759830115,-0.05817719045375503,-0.013148841724360417,-0.16982073459165112,0.02436396991906834,-0.021836388346660462
26,1763574011.280970,3,0.17111602931220438,0.0021444230718407208,-0.4386025901944017,0.08042563020273455,-0.05686907323185562,-0.013662591150455176,-0.17020872918782556,0.024587032321183713,-0.022014605648236152
27,1763574011.351905,3,0.17216737832067566,0.0034008379129391955,-0.4376030057862105,0.08078912550641018,-0.05974702161316315,-0.013475046706792209,-0.16918427296170857,0.025866335535912926,-0.021016129456632893
28,1763574011.424994,3,0.16860159133452904,0.004598344785249871,-0.4396378590469011,0.07567971892895758,-0.05309523400083463,-0.0143543964258648,-0.1728187911762916,0.026967432727779787,-0.022982687275328817
29,1763574011.482184,3,0.16658333507067574,0.009017543492740789,-0.44190417411173394,0.07245825973867705,-0.05287523646528262,-0.014296058606401605,-0.1750171411249015,0.03134240768957766,-0.025165738150377093
30,1763574011.542825,3,0.15899339732213438,0.015527352568140796,-0.442708044941158,0.0694692518830906,-0.043544354279220265,-0.013978069361955758,-0.1828301286731977,0.037604474927482756,-0.025777879484888133
31,1763574011.613633,3,0.1576060944583481,0.0179652190274389,-0.4435656496345248,0.06565251659507124,-0.040320073531103416,-0.015022610330867995,-0.18431053245216225,0.04000435946604003,-0.026585497446641182
32,1763574011.682563,3,0.1739417554220888,0.02028146329380774,-0.42959376667040033,0.05756526449593601,-0.07361326128591907,-0.015688041768855812,-0.16784669949577313,0.04270461688883771,-0.012834747124506052
33,1763574011.752299,3,0.17482163265877618,0.019834183318657612,-0.4303703143209385,0.057169728062130686,-0.06388440058076589,-0.016156235201149498,-0.16696458604627737,0.04229574759697191,-0.013629713378981723
34,1763574011.824617,3,0.17551563334864212,0.018806144254644493,-0.43032352487263265,0.05608166731168309,-0.05969305435610832,-0.016482954429767244,-0.16623626196611865,0.0412909329538465,-0.013605586747101328
35,1763574011.872631,3,0.166935831362897,0.018862628648938035,-0.4423507079108095,0.06121292257327762,-0.029967276647554456,-0.015832646445395802,-0.1749979999515629,0.04119820859096457,-0.02550065606603158
36,1763574011.917004,3,0.17423787570577776,0.015442457318997073,-0.44577833845077613,0.06897836329172602,-0.031906543009025304,-0.014923693517671987,-0.1676404595964205,0.038062348956085686,-0.029078233305288193
37,1763574011.963999,3,0.14930004017959927,0.0008559861580431449,-0.4612117905978092,0.08360808456294566,0.040656789929871,-0.011131342964542507,-0.19231671576411802,0.022829510735549174,-0.04430634048011323
38,1763574012.031824,3,0.1803996103740775,-0.004674489411041698,-0.43217678365731327,0.081578086100475,-0.04031846157327993,-0.013424242552675951,-0.1606061386330405,0.01800860139752833,-0.015810741074156975
39,1763574012.083619,3,0.16655335496891163,-0.010022974752701936,-0.4519963205337913,0.0782767535279995,0.005116173779797909,-0.015791550656815655,-0.17457209225712483,0.01242734650715253,-0.035481553447104186
40,1763574012.129915,3,0.2021892917575635,-0.021202060753750238,-0.4336907812310389,0.08642275209144637,-0.061324554067869845,-0.01209381847095432,-0.13830676464834746,0.002234344211925617,-0.01784881567256147
41,1763574012.195058,3,0.20635010953589994,-0.02067212835110203,-0.431947924434405,0.08746924957595072,-0.058562456753571954,-0.014366914110263111,-0.13413936376625157,0.0028827554699114976,-0.016162661623284502
42,1763574012.262965,3,0.2064032647330817,-0.021502411799626715,-0.43172466185340536,0.08263752542018216,-0.034258688753440514,-0.014824830679728979,-0.13405528325563118,0.002052220687505768,-0.015950094685817318
43,1763574012.316865,3,0.15119946808803028,-0.024259170570683,-0.4741166945414113,0.04344991570336736,0.10153810395983329,-0.02708009468425343,-0.18978571539495515,-0.002060195180424055,-0.05753555233226326
44,1763574012.379482,3,0.20047429794431354,-0.0032758775221520525,-0.42858989110536366,0.05853296573744607,-0.01953442043398787,-0.01800320553000965,-0.1405358035865699,0.020034337417813144,-0.012510280631112869
45,1763574012.445026,3,0.18730232226552834,-0.0024614291679096166,-0.4410013356209952,0.054213533492549676,0.016136129218960456,-0.018624160425557326,-0.15391769694713667,0.020550495358582156,-0.024711376296479792
46,1763574012.511776,3,0.1974141886060471,0.0021660873798979878,-0.4258067583327715,0.051487223836032874,-0.021932503028049097,-0.01772357131989373,-0.14373119424508143,0.025339370437648043,-0.009616981063987895
47,1763574012.570091,3,0.19942828415198446,-0.0007575926324983952,-0.4219399399876804,0.050992555432070756,-0.037829159026536746,-0.018428256447364025,-0.1415618317622839,0.02244066539919429,-0.005815909463076252
48,1763574012.625101,3,0.20673452247844595,0.001948443230237563,-0.4089410484840399,0.05360444569835433,-0.07346816439992676,-0.018925482577210138,-0.13414933205581647,0.02524073281367619,0.007102658548621632
49,1763574012.692782,3,0.19673848518967518,0.0015703539772941027,-0.40226434408775386,0.055320876036724156,-0.08497521795147904,-0.016210760156585326,-0.14402301445313756,0.024454027903689446,0.013924211587227064
50,1763574012.764695,3,0.18889414770004978,0.0010139893875271404,-0.3960159480553541,0.055841476334631844,-0.09338297774323827,-0.015768923868152915,-0.15174714495090305,0.02356570310393096,0.02028300960959112
51,1763574012.834546,3,0.18397547592518973,-0.002473689721300713,-0.3906989537468497,0.05600121468016089,-0.10692140156967414,-0.013630190952989382,-0.15646482384540025,0.019855923613328816,0.02563172048709711
52,1763574012.897581,3,0.1731555698494,0.001668879110921941,-0.3847847408469809,0.06734418710035057,-0.124101909856758,-0.013846442164222518,-0.16732339749588376,0.02356829328714899,0.03175698357740714
53,1763574012.954915,3,0.17172136885993247,0.005334331788065951,-0.3752213214219383,0.07412429123979264,-0.15927611565703031,-0.014836323822238278,-0.1687303569718115,0.02707504638129698,0.04138374911291459
54,1763574013.029266,3,0.14377494638861174,0.005157745164056023,-0.3861282426803505,0.08140700400319924,-0.11413657267538956,-0.011632841740203372,-0.1968207391992483,0.026091513668419893,0.030897675832714577
55,1763574013.104000,3,0.1468199844050801,0.0009114925698135144,-0.37121266788548607,0.08553104078464648,-0.15791407888271028,-0.011133235626708383,-0.19340661431146605,0.021779872473956543,0.045714247316626655
56,1763574013.180288,3,0.1362521823542148,0.0002658245100491687,-0.3668829182357803,0.09249956770036868,-0.1518146176524325,-0.010764479881692086,-0.2038790694799187,0.020733371613764397,0.050194713604097774
57,1763574013.249969,3,0.13731045764855387,-0.0053281585270284985,-0.3579111254841439,0.0998572890174559,-0.17707601277321913,-0.008729356833566345,-0.2024975431229434,0.01507617877030134,0.05908252616135223
58,1763574013.328008,3,0.1028203257217316,-0.009216322131243203,-0.36971978544534856,0.10898897272716625,-0.10055337246118498,-0.0069839414349594136,-0.23701820578737837,0.010175624958155587,0.04774939384214533
59,1763574013.400381,3,0.120960769553128,-0.008637493306689076,-0.35063412488778084,0.11876575935709933,-0.1827372895797796,-0.006801909555626849,-0.21861422702628755,0.0111415672545604,0.06656517725310673
60,1763574013.471732,3,0.10515401913436002,-0.014095936283860385,-0.35047068002905957,0.11067623788458673,-0.14387453739648765,-0.008194383861627111,-0.23422701731121948,0.005158083966907954,0.06690189675538566
61,1763574013.549360,3,0.10383779392936432,-0.015242017461757042,-0.3485130590873114,0.11675415751159961,-0.14568741906680185,-0.007381328321683174,-0.23547414465099464,0.0039466250792144835,0.06886538125239083
62,1763574013.629204,3,0.10219709921480469,-0.0171874815215833,-0.3435549835875895,0.12093807133739785,-0.15092936705397653,-0.007100494264804974,-0.23697268458832044,0.0018913810573150192,0.07382416863259661
63,1763574013.709224,3,0.10459538385630825,-0.018468733197243375,-0.3402920214885626,0.12220661182439611,-0.15777624333118942,-0.006728396293890388,-0.2344831410268639,0.0006537455820204031,0.07703520086906551
64,1763574013.784769,3,0.10334886864006364,-0.017174132546653162,-0.3351401443003792,0.12806688578141018,-0.16940092756846484,-0.0059196661020322365,-0.2356921320461144,0.001847488106442475,0.08222027069421933
65,1763574013.867998,3,0.09595078627512041,-0.015791125520778035,-0.33240339082773146,0.1313003636321698,-0.16605606183419724,-0.006921189156803896,-0.24308881679348232,0.0029520955274862284,0.08508436703959293
66,1763574013.951391,3,0.09450946156667706,-0.01844906166418039,-0.3334093428947911,0.1329063621310238,-0.1714355935650272,-0.0054127526236289756,-0.24445664635132588,0.0002592205925826055,0.0840687648022711
67,1763574014.031212,3,0.09477487919597538,-0.013963328576770316,-0.325629159641455,0.15174342464916732,-0.20421563780763768,-0.005733610550811611,-0.24421985187242595,0.004662624328925605,0.09189675708729811
68,1763574014.107759,3,0.0863116167026072,-0.01486524357360614,-0.324316880501578,0.15652596320241505,-0.20099671659809779,-0.007042095883672755,-0.25262729852962157,0.0034644250976446486,0.09332556727157554
69,1763574014.209726,3,0.07866205023380896,-0.016120734813376596,-0.3233693781331152,0.15625056859606962,-0.19485065972061516,-0.007254696022143829,-0.2602155124370115,0.0019441193856669196,0.09437321529919102
70,1763574014.290161,3,0.06903064526466474,-0.01976285167785482,-0.31878866971651865,0.15680347485379356,-0.18263440121625132,-0.007347976494225306,-0.26964903097436804,-0.0020686309568624184,0.09905492751011691
71,1763574014.360491,3,0.0699953659318708,-0.01683701885199302,-0.31425262186358266,0.15685735506354495,-0.2003069128317099,-0.008383551932129508,-0.26871182953394407,0.0008359917835115797,0.10361033462813829
72,1763574014.433694,3,0.07608493093435677,-0.011610606060077399,-0.3091482583840276,0.1694691194175341,-0.23632482949673325,-0.009284791265526785,-0.2627206610535741,0.006204034708152582,0.10868406447130591
73,1763574014.507942,3,0.04573594486409933,-0.026061928913223977,-0.31529358711340166,0.14400403850131238,-0.14883430911045228,-0.008002744035685502,-0.29266544222289725,-0.009179522642855917,0.10282548129444408
74,1763574014.583785,3,0.04565991655650271,-0.03025389037041754,-0.3134628658493404,0.15586815425487469,-0.1529565833400996,-0.008879942164921693,-0.2925742355725237,-0.013392218565791623,0.10460726015744787
75,1763574014.653361,3,0.050046738414719606,-0.03168771474543761,-0.3110061010023641,0.17634261741925072,-0.16293595617539988,-0.007382906532171297,-0.28810488304543713,-0.014706929353868713,0.10698048062757032
76,1763574014.719594,3,0.051399963004000425,-0.030933431042838393,-0.3091895338531378,0.18087553969306258,-0.16480180370573652,-0.007857065604970539,-0.2867494936733236,-0.013928671727947078,0.10878528300410512
77,1763574014.789974,3,0.05275142535333909,-0.030370928032568276,-0.3081547633609683,0.18228400187102967,-0.16720921394695085,-0.00751428768485655,-0.2854015880978843,-0.013333252568496119,0.10980618293748062
78,1763574014.862907,3,0.04931595502445537,-0.030956158652551972,-0.30849670732287576,0.17419941824467547,-0.15852257323059604,-0.008027367759680454,-0.28882065231485143,-0.014028680475803886,0.10950910241256429
79,1763574014.940413,3,0.05413067125492129,-0.027452838263454186,-0.3083125198917011,0.18999738564119278,-0.17884774780632062,-0.007089570456847623,-0.2841223935354297,-0.010369232150340808,0.1096623131603437
80,1763574015.013979,3,0.0476605915885319,-0.029498081652822562,-0.3088051004404633,0.18565189122806997,-0.1645857038534489,-0.007926074141929699,-0.29052798728688717,-0.012623147812819178,0.10924300434106732
81,1763574015.084849,3,0.04881081466624224,-0.028571243706806543,-0.30816280471092833,0.18519909838865212,-0.16996303305957855,-0.007967536696415586,-0.28939932193802975,-0.011665864318678033,0.1098788568027162
82,1763574015.160872,3,0.049354762784903666,-0.02603667847539506,-0.3078958734951382,0.18736838350153137,-0.17868207736258634,-0.008344081454843284,-0.2889355977558229,-0.009117781764590107,0.11016762647291689
83,1763574015.230649,3,0.04765643557118373,-0.02716382852591727,-0.30841700075318773,0.1843893279351595,-0.17396875670989356,-0.008432976600281705,-0.2906034915338189,-0.01029488868768505,0.10965879858722238
84,1763574015.307518,3,0.043825546800823637,-0.028462147126529343,-0.3093206938498906,0.1739021892344559,-0.1640316399826655,-0.008987879708048777,-0.2944027594587213,-0.011709753088815212,0.10879756509169575
85,1763574015.383610,3,0.04428156891212138,-0.02704489688759787,-0.30968516830747905,0.17141986735066098,-0.16337970345008643,-0.008897640829460703,-0.2939996339557861,-0.010274048803297204,0.10844310907269389
86,1763574015.460160,3,0.04655983515241287,-0.02344048233884122,-0.3119645686275983,0.15915645063492811,-0.15605987420871462,-0.008488089177618067,-0.2918775376583262,-0.006570075762406127,0.10617258971867838
87,1763574015.534838,3,0.07026413931533358,-0.012200663829714648,-0.30853473598080494,0.1727073796677311,-0.21103872065547868,-0.008770516209130585,-0.26850853157229887,0.0054134659752433836,0.10937814582091782
88,1763574015.603814,3,0.08051208488844185,-0.00920247304446773,-0.3108352587527307,0.16319406722987376,-0.21025346847463827,-0.008298014067724789,-0.2584023227110348,0.008777322325309875,0.10695927120926413
89,1763574015.676464,3,0.09030711447860182,-0.009448628277091373,-0.31380381407467295,0.14059814971524912,-0.19951565986624537,-0.007128121594587208,-0.24865154420955585,0.008891344608646094,0.10384080438980181
90,1763574015.750658,3,0.10382048531479553,-0.0065840192851207725,-0.31512242062366086,0.11918320973710499,-0.20225259959362363,-0.004288681057008068,-0.23526249783070496,0.012219326351358037,0.10235289516892887
91,1763574015.812375,3,0.12457893280326109,-0.0007554284068807781,-0.3173671484600638,0.12306548903106355,-0.20059673767681846,-0.0063408647003024765,-0.21474573823906373,0.018761328317301706,0.09986508429324037
92,1763574015.878921,3,0.1263561029706616,-0.0027453393907541134,-0.32316340609759336,0.11291482761762452,-0.17430383302968344,-0.007494997812254054,-0.21299336222934578,0.01689770471647188,0.09401950754468485
93,1763574015.949719,3,0.1333479267895844,-0.004441298412372634,-0.3311264119268039,0.1142142731004332,-0.15130738412658368,-0.0059524187706496735,-0.2060730316358464,0.01552618184043314,0.08593252487924746
94,1763574016.031224,3,0.11730056140750947,-0.0068522475470967825,-0.3479051975539397,0.09681090025893606,-0.0897101612720522,-0.009041553010922887,-0.22228898568759825,0.012772771754287936,0.06936992165250772
95,1763574016.105410,3,0.1251134727016682,-0.0017083358328151817,-0.34423170399661857,0.0864779316993458,-0.12088367357918385,-0.010957390180613001,-0.2145949938989139,0.018132030343559653,0.07298610793910476
96,1763574016.183140,3,0.1258367427412014,0.0001451267973308746,-0.3478471110023298,0.08773717838907893,-0.12205506776974286,-0.009904678082177867,-0.21398947478375568,0.020049513803494033,0.06938246882420496
97,1763574016.252257,3,0.12707993731385298,0.0014151804885958743,-0.3557886498847182,0.07957215063061361,-0.12145155763056811,-0.011630027421714857,-0.21291187883082413,0.021450419694628103,0.061438738051383834
98,1763574016.333330,3,0.12710316616566897,0.0004942873984481017,-0.3615644885872882,0.07576275361614043,-0.11606416367794042,-0.012281946887861418,-0.21294737851954068,0.02059649113526581,0.05565268221266689
99,1763574016.398577,3,0.14034765928860957,0.002304418536762024,-0.3644856410004931,0.08133404000980153,-0.13477640091644452,-0.011760838978863134,-0.199816846210152,0.0228798980888582,0.05255405700153326
100,1763574016.456527,3,0.1503351338268305,0.0011882130117433101,-0.3706570184263425,0.08228598736673198,-0.12775632595919728,-0.01198823661895222,-0.18989440024954748,0.022167207741712186,0.0462201324372567
101,1763574016.530227,3,0.1506828526550092,-0.0005924631710726109,-0.38493269827875454,0.07088407312457082,-0.09296298036929163,-0.011365161591419504,-0.1897084461697762,0.02056140635888131,0.031920706773993335
102,1763574016.593209,3,0.17008334594627433,0.001653424350770678,-0.38203611397812015,0.07152177750024347,-0.10916603633504117,-0.013113880861225105,-0.1703505936648874,0.023419276506134245,0.034551196450134825
103,1763574016.653677,3,0.18370568820822303,0.0008349014955793962,-0.3864932903125028,0.0719297575737088,-0.10759717643562973,-0.013840856748982059,-0.15677909225029552,0.023105696334262973,0.029879941150810496
104,1763574016.712484,3,0.176933138555088,-0.004906993581429806,-0.4077495539116869,0.0712392131867706,-0.04493468347168096,-0.01199100279699874,-0.1636852283532884,0.01738324251235026,0.008661450712973584
105,1763574016.779805,3,0.17814877907098056,-0.00647437749697781,-0.40230581300682444,0.07113032183108513,-0.04822221331081431,-0.01392839428560886,-0.1623343677213506,0.015795478882163982,0.014067278258281468
106,1763574016.852060,3,0.17701532318713525,-0.0023365612697150134,-0.4068480280349534,0.07227907631470762,-0.04488517451360521,-0.013583539630531206,-0.16367434398329608,0.019944577617231327,0.009592079264150788
107,1763574016.924309,3,0.17684148409628409,-0.005522689009159366,-0.4102003191514067,0.07377948558876625,-0.03849613912263771,-0.01409201386606458,-0.16379428049154168,0.016792718806581265,0.006205209469969997
108,1763574016.997573,3,0.1782483105468431,-0.0067013277826137325,-0.4083885727553988,0.07442114679793377,-0.04966341541199385,-0.014310647834373231,-0.1623213513238243,0.01564109198202493,0.007981444349590305
109,1763574017.068454,3,0.17836970255708395,-0.009035059945265295,-0.41041459758036086,0.078158785034926,-0.04391556973544745,-0.013531857689372971,-0.16215400997224266,0.013335867647491059,0.005926266484287457
110,1763574017.140113,3,0.17139105701765278,-0.005472116559165663,-0.4168614590675332,0.07423215405815493,-0.030401194619408965,-0.014743452969705995,-0.16934564320658574,0.016737369682975928,-0.0003720092716353318
111,1763574017.217805,3,0.17299017141594913,-0.0027552674491538075,-0.41259839961082034,0.07370303649977049,-0.04451342162700943,-0.014278436886540015,-0.16777176459909224,0.019457373017372104,0.0038984239460403414
112,1763574017.285856,3,0.17293236237243081,0.004611960531993705,-0.41137374752586486,0.07303359585292357,-0.046636428534219516,-0.013380570568623738,-0.16805473249297942,0.02680419705947652,0.005211157127721522
113,1763574017.347277,3,0.16300196700671174,0.0031253691020309738,-0.42272500619747455,0.06418495576853545,-0.016377018766358938,-0.017045417842654096,-0.17810458852857247,0.025116681781628812,-0.006006082527372447
114,1763574017.399625,3,0.15870551854236475,0.01730485596473058,-0.423666857564693,0.06736983315225858,-0.012316251114789118,-0.013306704285635277,-0.18288255832181757,0.039154957308466964,-0.006714761567281291
115,1763574017.452070,3,0.15955877798657744,0.022581902385510288,-0.4227967076199666,0.06687951074077242,-0.015769594927359746,-0.012655937045103937,-0.1821912841873232,0.04444727255620035,-0.005794994791355368
116,1763574017.520770,3,0.1776649455240662,0.024329399465871412,-0.4047423504958433,0.05413635667571578,-0.07027879432235219,-0.01675806444570129,-0.16387621508754252,0.046591733955071,0.012004061062421856
117,1763574017.587098,3,0.17361947222466897,0.025925726455447905,-0.41041960131509136,0.058239160813437926,-0.05236060371560975,-0.015385457826780769,-0.16805958306609653,0.04811680631445986,0.0064077339103446596
118,1763574017.650858,3,0.1710751816007087,0.02364707881914002,-0.4190908736660689,0.06238902516376131,-0.026220391336688142,-0.013508213579844632,-0.17066062566334916,0.04585332891867397,-0.0022506644115445895
119,1763574017.720061,3,0.17987733772347714,0.019435014578310133,-0.40906273456065145,0.05891593080992687,-0.05246858914708577,-0.01632985952723845,-0.16156986715612814,0.04182316686198871,0.007593060242076843
120,1763574017.788841,3,0.1802917477059538,0.019689353008514567,-0.4086276542082425,0.05791086851093469,-0.05272095745464213,-0.016067132275624483,-0.16115744055868253,0.04208620980705252,0.00802483714567287
121,1763574017.862055,3,0.18126548409862142,0.019803504487051985,-0.40816152415735796,0.06237142843578848,-0.05449998584920726,-0.014994356279552446,-0.16018093665300684,0.042227432568973725,0.008477569517511552
122,1763574017.932268,3,0.18045731421790953,0.019165995905107928,-0.4083888674561751,0.05996203718206792,-0.05337363885967562,-0.015533202043274739,-0.1609709542007234,0.0415659795502768,0.008254874879013496
123,1763574018.004022,3,0.1807054737856169,0.020265103642858863,-0.40797841942337837,0.05904148471504259,-0.053925799104407604,-0.015820681902106927,-0.16075303920855233,0.0426680099881815,0.00867455398020156
124,1763574018.076220,3,0.180794066715781,0.02027399133656514,-0.40782933661102894,0.05851148454980585,-0.05419870849496722,-0.016160000775983882,-0.1606624969185837,0.04267814969298103,0.008822380444091893
125,1763574018.147508,3,0.18075463131691147,0.02198054306507692,-0.4075314467215154,0.06031204002958184,-0.055245826542314726,-0.015392629324033185,-0.16075385139129578,0.04437894597718266,0.009141063200146182
126,1763574018.218081,3,0.1803191463084863,0.021460808049922394,-0.4078305819999401,0.05759704917874992,-0.05398274806487546,-0.016140182970256687,-0.1611764447643143,0.043848424328868284,0.008842374038826928
127,1763574018.289500,3,0.18057630849820258,0.021392440780682618,-0.40765850214002874,0.05715190695968008,-0.05440055068815783,-0.01628464282085686,-0.1609145307641291,0.0437867111609789,0.009009737400785645
128,1763574018.361484,3,0.180512977222071,0.021390048189107943,-0.4074663734236597,0.05791186103410236,-0.05480457242621926,-0.016100843917868382,-0.16097477234917287,0.04378002751456473,0.009202756309150906
129,1763574018.432468,3,0.18026657621004483,0.02069175801875092,-0.40791946855057865,0.05799754722083475,-0.053588251302332364,-0.016342553431640906,-0.1612048700562115,0.04307910940046929,0.008745168440724704
130,1763574018.503091,3,0.18040441408286378,0.02073082042576639,-0.40778960713025014,0.05811284991183223,-0.05393676023014854,-0.016431896009318884,-0.16106641253659326,0.04312126398106092,0.008873393422343445
131,1763574018.575426,3,0.180042070824342,0.020778780589687202,-0.40811263455622154,0.05892857415680039,-0.05303163883395777,-0.016010768059067263,-0.16143509298233075,0.04316079376009741,0.008556452327265263
132,1763574018.647103,3,0.18099379119907788,0.019905618502055716,-0.40754069126408926,0.05932205412190208,-0.05490951531485422,-0.016201114432572224,-0.16044624066384947,0.04231337912060754,0.009103592486083834
133,1763574018.718007,3,0.1796898519838512,0.019209876554199194,-0.4091485738153492,0.06195158509765089,-0.051115896891568764,-0.015487685075626562,-0.1617510935835881,0.041592897909994264,0.007507388765795597
134,1763574018.789311,3,0.18007569963687411,0.017947241307193433,-0.40914802133881,0.06221953883454965,-0.0517490924791485,-0.015722320553484073,-0.1613236573681931,0.0403438923363716,0.007487144201508311
135,1763574018.859236,3,0.18011278691187868,0.017211445850354834,-0.4092805696928583,0.06176765707483113,-0.051656903321889124,-0.015823784225112672,-0.16126426163322324,0.03961129415444381,0.007345329050921501
136,1763574018.933769,3,0.1803410746013813,0.01854417850517736,-0.40901281522366695,0.061312980668270504,-0.051914197906589625,-0.01567484321806829,-0.1610761508802747,0.040947763932268746,0.00762541284510887
137,1763574019.005501,3,0.1807423316553328,0.018858831128690023,-0.40852270219638076,0.06013819752921231,-0.05222174870710064,-0.01625081481613852,-0.1606780167913885,0.041270020306529674,0.008113126237235646
138,1763574019.074188,3,0.18620858184786945,0.01980715954327911,-0.4076828114731305,0.058184637565499735,-0.05909524415694841,-0.017365429624147992,-0.15523386929146338,0.042390314535976775,0.008881782997338938
139,1763574019.141384,3,0.17300834864651185,0.02463182878623145,-0.41949066878287294,0.05262574996553832,-0.015360194443058237,-0.01699726412517986,-0.16876755729704462,0.04690640986757621,-0.0026678168245096168
140,1763574019.198613,3,0.19990212724209136,0.02819344673766585,-0.40375526889835217,0.049937998773292566,-0.07071922535706848,-0.019910817692312552,-0.14176668767814668,0.051182953110026796,0.012701876628013475
141,1763574019.252454,3,0.20220495587357873,0.01628670548506086,-0.4052816345879316,0.05742461952088155,-0.04562204742651679,-0.016683821623915608,-0.1390944432534811,0.03937764392793988,0.010999794364729365
142,1763574019.306094,3,0.21071806088301379,0.015546532157202683,-0.40152903822107006,0.052136798635275886,-0.04165452343730239,-0.018115461252742802,-0.13050453207929405,0.038878889879559515,0.014614689019947391
143,1763574019.367757,3,0.20837415788735938,0.011981804064164592,-0.39972277417567686,0.0546388939458549,-0.02796947852683217,-0.016529374320316318,-0.13270084545788632,0.035217767536755935,0.01641361874788394
144,1763574019.414390,3,0.19875189307203706,0.016997694004277867,-0.4089935803082368,0.040938186017617215,-0.0060584106475238195,-0.021764111115005886,-0.14262609996290562,0.04001533304648396,0.0073489804977665
145,1763574019.483637,3,0.20359337213090353,0.019073218112672027,-0.3889166841327012,0.047289103073722666,-0.053879604541878984,-0.01810238707748137,-0.13754647594275868,0.04202275737427293,0.027373893661806703
146,1763574019.547845,3,0.20067763123211363,0.013912301141730914,-0.3783371391020721,0.04164821038956578,-0.08176535892161381,-0.019577424041813504,-0.14012582174391855,0.036647711183671175,0.03793416050085335
147,1763574019.613625,3,0.20044275849046178,0.01172061430004902,-0.37803451760417356,0.04131593871911621,-0.09947615634699578,-0.016641675175920644,-0.14028323994885153,0.034446119935847716,0.038214252760699674
148,1763574019.674655,3,0.2052201403364186,0.00481198013466297,-0.35006308929036184,0.04525504542536358,-0.188425370753494,-0.015702543800597598,-0.13484801869037197,0.027383126388943475,0.06602658630673075
149,1763574019.745430,3,0.1638559442504619,0.006349593813387695,-0.3711527598697808,0.05637625430425354,-0.09779661762024236,-0.012361286273053721,-0.17656131189392846,0.027781437364193463,0.04558208344429826
150,1763574019.819628,3,0.16227006467536043,-0.013322697005615764,-0.34823382190044305,0.0578283424429174,-0.19207844716685163,-0.008374387253783472,-0.1771402212960994,0.0078081201854859825,0.06828721992306336
151,1763574019.893189,3,0.09958688866633894,-0.036037456303440026,-0.37726571525962355,0.03947411218391846,-0.0609113572635209,-0.010354682497944146,-0.23947732326122756,-0.016650875011733433,0.03993523676338823
152,1763574019.968451,3,0.07317451363142632,-0.05255884831447094,-0.3729799103344285,0.0553730313493018,-0.035776038245327484,-0.011336470008521527,-0.26525838860874107,-0.034090589401069314,0.044422006691687
153,1763574020.042583,3,0.09524345166803269,-0.053256498188116855,-0.35393275102403887,0.09388445674631125,-0.1372663714717318,-0.00947039406748943,-0.24288684004572403,-0.034269028759343824,0.063124974196688
154,1763574020.116024,3,0.07630766842940144,-0.06715891952010047,-0.3567972321327664,0.09588410232210733,-0.12174079751193649,-0.01160619061691738,-0.2613935528234156,-0.048761094343004754,0.060381240416311543
155,1763574020.186259,3,0.05506651108519609,-0.07532899744473602,-0.35632281494718004,0.12293605645985585,-0.12420854330747033,-0.015460876601434019,-0.28234246174534194,-0.057639100187877705,0.06107854772383198
156,1763574020.265287,3,0.03259967816686461,-0.09049541468007792,-0.3552996834151143,0.11081520929734738,-0.0868084781625539,-0.016774937815050538,-0.3042759233100868,-0.0735561750058778,0.06225989623068834
157,1763574020.488936,3,0.02776829801203047,-0.09314374815989707,-0.3455509607413643,0.08855472079211318,-0.12254452279947733,-0.02126398886971547,-0.30886571811359415,-0.07647457050670908,0.07204816725027952
158,1763574020.546255,3,0.026801587084943786,-0.0958080588822671,-0.3422476447311827,0.04551969064854698,-0.14068058978727566,-0.019756756424023497,-0.3096924688517154,-0.07920696362044505,0.0753338162567973
159,1763574020.611965,3,0.022999178055771514,-0.08830268939322096,-0.3418214650734521,0.043740042961185235,-0.12838766116273206,-0.02193446971313402,-0.31373444582713317,-0.07183775481336781,0.07590626571376846
160,1763574020.671118,3,0.025910678610898418,-0.07661538647405111,-0.3415035669152377,0.04151736469723594,-0.13764698517308557,-0.02330325059867326,-0.31120724464083427,-0.06006431507969087,0.07631895839286906
161,1763574020.743717,3,0.033223239912729546,-0.06787238099379368,-0.33811042025308197,0.026920797195495828,-0.1543743170742235,-0.02450612018056437,-0.3041368568092474,-0.05112167565847124,0.07970510044315948
162,1763574020.819481,3,0.04416413195064193,-0.05521408394965809,-0.337151043086948,0.045231788861318956,-0.18807093477043543,-0.02356848069753328,-0.2936078965378285,-0.038117650705121166,0.0806497367780829
163,1763574020.887204,3,0.04390244046442002,-0.05322421692435842,-0.3360841581737972,0.04344669606059458,-0.1888770602843367,-0.02437668455696359,-0.29391886658241984,-0.03614985527722374,0.08174398328392957
164,1763574020.961448,3,0.04728350580485109,-0.04974726617945264,-0.33453533661440404,0.044744481598385066,-0.19523488771901484,-0.024394478215966808,-0.29063134513376654,-0.03258002283378698,0.08328285838998495
165,1763574021.035455,3,0.05434740008941643,-0.04593331921512233,-0.334024475204071,0.051823963974351836,-0.20806112478019523,-0.024796026906116736,-0.2836906581120755,-0.02853892560795126,0.0837324917618329
166,1763574021.109475,3,0.052718747958459655,-0.050791262223912594,-0.33207130531727175,0.040190175502690925,-0.19655633062322192,-0.022329010514768072,-0.28512707808919013,-0.03347030367947252,0.08565217887490345
167,1763574021.177257,3,0.059110793643909525,-0.04670450071608569,-0.3294748026198007,0.05516933979034616,-0.2054809756714381,-0.023452078918816045,-0.27883461061886733,-0.029202637301501518,0.08820042743930484
168,1763574021.231878,3,0.06774905730551782,-0.04858152027600443,-0.33001552209165685,0.05429640508252017,-0.20900567196808179,-0.0189382873489899,-0.27014827923238804,-0.030784586845899443,0.08750741824292446
169,1763574021.293521,3,0.09940601117080577,-0.05593179439047827,-0.31901466216012725,0.017890974175905898,-0.2465662166251078,-0.003667160249669475,-0.23809898914686561,-0.03720071070406247,0.09794219358649331
170,1763574021.501834,3,0.1600980771760369,-0.045595995302058066,-0.3195955968450026,-0.030771684807683837,-0.08098526158296153,-0.02884532782242506,-0.1777989532534668,-0.024842899392414297,0.09656986901550757
171,1763574021.566743,3,0.16571549473465602,-0.038373859005265874,-0.317719604477456,-0.02461326911674702,-0.05513797607861708,-0.01959299555786442,-0.1723956187800041,-0.017459420023809742,0.098446618615667
172,1763574021.634393,3,0.16416827186206043,-0.041625917793110506,-0.3218321079792055,-0.021622580609504383,-0.038102788263950846,-0.020678987376076777,-0.17389758030132188,-0.02071428326278355,0.09431958009960739
173,1763574021.697301,3,0.16224299348716065,-0.04309264492728023,-0.32102080386158177,-0.024000264037572067,-0.038921550419566374,-0.02199240826383758,-0.17576043760639753,-0.02225345516683354,0.09514232683399715
174,1763574021.764717,3,0.1580188431584469,-0.04597322295466619,-0.3231214167553911,-0.023407238194192555,-0.036490333255122645,-0.02211125722521592,-0.17991876576004015,-0.025249100854868593,0.09307153853495503
175,1763574021.839744,3,0.16028835239657718,-0.047479797210787045,-0.3207081897789263,-0.013477233170371496,-0.05423657634196253,-0.02006464519045079,-0.17756357235910752,-0.02670655519419162,0.09543225738820593
176,1763574021.916523,3,0.1548745302467315,-0.05237671441258411,-0.32162642389247104,-0.011154384648301369,-0.053431564262848216,-0.019817808175150824,-0.18282569890617362,-0.03177035508528281,0.09453761941430816
177,1763574021.993923,3,0.15112130334161625,-0.05370950403075059,-0.321447326087923,-0.008543383405713709,-0.05486590663496141,-0.020191392597117167,-0.186529487333448,-0.03322938376268603,0.0947573988393473
178,1763574022.072188,3,0.15102849313995523,-0.05139823721516088,-0.3205177839456226,-0.0008232771345129705,-0.07265729512163298,-0.01827278693890364,-0.18668446043959294,-0.030933201421659347,0.0957155985125992
179,1763574022.151407,3,0.15147423234387844,-0.05186630299429454,-0.32391278903375603,0.013943439248357089,-0.10539252629298046,-0.012254823912230947,-0.1862759569047374,-0.03134755727518521,0.09230894874360013
180,1763574022.304918,3,0.11195517097446574,-0.0637173529517019,-0.32873980981000656,0.03309242098205764,-0.11823983150666409,-0.01456950455078731,-0.22545047842279925,-0.04445291024416512,0.08793741427889717
181,1763574022.388474,3,0.09697174795766822,-0.06951408456952755,-0.3288241459629036,0.017197498112899706,-0.10060676280220479,-0.018819016004166862,-0.24023311018871124,-0.05074423024088499,0.08800998223603745
182,1763574022.462066,3,0.10047496204006416,-0.06294884350377059,-0.3281823943378816,0.0315246569511432,-0.11815357944588523,-0.016321744773726717,-0.23693986626311203,-0.044073646518354444,0.08867676672448316
183,1763574022.531675,3,0.10104744698627637,-0.06360273398279409,-0.32915764615402865,0.03227685314961721,-0.11362183218568168,-0.016488175508352146,-0.23636116312591,-0.04469698085728246,0.08768531079606223
184,1763574022.601441,3,0.1008588243687198,-0.06414659050535829,-0.32946290909973985,0.03244613371405376,-0.11581122326835717,-0.01632357105708205,-0.23653635452806626,-0.04524331579897675,0.08737649049376944
185,1763574022.675390,3,0.09899415545309037,-0.06404255074359536,-0.3295426629974267,0.03045266545453065,-0.11433814230153358,-0.016587925963323327,-0.23840445633027832,-0.04520055154807761,0.08732607227726236
186,1763574022.746769,3,0.09800803509986802,-0.06529741251572954,-0.32925110454187534,0.03276632559153184,-0.11591527486627873,-0.016654101138373602,-0.23934383293560824,-0.04649079857324209,0.08761753747007228
187,1763574022.824668,3,0.0964417613550215,-0.0671090667140036,-0.32982446570051016,0.030359246556624798,-0.11165805442863189,-0.016832188703981496,-0.24085788710629827,-0.04834699303348959,0.08704637244128183
188,1763574022.907379,3,0.10113044723236142,-0.06285379108763961,-0.3297796067757746,0.04024211753815113,-0.1263542926789541,-0.015220418618792485,-0.23631264319097162,-0.04393867085969128,0.08707110294889481
189,1763574022.991063,3,0.09368811856196493,-0.06465227055676614,-0.330978586102916,0.03297224043987769,-0.11457122915396906,-0.016789755498605237,-0.2437089253020071,-0.04597033823118807,0.08596309821444692
190,1763574023.077605,3,0.09256326456884525,-0.06773671130785013,-0.33440689436592924,0.041499055364370645,-0.11287478029788293,-0.015872602833564602,-0.24478378471562334,-0.04905139028447007,0.08251575658864929
191,1763574023.157061,3,0.09894347256933812,-0.0661598907147638,-0.336017145530394,0.05020669753361956,-0.11689396205869225,-0.015224577460041662,-0.23848496644424313,-0.047244710479144594,0.08082841471749508
192,1763574023.237293,3,0.1143518135469783,-0.06363350650296704,-0.3380697221795479,0.05546570331263458,-0.11780976082763775,-0.013815356731444768,-0.22320234816823842,-0.04418327865477177,0.07857411358762412
193,1763574023.302020,3,0.12497268512894313,-0.06165667559314185,-0.3383932408930171,0.05734068359422608,-0.11769530641478858,-0.012677141937974057,-0.2126590779361758,-0.0418501872050969,0.07811414069086914
194,1763574023.365334,3,0.13561157619691497,-0.059231028095998194,-0.33899124682090215,0.059176533849997964,-0.11788352242263732,-0.011275063783750584,-0.202116912376972,-0.03906483848751095,0.07738478627075851
195,1763574023.442614,3,0.137849590910618,-0.0632749765569793,-0.3406694788779442,0.04780695906221425,-0.0930008546670057,-0.013415531886065613,-0.19977232174356613,-0.043012660395350275,0.07562515881108539
196,1763574023.523329,3,0.13967223488798347,-0.06430673431784076,-0.3407793447722949,0.04601878696317483,-0.07927659912858914,-0.014605480829983558,-0.1979184057524506,-0.04398181349980535,0.0754756147771784
197,1763574023.602076,3,0.1399014303674403,-0.06547369876532977,-0.34200446251775185,0.04337003159724602,-0.06901330506185334,-0.015895734809280557,-0.19766962166819982,-0.045126501041873435,0.07423342035189795
198,1763574023.674653,3,0.13885851087546394,-0.0660532923312538,-0.3433116598249548,0.04150302038981825,-0.06707573417795698,-0.015887886983775367,-0.1987128328990891,-0.045725626694029034,0.07293529349020872
199,1763574023.750517,3,0.14101312775341449,-0.06626257494098493,-0.3437104338231333,0.043644936057086636,-0.06832852004962388,-0.015741614944286955,-0.19655888217378184,-0.045858473013093926,0.07250165547115606
200,1763574023.827556,3,0.1447970718171817,-0.06322146839504136,-0.34604333632959705,0.03661462615705402,-0.05584846196565326,-0.0182403287530805,-0.1929142757016837,-0.0426666929213325,0.07014827931857426
201,1763574023.908256,3,0.14262579995933714,-0.059290004313714846,-0.34692897508172776,0.028988772237922688,-0.044431727375782354,-0.019639554919407744,-0.1952280484675174,-0.03879993380974511,0.0693421671280286
202,1763574023.986261,3,0.14584190297196845,-0.05318612732086363,-0.3467354451790297,0.028099513174077183,-0.04555000663984002,-0.01884420049581713,-0.19221336045584744,-0.032594900431791377,0.06955966132502339
203,1763574024.061406,3,0.1538288621886969,-0.0453163730286354,-0.34410724649356345,0.025630693622032245,-0.06294847008547322,-0.018548689070234686,-0.18445190718737622,-0.024493814439785884,0.07216047415786714
204,1763574024.133186,3,0.1621594349434751,-0.04352116614265673,-0.3438664066128635,0.03292130643375475,-0.06713526768071783,-0.01631951322349369,-0.17618266804866442,-0.02242494226135018,0.07229709776616638
0,1763579682.201710,3,0.14644652342859618,0.02125088892993816,-0.40406731146584673,0.04785287575782604,-0.01433089280092832,-0.020792582385757343,0.0,0.0,0.0
1,1763579682.379419,3,0.1494537846366319,0.019891177902821928,-0.39970126922549876,0.05392775085198524,-0.028820766990186455,-0.01876285485101948,0.0030971365344726887,-0.0010886621762589976,0.00437919157470168
2,1763579682.487585,3,0.14925939901759547,0.01953516235164767,-0.3996350610673579,0.05348444428370984,-0.028397985659876005,-0.01866921414656934,0.002911162868470457,-0.0014449353164419643,0.004465212542542896
3,1763579682.573071,3,0.14914950887858394,0.019829902468218634,-0.3997588623762542,0.05413935533546582,-0.02810519383661201,-0.01847927644850061,0.002793406304882784,-0.0011587202219952991,0.0043292395507555925
4,1763579682.640720,3,0.14937207431004978,0.01979653120192028,-0.3996417042392335,0.054153955057574574,-0.028636891191042325,-0.018917462637499455,0.0030182734545557977,-0.0011819733724173186,0.004444431120592396
5,1763579682.734380,3,0.14921000606758744,0.020016394359330895,-0.39966957040382994,0.054432422763067,-0.02823411162719619,-0.018634841316754785,0.002851286825519911,-0.0009669937118749992,0.004408630874684849
6,1763579682.826472,3,0.14964087445468074,0.019707986048200794,-0.3994084515810348,0.05370168983183367,-0.029404129300231386,-0.018946464227997492,0.003292171265121463,-0.0012538448754279112,0.004677486995824043
7,1763579682.895390,3,0.14962187028045715,0.020084630006017935,-0.39939404514204246,0.05446794522326545,-0.02936250339186835,-0.018660525711683872,0.0032655495677699486,-0.0008774006118761682,0.004674265699248059
8,1763579682.970281,3,0.14971638752393002,0.019712476419146956,-0.399400912125928,0.05358124689322452,-0.02957908496833638,-0.018758332793968886,0.00336767495253093,-0.0012474834912230316,0.004683647874053787
9,1763579683.066618,3,0.14972917691745158,0.01964826680395409,-0.3994132534154225,0.05342891827546436,-0.029597478133899655,-0.01879858398324303,0.0033816182633114034,-0.0013119400996460112,0.004674177899854304
10,1763579683.139236,3,0.14964260790721237,0.019584256793518454,-0.3994547538079517,0.053287824674684535,-0.029379561428849982,-0.018857232246138868,0.0032958128366514516,-0.0013795873530850454,0.004637096429984555
11,1763579683.210322,3,0.14961592231050477,0.019785718078323286,-0.3994369504345124,0.05379321653795103,-0.029332508410554015,-0.01892928914079751,0.0032652027089543345,-0.0011780816820727846,0.004645711247738826
12,1763579683.279592,3,0.1496019961613944,0.019722450457628913,-0.399434293621075,0.05363950272451563,-0.029310296597468116,-0.018940969114974046,0.0032526343403579683,-0.0012414167094830786,0.00465158479256067
13,1763579683.352628,3,0.14956511208539153,0.019743828968080447,-0.39944936282690524,0.0536991537711554,-0.02921643940755892,-0.01895485401035573,0.003215101639231527,-0.001221528442366001,0.004636082859994062
14,1763579683.424794,3,0.1495396562481588,0.019783248213234125,-0.3994873199031875,0.05381857142075828,-0.029119435754002193,-0.01903436644551832,0.003188290493000845,-0.0011844889491955876,0.004596689274715737
15,1763579683.497893,3,0.1497528929283879,0.019921585740028853,-0.39936078521561036,0.05407596945181403,-0.02968707085256573,-0.018719418009587634,0.0034003965899953303,-0.001036003355149244,0.004713227732975278
16,1763579683.570223,3,0.14959178413015892,0.01990415689665533,-0.39947178518310666,0.05401947305692186,-0.02925020927437784,-0.01871294169442922,0.0032381108098279154,-0.001061953205679169,0.004605660391066968
17,1763579683.640239,3,0.1496128697960129,0.01987468118558114,-0.39946289492299036,0.053949887036710116,-0.029313584784580123,-0.018695566515894012,0.0032599299231894086,-0.0010905405713469013,0.004615617719477105
18,1763579683.711774,3,0.14962425106064026,0.019889010664118648,-0.3994558596490504,0.0539906075852137,-0.029343221169339274,-0.01871175769259381,0.0032711104827312376,-0.0010756653328903992,0.004621788990681608
19,1763579683.781217,3,0.14955677033630413,0.019844488648563547,-0.39950775151018547,0.05386892782377812,-0.029156534122328406,-0.01867054972951177,0.003203833207361201,-0.001123964520855815,0.0045731106593755455
20,1763579683.852905,3,0.14957331993156506,0.019866113894316476,-0.3994835746140798,0.05393928803953509,-0.029210360417705684,-0.01871389372061555,0.0032202744247697423,-0.001100879669307317,0.0045959763249374674
21,1763579683.923695,3,0.14958580699608115,0.01967461618311163,-0.39948196166619465,0.053488590439880634,-0.029256816275606327,-0.018756312809156094,0.003236761658538284,-0.0012917916387965751,0.004606497389816999
22,1763579683.997425,3,0.14946473233730126,0.019459113915975997,-0.3995457872193106,0.05292291293412947,-0.028974729395704456,-0.018666721250162673,0.0031192910207773483,-0.0015124879277146792,0.00455484665224587
23,1763579684.068454,3,0.14942042464062508,0.019619995437289303,-0.3995648690791122,0.05328406044342448,-0.028854413681994737,-0.01857777350742647,0.0030713794418254503,-0.0013536254798062267,0.004528820578681203
24,1763579684.140043,3,0.14935911382756514,0.019815477323615275,-0.3996245720566104,0.05370141061736415,-0.028662439996400356,-0.018424277991099382,0.0030051687452545273,-0.001162493604033702,0.004460839854023069
25,1763579684.211778,3,0.14930157997499555,0.019675878849539807,-0.39964410860820404,0.05340801025379639,-0.028515379395511492,-0.01850623412958119,0.0029502753746504518,-0.001303993943283583,0.0044488429019199915
26,1763579684.280812,3,0.1495421607699556,0.019653278546942536,-0.3995192214046287,0.05344760904385254,-0.029145304734407112,-0.018667785073520744,0.003193038987752167,-0.0013157591694514872,0.004570966256791209
27,1763579684.356809,3,0.14947694077129295,0.019686239005501677,-0.399549156775341,0.05349683507714332,-0.028987013617817928,-0.018583600899301965,0.003126725583405515,-0.0012855846326633516,0.004540499944128751
28,1763579684.428244,3,0.14949536123023846,0.019673488328249004,-0.39954588671156666,0.053482388757901525,-0.0290260331869967,-0.01866529937835933,0.003145452104029167,-0.0012977918177626557,0.004544089993228084
29,1763579684.500997,3,0.14948123422018283,0.019526518923529676,-0.39957489863446527,0.05312644057739735,-0.02897947980243816,-0.01869917338481799,0.0031339691849362195,-0.0014462346739783638,0.004522315443529712
30,1763579684.573679,3,0.14941553382071082,0.01968146503864989,-0.39962639106283854,0.05345334723193091,-0.028792965832536193,-0.018595772116563488,0.00306433065800929,-0.0012952794358002638,0.004464528741811746
31,1763579684.647297,3,0.14947194679250575,0.019327320656054355,-0.3996674154882503,0.05261968463970985,-0.028889121755222794,-0.018723302284861864,0.0031275000372320283,-0.0016497763063519667,0.004439523364615228
32,1763579684.721956,3,0.1495958245462251,0.0199701492059141,-0.399494186511636,0.05427239110107916,-0.0292296550754335,-0.018819994294763737,0.0032404570069055616,-0.0009970400572121216,0.0045800887685423786
33,1763579684.793709,3,0.1494521801400054,0.020064841257751192,-0.3995667539354868,0.05441915763170602,-0.028853096184101718,-0.01858598578720507,0.003093849928937381,-0.0009088310347855552,0.004505310000326668
34,1763579684.866848,3,0.14939177277574822,0.019883872490540782,-0.399610221696147,0.05397499734750009,-0.028693855882107565,-0.01858837323397051,0.0030366010638544494,-0.0010928482949868167,0.0044714218611965895
35,1763579684.938146,3,0.14965923521285487,0.020073036721224714,-0.399475420734063,0.054487657407833685,-0.029344746319922232,-0.01864655478496072,0.003301977454673949,-0.0008921200975499366,0.00459297071047704
36,1763579685.009470,3,0.14963175595669279,0.019797203378843987,-0.3994911951681191,0.053814447630628384,-0.02928323893153661,-0.018642864379687336,0.0032800151908560504,-0.001168888384345642,0.004590745974515309
37,1763579685.079058,3,0.1494840508537771,0.01976737158737598,-0.3995542054517583,0.053691543223161824,-0.028925150288967725,-0.018550869066601687,0.003132074388352335,-0.0012046599792140435,0.004531492780433188
38,1763579685.150347,3,0.14941054302007778,0.0197314595573231,-0.39961071100359064,0.05361357425580838,-0.02871789913737401,-0.018588369412517666,0.0030585268165942148,-0.0012447024815871038,0.0044778895566705
39,1763579685.226166,3,0.1494422927794352,0.01975472989293447,-0.3995957718017557,0.05366674113366713,-0.028799884745718804,-0.018580078492571872,0.0030899967723994337,-0.0012201113424554592,0.0044912182193193595
40,1763579685.299733,3,0.1494508856983125,0.019808388655440084,-0.39957299421251463,0.053772474508499826,-0.02883121953254818,-0.018522109967224535,0.0030977978543971774,-0.0011652628176761874,0.004511285657354702
41,1763579685.371641,3,0.1494439857723992,0.01976220602571588,-0.3995947960652803,0.05366649220205074,-0.028795848923920845,-0.018580571265511884,0.003091547787352489,-0.001212564607681977,0.004491811511056321
42,1763579685.446991,3,0.14946005489311232,0.01980858662105591,-0.3995662476566596,0.05377223741089086,-0.02884986452139767,-0.018562898332442,0.003107056691225102,-0.0011645582975903547,0.004517874051059467
43,1763579685.519066,3,0.1494233813870909,0.019523633610886455,-0.39960793738258793,0.05315088444143135,-0.028747335281268896,-0.01879277954781825,0.0030757213206234757,-0.0014518581326674572,0.004490340496794809
44,1763579685.590433,3,0.1494963849760335,0.01972957194470136,-0.3995359323115665,0.05363673011053674,-0.028966757380573745,-0.01874044664785247,0.003145452254531861,-0.001241287036866278,0.0045513508406318515
45,1763579685.662990,3,0.14948348893199212,0.01985045852869827,-0.39955103314045914,0.05388237123048364,-0.028983604962060604,-0.01859781005853295,0.003129830816009621,-0.0011215444589963014,0.004530720889610318
46,1763579685.735787,3,0.1496710890590336,0.019469534036937585,-0.3994610017616396,0.05306060424921597,-0.029497773804054047,-0.018825291294448307,0.0033265803379523284,-0.0014938825291306093,0.004635872743636915
47,1763579685.807880,3,0.1496660200885432,0.019498940505748196,-0.3994895758190718,0.053124925486078785,-0.029443022634527638,-0.01878780822286178,0.0033204921762317596,-0.001465984136314897,0.004606014317806939
48,1763579685.878454,3,0.14953270483694062,0.01975374715609684,-0.39957353118470024,0.053715677192569825,-0.02904753783206126,-0.018717204725030107,0.0031807191516756705,-0.0012182133442632179,0.004512094005828693
49,1763579685.948921,3,0.14953495328693012,0.02018007667408202,-0.3995240219425919,0.05462302894274376,-0.02906534093659783,-0.01846767262344021,0.0031748134294493913,-0.0007900446659968065,0.0045412450587009046
50,1763579686.021848,3,0.14948385293623004,0.019530354896624573,-0.3995703360836091,0.053040289779253964,-0.02895003928792276,-0.018611752464985455,0.0031365727034202706,-0.0014421330512367422,0.004526649911896774
51,1763579686.094164,3,0.14962961740409336,0.01960470725400587,-0.39946650593704525,0.05328039037159439,-0.02934813027725699,-0.0187906317437529,0.0032822329188578747,-0.0013599874022543965,0.0046245858423157316
52,1763579686.165441,3,0.14956298312812627,0.019673708884499503,-0.3994818749813453,0.05341833581144576,-0.029163877354270392,-0.018781257140298588,0.0032139651713309347,-0.0012931519173348428,0.00460697641670621
53,1763579686.235320,3,0.14949463319763523,0.01949730125981273,-0.39956170944892866,0.05299469558641562,-0.02895166879129352,-0.018866084174490334,0.003148160301372882,-0.0014745130870330268,0.004536671719312657
54,1763579686.306055,3,0.14948658508521606,0.019513128393348414,-0.39957082678061684,0.05301762916509848,-0.028919847513409955,-0.018867608524833303,0.0031396550703561565,-0.0014593049639733055,0.004526936728561137
55,1763579686.377045,3,0.1494720648354314,0.019500240472855118,-0.3995713602157946,0.05298874064415344,-0.028891691748430714,-0.018865400123029903,0.0031253997319201365,-0.0014724926411877268,0.004527238717471016
56,1763579686.450222,3,0.1495812380563098,0.019651355414195815,-0.39952727148711065,0.05340452491574429,-0.029155195251443024,-0.018964848749800485,0.0032320284344260763,-0.001317279998133164,0.004562419520307892
57,1763579686.522800,3,0.1495889302501028,0.019572404271498468,-0.3995327110451525,0.05321340421796977,-0.02917602943758778,-0.01897403381391373,0.0032412815360290115,-0.001396230540141697,0.0045606212996479045
58,1763579686.593107,3,0.14947068569549704,0.01934471529026207,-0.3995694094860483,0.052644888673665506,-0.028918593919132495,-0.01895099358090053,0.003127282191556585,-0.0016277428193963474,0.00453659971667042
59,1763579686.663791,3,0.14950219585559554,0.019653993920611314,-0.39952729052515445,0.05336348032807115,-0.029006097990914168,-0.01881489094104451,0.003152956309445759,-0.0013162332757201342,0.004563484882025404
60,1763579686.732889,3,0.14966972439942394,0.0196191471093407,-0.39945426749950763,0.0533186723926774,-0.029439457397381186,-0.018881326683170645,0.003322202319539558,-0.0013441762013573916,0.004635508881510209
61,1763579686.802749,3,0.14952925913768278,0.019380735066381403,-0.3995429850093433,0.052747823056972336,-0.02907846316240459,-0.01890866899716458,0.003185466819367516,-0.0015893313965089743,0.004560382841960753
62,1763579686.874180,3,0.1496822090546764,0.01956521085856369,-0.3994551424821699,0.05320061066969994,-0.029496840627859008,-0.0188153536761442,0.0033357917335458676,-0.0013978309669951013,0.004637007317574826
63,1763579686.943431,3,0.14965740184729287,0.01970736684273905,-0.3994662182059907,0.05355932296746106,-0.02942548936422785,-0.018803383022432486,0.0033078784421070873,-0.001256894305552262,0.00461956889288706
64,1763579687.013071,3,0.14951068201213458,0.019687576070721614,-0.39956392538503094,0.05348513777902118,-0.029035296184008182,-0.018755369832463984,0.0031602166305238766,-0.0012842781561941755,0.004525169784597272
65,1763579687.082090,3,0.14965057551077968,0.01959189728549284,-0.39948896993965516,0.05330578811032782,-0.02939618404977923,-0.0188591516672704,0.003303128731245941,-0.00137343369063736,0.004602437901196854
66,1763579687.154420,3,0.14957972052273225,0.019650547976475082,-0.3995037552083791,0.05340505666283255,-0.02922371057040536,-0.018792435661230626,0.003230865168186464,-0.0013169920471264931,0.004585968068566426
67,1763579687.227462,3,0.14968342927796174,0.019726885350538764,-0.39947190409863664,0.05360952521660527,-0.02945549682309137,-0.01890288401833574,0.003333410324280972,-0.0012371513504325013,0.004612564081331372
68,1763579687.297456,3,0.14942818099437663,0.019598800177943798,-0.3994335809915937,0.05321512949858478,-0.028826349252195023,-0.01875097681501776,0.003081455360965518,-0.0013683569692180403,0.004660833536528908
69,1763579687.370124,3,0.14943216577891194,0.019481585553378308,-0.3994223407849494,0.05295605899440584,-0.028848351331637642,-0.01883812887997263,0.003088036720632431,-0.0014847961393616507,0.00467756955536347
70,1763579687.441293,3,0.14973129296226345,0.01967114140269325,-0.3994345003677632,0.053447607249499214,-0.02957458779038035,-0.018921395575104714,0.0033829536172365615,-0.0012900700401380152,0.00465183790827195
71,1763579687.514669,3,0.14964305127352856,0.0196831308587471,-0.39947624848825114,0.053468804872399814,-0.02935660599704309,-0.01888484973052441,0.003293892546272381,-0.0012818655913095778,0.004610922618835611
72,1763579687.586521,3,0.14956465988860287,0.01919652135021378,-0.3993880462359166,0.052365180200730284,-0.02915583337258564,-0.019105085331434662,0.0032269062283255823,-0.0017651754980262287,0.004723341601307329
73,1763579687.657224,3,0.14953584045219892,0.018885471357344568,-0.3994379474856994,0.051625910079499765,-0.029078355614214933,-0.019185597572767325,0.0032038472777062565,-0.00207877220888545,0.00468872685816113
74,1763579687.727877,3,0.14937507541458664,0.019101978016945863,-0.3995387620968153,0.05204288303402023,-0.02863816077112981,-0.018978174402115404,0.0030371878355098803,-0.0018706074586396226,0.00458020873125814
75,1763579687.799367,3,0.14966253313617017,0.019750889708611524,-0.39928578305896956,0.05320794165371268,-0.02939705404422723,-0.01871614560737831,0.0033146890086111214,-0.0012046968326561505,0.004797631949883696
76,1763579687.872143,3,0.1497938378803598,0.019604768659999605,-0.3991749832422402,0.0522376863633183,-0.029635378460996075,-0.01916441621133243,0.0034505773990698985,-0.0013426847688265374,0.004913228536733705
77,1763579687.942625,3,0.14961028937463114,0.020189436530127808,-0.3992971490338844,0.052894207941692556,-0.029112465488304415,-0.018644389467314063,0.003253182096879359,-0.0007683332531251176,0.0047662370946423005
78,1763579688.011691,3,0.14947188222269114,0.020288652154898706,-0.39935230647149567,0.052975104942131236,-0.028724561066022388,-0.01845739890877143,0.0031119660552211548,-0.0006746688595420831,0.004708551448388054
79,1763579688.081312,3,0.14929227526023742,0.01990364026547609,-0.39947316432322155,0.052070188436164344,-0.02822452702317235,-0.018702789280584393,0.002938688406283585,-0.0010685498251632834,0.0046088916391247015
80,1763579688.149740,3,0.14939830946017685,0.02000906430489007,-0.39937982751885337,0.0523355525000554,-0.02850804332641571,-0.018716299352246828,0.0030438346992146814,-0.0009566740831262743,0.004695478671175313
81,1763579688.217205,3,0.14941365614601265,0.020122642736873565,-0.39933331822569085,0.05261564680103011,-0.028561616390320427,-0.018764987383081893,0.0030574818128218106,-0.0008407158549328733,0.004736297060816352
82,1763579688.284351,3,0.14929600513706043,0.01998689369763289,-0.39939294114581275,0.05228120779727499,-0.028256960180809365,-0.018791042411101147,0.0029418359729695975,-0.0009814965305838495,0.004685000908385306
83,1763579688.352440,3,0.1493448573360542,0.020108597536318516,-0.399357539900441,0.05258786724479237,-0.028390323685570394,-0.01881612698031993,0.002988649816004385,-0.000857282274468088,0.0047138261152213645
84,1763579688.422763,3,0.1491279624735864,0.020157735698011547,-0.39943269217249816,0.05263544902234535,-0.02788420523969871,-0.018642553970185792,0.002769725611185908,-0.0008161604529393039,0.004639751877907661
85,1763579688.493090,3,0.14910368763987744,0.020122340547790322,-0.39948279404490245,0.0525566574853455,-0.027791943158954995,-0.018695248512850406,0.0027454763648054603,-0.0008543917910219384,0.004591766248104645
86,1763579688.563729,3,0.14917305731355016,0.020159960370443084,-0.3994916147915314,0.05260853860601777,-0.027923298377370207,-0.018623358627793036,0.0028139154405206757,-0.0008158514351420433,0.004580106825439856
87,1763579688.634839,3,0.14901590897198824,0.020227828090970543,-0.39956016086969387,0.05275178972531986,-0.027533294272819305,-0.018566192264196445,0.002654424009715717,-0.0007545094735340839,0.004510825941910712
88,1763579688.707457,3,0.1490661751864274,0.020135147558566022,-0.399507090654484,0.05254495660229754,-0.027685635584653912,-0.01864044346683532,0.002707361446636136,-0.000843517446029167,0.004567465413552463
89,1763579688.780760,3,0.14901005994244954,0.020159089810680132,-0.39952985047597733,0.05259100781814937,-0.02754723020998546,-0.018616722719428967,0.0026504402017281103,-0.0008218229281224537,0.004544454953141708
90,1763579688.854016,3,0.1491080722454778,0.020202288338033683,-0.3995892362842881,0.052645443950864595,-0.027752239257170398,-0.01867043107219778,0.002746672181836357,-0.0007795546908769165,0.004481590013280523
91,1763579688.925829,3,0.1495777173439794,0.019887769750517398,-0.39939874854650215,0.051924571001753905,-0.028960085713953834,-0.018734754804657378,0.003225435824371431,-0.0010751074561142458,0.004679600054020183
92,1763579688.994771,3,0.14951191064223338,0.020184289187342126,-0.39947659384886514,0.05255948104292351,-0.028743374791722932,-0.01853844150290222,0.0031523702211750104,-0.0007840320938611416,0.0045887664664642225
93,1763579689.066596,3,0.14953076805744656,0.019873967140538587,-0.3994343902794783,0.05185898512343077,-0.028847444051696293,-0.018705063700397817,0.0031782776876558005,-0.0010915390488042444,0.004645377348386437
94,1763579689.137056,3,0.14948961024897783,0.019806612838994556,-0.3994458790648351,0.05170123947150199,-0.02875455049282267,-0.018741413698730933,0.00313836858741226,-0.0011601786992191457,0.004637733956987411
95,1763579689.206458,3,0.14949575944903085,0.01972967055333156,-0.3994452068145963,0.051514213414193745,-0.02877221905394231,-0.01875025457917427,0.003146125009858697,-0.0012368617492340035,0.0046419680632655
96,1763579689.276313,3,0.14951536410008803,0.020009716096456985,-0.399364349798191,0.052212595485241604,-0.02885743603733529,-0.018732574648507822,0.0031610602715215486,-0.0009529321897464062,0.0047091145365733555
97,1763579689.344627,3,0.1495347068432736,0.019975771265177335,-0.3993571188816659,0.052126870895046716,-0.028911133959414997,-0.018754616550181877,0.0031812061471473974,-0.000986097025630555,0.0047176536696900695
98,1763579689.414280,3,0.14950569647974274,0.0201237827741218,-0.39939498576013166,0.052425469883843105,-0.0288174432489877,-0.018692414723328492,0.0031485853813860154,-0.0008406785437405327,0.004673243544460637
99,1763579689.483058,3,0.1494692187359932,0.020183679666358804,-0.39942338506822217,0.052552727700123314,-0.0287129822120441,-0.01865538329908203,0.0031104671005533213,-0.000782953170446795,0.0046425912666792635
100,1763579689.555387,3,0.14941553478881872,0.020292455409322473,-0.3994492679553461,0.05279856602882567,-0.028566822078019444,-0.01863814161710917,0.0030541680233759083,-0.0006766399306931924,0.00461239257052426
101,1763579689.626317,3,0.14942949711450096,0.020245853372101778,-0.3994446327162627,0.052694196235650706,-0.028603077202020134,-0.018692519314251206,0.0030691611298000188,-0.0007226771307156342,0.00461902316829399
102,1763579689.698319,3,0.14936215792686358,0.020214998944968317,-0.39949109386971343,0.052609843717402655,-0.028423115974365833,-0.0187083030679457,0.003001819035427372,-0.0007570645406809184,0.0045751170296941535
103,1763579689.771391,3,0.14949353550691222,0.020030967163575605,-0.3994202996530972,0.0522254819693802,-0.028772690621285412,-0.018861189851960395,0.003137995066480964,-0.0009348241603267214,0.004652558571505927
104,1763579689.842130,3,0.14952283896069554,0.02008618164441614,-0.39936215723742674,0.05240038682834437,-0.028884911869263456,-0.018957904421896786,0.0031669745308657293,-0.0008763146148934343,0.004707555803575181
105,1763579689.912480,3,0.14907598366734345,0.02068837750832594,-0.39945219470467946,0.053807202182147705,-0.02892805919877061,-0.018834180001195983,0.002706452412088778,-0.0002882097285745108,0.004595849590582568
106,1763579689.980517,3,0.14924149395995367,0.020649253726223445,-0.3994051728502453,0.05375761557968894,-0.028669259561927892,-0.018928325407330967,0.0028733971209123355,-0.00032170802527768314,0.004642139010476998
107,1763579690.050150,3,0.149391074685571,0.020536592315422653,-0.39934578748874644,0.05346243427965796,-0.028999389032193488,-0.018837276851901917,0.0030261232854888465,-0.00042837349422219714,0.0047045153241607185
108,1763579690.117581,3,0.14954319219282636,0.02021521023725207,-0.3993464672158194,0.052721643543842206,-0.02924798098757932,-0.018980852698919592,0.0031848637494053533,-0.0007463005631967411,0.004716782440388256
109,1763579690.186663,3,0.1497838352107428,0.020350564629863857,-0.3993934984935378,0.05283676501191779,-0.02847566209276688,-0.018667758640356833,0.0034219421924861493,-0.0006085453229187077,0.004659693734347714
110,1763579690.254977,3,0.15058090471445587,0.020409062254722977,-0.39920676109520614,0.0528467028792291,-0.02918075801013961,-0.01888435151925699,0.004220217491391037,-0.0005251881600511349,0.004831218520767233
111,1763579690.324695,3,0.15007337450824357,0.020775491299900393,-0.39916356760823585,0.053801458811189896,-0.028917678336147203,-0.019080361330615952,0.003705850401806293,-0.00016737873183137603,0.004864710951454798
112,1763579690.392336,3,0.14940064382481177,0.0204821406418284,-0.39934090591730853,0.053026161017381286,-0.02828054643120685,-0.01895144725764182,0.003036891321846674,-0.0004823262036714286,0.004711832253763426
113,1763579690.466140,3,0.1563567447330517,0.019803290429077507,-0.3965869344859194,0.050806631733207326,-0.050711444132556266,-0.019866977412566243,0.010044352578430726,-0.0008888487633508108,0.00738816598628278
114,1763579690.518082,3,0.13433599290421996,0.02629436141035628,-0.4075941798748322,0.05202620328629357,-0.0055474982288970295,-0.018032743395930202,-0.012262059366528633,0.004624789954511953,-0.003576811846498995
115,1763579690.569769,3,0.13129722601069702,0.03321621360227094,-0.4077257131926237,0.048374424468024854,0.0003861908075779911,-0.01789250935308832,-0.015445640395976123,0.011470007099096464,-0.003990644041962865
116,1763579690.622463,3,0.13300608164589217,0.0368748503751434,-0.4060038921404464,0.04689794170104198,-0.0033183100078527255,-0.017470567526080238,-0.0137887144061761,0.01524038925494852,-0.002471008224856963
117,1763579690.673494,3,0.1279214690721729,0.0490228907322801,-0.41144321062734757,0.0432684064496845,0.02032005395590054,-0.015941801626998722,-0.019202198514000332,0.02700980373950555,-0.008403075963042683
118,1763579690.723262,3,0.13210016884903847,0.05464270229785536,-0.40629028991602867,0.039354902175315065,0.009846887045247539,-0.015296068491801961,-0.015067817546215279,0.032952427930587516,-0.0035876302462192755
119,1763579690.780085,3,0.1452818524677104,0.056871072609626046,-0.40152522170830945,0.015084389995863498,-0.015580421984114915,-0.02136597439027102,-0.0018683766613828978,0.03567042360410293,0.0008638360447829063
120,1763579690.842560,3,0.1709219860244469,0.05144200763429229,-0.3859398879282594,-0.005666436201529834,-0.06140924117603661,-0.02512583762280307,0.02409979093500933,0.03150901384399528,0.01629532219626606
121,1763579690.907211,3,0.17502830959931848,0.05276472370180528,-0.38363505267734616,0.0010805230002224708,-0.0605844582958618,-0.026230285421128992,0.02821033666579495,0.03302265156227257,0.01847156926026955
122,1763579690.972277,3,0.16474047811396536,0.05649928668202901,-0.3879817791476609,0.00824387625628173,-0.025595425850518324,-0.022630382243276778,0.017785857180475984,0.03633768408829849,0.014110232866047123
123,1763579691.036351,3,0.1671058252331267,0.05591218198089789,-0.3890558809908976,0.006875204579580308,-0.025989127006598077,-0.02322372121846605,0.020147263155073925,0.03574749665217036,0.013029171208587598
124,1763579691.096713,3,0.16722817550506794,0.05534384618620722,-0.39517645126593515,0.004980955375902661,-0.012993873707012778,-0.024455466646185222,0.02019367928896884,0.034889638031816064,0.006941373594816058
125,1763579691.159091,3,0.17103466267233708,0.05960748117119505,-0.3969212872317416,0.01230698705931041,-0.013824479084842474,-0.020582629761190095,0.023885312174605045,0.03914051917842268,0.00493781763041623
126,1763579691.224911,3,0.17913835646779108,0.056245348128595274,-0.39132194303580137,0.006356015251019255,-0.026665962065239013,-0.022827961779082844,0.03213655840834548,0.03621346575975448,0.010565938189330881
127,1763579691.287217,3,0.18061395177990444,0.0586721175608187,-0.39263334433651237,0.01353029363928516,-0.0219139668238735,-0.021533017800527497,0.03354244037455162,0.03860387670294323,0.00911825169233249
128,1763579691.348505,3,0.17397925891930865,0.059090178595044514,-0.4007288740330443,0.008788461800542394,-0.002330122843631635,-0.02201546227458016,0.026785159548195936,0.038500930560978114,0.001114497362280309
129,1763579691.402493,3,0.1782636545495271,0.06162032726608449,-0.4034347298257169,0.011140529760872354,0.003541592540754924,-0.019848043045254792,0.030976814087724958,0.04098429137793548,-0.0017738075140419363
130,1763579691.467017,3,0.18849282698271821,0.05605499591723239,-0.3962475089140029,0.005863636987521314,-0.019607662339650507,-0.022595849678572335,0.04142141840135627,0.03597563742684855,0.005512388506803745
131,1763579691.526180,3,0.1908688916268952,0.05741332549268071,-0.40060369995305567,0.002944860676828798,-0.010603838734368291,-0.023326533376594148,0.043706061291058224,0.03717149883391823,0.001060707345805656
132,1763579691.592041,3,0.19535964166204697,0.056267914776975986,-0.3979038083169825,0.003529203143413274,-0.01512121742944072,-0.02294964055324008,0.04825788199818726,0.03624694828708751,0.003742936077459791
133,1763579691.655715,3,0.19868675130818933,0.055063147664027486,-0.3984996587749358,0.0034600886253456893,-0.011286609537561,-0.023098495278131636,0.05160043795671934,0.03508211873475402,0.003154164525640879
134,1763579691.720349,3,0.20206046269131553,0.05414909072996655,-0.3988018581844987,0.0028011189862642187,-0.01083883634095396,-0.022863928550253865,0.05498774537310422,0.03422258904819021,0.0028441480046295653
135,1763579691.783890,3,0.2050960003899378,0.05362641244373255,-0.3986561327090609,0.002148544363125714,-0.009867463916666458,-0.023206327270848554,0.05803526951487842,0.03376854399115158,0.0029680726443560013
136,1763579691.846031,3,0.20562426201884407,0.054383950947520104,-0.3991113459977722,0.004049798113213829,-0.006935903764145186,-0.022782142918237856,0.058541090903689585,0.03451389835707858,0.002469338583628855
137,1763579691.909632,3,0.2088251172013465,0.05420040992888782,-0.3999553183290257,0.004240576809881512,-0.006962336014181236,-0.022244430793889516,0.0617326467474712,0.03435451690123413,0.001586151543217229
138,1763579691.971491,3,0.20974699525607118,0.054230785722653246,-0.3999731461406984,0.004463126374776741,-0.007988360067271919,-0.022396826885896635,0.06265334392733957,0.034402512200907225,0.0015527925610591131
139,1763579692.035786,3,0.21446665808197102,0.05307226518830019,-0.3996468173439611,0.003024388755895837,-0.011925426531798336,-0.023018651876003597,0.06740026287200354,0.033355939694527915,0.0018615384500350052
140,1763579692.097853,3,0.21472453620786353,0.05358530747617967,-0.40058221194240107,0.004078108804821323,-0.009228183809302676,-0.022563425528821106,0.06763398858990044,0.03382873027606828,0.0008989804379872512
141,1763579692.161420,3,0.22265589070236774,0.05191190442145054,-0.39808085802853105,0.0013488082892497255,-0.0222108997106782,-0.023966038313617488,0.07563344809910938,0.032436496295295825,0.003355352845992976
142,1763579692.224344,3,0.2212001008956577,0.05341535449958447,-0.3992675177162174,0.0036815260472217635,-0.011233799483325785,-0.022802984103464482,0.07412986197104032,0.03385192947692724,0.0021210007985782986
143,1763579692.286756,3,0.22909637351345333,0.0523590521921733,-0.3960945620725544,0.001150287158912359,-0.024165887761482555,-0.024256811457129424,0.08209104623521832,0.033107383384870466,0.005219345447653345
144,1763579692.348487,3,0.23358463155389325,0.05260954227550308,-0.3948831467133859,0.001977530304180634,-0.022208514366977083,-0.024014560597387418,0.08659002596743065,0.03350561078963333,0.006348650098793984
145,1763579692.409187,3,0.2386160636434305,0.052358290771185,-0.3938944266820208,0.0012415831609790644,-0.023485712354750717,-0.024122629606314137,0.09163924594009035,0.033403028684904496,0.007271069780909134
146,1763579692.470475,3,0.23892164094587276,0.05291946638546975,-0.3950517841423044,0.0020738093541935137,-0.018207791339384567,-0.02343990737233048,0.09191647416864604,0.03391422926108155,0.00608380808738157
147,1763579692.530911,3,0.24287868193433873,0.052615570501118404,-0.394805299281347,0.0016457892265392088,-0.018292349738873066,-0.023549309148980135,0.09588210347171422,0.033701996907681366,0.00628386442550638
148,1763579692.591331,3,0.2515173447295541,0.05219347214761858,-0.39253360942880666,0.0010497044116453298,-0.024255850204958754,-0.0243140364400861,0.1045593412883919,0.03356260224655857,0.008440563221553288
149,1763579692.651042,3,0.2566785874967267,0.052038591035570236,-0.39202484382617575,0.000585824415659207,-0.023694131870049442,-0.024261966948678083,0.10972944917305372,0.03353591155496756,0.008877060148140659
150,1763579692.711351,3,0.25906967487721044,0.05314374211452311,-0.392019751771772,0.002838829318293407,-0.015414455395931122,-0.023179299748072257,0.11209687226556683,0.03468783590258237,0.00879302506115004
151,1763579692.769770,3,0.26517022333774964,0.05275177741717621,-0.3907042242441215,0.002192721454293395,-0.02160313602948505,-0.023428045319236018,0.118222476314535,0.03448183109888438,0.010032168949275055
152,1763579692.827839,3,0.2649922963851486,0.053245670261859245,-0.3921452061721573,0.003403464526139641,-0.014899932584173924,-0.02320085939263007,0.11801368872484147,0.034902564115352246,0.008572234522439215
153,1763579692.891870,3,0.2679231004540177,0.05384252340135767,-0.3915505655089599,0.004895117716486095,-0.012301027673370001,-0.02238223062659015,0.12093967188139002,0.03558591138471386,0.00909290981050942
154,1763579692.953016,3,0.2696211637864101,0.053409532457832046,-0.3917102196558172,0.00394467462569213,-0.012426878496141092,-0.02263957563535171,0.1226439073537251,0.03517996761586395,0.008928043816543774
155,1763579693.013497,3,0.27420315141552415,0.053566098769364474,-0.38937985562570565,0.004601295892377261,-0.016516676748785267,-0.02241603294338481,0.12725457435273088,0.03553979896148415,0.01117793078772411
156,1763579693.074226,3,0.27555969612642284,0.053292050108880516,-0.3899171188492544,0.0043560148196707124,-0.015186128869169264,-0.022195112622765897,0.1286086845539356,0.03526766419014879,0.01063359980240186
157,1763579693.131752,3,0.2760323785665208,0.05350158467144541,-0.39043783520558634,0.0051017155391028714,-0.013061509605483985,-0.02215262585897637,0.12906939821458432,0.035461503310881874,0.010096339842975421
158,1763579693.191222,3,0.279113938749514,0.05313227457269315,-0.3876841455866662,0.005330740951941871,-0.015382409213021664,-0.0219247379632778,0.13219711497960474,0.035286282319160256,0.012816982243157471
159,1763579693.249929,3,0.28089963285568526,0.05377955607936447,-0.3880623174061311,0.006053890478767297,-0.016783380362918383,-0.021327581548138304,0.1339633641118591,0.03595046469457827,0.012381188152186196
160,1763579693.307728,3,0.2830600684457039,0.05344945345020421,-0.3880221608969859,0.00545585736760298,-0.019085414096306718,-0.022025418473760463,0.1361305488548542,0.03566611293001272,0.012403916842039286
161,1763579693.366385,3,0.2842458024625009,0.05352454024557849,-0.38759581781164687,0.005338566648674405,-0.020251730359116215,-0.021771625847238928,0.137320453526797,0.03578530233530951,0.012808011347321402
162,1763579693.425858,3,0.2915203929265468,0.05290942705874541,-0.38464622696241957,0.004868279180680047,-0.0286036366306987,-0.022551234061652062,0.1446477810771028,0.03545818329444354,0.015671816671305794
163,1763579693.486073,3,0.2969828792481636,0.05268908102962139,-0.3842144151326886,0.004460412555796391,-0.0266821575583377,-0.023126592182451482,0.15011929464168153,0.035368484706780806,0.016029956474592932
164,1763579693.544663,3,0.29905869203500685,0.053020485415449806,-0.38418936334066944,0.004832287403847816,-0.022799736905862834,-0.022438457083251435,0.15218791506860568,0.03574232746710809,0.016007455249848423
165,1763579693.604694,3,0.3083773040971876,0.05180711657873158,-0.3811423398310641,0.002856987267831902,-0.03072782349735493,-0.023789563381717987,0.1615724458951062,0.03486346636134189,0.018965720162032518
166,1763579693.659117,3,0.31385280067514604,0.051082139983562584,-0.37959881648446137,0.001121421164813129,-0.035350041804433394,-0.024383566032908265,0.1670833875805615,0.03432325073937843,0.02045796912972636
167,1763579693.711778,3,0.31823850722931907,0.05199484450094104,-0.37974036379716863,0.003417088331607553,-0.02827135326409494,-0.024343634731809206,0.17144669328048215,0.03531602974434957,0.020206095404574298
168,1763579693.769119,3,0.3232430663054474,0.037872942900006236,-0.38054963330871083,-0.03217914242203433,-0.03365415290131303,-0.024639986635967434,0.17673163913506262,0.02127493586348298,0.019992405306303196
169,1763579693.826869,3,0.3432959809851505,0.04437660937675244,-0.3626354028469434,-0.011602464914970098,-0.08491327971340422,-0.029236924392470696,0.19689967425609287,0.02902937968483687,0.037268275131231765
170,1763579694.457937,3,0.356391030512824,0.04025691370399608,-0.368944409839771,-0.02633279167640117,-0.09483686388055843,-0.029806584689610276,0.2099857823399509,0.024876446831439046,0.03096250731623479
171,1763579694.563448,3,0.33089765644169084,0.04319774271009098,-0.39113016865338013,-0.027868038951898783,-0.029944779940531765,-0.02355193556298083,0.18412146850453232,0.02624022160270887,0.009054840185623303
172,1763579694.617983,3,0.3239682101593193,0.05782387022399888,-0.3926663193328519,0.005660477987439556,-0.016112778281393233,-0.021695697008984657,0.17686815599688552,0.040634026286504685,0.006931532592607259
173,1763579694.670092,3,0.322218384550708,0.06009914535481192,-0.3938737121431469,0.004298999568572465,-0.014196140138115397,-0.02156045101069495,0.17505428526592956,0.0428133488748961,0.0056442913537911865
174,1763579694.726055,3,0.32145769477546104,0.0603150795233005,-0.3951171391890939,0.003873318284065954,-0.012153839675535303,-0.02177281936282762,0.17427153016050537,0.042954243437204755,0.0044037952896608945
175,1763579694.777594,3,0.32041073160650635,0.06169793937795108,-0.39431440157191205,0.002276772213485208,-0.014964369087150662,-0.022161598892231238,0.17320765613527084,0.04435261107192087,0.00515583315665985
176,1763579694.832072,3,0.3172343153106462,0.06268378866584681,-0.3946650975193264,0.0023395444011009856,-0.01557029690532498,-0.021986988594576134,0.1700067321635783,0.04525657072962978,0.004807336936792472
177,1763579694.886868,3,0.31610365487210257,0.063305271015468,-0.395007406457547,0.002362380765784711,-0.0153223351054002,-0.021735725655926522,0.16885860681378292,0.04583813792915227,0.004453223224884728
178,1763579694.942572,3,0.3137678373915594,0.06390439091509745,-0.39580116515219516,0.0013739451513296698,-0.015675938519156864,-0.022010896694999373,0.16649970408687795,0.04635157818458817,0.003667731117368289
179,1763579694.995781,3,0.31192446927919376,0.06422607558661945,-0.39609595434282113,0.0009269183063999756,-0.016482640921685682,-0.021963111060586796,0.16464601174542517,0.04662171165084435,0.0033862345700781393
180,1763579695.052091,3,0.3095909036003206,0.06512637484851043,-0.3968955994715252,0.0023776056360585106,-0.013873812227703893,-0.021528012576448853,0.1622830145448195,0.04743568943817117,0.002580514853238125
181,1763579695.105706,3,0.3085351257447801,0.06452942075274272,-0.39670406631372523,0.00046332863578363634,-0.01703057395411393,-0.022608553953789835,0.1612427280892959,0.04682749797813668,0.0028163394949439757
182,1763579695.161398,3,0.30680836187223565,0.06478246138459788,-0.39734783692745124,0.0003894817312757174,-0.01625521981736523,-0.022633572865971584,0.1595020288050345,0.047014729788199726,0.0021877745523454784
183,1763579695.217500,3,0.30582151831735066,0.06450543929828356,-0.39567707587195505,-0.0007894817483077978,-0.02079775846985187,-0.023741226639143853,0.15854520155296248,0.04679817495028606,0.0038847216801473627
184,1763579695.270893,3,0.3013046241581474,0.06502430591515856,-0.39496169054681957,0.00026183212348379587,-0.01919825100117918,-0.022915325586485746,0.15402921254329108,0.047259851627823396,0.00464368774323326
185,1763579695.326649,3,0.29869309522246057,0.0658648568950776,-0.39582120824444533,0.0012766442729704544,-0.01453940139772896,-0.02212514784565208,0.15138872481246762,0.04800571584815816,0.0037852641225775696
186,1763579695.383429,3,0.29903093580077356,0.0651042667008356,-0.39487200897981745,0.00141493635638763,-0.01759394324877979,-0.022335617029388657,0.15175587195828263,0.047298334118088724,0.004764256975046843
187,1763579695.438810,3,0.2947697028904446,0.06658497351501601,-0.39796820427901364,0.002326217348821587,-0.012785383046181254,-0.020428044986225163,0.1474208455565479,0.04854338338780684,0.0016667705217055517
188,1763579695.494658,3,0.2951545967071826,0.06501086829700974,-0.39571777278802717,0.0011606412770089382,-0.01744205240761183,-0.022461271337659315,0.14787059024302185,0.04708676441275346,0.003983316066615894
189,1763579695.549877,3,0.2924133222926136,0.06519941335320963,-0.3955225875300772,0.0009925782069093096,-0.017242770455861547,-0.022047775000967055,0.1451290672346288,0.047229341150574325,0.004211253354905298
190,1763579695.605094,3,0.2897210263187351,0.06485556759685639,-0.39314400652788906,-0.0005255702818278354,-0.021633417291403646,-0.02281445250420399,0.1424788638364833,0.04694565863289076,0.006644416168346656
191,1763579695.663060,3,0.2868680967233962,0.0651492556086913,-0.3939078057066184,-0.0006111514515201827,-0.019426848727779993,-0.022864730575683338,0.13960979280104324,0.0471451265693897,0.0059112769962984535
192,1763579695.719651,3,0.2842747416624076,0.06389365070464194,-0.3937411187995405,-0.0018479301178712727,-0.022108354226525507,-0.02380881134418562,0.1370457559538149,0.04584710517470625,0.006177123149963382
193,1763579695.776370,3,0.2769448000575525,0.06561880864760822,-0.3943480406100746,0.0004028064358141362,-0.01421017710100176,-0.021657315586271663,0.12967358963542314,0.04739371202549209,0.005601155298482763
194,1763579695.831985,3,0.27678179846940465,0.06440115695061104,-0.39133679794688514,-0.0008651904876636706,-0.0203551022756572,-0.02307854356569424,0.12957910603369474,0.046318453214486605,0.008669007786447414
195,1763579695.888675,3,0.2787803201871407,0.06331182963070131,-0.3875080344272709,-0.0015199025643141588,-0.033800572389767025,-0.02511882235223053,0.131654504272076,0.04545385537338004,0.012514179548615001
196,1763579695.946253,3,0.2659187385327374,0.06359518403202219,-0.3897508700879698,-0.0003789027528668341,-0.017854600015536393,-0.022688973461097245,0.11875899178561211,0.045371268557575235,0.010457526612448087
197,1763579696.000294,3,0.26747872117542393,0.060407051050785844,-0.3866131805129974,-0.004157839252602198,-0.03370371834285796,-0.02601407380679909,0.12042971936129215,0.04236883028553063,0.013718947684748461
198,1763579696.055054,3,0.2635311041404296,0.060123054658746816,-0.38681895503640185,-0.004726969512254263,-0.0339630993091282,-0.026122447325949455,0.11648631606535756,0.04199609830878421,0.013587347231580338
199,1763579696.111808,3,0.2552598365182076,0.05992742762381832,-0.387983799927147,-0.005448002146232983,-0.03061749831115746,-0.026066786649660816,0.10820505968360047,0.04157891735461326,0.012559848119273131
200,1763579696.171119,3,0.2437845214298439,0.061174786164374925,-0.3910135774213561,-0.0030042156715232252,-0.018366195455526476,-0.02449462484081679,0.09666405396576808,0.042449236485588376,0.009650201576896889
201,1763579696.228337,3,0.24485770180589664,0.059925881469646114,-0.38966553079055066,-0.005585454116470472,-0.027077014777030787,-0.025697760472139505,0.09778217365595063,0.041288041519093564,0.011039497579590107
202,1763579696.285690,3,0.23945955482668313,0.059422561056726796,-0.38968958976874113,-0.0067443632743792664,-0.031102661341028,-0.026820927829134176,0.09239586644836181,0.04067584275787786,0.011122010753855438
203,1763579696.344028,3,0.2255541232147585,0.06254804641581661,-0.3930225705271546,-0.0020559463200215417,-0.010841495453673052,-0.022979741822529896,0.07838212967185876,0.043358456435048036,0.007857472011904676
204,1763579696.404360,3,0.2263506479113499,0.05995883407334692,-0.39197347668845933,-0.006444569935076361,-0.021715194863967068,-0.025708419058917926,0.07924726136019916,0.04083890378927735,0.009016122803163606
205,1763579696.464766,3,0.21695656200476068,0.06139402352319939,-0.39350917586569445,-0.003968097081982226,-0.015811611739937094,-0.02445403248197354,0.06980432722013102,0.042010057383742305,0.007557909915820615
206,1763579696.527786,3,0.21117716680747284,0.06314865345154673,-0.3948847550135397,-0.0014356223553690535,-0.006104498116350787,-0.022272528127300992,0.06397058510170997,0.04358046987153394,0.006189110975938883
207,1763579696.590947,3,0.21011267927973276,0.062647541836432,-0.3934302685975828,-0.001934979403356749,-0.005569941245343,-0.02316475863964841,0.06293769791458897,0.043128223622875855,0.007681891827563236
208,1763579696.655140,3,0.20908604151150692,0.061672421247408314,-0.39321797493731425,-0.003932273262650843,-0.012161314145877613,-0.02428843686694814,0.06193470144629337,0.04214395298696549,0.007955978070098402
209,1763579696.717986,3,0.2033387164892965,0.06257068951300769,-0.3943682506274185,-0.002193405174679928,-0.005484258685414483,-0.023093482675396196,0.056154050826635354,0.0428705770366626,0.006852410738666936
210,1763579696.779599,3,0.201231998512783,0.06232631249736158,-0.39439528630892556,-0.0021147630967127662,-0.0035405158897095987,-0.023239315378494777,0.05405269742575461,0.042582928948738274,0.00686926744463684
211,1763579696.838451,3,0.20056532620960044,0.06154064553635305,-0.3948295794491107,0.0003663229266155463,-0.006310145594290405,-0.02329217459766071,0.0533963472670502,0.04176415961395259,0.006483059844185568
212,1763579696.898698,3,0.19615658469903355,0.06081959287702511,-0.3988759722116761,0.004338803260665878,0.003953194276031926,-0.021746588824637487,0.04894601484804384,0.04076200391288297,0.00254346108991943
213,1763579696.961178,3,0.1979908561448,0.06069687913046004,-0.39598754583484846,0.003173739616659588,-0.0027826548450168393,-0.02244287681221827,0.05082364489087232,0.04081444369664868,0.005406042586759308
214,1763579697.023339,3,0.20308833807516188,0.059183596066131314,-0.39265146404322987,-0.0038578553415110476,-0.0284720247677965,-0.02645732419030946,0.055998768594634846,0.0395651292418292,0.008731865406341466
215,1763579697.086337,3,0.19884248931938361,0.060903658441312424,-0.39401260596016136,-0.0013308238992628776,-0.029656130374500052,-0.02592534550348227,0.051699009504974996,0.04113250783838897,0.0073556569717577736
216,1763579697.150994,3,0.19319121865599445,0.058374282654245976,-0.39534482029226636,-0.002509806285700072,-0.03673993236505624,-0.025760004624923054,0.046083032484334485,0.03842932966406769,0.0062318122888688765
217,1763579697.214026,3,0.19666933963811115,0.05486677926724441,-0.3951473223271767,-0.007108368888592175,-0.05573380123709382,-0.027384185609735347,0.04963579210282598,0.03500584243649082,0.0065425297137367
218,1763579697.280833,3,0.1787465253934006,0.05806624578641916,-0.3988414030083929,0.005997209986807863,-0.033208658378864615,-0.02333430907986675,0.031599240822727276,0.037664389515600576,0.0029753131678033617
219,1763579697.343330,3,0.1800432333039106,0.05948650248763439,-0.40069776523725037,0.012723024270670154,-0.028515864285821393,-0.02156179488391581,0.03283940725320608,0.039019985159415016,0.0010339196212910684
220,1763579697.389288,3,0.17056169378689337,0.06057043169110126,-0.41006381628912586,0.033328454544896156,0.007356583550405451,-0.014073486632273084,0.02320413762391807,0.03946407179821956,-0.008226845609799804
221,1763579697.434246,3,0.15077204562336613,0.06940475252653745,-0.4277449250804509,0.07103265056402717,0.06192415613914844,-0.001387986375095106,0.0029837651714244573,0.047043401437539475,-0.026002877429394833
222,1763579697.490754,3,0.18559423110644613,0.04376884682080267,-0.40725634801569494,0.037420315866532994,-0.01853749638413135,-0.01954636587827263,0.03862140169632175,0.023121271324011126,-0.0048544352394715995
223,1763579697.554327,3,0.18690977677778894,0.037088466923121254,-0.39858189003544386,0.03158420817601385,-0.019801149706062462,-0.021302880196294914,0.04019971449484799,0.016891201276308575,0.004106564322664541
224,1763579697.618224,3,0.18677032733415788,0.037044462642512224,-0.4002043733798519,0.02926915880476918,-0.01929234091635312,-0.021576476894907184,0.040037973474412764,0.016766852930487644,0.002490330410719055
225,1763579697.683215,3,0.18765289157573498,0.037443857028967395,-0.40080345721624705,0.02980208425556245,-0.019149323464790067,-0.020978249372516227,0.0409033682337549,0.0171547791796161,0.0018595038931941144
226,1763579697.749502,3,0.18770839067357023,0.037845204968082594,-0.40115611055689804,0.030772139413119435,-0.019259992660112857,-0.021165788423730438,0.04094545237112221,0.017539833973552514,0.0014873662468675164
227,1763579697.817481,3,0.1872701287928012,0.03733190956022442,-0.401035652197469,0.02990028417378488,-0.02238912533644168,-0.02147642087890579,0.04051972730648867,0.017024189998371263,0.0016387773707054465
228,1763579697.883861,3,0.18613778802576128,0.037705285407331986,-0.40147313657767414,0.03037334962805849,-0.02023229607959166,-0.020818741395242278,0.039373716135043396,0.017353398785831343,0.001201424323375222
229,1763579697.948675,3,0.1862708338653668,0.037743166512960606,-0.40132132074132976,0.030512820085012986,-0.02143910633173818,-0.020671780525307,0.03950810763043219,0.01740116201406603,0.0013492141124700763
230,1763579698.014496,3,0.18701694338958727,0.037219722166898415,-0.4013105743622115,0.029327143958081607,-0.02013103982458603,-0.021138510829051164,0.04026501513697306,0.01689391975262488,0.0013734051226040322
231,1763579698.082483,3,0.1867151392733774,0.03762153865840746,-0.4014697310572192,0.030300262602236602,-0.020379352513028037,-0.02100314583662437,0.03995267312020889,0.017281522012424853,0.0011999691870621665
232,1763579698.147594,3,0.18688575010015054,0.03770359875294726,-0.40113866965596956,0.03069482193196795,-0.020865606163581477,-0.02134233951999035,0.04012626785254114,0.017382732387516156,0.001524106339523712
233,1763579698.213284,3,0.18691213350914315,0.03783347035057779,-0.40110709466823075,0.031038661596922687,-0.02093122299377509,-0.021402012087876746,0.040150395438164954,0.017514469179873315,0.0015490657694710586
234,1763579698.279068,3,0.1867791760456485,0.037409293996951046,-0.4014308587021091,0.02973476910595966,-0.020580643025172294,-0.0208305125141493,0.040021658876180505,0.017072708350812517,0.0012479002282413942
235,1763579698.344594,3,0.18665151577263805,0.037367554591914466,-0.4014953354081884,0.029649843218012034,-0.020263221158242726,-0.020822799939021395,0.03989398304521524,0.017025377575233862,0.0011874415751370049
236,1763579698.413113,3,0.186635436554612,0.03704164882280223,-0.40162770804836617,0.028977750441793054,-0.020142656453486018,-0.02090700258277378,0.039882787238899736,0.016693256356021115,0.00107096935900719
237,1763579698.481799,3,0.18669344148686465,0.03707027901699745,-0.4015621373438317,0.02898381862691641,-0.020335948232325485,-0.020700990965844594,0.039941118140866566,0.016726149081897547,0.0011342097886277158
238,1763579698.554733,3,0.18667003071444627,0.037269941727804796,-0.4015107438775414,0.029478967841433546,-0.02031214692465702,-0.020622095951278355,0.03991430054338163,0.01692753096948804,0.0011764081599840437
239,1763579698.623654,3,0.18662449479408993,0.03728773752016002,-0.4015469854965456,0.029540768102510738,-0.02018406602991633,-0.020638820084487298,0.039867889828040376,0.016942654926164313,0.0011400629174856958
240,1763579698.693988,3,0.18658464377173112,0.037226662536003464,-0.40156555334612665,0.02936254261043415,-0.02010358121910877,-0.020517761814193014,0.039829055111026995,0.01687997379199948,0.0011250308555801336
241,1763579698.764154,3,0.187054332839931,0.0374373159601773,-0.40125769077399426,0.030145466196178257,-0.021251201058506464,-0.02101618315764676,0.04029862696353054,0.017114500839169627,0.0014153089786012596
242,1763579698.835741,3,0.18689461162729296,0.03731752794905258,-0.40138306316823563,0.0298345481067351,-0.02079572260794044,-0.02097201950731482,0.0401396503034501,0.016985670072642824,0.0012982306895832352
243,1763579698.906481,3,0.1861330546240894,0.03726295082466394,-0.4017486607844332,0.029483744718196953,-0.01896855085296033,-0.020609055728496035,0.03937423154095729,0.016898386460655314,0.0009473389146631428
244,1763579698.977507,3,0.18608240979219062,0.03744387106672445,-0.4017338246979713,0.029922775528985247,-0.018851120269629696,-0.020627981515123687,0.03932005432106145,0.017078755672705885,0.0009543331004924771
245,1763579699.049952,3,0.18615072207165695,0.03759820302932938,-0.40165826256948167,0.030376093810901228,-0.01902027387135791,-0.020786681626973467,0.03938621925747979,0.017237865801931956,0.0010214205466779203
246,1763579699.124905,3,0.1861799884487529,0.037802180832576915,-0.40162033365547706,0.030846016656945613,-0.019092578127339024,-0.020741780899179867,0.039411779356226334,0.01744397082614455,0.0010491598312751815
247,1763579699.202411,3,0.18638921318922966,0.037674253470765924,-0.4015141173664401,0.030565972718853588,-0.019612299649732733,-0.020792379503415108,0.039625118988994706,0.017325497637148204,0.0011581213224708398
248,1763579699.279327,3,0.18636913207407085,0.037565637507840074,-0.4015284514776381,0.030271512557774646,-0.019576064195557377,-0.020770340087021628,0.039607096874284514,0.017215939049454086,0.0011492745956179773
249,1763579699.355283,3,0.18638147740930272,0.03767822612681732,-0.4014764620582327,0.030599410144079617,-0.019632313614474296,-0.020894538938678903,0.039617842703767975,0.017331110637172943,0.0011956592556504608
250,1763579699.432632,3,0.18648412515526946,0.03753516738470219,-0.401511958092268,0.030115601144674712,-0.01982700706875277,-0.020662294885255214,0.039722923091937035,0.017188608109164512,0.0011654355329595023
251,1763579699.507283,3,0.18651850847961457,0.03751658395873471,-0.4014949529539811,0.030069692241290365,-0.019913482877873583,-0.020673829707208893,0.039757925474519784,0.01717155353838313,0.001182776417333109
252,1763579699.582931,3,0.18651153722890637,0.037516091774446245,-0.40149305849803746,0.030044532334748193,-0.019912480605570188,-0.020611796242182998,0.039750993826704384,0.017171012631772238,0.0011847986002462285
253,1763579699.657675,3,0.1864182107850044,0.03748775233341761,-0.4016267578768523,0.029987331918998408,-0.0195967972948223,-0.020709273429591845,0.03965637031857491,0.01713444236876529,0.001054041265776684
254,1763579699.734913,3,0.18643580364970605,0.037427284083974666,-0.40162002659378443,0.029851087891497638,-0.019639089154653358,-0.02075024701298651,0.039675311107661315,0.017074730787272327,0.0010633687410642745
255,1763579699.812418,3,0.1865638172493109,0.03734216770108817,-0.4014975910845281,0.029613474914808594,-0.020043562824733924,-0.02061343002340871,0.03980680792407629,0.016998155819965315,0.0011877375309634064
256,1763579699.887534,3,0.18646998003499035,0.037289181626130805,-0.40158095372506414,0.029427581664116343,-0.01980410505964215,-0.020496671149268356,0.03971290753170359,0.016939369440956663,0.0011084333398807544
257,1763579699.961829,3,0.18657014436162853,0.03724645926684653,-0.40153736428708015,0.029373144173062825,-0.020041903496626483,-0.020592814125551574,0.03981455273096715,0.016900800966738218,0.0011524658015492073
258,1763579700.036921,3,0.1864957460613605,0.03751387530901195,-0.4015520510012998,0.029944168586366955,-0.019860089694299515,-0.020392784959215565,0.03973440838540282,0.01716566043933284,0.001126226710183087
259,1763579700.108624,3,0.18652572413808682,0.037502598080328436,-0.40154398224934623,0.029930531525298072,-0.019927613725685047,-0.020426786050891058,0.03976472697467767,0.017155386338218448,0.001134362539566225
260,1763579700.183210,3,0.1865096615551722,0.03751082749400017,-0.40155285596542667,0.029941717734045532,-0.019890255261385124,-0.020412929024977867,0.039748371268071375,0.017162857676822553,0.0011253546198720654
261,1763579700.259646,3,0.1862133897553675,0.03737095242293036,-0.4016950859686542,0.02961668983667653,-0.019183621812098622,-0.020458962305593006,0.0394530635686042,0.017010418399817602,0.0009944843858765151
262,1763579700.334075,3,0.1862349523925149,0.0372982258529883,-0.4016924554428834,0.029501508777853732,-0.01922579487930742,-0.020567390177725027,0.03947616893658973,0.01693834858503189,0.0010002380568026048
263,1763579700.406359,3,0.18627712579468367,0.03733302906286649,-0.4016565000761141,0.02960079346899318,-0.019338250666431137,-0.02057563359426585,0.03951812062568735,0.016975671594621947,0.0010338490134212952
264,1763579700.479102,3,0.18629358707812765,0.03765718258087418,-0.4015694005627765,0.03047769339891154,-0.01940236836154781,-0.02073910320632258,0.03952908602094979,0.017303885194351443,0.0011051820027906945
265,1763579700.552167,3,0.18638781747934904,0.03756060834545008,-0.40156277164734405,0.030168884759450735,-0.019614455105014646,-0.02058736477692686,0.03962538905142235,0.01720965037399402,0.001114950264453074
266,1763579700.627435,3,0.18640150406594694,0.03753721260765844,-0.4015685454382338,0.030062007168930965,-0.019648993550155033,-0.020480377875879804,0.03963947490650546,0.017186284830510535,0.0011100861175541432
267,1763579700.699725,3,0.1864137107634045,0.037661000615314966,-0.4015223908035019,0.030357238663208476,-0.019703591695663443,-0.020423399931828713,0.03964976570408074,0.017312358868043505,0.0011501131228759398
268,1763579700.773376,3,0.18635498674169312,0.037661767427849616,-0.40155532273794686,0.030368765619397064,-0.019547656927534348,-0.020448492256730483,0.03959057253573994,0.01731037023105806,0.0011180846171595094
269,1763579700.845514,3,0.18634348700230755,0.037667664916454575,-0.4015581240806865,0.030413585646435624,-0.019513672214651827,-0.020511716445720855,0.03957891371575584,0.017315894854849335,0.0011151824890662243
270,1763579700.919907,3,0.1864400851524923,0.037671358896245385,-0.40149580365187615,0.03049898126931963,-0.01975076854162302,-0.02065379851432278,0.039676297351254414,0.017324504507239408,0.0011757711462201392
271,1763579700.994530,3,0.18643047335358912,0.03759914444115935,-0.40151157384529396,0.030254333211935065,-0.01974156260242057,-0.02049973136591051,0.039667963886223984,0.01725143997362684,0.0011635998484040289
272,1763579701.068623,3,0.18640180540803905,0.03763297726887799,-0.40152771675083077,0.030312389713424998,-0.019667103091638865,-0.02046762989731681,0.03963837039735499,0.017283879430782086,0.0011463078916407188
273,1763579701.143185,3,0.1863263993272436,0.03773405905538738,-0.40152735005871826,0.030602317575523705,-0.019489610256750597,-0.020558429955971513,0.03956089222833456,0.017383328360067077,0.0011430241685592701
274,1763579701.217607,3,0.1864635824435516,0.03790601857876394,-0.4014400866151453,0.031032481092354573,-0.01981398698838913,-0.020600039456074807,0.039695707270194475,0.017561985047151882,0.0012199064572366303
275,1763579701.293026,3,0.1863470673332728,0.03781371080456859,-0.40151028240234293,0.030789800504772948,-0.019532696078938098,-0.020575328643762374,0.03958014235517379,0.017464104261673247,0.0011559686210922404
276,1763579701.367755,3,0.1863675875648376,0.03781689243642403,-0.40151742772542415,0.03075887740533221,-0.019562983876876324,-0.020478014667326353,0.039600487506315535,0.017467351937253954,0.0011483669268722019
277,1763579701.441706,3,0.18635784947858267,0.037879135522902105,-0.40153117871518335,0.030888470964646707,-0.019530664780079966,-0.02042818096849218,0.03958926149918782,0.01752865795488822,0.001131823927646547
278,1763579701.514432,3,0.1863413428403073,0.03774580214566715,-0.40156594151176644,0.030550803333004153,-0.01948133912096755,-0.02040249400078452,0.039575033819534366,0.017393509916623896,0.001103694023571078
279,1763579701.586359,3,0.1862936435188534,0.037938942997678256,-0.40156292799082816,0.030978037315726382,-0.01935549367540503,-0.020249479945885066,0.03952337769523212,0.0175855769667084,0.0010982545029037394
280,1763579701.661233,3,0.18643596686680805,0.03780977149199755,-0.40150175884705436,0.030751291341036095,-0.019683432227376958,-0.020413547390039855,0.03966921758579445,0.017462363207423694,0.001163308121147122
281,1763579702.545536,3,0.15933641850851316,0.04613816880451579,-0.436734425787642,0.039460592540138235,0.07688918025030693,-0.01990386952263991,0.011900272219662278,0.02355016768351265,-0.03400646373877231
282,1763579702.592645,3,0.17397208429062924,0.04965399118636359,-0.42832459981724086,0.05070188551143123,0.041420708428281224,-0.02129967679806539,0.026578697776701993,0.027757408483738852,-0.02599822792966333
283,1763579702.640867,3,0.1474511968611731,0.0680321228405704,-0.4377451517161805,0.08128599076233337,0.09855843558951656,0.010308878997399748,-0.0004507965752479637,0.04512762288069333,-0.03587456723669408
284,1763579702.690131,3,0.17082416469321446,0.041649097204016154,-0.42810802188170805,0.03231849730892814,0.04403049064531352,-0.018599761709315606,0.023601298786706026,0.019710434717931075,-0.02535329387928109
285,1763579702.739959,3,0.17739026733733487,0.03741470000760266,-0.4194566845212333,0.022213341112649106,0.02131523158938952,-0.014814706446676039,0.03037731383085318,0.016027389660736188,-0.016611997585079086
286,1763579702.788270,3,0.18124792779508894,0.044411454604644005,-0.4129627383302985,0.039377260444197676,0.007852756086909682,-0.013471355070854884,0.03418135006944628,0.023402796739543104,-0.010517726919392345
287,1763579702.839101,3,0.18195070793432386,0.04211491977990811,-0.40881416003244164,0.037276758261989666,0.001200706500399538,-0.01758618179212158,0.0349910994892583,0.021321892401726883,-0.006275932837550513
288,1763579702.892115,3,0.179914657704362,0.039568663571853124,-0.40895336920782127,0.03173870880663922,0.004179768573216053,-0.018295883573413274,0.03300663746299448,0.018731518266609494,-0.006262790656305528
289,1763579702.955494,3,0.1839201899851482,0.03888363775361773,-0.40261408377317104,0.032294640798827844,-0.011440113663589588,-0.019230244338820774,0.03711597817237425,0.01843105976902348,3.98383722428064e-05
290,1763579703.014873,3,0.18734598471644376,0.03700466252171264,-0.40006872655436043,0.02919474059163018,-0.02240074339340254,-0.02088613841937706,0.040616218601164156,0.016745154662180205,0.0026188889234768364
291,1763579703.077356,3,0.18684459525073946,0.037448332660974554,-0.401190919460388,0.030000378030970935,-0.020956423365830444,-0.020458605146823492,0.040089684077288384,0.01712448442100166,0.0014846835468497743
292,1763579703.138621,3,0.187546417056766,0.03787691056074707,-0.4009812170422801,0.030893677443726873,-0.022635552349969515,-0.020098207194960745,0.04078537756341011,0.01757660923807662,0.0016630138328383448
293,1763579703.201221,3,0.18734097346689108,0.038040888502109536,-0.4010716197420772,0.031210131827204626,-0.022166084723063816,-0.01992057127347629,0.04057529503715854,0.017731916760652208,0.0015680749704058972
294,1763579703.264888,3,0.18700973745297728,0.03747982365314373,-0.40143884067948665,0.03000675223599525,-0.021205700086972697,-0.020400071548536867,0.04025056615324388,0.01714739139207816,0.0012330473238224005
295,1763579703.331212,3,0.18701006509122622,0.03758236832034362,-0.40138939699909165,0.03029405724703738,-0.02124076305750578,-0.02046654698506286,0.04024947043898133,0.017252169450438868,0.0012775507118437113
296,1763579703.399323,3,0.18696363772971258,0.03736805492685422,-0.40136430970330755,0.029787140743428243,-0.021223613547363723,-0.020405735153217253,0.04020787274080054,0.01703841217239007,0.001313502909593589
297,1763579703.465934,3,0.18677892305227006,0.03722633381052735,-0.4014980736905303,0.029486760860441837,-0.020736759266903628,-0.02053096716272019,0.04002424629567125,0.01688677454641644,0.001189468437805985
298,1763579703.534560,3,0.1866017039669959,0.037347472346219615,-0.40155557438497563,0.02972907276946334,-0.020279441712713377,-0.020430440918890878,0.03984374136065186,0.01700144083785035,0.0011289945680834634
299,1763579703.603837,3,0.18683853504984596,0.0373030402709851,-0.40144949762991405,0.02967282413731466,-0.020785184070488943,-0.020531682643622977,0.04008294075545091,0.016966898233431848,0.0012334259191506547
300,1763579703.674565,3,0.18654411634045698,0.037679260296855886,-0.40158222792411774,0.03036990224947758,-0.02021251646912748,-0.02009053219105369,0.039778892615462635,0.017330350770606455,0.0010874869007392318
301,1763579703.741597,3,0.18650148974018427,0.03719261216779812,-0.4016538379918869,0.029343635689211514,-0.020070762181791085,-0.0204578338538854,0.03974537030764061,0.016840076745937797,0.001039747336585184
302,1763579703.811798,3,0.18695577698882263,0.037297696938658656,-0.4015110841697069,0.029620133863654752,-0.021011837126032273,-0.020484084064495176,0.0401993738375816,0.016960970875333905,0.0011703757078064814
303,1763579703.884930,3,0.18700080696610485,0.03735518758907195,-0.4014574632109864,0.029816678460744626,-0.02112448210774866,-0.020564359268697246,0.04024396269804473,0.017021853084935278,0.0012205082424494584
304,1763579703.957818,3,0.18714135521312147,0.03729529082398412,-0.40141179037043373,0.02967473972503813,-0.021441176190904465,-0.02055675080804548,0.0403863658362828,0.016967043964451284,0.001266819656844942
305,1763579704.030615,3,0.18732889282107568,0.037471859117511525,-0.4012580169099269,0.03009157792067413,-0.021922585527570416,-0.020493414211736068,0.04057237661951624,0.01715449558686675,0.0014091392676063852
306,1763579704.104202,3,0.1869387572322854,0.03747141432761771,-0.40162206997301586,0.03002651693092517,-0.020823401501676497,-0.020461007967201135,0.04017715763411153,0.017128804165362492,0.0010515326224500021
307,1763579704.176015,3,0.1870425176426834,0.03777583359838073,-0.40138521251921844,0.03070546787977647,-0.02130174676079325,-0.020236781695663956,0.0402779506693067,0.017446226101700373,0.0012720385112260368
308,1763579704.247057,3,0.18672253900976798,0.03741019930870073,-0.40152975486692677,0.02988938859126802,-0.020591647508033214,-0.020322461128873905,0.0399636038550851,0.017067744887758134,0.0011499512445893867
309,1763579704.320562,3,0.18663461411320076,0.037378943464199794,-0.4015947218742639,0.029826978818986046,-0.020362926744627002,-0.020390203766343037,0.03987542576365863,0.017031658070364334,0.0010878964857313211
310,1763579704.392202,3,0.1867186330929462,0.037838471163332,-0.4014474890298373,0.030892295971545414,-0.020630745986025614,-0.020237962618591357,0.03995197476423559,0.017499296434093082,0.0012118199176758826
311,1763579704.464113,3,0.18713527108004355,0.03739775261529063,-0.40124587754037633,0.029951472514840198,-0.021527916222709317,-0.02049872130456993,0.04038053116757198,0.01707718118250092,0.0014277489965317525
312,1763579704.535951,3,0.1871978625110417,0.037552159264651844,-0.4012033470683449,0.030268818623126,-0.021692454747355164,-0.020345401023884123,0.04044050216986622,0.017234671117858917,0.0014619299970631827
313,1763579704.608651,3,0.18717117458039154,0.0375402945549652,-0.40122027658555964,0.030235424224621433,-0.02162635336401381,-0.020333206255549685,0.040413826795950986,0.017221476703406458,0.0014459939566139335
314,1763579704.681574,3,0.18710769475935793,0.03739639382014087,-0.4012893728497492,0.029968453268543895,-0.021429793277273516,-0.02057328041255944,0.04035236858144639,0.017073190062995187,0.0013847945854419952
315,1763579704.753503,3,0.1869687233328978,0.037458666722256215,-0.40135103635080244,0.03007849200353019,-0.021085634791066503,-0.020494138737610756,0.04021126321105126,0.01712963895838189,0.0013223753918582548
316,1763579704.825315,3,0.18683125177492174,0.03752808881141316,-0.40144744213010153,0.030111215175401357,-0.02089967325350221,-0.02021076481299512,0.04007101073604047,0.017191595822651413,0.0012248945208076512
317,1763579704.898779,3,0.18675571908600475,0.03737239184501072,-0.40152892599155765,0.029745461876926553,-0.020664427352394966,-0.020346340180666386,0.039997571208370525,0.017030694292874845,0.001152068113434157
318,1763579704.971364,3,0.18670404089265671,0.03765451700201967,-0.4015675379079561,0.030232496780011085,-0.02052160541792068,-0.01994152625766295,0.039939491081259576,0.017309555004703298,0.0011008868453147858
319,1763579705.043634,3,0.18676470517588792,0.0378440956078537,-0.40151619149835316,0.03067448966301564,-0.020667102827575584,-0.01988250401150199,0.0399969306981158,0.017502552504207895,0.0011422306771332047
320,1763579705.114294,3,0.18642433444411144,0.037342109537231216,-0.4019183353930958,0.029602084116281062,-0.019620238203016414,-0.02030951703071261,0.03966134136292804,0.016975172573413327,0.0007696556257258402
321,1763579705.186716,3,0.1863878111401331,0.03736666790632151,-0.40193795246879727,0.029645113435517432,-0.019534525364366142,-0.02029715620517993,0.03962403804007977,0.01699802613958145,0.0007494548459680561
322,1763579705.260019,3,0.18672808209022893,0.038041836313210134,-0.401560122837262,0.03112152540107786,-0.020541546084907106,-0.019805263368497382,0.039955578913425105,0.017697190288082528,0.0010895167085134827
323,1763579705.333970,3,0.18656890357788625,0.03734664090693283,-0.401749860274635,0.029734370751499282,-0.020050622927707932,-0.02050507669346323,0.039808184518797474,0.016990659186082998,0.0009354925507288891
324,1763579705.407200,3,0.18651090578982538,0.03739171360787701,-0.40178329534664464,0.029805222673416547,-0.01991285633116425,-0.02041716401743171,0.03974878906953869,0.017032907303816014,0.0009008447082851645
325,1763579705.476851,3,0.18642389443799148,0.03756730445363645,-0.4018243763019779,0.03013961756392962,-0.019695484685693855,-0.020234709922835086,0.039657566402973354,0.01720454948913181,0.0008528014915079596
326,1763579705.548222,3,0.18650054926991064,0.03726486441238199,-0.40181233517696335,0.029494392879619333,-0.019875870603413722,-0.02040889830290438,0.039740656760541004,0.01690463195116369,0.0008780283304020142
327,1763579705.620431,3,0.18660947662955638,0.03764002183978037,-0.4016335107702926,0.03028939147021337,-0.020243745712153895,-0.020137909398003653,0.03984431288879117,0.01729002486205014,0.0010371325250272956
328,1763579705.694218,3,0.18640949583698782,0.037362475151302775,-0.4018728290214009,0.029624066987846528,-0.019645778939709726,-0.02021078088042715,0.03964673623156237,0.01699738933562625,0.0008143644389205229
329,1763579705.769043,3,0.18639315259823439,0.03746126038575121,-0.4018564737690109,0.02987846133736052,-0.019624780267670318,-0.02022019576484727,0.039628578939499975,0.01709649562961265,0.0008262544984648512
330,1763579705.840995,3,0.18672220808044968,0.037398714932997554,-0.4015543410778793,0.029803326349453322,-0.020602170836873195,-0.02025296545341987,0.03996315944908457,0.017055093377621316,0.0011259465791455536
331,1763579705.915088,3,0.18685187279984242,0.03738026075313347,-0.4014579406567566,0.029754398223653236,-0.020951727537073406,-0.02021891393439882,0.040094547928433005,0.01704387876725376,0.0012211192507015078
332,1763579705.986433,3,0.18684408336806912,0.03777292525879666,-0.40138960796624173,0.030694976345187145,-0.020951202094025324,-0.020142164471732515,0.04007957713255472,0.017439126499171138,0.0012708238936738336
333,1763579706.061555,3,0.18677943917990764,0.0376009668319959,-0.40149755617694355,0.030250771286601055,-0.020744092236096183,-0.0201012357781171,0.040016981448059485,0.017260938283533884,0.00117217234581396
334,1763579706.135571,3,0.18683851026361561,0.03791764900268443,-0.40132536261479124,0.031096991391916583,-0.020980641341742667,-0.020179360964544313,0.040071917812087215,0.017586616305932553,0.001328196172978413
335,1763579706.210186,3,0.18658514915464994,0.03765896697019674,-0.4015124638542714,0.030461217886437988,-0.020333115061568093,-0.020184099178130775,0.039821333971646056,0.017314245580021773,0.001157500403083822
336,1763579706.280946,3,0.186622027047305,0.03751257209817076,-0.4016134845500133,0.03016312787001469,-0.020303317287165362,-0.02032611951119203,0.03985979583520424,0.017163956602288796,0.001062998939000137
337,1763579706.355263,3,0.18649909442517248,0.037565508052200276,-0.40174453439268654,0.03014593019330401,-0.019945770603954097,-0.020075310899964966,0.03973392392677755,0.017208084483000596,0.0009314782224153495
338,1763579706.426675,3,0.1865061527300999,0.03739970018010224,-0.4017372859881733,0.029719182575410532,-0.019988216582738874,-0.020015239143862135,0.03974453082536006,0.017042988286281584,0.000946489851823662
339,1763579706.499370,3,0.1867202760805906,0.03763023420357587,-0.401554358119198,0.030279328538198962,-0.020562715102126074,-0.01996085036980864,0.0399564147786102,0.017286261319846143,0.001114955788877825
340,1763579706.572733,3,0.18641373109474949,0.03761578535968013,-0.4017094725679211,0.030234220939350985,-0.019700832628493425,-0.019978852048833578,0.03964804504965688,0.017258256832807555,0.0009654133246481122
341,1763579706.645510,3,0.18655269730294272,0.037674802289857805,-0.4016286265985475,0.030400592914104175,-0.020017861681410492,-0.02004117138363692,0.03978689860776699,0.017323851853405303,0.0010412266381497615
342,1763579706.716167,3,0.18655772804269047,0.03705650911086336,-0.40181197638603594,0.029059110154247777,-0.019863994703984093,-0.02055872341251094,0.03980215393292319,0.016697722598611672,0.0008874139616517618
343,1763579706.788941,3,0.18654273062684237,0.037286782072191375,-0.401805491179556,0.029529450203514208,-0.019825130928688508,-0.020373898412069564,0.03978246710127836,0.016927694531245326,0.000883176513774675
344,1763579706.862116,3,0.18654650700974448,0.037519171101114177,-0.4018149492036528,0.03004511526458549,-0.019815765703313462,-0.020257581821632287,0.039781275619168305,0.01715939413679716,0.0008626278104377216
345,1763579706.933985,3,0.18645549763404975,0.03727171883981348,-0.4019120515497986,0.029417026922764912,-0.019592517915645764,-0.02022396145604203,0.039694048016018724,0.016905803021004258,0.0007788001004971901
346,1763579707.004560,3,0.18662967767299238,0.036934690937731496,-0.40183777336861776,0.028740955035662766,-0.020020669470449483,-0.020548867608844345,0.039876243414836976,0.01657627946646445,0.0008663375473429435
347,1763579707.070279,3,0.18672465656790177,0.0370760035603128,-0.4017947337038681,0.029048231819936786,-0.02024450658455071,-0.02040302916006707,0.03996887106322569,0.016721367762431993,0.0009011537166896955
348,1763579707.137721,3,0.1864862236885218,0.037303726997665376,-0.4019265886987995,0.029384982946019503,-0.019567493176904524,-0.01995597070199097,0.03972389053520928,0.016937689814784093,0.0007622895667573903
349,1763579707.204214,3,0.18699151257345914,0.03715227851170828,-0.4017849783402459,0.029250976828253967,-0.020721886417493073,-0.020402810129316863,0.040234196111610054,0.016803365601299178,0.0009031874700615727
350,1763579707.269813,3,0.18729389250162762,0.03749293390956379,-0.40167282546847605,0.02989610596806732,-0.02153688904753704,-0.020054536915062378,0.04053100496262077,0.017154998959522768,0.0009943821795550534
351,1763579707.337331,3,0.18694543038476297,0.03736233546984789,-0.4018869853495611,0.03009073734644164,-0.020830946495941763,-0.019991016161089344,0.04018229994997183,0.017007335356263444,0.0007920296939306626
352,1763579707.404372,3,0.18612956701378966,0.038077757406345274,-0.4024890756293038,0.031124277176477887,-0.018035152820382976,-0.019898287490643676,0.03934319562732211,0.017676612135809948,0.00016917592269005688
353,1763579707.469968,3,0.18524313946728888,0.03837254967977048,-0.40334120243624433,0.03185076199020794,-0.015170495231619608,-0.019306421958556995,0.03843871095120874,0.01791244934481291,-0.0006823313622458804
354,1763579707.536443,3,0.18415141973472285,0.03940097010398598,-0.40457918990900155,0.03392280269043889,-0.011522574919539801,-0.01858219943722741,0.03730821864357475,0.01885834868888611,-0.0019509428470527168
