#{"config": {"calib_path_resolved": "/Users/Andreas/Desktop/ptl24_marker/common/calib/calib_c920_1920x1080.yaml", "cli_overrides": ["camera", "config", "debug_metrics", "extrinsics", "fps", "height", "hud", "print_tilt", "rig", "save_poses", "video", "width"], "config_path": "/Users/Andreas/Desktop/ptl24_marker/phase_b/config.yaml", "extrinsics_path_resolved": "/Users/Andreas/Desktop/ptl24_marker/common/extrinsics/T_WC_c920_1920x1080.yaml", "rig_path_resolved": "/Users/Andreas/Desktop/ptl24_marker/phase_b/rigs/cyl_dotec.yaml", "runtime": {"bench": {"print_every": 60}, "fuse": {"axis_len_m": 0.1, "ema_alpha": 0.3, "use_weighted_se3": true}, "health": {"max_tilt_jump_deg": 15.0, "spike_reset_after": 10}, "hud": {"enabled": true}, "logging": {"debug_metrics_csv": "Preliminary_report/runs/1080p/base_debug.csv", "poses_csv": "Preliminary_report/runs/1080p/base_poses.csv"}, "ransac": {"A_ref_px2": 12000.0, "adaptive": false, "base_rot_deg": 5.0, "base_trans_m": 0.05, "min_inliers": 3, "rot_max_deg": 5.0, "trans_max_m": 0.05}, "video": {"device": "0", "fps": 30.0, "height": 1080, "width": 1920}}, "yaml": {"bench": {"print_every": 60}, "fuse": {"axis_len_m": 0.1, "ema_alpha": 0.3, "use_weighted_se3": true}, "health": {"max_tilt_jump_deg": 15}, "hud": {"enabled": true}, "logging": {"debug_metrics_csv": "phase_b/debug_metrics.csv", "poses_csv": "phase_b/poses.csv"}, "ransac": {"A_ref_px2": 12000, "adaptive": false, "base_rot_deg": 5, "base_trans_m": 0.05, "min_inliers": 3, "rot_max_deg": 5, "trans_max_m": 0.05}, "video": {"device": 2, "fps": 30, "height": 1080, "width": 1920}}}, "files": {"camera_calib": {"path": "/Users/Andreas/Desktop/ptl24_marker/common/calib/calib_c920_1920x1080.yaml", "sha256": "952be5b3ae075e7a682e9f0df1b90719a2f720999e5137c5c416f83951012924"}, "config": {"path": "/Users/Andreas/Desktop/ptl24_marker/phase_b/config.yaml", "sha256": "9c664548f0c4998345c599764857540af456008cc4bf230d90b575c908eaec28"}, "extrinsics": {"path": "/Users/Andreas/Desktop/ptl24_marker/common/extrinsics/T_WC_c920_1920x1080.yaml", "sha256": "60a5e06a6e4c7d03766a5d0ec880f181abc2f6a8088620e79cc531b1f1b6642c"}, "rig": {"path": "/Users/Andreas/Desktop/ptl24_marker/phase_b/rigs/cyl_dotec.yaml", "sha256": "f0fd590bf211070dbb1b2c6b32f4041175f33703203978255bdee60a8b77b6ef"}}, "git_commit": null, "timestamp": 1766337738.886475}
timestamp,frame,used_ids,decision_margins,rvec_cam_x,rvec_cam_y,rvec_cam_z,tvec_cam_x,tvec_cam_y,tvec_cam_z,rvec_world_x,rvec_world_y,rvec_world_z,tvec_world_x,tvec_world_y,tvec_world_z,tilt_cam_deg,tilt_world_deg
1766337739.058710,0,102;103;104;105;200;201;202,67.917;69.805;69.976;43.629;71.099;71.036;80.868,0.10394401448254761,-2.36389738811265,-0.6458120121391917,-0.955618776608304,1.0790680363170262,-0.38460975911688905,-1.5382592685305325,-0.7091466480163037,-1.447367470219098,-0.49481052173609535,0.5259723327690717,2.6352781327120414,49.525,86.048
1766337739.167951,1,102;103;104;105;200;201;202,45.015;55.669;53.709;34.036;48.233;46.090;49.057,0.10879623497894281,-2.393217001587396,-0.6923899174979037,-0.9541545549224401,1.121826215000506,-0.39801166804161675,-1.5328125654648226,-0.6540928912390803,-1.4748899315527917,-0.49718014005113553,0.5362102655724568,2.6705791525138016,48.790,84.389
1766337739.306820,2,102;103;104;200;201;202,68.449;69.346;69.656;68.977;72.244;80.404,-0.02911151414474536,-2.4670029417573263,-0.8588322038684254,-0.7044755578269776,1.1870029536311948,-0.2993435448501622,-1.5392503573547127,-0.4318874177305675,-1.4373109864794713,-0.47259088692253437,0.4372772452752367,2.5952402092596563,48.560,81.698
1766337739.479823,3,102;103;104;105;200;201;202,69.979;69.135;70.146;48.288;70.577;72.574;80.451,-0.11374033645136782,-2.5938064602174773,-1.024660055336169,-0.5399109648324112,1.2213723841484914,-0.24537021067701223,-1.4729577542012176,-0.19839210302693092,-1.4573379549246794,-0.45828045332806505,0.3385319841559786,2.5820133786167423,47.321,76.057
1766337739.625547,4,102;103;104;105;200;201;202,68.071;69.716;70.011;47.527;70.626;71.493;79.954,-0.18512656924300894,-2.673776093752676,-1.1513816882427999,-0.43580791781852923,1.2337744060586535,-0.18439686992848384,-1.4240866300557002,-0.0316682564579813,-1.4591707663343796,-0.45306610199737846,0.2607271685066096,2.5719887671104207,48.148,73.036
1766337739.864774,5,102;103;104;200;201;202,68.929;68.594;69.738;70.810;70.806;81.763,-0.2663170114744118,-2.640482463884435,-1.2033625384879472,-0.3638987115529475,1.2145548864052904,-0.09018389708350096,-1.4604992079515056,0.017492113368792143,-1.4035623239949238,-0.45597483779638837,0.21907311319302883,2.525752231899245,50.393,75.424
1766337739.970505,6,102;103;104;105;200;201;202,69.205;68.334;69.924;47.305;69.134;71.218;82.505,-0.30704180833413436,-2.6977318884454546,-1.2882844253119936,-0.3182858285023067,1.2193347509600698,-0.05280391085833067,-1.415045374634138,0.12672981662451188,-1.4109805551353451,-0.45929030871236237,0.16741826847540833,2.5285595840755453,51.325,73.381
1766337740.095922,7,102;103;104;105;200;201;202,68.145;68.569;69.881;46.295;69.350;71.134;81.625,-0.3399540372580297,-2.7352148211105116,-1.3517060125398954,-0.2907189408020521,1.222434983448481,-0.02014302779717432,-1.382786121952424,0.2052771719567182,-1.4124716147723881,-0.4640153472551407,0.1263638080330104,2.531666588383474,52.398,72.243
1766337740.196440,8,102;103;104;105;200;201;202,68.193;70.135;70.263;43.429;69.625;72.668;82.507,-0.3668182096974297,-2.7592353158481697,-1.3989256092772366,-0.27349373692499107,1.2244381014660384,0.008161589183560356,-1.3605703533302298,0.2619874601836368,-1.4105972719606332,-0.4694228266963527,0.09373163282747685,2.5339977381906937,53.386,71.651
1766337740.290129,9,102;103;104;105;200;201;202,69.720;68.941;70.265;45.923;70.283;72.008;82.480,0.38611486025322606,2.7644403660502683,1.4290601394627749,-0.26445648212841893,1.2267973621915182,0.03086783694859681,-1.3454300709439275,0.3031564883175955,-1.4079564941831784,-0.4740668202219454,0.06795390621796768,2.537624540144561,54.223,71.361
1766337740.388190,10,102;103;104;105;200;201;202,69.510;69.010;70.316;46.708;70.036;72.472;81.400,0.3967527665051745,2.734105623124253,1.4346850160113132,-0.2590761147370937,1.2283454670198366,0.0498500993080402,-1.3352491240391084,0.3334327630134953,-1.4048259639015461,-0.4782233701105637,0.04746238485720983,2.5402943651776106,54.908,71.249
1766337740.482243,11,102;103;104;105;200;201;202,67.990;69.126;69.524;46.015;70.416;72.249;81.369,0.4051528584289682,2.7118781522992874,1.4393907513390625,-0.2568647880122724,1.2299979582129268,0.06530143771441192,-1.328391565915237,0.35569008927784984,-1.4018460350862576,-0.48188439106020536,0.030855487321105685,2.5432168435339486,55.449,71.227
1766337740.578261,12,102;103;104;105;200;201;202,70.185;69.675;70.080;46.528;70.070;72.772;80.676,0.4106812165737292,2.694358891845329,1.442201868960278,-0.25492182299806515,1.2320303608725547,0.07716630180550636,-1.3221759639711292,0.37304659020676084,-1.4001783023170051,-0.4858719812093869,0.01848970708721734,2.5455331830973016,55.863,71.175
1766337740.687627,13,102;103;104;105;200;201;202,70.336;69.095;70.526;45.783;69.349;70.779;81.610,0.4142648449239803,2.6825690186425377,1.444052699012144,-0.2541905435055652,1.2341113993091324,0.0858105273497092,-1.3179592358660102,0.38470684394377563,-1.3990901099145434,-0.48940470968620875,0.009764878153065898,2.5476555862403027,56.147,71.145
1766337740.779283,14,102;103;104;105;200;201;202,70.470;69.122;70.257;45.168;70.425;70.798;81.000,0.4181563023296827,2.6753829595212455,1.4467682618145314,-0.25444326707671283,1.235374203702274,0.09320536004440823,-1.3168860026664617,0.39208411744347854,-1.39710733725864,-0.4916291507689824,0.0030735989507557626,2.549418755038475,56.367,71.218
1766337740.877605,15,102;103;104;105;200;201;202,69.860;69.261;69.594;45.901;69.748;71.348;81.163,0.4205988628480685,2.6683837734786873,1.4482536221781115,-0.2549332857216749,1.2366106139332222,0.09893896051744014,-1.3147474905651213,0.39906023965685794,-1.396173032747845,-0.4936805900276262,-0.0030110050549131406,2.5510786143350495,56.550,71.225
1766337740.978859,16,102;103;104;105;200;201;202,68.683;68.950;69.223;44.297;70.442;72.492;81.552,0.4237566860938163,2.6634405349687866,1.4502156877584154,-0.2557359184986783,1.2367905994197717,0.10451417463084244,-1.3141595585126933,0.4041632481999745,-1.3944303532818598,-0.49492771979313416,-0.008739178723671692,2.552003020708052,56.704,71.289
1766337741.082374,17,102;103;104;105;200;201;202,69.673;69.226;70.079;47.815;70.051;71.626;81.905,0.4254396556452628,2.6592416957164686,1.4510810999603765,-0.25720624599935826,1.237577151355144,0.10796173661184211,-1.3128909430874234,0.40835296320583175,-1.3936956248402852,-0.49584613450647763,-0.01349383395357212,2.5536156241166283,56.814,71.298
1766337741.178701,18,102;103;104;200;201;202,70.194;69.040;69.456;70.759;71.016;81.153,-0.4675819635959354,-2.7233130916975314,-1.481747071859083,-0.2463701139009254,1.210466154855965,0.14693029319055562,-1.386089530773956,0.3427156938298158,-1.3506968835693165,-0.49796875611543256,0.002683606827206475,2.522029269323408,56.406,74.375
1766337741.275721,19,102;103;104;105;200;201;202,69.863;69.137;69.509;44.919;70.173;71.455;81.919,0.4583279361132536,2.710509058391917,1.4778534728784547,-0.24659856200982902,1.2160657977297382,0.13963569583486954,-1.3649383884840836,0.3638199785626682,-1.362316296644466,-0.49879757663817303,-0.0028947116427250896,2.52768263538065,56.536,73.495
1766337741.375588,20,102;103;104;105;200;201;202,70.317;69.530;70.212;45.732;69.367;71.938;81.757,0.4505987838081698,2.6933963856442618,1.4713589604704402,-0.2475358992499419,1.220955795003023,0.13447774645050306,-1.3500182921438117,0.3791546959327015,-1.3704058018746408,-0.4992899502391592,-0.007292296054818098,2.5330240341852566,56.673,72.896
1766337741.473142,21,102;103;104;105;200;201;202,69.616;69.120;70.146;47.033;70.782;71.781;80.553,0.44547263481170774,2.6804256168839133,1.4667436155058593,-0.2493862429059673,1.2247382354829843,0.13083813412790035,-1.3390054140053655,0.3908189643791605,-1.3759543274133283,-0.49922456447127517,-0.011952608624077543,2.5378575203086884,56.797,72.472
1766337741.575177,22,102;103;104;105;200;201;202,70.351;68.872;69.863;46.806;69.166;71.135;80.447,0.4411284323913302,2.670936091107824,1.4627242733287849,-0.25015364464929757,1.2280293747955893,0.12790410223215556,-1.3303332045588565,0.39924464825696904,-1.380445259216208,-0.4999694717454769,-0.014733572193145555,2.5412918801916984,56.877,72.131
1766337741.674328,23,102;103;104;105;200;201;202,70.395;69.560;69.243;46.211;70.354;71.743;81.517,0.4387277404396044,2.665360539125124,1.4605696002969122,-0.2519306257439797,1.230412269806611,0.12620585034232545,-1.325413510426431,0.4042183830004884,-1.3829558441707321,-0.5001351281836057,-0.017330623173570342,2.544382127543946,56.933,71.942
1766337741.771611,24,102;103;104;105;200;201;202,69.477;68.474;68.599;47.505;69.792;72.112;81.206,0.43727360532207415,2.659936346624162,1.4590931698806358,-0.2532453174241891,1.2324634859752903,0.1252189778961535,-1.3212338977536258,0.40916305470360964,-1.3847285316775004,-0.5001707267510648,-0.01997929660584513,2.5471488333980767,57.006,71.798
1766337741.871542,25,102;103;104;105;200;201;202,70.026;69.405;69.840;43.758;68.741;71.760;80.508,0.4359790227128552,2.6576277729860562,1.458267676050121,-0.25321822495244234,1.2339928882650375,0.12452381982924778,-1.3192067898951547,0.41121310844235703,-1.385977380971037,-0.5007672228552363,-0.02005096342761628,2.548453795089932,57.033,71.719
1766337741.974276,26,102;103;104;105;200;201;202,69.939;69.228;69.767;47.575;69.294;72.589;81.462,0.43426184629148895,2.6537825529444667,1.456636006732972,-0.2544920519426115,1.235402947146171,0.12357537786458361,-1.315678326814985,0.41461885693381173,-1.3877485207346765,-0.5010870767185267,-0.02214596623420234,2.5502726300835104,57.071,71.584
1766337742.070129,27,102;103;104;105;200;201;202,69.806;69.153;69.243;47.514;70.762;72.384;81.508,0.4351118452101726,2.6529084267092187,1.4573000882350187,-0.25613833056290264,1.2353370172382414,0.12405922916319617,-1.315871640226898,0.4155669085544649,-1.3872102231877843,-0.5001703654007537,-0.024212817325410446,2.5513651295805135,57.107,71.613
1766337742.170115,28,102;103;104;105;200;201;202,70.230;69.144;69.449;46.926;70.643;72.591;82.092,0.43440084972332654,2.651464280823883,1.457053010508597,-0.2573181649897202,1.236021477605029,0.12383146713151294,-1.3148316663640118,0.4168831173925736,-1.387906773874643,-0.5001070670378647,-0.025341293181021518,2.5525342966363045,57.133,71.576
1766337742.270272,29,102;103;104;105;200;201;202,69.874;69.601;70.062;47.678;70.309;71.861;81.366,0.4332117506045419,2.650235815146849,1.4562784335748422,-0.2579065537134833,1.2374956797268455,0.1228569465656812,-1.3134153447028916,0.41791186082073234,-1.388945388577544,-0.5004557937112926,-0.025384509461457788,2.5540227075670314,57.140,71.514
1766337742.368471,30,102;103;104;105;200;201;202,70.668;68.992;69.832;47.213;69.262;72.585;80.537,0.4325109648776559,2.648766029884948,1.4561172212020608,-0.2582606540890538,1.238279642744918,0.12262681883056599,-1.3124319030309606,0.4192621814305755,-1.3896335079718918,-0.5005800760222413,-0.02574184803791421,2.5549251103335635,57.169,71.481
1766337742.468448,31,102;103;104;105;200;201;202,69.308;69.304;69.492;43.643;69.623;71.999;81.228,0.4335463677458593,2.650050060587902,1.4566293874062521,-0.25840949556167436,1.2378187256889783,0.12320449085690922,-1.313645795875309,0.4181441737090796,-1.3887106493385206,-0.5004045040131964,-0.025902121531971162,2.5546225584314053,57.153,71.531
1766337742.565774,32,102;103;104;105;200;201;202,70.138;68.479;69.763;47.042;70.825;72.241;81.396,0.4329159607903878,2.6490037512849947,1.4562038983748413,-0.2585949969572597,1.2385508575677737,0.12277411887259286,-1.312678031889929,0.41906462055016946,-1.3893085451749196,-0.5005982495355091,-0.026060208749354913,2.5553459389868287,57.165,71.493
1766337742.665854,33,102;103;104;105;200;201;202,70.109;69.381;69.557;46.179;70.053;71.854;80.441,0.43240705630880333,2.649025192069806,1.4559773521419954,-0.25845088245853254,1.2389653576912842,0.12255447700997374,-1.3124398468310912,0.41899434104273303,-1.3896838534088132,-0.5009649286010726,-0.025572649381551904,2.555497602850168,57.159,71.477
1766337742.764323,34,102;103;104;105;200;201;202,68.961;69.227;69.218;47.187;70.101;72.021;81.528,0.43210277063647134,2.6474215442416145,1.4554645313185972,-0.2596909339524266,1.2393764193903807,0.12225442856305277,-1.3111550368313822,0.4204522078720778,-1.3901147570368977,-0.5006843774290138,-0.02727844620715357,2.5565465950848862,57.179,71.433
1766337742.867378,35,102;103;104;105;200;201;202,70.604;69.353;70.311;46.619;69.363;72.928;81.063,0.43202147885939113,2.6472410631059455,1.455457614832088,-0.25905385100108796,1.2395426840893342,0.12228562620216947,-1.311045224564546,0.42061966805733497,-1.3901952055182014,-0.50093775801596,-0.026736731889019177,2.5563907743920455,57.183,71.430
1766337742.962729,36,102;103;104;105;200;201;202,70.062;69.723;69.345;43.327;70.148;72.670;81.480,0.43387405285102515,2.649269404370606,1.4568704401329862,-0.2595148294871577,1.2383427631797022,0.12352651049993904,-1.3134785908938569,0.4189313887856074,-1.388555833522054,-0.5002209995414959,-0.027200416192643184,2.555739125214064,57.176,71.536
1766337743.064117,37,102;103;104;200;201;202,69.899;69.550;69.400;70.526;71.968;81.258,-0.4762913968321911,-2.7206804103933715,-1.4889997051303978,-0.2474076337569367,1.2099405519173996,0.15982200995715604,-1.3875028236617328,0.3500880366636268,-1.345703384891014,-0.5010291820052898,-0.008366314354958382,2.523209420631469,56.658,74.585
1766337743.162917,38,102;103;104;105;200;201;202,70.562;68.852;69.372;47.873;70.357;71.420;81.410,0.463994729073189,2.7039557406431864,1.4812304496672517,-0.24818934105864524,1.2159479285217922,0.14929085468750192,-1.3650036438452435,0.37064246449979515,-1.3589651862820382,-0.5010266857805434,-0.012315708291406074,2.5291176538670266,56.745,73.621
1766337743.262303,39,102;103;104;105;200;201;202,70.231;69.095;69.799;45.095;69.123;72.011;80.849,0.4552316108856785,2.687751957790834,1.474159360215095,-0.2495788548465081,1.2208712667965704,0.1422983974465044,-1.3499567317253514,0.38502866666011953,-1.3676739261191722,-0.5007954620477111,-0.015650698694266857,2.534551689807521,56.854,73.001
1766337743.363046,40,102;103;104;105;200;201;202,70.387;69.187;69.610;44.521;70.172;72.392;80.864,0.4495715797711401,2.6774622755200586,1.469681387135878,-0.25071952881326326,1.2243752932159562,0.13758183321381368,-1.340363867210488,0.39413761377728856,-1.3732440389409617,-0.5005826036831171,-0.01776758073827972,2.5385037865327273,56.934,72.611
1766337743.462554,41,102;103;104;105;200;201;202,68.702;69.348;69.833;48.772;69.756;71.900;80.926,0.44462480209127553,2.668552749854726,1.4651879638226335,-0.2519777731604021,1.2278779757646934,0.13336013400739294,-1.3315351868939578,0.4019425131892979,-1.3781102624538104,-0.5008327669640292,-0.02004395034213302,2.5423150638526932,56.991,72.251
1766337743.561868,42,102;103;104;105;200;201;202,69.786;68.754;68.809;46.396;69.887;72.967;81.732,0.44227582211312294,2.6626197863554015,1.4627128215377978,-0.253389596510763,1.2296431786379054,0.13115087103117667,-1.3261823349304283,0.4072298757060385,-1.380636250556525,-0.5004726633601756,-0.022697124164306387,2.5448456395252963,57.044,72.047
1766337743.660763,43,102;103;104;105;200;201;202,70.365;69.202;68.310;46.285;69.879;72.450;81.477,0.4403106873807122,2.659091403654413,1.4613418270253051,-0.25409961584593094,1.2316670521425175,0.12919355346811195,-1.323002017898702,0.4103565358834712,-1.382540441655433,-0.5003460794963838,-0.023230316958112618,2.547172612923232,57.082,71.922
1766337743.754517,44,102;103;104;200;201;202,68.690;69.257;69.537;70.614;71.974;81.305,-0.47903548195632273,-2.7146359384621945,-1.4853918128016015,-0.24255944747799843,1.2055170751371616,0.1633096533186919,-1.3928266039096748,0.34546130587274587,-1.3414656217199314,-0.5013858008917441,-0.006160195604290181,2.5171680401138534,56.639,74.831
1766337743.853241,45,102;103;104;105;200;201;202,69.857;69.305;69.909;45.775;69.345;71.778;81.012,0.4686396458213943,2.7083111280940573,1.4842340369118785,-0.24483832788924498,1.212135065651969,0.15283788719529817,-1.3702066364974177,0.3669667663836634,-1.3549242464138103,-0.5007759192007282,-0.0110819777002589,2.5245546021929037,56.747,73.866
1766337743.954144,46,102;103;104;105;200;201;202,68.498;69.168;69.450;46.022;70.161;73.963;80.739,0.45986093453188925,2.690426749868189,1.4767137372524934,-0.24648442075424404,1.217189060649862,0.14603738693445203,-1.3539635793565494,0.382931692142984,-1.3638910881973818,-0.5005407380265361,-0.015588161372994014,2.5303416802868948,56.868,73.204
1766337744.055985,47,102;103;104;105;200;201;202,69.667;69.866;70.301;47.795;70.581;71.901;81.710,0.4523057155121817,2.678343192122536,1.4705598803612057,-0.2490297355564614,1.221898849715724,0.13977548367099682,-1.3418744101216467,0.39350921812882145,-1.3711274633708246,-0.5004391985574055,-0.01860898487561427,2.5357929388458076,56.935,72.696
1766337744.217993,48,102;103;104;105;200;201;202,70.083;69.473;69.929;48.172;70.145;72.194;82.233,0.44667444022052866,2.6698579383665213,1.4664077103281488,-0.25084709739574745,1.2261565906377752,0.13506855102718038,-1.333452764138358,0.400919618161637,-1.3764186773226188,-0.5005993346079087,-0.020115290802345087,2.5404731350909806,56.995,72.345
1766337744.314663,49,102;103;104;105;200;201;202,70.062;68.570;69.615;46.133;70.224;71.556;81.401,0.4429757017459464,2.6646380605766096,1.463840430232856,-0.2524763307887764,1.2291216382537116,0.13184913942975932,-1.3282206704005828,0.4054577383444439,-1.3798369885173571,-0.5005620012809537,-0.02114385978326147,2.5439142814178806,57.035,72.126
1766337744.413239,50,102;103;104;105;200;201;202,70.090;68.984;69.602;47.630;69.648;72.237;81.362,0.43972576432307076,2.6589943944072383,1.4612326067211967,-0.25341786496145857,1.2316914700130417,0.12925875289819053,-1.3227876597640211,0.41040995396307134,-1.3829793638101773,-0.5008427900737136,-0.022469286771354957,2.5466913845510133,57.083,71.908
1766337744.509889,51,102;103;104;200;201;202,69.242;69.219;69.132;70.773;73.679;82.213,-0.47863604856468234,-2.715415665252109,-1.4862352859039747,-0.2410713121967376,1.2052852485674093,0.16368474510836387,-1.392147593136309,0.34635950462898984,-1.3421126745940464,-0.5021668519143175,-0.0053573005192790735,2.516077511018884,56.654,74.802
1766337744.611519,52,102;103;104;105;200;201;202,70.474;69.527;69.754;45.632;69.385;73.298;81.418,0.4682916138928849,2.707388129741882,1.4839164031340564,-0.24237066338386787,1.2119777035278525,0.15340570912585166,-1.3694398005589814,0.36780289441822756,-1.3553101296293166,-0.502009596169974,-0.009794392735873125,2.523040332420821,56.755,73.836
1766337744.710825,53,102;103;104;105;200;201;202,70.172;69.047;69.607;44.003;69.515;71.691;81.127,0.459422346611449,2.6915638608977024,1.4765264922191317,-0.24462120867122647,1.216987276574946,0.14594055198289577,-1.3543389737785496,0.3818097649894889,-1.3640697654873755,-0.5013949848709328,-0.013462209322426172,2.528945164312888,56.842,73.205
1766337744.811029,54,102;103;104;105;200;201;202,69.920;68.960;69.446;46.071;69.037;72.474;81.531,0.45251810173020857,2.679346909298572,1.4709354264639665,-0.24595721608287868,1.2215322453811368,0.1402442593861897,-1.342717808774957,0.3925997444887105,-1.3708322782080025,-0.5014129868561735,-0.015794704024238965,2.533870794828262,56.926,72.727
1766337744.909628,55,102;103;104;105;200;201;202,70.276;68.671;68.965;48.631;70.616;71.851;81.126,0.4470797113923086,2.669935670757455,1.46673483741027,-0.24902573427496252,1.2252857677707374,0.13575948921828596,-1.3338079440652066,0.4008982158464465,-1.3761024681527667,-0.5009399860249167,-0.019131398441941116,2.538863887895955,57.002,72.365
1766337745.005517,56,102;103;104;105;200;201;202,70.372;69.440;69.843;47.144;70.314;72.522;81.747,0.44294376657525936,2.6636802891402658,1.4637092446687343,-0.2508777873665466,1.2286913928659242,0.13232764662095364,-1.3276171779544603,0.4063558880305481,-1.3799821486265227,-0.5010685531743947,-0.02062639829088861,2.5427825302948217,57.051,72.109
1766337745.107133,57,102;103;104;105;200;201;202,70.419;69.655;70.094;47.452;69.465;73.158;82.314,0.44067745986097223,2.659727878013635,1.461830936669081,-0.2524929487752211,1.2306934759443446,0.13023873901192845,-1.323771976505106,0.40981938613194613,-1.3821778258779132,-0.5009039235130243,-0.02221693114390047,2.545414501958736,57.083,71.954
1766337745.206049,58,102;103;104;105;200;201;202,70.154;68.872;68.916;48.047;69.883;71.565;80.792,0.43762401920905825,2.6559886632592278,1.4597914300603225,-0.253659547242433,1.2335461205555127,0.12762616543589544,-1.3198000423062648,0.4130216892325262,-1.384920664645264,-0.5012371885898541,-0.02253805610158313,2.548421995740064,57.109,71.785
1766337745.305074,59,102;103;104;200;201;202,69.768;68.786;69.138;69.946;71.557;80.803,-0.4767005758012473,-2.716809966700885,-1.486451653088635,-0.24231734288640228,1.2071060849116346,0.1619323966169255,-1.391083791379854,0.3465547238769786,-1.3438064518262867,-0.502302462042738,-0.0043923954720083425,2.517943460392111,56.642,74.735
1766337745.404764,60,102;103;104;105;200;201;202,69.919;69.261;69.550;48.049;69.536;73.325;80.669,0.46544226743662837,2.70518065140863,1.4825337957566265,-0.24301674774273896,1.2138945382803372,0.15141927233303876,-1.3668505716085102,0.3696596210746894,-1.3577049165898232,-0.5023655105610745,-0.009124178950613626,2.524778558470317,56.760,73.710
1766337745.504353,61,102;103;104;105;200;201;202,69.741;68.728;69.766;46.700;70.093;72.907;81.722,0.4564910771353455,2.68877096733351,1.474901713729632,-0.2444297587278479,1.2191189842116852,0.14417523879752278,-1.3512341886588768,0.38418591732253493,-1.366605490275603,-0.502329430750955,-0.012523772496691454,2.5304226342502667,56.854,73.062
1766337745.601146,62,102;103;104;105;200;201;202,70.720;69.497;69.410;47.241;69.914;71.882;82.489,0.44967611488078946,2.677021863970037,1.469516955535496,-0.24695418052080925,1.2233950178301978,0.13844885432855625,-1.3400194513827666,0.39454541142604005,-1.3732312619020492,-0.50183650747919,-0.015659087358774443,2.535705900618355,56.938,72.600
1766337745.700514,63,102;103;104;105;200;201;202,68.940;69.693;69.615;48.225;69.971;73.311;81.600,0.44494866799367155,2.667245765953674,1.465380877887961,-0.2484347343145643,1.2270430832826085,0.1345651407031796,-1.33105880452162,0.40322453501020333,-1.3780281721242105,-0.5018841436623007,-0.018470520378392585,2.539949990014053,57.022,72.247
1766337745.799380,64,102;103;104;105;200;201;202,70.373;69.208;69.508;47.415;69.716;72.323;81.133,0.4410105096373948,2.6605958226680113,1.4622269873443479,-0.2500305572787205,1.2302464421422512,0.13129133969412043,-1.3245820492845368,0.4090496666953532,-1.3818155305557105,-0.5020453267327669,-0.02025333517958175,2.5436210964735206,57.076,71.985
1766337745.895793,65,102;103;104;200;201;202,69.278;69.117;69.511;70.187;72.168;81.192,-0.47848874516125306,-2.7135601343396627,-1.4845454698664613,-0.23808877216481064,1.204178063791089,0.16462647804150202,-1.3939035642486157,0.3441810935243686,-1.341330491004319,-0.5033301977541887,-0.0027260925523762414,2.5132938377324905,56.633,74.869
1766337746.001834,66,102;103;104;200;201;202,70.133;69.656;69.087;69.748;71.727;81.521,-0.48896303043603995,-2.660754158927557,-1.4505108499140469,-0.223394006055445,1.1836495853907718,0.18609803955337897,-1.4414761640359504,0.29781741672359324,-1.3115503317522987,-0.5050067358271109,0.011405991560152401,2.487432592991794,56.536,76.988
1766337746.096290,67,102;103;104;105;200;201;202,70.422;69.240;70.381;44.935;69.843;71.320;82.339,-0.48106968526910043,-2.701515330339116,-1.4755270694495997,-0.22849173915890741,1.194914206798833,0.16968790127096103,-1.4048173298753974,0.3326324200545394,-1.3343133372072058,-0.5041408015237996,0.003868437023246213,2.5001324854295173,56.554,75.336
1766337746.196662,68,102;103;104;105;200;201;202,70.478;69.296;69.571;47.530;69.922;73.361;81.197,0.4726468759735384,2.7170396914788792,1.4867652434622398,-0.23257320994556296,1.2044180558882895,0.15764050034485985,-1.3771665705884932,0.35904015680415935,-1.3507796569958423,-0.5039174312975935,-0.0026656661622348754,2.5109425823235245,56.661,74.143
1766337746.296838,69,102;103;104;105;200;201;202,70.543;69.397;70.033;48.208;70.161;72.381;81.933,0.4610290570788657,2.696870582669363,1.477386643463033,-0.23735636306159844,1.211535516908034,0.14873806187384084,-1.3579450312521382,0.37690116803516927,-1.3621965124010798,-0.5033620422357442,-0.008516185089117362,2.519834506621967,56.764,73.331
1766337746.392888,70,102;103;104;105;200;201;202,69.860;68.494;68.537;47.638;69.817;72.556;80.661,0.45296251826873224,2.6813542773734715,1.4707670212460853,-0.2403386000662155,1.2176284385237715,0.14223842771936726,-1.3436710327013202,0.3906872155889866,-1.3702696613683165,-0.5031930743886593,-0.012700187542525498,2.5271014257173507,56.880,72.752
1766337746.492285,71,102;103;104;105;200;201;202,70.181;69.053;69.878;48.179;70.817;71.438;82.245,0.44753451971793534,2.6719579678849215,1.4666985852121284,-0.24452920882895926,1.2221728389621966,0.13732807341308173,-1.3348788913230467,0.3989858639922026,-1.3755278446491097,-0.5023084312448859,-0.01639041901524957,2.5334603333229504,56.959,72.394
1766337746.593068,72,102;103;104;105;200;201;202,68.883;69.246;69.202;47.674;70.285;72.487;82.468,0.4435738462330514,2.6644509919222146,1.4634236764328723,-0.24727220854416068,1.2256301152772242,0.13401488051940932,-1.3278674553636545,0.40561910900116094,-1.3794464361792207,-0.5021270656363205,-0.019439781814735463,2.5380044907341057,57.024,72.116
1766337746.691280,73,102;103;104;105;200;201;202,69.622;69.180;69.276;47.327;69.843;72.401;81.215,0.4412405410740184,2.6603918386541223,1.4617757893281833,-0.24977634520748185,1.2284166711428532,0.13150040321110432,-1.3241440121932475,0.4092062131294708,-1.3816935068201042,-0.5015892636539919,-0.021204169208582035,2.5418958011146264,57.065,71.968
1766337746.789638,74,102;103;104;105;200;201;202,70.232;68.736;69.504;46.177;69.982;71.893;82.211,0.4391700406822633,2.6577195039012182,1.4604418118929492,-0.25166997633233423,1.2308194982014633,0.12946190378651135,-1.3214202035764633,0.411514206744366,-1.3835680067653342,-0.5014602318807894,-0.022118705598077076,2.544953983209693,57.087,71.853
1766337746.888637,75,102;103;104;105;200;201;202,69.854;69.416;69.569;46.020;70.081;72.012;82.235,0.43830257092896074,2.6561659427105067,1.4597974800503328,-0.25363382533275747,1.232236090341703,0.12820779502162413,-1.319985273829901,0.41288520534547335,-1.3844086472024086,-0.500923978549389,-0.023455186031643482,2.5472899583047757,57.103,71.797
1766337746.987847,76,102;103;104;105;200;201;202,70.425;69.329;70.625;46.097;69.811;72.183;80.049,0.436438905161129,2.653917828967827,1.4587502423009058,-0.2549125724271124,1.2341766884667484,0.12660287448263438,-1.3177356855392937,0.4148270000839743,-1.3860691563589027,-0.5009639708917197,-0.023934831190403516,2.5496019146604354,57.125,71.702
1766337747.085284,77,102;103;104;105;200;201;202,69.848;68.915;69.547;48.104;70.381;72.482;81.176,0.43492045020486,2.6507972039000722,1.4574487379046608,-0.255645867115124,1.2354585335415034,0.12552770088191062,-1.3148731242199723,0.4175881228368651,-1.3875934098691087,-0.5011370641697924,-0.025129032530925632,2.5511148556082617,57.157,71.592
1766337747.181533,78,102;103;104;200;201;202,69.213;69.081;69.345;70.034;72.794;82.530,-0.4767218007749177,-2.7215816450329724,-1.4899647103803206,-0.2433527727969093,1.2085687632528228,0.1608968660543976,-1.386602256429828,0.35136381376711506,-1.345878299192701,-0.5023872727265051,-0.006841676143443887,2.519934146538498,56.672,74.555
1766337747.283560,79,102;103;104;105;200;201;202,69.735;69.818;69.937;46.754;69.950;71.302;81.490,0.46470710252196695,2.70342975989151,1.4816349466415168,-0.24540370476629617,1.2148560825020602,0.15065691677806917,-1.365148808072581,0.37121297760958444,-1.3585043790396152,-0.5018766485763737,-0.011354317559579635,2.5268456259881065,56.765,73.640
1766337747.384022,80,102;103;104;105;200;201;202,70.513;69.429;69.855;48.280;69.538;71.663;80.513,0.45470689803561753,2.6867179668099728,1.4733971448141616,-0.24684902760158187,1.2206497772006681,0.14251299961169014,-1.3487502319690912,0.3859152034336406,-1.3682178037349302,-0.5020358669307156,-0.014205238425147315,2.5328386558808518,56.852,72.950
1766337747.481666,81,102;103;104;105;200;201;202,69.887;68.472;70.073;44.629;70.379;72.343;81.095,0.4489759438932267,2.6759031319898257,1.4687209284114178,-0.24906020058989947,1.2242389493324006,0.13777544822772766,-1.338716060570906,0.3954987013400293,-1.373910547526203,-0.5015734347479963,-0.017484795342714687,2.5374066452268087,56.937,72.545
1766337747.582252,82,102;103;104;105;200;201;202,70.392;69.882;69.035;45.738;70.425;71.795;81.162,0.44467914876266146,2.6685706113608303,1.4653347269331514,-0.25049519204133613,1.227303602104605,0.13409413309739546,-1.3316692359767015,0.4019435126574765,-1.3780623786929762,-0.5014745952080538,-0.019220709580486744,2.5409689151109034,56.995,72.258
1766337747.680121,83,102;103;104;105;200;201;202,69.380;69.206;68.754;44.439;71.327;72.067;80.898,0.4425456326622886,2.663893067399011,1.4637131477994283,-0.2523537150570725,1.2292835032338332,0.13197302217351922,-1.327678147582452,0.40613498628366695,-1.3802434333898796,-0.5008478942414791,-0.021226038144445708,2.5439319475273634,57.048,72.106
1766337747.780010,84,102;103;104;105;200;201;202,69.898;69.206;69.892;44.242;70.081;73.015;80.788,0.440373100678807,2.6598729648760187,1.4618172192183723,-0.25336146213095345,1.2311974623714672,0.13015378814979578,-1.323796122205164,0.40966533948690576,-1.3823807651325646,-0.5009929200855578,-0.02253878322779282,2.5461545823700633,57.080,71.951
1766337747.879854,85,102;103;104;105;200;201;202,70.309;69.433;70.148;44.278;70.710;71.966;80.815,0.4388779026092729,2.6583086130984306,1.4608623512490684,-0.2549991199480711,1.23275066926893,0.1286705613015709,-1.3220248017479816,0.41098425928819976,-1.3836903242292158,-0.5008166182139051,-0.023317480157279497,2.54828044882089,57.089,71.873
1766337747.979937,86,102;103;104;105;200;201;202,70.590;69.498;70.047;47.448;69.899;72.106;81.819,0.43669958553559357,2.6559139669094747,1.4591905687118327,-0.2551209937281497,1.2345156348437423,0.12677234588307795,-1.3191569595987673,0.41298345725977675,-1.3856233904485613,-0.501273023276953,-0.023032790145489007,2.549780228702875,57.096,71.747
1766337748.076309,87,102;103;104;105;200;201;202,69.745;69.155;69.349;48.428;70.168;72.620;81.408,0.4352122921283481,2.6522869816092762,1.45775638021196,-0.25597510109809685,1.235690491932507,0.12552757604261242,-1.3159306004233253,0.41621490466728744,-1.3871924660770023,-0.5011835833280983,-0.024622546050288657,2.551371036279174,57.134,71.626
1766337748.176260,88,102;103;104;105;200;201;202,69.546;69.510;70.015;46.498;69.887;72.026;81.441,0.4338683558792633,2.6507462680823206,1.456730002722623,-0.25647955115024645,1.2368411004962887,0.12447469431012609,-1.314129737867915,0.41750668660599066,-1.388390839123176,-0.5014775432457027,-0.02487705343414548,2.552520497067266,57.140,71.547
1766337748.275272,89,102;103;104;105;200;201;202,70.325;69.650;70.466;48.940;69.383;73.930;81.277,0.43303919766046095,2.648079242938555,1.4554882820385784,-0.2564000500803561,1.2376954952604355,0.12377920507750002,-1.31163791536373,0.4198727060854283,-1.389357931974027,-0.5017904450893054,-0.025806859704339158,2.5533048923500585,57.163,71.455
1766337748.371918,90,102;103;104;105;200;201;202,70.716;69.593;69.947;47.738;69.803;72.397;80.999,0.432666106260161,2.647910974410739,1.4553903964553758,-0.2571094257918926,1.2381237701182763,0.12325391752824531,-1.3114228312476692,0.42000428830845987,-1.3896520245164616,-0.5015273974864407,-0.025999659784290363,2.55405591886123,57.165,71.444
1766337748.470741,91,102;103;104;105;200;201;202,70.113;68.424;69.516;47.191;69.976;71.369;82.337,0.4323087952381824,2.6485503815345197,1.4551194690478402,-0.2581255536226689,1.2385677683329575,0.12264285803632019,-1.3114890605737475,0.41934680754951753,-1.3898464274356135,-0.501392901720423,-0.0261622297445296,2.554812478330781,57.144,71.435
1766337748.570220,92,102;103;104;105;200;201;202,70.148;68.942;69.540;46.026;69.654;71.656;80.453,0.43228733277898856,2.649524623081079,1.4551887826330265,-0.2582204988419178,1.2386628168581633,0.12246773787153059,-1.3120472938016285,0.4184241787618986,-1.3897438512651155,-0.5014341731357146,-0.02563858155543461,2.5548436709913567,57.125,71.449
1766337748.682394,93,102;103;104;105;200;201;202,69.432;69.603;69.293;46.693;69.299;73.398;81.685,0.4319097776242867,2.647333613740986,1.4546668614519873,-0.2578129979628553,1.2388863056050219,0.12260302371164684,-1.3104407420710134,0.42043749305784267,-1.3902975532577715,-0.5017469827152655,-0.02640579465500413,2.5549211298786254,57.158,71.398
1766337748.770153,94,102;103;104;105;200;201;202,69.893;68.779;69.166;48.188;69.375;73.161;81.549,0.43181172145281704,2.6459227123933773,1.4541688393333592,-0.25812119435540076,1.2393164553660163,0.12233379532429284,-1.309294246938771,0.4217226914746984,-1.3905548578294038,-0.5016835069588442,-0.02733492972700184,2.555575986513132,57.173,71.360
1766337748.867291,95,102;103;104;105;200;201;202,69.327;69.198;69.672;45.779;70.435;72.184;81.679,0.4324363782355706,2.6466413705685623,1.4551536637449485,-0.2592632873953814,1.2391383447703301,0.12274063330379341,-1.3105434635340796,0.4211778064352351,-1.389977664968326,-0.5009965752871616,-0.027924148181856623,2.5561287719254286,57.186,71.417
1766337748.969396,96,102;103;104;105;200;201;202,70.147;69.262;69.337;44.852;70.086;71.754;81.555,0.4327536729713234,2.647894339284211,1.4556445156145437,-0.25954700648278023,1.2391623283327253,0.12282400781098589,-1.3116306272954614,0.4200527553331005,-1.3895801355180604,-0.5008576326684477,-0.027479833412620933,2.556261936667529,57.172,71.455
1766337749.068588,97,102;103;104;105;200;201;202,69.637;69.031;69.963;45.788;70.047;71.629;80.651,0.4323143645114113,2.647911360190316,1.4556731192061554,-0.2593801372376276,1.239509676370636,0.12258623364293586,-1.3116049575111925,0.42001848293955496,-1.3898951476560255,-0.5010024235550413,-0.02686488623955495,2.556440972799624,57.175,71.450
1766337749.164731,98,102;103;104;200;201;202,68.969;69.543;70.045;69.696;71.919;80.971,-0.4756255822331244,-2.723969331457402,-1.4910354148370393,-0.24777611260562754,1.2108217965314174,0.15918571740692186,-1.3844953648158935,0.35289409221510554,-1.3474874717693635,-0.5015981704533505,-0.009445333262891514,2.5240006968010302,56.669,74.455
1766337749.265344,99,102;103;104;105;200;201;202,70.334;69.626;69.702;44.729;70.611;72.235;81.007,0.46444754408566535,2.703630155248973,1.4813766348914659,-0.24832710690617052,1.2158495112369803,0.14989466581297148,-1.3650120979907783,0.3709860813944332,-1.3586767229907115,-0.5011327285361316,-0.013020661348211005,2.529146590392047,56.754,73.629
1766337749.364976,100,102;103;104;105;200;201;202,69.989;69.405;68.816;48.094;69.299;72.110;81.653,0.455119988763278,2.686177022884319,1.4736327156456315,-0.2490521323022557,1.220990594054586,0.14241635406023284,-1.348714647769423,0.38647307760865746,-1.367978652850896,-0.5011057433816645,-0.016189847652971406,2.5344683352764488,56.869,72.958
1766337749.463156,101,102;103;104;105;200;201;202,70.431;69.232;69.845;46.769;69.868;71.463;81.879,0.44792650043750765,2.675015923781828,1.4680297734641437,-0.2505229023449386,1.2252553845096708,0.13666033029155145,-1.337569967954663,0.39622587501194495,-1.3748073739908322,-0.5013044425707224,-0.018172927801302835,2.5389717618995866,56.937,72.491
1766337749.562518,102,102;103;104;105;200;201;202,69.773;69.618;69.252;48.086;70.205;72.544;81.050,0.4438669568417045,2.6671094669059072,1.464703352764501,-0.2514326688386047,1.2283203335829187,0.1331038661335281,-1.3303038399397225,0.4032331309596866,-1.3788547739664285,-0.5012163218768678,-0.019879143014838285,2.542421832984779,57.008,72.203
1766337749.660883,103,102;103;104;105;200;201;202,70.592;68.390;69.909;49.056;70.327;71.789;80.493,0.4404577834519938,2.6610562539687717,1.46201526132929,-0.25344971854413495,1.2311283231321068,0.13000289543579496,-1.324577408403152,0.4085618859614031,-1.3821681969577069,-0.5009108164635504,-0.021959143592065355,2.546062039477232,57.062,71.974
1766337749.761664,104,102;103;104;105;200;201;202,70.333;68.124;69.767;46.006;69.992;71.500;80.851,0.43850004564220896,2.6578055526601383,1.4607587973340814,-0.25464779856087355,1.233026758320478,0.12817533190470967,-1.3216321944195666,0.41143515194850766,-1.3840282769396839,-0.5007036680282273,-0.02281265929894874,2.5484586062919954,57.098,71.857
1766337749.861128,105,102;103;104;105;200;201;202,70.157;69.249;69.047;47.505;70.001;71.990;81.411,0.43607325680944564,2.6540494575116114,1.458814199197929,-0.25555951625412165,1.2348410978703177,0.12632216823201792,-1.3178074900956966,0.41469108447842856,-1.3863152149065068,-0.5009925721467675,-0.023862068780895307,2.550439447445319,57.126,71.701
1766337749.957470,106,102;103;104;105;200;201;202,69.672;69.249;69.765;46.546;69.913;73.121;82.767,0.43514248642971587,2.6516758883436014,1.457576390950126,-0.2560344550610616,1.235858302243055,0.12543722755321798,-1.3154600518872699,0.41677463452538166,-1.3873231288209058,-0.5011746838626641,-0.024937376581611326,2.551600738433513,57.142,71.610
1766337750.053519,107,102;103;104;200;201;202,69.274;69.776;69.281;69.727;72.228;81.380,-0.47569864751840457,-2.721228248174413,-1.4887474421191038,-0.24378549799268,1.208859449516092,0.16061818067490188,-1.3870621657009057,0.3499318929326038,-1.3461982445741574,-0.502851110686006,-0.006141456702374981,2.519964132136505,56.642,74.556
1766337750.187555,108,102;103;104;105;200;201;202,69.974;68.642;69.129;45.977;69.257;71.786;81.856,0.4643105858813915,2.704360759075033,1.4816555907326638,-0.2452351464355716,1.2150469247080495,0.15053124940720328,-1.365588907315269,0.37031028808095034,-1.3586651422298135,-0.5022372617195157,-0.010479099338970649,2.526693239373106,56.750,73.648
1766337750.290477,109,102;103;104;105;200;201;202,70.898;69.266;70.209;47.272;70.169;71.093;80.158,0.45488540967835783,2.6886093854226285,1.4741908568747168,-0.24719284906369632,1.2204428263925082,0.14266222560032155,-1.3503764365389814,0.38419874298525836,-1.367811784548229,-0.5018518284143272,-0.013393424926451347,2.5327116803408822,56.840,73.008
1766337750.471620,110,102;103;104;105;200;201;202,69.966;69.427;69.216;48.968;69.389;72.445;81.990,0.4479480571463278,2.675137670172956,1.4683906698935583,-0.24888814791620875,1.2248317937020266,0.1370388176480907,-1.3379245438190819,0.3961483226762748,-1.3747603276230624,-0.5016698948863059,-0.01683119379789208,2.5378110585243694,56.946,72.507
1766337750.589622,111,102;103;104;105;200;201;202,70.647;69.184;69.180;46.491;69.861;72.295;81.263,0.4439511717510148,2.6680646438090454,1.464969894239276,-0.250241594048698,1.2278394655179896,0.13343618643647384,-1.3310210249187895,0.40235411891052053,-1.3786653355237686,-0.501599791946741,-0.01862012821978662,2.541293871383026,56.996,72.227
1766337750.685212,112,102;103;104;105;200;201;202,69.737;69.732;69.348;46.539;69.830;73.107;80.976,0.4406215823525867,2.661086638625795,1.461997407916266,-0.250967836859456,1.230596707353838,0.13067465380077511,-1.324600112411199,0.40853860716062707,-1.382047023600143,-0.5018250121961698,-0.020392170602379772,2.5442930199998086,57.060,71.976
1766337750.785281,113,102;103;104;105;200;201;202,69.891;68.409;68.649;47.993;69.878;72.547;81.162,0.43821771812954563,2.655817481777162,1.4601454333518618,-0.25291478196997313,1.232561011062301,0.1287476180403697,-1.3200740998239784,0.4132516050570411,-1.3844969051964864,-0.5014621710716831,-0.022859271779153034,2.547187344218898,57.122,71.806
1766337750.882652,114,102;103;104;105;200;201;202,70.485;68.781;68.463;47.649;69.443;71.949;81.115,0.43575002294220266,2.652469289664957,1.4581561724233978,-0.2541074204319881,1.234785863248962,0.12660168158946453,-1.3164174271780846,0.41611071884178386,-1.386764983909509,-0.5017453990721693,-0.02371546189772422,2.5496402924607553,57.140,71.652
1766337750.983789,115,102;103;104;105;200;201;202,69.562;69.184;69.876;49.142;69.226;71.562;81.218,0.43299541626851706,2.6492138535913456,1.4560583217526533,-0.254788278082945,1.2368826831406503,0.12454389653271014,-1.3126799489070693,0.41885182405920285,-1.3892321606437177,-0.5023704793804545,-0.024094941304421025,2.551604721319445,57.156,71.490
1766337751.080370,116,102;103;104;105;200;201;202,69.087;69.252;69.422;49.181;69.658;72.232;82.016,0.4312352603049004,2.64701052388044,1.454161720240228,-0.25580216704498177,1.2383930786106627,0.12300829066030831,-1.3097772725233658,0.42065625749327157,-1.390844865447851,-0.5028362798234143,-0.02510198134496,2.5532067480886016,57.152,71.364
1766337751.178581,117,102;103;104;105;200;201;202,70.135;69.249;69.733;45.467;69.722;72.198;80.392,0.4312710514915338,2.647886014215483,1.4546543357142627,-0.25629300975243213,1.2390233955148273,0.12285708559375183,-1.3106334793748016,0.41987809999846754,-1.3906955558377316,-0.5027512471437097,-0.024570997968353686,2.5539999896743333,57.148,71.394
1766337751.277823,118,102;103;104;105;200;201;202,69.835;69.241;69.080;47.915;70.009;71.754;81.712,0.43109966987998083,2.647895221286022,1.4547246679938004,-0.2579818786141547,1.2392404369782073,0.12247234240640004,-1.3106725407096993,0.4198688385874828,-1.390815726491935,-0.5021371161580215,-0.02564911551569085,2.555046745642604,57.150,71.395
1766337751.375882,119,102;103;104;105;200;201;202,69.818;69.314;70.217;45.193;69.665;71.617;81.291,0.4306590108851983,2.6477293747817003,1.4544048579062896,-0.25882809609607393,1.2395364025686604,0.12211879240019628,-1.3102708657544455,0.41996968975630883,-1.3911675650762034,-0.5020884927560887,-0.026173703315293756,2.555618034206149,57.145,71.374
1766337751.477428,120,102;103;104;105;200;201;202,70.712;69.384;68.613;44.956;69.265;73.813;81.332,0.4310371340081907,2.647999024872301,1.4548052078527345,-0.2574784664794171,1.2395509875110922,0.12251517306823449,-1.3107831575682938,0.4197757818211178,-1.3908454587022843,-0.5024339881828376,-0.025005657348719318,2.5550494728703397,57.151,71.398
1766337751.575460,121,102;103;104;105;200;201;202,70.133;69.236;69.825;46.514;69.348;71.915;80.943,0.43031824373581007,2.6476320725308864,1.4543025107525498,-0.2575329440519953,1.2400807834258132,0.12189599172286128,-1.3100932231921747,0.4200343510555916,-1.391430070989279,-0.5026274431419697,-0.02472564419479978,2.5554497912124012,57.146,71.363
1766337751.706728,122,102;103;104;105;200;201;202,70.410;69.578;70.470;47.302;70.254;72.293;81.110,0.4301550427446205,2.6472732251179325,1.4541761695229247,-0.2577839805209332,1.2402670618102185,0.12158265120999001,-1.3097837462511295,0.42035449843729394,-1.3915958373636672,-0.5024464620314539,-0.024909505917500074,2.5558018131487996,57.150,71.352
1766337751.816864,123,102;103;104;105;200;201;202,71.033;69.428;69.957;45.632;69.787;72.602;81.613,0.43063572919344334,2.647617637439987,1.4544829937479142,-0.2582547738046433,1.2402225421426076,0.1217023492240899,-1.3102728728593207,0.42008390302250875,-1.3911944424259306,-0.5021246961617323,-0.02528627110342216,2.5560925333691085,57.150,71.375
1766337751.905750,124,102;103;104;105;200;201;202,69.887;69.060;69.470;47.542;69.547;72.582;81.974,0.4309072604005576,2.647146427969059,1.4542920240201502,-0.2583569275092473,1.2400435718914329,0.12173478204271873,-1.309909914669294,0.4205252527431437,-1.3910611592800637,-0.5019630633148889,-0.02592915012950825,2.55607676415496,57.154,71.366
1766337752.004876,125,102;103;104;105;200;201;202,69.591;69.226;70.012;45.559;70.387;72.521;81.950,0.4317146101305075,2.6474006842671165,1.45473056524806,-0.2590917390818102,1.239680651417361,0.12223383875688056,-1.3105013319988774,0.42037117840885246,-1.3904284270689442,-0.5015356440513623,-0.026923680060204278,2.5562374593232793,57.159,71.398
1766337752.134870,126,102;103;104;200;201;202,70.754;69.008;70.288;69.466;72.900;82.228,0.4739062563572371,2.724050997625231,1.489511836209924,-0.24602890893704782,1.2121232255505365,0.1580836942045139,-1.3830613340646285,0.3526558095025731,-1.3487958338227368,-0.5033047166153007,-0.0071663443668448235,2.523645841894257,56.623,74.369
1766337752.233115,127,102;103;104;200;201;202,70.216;69.715;70.041;69.342;73.524;80.997,-0.4860343267203437,-2.6703543127648985,-1.4553733135053328,-0.2299763534061361,1.190133727947539,0.1817499385644509,-1.4330216529232354,0.30485714353673643,-1.3174809443889164,-0.5050841614120115,0.00783664004800197,2.495936429335928,56.503,76.584
1766337752.333804,128,102;103;104;105;200;201;202,70.393;69.201;69.659;44.745;70.027;71.418;80.844,-0.4789508858817492,-2.7086395768323865,-1.4793876811572513,-0.23364093812893338,1.1998639545228231,0.16623422334564725,-1.3984375965303615,0.3380743083737347,-1.3385764696214926,-0.5040070254183752,0.0007507579806782516,2.506824862007514,56.554,75.045
1766337752.432500,129,102;103;104;105;200;201;202,69.859;68.256;68.822;46.540;69.972;71.856;81.551,0.4702934697660508,2.7142361495009655,1.4853537913902062,-0.237591463477159,1.2077711282964116,0.15515056345223066,-1.3743213194364632,0.3614876629486354,-1.3529037281473957,-0.5028952818609147,-0.005323032982611109,2.51640882180354,56.672,74.015
1766337752.531177,130,102;103;104;105;200;201;202,70.151;69.702;69.439;47.672;69.387;72.227;82.078,0.45888444074853474,2.694713813412766,1.4759122397627698,-0.2400847184027754,1.2151659000158548,0.14615318764565405,-1.3553906907264683,0.37872099566971007,-1.3640816485700393,-0.5032256562728369,-0.00914529780350104,2.524339614929857,56.765,73.213
1766337752.627404,131,102;103;104;200;201;202,70.643;69.163;69.069;69.446;72.166;81.921,-0.48267659424354115,-2.6901066198887262,-1.4679193178312584,-0.2278302438535588,1.1928508816347898,0.1738475240209258,-1.4152120123912435,0.3222229165127994,-1.3283024774760321,-0.5047045820614324,0.006484160690374635,2.4976294789927307,56.521,75.787
1766337752.731498,132,102;103;104;105;200;201;202,69.397;68.213;69.403;45.635;71.025;73.337;81.324,-0.47772007347778334,-2.7223600416857083,-1.4892291516488216,-0.2325461366888304,1.201311155474559,0.16174635828581,-1.3857445750860802,0.35133632711580376,-1.3453414480955044,-0.5034197744912632,-0.002172787087492828,2.508259489863594,56.632,74.519
1766337752.829333,133,102;103;104;105;200;201;202,69.738;68.703;70.170;44.237;69.918;72.084;81.396,0.4665167380658751,2.704429400251582,1.4817337717342058,-0.23699909739302208,1.2087125175751188,0.15249343118375483,-1.3659695500221942,0.37034372635967583,-1.3570755397006364,-0.5025399193041362,-0.007765714983308858,2.5174724109003206,56.744,73.683
1766337752.932175,134,102;103;104;105;200;201;202,69.782;69.166;70.176;44.666;69.922;72.661;81.813,0.4587077829523658,2.689330464810493,1.4752172172801676,-0.2407485556122938,1.2142793123802578,0.1458434772881019,-1.352059090111962,0.38377905504792603,-1.364929278644437,-0.5016813693172675,-0.012501616932571347,2.5247352447797544,56.846,73.113
1766337753.026974,135,102;103;104;105;200;201;202,70.202;69.518;69.370;47.862;69.953;72.090;81.221,0.45077708362216634,2.6769087185191593,1.469038063526456,-0.24371824937361622,1.2205592497899747,0.13940478955216165,-1.339720738811678,0.39465275228170643,-1.3724752845659913,-0.5020673230352203,-0.015207019961669815,2.531725427529004,56.921,72.595
1766337753.132128,136,102;103;104;105;200;201;202,70.656;69.713;69.229;45.988;69.790;73.174;81.018,0.44655823429718094,2.669092216533639,1.4656420383589166,-0.24594495517732082,1.2241118030061355,0.13580633239490086,-1.3324291377114195,0.4015639559970594,-1.3766304519435353,-0.5018978375264193,-0.017712324040181,2.536152594459556,56.987,72.303
1766337753.227259,137,102;103;104;105;200;201;202,69.935;69.760;68.931;46.596;69.686;71.217;81.970,0.44261636165902835,2.663357153130686,1.4625886590992658,-0.24945135318797462,1.2277959579369875,0.13217702302355283,-1.3265074974593607,0.4065288971886998,-1.3803065217637023,-0.501608774185187,-0.02031323501456908,2.5410967703285685,57.024,72.055
1766337753.329934,138,102;103;104;105;200;201;202,70.231;69.527;69.514;47.814;70.633;72.772;82.312,0.4399415938968308,2.6586504204646526,1.4606757587968364,-0.2512904774022464,1.2304411424622985,0.12984581082649432,-1.322190266261252,0.41068772580848756,-1.3828886863392185,-0.5014855343701438,-0.021926321735925597,2.5444529628340695,57.072,71.885
1766337753.429215,139,102;103;104;105;200;201;202,70.802;68.786;69.396;48.358;70.546;73.691;81.189,0.4383056767505541,2.655022987536737,1.459467536610371,-0.25203185143362467,1.2321012549126484,0.1284754223174054,-1.3191291253347142,0.4139395380025426,-1.3845569862152007,-0.5014454539014396,-0.022971449479340766,2.5464590945130254,57.117,71.770
1766337753.526780,140,102;103;104;105;200;201;202,69.550;68.915;69.903;46.811;69.304;71.280;81.443,0.4363493889313763,2.6526001234000742,1.457809251608752,-0.2529367794556762,1.2339102677252207,0.1266884548029672,-1.3162841513529944,0.4159761428306711,-1.3863302847092247,-0.5017234808642239,-0.02351163196484285,2.5483903286498824,57.125,71.648
1766337753.624320,141,102;103;104;105;200;201;202,70.337;69.317;70.112;48.233;70.121;72.060;81.748,0.43427586119524003,2.6507711683633346,1.456626455316633,-0.25419250015248046,1.2358301228448454,0.12507826889909698,-1.3141125327154797,0.417491014511254,-1.3880972159456373,-0.5020057112528669,-0.02376499360712908,2.55051628231742,57.135,71.549
1766337753.726617,142,102;103;104;105;200;201;202,70.043;69.711;69.439;46.020;70.123;71.574;80.834,0.43301640809442654,2.6497446710271744,1.4560768566023692,-0.25551154973913426,1.2373622511695739,0.12406170962529496,-1.3129727507877613,0.41834853464873806,-1.389153351299824,-0.502096333596566,-0.02412184762260583,2.5524095334380172,57.145,71.498
1766337753.824008,143,102;103;104;105;200;201;202,69.728;69.320;70.489;49.258;70.614;72.142;81.722,0.4319787821261669,2.64779403006084,1.455501029478507,-0.2573560331222721,1.2383167731187135,0.12314821603838076,-1.3113613681130296,0.420094943717102,-1.3901591274292207,-0.5016262675830206,-0.025715752884653442,2.554232748770888,57.173,71.437
1766337753.922766,144,102;103;104;105;200;201;202,68.723;68.882;69.289;48.595;69.889;71.905;81.529,0.4312118029158098,2.6462992957593974,1.4546559431130461,-0.2579111456840544,1.2391165239827455,0.12241047765047877,-1.3098039304146838,0.4213890158772594,-1.390925492135574,-0.50171049088136,-0.026439716127815274,2.555203865960709,57.182,71.375
1766337754.018002,145,102;103;104;105;200;201;202,70.996;69.155;69.421;47.986;70.102;71.514;81.752,0.43098415059010536,2.64697102420024,1.4548268328405485,-0.25921643176620135,1.239875752765804,0.12175167819401865,-1.3102604261738349,0.42075629021139216,-1.3910043283202467,-0.5013032400712141,-0.026509517665298327,2.556516817632362,57.174,71.387
1766337754.126368,146,102;103;104;105;200;201;202,70.204;68.711;70.133;47.195;70.416;71.332;82.422,0.43137204594152595,2.6478472333862904,1.455438363951146,-0.2608284738586175,1.2397784801407474,0.12170187123122306,-1.3112589656577032,0.42000771689787475,-1.3905948812876598,-0.5004962046235416,-0.027321173086117673,2.5573098494169333,57.172,71.427
1766337754.216714,147,102;103;104;105;200;201;202,70.344;68.597;68.371;48.032;70.321;72.148;81.578,0.431336116338542,2.6473239773503456,1.4553888035544453,-0.26064578335582117,1.2397279001398944,0.12178020345786231,-1.3109429376844448,0.42049961125201424,-1.3906847262926911,-0.5005179365657932,-0.027465911858955902,2.5572220520137185,57.182,71.418
1766337754.313957,148,102;103;104;105;200;201;202,70.778;69.016;69.324;47.540;70.509;73.077;81.036,0.4321944551699297,2.647434288189013,1.4559833031610938,-0.26082122496118393,1.2394711067063147,0.12220932251428691,-1.3115921227738947,0.4205024019392105,-1.3900255440437246,-0.500069848568466,-0.027914045398218623,2.5573167388592823,57.195,71.456
1766337754.412633,149,102;103;104;105;200;201;202,70.349;68.960;68.889;48.300;70.569;71.658;82.397,0.43240402394353017,2.648446806401422,1.4563521584310937,-0.26200434888357943,1.2396207296306943,0.12207266878605422,-1.3124419138200192,0.41958770258690564,-1.38973900958241,-0.49964549880949183,-0.02823701142327377,2.5580138993837824,57.183,71.485
1766337754.514393,150,102;103;104;105;200;201;202,69.222;69.481;69.484;47.927;70.230;72.032;81.942,0.43211952533547615,2.647727573615729,1.4561857166166745,-0.26278001296930215,1.239687754123825,0.12191233439696483,-1.3118976218737626,0.4202415498403052,-1.3900368860719654,-0.49940764007407373,-0.02909678612315951,2.5584728923336355,57.195,71.466
1766337754.612236,151,102;103;104;105;200;201;202,70.029;69.069;69.237;43.853;69.298;73.337;81.475,0.4319611412519859,2.6473414453986313,1.4560204462466735,-0.2609603486593261,1.2398111396262783,0.12228894329418366,-1.3115433970061854,0.4205838221884176,-1.390203975190788,-0.5003045420042674,-0.027851423094160402,2.5576021471147703,57.199,71.453
1766337754.712762,152,102;103;104;105;200;201;202,69.586;68.930;68.945;46.219;70.503;73.113;80.389,0.4330225374651268,2.6467793138875786,1.4565359758009795,-0.2610075886128528,1.2391787980583593,0.12309056544508455,-1.3118070083655158,0.4212287763243197,-1.3894800698342427,-0.4998657434529969,-0.028931048197532422,2.5573482446334173,57.223,71.483
1766337754.811891,153,102;103;104;200;201;202,69.804;68.227;69.733;69.883;71.954;82.061,0.4752067691116943,2.7234885776989843,1.4912544222354347,-0.24786350550450084,1.2118039719368026,0.15902658282579707,-1.3843215926434103,0.353403023930638,-1.3478537565477442,-0.5018247900464533,-0.008998546833444726,2.5249175032953106,56.685,74.449
1766337754.976213,154,102;103;104;105;200;201;202,69.337;69.434;69.257;47.591;70.390;72.229;81.193,0.4634396811850769,2.700918786077957,1.481078909611331,-0.248520505411897,1.2168758083777622,0.14948196663106617,-1.363263013537768,0.3735018548629756,-1.3597653479511855,-0.5011597710408093,-0.013492538436095713,2.5303279274485906,56.798,73.567
1766337755.072178,155,102;103;104;105;200;201;202,70.213;69.126;69.994;45.463;69.590;72.225;81.660,0.45492532253235507,2.685884365534844,1.4739378281716509,-0.24919295966466237,1.2214755895353393,0.14244073126832751,-1.3487833293278508,0.3867746189253663,-1.368140948100172,-0.501142097378895,-0.015994492456695014,2.5350052268092558,56.884,72.964
1766337755.172327,156,102;103;104;105;200;201;202,70.043;68.838;69.103;47.197;69.653;72.051;80.503,0.44900893657779994,2.675177377844273,1.4689432164403367,-0.25071036033793936,1.2253431862792532,0.13722565868291065,-1.3385253537220663,0.396215618727012,-1.3739667473062862,-0.5008801179148881,-0.018472966517736528,2.539456125187603,56.959,72.545
1766337755.271482,157,102;103;104;105;200;201;202,70.473;69.790;69.132;46.891;70.683;72.713;80.653,0.4447901553355002,2.668068514899244,1.4659850903716254,-0.25177296982813324,1.2284664514278094,0.13365438991681197,-1.3319469895468448,0.40249640632917555,-1.378014941597235,-0.5007725827071121,-0.01961120059536156,2.542948816488554,57.025,72.279
1766337755.375976,158,102;103;104;105;200;201;202,70.226;69.875;69.473;44.892;70.332;72.690;80.979,0.44197372113427513,2.662998836970607,1.4638499865806296,-0.2532431741971936,1.2305304961741053,0.13127192483230402,-1.3272523238785998,0.40697629364149224,-1.3807587287467404,-0.5005344245004026,-0.02129320659930395,2.545632085326668,57.073,72.093
1766337755.469780,159,102;103;104;105;200;201;202,69.757;69.512;68.919;47.329;71.263;73.096;81.057,0.44021092602982287,2.6583604474933837,1.4621647309358738,-0.2546224828001867,1.23228382968352,0.12953251940628155,-1.3232734312133414,0.41113824231046053,-1.3826649911070827,-0.5001768885247829,-0.023379839763292193,2.5481339048420724,57.123,71.945
1766337755.566584,160,102;103;104;105;200;201;202,70.758;68.816;69.919;44.938;70.191;71.992;81.446,0.4375864431624658,2.6555682222461825,1.4602273878723744,-0.2551137128351356,1.2341415672145561,0.1276594353287888,-1.3199287013356116,0.4134686073143834,-1.3849796385689093,-0.500840321899549,-0.023497384065999466,2.5497525501697984,57.132,71.797
1766337755.666272,161,102;103;104;105;200;201;202,70.128;69.132;69.736;46.482;68.961;72.591;80.940,0.43540950407137685,2.65214326695457,1.4583349552550926,-0.2551536768073462,1.235812266295526,0.12599669722008908,-1.316348162173162,0.41642521477601785,-1.3870426513346876,-0.5013911049053115,-0.023885114162144172,2.5511766948663896,57.154,71.650
1766337755.762241,162,102;103;104;200;201;202,70.082;68.756;69.567;69.376;71.973;82.169,-0.47622314940775784,-2.719813324526199,-1.4882368026948367,-0.24273996872455794,1.2088440237849305,0.16085520746792623,-1.3883254285783602,0.3490930628819066,-1.345345333303501,-0.5027861252662889,-0.004961958971141961,2.519632010794951,56.649,74.616
1766337755.868168,163,102;103;104;105;200;201;202,69.499;68.969;69.356;47.132;70.109;71.656;81.481,0.46448460738827324,2.704789699718411,1.481756489379847,-0.2439010969387683,1.2151015974789823,0.15049647963439922,-1.365910157269419,0.3699180608567754,-1.3584795814470128,-0.5025896606298583,-0.009190025507602784,2.5260891022661944,56.745,73.660
1766337755.964624,164,102;103;104;105;200;201;202,70.292;69.600;69.365;44.600;70.146;72.221;81.948,0.45617057287586893,2.689631380164945,1.4748021790418413,-0.24554854164582438,1.2197173578042078,0.143430953456778,-1.351553882623802,0.3833412333087855,-1.366730630097186,-0.5020228142245152,-0.01244630919909237,2.5314142650703193,56.835,73.064
1766337756.063345,165,102;103;104;105;200;201;202,69.719;69.813;68.559;47.767;69.517;71.628;81.828,0.44887542099506905,2.676480947648433,1.4685507721773887,-0.24735183181247664,1.2240836684416796,0.1375661765183789,-1.3388637631670468,0.3949253021410048,-1.3739188085894285,-0.5020371910713753,-0.015808368839875075,2.5363625538977224,56.921,72.544
1766337756.162545,166,102;103;104;105;200;201;202,70.667;69.037;68.838;48.218;69.082;72.720;82.245,0.4438568728754857,2.6668694147304004,1.464342788955395,-0.24852956910691829,1.227849698837073,0.1334257241236553,-1.329889337976229,0.4034233012287112,-1.378907312468781,-0.5021894448835215,-0.01804320407321941,2.5405178620260274,57.002,72.186
1766337756.263459,167,102;103;104;105;200;201;202,70.834;69.288;68.857;47.663;70.296;72.384;81.999,0.44095079091523787,2.660980042332604,1.4619707943570692,-0.2508932902682636,1.23029371174343,0.1306825752690616,-1.3245666427554752,0.4086527363302197,-1.3818233433618203,-0.501585306957812,-0.020669524293591424,2.5441017753934796,57.060,71.978
1766337756.364633,168,102;103;104;105;200;201;202,71.176;69.403;69.313;44.153;70.086;72.689;81.266,0.4387125358254685,2.65795285657641,1.4606849285457861,-0.251577109500856,1.2322144417001375,0.12900625834302018,-1.3216766289724038,0.4112965870261259,-1.3838601857497106,-0.5018064808209466,-0.020902718788062075,2.5461161972605657,57.092,71.859
1766337756.460656,169,102;103;104;105;200;201;202,69.606;69.272;69.188;48.780;70.404;72.393;81.479,0.4364043653762456,2.6545500466923326,1.4589372262841172,-0.25316435619020716,1.2343932065599612,0.12692875872191764,-1.318208844805885,0.4142427851911895,-1.3860107768812104,-0.5018079102983806,-0.022088897868546647,2.5488100676233993,57.118,71.716
1766337756.557736,170,102;103;104;105;200;201;202,70.444;68.950;69.462;46.837;70.169;72.043;81.199,0.43518645413993573,2.6530587701542414,1.4580169045207314,-0.25421701208054104,1.2355605776232033,0.12576056609629305,-1.3165366492196346,0.4155061615972396,-1.3871083567758522,-0.5017703334589413,-0.02273007866283805,2.5503167334736663,57.126,71.645
1766337756.657723,171,102;103;104;105;200;201;202,70.315;69.282;69.521;46.978;69.881;71.691;81.587,0.4340440206439876,2.6515043259912945,1.4574767407735514,-0.25582462749589824,1.2368005891897416,0.12471729844192589,-1.3151471904779526,0.41687467721536353,-1.38814260243712,-0.5014704598360447,-0.02370837401745282,2.552229894510092,57.146,71.589
1766337756.758027,172,102;103;104;105;200;201;202,70.145;69.445;69.758;45.999;69.232;71.705;81.338,0.4332788781597831,2.6507683505777617,1.4568981923348827,-0.25663516030949557,1.2375245459396722,0.12389707477650543,-1.3141996167116832,0.4174758844977085,-1.3888079084009306,-0.501379473692981,-0.02411960319206491,2.5532300510927217,57.147,71.546
1766337756.856602,173,102;103;104;105;200;201;202,69.249;68.938;69.981;49.306;69.746;71.994;82.052,0.4323779650638632,2.648127692376103,1.4561388553285868,-0.2577318472354388,1.238395287723452,0.12323747933170924,-1.3121010663111556,0.4198671206259887,-1.389804384473422,-0.5011848166968355,-0.02571129374936651,2.5546616326498084,57.184,71.473
1766337756.956595,174,102;103;104;105;200;201;202,71.099;68.563;69.039;46.450;70.023;72.097;81.493,0.4320760720068367,2.6481661652752684,1.4561472061419665,-0.2583085414026546,1.2390158030848784,0.12294833492453182,-1.3120882197668624,0.4198167333325519,-1.3900181409057628,-0.501197150327961,-0.025703974840363214,2.555449973741009,57.184,71.469
1766337757.055664,175,102;103;104;105;200;201;202,70.248;69.159;69.175;48.296;69.800;71.967;81.660,0.43149983156648414,2.647018839222937,1.4555769402011463,-0.25850204600017934,1.2394952886380648,0.12236198658053507,-1.3109579215883183,0.42081969704956784,-1.3905944085808248,-0.5011867796406733,-0.02605213641757663,2.556008478695051,57.194,71.425
1766337757.150755,176,102;103;104;105;200;201;202,70.456;68.746;69.913;45.344;69.883;72.335;81.753,0.4326873432179534,2.6492743214795675,1.4563917187048583,-0.258635941309572,1.23908868358248,0.12279934680199923,-1.3129397738948154,0.4188163587282452,-1.3894343080369007,-0.5008840431235138,-0.025569295527452657,2.5557500208071238,57.166,71.500
1766337757.252277,177,102;103;104;105;200;201;202,70.299;68.791;68.889;45.242;69.556;71.650;81.130,0.43294727818856,2.6500245197529027,1.456732467424551,-0.2596470138821815,1.2390618398650242,0.12278697620128108,-1.3136372651770143,0.4181510991720727,-1.389143107501639,-0.5004704850890184,-0.02601809381545729,2.5562302783362076,57.159,71.526
1766337757.351198,178,102;103;104;105;200;201;202,70.531;68.912;69.699;47.635;69.500;72.293;81.224,0.43201681465732006,2.649006854483886,1.4562830907032638,-0.259317312995988,1.2395761467723796,0.12227809782680005,-1.3126258226061245,0.4190269629003718,-1.389955985487811,-0.5007536368663063,-0.02561075834605442,2.5564726196880256,57.171,71.483
1766337757.450977,179,102;103;104;105;200;201;202,69.272;68.927;69.468;48.086;70.213;71.404;81.403,0.4320599101161092,2.6488270946014385,1.456320979068726,-0.26062204472989375,1.2394337917384874,0.12217651088379841,-1.3125688415740013,0.4192047653594656,-1.389944501272176,-0.5002085466452347,-0.02681218896472068,2.55703422852875,57.175,71.483
1766337757.546655,180,102;103;104;105;200;201;202,69.739;68.370;69.291;46.096;69.843;72.797;81.525,0.4323719124187863,2.6477571033585416,1.456394395492118,-0.2601183490860875,1.239188514877541,0.12258233574013015,-1.3121143057159754,0.4202488350433165,-1.3898419952932053,-0.5001812380677075,-0.02724175688411172,2.5567465575961923,57.200,71.479
1766337757.647743,181,102;103;104;105;200;201;202,69.900;69.249;70.055;46.245;70.204;72.308;81.997,0.43258575998270815,2.648590809148307,1.4565029506727722,-0.259776580785166,1.2390304567915993,0.12275634305189302,-1.3126619476906316,0.41947588945275505,-1.3895841489996852,-0.5003700839826359,-0.026734330729310404,2.556352374240218,57.184,71.495
1766337757.743244,182,102;103;104;200;201;202,70.680;68.974;69.729;70.429;72.273;81.369,-0.4750357726173588,-2.722424593272053,-1.4899821353820075,-0.24820704069665772,1.2111185572797623,0.1588630279160069,-1.3860214905178379,0.3512471905134203,-1.3472062116117591,-0.5012869554566741,-0.008278706517381523,2.52441841325063,56.663,74.511
1766337757.844056,183,102;103;104;105;200;201;202,70.292;69.267;69.540;47.826;70.056;71.676;81.580,0.46413747096879426,2.7043227124826346,1.4819900571533458,-0.24943871337020812,1.2164866571703727,0.1490629440603775,-1.365813388937676,0.37037156803421034,-1.3587770151761138,-0.500316607535178,-0.01249288916306976,2.5304011227992094,56.762,73.659
1766337757.943542,184,102;103;104;200;201;202,70.139;69.262;69.248;70.006;72.857;81.977,-0.4842802558184855,-2.681929807612973,-1.4644597240526456,-0.23484629071666094,1.1931536670258502,0.1763274279292526,-1.4226019144076163,0.3165482022471413,-1.3240433366155928,-0.5019920776858002,0.003229880816617292,2.5019652828146013,56.564,76.130
1766337758.041010,185,102;103;104;105;200;201;202,70.599;69.084;69.116;47.993;70.305;71.508;81.494,-0.4781286645691916,-2.715437219474214,-1.486065667119007,-0.23841762553113635,1.2021149534950952,0.1626517877857006,-1.3921913705345328,0.34608655153895074,-1.3424107832517624,-0.5009254600937053,-0.00348402888575311,2.512217780064245,56.649,74.797
1766337758.143519,186,102;103;104;105;200;201;202,69.998;68.522;69.061;44.249;69.960;71.139;80.813,0.4678147523589528,2.708453904235709,1.4840786043515157,-0.24119549525146175,1.2096796961464389,0.15245493749890354,-1.3700499313278272,0.3667821642499818,-1.3555023828110333,-0.5008100257953191,-0.00835497497495255,2.520556873453298,56.742,73.850
1766337758.243659,187,102;103;104;105;200;201;202,69.275;68.641;69.462;48.174;70.083;72.256;81.112,0.45863462055395066,2.6902477339974213,1.4762723279942873,-0.2443838981698132,1.215637643465278,0.14518233637291159,-1.3533611791969384,0.3830063783451737,-1.364814506633992,-0.5003519280931659,-0.013685384470929873,2.5278882540712893,56.862,73.166
1766337758.339362,188,102;103;104;200;201;202,69.981;69.899;69.699;71.087;72.516;81.554,-0.4837458530027015,-2.691169658593351,-1.4709059694018547,-0.23182657713016983,1.1929289836615309,0.17379164710385744,-1.4141134252998582,0.32543860671435654,-1.3285175299649534,-0.5021965230909797,0.0023400773899033,2.5006250259422025,56.592,75.767
1766337758.437763,189,102;103;104;105;200;201;202,70.098;69.839;68.690;47.467;70.006;72.504;82.716,-0.477843021854104,-2.722841205742469,-1.4907882283706229,-0.23545392694539855,1.2021636118053183,0.16085016799563945,-1.3852772617094458,0.3528536066870017,-1.345695159484163,-0.5016757723231826,-0.004051533527688278,2.510981443616906,56.673,74.511
1766337758.535089,190,102;103;104;105;200;201;202,69.390;68.451;69.790;47.982;70.290;72.105;81.698,0.4652183545756158,2.7011966935740754,1.4810280228968329,-0.2392384263187868,1.209978780793288,0.15110705866274612,-1.3635930872706992,0.37330571656268435,-1.3584596239800177,-0.5014769185611563,-0.009696917517184295,2.520051477005657,56.785,73.594
1766337758.635219,191,102;103;104;105;200;201;202,70.424;69.424;69.183;44.445;70.735;71.804;82.095,0.45732397789078383,2.6878739909760845,1.4745633176132555,-0.2428369751341889,1.2157908148230645,0.14435061854975323,-1.3506123651764224,0.3850434808981252,-1.3661379292549982,-0.5010951865167158,-0.013395714158200178,2.527144893695433,56.858,73.049
1766337758.735523,192,102;103;104;105;200;201;202,70.218;69.368;69.185;48.167;69.734;71.667;82.640,0.44988688843375096,2.6757860493807937,1.468483660787573,-0.2451580607471343,1.2212200229598058,0.13839286712100982,-1.3385841135946628,0.39562645129603136,-1.37328043036932,-0.5015331367692308,-0.016130561812765815,2.533072995682344,56.929,72.547
1766337758.836482,193,102;103;104;105;200;201;202,70.095;69.219;70.170;48.372;69.910;73.236;80.960,0.4441081247811325,2.6655896769762553,1.463325222526655,-0.24646134495652036,1.2261236364783246,0.1338442938981429,-1.3284453282532311,0.40454695074618807,-1.3789268806920962,-0.5025240175651456,-0.018365664034908274,2.538009916437309,56.995,72.133
1766337758.932966,194,102;103;104;105;200;201;202,70.452;69.216;70.195;47.761;70.348;71.711;82.678,0.4397534900307747,2.660048905276994,1.4603438080809197,-0.2492236739028452,1.2300455081455255,0.1301541119664606,-1.322621322420331,0.409308923548954,-1.382870399153571,-0.502648516991248,-0.019905996518344654,2.5426998088029364,57.033,71.885
1766337759.033227,195,102;103;104;105;200;201;202,70.232;69.561;69.311;47.610;71.239;72.062;81.014,0.4379049431037456,2.6565138372901362,1.4594009118720748,-0.2520378523025841,1.232258201266527,0.12826999353032445,-1.3197940067930374,0.41249129161628934,-1.384671245063063,-0.5018408734783973,-0.02199408488407717,2.5462854485959734,57.085,71.779
1766337759.136710,196,102;103;104;105;200;201;202,70.608;68.667;70.041;45.965;70.096;73.020;81.771,0.4364345616898006,2.653862013426707,1.4581684808859965,-0.25317616969965134,1.2336422817236332,0.12707553061874063,-1.3172377332465277,0.41481607490568523,-1.3861034086673207,-0.5018903306621572,-0.023209306052401957,2.5480641392981482,57.109,71.678
1766337759.227624,197,102;103;104;105;200;201;202,70.388;68.865;69.668;47.839;69.925;71.591;81.988,0.43493291408346413,2.652182704418836,1.4571637861591191,-0.2544234688635583,1.235430627742096,0.12544567664624293,-1.3153626234818907,0.4162355472288933,-1.3874317432718968,-0.5018126458861398,-0.023615477321548922,2.550255027287889,57.119,71.597
1766337759.328859,198,102;103;104;105;200;201;202,70.271;69.178;68.640;46.283;69.772;72.338;81.693,0.434813836201759,2.651813149408656,1.4572801780751496,-0.25536244573614947,1.2359265531489134,0.12508055488385025,-1.315249438283746,0.4165952455054325,-1.3875569968657027,-0.5013942264412732,-0.024140169666801742,2.551274308022896,57.131,71.595
1766337759.428352,199,102;103;104;105;200;201;202,69.792;69.204;69.755;45.934;69.443;72.279;81.933,0.4338928208756737,2.6510783805328964,1.4566491679473854,-0.2558909668122167,1.237035582228048,0.12429251684774924,-1.3142398465579699,0.41718208460562906,-1.3883370613568315,-0.5016650991248859,-0.02415029532486948,2.5523998119760183,57.131,71.548
1766337759.524064,200,102;103;104;105;200;201;202,70.082;69.090;69.554;45.953;69.386;73.203;81.352,0.43351616157611045,2.650033401490288,1.4565722902288627,-0.255970792897674,1.2373780466124742,0.12424072353097232,-1.3135871831102957,0.41815227134146743,-1.3887368550986652,-0.5017232689704931,-0.02441079326568485,2.5527912991054142,57.152,71.528
1766337759.625479,201,102;103;104;105;200;201;202,70.250;69.121;69.868;48.921;70.017;72.027;81.060,0.4321744861354535,2.64845336752083,1.4554568907059973,-0.25715726892125906,1.2383660074775895,0.1231419018784959,-1.3116932608242782,0.41947052865536777,-1.389941317338911,-0.5017850777408814,-0.02535995805537017,2.5541154914305055,57.157,71.446
1766337759.725768,202,102;103;104;200;201;202,70.266;69.557;70.133;69.878;72.095;82.374,-0.47443462824750104,-2.723930648742318,-1.4899617520713266,-0.24577297902208806,1.2105881709023234,0.15895913229981057,-1.3846806338736626,0.35166065305207556,-1.3480352042437118,-0.5027391643178951,-0.007039709128241423,2.5222949065377724,56.638,74.443
1766337759.828007,203,102;103;104;105;200;201;202,70.216;68.784;70.234;48.942;69.874;73.146;81.795,0.46204059199693387,2.700705967648381,1.479837123210474,-0.24592428101029515,1.2166532944711967,0.1489457727081987,-1.3619858470041966,0.37352545968785594,-1.3608555399786286,-0.5025176509096687,-0.011337690450314103,2.5283830370408893,56.767,73.494
1766337759.959001,204,102;103;104;105;200;201;202,70.671;69.339;69.193;45.691;70.018;71.945;80.787,0.45301398920738645,2.685371489606207,1.4725442483963171,-0.24720716766939393,1.2219060073398451,0.14159632614144516,-1.3471596366448744,0.3870388705111881,-1.369643760404109,-0.5025588886994745,-0.013927550312919923,2.533884453162055,56.857,72.874
1766337760.073497,205,102;103;104;105;200;201;202,70.423;68.922;68.772;48.920;69.066;71.188;80.976,0.4466265691632267,2.674103395001534,1.4668678977577596,-0.24892647910020188,1.2257423021228298,0.13594663909102683,-1.3360007516371137,0.39691598743443984,-1.3759088355613036,-0.5023035351776997,-0.01681237481862735,2.538347478983992,56.924,72.415
1766337760.162343,206,102;103;104;200;201;202,70.039;69.152;69.375;69.832;72.670;82.161,-0.47947266163213803,-2.705209502704693,-1.4782782159911176,-0.2362899757185118,1.2010227951953867,0.16750677344002365,-1.4015810010846625,0.3359385644362517,-1.3369861989605063,-0.5035679307277846,-4.830168953057212e-06,2.5092790288571543,56.579,75.189
1766337760.253127,207,102;103;104;105;200;201;202,69.482;69.669;68.881;46.724;69.288;71.588;81.436,0.4706880744091569,2.716055078032321,1.4863708908176065,-0.2394637083534342,1.2092128840662737,0.15545887951770093,-1.3761031412750968,0.35986383380182757,-1.3523274688927422,-0.5029416553938655,-0.005306944176077827,2.5184700000323144,56.671,74.086
1766337760.361988,208,102;103;104;105;200;201;202,69.671;68.954;69.027;45.971;70.051;72.514;81.007,0.46050780206385056,2.696052529428929,1.4779127759511037,-0.2421778232247392,1.2152560036621967,0.14733567446607304,-1.3578791455300223,0.37771127170786256,-1.3626494218905205,-0.5022386566862054,-0.010392534128284198,2.525785816734027,56.798,73.334
1766337760.454185,209,102;103;104;105;200;201;202,69.873;68.900;69.873;47.618;69.696;72.604;81.876,0.4521213576077143,2.6810396436799104,1.4711794357070342,-0.24490148526287653,1.2207686877672228,0.14073587241334218,-1.3437304256941676,0.3909925714283908,-1.3708944251100854,-0.5021253206513282,-0.014273500051254218,2.5322568622525203,56.902,72.752
1766337760.552027,210,102;103;104;200;201;202,69.987;69.188;69.705;70.150;72.088;82.119,-0.4809312335597997,-2.699194628077212,-1.4747405939117546,-0.23228140419883553,1.1975312240239238,0.17025771735852002,-1.407003420132486,0.3310195253089147,-1.333537508573575,-0.5039702014074019,0.00287182660455218,2.5042559537614433,56.572,75.432
1766337760.661310,211,102;103;104;105;200;201;202,69.564;68.854;69.342;47.767;70.161;72.075;80.181,0.4736475202587029,2.718466715438041,1.488329118367577,-0.2355708922617418,1.2060471717811558,0.15808196340747444,-1.3792587512625971,0.3578639217460794,-1.349794255667007,-0.5032210685614813,-0.0036957263674048946,2.5140458797054173,56.683,74.240
1766337760.750429,212,102;103;104;105;200;201;202,70.306;68.992;70.001;49.025;70.712;71.403;82.314,0.4615951193436206,2.69786891851695,1.4781978617479392,-0.23957858645967275,1.2131707720420857,0.14838579646714797,-1.3591743662545863,0.3760526797012581,-1.3616227721999652,-0.5027386635317334,-0.009011640663580567,2.5225430193502434,56.769,73.385
1766337760.849956,213,102;103;104;105;200;201;202,69.382;69.649;69.556;46.334;69.890;71.073;81.413,0.45318821794416914,2.684249635822026,1.4713314652417138,-0.24289815378451549,1.2190075328827874,0.1413475048690741,-1.3456373423155206,0.38799316476124573,-1.3697173001569587,-0.5025898029489136,-0.012505917948417489,2.529429994129959,56.840,72.814
1766337760.983427,214,102;103;104;105;200;201;202,69.241;69.355;68.956;43.687;69.488;71.207;80.929,0.4477044832475903,2.6752776544078896,1.46733858050035,-0.24576298033357283,1.223402260790174,0.13665379161948296,-1.3371219972263535,0.39589400283867054,-1.3749660340585668,-0.5022465809794535,-0.014969119097433536,2.5349058745506783,56.911,72.463
1766337761.077517,215,102;103;104;105;200;201;202,70.609;69.539;69.596;46.449;69.577;72.379;81.470,0.4434005716951604,2.6672207876154337,1.4639604097283,-0.24753504098930634,1.2272719236039915,0.132919125450522,-1.329704118172454,0.403026399642039,-1.3792102371433308,-0.5022152842349944,-0.017010833271861592,2.53944908150366,56.984,72.168
1766337761.175600,216,102;103;104;200;201;202,70.026;69.058;69.814;70.080;71.309;80.530,-0.47844988862189314,-2.7091372700304066,-1.4805773249214471,-0.23715254444574868,1.202066069310087,0.16522899837483723,-1.3980417811986607,0.339121248293286,-1.3392704411413014,-0.5029387226834618,-0.0006586041363406958,2.5107450066236963,56.585,75.031
1766337761.272877,217,102;103;104;200;201;202,69.688;68.925;70.096;69.652;72.667;81.374,-0.4892899726098225,-2.657162653208755,-1.4475783112785878,-0.22268226333438154,1.1821338058578388,0.1864054548062015,-1.4447082374904874,0.29402623884795315,-1.3095973709145061,-0.5044581447958283,0.012776122562102782,2.485731604084656,56.518,77.129
1766337761.371998,218,102;103;104;105;200;201;202,70.144;69.539;69.035;47.505;69.799;71.631;81.460,-0.48162247774098005,-2.6992174352802696,-1.473951769035858,-0.22803019373288547,1.193665975283032,0.16996466603303914,-1.4068849942690151,0.3305654855450561,-1.3329536351149558,-0.5034579530742873,0.004500334459182798,2.4989716381620903,56.545,75.427
1766337761.473875,219,102;103;104;105;200;201;202,70.671;68.510;68.966;45.922;70.255;72.642;81.417,0.4754102267474578,2.7206314200651085,1.4888712329967244,-0.2327431026505588,1.2024719433002296,0.15871423608335344,-1.381011834804702,0.35591863882987335,-1.3482204374202362,-0.502504386127545,-0.0025464209157354534,2.509737595171939,56.657,74.317
1766337761.570721,220,102;103;104;105;200;201;202,69.979;69.829;69.311;47.768;69.918;72.173;81.787,0.4635294542208709,2.6999878657169067,1.4794279399632546,-0.23706145037626478,1.2102447140006527,0.14958151040055248,-1.3614850965905858,0.3742331318793403,-1.3599038927465248,-0.502186590459232,-0.007764841208981549,2.519007981449216,56.762,73.489
1766337761.671297,221,102;103;104;105;200;201;202,69.664;69.212;69.454;47.069;70.708;71.739;81.236,0.4559232031629545,2.6861035517955534,1.473197862075254,-0.24174455235898257,1.2158399839660594,0.14325626755227028,-1.3484334952320063,0.38653405430914833,-1.3674319596694462,-0.5014035593935291,-0.01287394734373637,2.526572059741852,56.854,72.951
1766337761.771535,222,102;103;104;105;200;201;202,70.113;68.650;70.058;45.318;70.545;72.132;80.616,0.450099055103406,2.675526343599968,1.469052904827831,-0.24536349368934857,1.220722450643474,0.13861326764199497,-1.3389341660603225,0.3959427809351681,-1.3731339910388909,-0.5009737692018543,-0.016427676915539313,2.5329379904932567,56.951,72.569
1766337761.867105,223,102;103;104;105;200;201;202,70.247;69.427;69.297;47.045;70.243;72.757;80.500,0.44544227267731124,2.6669682571901627,1.4651205769340068,-0.2480052749772918,1.2251495324436994,0.13459044061333778,-1.3307712023977485,0.4034841056279672,-1.3777176770326967,-0.5010642418555116,-0.0192718208041959,2.5382799660900925,57.018,72.241
1766337761.971955,224,102;103;104;105;200;201;202,70.168;68.647;69.104;48.152;70.524;71.698;80.880,0.4418702851647197,2.661300171971963,1.462651851236226,-0.25033907889002754,1.228562152007165,0.13141291514274744,-1.325399415189948,0.4084633674087914,-1.3810912523949086,-0.5008821219900929,-0.02097835778914034,2.5425474530623156,57.071,72.023
1766337762.072660,225,102;103;104;105;200;201;202,69.509;69.106;69.417;46.916;69.608;71.384;82.181,0.4389695783193491,2.657949299062886,1.4601944600561363,-0.25200274673724726,1.230977720493685,0.1288960651269292,-1.321313769685873,0.41125868463376547,-1.3836958276700253,-0.5012362358208089,-0.02205800302957872,2.545259422979383,57.076,71.843
1766337762.169830,226,102;103;104;105;200;201;202,70.209;69.692;69.820;46.242;69.798;72.029;81.848,0.43724416092422197,2.655255066127287,1.4589232051632761,-0.2534136563217274,1.2328999968740812,0.12732739065200271,-1.3186720732212283,0.41360851626943795,-1.3853198370899076,-0.501250837226411,-0.02308178698923985,2.5476584206902,57.099,71.736
1766337762.268911,227,102;103;104;105;200;201;202,69.663;69.129;69.084;47.677;70.459;72.408;81.989,0.43668156430428856,2.653643530145998,1.4581875719588613,-0.25476416730137447,1.2337673880018083,0.12651055947071266,-1.3171723663561048,0.415038297865677,-1.385949982557622,-0.50092563631543,-0.0245093240784518,2.549181624767747,57.113,71.680
1766337762.366643,228,102;103;104;105;200;201;202,69.776;69.709;69.548;46.203;70.049;71.947;81.926,0.43522565974883104,2.652504973265304,1.4572932686433635,-0.25527155275034713,1.2351478524892796,0.12543477088452404,-1.3156721289817108,0.41595644733045084,-1.3871761929714295,-0.5013477460386335,-0.024354179489066374,2.550470492132842,57.115,71.610
1766337762.498099,229,102;103;104;105;200;201;202,69.345;69.701;69.403;48.364;69.932;71.424;80.728,0.433944918477622,2.6506524452802176,1.4564414746293544,-0.2564015286106758,1.236515514392805,0.12427316678192046,-1.3138586108434847,0.41756784590174995,-1.3883585075696667,-0.5013013406545699,-0.02509581172137426,2.552236290955067,57.133,71.536
1766337762.598037,230,102;103;104;105;200;201;202,70.083;69.353;68.782;48.332;69.691;71.815;81.038,0.4326226635397413,2.648832778476565,1.4554334335636707,-0.2572190639132942,1.2376688064510633,0.12319472822588273,-1.3119297542861945,0.41912768116681115,-1.3895728668897984,-0.5014240069011997,-0.025738110035341877,2.5535956345970066,57.146,71.456
1766337762.696624,231,102;103;104;105;200;201;202,70.707;69.217;69.632;44.737;69.881;72.556;82.481,0.4332728411738739,2.6501494455530907,1.4561427453043203,-0.25780141622697367,1.2375987052455584,0.12351826391356263,-1.3132692075508845,0.4179821129908936,-1.3889170136250533,-0.5011349835390644,-0.025694137163161546,2.553844141578144,57.137,71.508
1766337762.796328,232,102;103;104;105;200;201;202,69.857;68.940;69.383;48.689;69.403;71.737;81.220,0.4320439063096661,2.6492385489689814,1.4556747577049443,-0.25782279008632786,1.238926750451752,0.12238354548067892,-1.31225893089951,0.418739476082323,-1.389934008267483,-0.5013149119068846,-0.024872345007138696,2.5550218736410537,57.147,71.462
1766337762.896881,233,102;103;104;105;200;201;202,70.658;69.387;69.522;48.040;70.322;71.295;81.081,0.4325479912099738,2.65047648118871,1.4566841414620597,-0.2593891010267507,1.238729880078169,0.12242549179484867,-1.3137802807753143,0.41769524475208986,-1.3893804982434954,-0.5003426067778036,-0.025357858617064633,2.555760174530043,57.149,71.524
1766337763.024645,234,102;103;104;105;200;201;202,69.718;69.584;68.782;48.287;70.275;71.564;81.142,0.43216611103144115,2.6495590523185077,1.4564097072203248,-0.26078435835338626,1.2389248971248725,0.1221188103151056,-1.3130336549478019,0.41852148449324017,-1.389777211775219,-0.49994590393572896,-0.02675121257804,2.5566360690944547,57.162,71.497
1766337763.126367,235,102;103;104;105;200;201;202,68.953;69.290;69.227;48.146;69.970;73.016;81.673,0.4324865900736811,2.6482583798242074,1.4558763441962719,-0.2600703498240292,1.238925052911038,0.12231773814405866,-1.3119713173124659,0.41971844234818045,-1.3897210823730928,-0.5002228679121019,-0.027333812748689595,2.55639846562402,57.173,71.465
1766337763.225611,236,102;103;104;105;200;201;202,69.690;69.099;70.257;48.887;70.389;71.556;81.340,0.4314899048238953,2.6472328893155628,1.4550540187210104,-0.26049362697416134,1.2397766499073997,0.12148070339235315,-1.310645770966479,0.42055653845542496,-1.3905977739976978,-0.5004491008491578,-0.027535352406633642,2.5572530723156,57.173,71.406
1766337763.323686,237,102;103;104;200;201;202,70.325;69.429;70.072;69.512;72.166;82.118,0.4738789320308078,2.723567298490359,1.489904514837606,-0.2475144439738063,1.2122920535650257,0.15757734479457045,-1.3831235016268892,0.3531521123538641,-1.3488598428529148,-0.5021968717362326,-0.008011706739609437,2.5248391277995954,56.644,74.378
1766337763.426878,238,102;103;104;105;200;201;202,70.457;69.282;69.838;46.432;70.018;71.537;81.875,0.4619229426038343,2.7022527383359334,1.4795803375667114,-0.24783779106220125,1.2178848174635477,0.14769532100905475,-1.3625557586460568,0.372019877619732,-1.3607510220013184,-0.5020040080849373,-0.011365327180413165,2.5303278327991032,56.731,73.503
1766337763.524751,239,102;103;104;105;200;201;202,69.968;68.985;69.456;45.009;69.708;71.344;81.188,0.4534911374706301,2.6871841001553936,1.4724147606443811,-0.24920272030449717,1.2222792882673164,0.14077020906609422,-1.3480472791709248,0.3853176154213726,-1.3690775973303781,-0.5017752477841633,-0.014637286298599977,2.5351777381216944,56.816,72.899
1766337763.625174,240,102;103;104;105;200;201;202,70.145;69.421;70.178;47.427;70.724;72.829;81.310,0.4475404863373929,2.674998514904321,1.4676487067992434,-0.25110645836049583,1.225913210451133,0.1360225652564986,-1.3372055936352998,0.3961852656929709,-1.3751046474410094,-0.5012716352579308,-0.01821735365440888,2.539787714139802,56.927,72.470
1766337763.734740,241,102;103;104;105;200;201;202,69.846;69.361;70.048;47.832;69.800;72.595;81.311,0.44285287159714376,2.666247928308907,1.4637028961677834,-0.25234247094657525,1.2291373449079122,0.13216649456156435,-1.3289244276343917,0.4039016819804708,-1.3797354208149561,-0.5013393885874848,-0.020461033115006133,2.543429677633265,56.998,72.138
1766337763.822210,242,102;103;104;105;200;201;202,69.499;68.747;70.103;46.364;69.197;72.325;82.208,0.43960230912589104,2.660647770908948,1.460591709306639,-0.2530226761008246,1.2315797491971634,0.12937647037072691,-1.3231103264332282,0.4087575145460592,-1.382896659350056,-0.5017671518748794,-0.021811032410018055,2.5459019963824034,57.029,71.900
1766337763.921130,243,102;103;104;105;200;201;202,69.818;69.575;69.364;46.697;70.008;72.092;83.099,0.4381196668767855,2.6573178704664473,1.4594759753326543,-0.25458904916708663,1.2330115778800053,0.1277447960544159,-1.320298228775725,0.41174266369120527,-1.3844164301653685,-0.5011486830313986,-0.023412006480793307,2.5481955003196664,57.070,71.795
1766337764.052649,244,102;103;104;105;200;201;202,69.829;69.212;69.351;46.964;70.939;72.926;81.883,0.43761753306790857,2.654970711300352,1.4592326964769018,-0.25629357568965516,1.2341870706809068,0.1269401038809343,-1.3188229870076054,0.41393131173007064,-1.3850707600096996,-0.5004142890771737,-0.025103401696618927,2.5504020851108056,57.114,71.750
1766337764.153973,245,102;103;104;105;200;201;202,71.004;68.441;69.870;47.142;69.377;72.316;82.072,0.4358472443773688,2.652567259895094,1.4582714151528966,-0.25750121546605087,1.2355686428836603,0.12567030424848763,-1.3165736984257546,0.416034583500392,-1.3866781603935883,-0.5003895736387258,-0.025913722559625513,2.552182294847435,57.142,71.659
1766337764.252669,246,102;103;104;105;200;201;202,70.014;69.109;69.128;47.424;69.691;71.490;81.575,0.43607353894242623,2.652820457443065,1.4583730939681496,-0.25921428645877725,1.2359918591264516,0.12511647951115917,-1.3168162631077547,0.41581500202748106,-1.3864800489607219,-0.49959761574561024,-0.02695455960530757,2.5535395122107714,57.138,71.669
1766337764.351532,247,102;103;104;105;200;201;202,70.306;69.259;69.258;47.185;69.805;71.732;80.961,0.4344767732814956,2.6507461107752905,1.4571276938154474,-0.2594290308466882,1.237226380104686,0.12389375271932218,-1.3145298248190294,0.4175801096347322,-1.38793396091125,-0.4999740095995023,-0.027115468594789804,2.5546403979257377,57.150,71.572
1766337764.454044,248,102;103;104;105;200;201;202,70.241;69.600;69.738;47.626;70.114;71.279;81.183,0.43278353000204517,2.649591007772587,1.4563876553304302,-0.2596358058101182,1.2385265570838677,0.12280161576142146,-1.3131132042528317,0.41851844296112967,-1.3893273218594735,-0.5004178287475314,-0.026511052772082114,2.555711889941092,57.158,71.505
1766337764.544253,249,102;103;104;105;200;201;202,69.509;70.024;69.918;47.801;70.033;72.592;81.413,0.43166906127039184,2.648544247121859,1.4552655988174439,-0.259337659769446,1.2391418394817564,0.12208974047516545,-1.3115199459100515,0.4193379336320789,-1.3903044540912972,-0.5010362423473568,-0.02635391990898356,2.555893266539224,57.151,71.432
1766337764.644514,250,102;103;104;200;201;202,70.307;69.085;69.191;69.997;71.570;81.711,-0.47408439188859314,-2.723078364085708,-1.489407676806416,-0.24732374612653896,1.2113751956313688,0.15836296807371486,-1.385525457434305,0.3507673644538818,-1.3479009804779292,-0.5021030165945005,-0.007026473964388685,2.523809276373658,56.636,74.474
1766337764.742653,251,102;103;104;105;200;201;202,69.896;68.965;69.289;48.906;70.559;71.333;80.568,0.4629446017636666,2.7036914524684796,1.4809096905238717,-0.24853111536686243,1.2171567660624911,0.1483241091567681,-1.3644788849815526,0.37081951711922856,-1.3597664027153784,-0.5011780126277077,-0.01152848471121834,2.5302412434318837,56.743,73.590
1766337764.840119,252,102;103;104;200;201;202,69.885;68.889;68.962;69.890;72.028;80.848,-0.4835122403033431,-2.6833239217276335,-1.464062911898267,-0.23385262167967602,1.1937737616005446,0.17545445920282543,-1.4213935264964228,0.31655055885085986,-1.3249003622544233,-0.5029193360377591,0.004325227914376117,2.501609406907015,56.527,76.062
1766337764.942530,253,102;103;104;105;200;201;202,69.731;69.143;70.358;45.421;69.111;72.226;81.943,-0.4771801660440616,-2.718507401357255,-1.4862475282679701,-0.23603913475532895,1.2030275696481172,0.1615550273295012,-1.3894281362169323,0.34718929799733067,-1.3439751706125471,-0.5027399948675797,-0.00189934444048534,2.5112990909619155,56.605,74.661
1766337765.040049,254,102;103;104;200;201;202,70.743;69.243;67.158;70.206;72.035;81.454,-0.4887142072066329,-2.662258532674954,-1.4509589002099423,-0.22215564684859057,1.182397082612656,0.18460427775442753,-1.4401175733850498,0.2987179616776005,-1.3122859843394417,-0.5041738651094032,0.012043486561898326,2.4858743913159107,56.520,76.923
1766337765.140051,255,102;103;104;105;200;201;202,70.130;69.164;69.129;46.716;70.271;72.255;81.823,-0.4818371566010659,-2.7020227336278424,-1.476646916056885,-0.22813908095782434,1.1935058249104098,0.16938659550711355,-1.404251684558778,0.33398093347899505,-1.3341901098404225,-0.5028494986275298,0.003102132463807916,2.499269776913053,56.578,75.326
1766337765.239025,256,102;103;104;105;200;201;202,70.708;70.254;69.550;47.828;70.079;72.000;81.573,0.4739624405317705,2.7181654025315245,1.4877864838050137,-0.23329206386946,1.2029232223445887,0.15755174124898888,-1.3787160113670933,0.3581135992317787,-1.3496386893634855,-0.5021537670183871,-0.003263116918196557,2.510491910929529,56.670,74.218
1766337765.341081,257,102;103;104;105;200;201;202,69.885;69.400;69.246;46.460;69.485;71.701;81.504,0.46199613386836585,2.697739728702953,1.4779750531380111,-0.23719769854304149,1.210956486530494,0.14837842890942632,-1.3589825550495331,0.376170928909269,-1.3613633167889438,-0.5023470998283093,-0.0081698025917476,2.519633490544236,56.763,73.380
1766337765.432642,258,102;103;104;200;201;202,69.842;68.434;69.443;70.373;72.042;82.453,-0.4848380026823752,-2.6866768664290728,-1.4665425581564517,-0.22596901794562993,1.1889246586324311,0.1757785631219891,-1.4181183509673487,0.320327274847225,-1.3255790239751384,-0.5035362718593928,0.006014313290670509,2.493841854538357,56.536,75.937
1766337765.536671,259,102;103;104;105;200;201;202,70.092;69.150;69.671;43.973;70.944;71.338;81.308,-0.4788439628583976,-2.718445147815585,-1.4869231473621374,-0.2316586572654036,1.1987969698155625,0.1628971543643706,-1.3892774799099152,0.3481856522652115,-1.343022921290302,-0.5024260221580205,-0.0014909743677570808,2.505880291649089,56.622,74.675
1766337765.634941,260,102;103;104;105;200;201;202,70.363;69.280;69.528;48.542;69.667;72.216;81.517,0.4673024660273797,2.705353880328096,1.4823910318965698,-0.23658592228237857,1.2074595110644184,0.15276435046065734,-1.3670642806720392,0.36955726806494477,-1.3563602836339324,-0.501862297202641,-0.0075652458814060575,2.5163679344020955,56.746,73.733
1766337765.733004,261,102;103;104;105;200;201;202,69.256;68.807;69.479;46.568;69.197;71.579;81.388,0.458008919106643,2.6884063877705215,1.4748352819604678,-0.23989450656538794,1.2140905537891225,0.14539770907259617,-1.351190746631676,0.38459234028776484,-1.3655660712856794,-0.5017266404932534,-0.011926897920182922,2.52417660529472,56.854,73.076
1766337765.832181,262,102;103;104;105;200;201;202,70.159;69.356;69.366;48.311;69.662;72.556;81.330,0.450054761458123,2.6756362858163043,1.4683882203120586,-0.24230379202714514,1.2202239862489355,0.1391443042577457,-1.3384525013705943,0.39576685525105715,-1.3731825460763056,-0.502435854397616,-0.014596548009113197,2.530717235154632,56.929,72.543
1766337765.931436,263,102;103;104;105;200;201;202,70.664;68.915;69.751;48.695;68.890;72.273;81.666,0.4437966065066558,2.6662534130884064,1.463662847963166,-0.24442051482249413,1.22530909429665,0.13428547506553076,-1.329018036925192,0.40393564154937384,-1.3790559009745753,-0.503104706766303,-0.016416313651395564,2.5361381526226117,56.993,72.150
1766337766.028106,264,102;103;104;105;200;201;202,70.350;69.435;69.054;48.033;70.042;70.883;81.018,0.4403428758755256,2.661877145768729,1.461369797170713,-0.24765300905362725,1.2288259439560774,0.13087108714570647,-1.3244674499299276,0.407703751533639,-1.3821797243787155,-0.5026598462294749,-0.01811677490274108,2.540851266033677,57.025,71.956
1766337766.128917,265,102;103;104;105;200;201;202,70.262;69.365;69.516;47.178;69.614;71.253;81.315,0.43838636539281767,2.6586140736035215,1.4602240312358885,-0.25040879737058824,1.2312148426190557,0.1286493548845854,-1.321604985357467,0.4106003415837713,-1.3840360082739667,-0.501869335006408,-0.01989242673787925,2.544538992975017,57.065,71.844
1766337766.228709,266,102;103;104;105;200;201;202,69.055;68.727;69.378;47.379;70.658;72.009;81.099,0.43798197846646014,2.6555859639817445,1.459837653654098,-0.2536863529277217,1.23280112906217,0.12754552048666287,-1.3196758254036747,0.4134277634509945,-1.3847081032787543,-0.5005764926285188,-0.023108401347844226,2.5480136237441973,57.118,71.787
1766337766.327090,267,102;103;104;105;200;201;202,70.740;69.125;70.035;46.945;69.826;71.947;80.291,0.4360672258727824,2.653065322730142,1.4585677744019647,-0.25500925350813985,1.2347097281616826,0.1259929609229919,-1.317098977696475,0.41560253769682015,-1.3864472935484349,-0.5007307488612583,-0.023896907384081678,2.5502764306066923,57.139,71.680
1766337766.426684,268,102;103;104;105;200;201;202,70.100;69.769;69.432;44.921;69.386;72.804;81.930,0.4349259100324805,2.6517124229789903,1.457371649602352,-0.2558288799864629,1.235702083190114,0.12535411339430128,-1.3152856488708342,0.41670680624161954,-1.387484052450137,-0.5012926676701221,-0.024771466601035963,2.5512857742480954,57.135,71.599
1766337766.523125,269,102;103;104;105;200;201;202,70.630;69.264;69.539;45.583;69.871;72.036;81.569,0.43369258301156893,2.6506093580662684,1.4566681208519767,-0.2559469826801648,1.2370944036588574,0.12432953139606798,-1.313985927848888,0.41762197051185873,-1.3885368804065168,-0.5016731410309047,-0.024288425019756643,2.5524930712144034,57.142,71.541
1766337766.622365,270,102;103;104;105;200;201;202,70.274;69.287;69.956;47.850;68.872;71.978;81.037,0.4321455098713228,2.6483954540504726,1.4550452414563892,-0.2560937228412426,1.2383346725650732,0.12304383000685575,-1.3113274781961384,0.41947838287999945,-1.389986030649952,-0.5021922920414396,-0.024689766298388066,2.5535262819387468,57.145,71.428
1766337766.724589,271,102;103;104;105;200;201;202,69.458;69.819;69.784;47.111;70.390;72.292;80.923,0.4320480224615359,2.647759823020844,1.4553688849257909,-0.2575551051972982,1.238651885399592,0.12298248752792822,-1.3112461179640422,0.42011616988294254,-1.3901184319181594,-0.5016383695988087,-0.02585022107154253,2.5546428700511656,57.169,71.433
1766337766.818658,272,102;103;104;200;201;202,70.595;69.106;70.153;70.228;70.917;81.818,-0.474787399480796,-2.7215718486505893,-1.4892900582365831,-0.24758891853181164,1.2106024528657686,0.1591562982950513,-1.3868538692789076,0.3502671591509828,-1.346981080960246,-0.50148113480751,-0.00746175715155889,2.5235266685400752,56.656,74.542
1766337766.921844,273,102;103;104;105;200;201;202,70.505;69.364;68.240;46.328;70.354;71.701;81.773,0.46411885875422393,2.7050356064558176,1.4822756355316327,-0.24842861290092635,1.2156773271237744,0.14976725536257593,-1.3664015447636872,0.3697181177633567,-1.3586825676952359,-0.5008245365699956,-0.011760156525714327,2.5289818098841543,56.758,73.679
1766337767.016411,274,102;103;104;105;200;201;202,70.266;69.969;69.842;47.402;68.955;71.346;80.877,0.4539411489914953,2.6873682284790994,1.4734651718259482,-0.24850509035062895,1.2214371090390397,0.14159119338770784,-1.3490389352758267,0.3852681801685178,-1.3686815905616712,-0.5015404511959038,-0.014189335397336966,2.5342581824747414,56.844,72.950
1766337767.115624,275,102;103;104;105;200;201;202,70.746;69.548;69.378;48.505;70.135;71.621;80.809,0.4469522605108915,2.6758940181256725,1.4678725919757478,-0.24982878441035775,1.2257808828054277,0.13580580385265398,-1.3377693331201974,0.3953276706332129,-1.3754064289001113,-0.5016363573177173,-0.016242898095984143,2.5388885936610945,56.918,72.482
1766337767.214436,276,102;103;104;200;201;202,70.743;68.983;69.424;69.285;72.095;81.595,-0.4778705258937359,-2.7050064414876465,-1.4768719973578022,-0.23611876296235665,1.2014852698410037,0.16661110139349863,-1.4019663289363253,0.3342400354209018,-1.3376834933053123,-0.5041291223167973,0.0018166640254702882,2.5090525936313295,56.543,75.181
1766337767.317590,277,102;103;104;105;200;201;202,70.147;68.915;69.357;47.646;69.958;72.507;81.245,0.46945056590433404,2.7156418624179306,1.4857175046770177,-0.23816354815947124,1.20969927201212,0.15463126760921134,-1.3752166893606295,0.36014656023706,-1.3532985651529068,-0.5035764754812345,-0.003653716845482685,2.5180326869522114,56.661,74.037
1766337767.415983,278,102;103;104;200;201;202,70.663;69.434;68.956;69.788;72.308;81.880,-0.4856677391603542,-2.6735769814192767,-1.4579919953283844,-0.22561726657887868,1.187629089322221,0.17976801909540308,-1.430112940729854,0.3082231821469791,-1.3192546138498966,-0.5041743015743491,0.009994011778059197,2.492024901276242,56.521,76.458
1766337767.515775,279,102;103;104;105;200;201;202,70.266;69.480;69.408;48.414;70.200;71.796;80.692,-0.4796117239481406,-2.710630014628199,-1.4821755914476753,-0.23097866906306774,1.1978064293801605,0.165350217365928,-1.3965008607742055,0.34136443798652216,-1.3392828397831151,-0.5026231494682096,0.001224656821063208,2.5045111549538506,56.606,74.983
1766337767.611512,280,102;103;104;200;201;202,70.349;68.964;68.882;69.570;72.311;81.030,-0.49013081459026203,-2.6581862560549236,-1.4488633325469276,-0.21742815640356902,1.1790723952913498,0.18653879250445024,-1.4436710012224063,0.29575520838880265,-1.3096394181311772,-0.5046241513089174,0.014616587365654216,2.4807757827147165,56.534,77.095
1766337767.712579,281,102;103;104;105;200;201;202,69.946;68.947;69.261;48.765;69.707;71.927;82.782,-0.4823281061940391,-2.7008924540739647,-1.4754931513622003,-0.22432661804388818,1.1914017015034317,0.17035194077360483,-1.4052377245542302,0.33271063414901064,-1.3333106423525298,-0.5037677413653927,0.005149552946207836,2.4953928720075185,56.560,75.368
1766337767.812489,282,102;103;104;105;200;201;202,70.414;69.433;69.017;46.483;69.280;71.206;81.357,0.47349530653743543,2.7176790754900453,1.4872555396833076,-0.22962051054961943,1.202042614505197,0.15793168727417972,-1.3779885092918343,0.35850969123555304,-1.3500642183639864,-0.503522971219321,-0.001052965955585905,2.5076677242686634,56.662,74.184
1766337767.943321,283,102;103;104;105;200;201;202,70.567;69.504;69.521;45.445;69.859;71.459;81.740,0.4623579868862314,2.698632778183435,1.478578975728223,-0.23492343578879693,1.209851733807643,0.14921433660974806,-1.3599663487383133,0.37539359745912804,-1.3609593474784265,-0.5029112208629369,-0.006466874457930039,2.517462779635027,56.765,73.421
1766337768.044871,284,102;103;104;105;200;201;202,69.652;69.112;70.312;47.172;70.490;72.168;81.830,0.45453378720909465,2.684360652025212,1.471891710313627,-0.24010159307835888,1.2160144256418848,0.1424759865408986,-1.346316334112157,0.3880034407812557,-1.3687108072697902,-0.5021499842855429,-0.011947116246714545,2.5257629386417735,56.851,72.857
1766337768.143565,285,102;103;104;105;200;201;202,70.860;69.353;69.270;48.176;70.299;72.011;81.294,0.4484900722593536,2.673604967832839,1.467426462991891,-0.2438707495345249,1.221314420418266,0.13739055607338094,-1.3364340127495933,0.3975341408523865,-1.3746037707438497,-0.501722681724742,-0.015464334561230114,2.5325773634199282,56.945,72.457
1766337768.239806,286,102;103;104;200;201;202,70.400;68.954;68.285;69.171;72.154;81.940,-0.4804331481998092,-2.7044357679541564,-1.4776997910549683,-0.23196946438716384,1.1981457215591467,0.16805156142450178,-1.4021788790211758,0.335419302683478,-1.3360268953351768,-0.503682401818804,0.0019347289273821677,2.504826262635755,56.572,75.222
1766337768.338563,287,102;103;104;105;200;201;202,70.251;69.512;69.888;45.843;70.111;71.813;81.509,0.471625560854602,2.7157883046233655,1.485927605684648,-0.23575800860642873,1.2065604639003378,0.15619803576848817,-1.3757359271149732,0.3601146586979527,-1.3517178790047342,-0.5033009275411204,-0.004389488047518597,2.5144339131154476,56.659,74.078
1766337768.436820,288,102;103;104;105;200;201;202,69.445;69.644;69.915;48.582;69.160;72.090;81.324,0.4601487502195144,2.6952285218588172,1.476650954285046,-0.2393416064666042,1.2139328843865176,0.14730953322523838,-1.3564058710725087,0.3783573639320787,-1.363074059774937,-0.5030798359090304,-0.009428313699735236,2.5230589018956913,56.774,73.268
1766337768.537568,289,102;103;104;105;200;201;202,69.728;69.476;69.917;47.296;70.373;72.288;81.247,0.45215142404684566,2.680378945078758,1.4704319748019856,-0.24297407373317342,1.219589348687315,0.14101463181622348,-1.3427971658374187,0.39154739786432685,-1.3709902328357044,-0.502621841792941,-0.01393857840026494,2.5302114534670865,56.891,72.714
1766337768.635302,290,102;103;104;105;200;201;202,69.716;69.704;69.890;45.728;70.134;72.018;81.542,0.4466893678494066,2.671955300833635,1.4660686264011775,-0.2455571384236028,1.2238031393425857,0.13633806968030837,-1.3342625372703758,0.39888392973885994,-1.3761651433171431,-0.5026194434737024,-0.016253565225354677,2.5352099042164444,56.942,72.357
1766337768.735700,291,102;103;104;105;200;201;202,69.895;69.480;69.928;45.244;70.432;71.738;81.986,0.4432810982386039,2.665969021132195,1.4636514005327357,-0.24911730291653886,1.2269137685326257,0.13319650353292348,-1.3287950225097036,0.4041819866556757,-1.3794628803494258,-0.5018389141864108,-0.019268834034640192,2.5399080402071528,57.001,72.139
1766337768.833778,292,102;103;104;105;200;201;202,69.892;68.870;69.675;44.969;70.429;72.587;80.817,0.44073591847821136,2.6612169701922843,1.4618756772338926,-0.2509383969550007,1.2298706600619984,0.13081167379322148,-1.32458446217456,0.4084064668687741,-1.381953976434906,-0.5016739913020849,-0.020735013415180248,2.5436107081309776,57.053,71.974
1766337768.930792,293,102;103;104;200;201;202,69.587;68.897;68.845;70.677;71.417;81.872,-0.47775464699047426,-2.713306288377924,-1.4837326296548,-0.2394087108994872,1.2043410214507175,0.16399734239098046,-1.3942322209757756,0.34320144903909566,-1.341570044758467,-0.5029435936856148,-0.0028383657405295915,2.5139137769355164,56.614,74.870
1766337769.034205,294,102;103;104;105;200;201;202,69.730;69.087;68.678;46.620;70.433;72.321;81.830,0.46840481443026,2.71050927773683,1.4846889974554547,-0.2418255216530415,1.21109703948921,0.15354740890563934,-1.371656367743719,0.36490338102153874,-1.3547790048599675,-0.5020772653457658,-0.007952482426623969,2.5216783996248653,56.723,73.911
1766337769.133477,295,102;103;104;105;200;201;202,70.452;70.189;69.764;45.803;70.742;72.329;81.040,0.45834696631664196,2.6933324616329903,1.4764023906516408,-0.24369379162830346,1.2169419296564161,0.14543251930290912,-1.3550057280450947,0.3800643325253586,-1.3646203199343903,-0.502040458153054,-0.011235512971419809,2.527982881596414,56.808,73.207
1766337769.230689,296,102;103;104;105;200;201;202,69.845;69.625;69.428;46.351;70.295;71.953;81.438,0.4515697408282651,2.680858362861057,1.470718361773277,-0.2458599763276385,1.2217381448363092,0.13961823779417087,-1.3431970255868793,0.39109377627026265,-1.3713349983166372,-0.5017935511742941,-0.014347514916567189,2.5336156207239346,56.893,72.724
1766337769.328325,297,102;103;104;105;200;201;202,70.792;68.937;69.234;46.809;69.266;72.398;80.832,0.44594758477531393,2.6706750730844284,1.4659885374099546,-0.24724682916516602,1.2258528267384783,0.13489534744539527,-1.3334426905123313,0.400062989015747,-1.3768607264498247,-0.5019367713391334,-0.016618366025265396,2.538143092743854,56.968,72.328
1766337769.427906,298,102;103;104;105;200;201;202,69.937;69.023;69.256;48.103;69.664;72.605;81.198,0.44205318560247975,2.6629364225803824,1.4626538442073722,-0.24922912846197115,1.229261896971563,0.13155465880123554,-1.326269285296024,0.4069112135863097,-1.3807611485113322,-0.5018858329929213,-0.019240351310871873,2.542341253778516,57.037,72.045
1766337769.528292,299,102;103;104;105;200;201;202,70.784;68.427;69.602;48.602;70.200;72.157;81.177,0.4383368370359577,2.6570014612702746,1.459615120739165,-0.25096456139929746,1.2322772864641627,0.12858968323142816,-1.3202749767350628,0.41206990793362236,-1.384291523288005,-0.5022083567784245,-0.02108692442738419,2.5457938491840615,57.080,71.800
1766337769.627158,300,102;103;104;105;200;201;202,70.501;69.463;69.015;46.764;69.559;71.679;81.477,0.4367350714723847,2.654856303684768,1.4588221170320879,-0.2529506387819647,1.2339784066223445,0.12701514570450603,-1.318317835218798,0.41395370101974416,-1.3857398863740429,-0.5017572895964089,-0.022186235177093755,2.5483449312876374,57.107,71.720
1766337769.729812,301,102;103;104;105;200;201;202,69.183;69.347;69.152;47.381;69.540;71.839;81.698,0.4363374089192803,2.653930454989947,1.4586476216067952,-0.25478869699148654,1.234905039586812,0.12611983360279785,-1.3176462998875833,0.4147988634725266,-1.3861453799172134,-0.5010188106464192,-0.023402591666033146,2.550245605276,57.122,71.697
1766337769.825480,302,102;103;104;105;200;201;202,69.566;69.220;69.589;46.179;70.125;72.178;81.893,0.4350344170910061,2.651746743027133,1.4573990999726012,-0.2555272396434382,1.235851650482163,0.12518589432629051,-1.3153397415071704,0.41668228832102266,-1.3874003090787628,-0.5012429939076449,-0.024423025320415653,2.5513546485490854,57.135,71.603
1766337769.924287,303,102;103;104;105;200;201;202,70.873;68.348;69.626;47.646;69.876;72.147;81.141,0.4342323450521515,2.6509114923107653,1.457380583264798,-0.2562975139317365,1.2367286474623542,0.12444510334449778,-1.3147873045562977,0.41743862999080017,-1.3880807406027016,-0.5009537887479875,-0.02445594329482792,2.552594472859609,57.155,71.581
1766337770.026120,304,102;103;104;105;200;201;202,70.637;68.940;69.195;46.018;69.934;72.275;80.889,0.43394660025592263,2.650221190616419,1.4580130550150596,-0.2577815437690902,1.2372239752164644,0.12437191898196016,-1.3149022657375005,0.41815342560719926,-1.3883431115989606,-0.500333296159228,-0.02529892857916652,2.5539176810976763,57.191,71.594
1766337770.122385,305,102;103;104;105;200;201;202,70.661;69.170;68.661;45.582;69.649;71.533;81.025,0.43370288913562427,2.6505664071282133,1.45774488612341,-0.2579006564455624,1.2378199866180526,0.12391093924669788,-1.3148329728080141,0.4177827225482636,-1.3884897485860748,-0.5005084140080814,-0.02490168253975439,2.5544211881852235,57.176,71.584
1766337770.219180,306,102;103;104;105;200;201;202,70.626;69.693;70.051;47.990;70.523;72.184;80.607,0.43278431243669085,2.6499680451869208,1.4571052397105728,-0.25883857565861357,1.238686979813556,0.12313913241317102,-1.3138872302868578,0.4182384664398589,-1.389252316234025,-0.5006176505863337,-0.025291362187685462,2.5555038180915997,57.172,71.538
1766337770.319565,307,102;103;104;105;200;201;202,70.493;69.311;69.423;48.302;69.355;72.307;80.688,0.4323212769202848,2.6486125965911036,1.456579430554033,-0.25952691542738454,1.2392602232629895,0.122546439990975,-1.3127003041548033,0.41945082079918466,-1.3897699424387049,-0.5004123367326381,-0.02615961789307085,2.5564440817611525,57.187,71.495
1766337770.413525,308,102;103;104;200;201;202,70.675;70.007;69.320;70.070;71.989;81.756,-0.47482963493691577,-2.7220504905179683,-1.4900952584213751,-0.24748916074126592,1.211566283182014,0.15868890763118554,-1.3863990333737766,0.3511364218356517,-1.347246148707072,-0.5014169809953246,-0.007088647774331075,2.5245084043027983,56.674,74.528
1766337770.519240,309,102;103;104;105;200;201;202,69.678;68.634;69.679;46.619;69.498;71.796;81.484,0.4636684189994141,2.7042978148831462,1.4820507243916177,-0.24819360157745823,1.2170220002334626,0.14887570279425433,-1.365788804153851,0.3703815327651089,-1.3591124328295539,-0.5008939659348791,-0.010937799608421311,2.530177172690589,56.766,73.654
1766337770.615574,310,102;103;104;105;200;201;202,70.061;69.046;69.431;48.128;69.888;70.762;81.979,0.4540318535099591,2.687652307633683,1.4736327412195322,-0.2495168077720967,1.2220218755721475,0.14100756112922713,-1.3493301008178455,0.38501808676635374,-1.3685724520586144,-0.500969184804788,-0.014396740732982471,2.5354168339289025,56.844,72.962
1766337770.715262,311,102;103;104;105;200;201;202,70.079;69.446;68.969;47.626;70.112;72.412;81.429,0.4473061141007086,2.6752056681045953,1.467501186122842,-0.25023236223272527,1.2260589353577267,0.1355997590548075,-1.337163550947182,0.39596162669653356,-1.375254285748363,-0.5014266050354252,-0.017128741366182476,2.539487080494343,56.919,72.463
1766337770.816259,312,102;103;104;105;200;201;202,70.577;69.353;69.352;47.363;70.907;72.478;80.844,0.4430361295981337,2.6669924875768025,1.4643820383175745,-0.2523197412298134,1.2288514904537717,0.13222088109055455,-1.329877465290295,0.40327228581583596,-1.3794823363395037,-0.5009483619064947,-0.01989232959103951,2.543265597908799,57.003,72.177
1766337770.914498,313,102;103;104;105;200;201;202,69.529;69.754;70.386;47.577;71.145;71.623;81.183,0.43996371058888517,2.661837856495012,1.4618833177405577,-0.2543648832793611,1.231488882140228,0.1293442745801014,-1.324810492007523,0.4077789498292477,-1.3824360093486605,-0.500707390985012,-0.021807600157593116,2.5466962511213627,57.043,71.971
1766337771.011911,314,102;103;104;200;201;202,70.105;69.362;69.123;69.509;71.372;81.405,-0.47590467604701675,-2.7142551660682566,-1.4828970952385807,-0.2408561470925619,1.2067440753288294,0.16209991335467178,-1.393572065655742,0.3423696738029229,-1.342881219081674,-0.5033920202149393,-0.0016298918502687942,2.5162457342411537,56.576,74.815
1766337771.108883,315,102;103;104;105;200;201;202,71.001;68.883;69.172;45.603;70.093;72.147;82.027,0.4658900019438762,2.7102702938773033,1.4828748291339566,-0.2424964518508289,1.213449720248378,0.151330864573356,-1.36977163646882,0.3648553558396489,-1.3566980265332251,-0.5029755542692019,-0.0066460751578928945,2.523490676567215,56.677,73.799
1766337771.208856,316,102;103;104;105;200;201;202,70.793;69.275;69.423;45.627;69.990;71.213;80.602,0.4569579540312155,2.6938256106021607,1.4755135735914835,-0.24514246684219013,1.2186586027794588,0.14362739556787496,-1.354370104272492,0.37944541632037365,-1.365595229795029,-0.5020175266539815,-0.010682870330136873,2.529947326144624,56.775,73.158
1766337771.310834,317,102;103;104;105;200;201;202,70.452;69.260;69.837;48.492;69.717;72.899;80.517,0.4494869183114109,2.6793794531579445,1.4691051261823878,-0.24702667851063956,1.2235011284312314,0.1376284197090809,-1.3408766580736844,0.392245291249796,-1.3730919314377863,-0.5019810319301281,-0.014447597080114866,2.535514564812373,56.878,72.611
1766337771.409726,318,102;103;104;105;200;201;202,69.972;69.307;70.385;45.972;70.545;71.404;80.822,0.4446828048396895,2.670674382236083,1.4651627939207248,-0.24961216012218052,1.2270574181049956,0.13345924201697223,-1.3326156186585025,0.39991862415953594,-1.3778088600745604,-0.5015973863755978,-0.017454402448737083,2.5401439856810875,56.946,72.276
1766337771.510386,319,102;103;104;105;200;201;202,69.892;69.409;69.633;46.766;69.833;71.450;81.946,0.4419925004272085,2.66511801531456,1.4629481409600364,-0.25177168690933394,1.2293778755084346,0.13076444101797075,-1.327623460934444,0.40485895478879674,-1.3805269277330263,-0.5009261340827735,-0.019824836814628655,2.543559937706186,57.001,72.082
1766337771.608293,320,102;103;104;200;201;202,70.746;69.534;69.973;70.170;72.191;81.983,-0.47678171149280485,-2.7126369589050103,-1.482002997663028,-0.23903021334438868,1.2040187253706027,0.16353076184896087,-1.394976541875787,0.3412287732120114,-1.3416651322641293,-0.5032908058708572,-0.0014983212109655475,2.513017163842451,56.573,74.882
1766337771.706102,321,102;103;104;105;200;201;202,70.254;69.152;69.326;48.258;69.991;72.323;81.844,0.4673389813474974,2.710377642850932,1.4836350664677103,-0.241946342188707,1.2109803862293786,0.15281964730635264,-1.3706157063237683,0.36488530622285786,-1.3556109701798835,-0.5023249234524009,-0.007927845054849086,2.5213258785533377,56.695,73.852
1766337771.806475,322,102;103;104;105;200;201;202,69.621;69.409;70.280;45.605;70.487;71.557;81.372,0.457940178261436,2.6930108340625223,1.4759032960830643,-0.2448921574630213,1.2168720412057772,0.1449885645888363,-1.3543906318509644,0.3803039943476167,-1.3649771885909112,-0.5016630317757679,-0.01229342567880834,2.5284571062453036,56.800,73.177
1766337771.904394,323,102;103;104;105;200;201;202,70.288;68.763;69.502;47.231;70.134;71.550;81.662,0.4509505489315144,2.6808212101466116,1.4702745492290163,-0.24765550544391932,1.2216932170837018,0.13897615708730587,-1.3427426611395572,0.3910560775287766,-1.3718052361843762,-0.5012193250088375,-0.015551582511757922,2.5343552359853687,56.882,72.696
1766337772.002303,324,102;103;104;105;200;201;202,70.195;69.031;69.723;47.198;70.342;72.951;82.522,0.44599081545857344,2.671147028576537,1.4661382474408606,-0.24974741825896626,1.22548695284048,0.13484352681119727,-1.3338113931808835,0.3996305328332531,-1.3767647828112501,-0.5010674269384519,-0.018539733126512664,2.539002665398127,56.963,72.340
1766337772.100308,325,102;103;104;105;200;201;202,70.664;69.351;69.295;45.909;69.799;71.714;82.057,0.4424747322338985,2.66560774377538,1.4634955464060926,-0.25180129258616374,1.2286134499382002,0.13158000837791717,-1.3283785188149695,0.4044727337889166,-1.380095387531673,-0.5008642159939493,-0.020134914279651722,2.5428764087824174,57.006,72.117
1766337772.200885,326,102;103;104;105;200;201;202,69.572;69.163;69.466;47.030;70.026;71.879;81.564,0.43976953532019625,2.660561912539647,1.4615187588140102,-0.25431213071833875,1.231185881705075,0.12919970888643093,-1.3238331569404393,0.40894766843238345,-1.3827463800535105,-0.5004779258885576,-0.02249944878387594,2.546530985151149,57.059,71.938
1766337772.298948,327,102;103;104;105;200;201;202,69.916;69.201;69.110;47.149;69.110;71.869;81.555,0.4376792695088497,2.657171341590101,1.4602809148083058,-0.25524536450958135,1.233060737155533,0.12738992397284368,-1.320812683825471,0.41194947056515896,-1.3847180447963205,-0.5003525982073709,-0.023126852090326583,2.548772832249086,57.099,71.819
1766337772.404849,328,102;103;104;105;200;201;202,70.369;69.275;68.884;48.388;70.245;72.292;81.189,0.4369111615838801,2.6548237389235636,1.459608734386572,-0.25679219708206164,1.2344581774272128,0.12623859018462175,-1.3189573786078785,0.4140793094423025,-1.3855831977669597,-0.4998184841147407,-0.024597253071151598,2.5510169086662144,57.131,71.754
1766337772.518716,329,102;103;104;105;200;201;202,70.002;69.055;69.467;46.160;70.855;71.798;82.228,0.43589298616986105,2.653262759840471,1.4587947794385174,-0.25777346045118554,1.2357569004035556,0.12528526878103113,-1.317361213922085,0.41543086475848656,-1.3865402720132551,-0.4998941188161452,-0.02530281762132683,2.5526220449164407,57.143,71.688
1766337772.595138,330,102;103;104;105;200;201;202,69.785;68.713;68.916;45.154;70.753;71.437;80.793,0.43613293371501555,2.653763718967669,1.459132680749086,-0.2594082612453381,1.2360279178719933,0.1250152964723779,-1.3179239578872235,0.4150014724614567,-1.3862927298658518,-0.49919756228951506,-0.02618603923399386,2.5537541887445765,57.141,71.711
1766337772.693411,331,102;103;104;105;200;201;202,70.106;69.026;69.309;48.761;69.495;72.278;82.646,0.43488299914450856,2.6516326393833176,1.4577812335217273,-0.25961379064700774,1.2367867514744508,0.1240731702320023,-1.315568758553648,0.41682612624297477,-1.387507500675136,-0.49952080877067356,-0.026885841496353466,2.5544388207093904,57.150,71.614
1766337772.795592,332,102;103;104;105;200;201;202,70.144;69.249;69.664;47.499;69.970;72.113;81.410,0.4339734776928381,2.6502605509563457,1.4573504156663941,-0.259662391210576,1.2376321599522981,0.1234881787478018,-1.3143919745093466,0.41804385474583605,-1.3883465894410945,-0.4997059103040166,-0.02682835709438415,2.5552210262376143,57.169,71.568
1766337772.895097,333,102;103;104;105;200;201;202,69.695;68.843;69.201;48.240;69.613;71.580;82.067,0.432649390921928,2.6486155420985162,1.4558442726365213,-0.25971612473579847,1.2387575466771452,0.12245246709693955,-1.3121519192115652,0.4193820218565213,-1.3895622996593457,-0.5003810888259294,-0.02708309603119738,2.5560299826281354,57.163,71.470
1766337772.994635,334,102;103;104;105;200;201;202,69.967;69.125;69.592;48.496;70.278;71.658;81.081,0.4321244032329722,2.647805171559129,1.4554202012116535,-0.2599290072683447,1.2395222983582714,0.12182405314925045,-1.3113210272681102,0.4200823441721436,-1.3900556514405036,-0.5004255256276117,-0.027122905639011388,2.5568445336664882,57.170,71.436
1766337773.094389,335,102;103;104;105;200;201;202,69.469;69.007;69.699;46.817;69.706;71.597;81.254,0.4328036293814783,2.648616348833748,1.4563025237314373,-0.2606990194780294,1.2394286828845595,0.12213894020436321,-1.3125420740323444,0.4194397442997582,-1.389431627110931,-0.49984878223311646,-0.02737845102371693,2.557299313178853,57.177,71.491
1766337773.191931,336,102;103;104;105;200;201;202,70.172;69.381;69.135;47.549;69.882;71.329;82.549,0.43262110533693926,2.6495347925856128,1.456295020371323,-0.26107124672895954,1.2392479082975565,0.12199281629838325,-1.312988128843397,0.41855391528575625,-1.3894554089529445,-0.4998143097996166,-0.02717487874540281,2.5571667883249365,57.157,71.498
1766337773.293338,337,102;103;104;105;200;201;202,70.105;68.631;69.361;48.148;69.486;71.552;80.893,0.43195611941616474,2.6489702282817915,1.4557206717124964,-0.26097252039367314,1.239862684599414,0.12141644751629949,-1.3121453591778587,0.4189963025457794,-1.390027461285481,-0.5001046000430015,-0.026922157454024973,2.5575807490334483,57.154,71.459
1766337773.392942,338,102;103;104;105;200;201;202,70.688;69.393;68.968;47.759;70.255;72.190;81.057,0.43148363693395736,2.6484967617519737,1.455528719154508,-0.2607683722716812,1.2401066643770664,0.1212187959279619,-1.3116832529576599,0.41940359520968057,-1.3904335486409125,-0.5002890235737942,-0.026672172378795475,2.5576560979177527,57.160,71.439
1766337773.490628,339,102;103;104;105;200;201;202,69.939;68.668;70.010;45.462;69.557;71.789;81.238,0.4314561611358137,2.649371182318102,1.4555098121168537,-0.2604527850893542,1.2403473618417657,0.12112250029577441,-1.3121178119484151,0.4185659606612135,-1.390350638677542,-0.5005987374815934,-0.0258802092122144,2.557587035652475,57.141,71.448
1766337773.592306,340,102;103;104;105;200;201;202,70.121;69.269;69.299;48.031;69.647;72.342;81.230,0.4310513646864647,2.647829426711727,1.45513407347533,-0.26021481978122324,1.2407609210351442,0.1208826948456358,-1.3109623117925815,0.419975065885535,-1.3908417331800402,-0.5006961061628372,-0.026177375850136464,2.5579445280905304,57.164,71.410
1766337773.688674,341,102;103;104;105;200;201;202,70.649;69.234;69.762;45.503;69.218;71.954;81.396,0.4319357877373999,2.649675144116468,1.455930068627228,-0.2607442074324983,1.240343743965714,0.12121573756722126,-1.312676977361869,0.41834617161345033,-1.3899500105869538,-0.5002379491554968,-0.02602392655651778,2.5578752789156107,57.146,71.475
1766337773.818346,342,102;103;104;105;200;201;202,69.342;69.125;70.059;46.339;69.544;71.764;81.453,0.4321890244051149,2.649525121025256,1.4558557782038153,-0.26169369422700184,1.2400732253562525,0.1213023203274146,-1.3125724347765246,0.41849331352462193,-1.3897875199641192,-0.49987734598901556,-0.02721104802509841,2.5581280002591225,57.146,71.474
1766337773.912948,343,102;103;104;200;201;202,70.851;69.213;69.954;69.365;71.356;82.478,-0.47293108378745613,-2.7243725705001016,-1.4884811710387318,-0.2478268466042136,1.212893401608805,0.1566713194157473,-1.384451408903495,0.35019410201417067,-1.3488505555806618,-0.5025855927216337,-0.00616741004849386,2.5250027567636524,56.588,74.406
1766337774.019469,344,102;103;104;105;200;201;202,69.596;69.010;69.883;47.954;70.231;72.263;81.509,0.4621613527167664,2.703185025900059,1.479911940091734,-0.24975717487527108,1.2177997245704588,0.14759298217546615,-1.363326064441472,0.3711728428945961,-1.3604423422793739,-0.5012526396399687,-0.012435255507509568,2.5312125582190363,56.723,73.532
1766337774.143909,345,102;103;104;105;200;201;202,69.401;69.225;69.127;46.201;69.808;72.185;81.512,0.4542752416236842,2.6875240389129305,1.4732017378798947,-0.2503513190379764,1.2217585387783252,0.1411280334302266,-1.3489514806560738,0.3851075770728396,-1.3684345576318087,-0.5008552346620839,-0.015686556166572524,2.535543321755603,56.832,72.946
1766337774.246262,346,102;103;104;200;201;202,71.143;69.367;69.462;69.467;72.391;80.655,-0.48093009294645267,-2.6959837265868267,-1.4719010209808256,-0.23589485893574658,1.1982523591049914,0.1704125743284788,-1.4099838836426444,0.32738057253277514,-1.3320075965281852,-0.5030877801165441,0.0018309269168260145,2.5065512239070324,56.542,75.552
1766337774.344054,347,102;103;104;105;200;201;202,69.989;69.437;70.328;47.679;70.244;71.531;80.745,0.4741590736492792,2.7224140815022126,1.4888633429163947,-0.23941643320351674,1.20663206382097,0.15758288164204312,-1.3817499376780038,0.35416796186894867,-1.348871628864211,-0.502284016669915,-0.004651740159399814,2.5161502291338045,56.630,74.324
1766337774.443565,348,102;103;104;105;200;201;202,70.379;69.271;69.229;46.220;68.983;72.179;82.119,0.4621866415466323,2.7012397947168156,1.4788998870653265,-0.24190018071344882,1.2136556156654796,0.14824263069589594,-1.3615309264662236,0.3729309691620661,-1.3607281122040482,-0.5022918211179492,-0.009123527933717068,2.523858068659548,56.727,73.466
1766337774.543016,349,102;103;104;105;200;201;202,68.999;69.415;68.774;46.054;68.857;72.095;80.768,0.45357321306148735,2.685210702514998,1.4716101256888743,-0.24436719050667832,1.2194108939923871,0.1414780344581977,-1.3464029097408663,0.38712181849458177,-1.3693064964799613,-0.5023911805365181,-0.013267042123855266,2.530435258615775,56.829,72.843
1766337774.642488,350,102;103;104;105;200;201;202,70.320;69.106;68.843;46.094;70.002;71.111;80.313,0.4478521973386591,2.6758598963499107,1.4673673763562642,-0.2469118280614948,1.2237750295618295,0.13654998963597442,-1.3374637520158754,0.39534829288950474,-1.3747860978992454,-0.5020797940891142,-0.01557240809115526,2.5357364712931085,56.900,72.474
1766337774.741490,351,102;103;104;105;200;201;202,70.343;69.711;69.819;45.262;69.499;71.827;81.710,0.4434746849963243,2.668897595633348,1.4637694588748598,-0.24892169101090314,1.2274509467383283,0.13272722766446785,-1.3304250515122846,0.40140997922631155,-1.3789597394959097,-0.502218127292525,-0.017456173556447713,2.5399912612190065,56.943,72.182
