#{"config": {"calib_path_resolved": "/Users/Andreas/Desktop/ptl24_marker/common/calib/calib_c920_1920x1080.yaml", "cli_overrides": ["camera", "config", "debug_metrics", "ekf", "ema_alpha", "extrinsics", "fps", "height", "hud", "print_tilt", "rig", "save_poses", "use_weighted_se3", "video", "width"], "config_path": "/Users/Andreas/Desktop/ptl24_marker/phase_b/config.yaml", "extrinsics_path_resolved": "/Users/Andreas/Desktop/ptl24_marker/common/extrinsics/T_WC_c920_1920x1080.yaml", "rig_path_resolved": "/Users/Andreas/Desktop/ptl24_marker/phase_b/rigs/cyl_dotec.yaml", "runtime": {"bench": {"print_every": 60}, "fuse": {"axis_len_m": 0.1, "ema_alpha": 0.25, "use_weighted_se3": true}, "health": {"max_tilt_jump_deg": 15.0, "spike_reset_after": 10}, "hud": {"enabled": true}, "logging": {"debug_metrics_csv": "Preliminary_report/runs/1080p/debug_metrics_dotec_c920_1920x1080.csv", "poses_csv": "Preliminary_report/runs/1080p/poses_dotec_c920_1920x1080.csv"}, "ransac": {"A_ref_px2": 12000.0, "adaptive": false, "base_rot_deg": 5.0, "base_trans_m": 0.05, "min_inliers": 3, "rot_max_deg": 5.0, "trans_max_m": 0.05}, "video": {"device": "0", "fps": 30.0, "height": 1080, "width": 1920}}, "yaml": {"bench": {"print_every": 60}, "fuse": {"axis_len_m": 0.1, "ema_alpha": 0.3, "use_weighted_se3": true}, "health": {"max_tilt_jump_deg": 15}, "hud": {"enabled": true}, "logging": {"debug_metrics_csv": "phase_b/debug_metrics.csv", "poses_csv": "phase_b/poses.csv"}, "ransac": {"A_ref_px2": 12000, "adaptive": false, "base_rot_deg": 5, "base_trans_m": 0.05, "min_inliers": 3, "rot_max_deg": 5, "trans_max_m": 0.05}, "video": {"device": 2, "fps": 30, "height": 1080, "width": 1920}}}, "files": {"camera_calib": {"path": "/Users/Andreas/Desktop/ptl24_marker/common/calib/calib_c920_1920x1080.yaml", "sha256": "952be5b3ae075e7a682e9f0df1b90719a2f720999e5137c5c416f83951012924"}, "config": {"path": "/Users/Andreas/Desktop/ptl24_marker/phase_b/config.yaml", "sha256": "9c664548f0c4998345c599764857540af456008cc4bf230d90b575c908eaec28"}, "extrinsics": {"path": "/Users/Andreas/Desktop/ptl24_marker/common/extrinsics/T_WC_c920_1920x1080.yaml", "sha256": "60a5e06a6e4c7d03766a5d0ec880f181abc2f6a8088620e79cc531b1f1b6642c"}, "rig": {"path": "/Users/Andreas/Desktop/ptl24_marker/phase_b/rigs/cyl_dotec.yaml", "sha256": "f0fd590bf211070dbb1b2c6b32f4041175f33703203978255bdee60a8b77b6ef"}}, "git_commit": null, "timestamp": 1766334456.79993}
timestamp,frame,used_ids,decision_margins,rvec_cam_x,rvec_cam_y,rvec_cam_z,tvec_cam_x,tvec_cam_y,tvec_cam_z,rvec_world_x,rvec_world_y,rvec_world_z,tvec_world_x,tvec_world_y,tvec_world_z,tilt_cam_deg,tilt_world_deg
1766334457.016092,0,102;103;104;105;200;201;202,68.243;67.269;69.475;45.614;70.912;72.897;81.959,0.10910118407625169,-2.3755845223891394,-0.645442083959625,-0.9490417754832094,1.0839359006202576,-0.39612936499383183,-1.5274780336392608,-0.7033648111282205,-1.4559217516514704,-0.5010988122183557,0.5284624119531036,2.633594132253529,48.922,85.359
1766334457.231847,1,102;103;104;105;200;201;202,68.884;67.682;69.203;48.220;70.501;73.467;80.185,0.022601862419764276,-2.5190057157642336,-0.8196583155449843,-0.7457986654428963,1.1650660074515282,-0.36561944757552967,-1.4766599618321643,-0.4477812593816086,-1.4852502177085736,-0.4792877764362604,0.43308658527176547,2.6165470505044457,45.487,78.440
1766334457.473687,2,102;103;104;105;200;201;202,68.897;67.968;69.442;46.461;69.940;73.525;80.542,-0.05432684938910925,-2.618094651649628,-0.9621380493794534,-0.5975480500612238,1.2083337075055476,-0.3126873398987915,-1.433686782871683,-0.25252856158238035,-1.4939792345329546,-0.4682410236359094,0.3558717038240451,2.600814386639545,44.914,74.157
1766334457.598503,3,102;103;104;105;200;201;202,69.068;67.119;68.117;47.674;69.617;72.143;82.422,-0.12172675292376615,-2.683676137845819,-1.0773168822935948,-0.4949609719004328,1.2293916993105154,-0.2543872043375572,-1.401369911914173,-0.10426908336364762,-1.4908345446401847,-0.4618706010635807,0.2921215270875664,2.5890478706947633,45.834,71.752
1766334457.748559,4,102;103;104;105;200;201;202,67.888;68.684;68.739;47.072;68.531;72.800;79.642,-0.17900549074186364,-2.7308194743116667,-1.171140067924597,-0.4212057501476212,1.2402063570761783,-0.19945788222376973,-1.3739157725095452,0.012096411855526302,-1.4839521798094075,-0.4610838333149494,0.2389501847525032,2.5795843545972392,47.237,70.305
1766334457.889629,5,102;103;104;105;200;201;202,69.081;66.472;69.832;46.225;70.315;73.089;80.050,-0.22724437917961615,-2.7615427180599204,-1.246172241021151,-0.3706106566342078,1.2447426655543172,-0.14995590540026393,-1.3540900399469342,0.10122992543746256,-1.47449275566401,-0.46222356578877455,0.1949384837297783,2.572599529252856,48.770,69.618
1766334458.038423,6,102;103;104;200;201;202,68.659;67.591;70.163;69.829;72.630;80.328,-0.28491131777983214,-2.714149646511699,-1.2684732306685245,-0.32998374760525434,1.22784284216553,-0.07546243571481133,-1.398863733687074,0.11195912412734306,-1.426790085292905,-0.4683582013355688,0.1762355118467335,2.535630357782527,50.393,72.357
1766334458.141280,7,102;103;104;105;200;201;202,68.669;67.905;70.270;47.930;69.039;72.574;81.397,-0.3138781994785965,-2.7451426290542087,-1.3242469239646237,-0.30284563130421205,1.2308082413686852,-0.046407884009774865,-1.373202014198473,0.18014679134203931,-1.4272693524140951,-0.47162569452975145,0.14290619376115155,2.5369614108595204,51.394,71.447
1766334458.230234,8,102;103;104;105;200;201;202,68.112;66.564;69.483;47.847;68.676;73.605;81.998,-0.33922090210711037,-2.766048853489606,-1.3687158728980353,-0.28475144948547737,1.2323685761979744,-0.020188823072529113,-1.3547516111196491,0.23286176542782044,-1.4248541632512481,-0.474758528424131,0.11427651990472615,2.5384806979357752,52.355,70.961
1766334458.335416,9,102;103;104;105;200;201;202,69.659;66.887;68.806;48.232;70.125;71.905;82.801,-0.35901995246050517,-2.7800813534052513,-1.4028276179434935,-0.2734293977417421,1.234275049005013,0.0013056440062566882,-1.34161120912494,0.27222420660641766,-1.4221158891784822,-0.47815516498037974,0.09173558829439138,2.540788730366478,53.172,70.710
1766334458.430984,10,102;103;104;105;200;201;202,68.252;68.984;69.393;47.488;69.811;73.702;82.039,0.37100069321375384,2.760416087383513,1.4148495688588003,-0.26468845574573036,1.236191239181675,0.01968605337879775,-1.3303594461012878,0.3042724754697235,-1.4198444383447548,-0.48229683580076743,0.0730858473406476,2.542569479354482,53.868,70.523
1766334458.529963,11,102;103;104;105;200;201;202,68.310;67.875;69.444;47.545;68.190;73.061;81.881,0.3792693919845476,2.734906835674265,1.4192483706666,-0.25842889129250246,1.2381247545992782,0.03505209197482888,-1.3213452671979906,0.3297073156714054,-1.417750082672074,-0.48639621116454645,0.05778466863029688,2.544313905587945,54.446,70.404
1766334458.633926,12,102;103;104;105;200;201;202,69.516;67.060;69.613;47.331;69.380;73.027;81.300,0.38603746086711305,2.714815982240795,1.4231188449482532,-0.25480428150664,1.2401961831259367,0.04766760833891129,-1.3146443586253083,0.34978588160936847,-1.415725748449755,-0.48971311731598,0.04498423581454189,2.5467264258656366,54.932,70.351
1766334458.730032,13,102;103;104;105;200;201;202,68.391;68.165;69.610;46.176;69.626;72.461;80.952,0.39242409588132,2.7015079268821633,1.4270494079498588,-0.2530446880563351,1.2414069112988277,0.058516728233768876,-1.3115550675379304,0.36336034969273845,-1.4128842527168946,-0.49229547760435066,0.03479423519549904,2.5484827120485587,55.300,70.409
1766334458.828872,14,102;103;104;105;200;201;202,68.758;66.938;70.173;47.691;69.028;73.269;80.936,0.39771059379885004,2.689895813410984,1.4306616573693764,-0.2522273765931273,1.2424524629300882,0.06786138509414862,-1.3089954024543446,0.37519368380552803,-1.410540344544541,-0.4942747941721602,0.025696410779208256,2.550347650396361,55.631,70.469
1766334458.937335,15,102;103;104;105;200;201;202,68.076;67.538;69.710;46.167;70.303;72.658;81.001,0.4031594890033426,2.682775612870745,1.4343764678593405,-0.25280794267665746,1.242006334537073,0.07633565547192804,-1.3089168005795522,0.38275186115662413,-1.4074306429406862,-0.4953433898707621,0.017479884014783786,2.5511652161115004,55.877,70.602
1766334459.026742,16,102;103;104;105;200;201;202,68.671;67.309;69.346;46.722;70.130;73.227;80.956,0.4069833085717378,2.6757016846714423,1.43662625835746,-0.25302035151350116,1.2421751134880703,0.08298837969337097,-1.3074982138687659,0.38998674109899045,-1.405514974521541,-0.4967434538587706,0.010551887980897234,2.5520941579624834,56.081,70.655
1766334459.126884,17,102;103;104;105;200;201;202,68.283;67.174;70.151;47.736;68.892;72.579;81.503,0.4087655404043591,2.669404345017565,1.437536205881542,-0.2530368839189937,1.2434887035025526,0.08759522246928718,-1.305159357532777,0.3962017000412335,-1.4050020777314802,-0.49872180223083695,0.005667403927983372,2.5535047275372893,56.236,70.638
1766334459.228762,18,102;103;104;105;200;201;202,68.074;67.565;70.314;45.656;70.506;72.293;82.498,0.41142208914784234,2.666358152952404,1.4393160025092395,-0.2541290523729989,1.2434607358329333,0.09207481071111247,-1.3053352092558108,0.3994652494759108,-1.4034023789842747,-0.49956313005320135,0.001109671980972754,2.5542231028976787,56.347,70.710
1766334459.320918,19,102;103;104;105;200;201;202,68.389;67.541;69.998;48.012;69.387;72.825;81.535,0.4131083690086951,2.662702201420515,1.4406335131519847,-0.25490539141827134,1.2439826007089965,0.09556349149807643,-1.3046996763988872,0.40319948932232297,-1.4025916682250366,-0.5003988624815514,-0.002637036368293544,2.5553005427086637,56.460,70.743
1766334459.454203,20,102;103;104;105;200;201;202,68.201;67.364;70.245;48.056;68.617;72.807;81.284,0.41412354975881627,2.6593685652507513,1.440857854165857,-0.2541370171932302,1.244469348303661,0.09821101850001478,-1.303269080354654,0.4064610707712254,-1.4022630847069162,-0.501844757273915,-0.004895581901123436,2.555385455004531,56.535,70.726
1766334459.554575,21,102;103;104;105;200;201;202,69.005;67.934;70.035;48.744;69.342;73.068;80.832,0.41540703193685413,2.657408994873176,1.4418124598601798,-0.25451444563079656,1.2450243010871025,0.10054521493402802,-1.3031793898847661,0.40851119750488984,-1.4015396006274616,-0.5025405743004476,-0.007019425063479079,2.556180532828558,56.603,70.760
1766334459.651825,22,102;103;104;105;200;201;202,68.517;67.064;70.180;47.410;69.033;73.124;79.554,0.41653973224227164,2.656203569780361,1.4428102525774622,-0.2546305687452273,1.2450106045157294,0.10284698948892244,-1.3034997158561075,0.40983807535608807,-1.4008294904965788,-0.5031902463570759,-0.008622333928652498,2.5562375153771173,56.655,70.802
1766334459.754684,23,102;103;104;105;200;201;202,68.909;67.116;70.444;47.726;68.923;72.027;81.687,0.4172757886466529,2.655614375857079,1.4438415876702722,-0.25543534310131816,1.2448511092506347,0.10451709576462144,-1.3041179016520281,0.4105590420781784,-1.400328847447904,-0.5033264144154129,-0.010073714360901792,2.556498157051334,56.697,70.847
1766334459.853722,24,102;103;104;105;200;201;202,67.736;67.003;69.821;48.901;68.754;71.921;80.600,0.4180263099142448,2.653649471068096,1.4440303180113714,-0.2558378507272794,1.2452404883198742,0.10562789231824846,-1.3033420676944925,0.41249517397981034,-1.4000176965190698,-0.5035571969748451,-0.011959425118762107,2.557228136080828,56.743,70.842
1766334459.952902,25,102;103;104;105;200;201;202,68.860;67.262;70.540;48.329;69.755;73.313;81.616,0.41951547659883837,2.6537852357974825,1.4452352094047713,-0.25653054259992353,1.2446761700700406,0.10741856922123971,-1.3045766297673784,0.4125838548355351,-1.3988767349390925,-0.503408406767018,-0.013455858738429971,2.557184004517741,56.772,70.914
1766334460.052013,26,102;103;104;105;200;201;202,67.977;65.898;70.020;46.641;68.333;73.024;80.822,0.4200022972039291,2.65210740649048,1.4454459235087889,-0.2562998457012105,1.2448206445506744,0.10843554235172262,-1.3039349723318885,0.41423413271067516,-1.3987190674232401,-0.5037361083667449,-0.01454469315876275,2.557335935475952,56.813,70.910
1766334460.157310,27,102;103;104;105;200;201;202,68.923;67.250;70.221;48.221;68.477;71.907;82.170,0.41991163842050194,2.6513465267755394,1.4450472041522338,-0.2561840782316877,1.245465619322114,0.1085632653243856,-1.3032052111079482,0.4149090920933109,-1.39889201720675,-0.5042896782312964,-0.01485146315445282,2.557773482280872,56.818,70.884
1766334460.249187,28,102;103;104;105;200;201;202,67.960;66.984;70.350;47.603;69.063;72.235;82.278,0.4198094066689236,2.650534019457149,1.4448289491543564,-0.25688641894632874,1.2460059073839325,0.10888129338820209,-1.302592361251598,0.41565344388653525,-1.3990722696177202,-0.5046477260933577,-0.01587397312764091,2.558490982759882,56.829,70.864
1766334460.343818,29,102;103;104;105;200;201;202,67.763;66.844;70.480;47.425;69.107;72.231;80.846,0.4206881655243582,2.651090651972149,1.4455462949934648,-0.2572627905170715,1.2454897615755527,0.10974900908621214,-1.3035750633368706,0.41525147348606234,-1.3983411924348237,-0.504417052833499,-0.01648300512165829,2.5582817198063807,56.836,70.912
1766334460.460755,30,102;103;104;105;200;201;202,68.131;66.970;70.497;46.641;68.802;73.437;80.060,0.4206602538055447,2.6498014182082574,1.4452935454500857,-0.25697801983732627,1.245628303652784,0.11029004084103038,-1.3026956805968424,0.41645047602318125,-1.3985260298265825,-0.5049023286375525,-0.01716092538475361,2.5582322847109933,56.857,70.887
1766334460.550391,31,102;103;104;105;200;201;202,68.520;67.166;69.913;44.864;69.513;72.808;80.656,0.42191306917423166,2.6509768478984572,1.446197924442371,-0.2575018125620693,1.2453655123640748,0.11112502639325839,-1.3042003743339021,0.41549894185972924,-1.397442649914871,-0.5046077100754565,-0.01760309265543658,2.5583551857375904,56.854,70.954
1766334460.645569,32,102;103;104;105;200;201;202,67.905;67.576;70.418;46.827;69.325;73.099;81.764,0.4221528710379128,2.650853506493205,1.4462390653217803,-0.25745348917038197,1.245123098398305,0.11159780847687888,-1.3042005045851113,0.41563376324735984,-1.397282254142261,-0.5047704204877547,-0.017994181245228696,2.5580733217269715,56.857,70.958
1766334460.745302,33,102;103;104;105;200;201;202,68.273;68.116;69.698;48.426;69.134;72.462;80.224,0.42218595654241703,2.6509432854016217,1.4464508326058432,-0.2573918167699423,1.2450762993142372,0.11171436305376417,-1.304422255410348,0.41557419592404865,-1.3972391883114583,-0.5047398570097595,-0.017846182919164094,2.5580186720986173,56.862,70.968
1766334460.842966,34,102;103;104;105;200;201;202,68.391;67.706;69.642;47.389;70.066;73.240;80.991,0.422598578876951,2.6508885987860795,1.446691447546101,-0.2573395373501616,1.2447273163079282,0.112275228375499,-1.3046414377671192,0.41567537142753946,-1.396937588105116,-0.5047586509779067,-0.01824018634840993,2.557705626837481,56.869,70.983
1766334460.942729,35,102;103;104;105;200;201;202,68.796;66.536;70.580;46.877;68.807;72.257;81.827,0.4224627339557848,2.6513514304037553,1.4468892294626168,-0.25719174324558103,1.2447882452294206,0.112260669353565,-1.3050241972502767,0.41524960242609915,-1.3969725573610006,-0.504835743235139,-0.01767391795820869,2.557632056441558,56.865,70.995
1766334461.040367,36,102;103;104;105;200;201;202,68.407;66.864;69.126;46.707;68.115;72.909;82.423,0.4221373366442672,2.6511790903958325,1.4462705637422264,-0.25654057881285025,1.2451096263318013,0.11216286817023935,-1.3043934841621283,0.4153260556686587,-1.397253192046791,-0.5055161090189815,-0.017267740808329657,2.5574085596093497,56.851,70.963
1766334461.142804,37,102;103;104;105;200;201;202,68.265;66.949;69.864;47.259;69.211;72.384;80.629,0.422457063537094,2.651445403223462,1.4470413992155535,-0.2571691174684441,1.2447291421809588,0.11255942764371678,-1.3051950310987335,0.4151771291612844,-1.3969593508110043,-0.504997009841751,-0.017652499339017663,2.5574989320184436,56.868,71.002
1766334461.238310,38,102;103;104;105;200;201;202,68.700;67.311;69.352;46.206;68.709;72.989;81.635,0.4222895431810219,2.6510902277715354,1.446594983307349,-0.2569075839360574,1.2445410162875319,0.11271111257674007,-1.3046284643650554,0.4154559804607655,-1.3971408919218435,-0.5053588723217525,-0.01790470156828719,2.5570702407532035,56.863,70.977
1766334461.370800,39,102;103;104;105;200;201;202,68.294;67.144;69.656;48.284;69.736;73.391;80.929,0.4221444035356473,2.649675021040863,1.4465932949147382,-0.2571750592328851,1.2446296072141225,0.11280029145371348,-1.303871001135938,0.4167980445089931,-1.3974155837330406,-0.5051686753043355,-0.018720294831086726,2.557437240398813,56.894,70.959
1766334461.472054,40,102;103;104;105;200;201;202,67.984;66.940;69.801;47.152;69.522;72.034;83.184,0.4221056394888161,2.649600258995618,1.4461701087319883,-0.2572120202333166,1.24455090105015,0.11266039004368815,-1.3034858343855849,0.4168186523630997,-1.397469240566054,-0.5052610601638312,-0.01900041516324677,2.5573232197778815,56.883,70.940
1766334461.571207,41,102;103;104;105;200;201;202,68.682;67.188;70.452;46.548;69.771;72.857;81.197,0.4220079463794536,2.6495198072338413,1.4460106108524737,-0.25739179210462554,1.2449283626253411,0.1126328023171874,-1.30330259768602,0.41687194902396946,-1.3975558583990264,-0.5054875657878115,-0.019109535860371618,2.557671553772164,56.880,70.932
1766334461.668524,42,102;103;104;105;200;201;202,68.818;67.133;70.423;46.610;68.637;71.552;80.570,0.42169245245385406,2.650268191616053,1.4461371743435028,-0.25693764282041015,1.2452838394205532,0.11233253022809735,-1.3037534540371918,0.41615636919146887,-1.3976897206223835,-0.5056993222259116,-0.017885250276654968,2.557680454962382,56.869,70.941
1766334461.769971,43,102;103;104;105;200;201;202,67.952;67.250;68.742;47.047;69.025;72.069;80.097,0.4222945540865106,2.651036025144657,1.4469303227064123,-0.2574035582900224,1.2448693900047703,0.1127290897668673,-1.304871148637059,0.41554642890201127,-1.3971305144735766,-0.505192254619172,-0.018049714514073972,2.557663829801762,56.874,70.990
1766334461.866612,44,102;103;104;105;200;201;202,68.528;67.564;70.181;48.166;69.191;72.698;81.126,0.4212006309307662,2.650341182753231,1.4460800458401382,-0.25637605989468,1.2452137185820076,0.11233866350946156,-1.3036813910587002,0.41605456571843935,-1.3980392523328025,-0.506032660991151,-0.017160094711092005,2.557205895852506,56.867,70.932
1766334461.966816,45,102;103;104;105;200;201;202,69.307;66.713;70.356;48.100;70.108;72.560;81.160,0.4223279665994379,2.651366222865106,1.447355452719643,-0.25791891426806385,1.2443944049589242,0.11296783920637267,-1.3053900943483452,0.4152819509069689,-1.3970498394053383,-0.5048499880594717,-0.018334362767006285,2.5574970293441117,56.880,71.012
1766334462.066213,46,102;103;104;105;200;201;202,68.057;67.983;70.157;47.891;70.034;72.811;81.767,0.42319514864517616,2.651614006161087,1.4477145896223576,-0.2579623706436766,1.2443402572957831,0.11319956813630117,-1.3059214162275141,0.4151315610630218,-1.396378234078816,-0.5045293416267604,-0.018617266808878652,2.5576794146370117,56.882,71.041
1766334462.198758,47,102;103;104;105;200;201;202,69.046;67.423;70.019;45.135;69.448;71.769;81.648,0.42407073297530423,2.6528087636406195,1.44804897267025,-0.25786495045263025,1.2441496252456328,0.11324592614838899,-1.3069267252774623,0.41407529952248884,-1.3955877557763698,-0.5042321555678417,-0.01832675390783986,2.5575802670395116,56.864,71.081
1766334462.297922,48,102;103;104;105;200;201;202,69.451;68.003;69.320;45.604;69.102;72.639;81.633,0.4243951433445823,2.6534561271434045,1.4481227320806624,-0.25764363850391386,1.244033441706834,0.11335444850244611,-1.307365268058759,0.4134829441853015,-1.3952721981611311,-0.5042966517344869,-0.018049250763491703,2.557343024637938,56.851,71.096
1766334462.393995,49,102;103;104;105;200;201;202,68.646;67.069;69.951;47.915;68.773;72.700;81.527,0.4239532935434487,2.652682937401408,1.4477497856304244,-0.25755800807512874,1.2442530783580805,0.11308913662831263,-1.3066049247661402,0.41415511089434176,-1.3956997854944118,-0.5044186239349309,-0.01815053461888591,2.557485924618341,56.858,71.066
1766334462.491549,50,102;103;104;105;200;201;202,68.546;67.335;69.935;48.303;68.516;72.041;81.676,0.42325479948304395,2.6522997822711596,1.4471316437395667,-0.2571399276767799,1.2443618073170633,0.11275572956523915,-1.305816513728356,0.4144138526670939,-1.3962758247563476,-0.5048350197670513,-0.01780760643941176,2.55720761064373,56.849,71.027
1766334462.591188,51,102;103;104;105;200;201;202,67.555;66.889;69.916;48.737;68.575;72.705;82.083,0.42252807574282086,2.650748146033687,1.446346054033646,-0.25698219770640274,1.2444556608208364,0.11250326182641668,-1.3042807274230082,0.41576599796489194,-1.3970190826262117,-0.505117598032694,-0.0183573865467255,2.557155346864567,56.862,70.967
1766334462.691232,52,102;103;104;105;200;201;202,68.374;67.035;70.494;47.848;68.760;72.412;80.564,0.42278046137127884,2.6506748736930184,1.4466689455991406,-0.2573543833293779,1.2448509046921097,0.11235668735426983,-1.3045356836508983,0.41588603341597136,-1.3968324382280206,-0.5047848098785206,-0.018460844507486113,2.557865931141637,56.872,70.982
1766334462.788968,53,102;103;104;105;200;201;202,68.581;67.253;70.312;48.079;69.061;72.793;81.555,0.42124401524391936,2.648982197045319,1.4452995450782475,-0.25664564766505565,1.245879518124539,0.11158035726311948,-1.3023495440168857,0.4172629554629411,-1.398201125581089,-0.5058091036230015,-0.01802147270260465,2.5581593710402886,56.873,70.886
1766334462.888529,54,102;103;104;105;200;201;202,68.042;66.940;70.033;48.603;69.289;72.834;81.161,0.42148670794182186,2.6481854395457365,1.4454437177964174,-0.2570476928237863,1.2459564110133592,0.11173603624970284,-1.3020821429296248,0.4180521181114553,-1.3981148238237817,-0.5055390027809066,-0.01881870267242683,2.558592938785078,56.894,70.886
1766334462.992272,55,102;103;104;105;200;201;202,68.556;67.001;69.745;47.349;68.375;72.836;80.425,0.4219821208286448,2.6489448511356892,1.4457365768870092,-0.25660635917183244,1.2457237369730203,0.1120143732464236,-1.302778697982543,0.41738737079661625,-1.3976539885297352,-0.5055720724967483,-0.018360746180612814,2.5581887882363294,56.884,70.914
1766334463.087091,56,102;103;104;105;200;201;202,68.792;66.672;69.368;47.319;69.492;73.206;80.791,0.42246032102803804,2.6493812317343304,1.4461723572671843,-0.25644406308583395,1.245520029616903,0.11233234830175651,-1.3034197828274134,0.4170461666411178,-1.3972385161906964,-0.5054379815360369,-0.018199820310784376,2.5580114941711534,56.886,70.943
1766334463.185223,57,102;103;104;105;200;201;202,68.575;66.302;70.543;46.600;69.279;72.335;81.984,0.42248230110910084,2.6497597690203745,1.4463302469180122,-0.25729596602226096,1.2457070508436294,0.11228238627446982,-1.3037471379774963,0.41670445452551574,-1.3971711579679722,-0.5052573565929843,-0.018587718534067432,2.558556494962131,56.883,70.954
1766334463.283778,58,102;103;104;200;201;202,68.111;67.599;69.977;69.270;72.737;80.706,0.4572206106373286,2.714250925054736,1.4755527654968355,-0.2468726184986978,1.2231614870407237,0.14285631377326297,-1.3648825437110519,0.3599768130159615,-1.3627200686993468,-0.5072261294940058,-0.0015107725704723574,2.5311990953009653,56.399,73.439
1766334463.382664,59,102;103;104;105;200;201;202,68.134;66.625;69.995;47.932;69.098;72.833;80.664,0.4492327823761215,2.698889856870842,1.4684246630204678,-0.24671744971574877,1.2266320636331298,0.13624746237109758,-1.3503236721026926,0.3735534510440755,-1.3708087769610555,-0.5070057593387219,-0.0042742482700045825,2.5347097202323132,56.480,72.832
1766334463.481385,60,102;103;104;105;200;201;202,68.600;67.495;69.814;45.451;68.595;72.680;81.536,0.44258609178074526,2.6866659886228152,1.462893395256399,-0.24703348038533768,1.2296997900638797,0.13110414888808525,-1.3387684340013333,0.38432748583480586,-1.3774100029035206,-0.5070007343102146,-0.0066277970548262455,2.5379077764306484,56.563,72.356
1766334463.580285,61,102;103;104;105;200;201;202,68.899;67.252;69.949;46.120;68.429;72.878;81.096,0.4377839685077575,2.677804633705754,1.458901368448969,-0.24758661849551974,1.2324195826282964,0.12716636299411174,-1.3303833318498726,0.3921234641095965,-1.3821633406059084,-0.5069705298697617,-0.008398108918131642,2.5408683618726458,56.630,72.015
1766334463.680418,62,102;103;104;105;200;201;202,68.339;67.051;69.982;48.597;68.841;72.523;80.215,0.4340303598609679,2.670538588388697,1.4559600528268875,-0.24868207888646313,1.2349324078125714,0.12390771010972643,-1.3237825236573522,0.3985507297464201,-1.3859019190143709,-0.5066418005261022,-0.01021423569768301,2.5439792628436235,56.699,71.753
1766334463.780165,63,102;103;104;105;200;201;202,68.505;67.333;70.212;49.277;69.052;72.156;82.202,0.43170392085175313,2.6664399632424614,1.4540564211371205,-0.25049667524787894,1.2362946747020238,0.12159029312988766,-1.3198300836257664,0.4021352415614184,-1.388167120629639,-0.5059550558809696,-0.012126957818998557,2.546280235856084,56.733,71.593
1766334463.879967,64,102;103;104;105;200;201;202,67.828;67.092;69.079;48.996;69.108;71.925;81.617,0.4284800552916116,2.6613780345825404,1.4511459547889691,-0.25120315619387035,1.2387442704484797,0.11888465799672637,-1.3144471979691597,0.40647734382733436,-1.391236172766345,-0.5064569090269921,-0.01319801584674768,2.5487450877307483,56.760,71.369
1766334464.011126,65,102;103;104;105;200;201;202,67.756;66.698;69.887;47.387;69.597;73.300;81.738,0.4281435090893634,2.6593619847617864,1.4509389130420827,-0.25254931420227544,1.23931164175373,0.11825850976988263,-1.3131899221149523,0.4083598894146719,-1.3917336365311908,-0.5056788398161789,-0.01476981271068889,2.5502416022607957,56.798,71.332
1766334464.110066,66,102;103;104;105;200;201;202,68.295;67.301;69.600;48.026;68.891;72.725;81.361,0.42600753157033844,2.6564707592355514,1.449286064660781,-0.25258355762875256,1.240973816137037,0.11664991238484523,-1.310079855321033,0.41082246589363836,-1.3936953951374087,-0.5062345145891338,-0.014807424592666207,2.551639390553075,56.816,71.201
1766334464.210201,67,102;103;104;105;200;201;202,68.202;67.374;70.617;46.596;68.108;72.028;82.219,0.4249750889103696,2.655449993464055,1.4481754499888717,-0.25279423879568397,1.2417543385615997,0.11558818758734152,-1.3085206675709498,0.41161708818425424,-1.3946100461239481,-0.5064739492256338,-0.014906958237690532,2.5523305913773418,56.808,71.130
1766334464.308027,68,102;103;104;105;200;201;202,67.400;67.691;70.245;48.761;68.828;71.976;82.815,0.4239029987196355,2.653587331246106,1.4472560272849748,-0.25421186235335874,1.2426842102164581,0.1145313968856833,-1.3066714425906032,0.41323354727041683,-1.3956469552282231,-0.5062212333585541,-0.016240611101676183,2.5538838784444247,56.823,71.056
1766334464.407473,69,102;103;104;105;200;201;202,68.662;66.999;70.059;48.477;68.869;72.354;80.707,0.4233479602900858,2.652506060095308,1.447025018723719,-0.2545030419382915,1.2433607233397053,0.11393268860097791,-1.3058501513809804,0.41420971754123564,-1.396187843243848,-0.5060707608154562,-0.016371238801866056,2.554747260305481,56.841,71.026
1766334464.506940,70,102;103;104;105;200;201;202,68.795;67.363;70.332;47.477;69.615;72.098;82.312,0.42236588597180025,2.6518917085618434,1.4462064672943116,-0.25457825267361905,1.2442900365741956,0.11304815066516435,-1.3047428352071468,0.41465090792173337,-1.3970047217099568,-0.5064578607287352,-0.016042716823654463,2.55546408070041,56.833,70.972
1766334464.606396,71,102;103;104;105;200;201;202,68.409;67.678;69.103;47.027;69.314;72.953;82.186,0.42276869848035703,2.651700618350193,1.4462889004812498,-0.2552278377124035,1.2441253712706413,0.11321672271306912,-1.3047621744336235,0.4148635020757187,-1.3967329209879424,-0.5061344093198175,-0.0169772420767709,2.555732045106953,56.838,70.979
1766334464.705577,72,102;103;104;105;200;201;202,68.123;67.203;70.063;47.817;70.494;72.568;80.392,0.42430350676382794,2.6522874941373895,1.4476214148854198,-0.2568655773813157,1.243750674282924,0.11378811347473627,-1.3063412993629904,0.4145355809482687,-1.395499017714976,-0.5048119584297102,-0.018459429114340203,2.556650110405252,56.861,71.061
1766334464.804888,73,102;103;104;105;200;201;202,69.303;66.656;69.850;46.483;70.257;73.155;82.034,0.4248243334727607,2.6529958678767613,1.4482629426929794,-0.2572257744259017,1.2432019838044024,0.11427459404892854,-1.3072945946219168,0.41395989980261233,-1.3950114979399262,-0.5044536553568587,-0.018691539198773838,2.556393340061746,56.864,71.103
1766334464.902462,74,102;103;104;105;200;201;202,68.283;65.888;69.766;48.497;69.070;72.888;81.155,0.4241774160755401,2.6508213515505563,1.4477538846941045,-0.25748094609136307,1.2436184571450977,0.11390567811765606,-1.3056684507182987,0.41594257338636653,-1.3957607745908147,-0.5043603798573925,-0.019602462668927595,2.5570341233008715,56.897,71.048
1766334465.000696,75,102;103;104;105;200;201;202,68.684;67.366;70.801;46.197;68.996;72.282;81.203,0.4230986836980685,2.650628410141811,1.4469560629346696,-0.2565339423929026,1.2444045000940462,0.11336957251117234,-1.3047843652174753,0.4159797332136251,-1.3965963146718443,-0.5053328146689555,-0.018327039591463756,2.5569595339270235,56.881,70.998
1766334465.100801,76,102;103;104;105;200;201;202,68.666;67.130;70.295;47.576;69.131;72.517;82.029,0.42318242640628123,2.6512345516460942,1.4472071804190172,-0.2567549989177357,1.2444592942682626,0.1132844317901885,-1.3053132952581965,0.4154347355682428,-1.3964531191062126,-0.5051776438823876,-0.018070666555559278,2.557120906104707,56.875,71.016
1766334465.199622,77,102;103;104;105;200;201;202,68.866;67.424;70.425;48.280;69.867;71.816;82.955,0.4227077123963927,2.6514062000466385,1.447341773394931,-0.257279418569176,1.2447700056927715,0.1128862250354482,-1.3054493155745868,0.4152619176859636,-1.3967707523766013,-0.5049856472832153,-0.01783379582941938,2.5576300989041596,56.877,71.017
1766334465.298038,78,102;103;104;105;200;201;202,68.504;66.428;69.577;45.401;69.486;72.887;80.961,0.42281689955060925,2.6517141167134395,1.447630288615403,-0.257378943218585,1.2447779843220699,0.11302248264320001,-1.3058563614859608,0.4150068965014236,-1.396643287977297,-0.50493098556155,-0.017706910880242954,2.557692061971848,56.879,71.034
1766334465.395463,79,102;103;104;105;200;201;202,68.307;66.730;69.808;46.943;68.122;73.019;80.694,0.4222940076847702,2.650738917185281,1.4472555142949755,-0.256760717869867,1.2450985856294503,0.11281829069982535,-1.304978451524906,0.4158670787664582,-1.3971536829321425,-0.50526572495562,-0.017395368476911116,2.5576668445761244,56.891,71.000
1766334465.496081,80,102;103;104;105;200;201;202,68.766;66.919;69.787;46.396;69.164;72.777;81.332,0.42273007309094673,2.6512860207556534,1.4474534496218316,-0.25654511784379685,1.244544579635942,0.1131566984769097,-1.30547965123646,0.41539049123448246,-1.3967645668738615,-0.5051829888579018,-0.01738391136847195,2.5570749374216213,56.883,71.020
1766334465.593870,81,102;103;104;105;200;201;202,68.125;66.504;70.343;46.208;69.741;72.237;82.214,0.42272334692475544,2.6511497943629703,1.4475327630887875,-0.2577236525030136,1.2444016685972012,0.1131664990880644,-1.3054717675797323,0.41552915956630104,-1.396782638079697,-0.5047711923235079,-0.018451503934482305,2.5575368416600655,56.889,71.022
1766334465.694403,82,102;103;104;105;200;201;202,67.869;67.177;70.947;48.322;69.328;71.737;81.559,0.4230768739222806,2.6512152293922338,1.447390751659459,-0.2586367151105579,1.2447265296183434,0.11277925287287908,-1.305437422514498,0.4154687471664503,-1.3965245542129179,-0.5043484946077841,-0.01922637891187548,2.558394039117437,56.882,71.022
1766334465.791485,83,102;103;104;105;200;201;202,69.290;67.192;69.911;49.085;68.949;72.451;80.353,0.42265029366628687,2.650715322136572,1.4471255523773718,-0.25817663756114967,1.2446161427875713,0.11272853253853139,-1.304907807541503,0.41589312394225075,-1.3969037668498523,-0.5045747635756115,-0.01901206651615256,2.5580091048821796,56.886,70.999
1766334465.892359,84,102;103;104;105;200;201;202,68.187;67.726;69.804;47.438;68.540;72.064;82.567,0.4216580817195774,2.649929126642083,1.4463116857153577,-0.25744797562631955,1.2451194873340479,0.1122863031357724,-1.3037129919736108,0.4164980558684157,-1.3977483545601086,-0.505297388005104,-0.01838356091247828,2.5578885606700346,56.881,70.943
1766334465.992230,85,102;103;104;105;200;201;202,69.027;67.959;70.262;47.213;69.028;73.190;81.993,0.4216767301462321,2.649915046432894,1.4460976709458724,-0.25711478870437454,1.245179920283264,0.11222770206448435,-1.3035355562795186,0.41648782059350453,-1.3977449575811547,-0.5054751802541937,-0.018207151908304964,2.5577548214914447,56.875,70.935
1766334466.091191,86,102;103;104;105;200;201;202,68.467;67.582;69.618;47.181;69.472;72.517;80.994,0.4207658413339279,2.6489991631902865,1.445161884346451,-0.25689014511118674,1.2458004297091967,0.11172767271094891,-1.3021850646648558,0.4172059314099818,-1.3985507435651157,-0.5061019636469315,-0.018131758069010045,2.5579916443308455,56.870,70.874
1766334466.189296,87,102;103;104;105;200;201;202,68.762;67.310;70.626;46.335;69.825;71.903;81.205,0.42167752802276126,2.6506024321635886,1.4462138079355031,-0.25739491189233926,1.2452504035615695,0.11217205236530807,-1.3039874302937202,0.4158456238789094,-1.3976574362792455,-0.5054683213602994,-0.018010264893775968,2.5578748960014646,56.864,70.947
1766334466.287388,88,102;103;104;105;200;201;202,68.801;67.758;70.120;48.111;68.894;72.506;81.459,0.4213167899562652,2.650064236355248,1.4459418133291102,-0.25728614568650804,1.2453396847394402,0.11198680700269399,-1.303440767747419,0.4163088471900595,-1.3979937979286605,-0.5055617168545078,-0.018036922335766453,2.557882229523023,56.868,70.925
1766334466.387014,89,102;103;104;105;200;201;202,67.139;67.294;69.785;47.096;69.425;71.978;81.155,0.42176398899177975,2.650674097641594,1.4463687679085984,-0.25809206462175516,1.245057109648937,0.1122245695416227,-1.30416092789709,0.41579958923741706,-1.3975801488594342,-0.5051475143552424,-0.018606073728171135,2.5580698221603884,56.867,70.956
1766334466.486519,90,102;103;104;105;200;201;202,68.489;66.747;70.842;48.833;68.705;72.787;81.054,0.421188802493474,2.6492038315798117,1.445743600240255,-0.2575847818827368,1.245887821996902,0.11165889846290099,-1.3028158989792988,0.41709995655251025,-1.3981972382061396,-0.5054546034630555,-0.018442275006675946,2.55863758916105,56.882,70.905
1766334466.584534,91,102;103;104;105;200;201;202,67.261;67.682;69.746;46.213;69.709;73.152;81.780,0.4212163195649447,2.6484376416176563,1.4453170037176992,-0.2575024609375554,1.2461457880127902,0.11165240184759753,-1.3020761523912072,0.41778288585306445,-1.3982855230011995,-0.5056787291171627,-0.018929628402637094,2.5588368579450944,56.885,70.880
1766334466.685038,92,102;103;104;105;200;201;202,68.369;66.346;69.955;45.901;68.672;73.026;80.843,0.42284867385104075,2.6496122176184387,1.4465232692875813,-0.25726228545695656,1.2458791739637767,0.11242860441542313,-1.3038736545365759,0.41688630631493523,-1.3969159334768997,-0.5051876914452824,-0.0187125752309511,2.5588089043637385,56.891,70.965
1766334466.782733,93,102;103;104;105;200;201;202,68.785;66.824;69.275;46.829;69.107;72.526;81.170,0.42296868643136426,2.65000112193553,1.4465889806017895,-0.25704205523279045,1.2458600420499697,0.11240990324953712,-1.3041448456969778,0.41652914426137433,-1.3967799718877945,-0.5052130333166327,-0.01836574049391901,2.5586819649743604,56.884,70.974
1766334466.882201,94,102;103;104;105;200;201;202,68.607;67.380;69.974;48.602;69.711;71.997;80.512,0.423028608954646,2.6503672903847155,1.4466790073199358,-0.2580533831633979,1.2459164346313678,0.1122148906429169,-1.3044159390986696,0.4161933546552092,-1.3966892400164985,-0.5048347160781073,-0.018940807516566155,2.5592333328969774,56.878,70.983
1766334466.980951,95,102;103;104;105;200;201;202,68.476;66.688;70.725;46.833;69.035;72.386;80.636,0.4225871468563739,2.6501954953437488,1.4463797804946916,-0.2576469059065215,1.2460075339228993,0.11211346941996009,-1.3040277208916762,0.41630000966037345,-1.3970411794900288,-0.5051943648106236,-0.01854912825141425,2.558988117896305,56.875,70.962
1766334467.082461,96,102;103;104;105;200;201;202,69.268;67.686;69.722;47.092;68.922;72.721;81.263,0.4226634182947876,2.651109034610502,1.4464972676360723,-0.25687457500427396,1.2455215006109652,0.11226443861558423,-1.3046082122022908,0.4154461895082126,-1.3968718884822513,-0.505371733542267,-0.017644369111634778,2.5580803291043397,56.858,70.979
1766334467.183630,97,102;103;104;105;200;201;202,67.966;67.329;70.206;46.239;69.347;72.979;81.778,0.42288598238083747,2.650484417833735,1.44684844855998,-0.2576208396589522,1.2451601411512356,0.1125819659999708,-1.3045949175360434,0.416093739412243,-1.3967717793981766,-0.5048698951951562,-0.018717250005596403,2.5582784130740333,56.882,70.989
1766334467.283356,98,102;103;104;105;200;201;202,68.396;67.412;69.757;49.525;68.977;72.506;81.039,0.4215849610564684,2.6489086900777665,1.4458752332912874,-0.257349041792897,1.2458519445476601,0.11183452145173359,-1.3028198574632794,0.41741723932493946,-1.3979404828086388,-0.5053560240386269,-0.018594946170568505,2.5586321090523185,56.891,70.913
1766334467.383339,99,102;103;104;105;200;201;202,68.366;67.570;69.220;46.313;69.750;73.084;80.709,0.4226074338284646,2.6499292988623475,1.4467086008757153,-0.25731005385138345,1.2457171433261915,0.11237899214560881,-1.3041567590633336,0.41659273595087504,-1.3970453878229296,-0.5050998340878724,-0.01838667940133601,2.558645789869562,56.890,70.973
1766334467.480824,100,102;103;104;105;200;201;202,69.270;67.911;70.337;46.564;69.667;72.308;80.137,0.4232127044834879,2.650993872868852,1.447458810383896,-0.2581487724811058,1.2456733204139785,0.11250028971858392,-1.305394714364059,0.41569467299631807,-1.3964500896375949,-0.5045300761862312,-0.018531356521388098,2.5591351771291286,56.888,71.024
1766334467.611824,101,102;103;104;105;200;201;202,69.341;67.699;70.449;47.875;69.226;72.940;80.701,0.42203796329749027,2.6505087774067837,1.4465562159458112,-0.2571166009692888,1.2462134340214528,0.11195594106006279,-1.3042615715943346,0.41599304552334504,-1.3973942619648654,-0.5054391355572043,-0.017406309721144125,2.55881675152781,56.875,70.965
1766334467.710693,102,102;103;104;105;200;201;202,68.524;67.053;69.453;46.901;68.379;72.755;81.253,0.42224058792790575,2.6504135557302244,1.446470669883335,-0.25688933200988023,1.2460414399911723,0.1121104422515376,-1.3041694091611384,0.4160845419357861,-1.3972623693220483,-0.5055027020634281,-0.017538466778312195,2.5585665405956517,56.874,70.964
1766334467.811127,103,102;103;104;105;200;201;202,67.208;67.230;70.459;49.386;69.015;72.394;81.276,0.4213412041166359,2.6486977999533474,1.445359110726664,-0.25706958870342755,1.2464549091644705,0.11150874737746773,-1.3022620014378836,0.4175461305850492,-1.3981623828658163,-0.505785639931255,-0.01832412085879323,2.5589421197436883,56.880,70.886
1766334467.904937,104,102;103;104;105;200;201;202,68.864;67.933;70.039;46.250;69.285;72.180;80.322,0.42166104549412436,2.6495596772984475,1.445964719052802,-0.2571965350474147,1.2458668474976267,0.11189688078698473,-1.303241157714101,0.41681062742585906,-1.397804065996987,-0.5055068159601315,-0.018167514640877708,2.558488483823389,56.879,70.925
1766334468.007538,105,102;103;104;105;200;201;202,68.530;67.203;70.494;46.666;69.667;72.688;82.175,0.4225454016516521,2.650576160257515,1.4463250333998923,-0.25786935377556014,1.2454279418579204,0.11223907429452902,-1.3041764519848151,0.41592850534342996,-1.3970279763067324,-0.5051073453559973,-0.018807469150327716,2.5584798369453767,56.865,70.964
1766334468.101803,106,102;103;104;105;200;201;202,68.691;67.258;69.502;47.795;69.442;72.816;81.676,0.42267521229118815,2.6503143561583644,1.4465770268689722,-0.25852530864046347,1.2450784560613024,0.11253768504267127,-1.304260101319757,0.4162138741773142,-1.3969554279143412,-0.5047874094537955,-0.019634887694499226,2.5585398257490173,56.878,70.973
1766334468.200590,107,102;103;104;105;200;201;202,68.582;66.445;69.789;47.312;69.677;73.238;80.784,0.42291646862749044,2.649867659047502,1.4470173686878487,-0.2583356948869309,1.2450786344005451,0.1128983422636785,-1.3044138478440432,0.4167029401437742,-1.3968168399213057,-0.5046884549041009,-0.019681301322161338,2.5585924697481106,56.900,70.989
1766334468.300811,108,102;103;104;105;200;201;202,69.591;67.215;69.116;47.362;68.921;72.196;81.560,0.4217857281920307,2.6500643787329032,1.446362952394779,-0.25745224438034686,1.245921813719882,0.1121880271717769,-1.3038414150591566,0.41638158629110256,-1.397637726287661,-0.5055379209953141,-0.018070436716112137,2.5586105484286716,56.880,70.949
1766334468.401740,109,102;103;104;105;200;201;202,68.736;66.605;69.963;47.820;69.734;72.887;80.323,0.42168891986011264,2.6494104360722637,1.446824748276061,-0.25772285436804254,1.2457344755701127,0.11237441540744815,-1.3038604370403784,0.41705338960704064,-1.397767899849297,-0.5051603192661963,-0.018395735813535458,2.5587278578506956,56.908,70.959
1766334468.499000,110,102;103;104;105;200;201;202,68.782;66.082;70.022;47.599;68.887;72.049;81.186,0.42119293534367996,2.6485421210823157,1.4463194032479982,-0.2575395834305787,1.2458727125553961,0.11205506635648314,-1.3029359156268077,0.417797681491181,-1.398250738308829,-0.5053022315529472,-0.018515339472024966,2.5587427002211145,56.914,70.921
1766334468.601096,111,102;103;104;105;200;201;202,68.386;67.053;70.162;47.331;69.103;72.110;80.815,0.42109967090577355,2.6493334523114567,1.4462501908641445,-0.25708986177686605,1.245983656110517,0.11191209860446204,-1.303280302888961,0.4170300687092981,-1.398226385894364,-0.5055807412552467,-0.017661166893724323,2.5584985993268115,56.895,70.926
1766334468.701914,112,102;103;104;105;200;201;202,68.077;67.450;70.524;47.187;68.631;72.607;81.143,0.42059181841329474,2.64942639577897,1.4455539873723833,-0.2559782556082231,1.2463225520634191,0.1115509803177981,-1.3027012541891168,0.416834647502471,-1.398610299336537,-0.5063219605609836,-0.016571736481059335,2.558051335378341,56.873,70.892
1766334468.800321,113,102;103;104;105;200;201;202,69.385;67.376;69.564;46.675;68.134;72.582;81.655,0.42094199425901635,2.64978206941835,1.4457709303718458,-0.25579540847841986,1.2459939665046855,0.1117171737895444,-1.303107147466352,0.41653873195730506,-1.3983056579434339,-0.5061684799183052,-0.01647629798214384,2.5577317888730944,56.871,70.910
1766334468.899520,114,102;103;104;105;200;201;202,68.385;66.928;70.260;46.708;69.052;72.320;82.164,0.4214753825705308,2.65031212040151,1.4463338182989671,-0.25611460210065173,1.2456435993743,0.11211403231506567,-1.3039065874582223,0.416125803831656,-1.3978338527503291,-0.5058424673294611,-0.016713531039981133,2.55766033590269,56.874,70.946
1766334469.005384,115,102;103;104;105;200;201;202,69.048;67.258;69.884;47.527;68.726;72.432;82.201,0.4199630976619435,2.6489794306057366,1.4449452175608228,-0.25537028380091226,1.2466943754614097,0.11115350838048076,-1.30189549252791,0.4171576788683734,-1.399142860081682,-0.5068051862128039,-0.01601760496753679,2.5579572289741614,56.866,70.853
1766334469.099643,116,102;103;104;105;200;201;202,68.887;66.442;69.654;48.079;69.142;72.479;81.566,0.4204212825473136,2.649341927943388,1.4454459986472468,-0.2560281958173998,1.246294012776257,0.11142108470674139,-1.3025479456207818,0.41689382453492896,-1.3987481212797064,-0.5062962754432371,-0.016584139677090548,2.5580334708994523,56.872,70.884
1766334469.195299,117,102;103;104;105;200;201;202,67.972;66.928;70.383;46.721;68.962;73.016;82.511,0.420470513021524,2.64919314219392,1.445400502681726,-0.2563691580664126,1.2461751759056643,0.11155382347959263,-1.3024401118926408,0.4170330557655048,-1.3987320657696931,-0.5062527028623864,-0.017092925801746955,2.5580737816375976,56.874,70.881
1766334469.293213,118,102;103;104;105;200;201;202,68.687;66.478;69.474;47.646;68.672;72.942;81.524,0.42082608265987403,2.649303722652669,1.4458507851395073,-0.25628476334585537,1.2461013443597329,0.11177056682184089,-1.302907130084858,0.4169981301253048,-1.3984437266362664,-0.5060413931055101,-0.016991806486665734,2.558099296662302,56.884,70.906
1766334469.390890,119,102;103;104;105;200;201;202,69.386;67.826;70.487;48.282;69.304;73.042;81.732,0.4213252390769799,2.650034060801133,1.4462035284858168,-0.25690787442738716,1.245662190664093,0.11207714100167943,-1.3036371252939216,0.41636820480597286,-1.397981006091083,-0.5057086464683395,-0.017501496805645944,2.5580237922030267,56.877,70.935
1766334469.488159,120,102;103;104;105;200;201;202,68.366;67.660;70.255;44.531;69.439;72.645;82.379,0.42271536469081933,2.6510948312732743,1.4470764901613289,-0.25753044913061623,1.2451479635420548,0.11268736605920555,-1.3050743756112073,0.41552889356732126,-1.3968130992805894,-0.5050268052281817,-0.01816522813192903,2.5581059562454596,56.876,71.003
1766334469.586672,121,102;103;104;105;200;201;202,68.164;66.430;69.489;46.815;68.937;73.134;81.063,0.42222033377786977,2.6501506899714498,1.4466068382255712,-0.2570406742036633,1.2455242594572637,0.11253882081180368,-1.3041395990632587,0.4163498546703528,-1.3973031487560794,-0.5054593132825841,-0.0180302408527708,2.5581442152128337,56.884,70.966
1766334469.685415,122,102;103;104;105;200;201;202,69.188;67.024;69.882;47.361;69.155;72.942;80.637,0.4226936894723015,2.6504632708664593,1.446931346633032,-0.25729708250574607,1.2450947603230964,0.11285792529358343,-1.3046256620458556,0.4161134892374986,-1.3969102361006542,-0.5051658762014583,-0.018424921654405818,2.5579614023758874,56.885,70.989
1766334469.785919,123,102;103;104;105;200;201;202,67.590;66.268;70.249;47.584;69.314;73.458;80.146,0.42312385815280945,2.650013304696719,1.4474861321867953,-0.25756451681859804,1.2451017011063894,0.11320810318386894,-1.3048946115038136,0.4166284785407639,-1.3966307416399766,-0.5048138923776597,-0.018889365778350153,2.558313659705738,56.910,71.013
1766334469.883881,124,102;103;104;105;200;201;202,69.117;66.807;69.569;49.028;69.306;73.352;80.499,0.42253840213404703,2.649212705456339,1.4468267057381683,-0.25710383877671145,1.2454432632060217,0.11287665457022862,-1.3038697265172976,0.4172862025571756,-1.3971763683537137,-0.505246602074755,-0.018719093253760588,2.5582971544983772,56.910,70.969
1766334469.985611,125,102;103;104;105;200;201;202,68.433;66.225;69.942;46.521;69.005;72.080;82.142,0.4227453655760234,2.649516272538494,1.446839707425605,-0.25675744393012606,1.2456522623038104,0.11272280301547473,-1.3040653086896776,0.4170088502897053,-1.396989733481235,-0.505275371594143,-0.018258448046577752,2.558368431396585,56.903,70.976
1766334470.085044,126,102;103;104;105;200;201;202,67.755;66.705;69.226;49.226;68.408;73.918;80.547,0.4233145779883904,2.6485530850714274,1.4467139586726783,-0.2565327058758584,1.2452497113522523,0.11314671665623013,-1.3035365303426156,0.4179423421279447,-1.3966973968862586,-0.5051687340157176,-0.019204457011083975,2.558072737208718,56.918,70.968
1766334470.184641,127,102;103;104;105;200;201;202,68.648;66.537;70.453;46.092;68.780;72.040;81.781,0.4229045535586991,2.649712475764205,1.4461648430781509,-0.2563272014860116,1.245666806781278,0.11265739190488624,-1.3036442424673753,0.416752340715676,-1.3968775886990825,-0.5057242830528486,-0.018281695296509165,2.558032204337689,56.877,70.953
1766334470.280188,128,102;103;104;105;200;201;202,68.114;67.184;69.942;47.785;69.424;73.123;81.558,0.42268288173578666,2.648512981565528,1.4459457567093927,-0.25671519350897765,1.2458917871221007,0.11252962650363324,-1.3028137648252711,0.4178596097913896,-1.3971898097113629,-0.5055903138486131,-0.019065682437903464,2.5585226479502414,56.898,70.927
1766334470.378235,129,102;103;104;105;200;201;202,68.042;66.989;70.169;46.485;69.529;72.231;81.123,0.42265837174448473,2.649148854370786,1.4463476430951059,-0.25760620918759053,1.2455677191676497,0.11264349854650291,-1.3034658714355782,0.4172982015034562,-1.3971159687118726,-0.5052236123017034,-0.019414574357788206,2.5586191729292054,56.896,70.950
1766334470.478288,130,102;103;104;105;200;201;202,69.002;66.865;69.993;46.747;69.346;72.597;82.568,0.4228756691743263,2.6498282980591297,1.4467102924398614,-0.2580856969718037,1.245171667079004,0.11282157835153982,-1.3041404876007274,0.4167031120587279,-1.3968631983430915,-0.5049197916506197,-0.01959667150200539,2.558493267842489,56.892,70.976
1766334470.574090,131,102;103;104;105;200;201;202,67.837;67.097;69.644;46.405;68.927;73.402;81.095,0.4229598006039471,2.6498170042422027,1.4468690674232116,-0.2580755098986578,1.2454055076529147,0.11301366807165654,-1.3042735671445607,0.4167364610410914,-1.3967973764379236,-0.5050648684323485,-0.019544192509748093,2.558686190445119,56.896,70.983
1766334470.676898,132,102;103;104;105;200;201;202,69.583;67.041;70.063;48.535;69.634;72.937;80.292,0.4223074753911135,2.6484781534364363,1.4465323584550394,-0.2578869939445754,1.2456413185358253,0.11264251064729172,-1.303219632568157,0.41794101164678027,-1.397442839073013,-0.5050644140973252,-0.01963381107022369,2.5588791192368014,56.918,70.945
1766334470.774774,133,102;103;104;105;200;201;202,68.467;66.600;69.298;47.954;69.900;72.556;81.665,0.423081322342233,2.649719866564703,1.4472420532004928,-0.25781665914455715,1.2451710254246746,0.11309727729118818,-1.3045395069512455,0.4168781796109137,-1.396706277750428,-0.5047950462690198,-0.019305809298292037,2.5584951256896256,56.910,70.999
1766334470.872158,134,102;103;104;105;200;201;202,68.360;67.509;70.110;46.394;70.215;72.816;81.259,0.4234104417379827,2.650323125747969,1.4473113618623976,-0.2577425495616186,1.2450305233299712,0.11323074878071944,-1.3049524079514785,0.4163277024589725,-1.396393127188513,-0.5048257849815904,-0.019197680640125392,2.558305096637125,56.897,71.013
1766334470.971746,135,102;103;104;105;200;201;202,68.409;66.710;70.360;46.478;69.991;72.167;81.081,0.42394591625064715,2.6520392002139364,1.4479853606582036,-0.2583653635261404,1.2442599877533613,0.11364089110803062,-1.306458698608259,0.41479561395964587,-1.395773103686185,-0.5044232103327264,-0.01921160608294384,2.5578530752586106,56.879,71.068
1766334471.071493,136,102;103;104;105;200;201;202,68.865;66.570;69.613;46.263;69.104;73.291;80.815,0.42368642370438403,2.6511787438605166,1.4476067471219678,-0.2577657601909446,1.244625313888275,0.113476814529106,-1.3056719102619374,0.41555967131323873,-1.3960791896564138,-0.5047404803153697,-0.01901281269425359,2.557908362941128,56.887,71.039
1766334471.204941,137,102;103;104;105;200;201;202,68.353;66.819;69.828;49.896;69.256;71.564;80.818,0.4223259751927139,2.64935130185483,1.4463678069089025,-0.2575778628504545,1.245366454204712,0.11245606811074109,-1.3035442402210147,0.41709025984548215,-1.3973316902528996,-0.5051278791653045,-0.019087098755667387,2.5583849154457607,56.894,70.949
1766334471.301268,138,102;103;104;105;200;201;202,68.288;68.139;69.846;45.634;68.664;72.787;81.679,0.4221968246255538,2.650044779162972,1.4460766059510344,-0.2562685990627224,1.2454949257863972,0.11252791499127068,-1.3036539481999279,0.41638866063227753,-1.3973537197348165,-0.5059286980618859,-0.017744726469850758,2.5576391783229724,56.870,70.943
1766334471.403234,139,102;103;104;105;200;201;202,68.732;67.110;69.651;49.111;69.109;72.504;81.125,0.4213196666154375,2.6488808608491157,1.4455109837797757,-0.256493340480286,1.2460505510369644,0.11191418704953082,-1.302477067525434,0.4173879590847212,-1.3981501829694918,-0.50603095544007,-0.01792829503700985,2.5582159308083656,56.881,70.894
1766334471.499739,140,102;103;104;105;200;201;202,68.343;66.163;70.184;49.098;70.775;73.675;82.592,0.42193786291620844,2.6483846804974087,1.446151489371546,-0.2580025451023263,1.2459490344877084,0.11224311322174174,-1.3028155846308889,0.4179671701792194,-1.3977366206146022,-0.5051883533906872,-0.019554956251541272,2.55913291076813,56.909,70.923
1766334471.599650,141,102;103;104;105;200;201;202,68.266;67.575;69.980;45.344;69.458;72.711;81.018,0.42336991246703143,2.650418975466961,1.447146664230035,-0.2583697751700079,1.24537351697803,0.11284850984060404,-1.3048642834630306,0.4162153179412212,-1.3964175129637426,-0.5046471855881577,-0.019508675776698264,2.558929457230639,56.890,71.007
1766334471.696610,142,102;103;104;200;201;202,68.699;66.872;69.863;69.101;72.622;81.432,0.4576327059386372,2.7154520069140444,1.4762288500156984,-0.24737624036840464,1.2225849151955068,0.1432860877229611,-1.3660854478132893,0.3589155518138361,-1.3622309125715983,-0.5068971151058967,-0.0015787628695507483,2.530916653267015,56.398,73.489
1766334471.798005,143,102;103;104;105;200;201;202,67.996;67.005;70.582;47.733;69.292;73.379;80.444,0.4493037445231606,2.698650060572703,1.4687855684801183,-0.24778706236157524,1.2263715594023645,0.13651100227385293,-1.3504971425921708,0.37382224117331286,-1.3707722872245662,-0.5065260012274756,-0.005279443785804638,2.535091761041099,56.496,72.844
1766334471.896585,144,102;103;104;105;200;201;202,68.330;67.453;70.000;48.815;68.928;73.298;80.996,0.4429689725703711,2.6859051058608037,1.4630804947561507,-0.24819072235724732,1.2297277113360643,0.13110450295152365,-1.3385750364523579,0.3850910874594843,-1.377224002756732,-0.5062971090924974,-0.008007462096621898,2.538770889782068,56.583,72.359
1766334471.996816,145,102;103;104;105;200;201;202,68.999;68.023;70.220;48.179;69.033;72.337;81.802,0.43786322303029146,2.677162841038758,1.4585218937189688,-0.24851024206887262,1.2330805988111035,0.12628336035162216,-1.329758008994018,0.39269856041342893,-1.3822037220868013,-0.506351796474018,-0.009147420256881422,2.5421607472792935,56.631,71.992
1766334472.095389,146,102;103;104;105;200;201;202,68.561;66.950;69.743;47.668;68.366;72.522;80.788,0.4339898183934613,2.6705819668121404,1.4556819291767107,-0.24930989030725884,1.235329978779524,0.1231460286577066,-1.3235766470676358,0.39847691643408617,-1.385937615869284,-0.5062122489524362,-0.010425965621141314,2.5447507522793753,56.690,71.742
1766334472.190459,147,102;103;104;200;201;202,68.643;67.445;69.353;69.782;72.451;80.848,-0.46653098725271064,-2.729214678603596,-1.4820179160259395,-0.23933903956165592,1.2141812699862031,0.15068242431496828,-1.3806678919971012,0.3450049657735362,-1.353174333290981,-0.5077570004379858,0.004958544233075263,2.5192459334990884,56.316,74.114
1766334472.290979,148,102;103;104;105;200;201;202,69.144;67.622;70.649;47.069;68.353;71.933;81.093,0.455875005794008,2.711590167743818,1.4736453900856552,-0.24033449281205055,1.2197563442866135,0.14182074378707585,-1.3618358568785627,0.3622668905489895,-1.3641309391772924,-0.5076362477310125,0.0015265169189729866,2.525107523243106,56.390,73.307
1766334472.393912,149,102;103;104;105;200;201;202,68.573;66.676;70.050;47.817;68.439;72.457;80.505,0.44779650492812134,2.6958966698690987,1.4669287513872125,-0.2417060003646762,1.224739655631213,0.1351257468293923,-1.347409575179161,0.37618850229779044,-1.3722977294847034,-0.5072878669827434,-0.001739316087905396,2.530819850378694,56.495,72.712
1766334472.493465,150,102;103;104;105;200;201;202,68.534;66.674;69.861;48.764;69.298;72.762;81.647,0.4417986871434825,2.6840827523913813,1.4615719385237325,-0.2433780303078802,1.2284115056871519,0.13008760481884168,-1.3362789565748043,0.38661419026200816,-1.3783645841035526,-0.5070101287475647,-0.005099338411053228,2.5353131979583923,56.575,72.258
1766334472.623999,151,102;103;104;105;200;201;202,68.261;67.029;69.691;47.114;68.907;72.816;81.209,0.43711641979230165,2.6751449691240654,1.457792394008054,-0.24504688079488407,1.231509538385004,0.1263322191148773,-1.3280340304849483,0.39450797905673596,-1.3830260626349336,-0.5068193625177357,-0.0077208190968554025,2.5391756994501424,56.652,71.927
1766334472.724521,152,102;103;104;105;200;201;202,67.932;66.998;70.323;46.390;69.622;72.462;80.928,0.43402684510137324,2.6685437342951914,1.4546922373366227,-0.24602051477047593,1.2340294483993217,0.12339285967172245,-1.321731772896254,0.4003139991500215,-1.3862056584719622,-0.5067853907943369,-0.009724668330687275,2.542163328944705,56.701,71.677
1766334472.822031,153,102;103;104;105;200;201;202,68.012;67.828;70.127;48.562;70.280;72.848;81.457,0.4308108565905721,2.6632479162564056,1.4523328077485897,-0.24861195386516363,1.2364662915216242,0.12081220204894182,-1.3166743223215571,0.4049437627431676,-1.3892757945298992,-0.5065161145558738,-0.01219278608614563,2.5456520365215445,56.750,71.473
1766334472.953738,154,102;103;104;105;200;201;202,67.877;67.343;70.636;46.166;69.475;73.703;81.585,0.4303545053859579,2.661222195650439,1.452054393580695,-0.25023681691700106,1.23711765661578,0.12013903634742751,-1.3153400609337664,0.40682181738242085,-1.3898643218303792,-0.5057473470259071,-0.013931434013567556,2.5473157319951674,56.785,71.431
1766334473.052979,155,102;103;104;105;200;201;202,67.901;66.057;70.253;48.077;70.436;73.722;81.558,0.4293711637181947,2.6577666351173086,1.4513581694601478,-0.25181779094798024,1.2380558100971968,0.11928797180948615,-1.312858309145117,0.40999024453437105,-1.3910231351627111,-0.5051137217641153,-0.01610321954620636,2.5492437969447534,56.841,71.348
1766334473.150698,156,102;103;104;105;200;201;202,68.333;66.266;70.126;48.017;69.901;73.044;82.001,0.4280500953773634,2.6556121846434153,1.4504182060990507,-0.2530684160506432,1.2391551587796577,0.1182035943204974,-1.310810706343976,0.41187284033034877,-1.3922766693629214,-0.5049876301548131,-0.017230981134314177,2.5508467709987945,56.862,71.266
1766334473.252677,157,102;103;104;105;200;201;202,69.723;67.185;70.116;46.215;69.614;73.205;81.994,0.42756384434088773,2.655553024181238,1.4500665116952953,-0.25427120641866613,1.2401961439967004,0.11742994122049281,-1.3104335208832267,0.41186502819188064,-1.392649628994491,-0.5048991252438683,-0.01759344165999424,2.5522992783975127,56.854,71.244
1766334473.350724,158,102;103;104;105;200;201;202,68.516;67.836;69.990;47.550;68.998;73.269;81.637,0.42625136724666374,2.654086946815996,1.448860066108192,-0.2538804076311608,1.24124653664392,0.11646413325068937,-1.3085290101834648,0.4130600424626275,-1.3938240498776682,-0.5055570600326504,-0.017248072013364618,2.5528803197346495,56.853,71.160
1766334473.448161,159,102;103;104;105;200;201;202,67.910;67.435;70.334;48.613;69.120;72.855;81.519,0.42464789892278937,2.652414884519042,1.4478675185746293,-0.25425469916409205,1.2421567137538185,0.11543838815885007,-1.3066507431562004,0.4144598547152646,-1.395224732599488,-0.5058481860069589,-0.017377956762168745,2.5537327657851128,56.865,71.077
1766334473.549016,160,102;103;104;105;200;201;202,67.897;67.576;69.721;47.352;68.901;72.952;80.521,0.42406037173962624,2.651211651566746,1.4472754074293221,-0.25414434486459947,1.2425859724182073,0.1149930181651805,-1.3054707829393173,0.41550956365243047,-1.3958177315200773,-0.5060138837534282,-0.017571730004010633,2.5540723649705246,56.875,71.031
1766334473.648379,161,102;103;104;105;200;201;202,69.092;66.367;69.463;48.830;69.542;72.876;82.492,0.42396422259205424,2.6505739425752637,1.4469984021219604,-0.2545874652653259,1.2430240373787256,0.11457086677864019,-1.3049029937354615,0.41608106622041385,-1.3959746139834366,-0.5058221915843221,-0.0180571753512673,2.554783457353217,56.880,71.011
1766334473.745789,162,102;103;104;105;200;201;202,68.728;67.310;70.101;46.548;69.004;72.733;82.888,0.4232127056412241,2.650189042223066,1.44637009802964,-0.25467502178165935,1.2440410463451217,0.1138390254703543,-1.3040981320901042,0.4163373470562316,-1.396589458142813,-0.506226224468667,-0.017676052169838946,2.555601640378261,56.872,70.971
1766334473.846270,163,102;103;104;105;200;201;202,68.069;67.867;70.035;47.914;69.727;72.183;81.303,0.42287005906458025,2.6500741429858525,1.446414700005354,-0.25568128892896985,1.2442784488877274,0.11343882526941983,-1.3040295409583051,0.41643438002488076,-1.3968495066511426,-0.5058310450773957,-0.018137335447613978,2.556330270944869,56.877,70.967
1766334473.943134,164,102;103;104;105;200;201;202,69.096;66.815;70.098;45.626;70.214;72.741;80.525,0.4237695661984084,2.6516145179669848,1.4474001596377872,-0.2566461585168048,1.2440201820452192,0.11380838635594374,-1.3057431345444892,0.4151246839441844,-1.3959749605469904,-0.5051941470468652,-0.018354178911459768,2.5566795574922203,56.871,71.037
1766334474.040927,165,102;103;104;105;200;201;202,68.612;66.880;69.841;45.887;69.238;72.074;81.671,0.42341613330850725,2.651627214632383,1.447302261899195,-0.25687290171801763,1.2446275424786857,0.11337961283794497,-1.305624811461376,0.4150831716964151,-1.3962330992953143,-0.5052492119157908,-0.018043971217413107,2.5573037982472133,56.869,71.028
1766334474.141145,166,102;103;104;105;200;201;202,68.690;67.331;69.964;45.156;69.142;73.004;80.313,0.4234564601160088,2.6518366256384853,1.4473765767155136,-0.25698806815516645,1.2446413542393127,0.11336444660005555,-1.3057989734479225,0.4148940311697134,-1.3961758277731944,-0.505199594668681,-0.018010063203289378,2.5573681380819266,56.866,71.034
1766334474.272174,167,102;103;104;105;200;201;202,69.126;67.469;70.016;47.614;68.845;72.672;81.258,0.42244857067986946,2.6506117025081104,1.4469997678133517,-0.2567640098637304,1.2451562271204617,0.11289821273996924,-1.3047261832577222,0.415967090398388,-1.3970671806492734,-0.505433308999559,-0.017718482301074895,2.557683608859727,56.885,70.990
1766334474.371697,168,102;103;104;105;200;201;202,68.258;66.946;69.488;46.212;68.919;72.296;80.038,0.42299670115651283,2.650824308028707,1.4470302494397096,-0.25722138161191294,1.244937478790504,0.11295301374180727,-1.3049328813419638,0.4157961431156375,-1.3966437332755361,-0.5050969575511559,-0.018384614170339264,2.5578109890158367,56.879,71.002
1766334474.471326,169,102;103;104;105;200;201;202,69.128;67.077;69.995;47.172;68.640;72.454;81.298,0.42152945100843825,2.6510393602697775,1.446483505643284,-0.2564518391793803,1.2454744073450144,0.11233137648154307,-1.3044131699937036,0.41545218915429344,-1.3977015394482994,-0.5059118759990824,-0.016742208923181928,2.557535032573294,56.863,70.961
1766334474.600843,170,102;103;104;105;200;201;202,68.599;66.441;70.544;48.226;69.230;73.878;81.136,0.4216198991604657,2.6491188036534172,1.4458010309004274,-0.25561320174297725,1.2457004332703656,0.11244837361878386,-1.3028740800597947,0.4172101026866458,-1.3978929888852465,-0.506293151853292,-0.017372041736193222,2.5574661247033212,56.884,70.913
1766334474.702132,171,102;103;104;105;200;201;202,68.884;66.598;69.463;45.839;69.129;74.102;81.267,0.4222265912123977,2.6492936121543793,1.4459391306674694,-0.2548369928539869,1.2452452926213908,0.11302392945747995,-1.3031556230588128,0.41709077158679436,-1.3974273770799714,-0.5064863950514163,-0.017249154164000163,2.556714050910549,56.882,70.929
1766334474.799856,172,102;103;104;105;200;201;202,69.466;66.495;69.900;46.698;69.781;72.398;82.801,0.4225535198112604,2.650002921358512,1.446521872276191,-0.2560108188652112,1.245220783936719,0.11302716805088323,-1.3040375574365664,0.41649827148435686,-1.3970829715621353,-0.5058764785743267,-0.017747622470167063,2.5573523008455727,56.883,70.966
1766334474.899962,173,102;103;104;105;200;201;202,68.544;66.653;69.972;49.102;70.738;72.592;80.209,0.4226759231696221,2.6500449297590016,1.4470100418394625,-0.25697444076266557,1.24526234297353,0.1129546602729281,-1.3044689078124645,0.41652060608393643,-1.3969700731303987,-0.5052727306963021,-0.018270028049250042,2.5580078238433455,56.897,70.987
1766334474.998370,174,102;103;104;105;200;201;202,69.451;66.490;69.761;47.973;69.079;73.589;81.632,0.4226128685952001,2.6493201157538584,1.4466866641391776,-0.2567834364012558,1.2456871971938934,0.1127418521948121,-1.303822475451084,0.41717150824486926,-1.3971151346271629,-0.5054021547821024,-0.018392610043937885,2.558360157889936,56.903,70.965
1766334475.098627,175,102;103;104;105;200;201;202,68.730;67.288;70.259;47.748;69.639;72.992;81.784,0.42251875914411036,2.649715579417386,1.446530519731324,-0.256768846421136,1.245335959198065,0.11275847560639553,-1.3038903182079715,0.41677151920977545,-1.397142164028075,-0.5054691554975671,-0.018360322774494148,2.5579239345439513,56.890,70.962
1766334475.197291,176,102;103;104;105;200;201;202,69.046;67.885;69.773;46.882;67.935;72.658;80.672,0.42157035568039547,2.6493380379779397,1.4456042956028825,-0.2556101595165454,1.245970035560189,0.1121748151397458,-1.3028232603294179,0.4169757442896641,-1.3979103672860265,-0.5063712566549355,-0.017168910455229835,2.5576739258776406,56.873,70.907
1766334475.296525,177,102;103;104;105;200;201;202,68.539;66.383;69.535;45.571;69.455;73.117;80.474,0.42207972945174804,2.649634365079206,1.4462342844503298,-0.25606274058939554,1.2455523800464363,0.11268120692165193,-1.3035519629022754,0.4167921685688474,-1.397481399732872,-0.505994000480102,-0.017639059443801564,2.5576235302163433,56.884,70.943
1766334475.396031,178,102;103;104;105;200;201;202,68.966;67.294;70.037;47.415;69.536;73.259;81.216,0.4229869831846952,2.649918846278066,1.4467393557970005,-0.2567699553871118,1.245071932471365,0.11303939054480107,-1.3042255920473043,0.4166258339212577,-1.3967706363086005,-0.5053302349227949,-0.018589756488414183,2.5577594418685274,56.890,70.980
1766334475.493242,179,102;103;104;105;200;201;202,69.673;67.374;70.347;47.920;69.590;72.692;82.252,0.4221049289771599,2.649673696161134,1.446028199540189,-0.25677302339273167,1.2458107260857227,0.11229803986681428,-1.3034096039107086,0.4167322349160876,-1.3974665474883228,-0.5057460818431849,-0.018136745781179964,2.5582318498273464,56.877,70.935
1766334475.590971,180,102;103;104;105;200;201;202,68.372;67.549;69.425;48.771;70.372;72.201;81.010,0.4227703563267291,2.6507043048962107,1.446647148836098,-0.2571470291994193,1.245445687929652,0.11239899111256962,-1.30453212870945,0.4158549383798011,-1.396837086936778,-0.5051706513535988,-0.018108550724511507,2.5582355148636173,56.871,70.982
1766334475.690157,181,102;103;104;105;200;201;202,68.714;66.942;70.383;48.687;68.450;72.899;82.111,0.4214903969139605,2.649364186125618,1.445643115385818,-0.2566201249553988,1.2458147693255788,0.11183791713799626,-1.3028577617038641,0.4169511262935112,-1.3979636177247754,-0.5057852223183502,-0.017865743803714862,2.5581025991458546,56.874,70.908
1766334475.791227,182,102;103;104;105;200;201;202,68.492;67.154;69.345;47.895;69.115;72.526;81.360,0.42286677670743855,2.6506857491652114,1.4467467257764663,-0.2576742533127556,1.245158779586119,0.1124822196736843,-1.3046152842432854,0.41588905160213163,-1.396765584795915,-0.50488326167254,-0.018682909889763538,2.5582679407505258,56.874,70.987
1766334475.887779,183,102;103;104;105;200;201;202,68.653;67.196;70.182;48.827;69.636;73.749;81.482,0.42315837423273117,2.6494135073242537,1.4467154646085048,-0.25762705578215533,1.2451854922008758,0.11263857228128905,-1.3039654932680849,0.41711387763125185,-1.3967078558458506,-0.5046849084460744,-0.019469252765933642,2.558499892405007,56.900,70.975
1766334475.988179,184,102;103;104;105;200;201;202,67.609;68.212;70.313;48.048;68.984;72.621;81.905,0.42282593107955213,2.649763187778015,1.4466823711008145,-0.25720849984988714,1.2452361125251328,0.11262841766045949,-1.3040775811132992,0.4167594353823229,-1.3969080929508557,-0.5050135513266317,-0.0187661280758136,2.5581985099823763,56.892,70.973
1766334476.088911,185,102;103;104;105;200;201;202,69.590;66.418;70.162;47.618;68.215;73.074;81.229,0.4218361074817328,2.6485853215479676,1.4462597266461539,-0.25657755640677954,1.2461475158702318,0.11219590433207816,-1.3029941400871674,0.41778300470752194,-1.397782134495048,-0.5055881121547233,-0.018033144533680184,2.5586300903748165,56.909,70.928
1766334476.188557,186,102;103;104;105;200;201;202,69.646;67.912;69.757;46.935;70.008;72.720;82.363,0.42202906695947695,2.6502010981821766,1.4467818859380466,-0.2565804551779828,1.2457602590733148,0.11248153201098729,-1.3042820494360405,0.4163119719207995,-1.3974286692452733,-0.5056020686012606,-0.01729901943634149,2.558135371443289,56.889,70.971
1766334476.297261,187,102;103;104;105;200;201;202,68.781;67.039;69.951;46.238;69.419;72.624;81.916,0.42212344672128593,2.65018161808462,1.4469406567391845,-0.2569577015246211,1.2458218579336215,0.11250666825023632,-1.3044121860501774,0.416353678590956,-1.3973564089793233,-0.5054278192388718,-0.017573790517218246,2.558421732119239,56.894,70.978
1766334476.386610,188,102;103;104;105;200;201;202,68.113;67.553;70.039;47.297;69.205;72.006;81.689,0.42069926499115073,2.648815349899276,1.4457851055445805,-0.2566310070705984,1.2463454406924188,0.11185536058370857,-1.3025831104353547,0.4174497426687016,-1.3985965527826922,-0.5061296590134781,-0.017445336796084288,2.558463520913888,56.893,70.896
1766334476.487635,189,102;103;104;105;200;201;202,67.713;67.629;70.132;48.664;69.009;72.989;81.411,0.42020788663078784,2.6476432637795644,1.4451576431713962,-0.2562333311093674,1.2467258333905689,0.11159036767983206,-1.3014020086280134,0.41846948311462034,-1.3991169155949583,-0.5064895540498242,-0.017547476909373333,2.558583285108229,56.901,70.850
1766334476.584989,190,102;103;104;105;200;201;202,68.077;66.917;70.240;48.385;69.727;73.351;80.976,0.42092689725491644,2.6478256743914446,1.4452913137644035,-0.2566295904101099,1.2465567289278472,0.11187930013801006,-1.301698675378935,0.41834850027273607,-1.3985691377839449,-0.5062601436769987,-0.018285381361960507,2.5587241056913985,56.899,70.868
1766334476.716722,191,102;103;104;105;200;201;202,69.261;66.383;70.261;45.978;69.173;73.215;81.618,0.421206056942115,2.6485024665905397,1.4456081141319792,-0.2561800961806011,1.2458809936596669,0.11241938344787583,-1.3023433517145524,0.4177541520416779,-1.398273844660725,-0.5063578162383675,-0.01796992881620807,2.5578275018905225,56.893,70.892
1766334476.816691,192,102;103;104;105;200;201;202,68.294;66.658;70.185;46.743;68.624;72.769;81.503,0.4221324404718898,2.649734448091747,1.446369263511927,-0.25647725252100545,1.2454729184738627,0.11291201231218245,-1.3037197910584706,0.4167149790617522,-1.3974259564477114,-0.5059755732664856,-0.018010825457656976,2.557705410938148,56.886,70.950
1766334476.919736,193,102;103;104;105;200;201;202,68.487;66.176;70.487;46.425;69.061;73.196;80.617,0.4227701219261087,2.650444668502383,1.4470922516931455,-0.25682949227467256,1.2452149269704396,0.11333555797562689,-1.3047556292210423,0.41615364279582684,-1.3968507750776533,-0.5056094216994353,-0.018130750446219757,2.557757478916984,56.890,70.997
1766334477.014912,194,102;103;104;105;200;201;202,69.362;67.401;69.650;48.043;68.868;72.279;80.937,0.4227252059125659,2.6509189719725685,1.447386322202737,-0.25658479889626173,1.2453019684785727,0.11314220575287308,-1.3052337936225193,0.4157326455252299,-1.396814795578908,-0.5054797829317628,-0.017384013340998705,2.55776706030247,56.889,71.013
1766334477.115523,195,102;103;104;105;200;201;202,68.077;66.434;69.016;47.972;69.600;72.212;82.074,0.42291710691807965,2.6514200982933063,1.4477637911847585,-0.2573164902129081,1.2448001651373708,0.11318671853512464,-1.305823920149452,0.4153077883170762,-1.3966007795344288,-0.5049160644285668,-0.017820704587011515,2.5577402129171167,56.889,71.037
1766334477.213681,196,102;103;104;105;200;201;202,68.946;66.839;69.913;45.674;70.676;71.940;81.459,0.4240197527795054,2.6532882777690197,1.4489240582088632,-0.2579962479113297,1.2440577430939144,0.1136969287493997,-1.3078745653265647,0.4137150195975582,-1.3955318784728117,-0.504128202408573,-0.017849304500318325,2.557558115130405,56.880,71.121
1766334477.315054,197,102;103;104;105;200;201;202,68.830;67.048;69.165;45.176;68.643;72.363;80.951,0.4238843601445429,2.6535769585450364,1.449017001067681,-0.2576899323159311,1.2438956610787295,0.11386189361960153,-1.308082020582281,0.41344326538159903,-1.3955912769438132,-0.5043197105633804,-0.0174396082624092,2.55717013461192,56.877,71.126
1766334477.416005,198,102;103;104;105;200;201;202,68.194;67.233;69.785;47.187;70.287;72.716;80.485,0.4243613569624445,2.6535395126413945,1.4492933783032633,-0.25786595525294276,1.2435474690134736,0.11409564013223739,-1.308347205576493,0.41353490780360774,-1.3952396527074256,-0.5039646964430782,-0.017899603585886992,2.557093316701162,56.885,71.144
1766334477.514964,199,102;103;104;105;200;201;202,68.649;66.549;69.332;45.645;69.194;72.720;81.988,0.4240704874949382,2.652997026862909,1.4487168771364662,-0.257115502803023,1.2440372444572527,0.11378560931728805,-1.3075627250162467,0.4139718544387673,-1.3955385685697645,-0.5044505004017844,-0.017432867738661317,2.5571144892318856,56.880,71.110
1766334477.608031,200,102;103;104;105;200;201;202,68.299;66.454;69.879;45.574;69.313;72.223;81.547,0.42417395266389735,2.6534948629905117,1.448727131212288,-0.2575306882038918,1.244045787470979,0.11379168607205348,-1.3078434690454637,0.4135034877404458,-1.3954033379030617,-0.5044219508002187,-0.01760725722181461,2.557256361956087,56.869,71.118
1766334477.707105,201,102;103;104;105;200;201;202,68.791;66.857;70.341;46.431;69.033;72.639;81.057,0.42414344714070906,2.653402033308793,1.4486212592306142,-0.2569368303977898,1.2443152301939655,0.11368006533919402,-1.3077059189743836,0.41357841120994826,-1.3954408363605957,-0.504650167760487,-0.01706193116416166,2.557221344664333,56.868,71.112
1766334477.805181,202,102;103;104;105;200;201;202,68.716;67.175;70.191;48.066;70.371;73.437;82.125,0.4242276939966152,2.6519191350031597,1.4482267892043441,-0.2573202190668702,1.2444073007656533,0.11363648961903763,-1.306627445381796,0.41495215787318707,-1.395573994474527,-0.5044613514356037,-0.018326269022269998,2.5576554333708135,56.888,71.080
1766334477.904442,203,102;103;104;105;200;201;202,69.034;67.403;69.889;47.395;68.885;72.210;81.571,0.42301571652897196,2.6511429636084443,1.4472288856176843,-0.2568255009341808,1.2450452508290686,0.11299838152148689,-1.3052613793382104,0.4155159733471179,-1.3965839028789044,-0.5052185223732073,-0.01776717361709554,2.557708287467869,56.878,71.014
1766334478.005700,204,102;103;104;105;200;201;202,68.929;67.585;69.861;45.759;69.572;73.475;81.735,0.4225333427756992,2.650960840276597,1.4466100637474566,-0.25624020667891173,1.24542613569575,0.11274557185651278,-1.3046049773895085,0.41559374930578913,-1.3969793577374978,-0.5058340445515286,-0.017253692862481212,2.5575749708974334,56.865,70.980
1766334478.102785,205,102;103;104;105;200;201;202,69.547;67.075;70.334;48.348;69.137;72.540;81.329,0.4220847876699096,2.650446822058199,1.4464365912139043,-0.2567544102668178,1.2454312765922144,0.11251862132181066,-1.304138973048367,0.4160408169741305,-1.3973725093970835,-0.5056820319106662,-0.017701487712802277,2.557811245138735,56.873,70.960
1766334478.200852,206,102;103;104;105;200;201;202,67.990;67.323;69.441;46.530;69.024;72.270;83.278,0.42292247739039274,2.651319678995916,1.4469662019418303,-0.25747850462219213,1.2448139725378509,0.11285881233294814,-1.3051295643092338,0.4153125021366996,-1.3966405881292205,-0.5050688236480003,-0.018374911333096405,2.5577370873023986,56.867,71.004
1766334478.332435,207,102;103;104;105;200;201;202,68.650;66.672;69.825;45.015;69.349;72.888;82.041,0.42336614043282217,2.6514959563725493,1.4474070505386083,-0.25761336237009735,1.2445575430820555,0.11328000111563005,-1.3056343989848822,0.415217781444607,-1.3962808739814283,-0.5048826606793175,-0.018626315584008374,2.557655153167781,56.875,71.030
1766334478.432562,208,102;103;104;105;200;201;202,68.478;67.298;70.404;48.875;68.633;71.926;81.977,0.4224273559272272,2.65103042051745,1.4463802510732704,-0.2577888888324084,1.245046065932906,0.11237766143830906,-1.304442206940102,0.4154954977286561,-1.39705679420414,-0.5051710252139783,-0.018604068869051527,2.557989260433121,56.857,70.970
1766334478.534955,209,102;103;104;105;200;201;202,68.218;67.681;69.666;44.523;70.282;71.777;81.770,0.4238206261787229,2.653180468949416,1.4473809291146564,-0.2583948050052832,1.24425506374318,0.11309887624418534,-1.3065495124555566,0.4136316144696699,-1.395750580827475,-0.5046069205503592,-0.018799774553346554,2.5576515284080257,56.836,71.055
1766334478.636524,210,102;103;104;105;200;201;202,68.531;67.278;69.646;47.825;69.721;72.001;81.328,0.4231957713474424,2.6523590008105904,1.4470969266687805,-0.2584228037355362,1.2446761603999597,0.11272707103487827,-1.3058116924713106,0.41435034935817255,-1.3963127930978156,-0.5047081851637396,-0.01875736553493859,2.5580311838727336,56.847,71.025
1766334478.734857,211,102;103;104;105;200;201;202,67.878;67.265;70.307;47.841;69.691;72.342;80.819,0.4225343379043903,2.651395131419744,1.447045799379029,-0.2583886684287642,1.2444278094008019,0.11287044076073922,-1.305182456573527,0.41522958528069503,-1.3969092891741075,-0.5047917102435745,-0.018982026483934045,2.5577381865359636,56.869,71.002
1766334478.846521,212,102;103;104;105;200;201;202,68.617;67.349;69.841;48.093;68.720;72.578;81.004,0.42151729664108983,2.6502766113396494,1.4461893348395056,-0.2578743414904474,1.2453034718640095,0.11218579326846322,-1.3037770748286566,0.41614522988713615,-1.3978134572538579,-0.5053965653029625,-0.018488867692219774,2.558140224660722,56.871,70.940
1766334478.932286,213,102;103;104;105;200;201;202,68.385;66.985;70.138;46.162;68.889;73.340;82.746,0.42252894579443884,2.6505846604670573,1.4465686359039553,-0.25801453890341,1.24499051680688,0.11260292180381581,-1.3043750723161138,0.4159475436939772,-1.3970292680985068,-0.5050377884425792,-0.019050713640116984,2.5581257456460795,56.872,70.974
1766334479.035714,214,102;103;104;105;200;201;202,69.396;66.512;70.504;48.033;69.573;72.982;81.904,0.42298141292409824,2.6511426524855772,1.4467549809185618,-0.2577623696754767,1.2452240564726005,0.1124865447517135,-1.3048748365304126,0.4154601553242579,-1.3966275203441016,-0.5049461554692484,-0.018585125521979468,2.558316212692479,56.864,70.994
1766334479.131263,215,102;103;104;105;200;201;202,69.171;66.876;69.561;48.699;68.589;72.465;81.509,0.42252597453460644,2.6499081956754655,1.4464303345054683,-0.25776568336341604,1.2457818272986614,0.11202934193338224,-1.3039108345814625,0.4165766660301451,-1.3971178498707726,-0.5049200200970706,-0.018755299321687846,2.558929228051331,56.883,70.960
1766334479.236789,216,102;103;104;200;201;202,68.435;66.555;69.720;68.886;72.675;81.030,0.45781720578744345,2.715296978869449,1.4759099431241638,-0.2474323430952607,1.2227254016112707,0.14279180426490484,-1.3657766072387238,0.3590405347299065,-1.3621362193679483,-0.5066147337135375,-0.0017098937350567556,2.5312006882713343,56.390,73.476
1766334479.332412,217,102;103;104;105;200;201;202,67.830;67.554;70.173;47.709;69.328;73.789;82.213,0.4495375154208161,2.6983827799203803,1.4681189231033365,-0.24694918832874574,1.2260525440183365,0.1361846647627368,-1.3498586793535523,0.3740199661618725,-1.370671392089324,-0.5065778883584101,-0.00520293652026349,2.534461533272367,56.479,72.817
1766334479.422467,218,102;103;104;105;200;201;202,68.860;66.482;70.490;48.323;69.440;72.530;81.361,0.44241369928219954,2.6856806026408244,1.4623023187188748,-0.24803649639706488,1.230038418266923,0.1304719194178441,-1.3377659516153377,0.385196813423183,-1.3776864359708367,-0.5065563956310997,-0.007795931556851071,2.5388373663179333,56.564,72.317
1766334479.518127,219,102;103;104;105;200;201;202,67.932;67.286;70.037;47.152;69.370;72.497;81.870,0.43839438595979213,2.6774728558002754,1.4589737303054149,-0.24942533898457991,1.232296487858996,0.12688130478353288,-1.3303486315143398,0.3924772813434335,-1.3817628837216223,-0.5058639091710824,-0.01028832628851617,2.5419683765320054,56.637,72.022
1766334479.616613,220,102;103;104;200;201;202,68.615;67.542;69.856;68.453;71.574;81.521,-0.46715911785527875,-2.724716817631608,-1.4785051916849097,-0.2380578583216878,1.21214769725713,0.15281759951933582,-1.3848051909662076,0.34047025257967445,-1.350787031112184,-0.5083417806554873,0.006283314378456417,2.516437650312965,56.279,74.285
1766334479.717738,221,102;103;104;105;200;201;202,68.031;67.200;70.342;45.818;70.310;73.681;80.713,0.4597771249339611,2.716467940450245,1.4764708818097076,-0.23985881794708583,1.2166778151592206,0.14510234728647614,-1.3670692819395678,0.35806507006220334,-1.3605535718843254,-0.507151569793816,0.0012289141959053174,2.52227337497552,56.381,73.543
1766334479.821430,222,102;103;104;105;200;201;202,68.098;67.519;69.198;47.355;69.679;73.965;82.068,0.4508886411764616,2.6991616879281812,1.4691866240155136,-0.24110198195446145,1.2217830241217946,0.13830553762480902,-1.3512822928298134,0.3734479351038428,-1.3695522244621388,-0.507054469422499,-0.002417736618362226,2.527966264337132,56.494,72.889
1766334479.916915,223,102;103;104;105;200;201;202,68.297;67.645;69.918;47.988;69.218;73.092;81.599,0.4432643961520652,2.6857249898491062,1.4629618906902133,-0.24281144377744282,1.2263841570330938,0.1324600919574455,-1.3384254550135017,0.38526439450545497,-1.377040290539059,-0.5072373214637056,-0.005505662120008997,2.5331059744179343,56.581,72.356
1766334480.014702,224,102;103;104;105;200;201;202,68.775;67.092;69.975;48.883;69.175;72.373;81.527,0.4370198429080812,2.6757757383040435,1.4578539725307815,-0.24449860197614887,1.2303393445298014,0.12744818759026053,-1.328397037015585,0.39390835741380964,-1.3830138287992702,-0.5074926429971457,-0.007746715716844793,2.5374841544089923,56.641,71.936
1766334480.114943,225,102;103;104;105;200;201;202,68.714;66.755;69.972;46.423;69.327;71.996;80.778,0.4341493267027273,2.670308458187334,1.455635567515181,-0.2467304089217058,1.2329928880051388,0.12450656861208022,-1.3234184726315168,0.39874056413602765,-1.385858651944904,-0.5068398075407986,-0.009812532415217012,2.5412610355501632,56.694,71.739
1766334480.215924,226,102;103;104;105;200;201;202,68.599;67.487;69.876;47.688;68.631;72.823;80.048,0.4315433446344265,2.6651575796297906,1.453497801624484,-0.24788749518417721,1.2355878169510828,0.12195508992794861,-1.3186957836331539,0.4032884954801843,-1.3884643457059764,-0.5067034413145741,-0.011138547111691571,2.5443947691327056,56.743,71.553
1766334480.310760,227,102;103;104;105;200;201;202,69.266;66.393;69.982;45.540;69.143;72.962;80.361,0.42907285658375144,2.661039448157859,1.4513985085447063,-0.24864802809854492,1.238040078688902,0.11976493378920604,-1.3145513884972078,0.4068584636265124,-1.3908391050240454,-0.5070652617008966,-0.011932239707785341,2.546977439945022,56.773,71.384
1766334480.411551,228,102;103;104;105;200;201;202,68.071;67.076;69.480;49.520;69.637;74.650;80.745,0.4270302073748813,2.6565852927160925,1.4500287210069918,-0.2501274885584852,1.239447932174127,0.11848447082535506,-1.3108701348312612,0.41084925534554917,-1.392912214434658,-0.5068837829998939,-0.013990703804688337,2.5491018143950743,56.833,71.247
1766334480.512383,229,102;103;104;105;200;201;202,67.971;66.880;69.785;46.666;68.764;74.102;81.361,0.4260909305168194,2.653915658363631,1.44903793806725,-0.25099419983013416,1.240747042601126,0.11759066249384317,-1.3085622542324298,0.4132354587023045,-1.3939535684718205,-0.5068900920103638,-0.015281708988735904,2.5508097447244733,56.863,71.163
1766334480.609430,230,102;103;104;105;200;201;202,69.004;67.473;69.857;48.415;67.995;73.278;80.613,0.42449666564830585,2.6521862894729176,1.4478678758882586,-0.2516269780020897,1.241795284297798,0.11642561293054662,-1.3065123515564219,0.4146701665031475,-1.3953615929717373,-0.507152535515475,-0.015670182784382952,2.55190630925829,56.870,71.073
1766334480.707651,231,102;103;104;105;200;201;202,67.873;66.776;70.041;49.399;70.263;73.395;81.863,0.42425191417996877,2.6498624111323292,1.4474211702732804,-0.25319967711048164,1.2427140801684642,0.11580450464741768,-1.3049108201544852,0.4168228662985462,-1.3958346467219753,-0.5065460340534992,-0.017688830265662536,2.5538006152655517,56.908,71.024
1766334480.808054,232,102;103;104;105;200;201;202,68.524;67.124;70.323;46.454;68.824;73.948;81.891,0.42291985181397906,2.6483955979497877,1.4463015214818673,-0.25339004227245676,1.2440331797855948,0.11483709256140891,-1.3030704042804597,0.41802476834616303,-1.3970182263870956,-0.5071451240751953,-0.017693888053450013,2.554890874261823,56.910,70.944
1766334480.908126,233,102;103;104;105;200;201;202,68.912;67.272;69.655;46.419;70.036;72.061;82.171,0.4236120790225027,2.6505199527896566,1.4472263203341162,-0.25478488247314607,1.2436298286073368,0.11492590535053922,-1.3050126386779781,0.4161406019770468,-1.3962269756668035,-0.5063377918433952,-0.01786959982503694,2.555237146131045,56.890,71.015
1766334481.038658,234,102;103;104;105;200;201;202,68.987;67.110;70.249;45.355;67.918;72.506;80.602,0.4222645650922332,2.650242360978028,1.4460692101579788,-0.2538299064612364,1.244290418038752,0.11406639580913729,-1.3037597588508913,0.41620288226355734,-1.3972813184362414,-0.5072737783922968,-0.0166106097125428,2.5550066696437623,56.865,70.946
1766334481.137643,235,102;103;104;105;200;201;202,68.281;67.089;69.959;46.292;68.383;72.749;80.908,0.422188275101078,2.649611024376539,1.446109426373031,-0.25352526464706016,1.2447724809004992,0.11375606065548015,-1.3034532969836214,0.4168056803322285,-1.3974105055427526,-0.5071754339836447,-0.01629561975215757,2.555465545845111,56.880,70.939
1766334481.242819,236,102;103;104;105;200;201;202,68.104;66.981;70.085;49.222;69.019;72.123;81.479,0.4212844408793746,2.648286589136209,1.4452305777879073,-0.2542513520361706,1.2456050435895942,0.11278344400885135,-1.301936604883706,0.41792050270369446,-1.3982575780356057,-0.5071480938441383,-0.016930866632743236,2.556554566465667,56.886,70.876
1766334481.335286,237,102;103;104;105;200;201;202,68.501;66.836;70.454;48.335;70.095;73.620;82.306,0.42233363692835907,2.6491552321470846,1.4459145839216139,-0.2550312235373806,1.2449174367188387,0.11332120869393383,-1.3030776934521686,0.41722545818328954,-1.3973673509395383,-0.5064881028411636,-0.01777807578032317,2.556479609970677,56.884,70.928
1766334481.442362,238,102;103;104;105;200;201;202,68.380;67.382;69.786;46.761;68.486;73.052;81.705,0.42185843432285586,2.648851647215035,1.4455845595020003,-0.2550595391200277,1.2454790879649573,0.11295507687549732,-1.3025914259577542,0.41745230668873834,-1.3977606326367524,-0.506741304054756,-0.017564800572377193,2.5569141547833967,56.882,70.905
1766334481.532911,239,102;103;104;105;200;201;202,69.311;67.226;70.262;46.512;69.193;73.391;82.937,0.4220390587446124,2.649246192119437,1.4458389790827926,-0.2552397892094481,1.2456179178138773,0.11297569168260482,-1.3030257138575603,0.41711473732010174,-1.3975727613839395,-0.5066436792749169,-0.017440354372709077,2.557153837776966,56.881,70.922
1766334481.637270,240,102;103;104;105;200;201;202,68.608;67.322;70.405;46.486;69.100;72.433;82.647,0.42122031770640384,2.649070251950041,1.4451370938973147,-0.2554819884385963,1.2462210119434516,0.11236265420624328,-1.3022613780758092,0.41715897165857657,-1.3982141092742644,-0.5070349655786501,-0.017283662925616117,2.5575886828680643,56.866,70.880
1766334481.741869,241,102;103;104;105;200;201;202,69.768;67.407;69.701;47.676;68.553;73.598;81.830,0.4211491042731363,2.648884682814973,1.4453080653214296,-0.25502610749923194,1.2464939946400795,0.11222154383283858,-1.3022932092011892,0.4173519978970378,-1.3982811737857648,-0.5070308794360482,-0.016688321119058963,2.557711104666195,56.875,70.884
1766334481.830463,242,102;103;104;105;200;201;202,68.149;67.632;70.417;45.350;69.244;72.105;81.679,0.4226072619709096,2.6507538220557327,1.4461195629688945,-0.255628809672224,1.2455919928104666,0.11271569854706194,-1.3041114721199405,0.4157386403004706,-1.3969700024077496,-0.506259590473101,-0.01711242134262811,2.557364590517785,56.854,70.959
1766334481.931160,243,102;103;104;105;200;201;202,68.913;66.953;69.904;47.449;68.756;72.818;80.660,0.42190534298985216,2.649610812689967,1.4457309547359731,-0.256296817876166,1.246193742418287,0.11227292737112618,-1.3031111958102433,0.4167476032465645,-1.3976302370991291,-0.5062566552203916,-0.017705571032266026,2.5582170188242976,56.870,70.920
1766334482.028063,244,102;103;104;105;200;201;202,69.031;67.389;69.720;45.807;69.650;73.380;81.855,0.42281727288275905,2.650425991480246,1.446197357871413,-0.25643148205120564,1.2456980931463884,0.1126545343726438,-1.304030765379107,0.41607110057297764,-1.3968541769624403,-0.5058744291665438,-0.017960384547923286,2.557971762156682,56.863,70.961
1766334482.128227,245,102;103;104;105;200;201;202,68.280;67.130;70.847;46.475;69.715;73.247;81.076,0.42216944294186404,2.649990245678119,1.4458506883139322,-0.2563575012492804,1.2458984812365017,0.11243817648706772,-1.3034398616708058,0.41641323360011584,-1.397388942052566,-0.5061563375866271,-0.01781100881169234,2.557984141554576,56.864,70.933
1766334482.228876,246,102;103;104;105;200;201;202,68.435;66.563;68.998;48.875;69.068;72.916;81.376,0.4214280852833875,2.6484805996416516,1.4450619329981362,-0.25567276872402145,1.2460899531576028,0.11202559624007892,-1.3019204925337562,0.417723445949151,-1.3981369767425262,-0.5064877573221367,-0.017786676739189017,2.5578124497940333,56.876,70.873
1766334482.325929,247,102;103;104;105;200;201;202,69.373;66.572;70.071;46.202;69.404;73.335;81.507,0.42147900822378603,2.648589978828093,1.4453677443587813,-0.25639283086280434,1.2463119598195924,0.11210172244643331,-1.302230734771551,0.4176571248957733,-1.3980751156056188,-0.5063049562890057,-0.018150126518538673,2.558377382555726,56.883,70.887
1766334482.425418,248,102;103;104;105;200;201;202,69.242;67.102;69.926;46.579;69.165;73.131;80.332,0.42179621477898416,2.6486930085112634,1.4459216503333931,-0.25673386462676306,1.2459457167517192,0.11236109030738493,-1.3027724366606714,0.4176392637667889,-1.397811429933494,-0.5058424409071925,-0.01843954498698913,2.558360816490033,56.896,70.916
1766334482.523594,249,102;103;104;105;200;201;202,68.109;67.335;69.158;48.299;69.710;72.625;80.760,0.42295928813670963,2.650113397996724,1.446836438403348,-0.25774987387536946,1.2452561106325533,0.11285222588879762,-1.3044015629362102,0.4164500031702573,-1.3967635911929084,-0.5050170134653549,-0.019128533436099604,2.558407377775306,56.889,70.985
1766334482.623288,250,102;103;104;105;200;201;202,68.737;67.276;69.805;48.284;69.768;73.316;81.413,0.42280961782190724,2.6490843705339144,1.4463872380248606,-0.2579313772108765,1.245471060205392,0.11270644191597447,-1.3034839348986504,0.4173720632782465,-1.3970125863934009,-0.5050627302353696,-0.01983751098279002,2.5587285240678592,56.898,70.953
1766334482.723079,251,102;103;104;105;200;201;202,69.545;66.474;70.064;47.573;68.684;73.022;81.723,0.422834985264571,2.6495484623257854,1.446616528028001,-0.2578636892862124,1.245665923625205,0.11262228650653386,-1.3039138403449482,0.4169571269997457,-1.3969297906097922,-0.5050460148561047,-0.019337187696024022,2.55887666824199,56.895,70.968
1766334482.854451,252,102;103;104;105;200;201;202,68.560;67.424;69.490;47.729;68.909;72.924;80.789,0.42279981048364795,2.6493495793171653,1.446739083691452,-0.2579841596626107,1.2459774715541225,0.11254429341440386,-1.3039044639782738,0.4171590821213435,-1.3969741891163023,-0.5049922759876532,-0.019306659618230998,2.559272171371055,56.903,70.970
1766334482.956545,253,102;103;104;105;200;201;202,68.754;66.503;69.576;47.545;69.485;72.746;81.575,0.4226861906938501,2.6488470950538607,1.4466980474721791,-0.2585809901721994,1.246119761684582,0.11239660457931915,-1.303594828712377,0.4176277482851914,-1.3971180560813872,-0.5047527598652478,-0.019911056345794514,2.559754495830935,56.913,70.961
1766334483.066658,254,102;103;104;105;200;201;202,67.718;67.761;70.019;49.115;69.849;72.932;80.658,0.4219250181393023,2.647238245966719,1.4459814489039857,-0.25854358457395293,1.2468158547019268,0.11193786513541833,-1.3020793805205677,0.41904030632338846,-1.397889097161373,-0.505072879751248,-0.02025865399938398,2.5603401412731217,56.929,70.903
1766334483.157584,255,102;103;104;105;200;201;202,69.598;67.557;69.457;46.951;69.503;72.451;81.179,0.4214856231687051,2.648377271857253,1.4460234420230167,-0.25819654545421145,1.2472402264481899,0.11159460565610861,-1.3026494845854644,0.41793601630732913,-1.3980700558397452,-0.5054337892246202,-0.01888869791036349,2.560349656140609,56.907,70.912
1766334483.256011,256,102;103;104;105;200;201;202,68.776;66.471;70.430;48.805;68.571;72.986;82.260,0.42037630299858103,2.6477545447018214,1.4450256394674612,-0.2570454059852429,1.2473047655158302,0.11115594412926758,-1.3013755152509754,0.4183568733141159,-1.3989867926988795,-0.5062433735090962,-0.018011929950397437,2.5595651690214174,56.894,70.848
1766334483.358822,257,102;103;104;105;200;201;202,69.145;67.223;70.548;46.204;69.283;72.222;82.161,0.420998704413123,2.6494206072632034,1.4458157952159005,-0.2579468440496206,1.2468432348937455,0.11149377237438156,-1.3029623195584807,0.4168916193720347,-1.3983061199643292,-0.5057457194817387,-0.0181348860260466,2.5595800649275735,56.880,70.908
1766334483.453142,258,102;103;104;105;200;201;202,68.622;67.104;70.000;46.519;69.560;72.782;80.373,0.4212990941689384,2.649196912890212,1.4459759566363695,-0.2577622464900485,1.2466082139553352,0.11168760526928338,-1.3030140119965932,0.4171390900073253,-1.3981090917035075,-0.5055898949234026,-0.018297430241210805,2.55939785090641,56.888,70.916
1766334483.547432,259,102;103;104;105;200;201;202,68.413;67.524;69.348;45.533;69.262;73.029;80.227,0.4215521409107561,2.6493721830274137,1.4463603394393145,-0.2574999267840414,1.2462901476026125,0.11212497261312336,-1.3034482365454392,0.41702935526328694,-1.3978898021631985,-0.5055853493197168,-0.01816496969964515,2.5590123436782357,56.896,70.937
1766334483.645909,260,102;103;104;105;200;201;202,67.570;67.511;69.893;46.831;69.328;73.128;79.578,0.42189509878297754,2.6483220606100604,1.4462321178514679,-0.25709561990602015,1.246526551587908,0.11229707100683693,-1.302842399152293,0.4180339709743913,-1.3977718984018646,-0.5056694873306126,-0.01857256119587969,2.5591998901021658,56.913,70.925
1766334483.744250,261,102;103;104;105;200;201;202,69.142;66.613;70.373;46.737;68.683;72.721;81.448,0.4213978963028482,2.6487601224269994,1.4458770108856196,-0.2566176855556724,1.2468649813185817,0.11193023497366307,-1.30271947982315,0.4175494195737997,-1.3980936240142992,-0.5061175553880286,-0.017654232703480488,2.5590807507216384,56.895,70.909
1766334483.842890,262,102;103;104;105;200;201;202,68.768;66.464;69.754;47.391;69.771;73.147;81.175,0.4226691585196706,2.6494071488433417,1.4469735744096404,-0.2569842146288107,1.2460095991744227,0.11265218748464054,-1.3041064632211525,0.4171243720425756,-1.3970526716711802,-0.5052510494158065,-0.018236164851695408,2.5588252114478327,56.910,70.979
1766334483.941628,263,102;103;104;105;200;201;202,68.629;66.254;69.307;46.726;68.308;73.084;81.536,0.422956207168001,2.6495507208023272,1.4473427989100447,-0.2571608208969454,1.245487249746368,0.11310767835696443,-1.3045163363393077,0.41704461751074023,-1.3968130970164836,-0.5050543064696381,-0.01859477394820891,2.5584759462850624,56.917,70.999
1766334484.040948,264,102;103;104;105;200;201;202,68.127;67.627;69.899;48.480;69.872;73.585;82.006,0.42277710237501936,2.6488768997508596,1.4470775123264283,-0.2570843452905373,1.245294082208381,0.11320452663979871,-1.3039281829252072,0.4176476200138035,-1.3970337197317733,-0.5051501437880852,-0.019011414131950233,2.5582447747938524,56.924,70.978
1766334484.140511,265,102;103;104;105;200;201;202,68.957;68.209;70.297;47.018;68.606;72.268;82.469,0.42221732900255643,2.649406069721075,1.4464909401696633,-0.256854698033893,1.2456049614063731,0.11259486461702194,-1.303657879429343,0.41704656826699593,-1.397398970840301,-0.5055033694372857,-0.018285786338424204,2.558201452816708,56.896,70.953
1766334484.271550,266,102;103;104;105;200;201;202,68.789;66.734;70.045;46.988;69.292;73.492;81.724,0.4223037649150587,2.6495643774921382,1.4464991426497098,-0.25715264079546424,1.245588374503742,0.11266919708098176,-1.3037582296654149,0.41690099834418526,-1.3973171396903987,-0.5054858512061058,-0.018545655930489735,2.558297999441641,56.893,70.956
1766334484.377065,267,102;103;104;105;200;201;202,69.413;67.279;70.170;48.540;70.068;73.364;81.325,0.4232342141230819,2.650268292133571,1.4477078707799338,-0.2578593071981981,1.2448935646808954,0.11330787918488529,-1.3052205009650748,0.4164163539105305,-1.396511554438149,-0.5046103133180128,-0.019049981649096798,2.5582896580655743,56.911,71.026
1766334484.466924,268,102;103;104;105;200;201;202,68.294;66.612;70.425;47.742;70.191;73.610;80.806,0.4223267478116954,2.648880808480716,1.4470687578491976,-0.2577241514041084,1.2455771716193218,0.11295222858951175,-1.3038644347278658,0.41761963830832577,-1.3973597244148668,-0.5050863380994015,-0.01912451753245864,2.558732447823709,56.925,70.971
1766334484.566051,269,102;103;104;105;200;201;202,68.647;67.698;69.569;47.425;68.326;74.180;81.754,0.4213234431499078,2.6476311586417896,1.445949961398777,-0.2562321074404873,1.2464218307371213,0.11244558898532912,-1.3021802433196104,0.41863074081852136,-1.3982793520989658,-0.5061843306657581,-0.018109026340585282,2.55856069447106,56.922,70.898
1766334484.696335,270,102;103;104;105;200;201;202,68.966;66.605;70.034;46.977;69.068;72.244;81.571,0.42124799764675336,2.648048541756282,1.4460514553814083,-0.2565838789527565,1.2466436724412058,0.1122072504657311,-1.3024697839136583,0.41824043621864415,-1.398280277393832,-0.5060555607549663,-0.017944978628730096,2.558919684322702,56.916,70.906
1766334484.796838,271,102;103;104;105;200;201;202,68.023;67.275;70.225;45.835;69.211;72.653;80.223,0.42206053408042726,2.6487335415728004,1.446706187654961,-0.25755268362572503,1.2462570273701292,0.11258604995874817,-1.3034606467236434,0.41770465430195536,-1.3975843708554323,-0.5054191394240549,-0.0187665519898281,2.559193189164902,56.918,70.951
1766334484.897427,272,102;103;104;105;200;201;202,68.310;66.319;70.594;46.270;69.060;73.857;81.757,0.42218594956329913,2.6479285908713557,1.4467059104923519,-0.25733190040495685,1.2461108239456564,0.1129346741141965,-1.3030574501333867,0.41847886703775833,-1.3975895347285532,-0.5054849115505307,-0.01920828449182868,2.5590260871076103,56.935,70.944
1766334485.028753,273,102;103;104;105;200;201;202,68.873;67.027;70.659;47.666;70.037;73.007;80.482,0.422376276046079,2.6476265531676564,1.4467005287484562,-0.25779038398478316,1.2461362323576255,0.11277364470612303,-1.302920601369853,0.4187761560758224,-1.3974878432327835,-0.5051220911478234,-0.01977697865900019,2.559408315377243,56.941,70.943
1766334485.130105,274,102;103;104;105;200;201;202,68.386;67.994;69.918;48.040;69.790;73.447;81.251,0.4227363602079992,2.6485078370039297,1.4467894908879553,-0.25782129041190616,1.246161541744778,0.11279687424055901,-1.3034983977533936,0.41796442124910876,-1.3971185808486515,-0.5051465734683612,-0.01953711732481625,2.559406180131621,56.923,70.962
1766334485.227873,275,102;103;104;105;200;201;202,68.251;68.149;69.978;46.593;69.659;71.979;82.067,0.4221455417324865,2.6494590307632953,1.4463496575219175,-0.25800490993718894,1.2465380241759794,0.11226724435621493,-1.3035622069766633,0.4169760830551041,-1.3974501764792717,-0.5055125532545063,-0.01887143759767576,2.5595405134956897,56.891,70.947
1766334485.326698,276,102;103;104;105;200;201;202,69.380;66.996;69.930;46.030;69.352;73.403;82.397,0.42260321593555783,2.6494387633608723,1.446232663238778,-0.25811740934027105,1.2464326228104063,0.11224806408755263,-1.3035170105984368,0.4170056267082909,-1.3971258078292383,-0.5053211976955507,-0.01932850602408473,2.5596032472924315,56.887,70.948
1766334485.427405,277,102;103;104;105;200;201;202,68.955;67.841;69.670;46.574;69.854;73.614;80.354,0.42264432407846114,2.649782317294939,1.446244879886102,-0.2570586284173687,1.2460733816360388,0.11249946729711018,-1.3037111978566223,0.4166815046937226,-1.39705451113392,-0.5056673627782139,-0.01849083737988977,2.5586959040966457,56.879,70.953
1766334485.524449,278,102;103;104;105;200;201;202,68.324;68.463;70.792;46.010;69.847;72.659;81.423,0.4217913031115864,2.6498467098691934,1.445786750481631,-0.2571987431843718,1.246494083417091,0.11206060089642211,-1.3032642364112168,0.416523133005933,-1.3976823975521768,-0.5060609759685502,-0.018090596381433316,2.5588925109149194,56.867,70.923
1766334485.629717,279,102;103;104;105;200;201;202,68.667;67.070;68.456;48.879;69.264;73.113;82.189,0.42126041255940433,2.6489244686841396,1.4452934182891044,-0.25730067483593966,1.246478322695502,0.11182552176884022,-1.30231665054033,0.41731815816259,-1.3981963874972119,-0.5061299509811279,-0.018535694801679298,2.558886092350115,56.874,70.885
1766334485.730219,280,102;103;104;105;200;201;202,68.610;67.423;70.164;46.164;68.502;73.044;81.895,0.421526026070783,2.6486905480333545,1.4456388594285658,-0.25747531639983867,1.2466043043427224,0.11192874750868158,-1.3025078932889098,0.4175949591377557,-1.3980184648435878,-0.5058782263819924,-0.018724748171098815,2.5592388748625154,56.888,70.900
1766334485.821367,281,102;103;104;105;200;201;202,69.151;66.752;69.968;46.307;69.482;73.294;81.355,0.4221089829496804,2.6494064236286845,1.4458922745173732,-0.25674581140837344,1.246461084793768,0.11215813908081956,-1.3031612921948366,0.41697168915445754,-1.3975008959848654,-0.5059621259791247,-0.018065100392320427,2.558812684629945,56.879,70.927
1766334485.920915,282,102;103;104;105;200;201;202,69.183;67.486;70.287;45.488;70.125;73.301;81.052,0.4226267712478189,2.6501373252636053,1.4464329544782606,-0.2569291661777989,1.2458304961421205,0.11258069405460525,-1.3040454450180294,0.41636365100696493,-1.3970173608298393,-0.5056200332891883,-0.018195506637320835,2.55839524419466,56.877,70.965
1766334486.021075,283,102;103;104;105;200;201;202,68.162;66.785;70.189;47.692;70.085;72.325;82.444,0.42208508386381344,2.6498168913588827,1.4463779855779118,-0.2579597355015627,1.2459145032043184,0.11226379704284069,-1.303763601057795,0.4166348967751631,-1.397450036354094,-0.5053093771132925,-0.01880897651501695,2.5589366927485733,56.884,70.951
1766334486.118371,284,102;103;104;105;200;201;202,68.800;67.933;69.295;45.382;69.520;73.012;81.254,0.4221565397561252,2.6506543594400394,1.4465126726604356,-0.25761158611810236,1.2458118533863731,0.1124575289448889,-1.3043177564004091,0.41585534205906294,-1.3972926929988119,-0.5055767637485407,-0.018186672602085424,2.5585428778959756,56.870,70.967
1766334486.220634,285,102;103;104;105;200;201;202,69.383;66.529;69.916;46.108;69.402;73.633;82.270,0.42265461000909704,2.6505415436071553,1.4468916402452556,-0.2572543981546677,1.2455708093960771,0.11287260102477793,-1.3046293309661323,0.41603225785214953,-1.396930717496558,-0.5054655743853426,-0.018212345389206797,2.5582965923906187,56.882,70.988
1766334486.350123,286,102;103;104;105;200;201;202,68.500;67.728;69.231;45.205;69.237;73.022;80.301,0.42222285267988846,2.65084254992619,1.446466333678954,-0.2561115133419773,1.2457690430606674,0.11269922159091574,-1.304387078335928,0.4156739681564994,-1.3972239541713753,-0.5061605575029923,-0.016991973078800182,2.5577142379035154,56.864,70.968
1766334486.449908,287,102;103;104;105;200;201;202,68.801;67.099;70.093;48.793;68.892;72.275;80.833,0.42190698077207417,2.650392749620675,1.4463374682884216,-0.25653533963745057,1.24636627991802,0.11204629662517245,-1.3040077440354947,0.41607176223166004,-1.3975116090074158,-0.5058813926841029,-0.017017445622272864,2.558573757584293,56.871,70.953
1766334486.548541,288,102;103;104;105;200;201;202,69.045;67.063;69.996;47.132;68.361;73.076;80.815,0.42156963239273443,2.6496781845310684,1.4460295112891695,-0.2565285140916294,1.2463468108514717,0.1119591045577897,-1.303343233106839,0.41670031286588394,-1.3978535285353961,-0.5059594875416562,-0.01732327091931049,2.5585326298304567,56.879,70.928
1766334486.644831,289,102;103;104;105;200;201;202,68.800;67.483;70.159;44.903;70.178;73.167;82.333,0.42207655786531006,2.6509002602065643,1.4465209134958488,-0.2565539280942843,1.2462540399979605,0.11225687324343071,-1.3044420774078396,0.41561760646706614,-1.3973207686309652,-0.5059376059193202,-0.016896143069448782,2.5584285417452968,56.865,70.969
1766334486.743763,290,102;103;104;105;200;201;202,68.251;67.167;70.667;47.482;70.209;74.885;82.444,0.4217812225356077,2.6492614452950676,1.445708576754758,-0.255614031830643,1.2460737428455613,0.11243668903899783,-1.3028949086157076,0.4170717773118981,-1.3977627495481262,-0.5064855447532975,-0.01733226428740728,2.5577724856123396,56.877,70.913
1766334486.846963,291,102;103;104;105;200;201;202,68.227;67.406;70.044;45.829;68.913;74.299;81.614,0.4221520091937949,2.649175586900068,1.4459777699733167,-0.2560395115166535,1.2456886891891825,0.11285920828416872,-1.3031155493421342,0.4172039244015744,-1.3974939642831339,-0.5062486210436128,-0.018063821469849056,2.557695200530303,56.886,70.928
1766334486.943060,292,102;103;104;105;200;201;202,68.962;66.892;70.183;46.955;69.633;73.352;83.000,0.42199829260138705,2.649111655472354,1.4458021838075161,-0.25627334294224463,1.2458575831596526,0.11267216252253107,-1.3029206258104147,0.4172366915829962,-1.3976197921073363,-0.5062627856917729,-0.01819131451539166,2.5579259492130384,56.883,70.918
1766334487.043537,293,102;103;104;105;200;201;202,68.564;67.320;70.234;46.293;69.384;73.330;81.894,0.4226320482293033,2.6494369972981153,1.4465304562307335,-0.25682044532161186,1.2454056847605794,0.1130951163364062,-1.3037599235660688,0.41704306257002016,-1.3970934339548697,-0.5056766137659587,-0.01871181224415061,2.5579722290749136,56.896,70.961
1766334487.144829,294,102;103;104;105;200;201;202,68.392;67.337;71.076;46.412;69.596;72.993;81.285,0.42259881025899537,2.6498004001715914,1.446481516660122,-0.25717678645352093,1.245195603436881,0.11309664293948261,-1.303905436503912,0.41668912588799006,-1.3970759931956245,-0.5056145843846194,-0.01892781134462254,2.5578777634766494,56.886,70.962
1766334487.277231,295,102;103;104;105;200;201;202,68.352;66.271;69.984;47.232;68.580;72.770;80.926,0.42222226260371143,2.6489116461084503,1.4459390283038636,-0.25641572100391574,1.2458106267631657,0.11263471866816727,-1.3029559494855405,0.4174548223897833,-1.3974761196215673,-0.5059681580758367,-0.018442480847562392,2.558094089343727,56.890,70.925
1766334487.372492,296,102;103;104;105;200;201;202,68.296;66.408;69.946;44.683;69.966;72.432;82.091,0.42285880657911695,2.6510062216378056,1.4468246349854375,-0.2568584377636731,1.2451420120542873,0.11316253495029939,-1.3048439407139183,0.41559193330323135,-1.39672986777543,-0.5056709321232018,-0.018065236593258788,2.5576232887014694,56.870,70.994
1766334487.473174,297,102;103;104;105;200;201;202,68.966;67.520;69.311;46.089;68.623;72.790;81.768,0.4218353459701044,2.650387248593542,1.4461970293113142,-0.256915643236008,1.2457426440661252,0.11263805248066641,-1.3038823457885476,0.41605713266288424,-1.3975696548668486,-0.5061157878939174,-0.01783281745903212,2.5579835422154695,56.867,70.947
1766334487.568843,298,102;103;104;105;200;201;202,68.203;67.465;70.271;48.913;69.168;72.660;82.155,0.42066568657874914,2.6486620796780165,1.4453576929591474,-0.257326758177836,1.246480893123984,0.11182411429426964,-1.3021541760295494,0.41754482374535096,-1.3986559129411853,-0.5062452965404611,-0.01831022723688608,2.5588056969183626,56.883,70.876
1766334487.674443,299,102;103;104;105;200;201;202,69.449;67.120;69.972;47.448;69.744;72.830;81.238,0.4210930560758695,2.649557474955605,1.4458055801421428,-0.2573093980448712,1.2464048832214774,0.11194677941324274,-1.3030377050700264,0.4167648205166619,-1.3982218227283432,-0.5060775231001826,-0.017905030790415916,2.5587767064341014,56.876,70.911
1766334487.771004,300,102;103;104;105;200;201;202,68.915;67.405;70.041;46.756;68.889;72.574;80.275,0.4210701890548417,2.648837198446758,1.4455981720150894,-0.2566944317189219,1.2466414183351158,0.11188792852569893,-1.3024920912887146,0.41742667635252273,-1.3983326517158754,-0.506265318049919,-0.017732830673281796,2.55877027051834,56.886,70.894
1766334487.870712,301,102;103;104;105;200;201;202,68.960;67.130;70.322;46.985;69.069;72.638;82.023,0.42072567193014915,2.648887887866743,1.4455689828799674,-0.2564390955018672,1.2464937673264989,0.11183624356761061,-1.3024500811237547,0.41735699084541217,-1.3985772205827713,-0.5063657206149511,-0.017343966358459306,2.558441113342553,56.885,70.888
1766334487.968580,302,102;103;104;105;200;201;202,69.237;67.546;70.025;46.468;68.806;71.657;83.137,0.42132224199345264,2.6506860548408078,1.4460574862005837,-0.25734403447644794,1.2460739394170177,0.11173780546816658,-1.3038587447886558,0.41572937683202377,-1.3979107332495446,-0.5057372894103805,-0.017395408913016247,2.5585243902915487,56.858,70.937
1766334488.066885,303,102;103;104;105;200;201;202,68.891;66.996;69.513;48.780;69.591;73.027;80.597,0.4213256752832274,2.6499669280925664,1.4459319565223392,-0.2574839330964211,1.2463349380220587,0.11159039411893593,-1.303383270470534,0.4164009841673571,-1.3979994112064507,-0.5056245191735763,-0.017788964921449935,2.55894129971809,56.870,70.924
1766334488.168842,304,102;103;104;105;200;201;202,68.068;67.409;70.235;45.240;68.571;73.686;82.233,0.421234528354157,2.65024247718743,1.4458152119363106,-0.25640137683983194,1.2465982406080651,0.11170842831468436,-1.3034208854728362,0.4161199738367586,-1.3980369609199612,-0.5062653002055209,-0.01672205672944871,2.558522442231606,56.861,70.921
1766334488.271461,305,102;103;104;105;200;201;202,68.525;67.014;69.659;47.299;69.552;72.861;81.129,0.42169904264208125,2.6505668334818964,1.4461543692534777,-0.256272901280791,1.246582031212303,0.11182474786017205,-1.3039237751578776,0.4158738573673023,-1.397648472507511,-0.5060795188463255,-0.01655489163171467,2.5585706222234377,56.863,70.945
1766334488.368522,306,102;103;104;105;200;201;202,68.110;67.011;70.253;47.885;69.316;74.042;81.958,0.4223484491899727,2.650227442158991,1.4465137266604489,-0.2565438980985552,1.2462195354186614,0.11233539270239636,-1.3041212185060889,0.41627258629212294,-1.397204881328906,-0.5057541195278615,-0.01739703774132026,2.558553736377532,56.879,70.965
1766334488.466535,307,102;103;104;105;200;201;202,69.075;66.734;69.796;46.823;69.574;72.335;81.649,0.4218884555549214,2.649626419448722,1.4463053376525914,-0.2563786129589447,1.246096200560045,0.11226044260671326,-1.303580175678634,0.416798004330311,-1.3976180448616122,-0.5058390652468979,-0.017421275459298613,2.558325286074603,56.887,70.943
1766334488.572070,308,102;103;104;105;200;201;202,69.030;67.509;70.336;47.514;69.007;72.813;81.189,0.42071298742691576,2.6486962969896704,1.4454538096816334,-0.2562914509514737,1.2467999872302364,0.11165883724072061,-1.3022556850380294,0.4175257625920036,-1.398613812485904,-0.5064267235632794,-0.01720402345712796,2.5586830538489647,56.886,70.881
1766334488.662940,309,102;103;104;105;200;201;202,69.141;66.958;69.714;46.545;68.991;71.823;81.344,0.4198490809367493,2.648992522852873,1.4450248510293338,-0.25594418490351944,1.2473566660803268,0.11105344764420921,-1.3019516854523925,0.4171484198345294,-1.3992207480571281,-0.5068907213081694,-0.016142470400069414,2.558789071963087,56.869,70.855
1766334488.763886,310,102;103;104;105;200;201;202,68.633;67.236;70.326;48.296;70.470;73.637;81.147,0.42077516329180337,2.6486630893946708,1.4455142497106603,-0.2568758158772926,1.2469692276363855,0.11151326350236712,-1.3022952158797318,0.4175676612343684,-1.3985703900274493,-0.5061782702332992,-0.017604706576342083,2.55917609258426,56.888,70.884
1766334488.862967,311,102;103;104;105;200;201;202,68.747;66.606;69.828;46.323;69.078;74.417;81.649,0.42177032497186984,2.6482560631325893,1.4459267214183666,-0.2567292109507664,1.2465705495326758,0.11219474553115916,-1.3025454527461262,0.4180552401812089,-1.397882103095793,-0.505907271822243,-0.018357892751550087,2.558998395807601,56.906,70.910
1766334488.962265,312,102;103;104;105;200;201;202,68.704;66.622;70.132;45.689;69.436;74.088;81.247,0.42207510407306964,2.6480113944961596,1.4463341372347294,-0.2568598134855743,1.2463663005113992,0.11267078717484928,-1.3027862888410913,0.41835134768130033,-1.3976745505870463,-0.505775261386722,-0.01875150776844775,2.5589647810322393,56.923,70.928
1766334489.060543,313,102;103;104;105;200;201;202,68.714;66.709;69.319;46.174;68.866;72.670;81.845,0.4227215852845316,2.648712389881401,1.4466692618242285,-0.25698633913544655,1.246162114417874,0.11291912040407216,-1.3035060699119927,0.41775473908224897,-1.3971096226896,-0.5055697549421445,-0.018843402842191936,2.55891455904362,56.915,70.959
1766334489.159353,314,102;103;104;105;200;201;202,69.219;66.625;69.546;46.373;69.406;72.087;80.559,0.4223572199782234,2.6496515972994126,1.4470200089660679,-0.2566984991742367,1.2460049049171338,0.1128072838048547,-1.3042305557809175,0.4168804314176513,-1.3972474738910152,-0.5055850576787322,-0.017741465354237845,2.5585290666920697,56.907,70.979
1766334489.293191,315,102;103;104;105;200;201;202,68.450;67.457;69.585;47.241;69.596;73.786;81.474,0.4223399246406901,2.6487602968997015,1.4464948927779482,-0.2561875485303201,1.2460378049077536,0.11276923771567189,-1.3033406372646525,0.41766927907374085,-1.3973871577178585,-0.5058274868578218,-0.018013940347626822,2.5583401216332367,56.910,70.947
1766334489.389464,316,102;103;104;105;200;201;202,68.597;67.991;70.648;46.082;69.149;73.833;81.449,0.42187319099927945,2.6486217077409955,1.4459837847108183,-0.2560604861692387,1.2462226288035885,0.1126103075222387,-1.3027954234405834,0.4177184223334003,-1.397761757422357,-0.5062611414077185,-0.017912874233062676,2.5582498010216024,56.899,70.918
1766334489.487957,317,102;103;104;105;200;201;202,68.906;66.890;70.298;46.741;70.336;73.759;81.902,0.42287469779493375,2.6497974781650426,1.4467035356247744,-0.2566305176990629,1.2451046275205049,0.11335585786001158,-1.304118861739951,0.4167316797668336,-1.3968678522097069,-0.505685276038949,-0.018606525901732868,2.55760084270158,56.892,70.975
1766334489.584461,318,102;103;104;105;200;201;202,69.264;66.913;70.269;46.977;69.687;74.426;81.845,0.42296940290952334,2.6490980310385726,1.4467850418784494,-0.25624625970286424,1.2452983869922774,0.1134276366671522,-1.3038326209686837,0.41741302108185047,-1.3968796044566572,-0.50569553741879,-0.018570526895104744,2.557726984951721,56.910,70.972
1766334489.684829,319,102;103;104;105;200;201;202,68.444;67.417;69.733;47.659;69.415;72.447;80.925,0.42323570827391316,2.6487568601132008,1.4469101019112052,-0.25684096314508015,1.2456032606078908,0.11324482182234027,-1.3037905153019098,0.41776648875545697,-1.3967225197290185,-0.5052962058163137,-0.019136270295512958,2.55847194289115,56.920,70.977
1766334489.779860,320,102;103;104;105;200;201;202,68.447;67.522;69.796;46.236;69.643;74.857;81.282,0.4243929810311375,2.6500044848681643,1.4474986595264405,-0.2565454105484704,1.2447428277932944,0.1141039988671453,-1.3050656527257907,0.41670346280458964,-1.395712488063901,-0.5051803040168621,-0.019188203854504565,2.557597218626248,56.907,71.031
1766334489.885423,321,102;103;104;105;200;201;202,69.764;67.057;69.404;46.666;69.452;73.974;82.138,0.4236740758601457,2.650093812334744,1.4474243359714547,-0.2561340287701262,1.2446748323541204,0.11412542529234568,-1.3049584534354264,0.416572911105527,-1.3962252253657954,-0.5055899308226124,-0.01847647716179915,2.5571215895826365,56.905,71.019
1766334489.979358,322,102;103;104;105;200;201;202,68.440;67.814;70.024;47.786;69.319;73.623;82.191,0.42382637951663693,2.6500002537100227,1.4475190574911745,-0.256600593402024,1.2448274060123559,0.11398151052127277,-1.3050059613125369,0.4166808135526949,-1.3961223951428297,-0.5052949548879823,-0.018836739950902764,2.557589540613331,56.909,71.024
1766334490.076882,323,102;103;104;105;200;201;202,68.849;66.839;70.550;47.934;69.162;72.715;82.005,0.42327877805091974,2.6494204949932065,1.4470531435960399,-0.25698397251598726,1.2450370735676186,0.11355838668653052,-1.3042570686372315,0.4171521952721022,-1.3966065305235036,-0.5053028721871138,-0.019189323278809567,2.557904598764268,56.910,70.991
1766334490.177082,324,102;103;104;105;200;201;202,69.110;65.861;70.647;46.240;68.788;73.014;81.931,0.42294776221117225,2.6487708881587246,1.4465730233862597,-0.2574204191595263,1.2452897477509866,0.11326791573283061,-1.303488457077267,0.4176995354740786,-1.3969426354060899,-0.5053472652289127,-0.01978911634184291,2.5583008360518287,56.910,70.959
1766334490.275130,325,102;103;104;200;201;202,68.962;67.366;69.161;68.790;73.182;82.459,0.45833646380281867,2.7143739762366086,1.4760747098731537,-0.24685741199604022,1.2223843809865695,0.14388111458838007,-1.3655016865899183,0.35996008736573365,-1.3618819268653422,-0.5070538897307885,-0.002424873894810914,2.530671063612868,56.410,73.477
1766334490.376065,326,102;103;104;105;200;201;202,68.173;67.710;69.886;47.757;69.738;73.078;81.746,0.45025668649882966,2.698715734399658,1.469020785490458,-0.24819166352860283,1.2260230959041052,0.13707656944249477,-1.3508402882976664,0.37382744302611376,-1.3700705874484278,-0.506263001050805,-0.006304192752763976,2.535140206154629,56.499,72.868
1766334490.477972,327,102;103;104;105;200;201;202,68.583;67.892;70.122;47.790;70.386;74.326;80.975,0.4448608299139968,2.687562019607735,1.4642277505457293,-0.2484729242176433,1.2289073825134218,0.1323223873789449,-1.3405887680952575,0.3837204371839894,-1.3756022523264009,-0.5058698724243912,-0.008586972858813269,2.53837088203574,56.580,72.453
1766334490.586579,328,102;103;104;105;200;201;202,69.421;67.477;70.611;47.757;70.103;72.956;81.237,0.43878357032166837,2.6776695466960683,1.4593063919515983,-0.24893895031808477,1.2321539249092852,0.12765053525346132,-1.3307668859561772,0.3923442596635381,-1.381443621177445,-0.5062795332614044,-0.010168620567591352,2.5415378041960888,56.642,72.043
1766334490.679390,329,102;103;104;105;200;201;202,68.708;67.632;69.352;47.578;69.427;72.976;81.817,0.4346372424523652,2.670618653408969,1.4560730500817711,-0.2495609815677708,1.2347417312459288,0.12427618875306491,-1.3239931556047146,0.39851660762151825,-1.3854499055757352,-0.5063748292112551,-0.011394266491365074,2.5442976488770013,56.699,71.767
1766334490.771575,330,102;103;104;105;200;201;202,68.636;66.839;70.043;47.024;69.845;73.979;82.624,0.4324598719374478,2.6654228308281676,1.454338331362825,-0.2504417622147785,1.2360803631608057,0.122347757850304,-1.3196272336808095,0.4031740387722437,-1.3877353135091153,-0.5058548440321817,-0.013159788782111076,2.5462888235128487,56.760,71.603
1766334490.873533,331,102;103;104;105;200;201;202,69.232;67.323;70.118;46.240;69.273;71.416;82.086,0.4298417834770567,2.662913482275609,1.4523988889701542,-0.25126216611696794,1.2379133652261831,0.11989433048355322,-1.3164280756516593,0.4052215696020817,-1.3900134532000692,-0.5059947645580513,-0.013184835301120329,2.548191280744917,56.762,71.458
1766334490.970182,332,102;103;104;105;200;201;202,69.213;67.998;70.051;48.154;70.172;73.070;82.856,0.4287897287292314,2.660737791943491,1.451351290049779,-0.2526495625658911,1.2389581982775415,0.11848301795848377,-1.3143200135846917,0.4071266106394709,-1.3910823151864633,-0.5054900884152328,-0.014523197137811056,2.5499685905953293,56.779,71.374
1766334491.070348,333,102;103;104;105;200;201;202,69.183;67.085;70.256;46.774;70.184;75.253;80.869,0.4286193402353254,2.6575430494099437,1.4512592131641266,-0.25332924135227103,1.2394869582080696,0.11824224976475395,-1.3125647116556582,0.4101546676497249,-1.3915975803627771,-0.5048060228973144,-0.01626049217441028,2.5512742060476414,56.845,71.331
1766334491.170342,334,102;103;104;105;200;201;202,68.733;66.430;70.020;48.499;69.685;73.714;80.862,0.4269310579652881,2.6545021687706023,1.449440726284758,-0.25368881473131066,1.2409135768507078,0.11692902138516066,-1.3093010375263443,0.4127644184475852,-1.3932591326038948,-0.5053334321240835,-0.017195064233942625,2.552630385063085,56.860,71.198
1766334491.269573,335,102;103;104;105;200;201;202,68.950;66.868;69.581;47.139;68.688;74.019;81.622,0.4260671876254144,2.6523918747049167,1.4484203394223347,-0.2535013246505906,1.2419305663143083,0.11620009475380046,-1.307269165803636,0.41461722356848274,-1.394178486766901,-0.5057168644174629,-0.017556198828361652,2.5534791151458656,56.877,71.120
1766334491.368321,336,102;103;104;105;200;201;202,68.215;67.090;70.257;48.508;69.543;74.077;81.644,0.4246806011877622,2.6496995607755367,1.4471825230489461,-0.2538295273651358,1.2431582431998036,0.11530755292639022,-1.3046896549135443,0.41697272713318684,-1.3955531204522758,-0.5061358584083565,-0.018347361987506722,2.5546943086938203,56.903,71.019
1766334491.502183,337,102;103;104;105;200;201;202,68.894;67.703;70.025;47.746;70.124;72.378;82.575,0.42397326980920297,2.6502595549266506,1.4467785737097543,-0.2546503826848386,1.2439938204951624,0.114439274062748,-1.3045633061755546,0.4163561336861433,-1.396014323918493,-0.5062117080505772,-0.01804251770904569,2.5556540051167707,56.881,70.999
1766334491.602794,338,102;103;104;105;200;201;202,68.487;67.499;69.273;47.985;69.390;73.273;80.668,0.42421495643102486,2.6497720165253345,1.4469340125723724,-0.2547556294884699,1.244362516526705,0.11437651190581472,-1.304466266669571,0.41685131428785244,-1.3958914287367432,-0.5060196312655283,-0.018251508393231114,2.5562157363866898,56.895,71.003
1766334491.699179,339,102;103;104;105;200;201;202,68.799;66.864;69.775;47.577;68.692;74.148;82.438,0.42378343693534937,2.6484156025001666,1.4465191545040132,-0.2545302288374961,1.2447141931868575,0.11417159198702664,-1.3033690946430112,0.41807511212479936,-1.396381841915811,-0.5061850251474472,-0.01851663133542719,2.5564750295940204,56.914,70.965
1766334491.797802,340,102;103;104;105;200;201;202,69.013;66.774;70.031;47.623;69.795;72.806;80.388,0.4237382892327542,2.6487585287141875,1.4465530118080088,-0.2553117172033438,1.2447374080095306,0.11400161720547046,-1.3035691005645462,0.4177496531571691,-1.3963723939405654,-0.505934735645412,-0.01890555666438129,2.556845693800061,56.907,70.970
1766334491.895707,341,102;103;104;105;200;201;202,68.502;67.642;69.725;48.097;69.513;73.092;80.988,0.42368520221141465,2.6486825821900912,1.446711027496412,-0.25653197598551125,1.2451446256153542,0.11367555220014272,-1.3036500093853192,0.4178375301932324,-1.396413674690759,-0.5054652386835372,-0.019598050112112547,2.5578877553928487,56.914,70.974
1766334492.000355,342,102;103;104;105;200;201;202,68.275;66.275;70.278;45.852;69.275;73.710;81.018,0.4237014413588786,2.648320679618247,1.4467299354258663,-0.2562438794658778,1.2451187785807645,0.11383064761085225,-1.3034788951066627,0.4181856811873226,-1.3964442456416009,-0.5055595730811884,-0.019587043060744047,2.557754570140908,56.922,70.971
1766334492.094608,343,102;103;104;105;200;201;202,68.546;67.117;69.272;46.473;69.004;73.920;82.294,0.42311712150939046,2.647744252059899,1.446453439857173,-0.2563998380586701,1.2452438029325599,0.11375241138596594,-1.3028793647641277,0.4186736085298706,-1.3969468880678106,-0.5057744004164333,-0.01977042607385235,2.557823645659686,56.929,70.945
1766334492.193578,344,102;103;104;105;200;201;202,69.559;66.567;69.696;48.208;69.485;72.528;82.338,0.423417263381119,2.648210690239871,1.4466090156602291,-0.257036561002757,1.2454269736887698,0.11352326501205784,-1.3032869868859547,0.41826209080000976,-1.3966679073480484,-0.5054083851256947,-0.020016691232599998,2.5583829784406826,56.922,70.961
1766334492.294638,345,102;103;104;105;200;201;202,68.931;67.083;69.591;45.664;69.485;72.833;81.366,0.4242730600986185,2.650091232535123,1.4472224164648628,-0.25734570885550956,1.2450061870013176,0.11379730095310442,-1.3048725094347267,0.41658293939012137,-1.3957998731540775,-0.5050826308515614,-0.019734806901640617,2.5581606723764576,56.897,71.019
1766334492.392291,346,102;103;104;105;200;201;202,68.621;67.065;70.135;46.872;70.024;73.407;81.601,0.42370027641861974,2.6494982196997343,1.4467762911097366,-0.2572693793669113,1.245381017536513,0.11350594267059474,-1.3041293659243887,0.4170679354944097,-1.396302969877187,-0.5053833311770347,-0.01967578408546794,2.558359920996005,56.898,70.986
1766334492.491384,347,102;103;104;105;200;201;202,68.675;67.291;70.493;46.465;69.139;71.780;81.582,0.423012260941567,2.6496195503559545,1.4464945794180775,-0.2571971030295328,1.2455029241387552,0.11312454811593689,-1.3038756854534286,0.4168844514951992,-1.3967977415303945,-0.5055804354760024,-0.01916345478829473,2.558274901140767,56.889,70.967
1766334492.594625,348,102;103;104;105;200;201;202,67.971;67.406;69.577;49.157;68.708;73.067;82.311,0.4214754964414691,2.647880038584304,1.445416172118597,-0.25656542433089613,1.2461508272338522,0.11234812913817091,-1.301899280351403,0.4183396200629215,-1.398160415373152,-0.5062212087702911,-0.018746092103685774,2.5583743425634786,56.900,70.881
1766334492.687681,349,102;103;104;105;200;201;202,69.801;67.254;69.732;48.515;69.499;73.916;81.713,0.42148456105930104,2.6475777575524804,1.4455556362679038,-0.25658704933664417,1.2461084435182508,0.11242936342759816,-1.3018553833055186,0.4186445009471535,-1.398184406694873,-0.5061131393155923,-0.018868135291829485,2.5584136195890883,56.910,70.884
1766334492.785484,350,102;103;104;105;200;201;202,68.413;67.061;69.602;47.089;69.254;73.840;81.602,0.42154300883772194,2.647768745680572,1.4457456953934453,-0.256918548194617,1.2463148608989276,0.11254931245550784,-1.3021158410120537,0.418487334480693,-1.3981119041173862,-0.506136745728544,-0.01896028854033277,2.55873089854671,56.912,70.894
1766334492.885444,351,102;103;104;105;200;201;202,68.810;67.402;70.500;47.497;69.777;73.985;82.288,0.42153361804923833,2.6476297318075184,1.4458046716193578,-0.25724001295888416,1.2466562498335696,0.11247029516866965,-1.3020897319240863,0.418626241104777,-1.3981329574082006,-0.5060913034375145,-0.019119526587130675,2.5592228329094278,56.917,70.895
1766334492.985182,352,102;103;104;105;200;201;202,68.000;67.328;70.051;48.626;69.303;73.778;81.549,0.42156477162236633,2.6475668358774915,1.4456655476537246,-0.2570248905484011,1.2468457115425715,0.11233517559963516,-1.3019488066007807,0.41867177761764,-1.3981233129212833,-0.5061754849427595,-0.018955155266792673,2.5593068904773846,56.914,70.889
1766334493.085032,353,102;103;104;105;200;201;202,69.657;66.594;70.910;46.300;70.411;74.367;81.143,0.4232593690452634,2.648732105505692,1.4469028485165383,-0.2575962951441405,1.2459649039326275,0.11325652366444619,-1.303774862885575,0.41779048117661927,-1.3967086206553616,-0.5052872692990367,-0.019704899689114153,2.559120970092824,56.920,70.976
1766334493.183195,354,102;103;104;105;200;201;202,68.729;66.963;69.737;48.632;69.722;73.619;81.629,0.42319547201089514,2.6484808218440374,1.4468913464608029,-0.2573754607033117,1.2461790137494488,0.11309310970868117,-1.3036263777077308,0.4180255334189925,-1.3967852885056988,-0.5052770025086203,-0.019470766874442935,2.5592729747398177,56.926,70.972
1766334493.295705,355,102;103;104;105;200;201;202,68.836;67.078;69.958;45.703;69.933;74.221;81.164,0.4238211790871559,2.6491081672223786,1.4474123142101705,-0.25797809602369337,1.245481158831105,0.11358693653637834,-1.3044547818773473,0.41751913834476806,-1.3962368610814213,-0.5048162964200522,-0.020130262299499546,2.5590090608763614,56.926,71.009
1766334493.381240,356,102;103;104;105;200;201;202,69.251;66.736;69.309;47.117;69.446;72.988;80.534,0.4238181849675133,2.6491244779559615,1.4474755684467921,-0.2578192104334776,1.2456602678896063,0.11346436285450859,-1.3045138808943653,0.41751068187072243,-1.3962345856388911,-0.504798553661667,-0.019838630033522625,2.559138079873004,56.927,71.012
1766334493.479000,357,102;103;104;105;200;201;202,68.636;67.228;70.529;47.069;68.415;74.070;81.580,0.42284534272674,2.6475763602921325,1.446608363665829,-0.25720699459826585,1.2463289165999576,0.11307124058788161,-1.30288135519296,0.41883759165116374,-1.3971576459841424,-0.5054777913853141,-0.019677212145957884,2.5593112199724626,56.938,70.946
1766334493.579781,358,102;103;104;105;200;201;202,68.002;66.921;70.250;49.213;69.617;72.449;81.252,0.4221044474622426,2.647677325560231,1.4462390910606955,-0.25769868317448413,1.2463549509535061,0.11269000060734986,-1.302539402354246,0.4186605329698901,-1.397696801085388,-0.5055667112981628,-0.019714492113519222,2.5593703205302214,56.927,70.921
1766334493.677408,359,102;103;104;105;200;201;202,69.237;67.084;70.681;47.570;70.271;72.610;82.335,0.42219361254725996,2.6483288222799257,1.4464869455271763,-0.2582499847950402,1.2463629921361223,0.11259431844741359,-1.3030903617348373,0.4180723245843994,-1.3975448916004045,-0.5053123559192633,-0.01973530431459969,2.559640778504394,56.920,70.940
1766334493.781085,360,102;103;104;105;200;201;202,68.596;66.819;70.291;47.022;70.067;73.398;80.888,0.4227164582511715,2.648681895477556,1.447094758542724,-0.2588722221836719,1.2456599069348946,0.11315227935390457,-1.3038326201749448,0.41783246684592024,-1.3971002194889712,-0.5048255604092958,-0.020455335015195336,2.5594032549046957,56.929,70.976
1766334493.877297,361,102;103;104;105;200;201;202,68.964;67.658;71.189;46.523;69.996;73.220;80.761,0.42197689624901147,2.6489515436626014,1.4464547386585158,-0.257974070365003,1.2461878438855427,0.11268309125776248,-1.303360553532957,0.41746346337072093,-1.3976287986350324,-0.5056010723890634,-0.01920096226996937,2.55917043708963,56.906,70.943
1766334493.975749,362,102;103;104;105;200;201;202,69.442;67.525;69.271;46.734;69.213;73.008;82.661,0.42156519359788425,2.6492233869122255,1.4461015959780648,-0.25749973064093085,1.2465734709324756,0.11226878625890653,-1.3031637859764267,0.41714215722939985,-1.3979083125039475,-0.5059626280391915,-0.018374785414873418,2.559158468862319,56.891,70.926
1766334494.075935,363,102;103;104;105;200;201;202,67.294;67.811;69.903;47.486;68.863;72.658;80.258,0.42149829827613494,2.6487026824610984,1.445935582520626,-0.2571894963066289,1.2466663092982615,0.11211970011298687,-1.3027498651587577,0.41761617708979054,-1.3980254785686195,-0.5059677967488374,-0.01832916546694871,2.559167755160402,56.897,70.912
1766334494.173584,364,102;103;104;105;200;201;202,68.314;66.222;70.152;47.790;68.684;72.304;81.287,0.4211383735683666,2.6486366939818513,1.4456710573246614,-0.2572435004447853,1.246724075537938,0.11184497300221531,-1.3024552456045932,0.417629874460088,-1.3983043731511093,-0.5060268980168289,-0.01824527046529148,2.5591751871393154,56.892,70.895
1766334494.271498,365,102;103;104;105;200;201;202,69.394;68.102;70.480;47.823;69.865;74.061;79.968,0.4221433296877178,2.649163992254829,1.4467506554755167,-0.2573727132784413,1.2461414830432467,0.11256148679295329,-1.303731528373998,0.4173034924121316,-1.397471256982528,-0.5054201081161692,-0.018455711619178833,2.558984432992384,56.910,70.959
1766334494.371570,366,102;103;104;105;200;201;202,68.085;67.424;69.150;47.096;69.278;72.747;80.773,0.4226411156772541,2.648996785124083,1.4466535712674489,-0.2568633342236717,1.245778057537863,0.11281756925725506,-1.3036310595061942,0.41747754004555115,-1.397134586499922,-0.505431979281054,-0.01865020820865268,2.558500296225197,56.909,70.961
1766334494.472375,367,102;103;104;105;200;201;202,67.529;67.766;69.674;48.967;69.090;72.848;80.693,0.42246261178430355,2.648635649609354,1.4467410742633426,-0.2570949437837689,1.24566184893776,0.11287575442997601,-1.3034902184622494,0.41782282482245575,-1.3973034984026689,-0.5053080501714708,-0.018923102157452992,2.5585285765242958,56.920,70.957
1766334494.568745,368,102;103;104;105;200;201;202,67.560;67.233;69.951;48.052;69.367;73.685;81.479,0.4217051351689469,2.647695248797364,1.446183884142858,-0.2571230354636735,1.2460299817493112,0.11269024543460765,-1.3024521095544295,0.4186164026854957,-1.3979860777004673,-0.505733232351861,-0.01912857790247241,2.558715760227498,56.926,70.913
1766334494.667969,369,102;103;104;105;200;201;202,68.179;66.567;69.983;47.718;69.064;73.929;80.277,0.422447578006373,2.6472889485096873,1.446448471488204,-0.2571635541227826,1.245918099933613,0.11300638259681689,-1.30255072600628,0.4190728005973606,-1.3974862292384984,-0.5054234091478464,-0.01975747073661782,2.558873206834926,56.941,70.930
1766334494.768326,370,102;103;104;105;200;201;202,68.824;67.634;69.966;48.174;69.074;72.379;82.153,0.42219875227346554,2.6479871120883454,1.4462886656348677,-0.25728529268081113,1.246006190490336,0.11269694466518257,-1.3027530993482548,0.41837566207182914,-1.397589665623186,-0.5055076051620819,-0.01934810688744179,2.558876796468616,56.921,70.928
1766334494.865069,371,102;103;104;105;200;201;202,68.901;67.406;70.027;48.609;69.721;74.292;81.139,0.42180781747978824,2.6470892518048057,1.445717153443874,-0.2571993780925161,1.2466824734386552,0.11231607911859115,-1.3017732476023425,0.41914582316123145,-1.398002038484207,-0.5058213984121079,-0.019471752961235156,2.559415956492727,56.925,70.889
1766334494.966041,372,102;103;104;105;200;201;202,68.345;66.370;70.110;46.470;68.657;73.675;81.830,0.42165864905423656,2.645792234655827,1.4450720884492978,-0.25642387064422106,1.2468661517435888,0.11220538473243392,-1.3005573032593334,0.42030044229746905,-1.3982891303198763,-0.506170107437659,-0.01963233107825746,2.559255840348413,56.934,70.846
1766334495.060411,373,102;103;104;105;200;201;202,68.430;66.315;69.695;46.175;69.729;72.489;81.475,0.4220083203455611,2.6469234736971456,1.4456003053336632,-0.2565915674908964,1.2463197468265004,0.11257185178187643,-1.3016187805037003,0.4193008008128333,-1.397881029149749,-0.505976418200142,-0.019428471276498133,2.558803996644782,56.924,70.885
1766334495.160057,374,102;103;104;105;200;201;202,68.513;66.840;69.643;47.288;68.053;74.407;82.204,0.4218170046190559,2.6459165237988342,1.4454334174390397,-0.25603830237182545,1.2460826840183281,0.1128462646129891,-1.300934313964936,0.42023194319557416,-1.3981456162303971,-0.5061887424736111,-0.019606085693294084,2.558340135760662,56.942,70.865
1766334495.267479,375,102;103;104;105;200;201;202,67.686;67.008;69.849;46.545;69.267;74.374;81.179,0.42240347066560746,2.646274749024836,1.4457380027088476,-0.2556831826198467,1.2454838697086597,0.11356896399282,-1.3014433999112787,0.4199558048843983,-1.3976663232995639,-0.5062852528152261,-0.019745694158687738,2.5576222214756417,56.941,70.889
1766334495.357298,376,102;103;104;105;200;201;202,68.171;67.105;69.753;47.359;69.595;73.175;80.960,0.4219184719098057,2.646908242961962,1.4459616668893092,-0.2558704079440132,1.2453786008508159,0.11359081432816842,-1.3018905984923541,0.4193524231025695,-1.3979338369813525,-0.5063837754768636,-0.019245852337266334,2.5574394537022505,56.936,70.899
1766334495.458381,377,102;103;104;105;200;201;202,68.366;66.978;70.465;48.967;69.923;74.759;80.851,0.42284314662315114,2.6472197878749197,1.4465159586350291,-0.2563720870046355,1.2449584579067967,0.11404821158604225,-1.302620791099329,0.41916691349760204,-1.3972052342999166,-0.5058511471376881,-0.020008770502494694,2.5575112915872116,56.943,70.938
1766334495.558810,378,102;103;104;105;200;201;202,67.898;68.032;69.775;45.292;69.039;72.623;80.499,0.42301255872238336,2.6478785321996496,1.4464501564312984,-0.2567143667366914,1.2453809874896666,0.1137208156764956,-1.3029330086874358,0.41853978874866954,-1.397006790391534,-0.50580576751606,-0.01986688079594065,2.5580400612858725,56.926,70.945
1766334495.654261,379,102;103;104;105;200;201;202,68.543;67.370;69.526;47.865;69.689;74.756;81.436,0.4236469755581907,2.646448685224646,1.4464749435236284,-0.2568872942961893,1.2452477440214575,0.11411852124777758,-1.3022910991380179,0.41993883612725413,-1.3967158951646872,-0.5054950065124328,-0.021215846714106146,2.558291800579961,56.956,70.939
1766334495.756405,380,102;103;104;105;200;201;202,69.174;66.621;69.883;47.698;69.168;73.924;81.448,0.4238327108685519,2.6471574436945904,1.4470081653154216,-0.25749793245789876,1.2450634445673183,0.11417914044144706,-1.3031146256564476,0.41933378233847796,-1.3964764242973746,-0.5050724834877429,-0.021258424932618064,2.5584718748215867,56.956,70.971
1766334495.856746,381,102;103;104;105;200;201;202,68.877;66.385;69.930;47.676;69.056;72.535;81.436,0.42293509778022537,2.647276836491772,1.4461847566238653,-0.2571098883719554,1.2457071483961073,0.11343014187146158,-1.3023953922577152,0.4190790631873839,-1.3971448080864897,-0.5056807460903855,-0.020390690217014673,2.5585943809281657,56.931,70.926
1766334495.955495,382,102;103;104;105;200;201;202,68.710;67.444;70.243;47.594;70.028;73.288;82.638,0.4230058342363277,2.648601679674469,1.4465318011238384,-0.258102584504149,1.2454972095936785,0.11341008090158845,-1.303374660245166,0.41785916191337635,-1.3969223665614925,-0.5053730386937276,-0.02050403061489328,2.5587702775617904,56.913,70.956
1766334496.065887,383,102;103;104;105;200;201;202,69.229;67.106;70.104;47.113;68.922;74.299;80.274,0.4227959494676058,2.648021057930741,1.4462334873128506,-0.2576140740060413,1.2456633156006771,0.11334607776306928,-1.3028042440836105,0.41836774976763264,-1.3971552235893112,-0.5056477289453287,-0.020349814974228025,2.558667260925624,56.917,70.935
1766334496.156818,384,102;103;104;105;200;201;202,68.578;67.575;70.342;48.013;69.317;72.573;82.871,0.42235895212760044,2.6484144321551826,1.4459670292714026,-0.2578684226670029,1.2459150726595192,0.11290350955057708,-1.302737285007827,0.41793932031135816,-1.3974353261081915,-0.5057330886014234,-0.020054260029389176,2.5588835043580143,56.902,70.922
1766334496.261410,385,102;103;104;105;200;201;202,68.207;67.164;70.131;48.501;70.092;72.376;81.227,0.4221507628241816,2.6484046776826253,1.4458036529555653,-0.2577565155976295,1.2461256586289449,0.11259642782538153,-1.30257329404546,0.41791901307417484,-1.3975936653155079,-0.5057695914619396,-0.01976055263813012,2.559009833930176,56.898,70.913
1766334496.351705,386,102;103;104;105;200;201;202,69.147;67.061;69.527;48.746;68.787;72.977;80.789,0.4210129688008803,2.6471617237012053,1.444998325752376,-0.25721555867190804,1.2465284524631877,0.11209080127529591,-1.301127448238803,0.4189523069593916,-1.3985972610381392,-0.5062988780358175,-0.019424745824814293,2.558954107869577,56.904,70.850
1766334496.452025,387,102;103;104;105;200;201;202,69.188;66.907;70.204;49.763;70.014;72.837;81.343,0.42004366772194796,2.646281296712833,1.444223548179303,-0.25724069475631833,1.2472612558126912,0.1112557571768864,-1.2999167879229514,0.41965155103347057,-1.3994342787521556,-0.5065653502476941,-0.019243378747728634,2.5595296422958134,56.903,70.795
1766334496.548018,388,102;103;104;105;200;201;202,67.531;67.194;70.526;47.659;69.330;73.649;81.798,0.42032993363912685,2.6463019306390314,1.4446206875031715,-0.25768522843792996,1.2475036041838774,0.11143992666891553,-1.3002853212471117,0.4196929389300536,-1.3992090248026934,-0.5063885852721546,-0.019521749000947913,2.560051491408165,56.914,70.815
1766334496.647605,389,102;103;104;105;200;201;202,67.851;67.580;70.117;48.895;69.207;72.508;81.893,0.42001177690173574,2.646308553006063,1.444300080373731,-0.2577679299219612,1.2478344266477317,0.11106296756890621,-1.2999885869459575,0.419632779225762,-1.3994511887609207,-0.5065164107183415,-0.019360842310725823,2.560315104145263,56.905,70.797
1766334496.762941,390,102;103;104;105;200;201;202,68.844;67.203;70.216;45.728;68.935;73.924;82.735,0.41997717237987037,2.6469504237746087,1.444644033863954,-0.2572015816911816,1.247646406905173,0.11140542908489777,-1.3005963303912782,0.41905871563586283,-1.3993865829453578,-0.5067889925288286,-0.018535867201470296,2.559764763262538,56.902,70.818
1766334496.844355,391,102;103;104;105;200;201;202,68.385;66.185;70.268;49.274;70.441;73.762;82.720,0.4204040981361759,2.646595136844573,1.4447991231678223,-0.25766014946460175,1.2474409930214623,0.11154101040317564,-1.3005918617971357,0.4194378653312994,-1.3991135187574393,-0.5063766130139822,-0.019352186316735576,2.5599735556284324,56.913,70.826
1766334496.951460,392,102;103;104;105;200;201;202,69.312;66.869;70.316;46.717;69.630;73.622;81.693,0.4218435091639558,2.648135938170253,1.445943639722991,-0.25794699500735363,1.2466952972555179,0.11226009671255323,-1.3025060452734996,0.41817555393186767,-1.3978427539321605,-0.5056733314564574,-0.019476091942769086,2.559680372415469,56.909,70.911
1766334497.052061,393,102;103;104;105;200;201;202,67.285;66.973;69.886;47.601;69.748;72.854;80.973,0.42206237254493034,2.6487680832387146,1.4461101804805063,-0.25821749150181234,1.2463055260218334,0.11246630564667395,-1.3029982872888313,0.4176031890288173,-1.397602331028055,-0.5055552352814833,-0.019635080837629604,2.559410228691787,56.899,70.928
1766334497.143470,394,102;103;104;105;200;201;202,68.218;67.317;69.480;47.492;69.967;74.008;81.593,0.42221226235938497,2.648308228947511,1.4462621311416883,-0.2582881747957401,1.2460493790588856,0.11272491419927667,-1.3029007706278475,0.418067037824444,-1.397542661380213,-0.5053951705363301,-0.020081536814203604,2.559303713515889,56.913,70.931
1766334497.240765,395,102;103;104;105;200;201;202,68.303;67.659;70.587;47.306;69.773;74.016;82.419,0.4220633193436146,2.647873223936409,1.4459447657257098,-0.25815502750586966,1.2461377236893805,0.11272324180011249,-1.3023987362926992,0.41843762615699365,-1.39771479242561,-0.5056234017964506,-0.02026010517755117,2.559264668255092,56.914,70.911
1766334497.340134,396,102;103;104;105;200;201;202,68.640;67.773;70.281;45.767;69.282;72.221;81.806,0.4214039360586441,2.6488219440391214,1.4457227157406438,-0.25773408264070297,1.2466212956650922,0.1122355262691925,-1.3026280705451303,0.41747297179310877,-1.3980879097528647,-0.5061078013832441,-0.018884922800484594,2.559239160542272,56.889,70.903
1766334497.450455,397,102;103;104;105;200;201;202,68.757;67.983;70.586;46.294;69.333;74.277;81.857,0.42157495691921576,2.6476400560585254,1.4454265988458235,-0.25669720697659243,1.246319605482335,0.11258411130796626,-1.3017955810468889,0.41857486384151177,-1.3981165418875678,-0.5063772556439784,-0.019062147812205832,2.5585663034724293,56.905,70.880
1766334497.537656,398,102;103;104;105;200;201;202,68.193;67.392;69.478;47.189;68.728;73.995;81.964,0.4224980231455078,2.647844413720443,1.445989005586937,-0.2568483374269228,1.2458202408810422,0.11306081635348883,-1.3024761512934133,0.4184926692210397,-1.397401613653794,-0.5058783967034988,-0.019600015215883726,2.5584263198352817,56.914,70.919
1766334497.636428,399,102;103;104;105;200;201;202,69.481;67.097;69.750;46.843;70.100;72.181;80.434,0.4225090807198528,2.6487772606215443,1.4463593268141273,-0.25740492722895036,1.2459767441419203,0.11284481631506804,-1.3032622313086795,0.4176462367290227,-1.397267958945877,-0.505602277528715,-0.01927919163230518,2.5588263452690096,56.905,70.944
1766334497.745760,400,102;103;104;105;200;201;202,68.672;67.368;70.317;47.209;70.233;74.217;80.997,0.4227780091363414,2.6486889636964417,1.4463956388573327,-0.25690806413575795,1.2457852171051491,0.11310018727019755,-1.3032806035536157,0.41774850748768977,-1.3970823051391463,-0.5057089122682306,-0.0191830733335889,2.5584528549063483,56.907,70.949
1766334497.834885,401,102;103;104;105;200;201;202,69.140;66.618;70.162;48.504;69.840;73.115;81.753,0.4222009547507714,2.648260707004022,1.4460349998500537,-0.2569371410065514,1.2462465832355853,0.11261034102800839,-1.3026913751730924,0.4180855988243434,-1.3975654156580075,-0.5058398706041971,-0.01897346186980048,2.5588311072644934,56.908,70.921
1766334497.935674,402,102;103;104;105;200;201;202,69.246;66.521;69.973;47.840;69.402;73.864;80.967,0.4213167816089644,2.6476161973802426,1.4454692273530014,-0.25709664207740773,1.2468604952053346,0.1121663456724314,-1.3017838336732974,0.41858914036088557,-1.3983047383395073,-0.5062425901800585,-0.018907984259524335,2.5592805260939304,56.908,70.878
1766334498.036639,403,102;103;104;105;200;201;202,67.728;67.094;70.290;48.703;68.765;72.257;80.936,0.42033200203958054,2.647015287818963,1.445130982795579,-0.2571535814953953,1.2472868092071756,0.11168857740854854,-1.3010692586713046,0.4190718315367294,-1.3991028702300992,-0.5064595139484513,-0.018579600188077916,2.5595666743520322,56.914,70.844
1766334498.136141,404,102;103;104;105;200;201;202,68.237;66.255;70.332;48.095;69.671;73.291;83.518,0.42196142193871977,2.6476641877175213,1.4460994036414543,-0.25785765833831586,1.2463919670742543,0.11252080066527628,-1.3024012275318697,0.41864955768306117,-1.3978074377774978,-0.5055373204904948,-0.01978624798055148,2.559455712907755,56.924,70.913
1766334498.239357,405,102;103;104;105;200;201;202,68.863;66.870;70.299;47.971;69.344;74.451;81.204,0.42217096323558345,2.647540648247421,1.446329746360494,-0.2577415483576799,1.2464146577566761,0.11271781501086597,-1.3025499889128906,0.4188047780564411,-1.3976613318624493,-0.5054996158165392,-0.019786797074505286,2.559495138604454,56.933,70.924
1766334498.338725,406,102;103;104;105;200;201;202,68.595;67.262;69.675;47.753;69.517;72.764;81.888,0.422491291262108,2.648048427765577,1.4465446418941308,-0.258396878065219,1.24644984825366,0.11251093729689668,-1.3030296571121696,0.41836177474783137,-1.3973604323918085,-0.5050442680468151,-0.020058190166189982,2.5599477600415828,56.927,70.943
1766334498.428912,407,102;103;104;105;200;201;202,68.929;66.856;70.200;45.885;68.754;73.661;82.338,0.4218400278121125,2.647529070394518,1.445640499530787,-0.25699163364492467,1.2466699681800184,0.11231524947440354,-1.3019448488602459,0.41871917035052447,-1.3979293899777536,-0.5059915616454344,-0.019158638502797143,2.559224804306856,56.913,70.892
1766334498.529736,408,102;103;104;105;200;201;202,69.327;67.110;69.679;45.700;69.256;74.034;82.624,0.42241552784257685,2.6487858073629087,1.4461077395760336,-0.2565735583994202,1.2462772556620776,0.1127300228162066,-1.3030516246339066,0.4176042762455368,-1.3973445613310143,-0.5060299460886537,-0.01852889723292736,2.5586387246711086,56.898,70.933
1766334498.627880,409,102;103;104;105;200;201;202,67.976;67.313;70.708;49.178;70.139;72.180;81.614,0.42169047942825727,2.64789115161566,1.445674435683304,-0.2580550909098005,1.2468711372092582,0.11201783608361444,-1.3021414077100315,0.41837001328519874,-1.397993288264163,-0.5056926612367775,-0.019615362256510338,2.559882702524124,56.906,70.895
1766334498.729006,410,102;103;104;105;200;201;202,67.761;66.365;69.884;46.106;69.210;73.360;81.939,0.42262665445343,2.6489642874017423,1.4461385895902572,-0.2580957703968241,1.2460397395992557,0.1126763904889725,-1.303197035241426,0.41744851880629885,-1.397169167726406,-0.5054572755520554,-0.01990090046088583,2.5591890316580805,56.894,70.939
1766334498.829586,411,102;103;104;105;200;201;202,67.816;67.007;70.114;45.936;68.713;73.332;81.118,0.42222422475131155,2.649236349013514,1.4461772154360242,-0.25764675852185054,1.2457570043479,0.11285984235774899,-1.3033174240934624,0.4171726885923644,-1.397426588218192,-0.5057676207646544,-0.019306639471154158,2.5585488916456374,56.891,70.938
1766334498.929213,412,102;103;104;105;200;201;202,68.688;67.619;70.020;47.731;69.782;72.825;82.278,0.42248476313828615,2.6498770572634616,1.44610133260078,-0.25719475246996537,1.2454398794196364,0.11285362235598098,-1.3036240358856512,0.416566378030607,-1.3971643491861538,-0.5058073359691402,-0.018909621132289722,2.558021994429969,56.873,70.946
1766334499.025584,413,102;103;104;200;201;202,68.120;66.391;70.194;70.177;74.434;81.702,0.4590918625835931,2.714212691143983,1.4764668057072192,-0.24765670285692545,1.2216109507438482,0.14438005470878287,-1.3658266385060185,0.3601855569154438,-1.3613453991228464,-0.5063513125449026,-0.0037789313951983594,2.530622130046856,56.423,73.501
1766334499.133169,414,102;103;104;105;200;201;202,68.865;66.790;70.313;48.277;69.140;72.802;81.649,0.45111429000841696,2.698402848968485,1.4696588523945975,-0.24839956621346979,1.2256377881098903,0.13737919913467325,-1.3512979169456383,0.3742299839426059,-1.3694674045513429,-0.505535986957172,-0.006920434933756409,2.5352808696647022,56.523,72.901
1766334499.242642,415,102;103;104;105;200;201;202,69.304;67.785;70.004;48.492;69.616;71.756;81.160,0.44318317812378805,2.6863596621698247,1.4633306759493496,-0.24899245266573822,1.2300801527289162,0.1308671331762997,-1.339036779409386,0.3846940055139743,-1.3770008254049806,-0.505921409103024,-0.008211103625339278,2.5395592374728455,56.581,72.378
1766334499.323151,416,102;103;104;105;200;201;202,67.481;67.590;69.829;46.577;69.430;73.761;82.398,0.4400793717513267,2.6784448634912157,1.4598235763787843,-0.25011690560602806,1.231613076957722,0.12770192241634726,-1.331748787259634,0.39172263235556404,-1.3803913980683615,-0.5051584247583888,-0.01137127163904289,2.5419799566767693,56.639,72.092
1766334499.424820,417,102;103;104;105;200;201;202,67.507;67.108;69.682;46.448;69.778;73.751;82.621,0.4364841309608278,2.671337994392847,1.456472117529918,-0.25104669292638426,1.2338148725000995,0.12472845520676168,-1.3249247375631021,0.3979644531211987,-1.384012975835715,-0.505199251622391,-0.013553923128217515,2.5445617614297027,56.691,71.818
1766334499.519021,418,102;103;104;105;200;201;202,69.208;67.401;70.336;46.926;69.630;73.308;81.434,0.43337803626959737,2.6665667202260077,1.454055678055794,-0.25124300463501154,1.2359705399060346,0.12215199732326085,-1.3201123014649065,0.4020972602960726,-1.3869442135266827,-0.5055183329728324,-0.013946225288767544,2.546607314481207,56.725,71.619
1766334499.617151,419,102;103;104;105;200;201;202,68.528;67.942;69.965;46.581;69.296;74.472;81.756,0.43111612533369,2.661214796112104,1.4522362698531885,-0.2516706631895174,1.237744456306565,0.12043603352659234,-1.315581460864326,0.4068871401590682,-1.3893077643083591,-0.5055532039691065,-0.01537856845976529,2.5486561441284117,56.789,71.449
1766334499.717402,420,102;103;104;105;200;201;202,67.921;67.058;69.794;46.674;69.673;73.496;82.222,0.428858335032678,2.65800226431216,1.4504689298604327,-0.2522647499056755,1.2390400200147529,0.11902701855955927,-1.3121985619368082,0.4096397972723501,-1.3914014738655063,-0.5060125849051169,-0.016239604965078452,2.549936225785024,56.810,71.308
1766334499.849423,421,102;103;104;105;200;201;202,68.245;67.069;70.211;45.447;70.370;74.032;80.787,0.4280115331350551,2.6559988959222296,1.450019892700676,-0.25300799231020576,1.2397794235476107,0.11838069146168946,-1.3106860426666185,0.41145710337442687,-1.3922740331772356,-0.5057802233385477,-0.0171096711860384,2.5510964034187236,56.842,71.254
1766334499.947923,422,102;103;104;105;200;201;202,68.669;67.180;69.895;46.785;69.719;72.847;82.919,0.4273961378821002,2.6549312931994336,1.4496860293811433,-0.2540430625206928,1.240750291905125,0.11740855692988691,-1.3097822266181307,0.4124064661597873,-1.3928612246104624,-0.5053539371515833,-0.017649437169149212,2.55261916940806,56.857,71.219
1766334500.047031,423,102;103;104;105;200;201;202,67.608;67.128;69.921;46.809;69.666;72.091;80.699,0.426829362478364,2.654769635016202,1.4493543886251865,-0.25561141420564204,1.2417022173383723,0.1163441066875678,-1.309357334506748,0.4124943955912762,-1.3933039404457268,-0.5048857138634798,-0.018223812759328106,2.5542613497721733,56.852,71.196
1766334500.146551,424,102;103;104;105;200;201;202,68.294;67.424;69.865;49.043;68.994;73.595;82.048,0.42486583257737176,2.652211896433859,1.4479300844533802,-0.2561576929680008,1.2428239812574287,0.11523895656794127,-1.306623913637875,0.41467174260815004,-1.3950889115798213,-0.5053760670544705,-0.01888861309693815,2.5553315025444814,56.870,71.081
1766334500.243929,425,102;103;104;105;200;201;202,67.583;66.913;70.271;49.462;69.395;73.656;81.187,0.4232923811420509,2.6497204541437873,1.4466718017652318,-0.2559967901747244,1.243834570637997,0.11429495482187184,-1.3041076454813507,0.4168230185954945,-1.3965758939389326,-0.5058945007508542,-0.019129970231120286,2.5560684139235796,56.891,70.979
1766334500.343303,426,102;103;104;105;200;201;202,68.135;66.512;70.160;47.087;69.989;74.261;81.614,0.42336373887144835,2.6483291396574793,1.4462795590988862,-0.2557059174535861,1.2441776918899876,0.11431645073042787,-1.3030760452959458,0.4181084541018986,-1.3967055039902656,-0.5060618767627545,-0.019712453554228154,2.556359776863738,56.910,70.948
1766334500.444111,427,102;103;104;105;200;201;202,67.612;68.335;69.799;46.580;68.994;72.650;82.063,0.42232261202767707,2.6479168201722274,1.4454143197384082,-0.255566540190709,1.2451682589204074,0.11350195019521472,-1.302027544077157,0.41834821539295025,-1.3975425017110872,-0.5066820258809837,-0.01911593184914276,2.556944036070586,56.896,70.894
1766334500.541931,428,102;103;104;105;200;201;202,68.667;66.794;70.040;46.358;70.281;73.067;81.920,0.42390867457844683,2.648888266598228,1.4466278384656035,-0.2572692984883785,1.2448215159919478,0.1139153031889136,-1.30371925094984,0.4176432643535306,-1.3962306111047333,-0.5053579348106731,-0.020509420611737578,2.557880547907418,56.906,70.976
1766334500.642250,429,102;103;104;105;200;201;202,68.663;66.287;70.514;49.899;69.918;74.383;82.848,0.42331344793324915,2.647383006623512,1.4461230648503052,-0.25731049085975033,1.2452670597855935,0.11366219822653371,-1.3024503975545076,0.41899013860064355,-1.3968605167448334,-0.5055488198561466,-0.0209927916807921,2.558310401853668,56.926,70.930
1766334500.741400,430,102;103;104;105;200;201;202,68.229;67.235;70.666;49.657;70.031;73.173;81.033,0.42244230605152144,2.6470029121006124,1.445751005349038,-0.25787614127315256,1.245635471560716,0.11323659164618606,-1.3018384303764923,0.4192648644168835,-1.3975512937891077,-0.5056900713984467,-0.021122346081352522,2.5587466421659486,56.926,70.899
1766334500.840001,431,102;103;104;105;200;201;202,69.363;66.378;69.481;47.051;69.905;73.077;80.771,0.42178377870903133,2.6474729379474113,1.446053534379102,-0.25809030139225697,1.2461203723437944,0.1130198280341578,-1.302241389258481,0.41881747516408063,-1.3979606778611207,-0.505834452994434,-0.020293798553665865,2.5591469260856217,56.927,70.907
1766334500.938099,432,102;103;104;105;200;201;202,68.231;67.297;70.255;47.427;69.056;74.206;81.430,0.42261251247761045,2.647778618057297,1.4463778945830854,-0.2585079132493727,1.2457464498183015,0.11334520961357206,-1.3027704438462475,0.4186061537732018,-1.3973112841177597,-0.5054031855236324,-0.021010883282008813,2.5591757343697337,56.927,70.935
1766334501.037736,433,102;103;104;105;200;201;202,68.248;66.902;70.787;46.990;69.942;72.887;82.335,0.4228943988528306,2.6482956832046094,1.4468390843752699,-0.25930344592987126,1.2455971301248625,0.11342360825795682,-1.3034485107918643,0.41818061015387725,-1.397027449882022,-0.5049367176945254,-0.021394980284876713,2.5595019853701038,56.929,70.964
1766335760.290762,0,102;103;104;105;200;201;202,66.074;68.717;71.050;44.469;70.222;71.026;79.713,0.10004268049850162,-2.3643480983373926,-0.646472909739906,-0.9534617615804045,1.0810364172527807,-0.3850921313567876,-1.5385047317662068,-0.70715153212224,-1.4445928434284638,-0.49404406643753224,0.525639494273586,2.6360683067515707,49.520,86.059
1766335760.402041,1,102;103;104;200;201;202,41.025;52.217;52.403;44.028;46.843;46.308,-0.0029205634441372462,-2.440213437116347,-0.7906941742141373,-0.7484936099604994,1.1590338844652632,-0.32062256878437556,-1.538055700757152,-0.5117350580017465,-1.4303935250945337,-0.4846652783722394,0.45509469678067493,2.5848808683860733,48.416,82.847
1766335760.584608,2,102;103;104;105;200;201;202,66.037;66.800;70.793;47.028;70.785;72.039;80.325,-0.07725945064794085,-2.553598211057075,-0.9387110033371933,-0.5986560806120038,1.1981994796697104,-0.2775552709252289,-1.4868515413506076,-0.3020193938932168,-1.4509042490082047,-0.4678586055264629,0.37032594243959316,2.575412914979223,46.718,77.626
1766335760.744172,3,102;103;104;105;200;201;202,65.085;68.035;71.289;46.744;70.222;71.940;78.939,-0.14136204981350814,-2.6352134610131905,-1.0598094018935424,-0.49214783284022173,1.2184463815679965,-0.22700069666037762,-1.4427515567446523,-0.1393534594560616,-1.458551215231355,-0.4604289908795784,0.30053203861468214,2.5676194653307016,46.815,74.261
1766335760.841806,4,102;103;104;105;200;201;202,66.921;68.345;70.845;45.589;70.547;71.589;79.619,-0.1960518195901666,-2.690862786815929,-1.1567343832342025,-0.4180856530142838,1.2284767918161814,-0.177030530665058,-1.4087970976393924,-0.015610175895367192,-1.4578253584290348,-0.4583826664787266,0.24442145352234096,2.56127417024768,47.811,72.293
1766335760.972696,5,102;103;104;105;200;201;202,66.298;68.268;69.566;46.652;69.430;70.983;78.709,-0.2421698678889882,-2.7299380806553137,-1.2347510887453776,-0.36734480796589175,1.233438235068379,-0.1316396741257688,-1.3820422019430498,0.08031609319546217,-1.4534596727728029,-0.45927098486994694,0.19756539519601285,2.5573996145655835,49.087,71.140
1766335761.071543,6,102;103;104;105;200;201;202,66.391;67.205;69.762;46.040;71.690;72.040;80.739,-0.2815823951617777,-2.7548041619193584,-1.2964182513286786,-0.33296113563468216,1.2351782956604906,-0.09104546719740733,-1.3635256217510487,0.15323082892055162,-1.4460468484402749,-0.46121896015735886,0.15871011223788797,2.5546268958030818,50.390,70.616
1766335761.156933,7,102;103;104;200;201;202,66.196;67.783;70.615;71.030;72.029;78.903,-0.3314389698802157,-2.704863617955691,-1.3084966972699583,-0.30309440894385975,1.2159863603967749,-0.02560484164626061,-1.4086021990001019,0.15348607942447806,-1.4008252216545232,-0.4663491858403729,0.14213767128863466,2.522620477008398,51.716,73.304
1766335761.255784,8,102;103;104;105;200;201;202,66.114;67.943;69.947;44.648;70.660;70.738;79.908,-0.3543266506811505,-2.73273330272295,-1.3557756112786208,-0.2857189744533024,1.2185666799455293,-0.0027516977568028097,-1.3842973404236627,0.21140476901584657,-1.4030960105134036,-0.4693209457541553,0.11209777772912241,2.5264014602129277,52.539,72.460
1766335761.351765,9,102;103;104;105;200;201;202,67.466;67.537;69.351;46.731;70.520;70.797;79.957,-0.3726566299789933,-2.752771644139172,-1.3930653426240702,-0.27438772291346736,1.2217229008557593,0.016410794554814537,-1.3659413679190728,0.25590045349306234,-1.4039101065787847,-0.4728402739816115,0.0882513671412386,2.5306008636304265,53.299,71.925
1766335761.419995,10,102;103;104;105;200;201;202,66.799;68.030;69.842;44.832;71.688;71.695;79.665,-0.38883597995322905,-2.7663607585854217,-1.4227668856219102,-0.26788057613982674,1.2235700508394798,0.03373936481769766,-1.352806405138067,0.29049893375539426,-1.4027485770091483,-0.47557722905333083,0.06693947775952488,2.5342978714606215,53.981,71.637
1766335761.488878,11,102;103;104;105;200;201;202,65.869;68.563;71.046;45.242;71.307;70.632;80.335,0.3968787532571318,2.74972613399658,1.4319058545961492,-0.2631941246723918,1.2262793268656142,0.04743103369542007,-1.3412434207994355,0.3182348227144198,-1.4025197889488348,-0.4791681313806868,0.050232639396219386,2.537853916953038,54.541,71.384
1766335761.583361,12,102;103;104;105;200;201;202,66.844;68.316;70.457;46.461;70.003;71.935;80.772,0.40218617486531694,2.7280240062463204,1.4347361105211007,-0.259785086231093,1.22839147205153,0.059296790007517204,-1.3327700148320036,0.33958516900964414,-1.4018569531757268,-0.48267463120981974,0.036922380845963165,2.5403555564840734,55.006,71.235
1766335761.656552,13,102;103;104;105;200;201;202,66.178;70.241;69.136;46.722;69.970;71.290;81.167,0.40745167866137827,2.7121123829191958,1.4376195874484292,-0.25840470230667983,1.2300123662137632,0.06939055688582475,-1.327390435681756,0.3554065787734146,-1.4002493082521297,-0.48522947621376106,0.025570072692209844,2.5428532833206283,55.382,71.192
1766335761.754882,14,102;103;104;105;200;201;202,66.209;66.968;69.077;44.719;69.940;71.887;79.249,0.41216164468938465,2.6991185841321057,1.4403257073773632,-0.257755368467409,1.2314483561418859,0.07816168415330685,-1.323348454541835,0.36838135298267705,-1.3985561362704806,-0.4873594789327004,0.015791487119762804,2.5451942142924207,55.705,71.185
1766335761.856415,15,102;103;104;105;200;201;202,65.519;68.029;69.752;45.588;70.705;70.651;80.028,0.4143076532222736,2.689129077885928,1.4415301995971888,-0.25686146172119617,1.2335556391548235,0.08459015785533665,-1.3193683440133868,0.37816688243538116,-1.3983033649017078,-0.49037062333717574,0.009342797746729248,2.5470887313207102,55.935,71.130
1766335761.958456,16,102;103;104;105;200;201;202,66.013;67.686;69.907;45.728;69.317;71.987;79.940,0.4174836435731073,2.6822116411302535,1.4436038487190856,-0.25701486254877454,1.234470404927322,0.09072421968920248,-1.3178227644405163,0.3851765779934985,-1.3968429500576134,-0.4920843128482655,0.0032377967447242972,2.5485247892075247,56.130,71.168
1766335762.052136,17,102;103;104;105;200;201;202,66.621;69.375;68.872;44.788;71.105;72.377;79.778,0.42007635362156703,2.6766012524433798,1.4448954086330539,-0.25663247182110305,1.2351538440682643,0.0957886709263331,-1.3162649011564926,0.39081505025849317,-1.3956475765111327,-0.49387988046987386,-0.0015799127459930895,2.5492714676509225,56.277,71.185
1766335762.152166,18,102;103;104;105;200;201;202,66.363;68.308;69.741;46.188;70.013;71.363;80.854,0.42137938517839507,2.6713256217456536,1.445748581398017,-0.2569444183712942,1.2363368060608584,0.09948836309283611,-1.3143686225190612,0.396012852398128,-1.3953435868133919,-0.4953895266062502,-0.005659302296755736,2.5506807871256987,56.409,71.172
1766335762.254991,19,102;103;104;105;200;201;202,66.671;68.636;69.758;46.743;70.363;72.768;81.088,0.4235743295413696,2.6674609821732407,1.4469234640446804,-0.2572885670226955,1.2366321735382957,0.10319021962444686,-1.3135824203605624,0.39994769361169547,-1.3941979289169002,-0.49626233630498573,-0.009658984969041357,2.551439436467808,56.518,71.203
1766335762.351776,20,102;103;104;105;200;201;202,66.788;68.806;69.634;47.329;70.518;71.196;80.089,0.42470614004645574,2.6650943916896237,1.4479680238230814,-0.25796301979258957,1.237136789240283,0.10585368021249802,-1.3133361429764883,0.40238188110110373,-1.3936328953685253,-0.4970538258963473,-0.012243132695921644,2.5522854103258963,56.597,71.232
1766335762.452474,21,102;103;104;105;200;201;202,67.058;69.177;69.650;47.182;70.528;72.786;80.278,0.4255785302997148,2.662221903749653,1.4485164065475715,-0.2582703213625691,1.2376934932354238,0.10817435321859727,-1.3123957388657717,0.4052284389371352,-1.3933350978339745,-0.4979562488947315,-0.014760473330230506,2.5530013031919014,56.671,71.232
1766335762.550697,22,102;103;104;105;200;201;202,67.640;68.782;70.209;45.858;70.675;73.236;80.531,0.4277698302144492,2.6613069816364767,1.4501335566172957,-0.2589740949228851,1.237419040299855,0.11080072761385291,-1.3135042491987616,0.4063954428516978,-1.3917991963253822,-0.49792124601877913,-0.017131723344281785,2.553408877766402,56.733,71.318
1766335762.648319,23,102;103;104;105;200;201;202,65.795;68.761;68.246;45.299;71.122;72.266;81.303,0.4298529436351807,2.6604295266036315,1.451526494622944,-0.26057150484894437,1.2368800629343295,0.11318321850799429,-1.3144390065375986,0.40749364250217135,-1.3903448580249045,-0.49751821704514054,-0.020310002120968174,2.553999075240294,56.788,71.393
1766335762.743786,24,102;103;104;105;200;201;202,67.058;67.828;70.640;47.386;69.732;71.857;79.152,0.43040434016715456,2.6585862601590455,1.4517346398132205,-0.26048497377973073,1.2372258360548392,0.11437574052614907,-1.313721241836179,0.40930237573214057,-1.3901618823673274,-0.4980006596923299,-0.021646605290872534,2.554368737893231,56.831,71.388
1766335762.856305,25,102;103;104;105;200;201;202,66.670;68.880;69.115;47.333;70.508;71.649;80.317,0.43084467345752236,2.657613779758013,1.451732065190132,-0.26093646299729245,1.2376295191047457,0.11507541265253325,-1.313271736233805,0.41025138118476806,-1.389961440585222,-0.49830975129441896,-0.022886665545633594,2.5549628379863454,56.850,71.382
1766335762.942684,26,102;103;104;105;200;201;202,68.063;67.968;70.465;44.850;69.593;71.772;79.424,0.4312273080410945,2.6579812432498295,1.4522254150339269,-0.26064699809225345,1.2381235469423595,0.11586411297748782,-1.3139092019835463,0.4099751752902791,-1.3896202950465504,-0.49891967360611755,-0.022537975900238733,2.5551555456905293,56.856,71.412
1766335763.046453,27,102;103;104;105;200;201;202,67.062;67.782;69.991;46.340;69.468;72.523;80.078,0.43167175177160505,2.6568633583068975,1.452442833583142,-0.26112077345548945,1.2378712898237458,0.11690986273828406,-1.3135619638466958,0.41108754707172207,-1.389425066996859,-0.4990477828533862,-0.02407823886126434,2.555189935271102,56.885,71.414
1766335763.148313,28,102;103;104;105;200;201;202,67.541;68.483;69.890;47.023;69.224;72.279;80.912,0.4318887633342149,2.6563159778589585,1.4525519861672143,-0.2603617220790567,1.2381009352579755,0.11747374874683711,-1.3133940803569444,0.411632464068085,-1.3893296210098687,-0.49956011153642255,-0.023895460314694056,2.55502574461644,56.900,71.415
1766335763.242732,29,102;103;104;105;200;201;202,67.012;68.226;70.642;46.068;70.651;71.754;79.297,0.4322806945170397,2.656187892251872,1.4528598991507091,-0.2609385890724339,1.2379645185235373,0.1180553289997341,-1.313626571018439,0.4118083113005922,-1.389049052038818,-0.4994936997860998,-0.02474933873394175,2.5551983477137226,56.910,71.432
1766335763.342020,30,102;103;104;105;200;201;202,66.534;68.965;69.417;47.457;70.205;71.963;80.710,0.4329669967577558,2.6561861431092053,1.453601062516644,-0.2619103743890691,1.237914962634448,0.11867592034227788,-1.3143117064471115,0.4119263376982898,-1.3885226252495604,-0.49905968350890395,-0.025755471717621325,2.5557837547254563,56.931,71.471
1766335763.439120,31,102;103;104;105;200;201;202,67.576;68.108;70.231;44.957;69.822;72.877;80.234,0.4339995282689314,2.656852869850695,1.4542598463693674,-0.26227937273618496,1.2375139728643418,0.11941630721026163,-1.3153223542868338,0.4114141183621926,-1.387668885784079,-0.49877406124848717,-0.026338170314443812,2.5557210909333192,56.933,71.520
1766335763.540645,32,102;103;104;105;200;201;202,67.816;67.945;69.480;47.601;70.453;72.499;79.303,0.4346232324999849,2.6562555547997198,1.454858067408804,-0.2625777946768709,1.2372386357469012,0.12004711421585143,-1.315575597281648,0.41208044416294365,-1.387264989790365,-0.4983941723820681,-0.02717704881689191,2.555848900575663,56.962,71.546
1766335763.639891,33,102;103;104;105;200;201;202,66.554;68.185;69.007;45.548;69.544;72.761;79.043,0.4331788267615491,2.6546304421404843,1.4537511348295995,-0.2610495529190182,1.2378803302281476,0.11998727163702534,-1.3136533896310336,0.41343706592631313,-1.388549841557443,-0.4998783342890797,-0.02631701473951882,2.555291075415035,56.968,71.462
1766335763.736012,34,102;103;104;105;200;201;202,66.666;68.332;69.736;44.218;69.883;72.860;80.453,0.4341453983229003,2.6548120044913306,1.4541925140814616,-0.26060297917880937,1.2374449069282965,0.12070256301885834,-1.3142292441145484,0.4133600115518163,-1.3878109261019551,-0.49981132069121365,-0.026531098710809192,2.554836584817015,56.974,71.496
1766335763.836136,35,102;103;104;105;200;201;202,67.102;67.579;69.818;47.796;70.124;72.756;80.601,0.4350785462838012,2.654346666438227,1.4546460198728384,-0.2615417546849848,1.237240414303918,0.12113069252127463,-1.3144752222357938,0.41389925438965264,-1.38717294185452,-0.4991356271641084,-0.02800746909832995,2.555401782903583,56.995,71.522
1766335763.935464,36,102;103;104;105;200;201;202,66.592;67.548;70.387;47.248;70.719;73.078;80.171,0.43477588455494764,2.6537545998048055,1.4543383227132989,-0.26144148059132505,1.23751597571025,0.12113908270720394,-1.3138810004263695,0.4144150662842199,-1.3874751573371618,-0.49946892247747193,-0.028143176380790946,2.5555170893506536,56.999,71.499
1766335764.033862,37,102;103;104;105;200;201;202,66.845;68.691;69.446;45.960;70.635;72.523;79.704,0.4337392548698939,2.6538154218867986,1.4540332138989074,-0.2610199937081844,1.2380887076062577,0.12091734692786878,-1.313531161493528,0.4142730207446051,-1.3882303151778275,-0.5002274088084684,-0.027114673512543735,2.5555086202924557,56.992,71.472
1766335764.131933,38,102;103;104;105;200;201;202,67.880;67.625;69.648;47.622;70.040;71.788;81.017,0.4335927220087665,2.6539800523131234,1.4539403929741395,-0.26123778641626266,1.2382001893120933,0.12063763643928517,-1.3135226202121741,0.414098557989399,-1.3883204655024315,-0.5001316801219847,-0.02705265056377451,2.555700320975375,56.986,71.468
1766335764.233037,39,102;103;104;105;200;201;202,67.404;67.916;70.205;45.913;70.577;72.691;80.039,0.43358765948768613,2.653967698985479,1.4535678602413173,-0.260851642595042,1.2381302017979345,0.12052455083530898,-1.3132156378246043,0.41406848796587586,-1.3883408947842648,-0.5003222309277845,-0.026936790702900434,2.5554017449722553,56.975,71.453
1766335764.331435,40,102;103;104;105;200;201;202,67.496;67.649;69.498;47.905;69.536;71.563;81.528,0.4331135885079561,2.654141805389808,1.453602997346398,-0.2608157315969738,1.2385479730336773,0.12022104152316243,-1.3132721893641013,0.41388335709239366,-1.3886615578306882,-0.5004553160214662,-0.026289078997333945,2.55568604781482,56.974,71.450
1766335764.427984,41,102;103;104;105;200;201;202,67.421;68.923;68.660;46.048;70.715;71.180;79.937,0.4324439093614386,2.655368192278351,1.4534256101030458,-0.26088439129767066,1.2388504698302871,0.11980751776480902,-1.3136779437816586,0.4126612755778412,-1.3890062647565697,-0.5008361911529758,-0.02526346550141606,2.5556774468191765,56.945,71.447
1766335764.528521,42,102;103;104;105;200;201;202,67.268;67.883;68.828;44.542;69.095;71.820;80.420,0.4326395067751707,2.6555555577731913,1.45350012423973,-0.2609108925577432,1.2386957859993284,0.11996212915533537,-1.3138606516449547,0.4125004676266619,-1.3888392843160515,-0.5008118611161295,-0.025371534208638136,2.555552378802869,56.942,71.455
1766335764.626094,43,102;103;104;105;200;201;202,67.074;67.849;69.972;46.669;70.536;72.023;79.999,0.434275546022151,2.6558964317196243,1.4545498701795931,-0.262381510963982,1.237712700481536,0.12076893792150471,-1.3150960141437906,0.4123718871543101,-1.3875721935385794,-0.49951622022055975,-0.027335311639013052,2.5558088974208704,56.962,71.525
1766335764.727177,44,102;103;104;105;200;201;202,67.145;67.576;69.011;45.306;70.470;72.168;80.598,0.4346956377042937,2.6563557243790363,1.4552905596672836,-0.26301820273507076,1.2372326428983997,0.12119927761518755,-1.3159849806921469,0.4120364006892287,-1.3871826800821405,-0.498996796534486,-0.02775456247416723,2.5558002755768543,56.973,71.566
1766335764.827504,45,102;103;104;105;200;201;202,66.580;68.160;70.941;46.358;70.431;71.538;79.936,0.4347302387595024,2.656117139312355,1.4550374294281727,-0.2636673831874964,1.2373374548649134,0.12097429794768925,-1.3156621852230836,0.41223752865222596,-1.3871967994193266,-0.49878380187205257,-0.028470273398147755,2.5562376897339933,56.970,71.553
1766335764.924879,46,102;103;104;105;200;201;202,67.332;68.438;69.845;46.819;69.419;72.151;79.713,0.4346096477187456,2.655675897502742,1.454715370756232,-0.26345127836558013,1.2374352682434435,0.12082386431601573,-1.3151585822362348,0.4126167481302005,-1.3873502203550991,-0.4989016834986155,-0.02853538386088042,2.556220908705584,56.970,71.534
1766335765.024835,47,102;103;104;105;200;201;202,67.954;67.633;69.634;47.223;70.748;72.463;79.472,0.43442048890051826,2.655567587414341,1.4548429808492847,-0.2634932342088817,1.2375241438366478,0.12079890738723331,-1.3151804104420812,0.41272509587093303,-1.387494688500194,-0.49888148241140007,-0.02839963538555637,2.556324495588819,56.977,71.535
1766335765.135103,48,102;103;104;105;200;201;202,67.436;67.998;70.126;47.150;70.465;72.197;80.506,0.4348140536265219,2.6556056532264787,1.4551470093321195,-0.26412911020530033,1.2376279302766269,0.120870222832726,-1.3154962826217487,0.4127415411140011,-1.3871929672596441,-0.49851194255039066,-0.028941553828544145,2.5568578566391387,56.984,71.553
1766335765.223278,49,102;103;104;105;200;201;202,67.200;68.699;70.630;45.780;70.069;71.131;78.742,0.4343200196351453,2.6561001644303,1.4549156023203687,-0.2640701184882418,1.2377103637283602,0.12072821768936422,-1.3155017334541763,0.4122203816516103,-1.3875004588421407,-0.4988690961419257,-0.028456653464037987,2.5566743751908403,56.968,71.542
1766335765.321293,50,102;103;104;105;200;201;202,66.791;67.728;70.723;45.214;69.649;72.622;80.096,0.4337332823589065,2.655219561784666,1.4542711174828422,-0.2635595523736093,1.2378146356208624,0.12070970016275369,-1.314449901968947,0.4129601322295661,-1.3880569240853977,-0.4994509407993975,-0.028478952022516824,2.556349471701097,56.969,71.498
1766335765.419593,51,102;103;104;105;200;201;202,65.999;68.121;71.133;44.329;70.445;71.863;80.292,0.43375097462128176,2.6556087660646255,1.4542930393821791,-0.2632190450480005,1.2376864938534067,0.12087315634697703,-1.3146716340433164,0.4125922458336842,-1.3879965790636792,-0.49967567640812377,-0.02811276263417098,2.5559820006298137,56.962,71.504
1766335765.516377,52,102;103;104;105;200;201;202,67.053;67.997;69.506;46.627;68.767;72.882;80.074,0.43269500135930955,2.6540863457212893,1.4534014452334487,-0.2621795378569175,1.238221135046015,0.12057854323521992,-1.313026411769577,0.41389333780893034,-1.3889792226498707,-0.5005395017556272,-0.02763051949709791,2.5557745640833893,56.971,71.435
1766335765.617335,53,102;103;104;105;200;201;202,67.479;68.048;69.936;45.087;69.059;72.207;78.748,0.43260496734598886,2.6542349018298803,1.453402963982365,-0.26146354432189073,1.238503283812782,0.12042453136899914,-1.3130929192420386,0.4137474386655264,-1.389026512221618,-0.5007771850394865,-0.026748301602387253,2.5556811327171793,56.968,71.435
1766335765.716201,54,102;103;104;105;200;201;202,67.255;68.651;69.144;46.564;69.541;72.127;78.804,0.4324112779083833,2.6542638116293933,1.4534040343076944,-0.2614846752023916,1.2383607681344972,0.12027961442454436,-1.3130834553976547,0.4137105312803998,-1.3891631000399596,-0.5006592694903754,-0.026631676332154255,2.55556409133945,56.968,71.433
1766335765.814853,55,102;103;104;105;200;201;202,67.121;68.316;70.663;46.461;69.811;72.413;80.047,0.4317059408431625,2.653416929378404,1.4527455465907924,-0.26108813087390786,1.238865228326599,0.11984292211923508,-1.3120216658451338,0.41440995377548334,-1.3898015356904543,-0.5010992350719966,-0.02637807177962971,2.5557175789859947,56.968,71.387
1766335765.915772,56,102;103;104;105;200;201;202,66.642;68.266;69.497;44.107;69.000;71.125;79.437,0.43231788156410367,2.655009198798189,1.4534134111078134,-0.26173565779245606,1.2386387781814165,0.12007359315293704,-1.3134654478362244,0.41299612528276214,-1.3891409625502438,-0.5007351643909431,-0.026272133446573073,2.5558321190558075,56.952,71.441
1766335766.014249,57,102;103;104;105;200;201;202,67.224;66.961;69.817;45.544;69.655;72.164;79.707,0.43245686675482503,2.6546040968192526,1.4535454307920717,-0.26152135833612966,1.2387955667385848,0.12013762387157828,-1.3133797556956062,0.41340402691611355,-1.3890835803941721,-0.5006992029119703,-0.026245506556877907,2.5559807088035575,56.965,71.443
1766335766.115148,58,102;103;104;105;200;201;202,67.053;68.869;69.784;46.599;69.778;70.827;79.065,0.4323690554520031,2.6549799837450094,1.4537654992029256,-0.26169472744739875,1.2389179867022369,0.11987571037761359,-1.313740402545111,0.4130658168920931,-1.389092983595921,-0.5004678742815475,-0.02588532685134609,2.5562198832377003,56.964,71.455
1766335766.212736,59,102;103;104;105;200;201;202,67.008;68.262;69.967;46.131;69.753;71.399;80.392,0.43213058920051356,2.65493141605625,1.4534413126900452,-0.26109418742390905,1.2388990365976007,0.11969966191306888,-1.3134230935881221,0.41306425946749065,-1.389284584307613,-0.5007299325580709,-0.02540398163622634,2.555842932756935,56.956,71.438
1766335766.312575,60,102;103;104;105;200;201;202,67.514;67.463;69.339;46.144;69.814;72.648;80.581,0.43181977795761156,2.6540173078818174,1.453119379196394,-0.26047970638468226,1.238762059959186,0.11979634888298021,-1.3126490814332006,0.41388483384660046,-1.3896320974654681,-0.5010171690144299,-0.025419664312281542,2.5553987946771826,56.966,71.410
1766335766.410894,61,102;103;104;105;200;201;202,67.579;67.505;69.515;45.676;70.276;72.073;78.970,0.43113739053736677,2.65343260849437,1.4526429395654985,-0.25986634946172293,1.2388557592265836,0.11964754636849226,-1.3118728571689047,0.4143555690785532,-1.3902151471229065,-0.5015000741111958,-0.025004945795202654,2.555032748763351,56.967,71.374
1766335766.508127,62,102;103;104;105;200;201;202,67.716;67.281;69.767;45.532;69.860;72.036;80.883,0.430733975334125,2.6536935703008075,1.4522704703800968,-0.25984116906524,1.2388546855684361,0.11954411823930015,-1.311655660890721,0.41404499099331915,-1.3904909373690282,-0.5018456533593871,-0.02483680484048681,2.554805485840098,56.951,71.357
1766335766.608387,63,102;103;104;105;200;201;202,67.551;69.074;70.730;44.975;69.782;70.743;79.178,0.430828197116402,2.6551813215027247,1.4525673360688025,-0.2601803418595002,1.2388859590736407,0.11927473258225267,-1.3126791750177897,0.4126640393762025,-1.3902322233607904,-0.5016446535017647,-0.024182265673543313,2.5549326561608368,56.928,71.387
1766335766.706071,64,102;103;104;105;200;201;202,67.116;68.542;70.462;47.151;70.333;71.636;78.259,0.4312297134528323,2.6546685487103665,1.4530596485372569,-0.2603588845346846,1.2389598569634028,0.11939313417167342,-1.3128618170471062,0.41322804362801885,-1.3899832670842356,-0.5011836943104363,-0.024503680731870647,2.5553590316229133,56.953,71.407
1766335766.804062,65,102;103;104;105;200;201;202,66.861;68.027;69.746;45.143;70.207;72.130;80.266,0.43193960868255526,2.654891205366022,1.4533846862943047,-0.2600971043576404,1.23868221478359,0.1198593535531369,-1.31333170550889,0.4130869227414547,-1.3894298415775452,-0.501105396550265,-0.024638436617900134,2.5550950752680612,56.955,71.433
1766335766.908687,66,102;103;104;105;200;201;202,67.821;67.969;70.253;46.565;69.657;71.577;80.173,0.43197818496462004,2.6551971139412216,1.453456843603991,-0.26007685327797436,1.2389374401599946,0.11957522738489622,-1.3135535173629638,0.4128051203288689,-1.389362275447806,-0.5009927373838557,-0.02425689402825057,2.555366622791361,56.951,71.440
1766335767.006278,67,102;103;104;105;200;201;202,66.610;68.652;69.575;46.144;69.628;72.418;80.115,0.43162285359644514,2.6546231490727363,1.453279409260747,-0.2603317636748773,1.2390783163269976,0.11958975664330199,-1.3130665219996813,0.4133152661305465,-1.3896953817986244,-0.5011258234860965,-0.024620370739743824,2.5555506513594697,56.959,71.421
1766335767.105361,68,102;103;104;105;200;201;202,67.166;67.530;70.369;45.306;69.547;72.159;79.950,0.4316178772500031,2.65449379094889,1.4532767333576622,-0.2610148332243525,1.2389996133057057,0.11972496031034574,-1.3129966056245868,0.4134380982154307,-1.389714599988991,-0.501014222969699,-0.025343013664931607,2.5557760035531922,56.962,71.419
1766335767.204368,69,102;103;104;105;200;201;202,67.478;68.007;70.228;46.361;69.122;73.045;78.845,0.43080840951864585,2.6537300577800353,1.4525217962373143,-0.25971513070207747,1.2392768006472665,0.11934210347701613,-1.3118867015571796,0.41404208234152234,-1.3904224741528517,-0.5017279218002142,-0.02437752678403013,2.5552425925015116,56.958,71.368
1766335767.304164,70,102;103;104;105;200;201;202,66.709;68.810;69.929;44.934;70.490;72.144;79.462,0.431634271477186,2.653820308219733,1.4524129901831246,-0.2595222606857824,1.2386194852599723,0.11968625060000461,-1.3119538591997566,0.4139844290047762,-1.3898187203816936,-0.501545318570796,-0.02503812892135196,2.5546705355302954,56.950,71.377
1766335767.403046,71,102;103;104;105;200;201;202,66.869;68.612;70.498;47.536;69.346;71.869;80.663,0.4312421669478625,2.6539844984639838,1.452184931534616,-0.2603210687879966,1.2390160847280838,0.11928621858645454,-1.3118042046304124,0.41378296784170643,-1.390091995541336,-0.5015100681149313,-0.025285385485163847,2.555303911342966,56.940,71.364
1766335767.503318,72,102;103;104;105;200;201;202,66.182;67.887;68.813;44.522;69.854;72.283;79.231,0.4316806837806857,2.6538508268544825,1.4523981420370926,-0.2604219268072217,1.238658288583051,0.11975104882413329,-1.3119638113488765,0.413955935406373,-1.3897821027769068,-0.5013975774545132,-0.025841766391453164,2.555098531597799,56.948,71.377
1766335767.598636,73,102;103;104;105;200;201;202,66.932;67.728;69.909;46.804;70.169;72.482;80.418,0.43227611515753256,2.653588312377695,1.4526885964143827,-0.2611640657323026,1.238342573735311,0.12011922859696124,-1.3121393134334436,0.4142680296996146,-1.3893709118921014,-0.5009345124976208,-0.026988262843188227,2.555335951012462,56.961,71.394
1766335767.696714,74,102;103;104;105;200;201;202,66.479;68.395;70.628;45.549;70.173;71.858;79.989,0.4320166119802828,2.653433748395551,1.4525101868390464,-0.26095539719805616,1.2386404363961494,0.12008034480696159,-1.3118815098596552,0.4143827267841957,-1.389584380967706,-0.5012615261766846,-0.026743744129765823,2.5554093206077404,56.959,71.382
1766335767.797259,75,102;103;104;105;200;201;202,67.026;68.886;69.556;44.256;70.179;71.736;79.172,0.43163527011739644,2.6540285879428223,1.4521960836237007,-0.2606811225943522,1.238665749048369,0.11992244975118417,-1.3118874545180728,0.4137614980308698,-1.3898019219424262,-0.501659958761089,-0.026153107940082285,2.5550739446118644,56.938,71.371
1766335767.897129,76,102;103;104;105;200;201;202,66.064;68.387;70.164;46.432;69.927;72.495;79.943,0.4305284358776608,2.65264846418987,1.4513095719357874,-0.25987620029022734,1.239359604768434,0.11948802864445908,-1.3103123761205013,0.41492340672578265,-1.3908036156388657,-0.5024628909994837,-0.025662927522480977,2.5551179510617255,56.945,71.303
1766335768.026401,77,102;103;104;105;200;201;202,67.480;68.574;69.617;45.386;69.699;71.878;80.120,0.4301990774885769,2.653120588676749,1.4511054981265619,-0.2593146261050896,1.2396851171858678,0.11916126716881288,-1.310350157775913,0.4144338646192691,-1.3909937655296032,-0.5028146675898095,-0.024677667343327353,2.5550163178467837,56.929,71.296
1766335768.125389,78,102;103;104;105;200;201;202,67.188;69.421;69.308;46.772;68.759;72.604;79.581,0.42989875096137437,2.6524290639140675,1.4506110040942377,-0.25871147546060375,1.2394719791430053,0.11911281172717729,-1.309553465920811,0.4150226137972802,-1.3913136569086642,-0.5030857200119772,-0.024676471083375368,2.5544811254239503,56.930,71.263
1766335768.225828,79,102;103;104;105;200;201;202,67.441;68.971;69.466;45.481;69.408;71.677;80.338,0.4296292865560733,2.6534557252053554,1.4505951753623385,-0.25861542698245027,1.2395405861069797,0.11896048507914003,-1.3100388368752909,0.41402838664080266,-1.3913865187513113,-0.5033338727766232,-0.02390009491389064,2.554298688909462,56.909,71.271
1766335768.323095,80,102;103;104;105;200;201;202,67.902;68.754;71.094;46.646;69.862;72.280;79.875,0.42918032592379507,2.6535695528681873,1.4501315922149505,-0.25815612721657466,1.239884932475443,0.11855017790163513,-1.3096660451760918,0.41384507242974344,-1.3917163778910475,-0.5037244478816068,-0.023225712092243833,2.5542438973191754,56.893,71.247
1766335768.421862,81,102;103;104;105;200;201;202,67.290;68.387;70.060;46.626;69.971;72.850;79.307,0.4297580803110361,2.652816532186654,1.4507112425543667,-0.25858192207038766,1.2396447598674583,0.11899587669839023,-1.3098170826445314,0.4146574605745861,-1.3913651141373293,-0.5031693601416266,-0.0241446941145817,2.5545286958100624,56.925,71.270
1766335768.520002,82,102;103;104;105;200;201;202,67.021;68.097;70.032;46.410;69.582;73.122;79.838,0.43058164304116325,2.652406968696517,1.4511607661180452,-0.2594747241653863,1.2393299039532082,0.11948716404412055,-1.3100740808481708,0.4151395485489278,-1.3907999551471597,-0.5025659373646083,-0.025563084540253578,2.554922940767752,56.945,71.295
1766335768.624991,83,102;103;104;105;200;201;202,67.373;67.607;69.763;45.844;69.679;71.989;80.183,0.4300794074538868,2.6521444869701236,1.4509816167866212,-0.25936276813047676,1.2397094016390202,0.11921984404225247,-1.309727765536807,0.4153448227393013,-1.391201937273317,-0.5027792413145138,-0.025198650158463093,2.5551358688141645,56.947,71.278
1766335768.724656,84,102;103;104;105;200;201;202,67.210;68.317;69.772;47.529;69.551;73.241;79.768,0.4302473147049029,2.6512583253487585,1.4507013877717867,-0.25896585425487084,1.2395473781175204,0.11932668110160034,-1.3090637015066386,0.4161665269927623,-1.3911972921438016,-0.5028144052140731,-0.025631247869424195,2.554899382471552,56.957,71.259
1766335768.825375,85,102;103;104;105;200;201;202,66.899;68.736;69.660;44.218;70.333;72.361;79.879,0.42967567084654135,2.651872426463312,1.4507505393991733,-0.2586911266953401,1.2398539480084643,0.11935633290211853,-1.3093475073844263,0.4155581643355194,-1.3915358834566531,-0.5033561632560016,-0.024686613343681885,2.5547811823396653,56.947,71.259
1766335768.920583,86,102;103;104;105;200;201;202,66.843;67.225;69.493;47.417;70.056;72.344;79.451,0.4298440898163623,2.651226528825549,1.4508289724314156,-0.259205383416884,1.2396420763469345,0.11940045453807384,-1.3090971876941118,0.41619134371711014,-1.39148779699223,-0.5029271617574648,-0.025551023907022713,2.5549983617411347,56.963,71.258
1766335769.023431,87,102;103;104;105;200;201;202,66.964;68.486;69.791;46.000;70.143;72.508;80.327,0.4294970692324367,2.651691322347883,1.450667134951679,-0.2590117222534218,1.2398191694901883,0.11929513172664562,-1.309162877463988,0.415712584037217,-1.3916900971084474,-0.5032886541495616,-0.024985202743994545,2.5548796883533518,56.949,71.251
1766335769.119168,88,102;103;104;105;200;201;202,67.240;68.905;69.372;46.900;69.225;71.199;79.823,0.4289209302396401,2.652093371760007,1.4503432781396863,-0.2592975458435459,1.2402360322263217,0.11871433108160304,-1.3090355701414582,0.41526385911332386,-1.392072103480995,-0.5034097560365944,-0.024564500345190976,2.555238929137613,56.933,71.235
1766335769.218025,89,102;103;104;105;200;201;202,67.947;68.455;70.156;47.900;70.075;72.333;79.379,0.42840375721658974,2.651438575481102,1.449599722498824,-0.25868267037504206,1.2404818670406552,0.11818869689321293,-1.308028676300243,0.41577819610309963,-1.3925543945060581,-0.5037279105078604,-0.024234464357179242,2.555102587488875,56.926,71.190
1766335769.349376,90,102;103;104;105;200;201;202,67.082;68.773;70.283;46.177;70.621;72.475;79.246,0.42862442778733095,2.652048912524212,1.4497908848711374,-0.2589114860054055,1.2404740096715416,0.11831119925989514,-1.308528761797323,0.41522887197236213,-1.392314182178899,-0.5037043529768559,-0.024201337942361845,2.5551698513977072,56.918,71.208
1766335769.447814,91,102;103;104;105;200;201;202,67.374;68.187;69.615;48.435;69.001;72.768;80.211,0.4287242909041775,2.651426664525073,1.4497528105572488,-0.258743831401991,1.2403408586787936,0.11829296224438461,-1.3081877281068686,0.415822935393816,-1.3923176883626782,-0.5035238102595124,-0.02445769612450538,2.555107146486862,56.930,71.200
1766335769.546073,92,102;103;104;105;200;201;202,66.825;68.381;69.949;44.907;69.178;72.030;78.748,0.42836637538189465,2.6515759595399926,1.4495948436813042,-0.2579231212874226,1.2405903777355376,0.11804444122619275,-1.3080912738114012,0.41564475853989935,-1.392565255540196,-0.5038833161882147,-0.02341036545215408,2.5548572363223307,56.923,71.191
1766335769.644107,93,102;103;104;105;200;201;202,67.214;68.182;69.360;44.044;69.973;71.839;79.694,0.4304375065902936,2.6534499181814333,1.4513071220337737,-0.2594003497732326,1.2396641815925042,0.1190750700627588,-1.3107147102938612,0.41415432756892356,-1.390773719648956,-0.5025699569524932,-0.02457226478460217,2.5551280818327333,56.928,71.311
1766335769.743357,94,102;103;104;105;200;201;202,68.232;67.658;69.624;46.979;69.829;72.418;79.508,0.4303296385375599,2.65304621731872,1.451394167975089,-0.2587814589341772,1.2399233761140536,0.11894417620219845,-1.3105610630444329,0.41454379867274765,-1.3908965071498625,-0.502631080644652,-0.02398027169646197,2.555162417725841,56.939,71.308
1766335769.842499,95,102;103;104;105;200;201;202,64.916;68.254;70.675;46.753;69.733;71.249;78.720,0.4306339887207234,2.6518210157622,1.4513565754426383,-0.25918737670003017,1.2398995471996224,0.11897647139375611,-1.3099343445353322,0.4157230141148855,-1.3908240142353219,-0.5022039935754915,-0.02510298103036135,2.555589815729407,56.964,71.297
1766335769.941922,96,102;103;104;105;200;201;202,67.436;68.849;68.972;46.011;69.141;71.297;79.738,0.42964928841422934,2.6520508483643024,1.450672895322869,-0.25866890041406015,1.2404840858510546,0.11834634676933023,-1.3093742057629647,0.4153779234412476,-1.3915368212165788,-0.5028872471231214,-0.02400585352828824,2.5555604332335577,56.941,71.258
1766335770.040684,97,102;103;104;105;200;201;202,67.106;68.788;70.467;45.398;69.420;71.562;79.994,0.42962777610182146,2.652019441378482,1.450600856711474,-0.2581777886928162,1.2406420145413628,0.11829149394252071,-1.3092970507046595,0.41539866087798777,-1.39155903930409,-0.5030774023631679,-0.02356203616547914,2.5554640224938874,56.940,71.254
1766335770.138573,98,102;103;104;105;200;201;202,67.564;68.265;69.670;48.391;70.271;72.937;79.964,0.42977548095713974,2.6514465726403733,1.4508091756486121,-0.25897472363343566,1.240484354482932,0.118407151791672,-1.3091865711365829,0.41597586097499695,-1.3915120464845694,-0.5026098582116477,-0.024554091020940527,2.5558505976215997,56.958,71.258
1766335770.239207,99,102;103;104;105;200;201;202,67.528;68.624;69.387;46.756;69.667;72.221;79.298,0.4288209377285693,2.6513973420194694,1.4502554484674848,-0.25857424621094227,1.2409345219121712,0.11792644447387382,-1.3085900550826968,0.41591271295988197,-1.3922310627395527,-0.5031810745035014,-0.02372428812765448,2.5558048573782823,56.945,71.222
1766335770.336664,100,102;103;104;105;200;201;202,68.085;68.869;69.151;47.919;69.966;72.762;78.996,0.4289910072038045,2.6504903033833465,1.4498923118927771,-0.2579057664442292,1.2406264169116286,0.11806318039606065,-1.3078483380353358,0.4167449964785518,-1.392230534659492,-0.5032837561395402,-0.02404595558344841,2.555296224533902,56.953,71.199
1766335770.437229,101,102;103;104;105;200;201;202,67.051;68.836;69.719;46.121;68.866;72.690;79.879,0.42880668368910146,2.6505057602120377,1.4497827629301951,-0.25726299920817236,1.2408245387104626,0.1181151372388737,-1.307743978794188,0.41670864694823007,-1.392366519014476,-0.5037116147047602,-0.02341646008813622,2.5550694905830733,56.950,71.192
1766335770.533139,102,102;103;104;105;200;201;202,68.537;67.885;69.368;44.821;69.475;72.218;79.096,0.4286847953249958,2.651149477546662,1.4503643450312795,-0.2573577344019007,1.2408497941742291,0.1184113146601285,-1.308531181940451,0.41615464994225093,-1.3923547747645206,-0.5037793789670565,-0.022880623087199237,2.555056163707101,56.955,71.221
1766335770.666234,103,102;103;104;105;200;201;202,66.660;68.291;70.663;46.363;69.444;72.742;79.999,0.42782587122628024,2.6497860858906055,1.449140537766073,-0.256397061426883,1.2415007989468343,0.11788034209711264,-1.3067239562663313,0.4172729604053332,-1.3931878369041542,-0.5046302543107003,-0.022568054959981432,2.554999772373452,56.950,71.144
1766335770.766347,104,102;103;104;105;200;201;202,67.566;67.934;69.280;45.627;69.704;71.908;79.706,0.42833071182243054,2.6508407042792674,1.4495236932164588,-0.25651878839439035,1.2412776194003674,0.1180632137419432,-1.30764707350546,0.416336064135609,-1.3926815712455063,-0.5044579048293529,-0.02236541964953387,2.554871212285035,56.937,71.179
1766335770.862622,105,102;103;104;105;200;201;202,67.365;68.036;70.324;45.679;69.065;72.067;80.010,0.42833233603953674,2.650720035424528,1.449411879625899,-0.2562318818034651,1.2411004264967898,0.11818109827982085,-1.3074944651400726,0.41643851131680976,-1.3926992355507866,-0.5045869236064642,-0.02235078858735548,2.5545455051304407,56.936,71.173
1766335770.963956,106,102;103;104;105;200;201;202,67.087;68.244;70.387;45.131;70.003;72.328;79.795,0.42927619877502143,2.6519353218982884,1.4499411206199717,-0.2561189411488592,1.240280006950379,0.11868655594443928,-1.3086759645943606,0.41538671472220773,-1.3918500374105323,-0.5042538231159945,-0.022341088874510556,2.553838180170365,56.923,71.222
1766335771.063181,107,102;103;104;105;200;201;202,67.116;68.460;70.036;47.458;68.786;72.376;77.978,0.42862501989776175,2.6507678448922825,1.4495660810595916,-0.2558927340352833,1.2405714415388462,0.11846097803710384,-1.3076818531176224,0.4164250518334981,-1.3924755080076712,-0.5044709545881539,-0.022381539449550375,2.553971939493268,56.939,71.184
1766335771.163275,108,102;103;104;105;200;201;202,67.140;67.538;69.880;46.842;69.932;72.566;80.214,0.42898255891394155,2.650945673205993,1.4497508478836445,-0.2566289621157531,1.2403908926695013,0.11870119444074638,-1.307969933671706,0.4162942659117628,-1.392188132023037,-0.5042097394601284,-0.023164014237536446,2.5541955045350346,56.939,71.199
1766335771.276240,109,102;103;104;105;200;201;202,66.958;68.114;68.573;45.538;70.424;72.652;79.219,0.42972647993683255,2.6512754236188063,1.4504961932380245,-0.2573325967010937,1.2397072033523013,0.119411425564053,-1.30883910851784,0.41610123952086403,-1.3915804942694052,-0.5036736304109255,-0.024056292379213223,2.554062921562414,56.952,71.243
1766335771.369336,110,102;103;104;105;200;201;202,67.073;68.320;69.345;45.242;70.365;71.883;79.710,0.4298865855220141,2.6519166527895703,1.4510201041640398,-0.25795200206745916,1.2396953491216727,0.11949038381933982,-1.309615204536867,0.41555690191544253,-1.3913670978204922,-0.5033439623332131,-0.02408370939878865,2.5543882750691465,56.954,71.274
1766335771.463520,111,102;103;104;105;200;201;202,66.614;67.817;69.840;45.065;69.329;71.896;79.096,0.42953087611992075,2.651703069557938,1.4505737664663358,-0.25807796358179397,1.2397915666889714,0.11931573816426808,-1.309098189573668,0.4156924965759813,-1.3916679899248907,-0.5035654005415122,-0.024275586905037422,2.5544040716570353,56.946,71.248
1766335771.559638,112,102;103;104;105;200;201;202,67.595;68.352;70.539;47.442;69.563;71.443;79.092,0.4297307196193571,2.651887960122928,1.4511559571863637,-0.25896321052666293,1.2398488232633795,0.11924989028777609,-1.3096893518298294,0.41559188636211764,-1.3914778308506104,-0.5029345166290522,-0.02464354556344578,2.5550567987446238,56.959,71.277
1766335771.695378,113,102;103;104;105;200;201;202,67.909;68.959;69.809;44.596;70.113;72.223;80.551,0.42956020109305415,2.652038277485648,1.4511509193592351,-0.2585315985964206,1.2397308269685547,0.11931323550244893,-1.3097410781884373,0.4154395039244933,-1.3915834958928344,-0.5031349519301133,-0.02417844181012005,2.5546701185521288,56.956,71.276
1766335771.798991,114,102;103;104;105;200;201;202,66.928;68.499;68.890;45.730;70.212;72.786;79.800,0.4301019951685582,2.6524653290273927,1.451764177598894,-0.25887941263335046,1.2394884281643168,0.11965921019292051,-1.3105276648249033,0.41512822081568534,-1.39111562128736,-0.5027524868526198,-0.024405743569308386,2.5547536675056515,56.964,71.313
1766335771.889717,115,102;103;104;105;200;201;202,68.299;68.410;69.727;45.727;70.805;73.069;79.534,0.43027989892134916,2.6531216813685785,1.4518015259418424,-0.258317753364367,1.2394643353434465,0.11967008777190977,-1.3109218000658522,0.41451525094991404,-1.3909069401611756,-0.5029362907784932,-0.023708880223207274,2.5544204301886135,56.951,71.325
1766335771.989530,116,102;103;104;105;200;201;202,66.721;68.269;69.719;44.699;69.707;72.228;80.251,0.42963046992478454,2.6530167655535815,1.4512147906736537,-0.2581208778969824,1.2397593415819816,0.11933297842721956,-1.3103099399425493,0.41451701362849236,-1.3914131359229651,-0.5034046860797357,-0.023373942264329067,2.5543726050672397,56.937,71.291
1766335772.093082,117,102;103;104;105;200;201;202,66.290;68.734;68.732;45.709;69.766;73.270;78.838,0.42968799758875625,2.6525427200210583,1.451472715686655,-0.25799855302794306,1.2397901154667863,0.11966394598900337,-1.310278987814363,0.41500105819931116,-1.3914177486508612,-0.5034539321335098,-0.023483002615450027,2.5543986432306505,56.955,71.296
1766335772.187544,118,102;103;104;105;200;201;202,67.897;67.938;69.295;44.804;69.737;71.729;79.539,0.43012691646809076,2.652857154441833,1.4516475527851744,-0.2580046015511846,1.2392690169437814,0.11986912615859524,-1.3106404502183622,0.41474262723941113,-1.3910555023437028,-0.5031850705114176,-0.02372055636944906,2.5540135123071575,56.952,71.313
1766335772.289601,119,102;103;104;105;200;201;202,66.839;68.336;69.223;46.153;69.333;72.557;79.336,0.4297912194178158,2.651661244179501,1.4512838949180444,-0.2578430713763159,1.239681308490678,0.11966296764424651,-1.3096825694944478,0.41582554660795334,-1.3914559153010848,-0.5033323228474492,-0.023964957471485276,2.5543595980722573,56.968,71.280
1766335772.387033,120,102;103;104;105;200;201;202,66.526;68.642;69.053;47.319;69.892;72.073;80.021,0.4294237831740083,2.6509029309157186,1.4505966556588592,-0.25729878111700544,1.2400844266510591,0.11924143732075562,-1.3086869038546947,0.4164528342328561,-1.391839898225841,-0.5036834745461158,-0.023781981082040965,2.5544244061125143,56.964,71.238
1766335772.493110,121,102;103;104;105;200;201;202,67.079;67.989;69.424;44.159;69.378;73.345;79.632,0.4303164250165177,2.651163689259061,1.450966537125664,-0.25698268720638334,1.2394366677414947,0.11990971176135184,-1.3092371921514012,0.4162901669624192,-1.3911478516527678,-0.5035332397431931,-0.024123150503508856,2.5538176314101513,56.967,71.269
1766335772.584521,122,102;103;104;105;200;201;202,67.183;68.408;68.975;45.406;69.473;71.677;79.670,0.4300826207803151,2.6514294447471554,1.4509410543285326,-0.2574213250905748,1.2397443466344173,0.11970023924546004,-1.3093241015968295,0.4160223017895593,-1.3912864733562862,-0.5035479643191909,-0.02408213256798572,2.5542288837789613,56.961,71.268
1766335772.682933,123,102;103;104;105;200;201;202,66.841;68.585;69.912;46.361;69.354;71.905;79.612,0.42975796213044837,2.6505288137082665,1.4505957577849526,-0.2576769362406601,1.2398375536003357,0.11943032348267513,-1.3085355452336316,0.4168260690493607,-1.3916425210302956,-0.5034389545836853,-0.02461590717406384,2.5544809265204904,56.971,71.239
1766335772.782165,124,102;103;104;105;200;201;202,67.344;67.959;68.734;44.789;69.547;72.567;79.075,0.4302511745889664,2.651251607776259,1.450842905480814,-0.25747819867238986,1.239457475758285,0.11988339836323766,-1.3091747205555184,0.41618912764490107,-1.3911896004060573,-0.503517971705471,-0.024531852013770478,2.5540052810763085,56.962,71.264
1766335772.883736,125,102;103;104;105;200;201;202,66.914;68.264;69.409;45.171;69.628;72.794;79.342,0.4304703251432372,2.6511654263842055,1.4508492210807091,-0.2575208086629794,1.239123632304388,0.120091209606008,-1.3091637356574715,0.41628284005479893,-1.3910409738533591,-0.5034280319810286,-0.02491358861944523,2.553754402876963,56.963,71.267
1766335772.978205,126,102;103;104;105;200;201;202,67.526;67.456;69.215;46.869;69.966;72.045;79.400,0.43056709253608133,2.6514826500060145,1.4513188074399341,-0.2581455921612069,1.2392924661086258,0.12011699509023001,-1.3097194476084266,0.41603813964462544,-1.3909142508185428,-0.5031235720152485,-0.02501614374926897,2.5542716255041507,56.970,71.291
1766335773.076329,127,102;103;104;105;200;201;202,67.088;68.347;70.341;48.135;70.078;72.487;79.909,0.42920398473422583,2.6507396928139824,1.4505364811535668,-0.2580331138838112,1.2401067146145517,0.11934701903941808,-1.3085248455534595,0.4165907863984139,-1.3920208501728457,-0.5036897220410294,-0.024440123191192764,2.5546983513447916,56.967,71.231
1766335773.175861,128,102;103;104;105;200;201;202,67.860;68.549;69.565;46.009;69.270;72.808;79.757,0.4282583567877184,2.6508257465593945,1.4499523074292002,-0.25696211002923364,1.2406254804568027,0.11887665453253356,-1.307975183272499,0.4163953852859151,-1.392718566592865,-0.5045050028720538,-0.022980092841291155,2.5543704843177863,56.950,71.195
1766335773.277148,129,102;103;104;105;200;201;202,67.142;67.546;69.671;45.419;69.944;72.726;80.072,0.4276248210393253,2.6503786102741222,1.449417673834784,-0.2564068084837257,1.2408523393280888,0.11868199818357537,-1.3072290877530102,0.41672936032004165,-1.3932518430890541,-0.5050394780046426,-0.02255038854485833,2.5541313533586045,56.946,71.159
1766335773.442228,130,102;103;104;105;200;201;202,66.457;68.751;70.178;47.640;68.498;73.057;79.580,0.4272885611872139,2.6498759798045954,1.4489628260705405,-0.2561063644336722,1.241322449646994,0.1182688443920518,-1.3065571897982364,0.4171400483088468,-1.3935732599719932,-0.505270920417786,-0.022310758795068886,2.5543898045589515,56.944,71.130
1766335773.538629,131,102;103;104;105;200;201;202,66.993;68.172;68.499;46.632;69.252;72.917;79.317,0.42771187271376476,2.6498189462803263,1.4492195429138501,-0.25686758466089304,1.2412555772574014,0.11837621549726197,-1.306789798585944,0.41724491072418285,-1.3932633221719082,-0.5048270761786061,-0.023123820559796227,2.554837353909064,56.952,71.146
1766335773.636901,132,102;103;104;105;200;201;202,67.897;68.411;70.018;44.996;69.174;72.282;80.380,0.42820315043067864,2.6510230210495282,1.4493801139196536,-0.2564705422104254,1.2408889321148828,0.11841266500222387,-1.3076094910692586,0.4161395058784836,-1.3927579267065742,-0.5047588115950169,-0.02252645182846416,2.554311883451219,56.929,71.173
1766335773.736491,133,102;103;104;105;200;201;202,67.169;68.558;69.643;45.694;69.181;72.198;78.896,0.4286389796881613,2.6511235071444563,1.4495593022464497,-0.25589723607669546,1.2407650430623218,0.11846893683844728,-1.307863099131642,0.41608581004747053,-1.3924233177694065,-0.504640350408907,-0.02217645794929818,2.5540743664465944,56.931,71.188
1766335773.833433,134,102;103;104;105;200;201;202,67.789;69.491;69.740;47.117;69.137;73.531;78.764,0.4282728962636375,2.650399484369982,1.4491380916194259,-0.2552227243556314,1.2409836113524446,0.1182820884925208,-1.3070994304318277,0.4167100844870369,-1.3927913447539704,-0.5049813491959128,-0.02185258171157861,2.553918719656469,56.935,71.157
1766335773.932510,135,102;103;104;105;200;201;202,67.676;68.590;69.524;47.579;69.177;72.212;78.702,0.42771185036564663,2.6499626567171686,1.4488582695748093,-0.2551577481409731,1.2414018067120165,0.11789657135399781,-1.3065733818114207,0.4170667103551804,-1.393260639164707,-0.5051448192634518,-0.021578470607714312,2.5542106645251907,56.938,71.133
1766335774.032912,136,102;103;104;105;200;201;202,66.843;68.518;69.788;46.300;69.046;72.674;79.360,0.4273869204158472,2.649506164075525,1.4488095468100703,-0.2555200925916068,1.2415207115430011,0.11790023222826512,-1.3062541893153417,0.4174801888699218,-1.3935521118781853,-0.5051684304826958,-0.021916164289299545,2.5544515566231065,56.947,71.121
1766335774.130655,137,102;103;104;105;200;201;202,66.712;68.756;69.730;45.445;69.242;72.692;80.460,0.4274935707516063,2.649907066874612,1.4486688012948894,-0.25563351111481963,1.2414242692680653,0.11793134158033855,-1.3063632241656178,0.41708717684081176,-1.3934328265435012,-0.5052540766892311,-0.022019007786229228,2.554336416738431,56.934,71.122
1766335774.230881,138,102;103;104;105;200;201;202,66.705;69.240;69.474;47.082;69.134;72.172;79.874,0.4271526073552766,2.649508681735843,1.4481299476995801,-0.2555202431587836,1.241719457803303,0.1175430683852696,-1.3056771192947483,0.417388439940143,-1.393748448119711,-0.5054553701407588,-0.022007385759543308,2.5544866328227345,56.927,71.091
1766335774.329363,139,102;103;104;105;200;201;202,67.133;69.114;68.844;45.178;69.502;72.150;79.212,0.42749137816160365,2.650542376271799,1.4484194589613786,-0.2555945245792814,1.2414841740432243,0.11767970008791286,-1.3064924563843419,0.41645279169053373,-1.3933687198078542,-0.5053626457184437,-0.021727410859288004,2.5542756473734722,56.912,71.119
1766335774.430065,140,102;103;104;105;200;201;202,67.298;68.638;70.133;45.585;70.192;72.544;79.465,0.42789911337280007,2.651772915922396,1.448984475232587,-0.2561005523705501,1.2411384326680532,0.11796327435209843,-1.3076409091100964,0.4153641705023811,-1.3929043350197547,-0.5050891657859294,-0.021685246074337527,2.55418278729824,56.902,71.162
1766335774.527203,141,102;103;104;105;200;201;202,67.417;68.191;70.245;46.792;69.510;71.025;80.212,0.42854743304735726,2.651952535246129,1.4494925671187184,-0.25676236149287573,1.240811202417442,0.11802374131834545,-1.3082283131889203,0.41528308260170504,-1.3923933715783479,-0.5043224046358666,-0.02232949434572956,2.554472233341204,56.911,71.193
1766335774.659274,142,102;103;104;105;200;201;202,67.437;68.633;70.148;46.446;69.777;72.331;79.381,0.42954041907932566,2.6525527258955535,1.4503567411670981,-0.2576957987569892,1.2401823236984213,0.11845285988535272,-1.3093660784694383,0.41485814725123393,-1.391568421748285,-0.5034098129619151,-0.023221205019153757,2.554633479334253,56.921,71.249
1766335774.761279,143,102;103;104;105;200;201;202,66.865;68.938;70.527;46.217;69.661;72.026;79.862,0.42839337203282946,2.6515686378288588,1.4496308917980283,-0.2578163798736102,1.2409432888831342,0.1179498816536872,-1.3081200367613026,0.4156571829639909,-1.3925451462071452,-0.5039590729602685,-0.023164963684611156,2.5551491404872033,56.924,71.192
1766335774.857452,144,102;103;104;105;200;201;202,67.052;67.629;69.918;44.154;69.016;72.607;78.463,0.42862057842203855,2.6510647708806516,1.4495681452404423,-0.25758265366511246,1.2406880611979576,0.11837655952309042,-1.307837283818178,0.41614190871905093,-1.3924432809492568,-0.5041098423605046,-0.02361660170261426,2.5548191727566723,56.932,71.187
1766335774.959749,145,102;103;104;105;200;201;202,66.818;67.404;69.429;45.862;69.156;71.917;79.582,0.4282604505835888,2.651034638468694,1.4494727263343794,-0.25786705086688105,1.2404559044388987,0.11834346431846371,-1.30769763937795,0.4161418177857694,-1.392711362820856,-0.5040887138689492,-0.023796361130535543,2.554652768795731,56.931,71.178
1766335775.059681,146,102;103;104;105;200;201;202,67.770;67.962;69.847;46.195;69.659;71.545;78.164,0.4281074986683577,2.6511747037589384,1.4496018334582799,-0.25807956224784045,1.2405716349592064,0.11820753275339826,-1.3078544709722726,0.41601526091476687,-1.3928002089058855,-0.5039823945056675,-0.023656381252846415,2.554861430641462,56.933,71.183
1766335775.156723,147,102;103;104;105;200;201;202,66.710;68.478;69.611;45.701;69.457;72.698;78.045,0.42793858888569064,2.6507085243740307,1.4496407060102077,-0.2575426085800424,1.2408172530573724,0.11828751735120112,-1.307621359439652,0.416455802477931,-1.392976485861772,-0.5042339630445771,-0.023250703275828677,2.554836849040909,56.945,71.176
1766335775.254513,148,102;103;104;105;200;201;202,66.975;68.508;69.600;46.782;69.871;72.898;79.556,0.4277995055341966,2.649818316887927,1.4493544982459428,-0.25647552965804926,1.2409746155015484,0.11830061027296969,-1.3069097000569405,0.4172652602252475,-1.3931945654643527,-0.5046117815643617,-0.022807733983563144,2.55450924656042,56.956,71.153
1766335775.353309,149,102;103;104;105;200;201;202,67.868;68.359;69.337;44.179;69.339;72.493;79.210,0.42788827647294697,2.6502387344020626,1.449483857626867,-0.25627286255624493,1.2409342912912553,0.11839672835587006,-1.307244150105187,0.4168834815569409,-1.393075121587304,-0.5047008101539147,-0.02245959403746875,2.5543402741756545,56.950,71.164
1766335775.451863,150,102;103;104;105;200;201;202,67.145;68.506;70.332;47.573;69.930;72.913;80.064,0.4279744536732177,2.649930286243296,1.4491856625564479,-0.2560288220535045,1.2406812877047764,0.1184361168557687,-1.3068547462369136,0.41714801787761935,-1.3930613173582886,-0.5047603235583625,-0.022723185759551817,2.5539998398498858,56.947,71.150
1766335775.552267,151,102;103;104;105;200;201;202,66.639;67.918;69.478;46.160;69.594;71.822;79.710,0.4286803119041754,2.650475553472621,1.4498792676196517,-0.2570199537904894,1.2404564819248718,0.11880183132892626,-1.3077895009061622,0.41674211622629104,-1.3924577343880442,-0.5041657930457822,-0.02348971555310017,2.554429891160355,56.954,71.194
1766335775.672130,152,102;103;104;105;200;201;202,66.325;68.585;69.955;46.416;68.702;72.685;79.176,0.42734546797799,2.6494699645258546,1.4486383014064235,-0.25603869532978824,1.241084929589397,0.11826651376739243,-1.3060919199197767,0.41749309662893375,-1.3935932338337027,-0.5052660588386708,-0.022748914834887002,2.554157727446814,56.943,71.113
1766335775.756895,153,102;103;104;105;200;201;202,67.095;68.187;69.121;47.779;69.172;73.579;79.578,0.42676100753880336,2.6481207661644515,1.4482052104685024,-0.2558545273033109,1.2415730945055923,0.11808625272105651,-1.304964441667301,0.41870088982807147,-1.3941937677528145,-0.505576281306811,-0.02293872115004436,2.554490927140653,56.961,71.072
1766335775.849133,154,102;103;104;105;200;201;202,67.132;68.439;69.286;44.701;69.114;72.626;79.610,0.42689134520994915,2.648926859126623,1.4483021576349675,-0.2559113500172682,1.2412479568848889,0.11816893260930245,-1.3054790372511742,0.41794981483776417,-1.3939999243905499,-0.5055448420771321,-0.022762041786220377,2.5541467867569745,56.946,71.087
1766335775.948277,155,102;103;104;105;200;201;202,67.141;68.708;69.377;44.715;69.471;73.097;79.921,0.4275549616396305,2.6490801732246125,1.4486310927729373,-0.2553911551077835,1.241076721200102,0.11854554715904526,-1.3059107910495358,0.41787449408119026,-1.3934881016964507,-0.5055010286061686,-0.02260950532858974,2.5538828355035443,56.950,71.112
1766335776.077705,156,102;103;104;105;200;201;202,67.149;68.101;69.439;46.445;69.836;71.959;80.699,0.4275746661763024,2.649460999369008,1.448639166098758,-0.25559248587433925,1.2408029214357938,0.11854322281834069,-1.3061179514097863,0.4175132412451913,-1.3934282994527172,-0.5053916305534227,-0.02269717588483608,2.5536924804656977,56.942,71.117
1766335776.178242,157,102;103;104;105;200;201;202,68.399;69.036;69.349;45.161;69.482;72.362;79.040,0.4267316893767492,2.6499940564815385,1.4486693311679206,-0.25512650905580764,1.2411346941537196,0.11836069505861035,-1.3063092508852028,0.4169659631579964,-1.3939740720362799,-0.5059017293113,-0.021393529381453474,2.553511475119762,56.935,71.112
1766335776.325012,158,102;103;104;105;200;201;202,67.455;68.444;69.412;47.090;68.479;71.689;80.456,0.4274305939544018,2.650676485197962,1.449132405821485,-0.2558323323318676,1.2410294529153452,0.11820620733854713,-1.3071287089222836,0.4164030825748822,-1.3933683500512795,-0.5051602400157483,-0.02174436156062029,2.553991367266198,56.931,71.148
1766335776.420861,159,102;103;104;105;200;201;202,66.974;68.873;68.978;44.949;69.919;72.597;79.776,0.42867977863510354,2.651892046627196,1.4501773420300814,-0.25685124085071565,1.2402183867728347,0.11899231636087665,-1.3087657654767688,0.4154250381549708,-1.392277334149521,-0.5043744878044818,-0.02265796796483896,2.553938855999382,56.933,71.222
1766335776.513542,160,102;103;104;105;200;201;202,68.239;68.027;70.009;43.680;69.481;70.883;78.974,0.4293533918963841,2.6536523364315783,1.4506411287770946,-0.2563093073664536,1.239495466217647,0.11928214232738783,-1.3101419352511006,0.4138323507273359,-1.391560695997376,-0.5042591522282613,-0.02180671649381849,2.5530060267832777,56.907,71.271
1766335776.610291,161,102;103;104;105;200;201;202,67.604;68.580;69.666;46.223;69.402;71.690;79.305,0.42860043858925384,2.6530482398419415,1.4501724909471505,-0.25632578798752387,1.2400698896863724,0.11866319086848216,-1.3093523369483437,0.4143178953623224,-1.392196686084143,-0.5044262108742766,-0.021547510832094996,2.5534658824293466,56.908,71.234
1766335776.704907,162,102;103;104;105;200;201;202,67.124;69.758;69.926;44.314;69.524;72.952;80.020,0.4282791169890276,2.6523847350808776,1.4497735762595096,-0.25588436971067857,1.2404062632695407,0.11858980113555893,-1.308644243618004,0.41488938411358384,-1.3925246224940593,-0.5048458772147165,-0.021415716812927754,2.553484929046,56.911,71.206
1766335776.805433,163,102;103;104;105;200;201;202,67.204;68.594;69.553;45.615;69.786;72.791;79.546,0.42822421751823864,2.651756722485472,1.4498006065076716,-0.2555794222348281,1.240565514227042,0.11868734203414262,-1.3083324100187477,0.41548861533907705,-1.392638312129187,-0.5049479247933106,-0.02138665341696916,2.5535434558651886,56.926,71.199
1766335776.911077,164,102;103;104;105;200;201;202,68.497;67.505;69.950;47.102;69.667;72.325;79.471,0.42790283214460306,2.651256948887912,1.4494825999287804,-0.25517682362233735,1.2408109851339348,0.11833760100838797,-1.3077744099989401,0.4159130320851772,-1.3929433100144502,-0.5050653743586349,-0.0210759595620012,2.553588924519193,56.928,71.176
1766335777.064465,165,102;103;104;105;200;201;202,67.114;68.323;69.373;47.648;68.982;72.881;80.006,0.4280494382206344,2.6506379795048374,1.4493908016205874,-0.25521633238197516,1.2407466845531654,0.1184184083891203,-1.3073978157121848,0.4165002226763998,-1.3929146385696274,-0.5049670664876214,-0.02158573929363275,2.5536450483250484,56.938,71.167
1766335777.196097,166,102;103;104;105;200;201;202,67.745;68.258;70.862;45.329;69.544;72.388;79.115,0.4281804816738912,2.6507012410471837,1.4495030488706186,-0.25541479726775734,1.2406330776676127,0.11848797763740383,-1.3075382876293786,0.4164592079569589,-1.3928077561460606,-0.5048234757958654,-0.021791535653244903,2.5536732809716645,56.940,71.174
1766335777.307397,167,102;103;104;105;200;201;202,67.530;68.331;69.849;44.695;68.661;72.107;80.038,0.42744645403238146,2.651030740174687,1.4491963647321058,-0.25511138074930356,1.241216505565425,0.11811848989712523,-1.3073665275542652,0.4160733162546341,-1.3933120739304377,-0.5053749207342759,-0.020837902383792684,2.5538066835537894,56.926,71.155
1766335777.407310,168,102;103;104;105;200;201;202,66.029;68.254;69.980;46.938;68.924;72.595;78.630,0.42830010886129916,2.650210081141552,1.4494587042364422,-0.25531053578122515,1.2407857040583934,0.11846439217507715,-1.3072628625067375,0.4169285355038049,-1.3927813790284673,-0.5047793362747519,-0.021964077058487602,2.5538611535757587,56.949,71.169
1766335777.504197,169,102;103;104;105;200;201;202,68.142;68.331;69.429;46.098;69.372;73.816;78.471,0.4287860210086334,2.650526490627989,1.4501140557905243,-0.25496920385523225,1.2406469698710194,0.11890779010790804,-1.3080189936171052,0.4167254482809284,-1.3923657416885118,-0.5046667468165581,-0.02160401942988563,2.5536979287660286,56.960,71.206
1766335777.599011,170,102;103;104;105;200;201;202,68.757;67.769;69.773;45.523;69.462;71.997;79.401,0.4290139451544155,2.651562771189604,1.4503251805341653,-0.2551497953613764,1.2406756487476311,0.11872916403922153,-1.3087574350579174,0.4157724601279846,-1.3920688419138705,-0.5044915703684785,-0.02119112775876833,2.55380489285638,56.943,71.229
1766335777.696412,171,102;103;104;105;200;201;202,67.538;68.624;69.796;45.893;69.754;73.212;80.101,0.42892744390211873,2.6510285601080392,1.450459535511249,-0.2556078623781981,1.2407898955297145,0.11885647324649593,-1.3085767732204787,0.4162928363072318,-1.3921897240089771,-0.504380293170555,-0.021713229417280627,2.5541711884024947,56.959,71.227
1766335777.795330,172,102;103;104;105;200;201;202,68.153;68.092;70.175;44.569;69.380;72.413;78.986,0.4287524129606211,2.6514935246530795,1.4504186868745823,-0.2556250130544841,1.2408065894723068,0.11880407261083753,-1.3087625881613285,0.4158360608031155,-1.3922626231508821,-0.5045256770042399,-0.021417486225176946,2.554075134411712,56.949,71.228
1766335777.894513,173,102;103;104;105;200;201;202,67.584;68.533;69.947;46.929;68.829;72.453;79.127,0.42872842981728515,2.6512776773833515,1.450307491763183,-0.2558736516550087,1.2408271753820823,0.11859182215917628,-1.3085577022428307,0.41602812093776503,-1.3923101943379967,-0.5043252691138234,-0.021692751195342586,2.554274348235719,56.950,71.221
1766335777.995206,174,102;103;104;105;200;201;202,66.766;68.525;69.233;46.895;68.890;71.453;79.676,0.4287394575516834,2.6512030076495936,1.4502968837286463,-0.256023649913677,1.2412269702307397,0.11821259069270755,-1.3085117940114717,0.41609867989613625,-1.392311540484535,-0.5041381811396456,-0.021586861322962475,2.554808925309672,56.951,71.220
1766335778.091343,175,102;103;104;105;200;201;202,66.866;67.880;71.006;45.922;68.800;72.936;79.262,0.4282813401792031,2.6503772991956205,1.4496004341791653,-0.25528314373120814,1.2412482726473233,0.1180838894946335,-1.3074615455730505,0.41678424304883444,-1.3927694119671525,-0.5046322235337892,-0.02146297655988516,2.5543600203809818,56.949,71.176
1766335778.193533,176,102;103;104;105;200;201;202,67.056;67.526;69.681;44.963;70.252;72.313;78.583,0.42935939670977474,2.6516566099746846,1.4505919289813973,-0.2558736132769246,1.2406227379397592,0.1186994655255974,-1.3090662547692005,0.4157303441018217,-1.3917969023233092,-0.5039993586421057,-0.02179169868356498,2.554248680992657,56.948,71.246
1766335778.292473,177,102;103;104;105;200;201;202,66.976;68.033;69.920;46.861;69.891;73.519;79.851,0.42955603565239064,2.6512531470199803,1.4506263227590137,-0.2559376041640206,1.240374375149889,0.11897719966261924,-1.3089100654405565,0.4161287634310963,-1.3917012801035602,-0.5039279842395662,-0.022309897937913353,2.5541109270687143,56.957,71.246
1766335778.390273,178,102;103;104;105;200;201;202,67.585;68.811;70.139;44.675;69.364;72.010;79.662,0.4292192943977975,2.6515655548268033,1.450205012457703,-0.25593659435732335,1.2404450075910645,0.11862605172228473,-1.3086889338247654,0.4157664096496806,-1.3919247192841675,-0.5041057671574175,-0.022080785456148694,2.554028497204583,56.939,71.227
1766335778.491886,179,102;103;104;105;200;201;202,66.432;68.105;69.800;45.528;69.453;72.606;79.764,0.42991013340302875,2.65162598273577,1.4507294713748962,-0.2559721461643587,1.2402830591532197,0.11900506810778956,-1.3092331829534085,0.4158024209993687,-1.3913964270137205,-0.5037877895495227,-0.02233616922700865,2.5541003317490203,56.951,71.259
1766335778.590253,180,102;103;104;105;200;201;202,66.756;69.018;69.055;47.677;69.318;73.766;79.289,0.42914865715557204,2.650065222789649,1.450299801981335,-0.2559478515556411,1.2406060532541334,0.11897805214303696,-1.3079764147925792,0.41720443796845286,-1.3921506021264787,-0.5041306041072299,-0.022776656423480784,2.554310869888197,56.974,71.213
1766335778.689511,181,102;103;104;105;200;201;202,66.903;68.582;70.656;45.351;69.002;72.151;80.304,0.42844460009694574,2.6498225389085452,1.4495773267664653,-0.2555717446969148,1.2412519058096405,0.11841360597757676,-1.30717589375425,0.417318808889195,-1.3927180937761245,-0.504683641036547,-0.022203726196157653,2.554517854700945,56.960,71.171
1766335778.783730,182,102;103;104;105;200;201;202,67.670;69.269;70.052;47.101;69.043;72.740;79.604,0.4282554013019303,2.6496785649887826,1.4493868058289772,-0.25558838004055173,1.2415112553908807,0.11820496198947796,-1.3069227370644514,0.41742499933222066,-1.392879789897779,-0.5047765641711689,-0.02213436697075105,2.554730905456476,56.958,71.159
1766335778.883578,183,102;103;104;105;200;201;202,67.331;68.553;69.951;45.029;68.948;72.819;79.379,0.42796838696377987,2.649678216376529,1.4489017594158213,-0.25456385904158974,1.241476632492021,0.11821054508222255,-1.3064940853084384,0.417355756818416,-1.393106969438621,-0.5054096872486009,-0.021419040170922526,2.554026441011567,56.944,71.135
1766335778.985242,184,102;103;104;105;200;201;202,67.393;68.161;69.835;47.157;69.392;71.421;79.618,0.42774178963297005,2.650738593373036,1.449268312498623,-0.2554405093372259,1.2416119498324818,0.11793989861101355,-1.3073111992882096,0.4163749328599459,-1.3931302510227148,-0.50511497151966,-0.02117311505227565,2.5544884518438034,56.933,71.159
1766335779.081251,185,102;103;104;105;200;201;202,67.417;69.045;69.746;45.616;69.193;73.295;79.373,0.42782124886919193,2.6506483771174727,1.4494768667297502,-0.25527280809570735,1.241545572590781,0.11810519216569189,-1.307442728703539,0.4164886667359875,-1.393075146686091,-0.5050905715677134,-0.0210714943237921,2.5543954322906197,56.941,71.167
1766335779.179747,186,102;103;104;105;200;201;202,66.980;68.734;69.247;47.464;69.991;72.798;80.105,0.4280318340352143,2.6502498966912764,1.44932851021404,-0.25566506228022656,1.2414153508760064,0.11809173664108705,-1.3071435480266174,0.4168623509249692,-1.3929760651807181,-0.5048542262549396,-0.02183493303859435,2.5545533047975164,56.945,71.160
1766335779.279019,187,102;103;104;105;200;201;202,67.141;67.492;69.306;45.363;69.431;72.340;80.273,0.42932818094382413,2.6516675137226553,1.4504890698892992,-0.2567517193433793,1.2406390822285367,0.11875090151091172,-1.308984978256423,0.41570675482120406,-1.391822334579635,-0.503915143203589,-0.02260197711000264,2.5546104213375727,56.945,71.241
1766335779.380289,188,102;103;104;105;200;201;202,67.516;69.215;69.578;43.744;69.363;73.335;79.563,0.42973678635982443,2.652450153031888,1.4508163174506017,-0.25600395082690963,1.2403773053205767,0.11913509809380207,-1.3097085987645383,0.41501767482226537,-1.3914200535080505,-0.5041186177251116,-0.021859128894624907,2.5539916402840603,56.937,71.270
1766335779.477800,189,102;103;104;105;200;201;202,67.581;69.126;70.752;46.515;68.579;72.056;79.236,0.4288499829692156,2.651865531531676,1.4502114474862904,-0.2560363436676692,1.2408865169556687,0.1186383945636308,-1.3088017079975078,0.4154626778110348,-1.3921559536547747,-0.504491048120319,-0.021689262490378697,2.5542909032797056,56.934,71.226
1766335779.577466,190,102;103;104;105;200;201;202,67.766;68.558;68.724;47.921;69.130;71.636;79.187,0.42825963061667216,2.651903543369122,1.450092169867581,-0.2564394918352968,1.241350608254855,0.11800763023588001,-1.308648224705355,0.4153834288123826,-1.3925834377287594,-0.5043675654878617,-0.02136405301703534,2.554870066901418,56.931,71.213
1766335779.675659,191,102;103;104;105;200;201;202,66.502;68.502;69.710;45.562;69.594;73.119;79.487,0.42825256302328885,2.6510195537107326,1.4498402641536425,-0.2565748713968371,1.2410803444307932,0.11830249074012587,-1.3079848875899298,0.4161975497691189,-1.3927041547552528,-0.5044305475289226,-0.022248430850408313,2.5546912111980853,56.943,71.193
1766335779.774734,192,102;103;104;105;200;201;202,67.338;69.029;69.460;44.933;70.517;72.340;79.854,0.4287000422736931,2.652330138889546,1.4505217978940435,-0.25710408203693635,1.2406767735348647,0.11860005626051079,-1.3092735319751105,0.41504724337009347,-1.3921964603855566,-0.5040677102102388,-0.02216061982198425,2.554585697268392,56.934,71.241
1766335779.872112,193,102;103;104;105;200;201;202,67.658;68.100;69.669;47.391;70.510;73.023;79.800,0.4293168455976456,2.652548773356527,1.4509603648610323,-0.257709765462924,1.240307353422648,0.11885485840189262,-1.3098209601064472,0.4149190359738899,-1.3917063118430069,-0.5035217873417395,-0.022858291449627782,2.55471859071588,56.940,71.270
1766335779.975326,194,102;103;104;105;200;201;202,67.052;68.190;68.474;46.228;70.538;73.263;78.851,0.4296366190307203,2.6520582806970907,1.4511326567901588,-0.2572265591653073,1.2400417722747232,0.11932924889373125,-1.3097467471493673,0.4154221559484132,-1.3915265464215814,-0.5035953692110632,-0.02301557091671602,2.554335948675289,56.955,71.276
1766335780.072356,195,102;103;104;105;200;201;202,66.799;68.666;70.367;45.599;68.947;72.819;78.858,0.42986462366255634,2.651978095281434,1.4508100394832137,-0.2570444583544706,1.2398186564673697,0.1193564387060123,-1.3094750415983836,0.41547348384119187,-1.3913841391680972,-0.5036545418413756,-0.023306092526991007,2.5540450936976535,56.946,71.266
1766335780.171295,196,102;103;104;105;200;201;202,67.798;68.423;69.925;45.840;69.408;72.747;79.405,0.42920625652044814,2.652035053403617,1.4503288577649822,-0.25675153363504977,1.2400108201204418,0.119068411577074,-1.3090309517131185,0.41533205092136577,-1.3918731683872723,-0.5041130043286646,-0.022795054587856134,2.5538515374287907,56.933,71.238
1766335780.272312,197,102;103;104;105;200;201;202,68.184;68.746;70.037;48.097;68.638;71.888;80.449,0.42821082351916867,2.6517107582146693,1.4496137683468313,-0.256310815579764,1.240705361797325,0.11823682122670076,-1.308156256236022,0.41551057549387604,-1.3926609861651313,-0.5045617619847237,-0.021914884695416886,2.554093644981832,56.921,71.191
1766335780.376061,198,102;103;104;105;200;201;202,66.979;68.333;70.901;46.267;69.133;72.432;79.736,0.4270267452957495,2.6508547293846396,1.448910092847339,-0.2558321749395384,1.2414494617367204,0.11763463861101267,-1.3069894849842307,0.4161874738428207,-1.3936483024643653,-0.5051878514377349,-0.021215239366612654,2.5543282574042783,56.922,71.136
1766335780.465167,199,102;103;104;105;200;201;202,67.115;68.929;69.821;47.127;69.552;73.054;79.247,0.42781094835876327,2.6503106559263236,1.4492519456144073,-0.25644587530460433,1.2409934216551215,0.118078704612244,-1.3070845467367878,0.4167846405874453,-1.3931318039626028,-0.5045998995384439,-0.02252967492836702,2.5544763424126455,56.942,71.154
1766335780.567194,200,102;103;104;105;200;201;202,67.117;68.542;69.440;46.506;69.847;72.012;79.570,0.4276388765889447,2.650414282479218,1.4492859447700595,-0.2566869567001007,1.2412648119038139,0.11787817735682972,-1.3071433217349295,0.41668106089889223,-1.3932426804979314,-0.504561128450381,-0.022405530309513866,2.554823080018929,56.941,71.154
1766335780.665922,201,102;103;104;105;200;201;202,67.099;68.063;69.847;46.744;69.411;72.374;80.288,0.42780861120304586,2.650746348297463,1.4493581839387322,-0.2571780254710148,1.2413523897200776,0.11777725514777954,-1.3073963827387436,0.41638110797533207,-1.3930773654965063,-0.5043620307002942,-0.022651339857052227,2.555161564215683,56.936,71.164
1766335780.764324,202,102;103;104;105;200;201;202,67.488;67.292;69.741;46.113;69.554;71.962;78.280,0.42835341565176294,2.6510608637645756,1.4499488588403169,-0.25723195158796003,1.2409855632081568,0.11810955701567928,-1.3081070418782899,0.4161755165652432,-1.3926218769260532,-0.5039701776734963,-0.02272859073566949,2.5550244954395143,56.945,71.199
1766335780.865614,203,102;103;104;105;200;201;202,66.447;68.510;69.008;45.102;69.825;72.872;77.912,0.4296828892348136,2.6513811578581445,1.4509908701405936,-0.25768581128493717,1.2406382765859922,0.11881619707048881,-1.3092868520859524,0.4160541983908986,-1.3915795304727971,-0.5032508281191445,-0.023436619368789463,2.5552918904118647,56.965,71.264
1766335780.962177,204,102;103;104;105;200;201;202,67.992;68.255;69.165;47.077;69.414;72.303;78.793,0.4286861893611376,2.650883624818029,1.45034481445485,-0.25750813553419954,1.2411616928314153,0.11827906901592099,-1.308377472929005,0.41640604803848674,-1.3923862297862943,-0.5037307714371514,-0.022992943464109683,2.5554653426694793,56.960,71.217
1766335781.063670,205,102;103;104;105;200;201;202,67.427;68.236;69.442;43.979;69.608;73.794;79.118,0.4288631278396479,2.6503913921997273,1.4504497578877045,-0.2566571925627461,1.2411918860779196,0.11868378169792353,-1.308229385271875,0.41689618840396486,-1.392312525028294,-0.5040625802023033,-0.022678846685126264,2.555127004807544,56.973,71.219
1766335781.161669,206,102;103;104;105;200;201;202,67.367;68.447;70.772;45.805;70.106;73.317;79.832,0.42860608398439937,2.6492788964684357,1.4500356835814994,-0.2565658188202649,1.241341096809065,0.11868058389662905,-1.3072838565499008,0.4178973896499368,-1.3926473940918456,-0.5042626824251865,-0.023186183552766026,2.5552161738343364,56.985,71.186
1766335781.259758,207,102;103;104;105;200;201;202,68.278;68.777;70.712;47.738;70.622;72.779;79.464,0.4284094305291122,2.650021258432554,1.450186176446542,-0.256960486121616,1.2413363990760704,0.11853280813456549,-1.3077652606234216,0.41719669788844854,-1.392695582486571,-0.504176098038968,-0.022920245261323746,2.555306010825685,56.975,71.197
1766335781.359896,208,102;103;104;105;200;201;202,66.081;68.377;69.916;43.627;69.057;72.469;80.131,0.4288644456769824,2.651188626000787,1.4503142055260914,-0.2572591229436466,1.240831061197107,0.11874309177816202,-1.3085346202997599,0.4161205848156019,-1.3922220919326418,-0.504050293319354,-0.023050574735856727,2.554915682998121,56.952,71.222
1766335781.456304,209,102;103;104;105;200;201;202,67.616;68.455;69.092;46.703;69.390;72.882;79.531,0.42766010321878484,2.6498275034848566,1.449450714061643,-0.25599678237445134,1.2414700526763078,0.1182306879904207,-1.30697378466907,0.41726046623848023,-1.3932905661279509,-0.5048909910586081,-0.022072757763123035,2.5547114606752297,56.959,71.155
1766335781.554778,210,102;103;104;105;200;201;202,67.315;68.779;69.023;46.762;69.483;72.486;80.156,0.4279867284547492,2.6503860903730363,1.4499298211599083,-0.2564950738751267,1.241658566496882,0.11824650569080378,-1.307693014159014,0.4167985500401288,-1.3929684658066337,-0.5045798049773291,-0.02206590677881448,2.555211931469488,56.960,71.185
1766335781.654295,211,102;103;104;105;200;201;202,66.825;68.130;70.161;44.761;69.907;73.649;80.112,0.42880277597708044,2.6508345500994905,1.450495098015916,-0.25654325608208617,1.2410590558778247,0.11892888068485113,-1.3084883095741955,0.4164756845971497,-1.3923016439445137,-0.5043249683469454,-0.022458029856839368,2.5548084830229607,56.965,71.225
1766335781.752838,212,102;103;104;105;200;201;202,67.849;68.832;68.835;45.313;69.837;71.772;78.225,0.4283652584590668,2.6511720119286815,1.4503438046599877,-0.256527393265221,1.2409688486118862,0.11870640677127349,-1.3084845712964792,0.4161148878791868,-1.3925841949234166,-0.5044196304714579,-0.022082211465844798,2.554586537099839,56.955,71.216
1766335781.856128,213,102;103;104;105;200;201;202,67.858;68.310;70.519;46.655;68.439;72.157;79.382,0.42767105911648257,2.650788977338069,1.449732244507327,-0.25675916229930823,1.2415237962041707,0.1180643911825274,-1.307701972760436,0.4163760694684603,-1.393156890145063,-0.5046185685567137,-0.022025833457151894,2.555076770111845,56.947,71.177
1766335781.953049,214,102;103;104;105;200;201;202,68.057;68.346;69.335;47.323;68.932;73.096;80.166,0.4275213769892031,2.650510060269734,1.4496446800246983,-0.2565558548874155,1.2417074191768431,0.11795939234114873,-1.3074668414990709,0.41662461700912035,-1.3933019933934625,-0.5047122256689407,-0.021853053822625423,2.5551534368418114,56.950,71.168
1766335782.054431,215,102;103;104;105;200;201;202,67.505;68.087;69.945;47.265;69.111;72.130;79.916,0.4275671582920396,2.650873261172348,1.4495778607608032,-0.2563592178184122,1.2414902637944365,0.11786376074040648,-1.3076078113263694,0.41627293651362857,-1.3932282307626136,-0.5046772121987463,-0.02161331233301353,2.554847753961514,56.940,71.170
1766335782.154948,216,102;103;104;105;200;201;202,66.965;68.807;69.318;47.461;68.705;72.693;79.696,0.4274957817669501,2.6507481035120826,1.449481346706402,-0.25602325948323823,1.2416393360907807,0.11777705559326967,-1.307455641139032,0.4163777461603934,-1.3932986826898601,-0.5048113697769795,-0.021322941985595423,2.5548216520741907,56.940,71.164
1766335782.252842,217,102;103;104;105;200;201;202,68.452;68.111;70.035;45.375;69.440;72.117;79.379,0.42834328032191665,2.651760121541696,1.4503348834473444,-0.25694593489601125,1.2411205754490817,0.11806304423455136,-1.308780145080464,0.4155518928813265,-1.3925302715872185,-0.503978064975666,-0.021850598705341062,2.5550049333794096,56.942,71.222
1766335782.352256,218,102;103;104;105;200;201;202,67.286;69.098;69.699;47.619;69.384;72.978;80.912,0.4280770323468514,2.6512917232397104,1.4498787111948663,-0.2568496794853413,1.2411673417018692,0.11789941914610998,-1.3081343918265942,0.41593357049750906,-1.3927972062427605,-0.5041592240299936,-0.02204485652941726,2.554938075386707,56.939,71.195
1766335782.489637,219,102;103;104;105;200;201;202,67.281;68.488;69.393;44.771;69.710;73.793;80.776,0.4283549378355158,2.6516404149290715,1.4502314337659408,-0.2569176682357009,1.2410791358299575,0.118270355341547,-1.3086361161253712,0.41565492103158236,-1.3925402905397701,-0.5041757422719656,-0.022051745718049715,2.554886131668394,56.941,71.217
1766335782.586077,220,102;103;104;105;200;201;202,67.976;68.860;68.932;44.148;69.316;72.603;80.357,0.42852662244156436,2.6521912007691872,1.4503681360078025,-0.25689214960735596,1.240995596569761,0.1184146997920495,-1.3090549038246098,0.41515369872886626,-1.3923447498082526,-0.5042362179392773,-0.021869332298421973,2.5547486282374843,56.933,71.231
1766335782.685625,221,102;103;104;105;200;201;202,67.769;67.864;70.080;44.874;68.966;72.531;80.143,0.4280476302816232,2.6520113754705017,1.4500045450471502,-0.2563873397696456,1.2412497470395258,0.11825503218920706,-1.3086059870980011,0.41526004323740234,-1.3927274910525476,-0.5046972592645147,-0.021342891814770643,2.5545857633333195,56.927,71.208
1766335782.778957,222,102;103;104;105;200;201;202,67.261;68.846;68.869;46.624;68.642;72.261;79.717,0.4271328614551017,2.6514180025815177,1.4490814656405662,-0.2555726977243992,1.241863210787219,0.11764143458069831,-1.3074343567857165,0.4156751482364486,-1.3934974139379501,-0.5054239105173148,-0.020556945363859408,2.5545294137582077,56.915,71.150
1766335782.879303,223,102;103;104;105;200;201;202,67.238;68.319;70.189;45.810;69.010;72.140;80.676,0.4274577234492413,2.651744613227552,1.4491848127177422,-0.2554515642147966,1.241685191437044,0.11766255400049791,-1.3077298915692745,0.41539177357884866,-1.3932191468371895,-0.5052759667168529,-0.020479874229383077,2.554377969878111,56.910,71.163
1766335782.978095,224,102;103;104;105;200;201;202,67.576;68.760;70.171;45.983;69.198;72.389;79.868,0.42751883717140965,2.65186272781663,1.4494480369361489,-0.2555549909566191,1.2417517807840408,0.11754670900519044,-1.3080113359254357,0.4153121174179534,-1.3931502639949502,-0.5050261329365456,-0.020312557534564096,2.5545848313787434,56.915,71.176
1766335783.075707,225,102;103;104;105;200;201;202,67.879;68.483;68.628;45.951;70.226;72.876;78.587,0.42834557662179035,2.6516695536439325,1.4501241035184465,-0.25599389020635716,1.241126892382481,0.11812524450310427,-1.3085635693352877,0.4156145003598799,-1.3925479010545043,-0.5043711006161924,-0.0212358950118402,2.55451284608558,56.937,71.213
1766335783.173832,226,102;103;104;105;200;201;202,67.538;69.011;69.970;47.386;68.467;72.939;81.347,0.4286521307558357,2.6517330342113,1.450126324037684,-0.25658163435578984,1.2407832872037177,0.11819896444701537,-1.3086384164288551,0.4155695232406559,-1.3923183764168476,-0.5040332358612273,-0.022013618947695185,2.5545441777084186,56.935,71.218
1766335783.275072,227,102;103;104;105;200;201;202,66.817;68.032;69.501;47.031;69.866;72.653;79.134,0.42933751956603233,2.652136080004717,1.450822818352907,-0.25753608124932587,1.2403953503738594,0.11858884753205544,-1.3094984828124998,0.41529810704486086,-1.3917462129744516,-0.5033671561320125,-0.02286068202185143,2.554834280489545,56.945,71.260
1766335783.371614,228,102;103;104;105;200;201;202,67.017;69.101;69.564;47.196;69.238;73.427;79.766,0.4290678994262551,2.6512097321487476,1.450507667705921,-0.2571181778522635,1.240701423572704,0.11842937543322266,-1.3087280617731312,0.4161324939752519,-1.392064538689986,-0.503569277685006,-0.022820421347953035,2.5549464155309827,56.956,71.233
1766335783.471376,229,102;103;104;105;200;201;202,68.192;68.781;69.371;46.794;69.083;73.412;79.587,0.42849358398052634,2.6506526359213236,1.4501116322272456,-0.2564621334308239,1.240933723598218,0.1182137836940267,-1.3080443477137567,0.4165902984561694,-1.3925625213281316,-0.5039840708709858,-0.022290570027868023,2.5547439765373925,56.958,71.203
1766335783.570683,230,102;103;104;105;200;201;202,67.189;69.890;69.826;46.563;69.098;72.569;80.432,0.4276356171527905,2.6506344602089595,1.4496208388908223,-0.25638930735233223,1.2414318064906864,0.11775625318683129,-1.3075272376202642,0.41650899798480395,-1.3932054241586942,-0.5044499112449496,-0.021733482248134345,2.554917197600047,56.947,71.170
1766335783.667404,231,102;103;104;105;200;201;202,68.230;69.388;69.837;44.751;69.541;72.978;79.269,0.42883617452673733,2.6527382905606873,1.4507003141559351,-0.2571457877272654,1.2408001716027954,0.11837974635454507,-1.3096471699618408,0.41468496775106106,-1.3920419400957535,-0.5038549499296556,-0.02184014296799247,2.5547934046601797,56.930,71.255
1766335783.766563,232,102;103;104;105;200;201;202,68.901;68.523;70.240;45.840;69.553;72.879;80.540,0.42855951494170197,2.6530255250779775,1.4508207979687748,-0.25709297350220706,1.2412147378276424,0.11816753130213352,-1.3098573194225862,0.4144108237962805,-1.392202844759981,-0.5039676079366565,-0.021217726775952822,2.5550924998549736,56.928,71.259
1766335783.899030,233,102;103;104;105;200;201;202,66.256;68.706;69.633;46.474;68.473;72.693;80.526,0.4273066070351213,2.6518776350591904,1.4495151286274133,-0.2560135734563212,1.2416565011709415,0.11764042164874683,-1.3080454182350765,0.415294845835108,-1.3932993791930348,-0.504991287146215,-0.020608065299599715,2.554645761520846,56.918,71.176
1766335783.997989,234,102;103;104;105;200;201;202,67.567;68.815;70.307;46.036;69.473;72.613;80.130,0.42717844959708884,2.651201949035947,1.4493972632447343,-0.2558191374747879,1.2416612538810754,0.11765067969691306,-1.3075824024314924,0.41591940584492654,-1.393477592063764,-0.505024861275946,-0.02075983561134437,2.5546052348844075,56.929,71.161
1766335784.098514,235,102;103;104;105;200;201;202,66.757;68.563;70.075;46.097;69.500;73.255;80.296,0.4276642721665692,2.650734857314867,1.4496882147121335,-0.256491668200467,1.2416452551451935,0.11783512018682682,-1.3076374707277678,0.4164223418926634,-1.3931700180320847,-0.5045614823507396,-0.021713586445030963,2.5551243030309894,56.946,71.175
1766335784.196842,236,102;103;104;105;200;201;202,68.027;68.672;69.377;46.102;70.212;74.089;79.682,0.42839888876585946,2.651255698215755,1.4503764290191572,-0.25633403545502387,1.2413539778532507,0.11835843679110859,-1.3085587435248565,0.4160404512415234,-1.3925485606619032,-0.5043337488848767,-0.021612086330215052,2.554932697035713,56.954,71.219
1766335784.295458,237,102;103;104;105;200;201;202,68.293;68.291;69.040;46.086;69.487;73.179;79.317,0.4285226966963751,2.651563332504497,1.4507671728959468,-0.25657454978883476,1.241214452164583,0.11851866296311206,-1.3090496016480253,0.41579746855748734,-1.3924065107793642,-0.5041299988760384,-0.021606617510555537,2.5549617588600544,56.959,71.240
1766335784.393518,238,102;103;104;105;200;201;202,67.395;68.134;69.597;47.889;68.139;72.809;79.807,0.42764438021061746,2.6502817439029327,1.449883150455027,-0.2569936201614702,1.2413793458200244,0.1181432501216186,-1.3075564021182826,0.4168756260144075,-1.3932306002634054,-0.5043740134227251,-0.022427946364552004,2.5551571431837585,56.962,71.177
1766335784.492600,239,102;103;104;105;200;201;202,67.353;68.737;69.207;47.794;68.939;73.225;79.570,0.42727579565996604,2.6492527117078506,1.4496638838610687,-0.25668084594100116,1.2417324378711172,0.11798500661221967,-1.3067964838220305,0.4178136333292352,-1.393628657544176,-0.5045294075129811,-0.022395594580029127,2.5553735628496135,56.979,71.151
1766335784.592618,240,102;103;104;105;200;201;202,68.114;67.790;68.877;43.371;70.023;73.531;79.969,0.4286039450166617,2.65103090565984,1.4507072994927295,-0.25645136172691035,1.2406814988483792,0.1189761414681442,-1.3087353289472132,0.41630253958939717,-1.3924136318153992,-0.504197130409269,-0.02218390154586039,2.5544105969348885,56.968,71.233
1766335784.691202,241,102;103;104;105;200;201;202,67.791;67.979;69.606;45.508;69.269;73.769;79.656,0.4288819425924661,2.6510222295297634,1.4505409107390717,-0.25588007679991126,1.2406003281717737,0.11902087847067049,-1.3086330988475339,0.41630582491261586,-1.3922201410882955,-0.504332862299301,-0.0219998692005835,2.554096836120812,56.962,71.230
1766335784.792433,242,102;103;104;105;200;201;202,67.578;68.660;69.231;45.295;70.294;73.322;80.435,0.42917172300984713,2.651403859801361,1.4508261311049413,-0.2560029197223622,1.2405727570663228,0.11929008968818924,-1.3090990751826703,0.41598855545782576,-1.391953431555828,-0.5043215846481361,-0.02202724593396113,2.5541325616777577,56.962,71.250
1766335784.888741,243,102;103;104;105;200;201;202,67.428;68.157;69.347;46.301;69.377;73.181;79.267,0.4294509776105376,2.651437918714794,1.4512709699357262,-0.25667594876029115,1.2403316510917262,0.11953236324702829,-1.3095116707826295,0.416020211060404,-1.3917293075215127,-0.503889481351873,-0.022634197189125654,2.554350281044877,56.973,71.272
1766335784.988515,244,102;103;104;105;200;201;202,68.050;68.331;69.996;46.261;70.485;71.785;80.651,0.4288351132266878,2.65176507262253,1.450945720301732,-0.25697183035727716,1.240735248703412,0.11895393463169351,-1.3093390858731975,0.41564083031740406,-1.392149124682056,-0.5040030843769094,-0.022241057127707464,2.5547030816613194,56.959,71.254
1766335785.088598,245,102;103;104;105;200;201;202,67.184;68.182;69.083;47.433;69.958;72.908;80.102,0.42976638948926416,2.6520430196479206,1.4516636845375637,-0.2577187164172212,1.2403172629697476,0.11933207656694866,-1.310183552176319,0.41550305222336387,-1.391412969147161,-0.503233900480275,-0.02309337018224142,2.5549681091935357,56.971,71.299
1766335785.187915,246,102;103;104;105;200;201;202,66.885;68.518;69.609;46.598;69.201;73.485;80.396,0.4295832317526263,2.6514157893305184,1.4513631566394432,-0.2575636826168146,1.2402729565290782,0.11931007698231874,-1.30959174095288,0.4160582832039554,-1.391632500932294,-0.5033497118165415,-0.02334445221729567,2.5548428257519955,56.976,71.277
1766335785.287776,247,102;103;104;105;200;201;202,67.368;68.143;70.228;48.241;69.803;72.158;80.744,0.42945002873028776,2.6513872048010834,1.451300230973862,-0.2583908489473026,1.2403501690704537,0.11898864560772623,-1.3095087797770126,0.4160718353691176,-1.3917348577265596,-0.502992829099178,-0.023875584243754494,2.5553420585602105,56.975,71.273
1766335785.387096,248,102;103;104;105;200;201;202,68.772;68.457;70.203;45.811;68.197;72.609;79.353,0.42838782366470035,2.6513816539590622,1.4509229889984403,-0.25779778653717156,1.2409560162741502,0.1185124753550835,-1.309063127586647,0.4159816352395006,-1.3925195251725995,-0.5036269435125709,-0.022643114686125065,2.5553471909740564,56.968,71.242
1766335785.483483,249,102;103;104;105;200;201;202,66.469;68.590;69.931;46.044;69.237;73.896;80.706,0.4281614645681966,2.650699154649217,1.450408494951578,-0.25757919373186455,1.2408904996605403,0.11861883905551086,-1.3082643172684032,0.41656301195681045,-1.3927854778288213,-0.5039918233143326,-0.02303636776490192,2.5550742532291144,56.967,71.210
1766335785.585741,250,102;103;104;105;200;201;202,67.163;68.868;69.978;45.551;69.649;72.765;80.038,0.42872441596689653,2.650946148442967,1.4503445941188744,-0.25755646499541845,1.2408829076097507,0.1186150750385108,-1.3084147859711424,0.4163482996403248,-1.3923511201371588,-0.5038755330151543,-0.02325208570457543,2.5551478183202763,56.958,71.219
1766335785.683698,251,102;103;104;105;200;201;202,68.248;68.540;69.869;46.189;69.843;73.252;80.224,0.4288504622908533,2.650888496617919,1.450490718156918,-0.2574872458437314,1.2407552212744213,0.11894480942330662,-1.3085190491994756,0.4164261138884256,-1.3922608768902074,-0.503967155007305,-0.023371635858942613,2.5549860532359605,56.963,71.226
1766335785.781975,252,102;103;104;105;200;201;202,67.979;68.949;69.965;46.467;69.109;73.146;79.668,0.427456451237514,2.649975743156772,1.4495525561024911,-0.25675642522149583,1.2413607055591804,0.11837946433901679,-1.3071063076256564,0.41712046678471637,-1.3934163106739974,-0.5048288528713654,-0.022574600627871755,2.5548695308785883,56.959,71.158
1766335785.882664,253,102;103;104;105;200;201;202,67.723;68.009;70.000;48.123;69.488;72.524;80.238,0.4269044986760795,2.649825065671003,1.4490535891619478,-0.25629082328058955,1.241670478968317,0.11778055305373576,-1.3065536401627174,0.41717963540715863,-1.3938537760744723,-0.5050462461927333,-0.02191536270763056,2.554852702657632,56.949,71.128
1766335785.981356,254,102;103;104;105;200;201;202,67.290;68.970;69.750;45.813;68.979;72.740;79.584,0.427349137851079,2.6505894292603744,1.4496078165153001,-0.2565880326375905,1.241609926126846,0.11799818179883027,-1.30745588938135,0.41653608567100286,-1.393418693048978,-0.5047941865355101,-0.02181950051195633,2.555006551518978,56.948,71.165
1766335786.079913,255,102;103;104;105;200;201;202,68.035;68.814;70.117;45.540;69.455;73.482;79.727,0.42823858544762844,2.6513647346859224,1.450086624449481,-0.2561748052293089,1.2409936685150054,0.11841827905380292,-1.3083609667908918,0.41589560599815806,-1.3926632222904063,-0.5045131174264226,-0.02165862730587234,2.5544038487003196,56.943,71.206
1766335786.178654,256,102;103;104;105;200;201;202,67.820;68.794;70.462;48.464;69.800;72.736;80.159,0.4274684238324616,2.651133100485012,1.449697795553908,-0.2561428942015469,1.2413473732663969,0.1178901819029699,-1.307826638522765,0.4160337948536526,-1.393263894027918,-0.5047029046682044,-0.02123428196251531,2.5545847190233184,56.939,71.177
1766335786.278855,257,102;103;104;105;200;201;202,67.634;68.476;69.676;46.916;69.778;72.456;80.418,0.42672966036337534,2.6510838646902752,1.4492599771908865,-0.25534694639158845,1.2417689683767537,0.11750243625826062,-1.307351764261858,0.41599379637727874,-1.3938220183368446,-0.505283362526448,-0.020156329685247998,2.554391030069163,56.929,71.148
1766335786.377366,258,102;103;104;105;200;201;202,68.055;68.340;70.792;45.014;70.277;72.510;79.479,0.42765893714686226,2.6519586903997165,1.450102146263616,-0.25604965156361675,1.2412191898280396,0.11790829286245698,-1.3086064683925398,0.41530185763625915,-1.3930111455167815,-0.5045398952906944,-0.020670792053389453,2.554450310605682,56.933,71.205
1766335786.476742,259,102;103;104;105;200;201;202,67.098;68.653;69.316;46.913;69.862;73.520;80.534,0.42824838409635785,2.65109938407253,1.4506153045900096,-0.2570718431926113,1.2407096780065974,0.11852169789595195,-1.308650316986093,0.41620906919693285,-1.3926665283605104,-0.5038735369952392,-0.022351263800407112,2.5547351923802797,56.965,71.225
1766335786.577356,260,102;103;104;105;200;201;202,67.749;68.784;69.678;45.209;69.311;72.441;79.993,0.4272797784796201,2.650753431081746,1.4500503066338861,-0.25638610566844544,1.2414212805538938,0.11810952026732947,-1.3078886772562657,0.4164264419338007,-1.3934316103284587,-0.5046405794041787,-0.021358368662436844,2.5547954053159936,56.958,71.184
1766335786.674196,261,102;103;104;105;200;201;202,67.529;68.601;68.568;47.467;69.484;73.068;81.010,0.42714098007189105,2.650260730460629,1.4500676253649214,-0.2566029902738982,1.2413539810738257,0.11819060617218102,-1.3076283728299154,0.4168913523580422,-1.3935901429792712,-0.5045630371608256,-0.021738388411466136,2.5548633791616373,56.970,71.177
1766335786.772505,262,102;103;104;105;200;201;202,67.446;69.161;69.106;45.198;69.490;72.249;80.139,0.4274799696009153,2.650894360032357,1.450225734025328,-0.25715700385620344,1.2413029118884966,0.1182230297908958,-1.3081294531896044,0.41632198535926457,-1.393262845178287,-0.5043477573801851,-0.022035823715320535,2.5550900285829474,56.960,71.196
1766335786.870361,263,102;103;104;105;200;201;202,67.555;68.911;70.333;45.472;69.628;73.523;79.763,0.42759324652420977,2.6511588720781174,1.4502201496619227,-0.2571988805020229,1.2414004085856614,0.11831624471512732,-1.3082772378326915,0.4160747572202292,-1.3931495090264359,-0.5044800847515432,-0.022023102520004834,2.5551440293914114,56.954,71.200
1766335786.969472,264,102;103;104;105;200;201;202,66.576;68.463;70.076;47.134;68.294;72.454;79.628,0.42622065802692644,2.6498388994257946,1.4491460351938812,-0.2566675213189106,1.241976575924464,0.11768467081784181,-1.3065459827031531,0.4171424870438381,-1.3943435580851187,-0.5052126355553739,-0.02166342800185536,2.555152860758825,56.954,71.122
1766335787.067710,265,102;103;104;105;200;201;202,66.652;68.233;70.081;44.818;69.203;73.459;79.893,0.4260842925348175,2.6497207934324423,1.4488661756648153,-0.25618411270190494,1.241867200941039,0.11787510968054882,-1.3062411530833382,0.41721633666539204,-1.3944675132663713,-0.5056345002043973,-0.02151792695006219,2.554687937872682,56.949,71.107
1766335787.167987,266,102;103;104;105;200;201;202,67.475;68.363;70.408;46.913;69.647;72.046;80.802,0.4256634730905796,2.6498123525428285,1.4487926498168464,-0.25670528255575564,1.2422076889146996,0.117396419526371,-1.306174549821952,0.41709931699856234,-1.3947642134378602,-0.5054777240962248,-0.02143521476780072,2.5552177391936084,56.946,71.099
1766335787.267500,267,102;103;104;105;200;201;202,68.111;68.404;68.792;46.305;70.429;73.445;81.053,0.42740293470848373,2.6513571810614893,1.449858997005478,-0.2574476791473825,1.241192160307205,0.11808920738721297,-1.3080644639138637,0.4158350964466955,-1.3932780745462707,-0.5044606783869995,-0.0222406761158708,2.5549786577862466,56.939,71.185
1766335787.365976,268,102;103;104;105;200;201;202,67.074;68.318;68.768;44.363;68.881;73.026;79.969,0.4273325159360646,2.6512647760751027,1.4495699721853632,-0.2568923154308859,1.2410874270325758,0.11825941228561568,-1.3077743505839536,0.4158868651702943,-1.393351664520531,-0.5048721092582775,-0.022054851057433378,2.5545016043988378,56.932,71.171
1766335787.467344,269,102;103;104;105;200;201;202,67.725;68.965;70.099;44.970;68.603;73.870;79.688,0.4274445611465164,2.651364642832358,1.4497648942905221,-0.25618490183041687,1.2410167321032897,0.11851758394973014,-1.3079979590003616,0.4158193899481104,-1.3932508309011897,-0.5050906272842305,-0.02146997909715631,2.554100786473507,56.936,71.182
1766335787.563011,270,102;103;104;105;200;201;202,67.362;68.249;70.503;45.468;69.207;73.793;79.395,0.4282835155644018,2.651429800840951,1.4499240174874508,-0.2560529602814268,1.2406324337875265,0.11889190687404784,-1.3082696525789506,0.41581735818615606,-1.3926294674248827,-0.504874361926203,-0.021959886180255905,2.5538533443420484,56.936,71.201
1766335787.662620,271,102;103;104;105;200;201;202,67.252;68.955;69.188;45.214;69.814;73.603;80.206,0.42826620739947613,2.6512979985158536,1.4496694747188257,-0.2557005597413434,1.2406920310662557,0.11891222148868778,-1.3079938096200767,0.41591330065082266,-1.3926679228749308,-0.5051371147604304,-0.02185986440938492,2.5536836815111883,56.932,71.189
1766335787.762099,272,102;103;104;105;200;201;202,67.538;68.318;70.078;46.355;68.975;73.669;79.766,0.4274372234523322,2.6502856045641567,1.4488622677585978,-0.2556239038649733,1.2411926677164706,0.11838302543427573,-1.3067086275166857,0.4167454170701921,-1.3934208830370882,-0.5055162869848286,-0.021941414557392902,2.5539682475499665,56.932,71.133
1766335787.859953,273,102;103;104;105;200;201;202,66.762;68.705;69.111;46.682;69.380;74.324;81.131,0.42767674954904467,2.6499687132383123,1.449039408621445,-0.2558883415939489,1.2410352695512166,0.11871002622465157,-1.3067179123528831,0.4170798130883573,-1.3932781208558804,-0.5053972907410305,-0.022516417180010184,2.5540165418064475,56.943,71.140
1766335787.959611,274,102;103;104;105;200;201;202,67.869;68.431;69.575;46.157;69.204;73.639;79.927,0.4280824820672423,2.650979241645811,1.4495005282799704,-0.2555959916777829,1.2408896223949253,0.1188654385779679,-1.3076679662554114,0.416188903877658,-1.3928456740946578,-0.5053165919551448,-0.02184193420713293,2.553774124577145,56.934,71.176
1766335788.058749,275,102;103;104;105;200;201;202,67.873;69.232;68.665;46.534;69.837;73.846;80.237,0.42889511021895294,2.6517469678815804,1.4499012919147556,-0.2562667891921229,1.2404248391634372,0.11907062569286027,-1.3084961531075272,0.41554284353232773,-1.3921499025595578,-0.5047363139949798,-0.02248430574680077,2.5538230828663275,56.927,71.213
1766335788.158399,276,102;103;104;105;200;201;202,67.313;68.301;68.599;47.199;70.184;72.543;79.815,0.42916651223290603,2.651954408937411,1.450345073718989,-0.25684174385171166,1.2401839032401287,0.11914906330122126,-1.3089969132263581,0.41540881615217673,-1.3919109031373018,-0.5042280958026367,-0.022856449141222146,2.5540177115831546,56.935,71.237
1766335788.257161,277,102;103;104;105;200;201;202,68.190;69.234;70.437;47.838;69.767;73.563;81.066,0.4293990925917786,2.652110240523207,1.4505901999195374,-0.2577898038413248,1.2401861763692625,0.11910130142588402,-1.309305736096316,0.41529950900406143,-1.3917141218938076,-0.503758780761856,-0.0235472999317429,2.554570516353064,56.938,71.252
1766335788.355315,278,102;103;104;105;200;201;202,66.518;70.277;69.022;46.549;70.067;74.137;80.946,0.42853196644579894,2.650880818573465,1.4499937294193435,-0.2572052527526285,1.2405771660718397,0.1189134178337989,-1.3080729629753651,0.4163612252404494,-1.3925122895838227,-0.504342050536429,-0.02331656570799623,2.554503542846189,56.950,71.201
1766335788.456286,279,102;103;104;105;200;201;202,67.290;68.143;69.275;46.539;69.639;73.186;79.744,0.42841001288326813,2.6507900943533,1.4497636158291756,-0.25668996300805946,1.2407373660219823,0.1187886091582239,-1.3078244471188223,0.4164155411737416,-1.3926205942909553,-0.5045989941594252,-0.022894434145142334,2.5543617793123605,56.945,71.189
1766335788.553755,280,102;103;104;105;200;201;202,67.702;68.722;69.155;46.144;69.784;74.124;79.273,0.4290896683067619,2.650444749576637,1.4501386359942472,-0.2568342875572737,1.240319717411008,0.11927443541477925,-1.3080360539408427,0.41682129251512234,-1.3921546597578347,-0.5042364931749217,-0.02364203246751323,2.554261444103272,56.961,71.210
1766335788.651801,281,102;103;104;105;200;201;202,66.392;68.815;69.458;44.243;69.341;74.431;80.628,0.4288815846926845,2.6501048439858677,1.4497931936240047,-0.2557947830816762,1.2404451793623368,0.11949862767790441,-1.3075538012950043,0.41709588615318893,-1.3923595396116233,-0.5049498796552505,-0.02306556239698551,2.5537267048985317,56.959,71.189
1766335788.751555,282,102;103;104;105;200;201;202,67.014;68.614;70.380;46.478;69.611;73.721;80.368,0.42808423793980915,2.6502265601900055,1.4488763826216355,-0.25509017966935316,1.2407202455041348,0.11902972665111015,-1.3067739487086236,0.416835755921741,-1.392958923435571,-0.5057193115577301,-0.022269992886397638,2.5533071564376986,56.931,71.142
1766335788.852267,283,102;103;104;105;200;201;202,67.141;68.334;68.970;47.582;69.752;73.709;79.646,0.4283277339180038,2.64990926618322,1.4492221964996346,-0.2551822719137585,1.2408447147300175,0.11905925026876793,-1.3069194971088332,0.41718987395875845,-1.3928065726457661,-0.5054149731023518,-0.022382870701213475,2.553653052635553,56.948,71.156
1766335788.951172,284,102;103;104;105;200;201;202,67.203;68.285;69.209;46.933;70.312;72.712;80.583,0.4299421368131511,2.6516850077050536,1.450829720995125,-0.2565479770800207,1.2399698133680275,0.11979568711242601,-1.3093487865173774,0.41575905044325634,-1.3913621916638337,-0.5041172473052131,-0.023180026594813496,2.5538760094366255,56.953,71.264
1766335789.049126,285,102;103;104;105;200;201;202,68.146;68.643;69.866;45.413;69.228;73.950;79.710,0.4303484170558539,2.651405378156388,1.450981216367541,-0.2561336500610917,1.2395319938051288,0.12012559378679538,-1.309378741716894,0.41606292033329223,-1.3910953427777184,-0.5039967296124759,-0.023353137804852375,2.5534108881911535,56.962,71.273
1766335789.148114,286,102;103;104;105;200;201;202,67.675;68.372;69.810;47.690;68.708;74.239;80.315,0.4293163056570623,2.6504462639470177,1.4503703414672904,-0.25621765656926127,1.2401796468390096,0.119559583167031,-1.3082532065693917,0.4168573723586421,-1.3919811149329027,-0.504339918365493,-0.023252046548249222,2.5538930024822495,56.968,71.223
1766335789.247186,287,102;103;104;105;200;201;202,66.350;69.089;69.995;47.428;69.505;73.937;80.822,0.4288454473501933,2.6493011769550248,1.4499332892642258,-0.256410183878305,1.240462322326354,0.1194040353588751,-1.3072442491621585,0.41787641349988247,-1.3924755128859951,-0.5044890221758187,-0.023809613530884316,2.5542144261180963,56.981,71.185
1766335789.378643,288,102;103;104;105;200;201;202,67.995;68.746;69.610;45.593;69.544;74.444;80.312,0.42935097748770845,2.6494872067426716,1.450596755870397,-0.25691496271318826,1.2404461023934443,0.11973310160523697,-1.3079418695600125,0.4177993728381877,-1.3920608217874673,-0.5040925059581014,-0.02415416933233694,2.554605998246103,56.995,71.221
1766335789.478386,289,102;103;104;105;200;201;202,66.852;69.022;69.837;46.836;69.716;73.446;80.822,0.4286673857094116,2.648975901957793,1.4500924353317628,-0.25672520145594807,1.2406776091371527,0.11939135748181734,-1.307180142155414,0.41819584373967966,-1.3926366687168843,-0.5044026588039766,-0.023958759045241418,2.554591214197001,56.993,71.185
1766335789.578920,290,102;103;104;105;200;201;202,67.722;68.247;69.946;45.054;70.124;74.275;79.279,0.42984050621108205,2.6496858322891352,1.4509402944057839,-0.25712002112478166,1.240143430043564,0.12012934674968989,-1.3083860492123727,0.4176730733726959,-1.3916690081838416,-0.5038950872973698,-0.024546454047171956,2.554508956692295,57.000,71.244
1766335789.675317,291,102;103;104;105;200;201;202,66.644;68.171;69.168;45.432;69.549;73.834;82.020,0.4302927621285367,2.6504002272475886,1.4512429567593685,-0.25700606231773854,1.2398641109103137,0.12057149915705784,-1.3090602614331646,0.4170483193068904,-1.3912445951555563,-0.5039709852804977,-0.024445631276308694,2.5541648536807537,56.992,71.271
1766335789.775655,292,102;103;104;105;200;201;202,66.534;68.161;69.018;45.953;69.599;72.992;81.363,0.4297846877018513,2.650273862038424,1.4506875152332548,-0.2568574758014064,1.2402549481634453,0.12014446408813648,-1.3084805224987222,0.4170809154377713,-1.3916497793893758,-0.5043199166602474,-0.02415188848598826,2.5542964805823822,56.980,71.240
1766335789.873760,293,102;103;104;105;200;201;202,66.411;69.065;70.471;45.506;70.617;73.474;80.848,0.43075371052029154,2.6517547200249774,1.4514948723314813,-0.2577172096322157,1.2397810050834186,0.12055927420699765,-1.3100269848504822,0.41580773448658925,-1.3907396754861043,-0.5037125891257292,-0.024544883569683595,2.5543898608276123,56.969,71.303
1766335789.971636,294,102;103;104;105;200;201;202,67.357;68.570;69.199;47.619;68.984;73.246;80.305,0.4302506777457989,2.6519990207865964,1.4512685997195065,-0.25738975813332793,1.2400391360204945,0.12006521328149243,-1.3099057718953953,0.4155244155407054,-1.391083751678087,-0.5038627354787808,-0.02373625034703683,2.554379395913188,56.958,71.290
1766335790.072059,295,102;103;104;105;200;201;202,66.972;68.759;69.445;48.575;69.498;74.348;80.966,0.43028839393900653,2.650850110755723,1.4507929445828458,-0.25681793131153796,1.239851631210364,0.12002929384780135,-1.3089307860963988,0.4165681949739467,-1.391212422012809,-0.5039170845500964,-0.02414028664778259,2.554045696300066,56.969,71.258
1766335790.170512,296,102;103;104;105;200;201;202,66.951;69.094;69.650;43.965;69.726;74.527;79.852,0.42984515482140107,2.6509401675747197,1.4504816375589795,-0.25649140476657334,1.2400618622492168,0.12008040660948974,-1.308668733010062,0.4164251792152239,-1.3915350771359005,-0.5045064862293951,-0.023729423613387812,2.553839408907896,56.959,71.240
1766335790.270973,297,102;103;104;105;200;201;202,66.545;68.593;69.791;47.013;70.101;73.652;81.578,0.4303180472637683,2.6514683907186987,1.450705861171225,-0.2572822583582468,1.2396997018133058,0.12020658960413415,-1.3091856870166312,0.4159702033480662,-1.3911209158382598,-0.5040571260598088,-0.024445242290012797,2.553957274992519,56.952,71.262
1766335790.368996,298,102;103;104;105;200;201;202,67.544;68.126;69.405;46.274;70.298;71.731;81.467,0.4298814296071093,2.6524489045733506,1.4508399438782882,-0.2582364648569629,1.2398732575695661,0.11981981116022411,-1.3097458915831397,0.4150287068026726,-1.3913145857899938,-0.5038609856435712,-0.024273459137192643,2.5544225578636452,56.937,71.273
1766335790.469343,299,102;103;104;105;200;201;202,67.617;68.220;69.986;47.150;69.357;74.323;80.028,0.4292360716488399,2.6515050462847065,1.4504840547695395,-0.2572234956250976,1.2401061149866544,0.11976237334398779,-1.308884476568042,0.4158565488791507,-1.3919085710691945,-0.5044188114061633,-0.023617127799190785,2.554061155441742,56.949,71.238
1766335790.567028,300,102;103;104;105;200;201;202,67.601;68.631;69.284;45.728;69.320;74.088;79.969,0.42876723847318976,2.6510172110572063,1.4502757551310086,-0.2569411689733321,1.2403795631797856,0.11964329517253697,-1.3084018502254515,0.416274860507716,-1.392314422650254,-0.504707529091318,-0.023340525094134812,2.554098799897239,56.954,71.217
1766335790.666492,301,102;103;104;105;200;201;202,67.450;68.954;68.165;46.749;69.698;73.567;80.012,0.428933424565553,2.6510829104123985,1.450582620724086,-0.25731532400609664,1.2401380252092291,0.11977998007593921,-1.3087049679648128,0.4162552386993933,-1.3921739693488717,-0.5043888523053385,-0.02365939443137302,2.5541413395361503,56.962,71.233
1766335790.764623,302,102;103;104;105;200;201;202,67.118;68.136;69.084;46.367;69.028;73.244;80.238,0.4286226302488084,2.650404238146275,1.4502925261022026,-0.25701251210254455,1.2400361871061945,0.11979091646785515,-1.3080778967076219,0.4168541412066578,-1.3924914129697425,-0.5045711227266999,-0.02376180782058579,2.5538676702726297,56.969,71.209
1766335790.862633,303,102;103;104;105;200;201;202,67.353;68.460;69.446;46.215;68.716;73.795;80.178,0.4286122547141297,2.650365500803555,1.4506548010325901,-0.2569572347724761,1.2404238802660585,0.11972592656276844,-1.3083483536619414,0.4169316245585493,-1.3924889826521254,-0.5044845875337096,-0.023349779758150002,2.5542861125881737,56.981,71.223
1766335790.962892,304,102;103;104;105;200;201;202,68.278;69.104;69.264;47.614;69.749;73.657;80.564,0.4278028423610598,2.6499121939355352,1.450068930727532,-0.2567111496527271,1.2407284612351128,0.11929340470594428,-1.3075347435315228,0.41725710683933737,-1.3931524243800004,-0.5048721102471813,-0.023001554176623112,2.5542706038571326,56.975,71.183
1766335791.059378,305,102;103;104;105;200;201;202,66.706;68.992;70.235;45.191;69.679;74.209;81.253,0.4282191099548913,2.650036792466602,1.4498232438654357,-0.25642090612588087,1.2404182960498416,0.11952707596109015,-1.3074559463592887,0.4171311811717075,-1.3928460597084062,-0.5050204913464609,-0.023271680543582834,2.5538274146536706,56.964,71.180
1766335791.161789,306,102;103;104;105;200;201;202,67.802;68.662;69.798;45.567;69.331;74.339;79.605,0.42834067462288444,2.650976249056233,1.4500583339051247,-0.2561696591382599,1.2403481783186583,0.11964711720763468,-1.3081496028784232,0.4162679950093409,-1.392636793466828,-0.5051605512583257,-0.022614455928577082,2.5535547195407258,56.950,71.202
1766335791.259617,307,102;103;104;105;200;201;202,67.072;68.698;69.431;45.598;69.366;74.037;80.770,0.42881857953251157,2.6511919780534923,1.4503325985480324,-0.25665457339656517,1.2401963191098555,0.11982399158171773,-1.3085451831017523,0.41611718754840776,-1.392254151353016,-0.5048288646789297,-0.023138866549159337,2.5537572984729744,56.952,71.222
1766335791.391528,308,102;103;104;105;200;201;202,68.029;69.427;70.121;46.924;71.002;74.529;79.785,0.4291650484777243,2.651205744857839,1.4508036299968865,-0.25677861335334284,1.2402131467880446,0.11996284554805105,-1.308977145979403,0.41617462122811644,-1.3919827835017204,-0.5045159119232997,-0.0231824300719001,2.55399879552159,56.965,71.247
1766335791.489827,309,102;103;104;105;200;201;202,67.189;68.918;70.563;45.390;69.783;73.602;80.623,0.42818349269420164,2.6503315989361895,1.4499230868900255,-0.25647157788684466,1.2407896584648643,0.119339019798105,-1.307684993053614,0.41685958963366804,-1.3928327767560802,-0.5050345366846645,-0.02290365897490987,2.554187635517016,56.961,71.187
1766335791.588462,310,102;103;104;105;200;201;202,66.979;68.192;69.604;47.053;69.963;73.488;80.791,0.42767976627611254,2.649653733181089,1.449435808946944,-0.2564094457621001,1.240798566082253,0.11915683037493947,-1.3068739925096033,0.417425476469709,-1.3932975851765326,-0.5052357081893741,-0.023116354149589124,2.5540745199033186,56.962,71.152
1766335791.686508,311,102;103;104;105;200;201;202,67.463;68.633;70.461;46.001;68.959;72.969;80.800,0.4266444962261805,2.6495055586460534,1.4486122917412794,-0.255824832219329,1.2415106102458475,0.1184211609393456,-1.305997773274404,0.4174209262258012,-1.394097608569784,-0.5059253198336953,-0.022111891553193402,2.5541658593905368,56.944,71.103
1766335791.788085,312,102;103;104;105;200;201;202,67.620;68.389;68.800;48.360;69.610;73.465;79.963,0.4264649791913578,2.6487703573447923,1.4483336123042372,-0.25551050983802237,1.2414200948521548,0.11832737034181444,-1.3053671807885818,0.4180811844938887,-1.39432603817825,-0.5059586027061808,-0.022247770068808126,2.5539779066707076,56.952,71.080
1766335791.886532,313,102;103;104;105;200;201;202,66.854;68.961;70.127;48.620;69.018;74.481;79.707,0.42681027572156766,2.6489079205044614,1.4483854584992004,-0.25553452504647606,1.2412180557461991,0.11846607683663979,-1.305525722148036,0.4179733150149153,-1.3940575829352146,-0.5058489790059432,-0.02248166888358935,2.553858155757072,56.949,71.089
1766335791.987935,314,102;103;104;105;200;201;202,68.347;68.965;69.045;45.864;69.564;73.958;79.359,0.4274173039034484,2.6496490473463488,1.449123013963307,-0.2558931667752594,1.2409805684368571,0.11881332154960542,-1.3065851169832505,0.4173811780935937,-1.3935006532118328,-0.5054354125338706,-0.022532080209159006,2.553947868876592,56.954,71.136
1766335792.089364,315,102;103;104;105;200;201;202,67.566;68.127;70.337;47.721;70.120;73.774;79.640,0.42707128577948916,2.6493857629306867,1.4487802264957905,-0.2563805237637709,1.2412353362730855,0.11848906252652446,-1.306126639571424,0.41757581398166826,-1.393796139427511,-0.5054401099189496,-0.022885003954891348,2.5543470029721664,56.950,71.114
1766335792.185816,316,102;103;104;105;200;201;202,68.340;68.565;69.611;46.485;69.399;74.478;80.649,0.42748403735767,2.6498682434933554,1.4491023150103994,-0.2561912340497418,1.2409538238978584,0.11880618958458225,-1.3066911518486481,0.4171731286745079,-1.393427093097411,-0.5053799277583093,-0.022741736759786607,2.5540396375443604,56.948,71.139
1766335792.286658,317,102;103;104;105;200;201;202,66.704;69.060;70.357;45.970;69.876;74.071;80.199,0.42773380276357087,2.6495336820861555,1.4492653718442896,-0.25613954952501405,1.2408187369477344,0.11907842383850392,-1.3066812716432197,0.4175232713243444,-1.3932795224450727,-0.505301429543946,-0.023039034130368452,2.55398127937375,56.959,71.145
1766335792.384124,318,102;103;104;105;200;201;202,67.517;68.285;69.141;47.101;70.207;72.741;80.440,0.4284149913828072,2.650641549127188,1.4500199712079829,-0.2569359267310654,1.2406644679301597,0.11919586649482758,-1.3079544474778155,0.41658655123731536,-1.3926244095927844,-0.5046646689592853,-0.023204462093520672,2.554377769782758,56.956,71.198
1766335792.483811,319,102;103;104;105;200;201;202,68.087;68.841;68.982;48.792;70.368;73.937;80.781,0.4279982813854989,2.6502710079294776,1.4499810161541378,-0.25643957276311796,1.2409511541762877,0.1190085911741447,-1.307675960439403,0.4169146948355624,-1.3929717520182667,-0.504855050495504,-0.022579836513309248,2.5543905689788877,56.964,71.186
1766335792.583361,320,102;103;104;105;200;201;202,67.995;68.607;69.716;47.338;69.503;74.380;80.448,0.4284689065049867,2.649937977805349,1.4501389569917384,-0.2565996864412639,1.2405732197674428,0.11930080478613621,-1.307691701800819,0.4172737287017215,-1.392664314802748,-0.5045530196633143,-0.023266138904026484,2.554277579675326,56.975,71.195
1766335792.679601,321,102;103;104;105;200;201;202,68.030;68.962;69.469;46.618;69.316;74.039;80.541,0.4287290798748293,2.650041582991549,1.4501958537604813,-0.2565337883641935,1.240513022320127,0.11938647306590817,-1.3078254453218991,0.4171943362561245,-1.392461352427648,-0.5045062160306505,-0.023322484822098227,2.554236176655577,56.973,71.202
1766335792.781622,322,102;103;104;105;200;201;202,66.878;68.803;69.609;46.786;69.712;74.432;79.997,0.42929954987962266,2.6500080242233848,1.4505493218898264,-0.25697946457412846,1.240421632779821,0.11964152444418263,-1.3081675249602192,0.41729475757404655,-1.3920381400206858,-0.5041443466583186,-0.023941671127197944,2.5545321695282306,56.983,71.225
1766335792.878297,323,102;103;104;105;200;201;202,67.010;69.144;70.320;46.863;70.040;73.946;79.585,0.4290200567638944,2.6495813346052657,1.4505289628334253,-0.2566689147364436,1.2404641720525449,0.11975112450973993,-1.3078928134585626,0.4176855096657337,-1.392291987152481,-0.5043571067258331,-0.023763710564668944,2.554382365949754,56.992,71.215
1766335793.008839,324,102;103;104;105;200;201;202,67.482;68.903;70.132;47.760;69.792;72.984;80.135,0.42938921401276364,2.6496963092422146,1.450625973789078,-0.2574660200853638,1.2402439273546102,0.11965188734366827,-1.3080790729491891,0.4176051619443264,-1.3920071530323763,-0.503809227606813,-0.024562133593348384,2.5546995388997584,56.992,71.225
1766335793.107920,325,102;103;104;105;200;201;202,67.930;68.344;69.948;45.697;69.810;74.294;79.974,0.4298995768356132,2.6500175674341566,1.4510750463037156,-0.25765660521316935,1.2399079806281907,0.12010716235004937,-1.308674708928417,0.4173748688090153,-1.3915814527126282,-0.5036040035388442,-0.02486488556426361,2.5545630616111907,56.997,71.254
1766335793.205671,326,102;103;104;105;200;201;202,67.723;68.189;69.072;45.538;69.640;73.615;79.525,0.42978444672128957,2.6502156710628757,1.451180441193057,-0.2579690115941922,1.2400798680716518,0.12013268262233336,-1.3088474750418797,0.4171921682699375,-1.3916370350242262,-0.5036497784993827,-0.024868456527114446,2.554805957010407,56.996,71.259
1766335793.306271,327,102;103;104;105;200;201;202,67.287;69.502;69.539;47.070;69.921;73.802;80.678,0.4298047852894889,2.6505443494294965,1.4511316358458068,-0.2579902754348491,1.2401970265185187,0.11992555399852868,-1.3089815372889366,0.41687419738440773,-1.3915852155750725,-0.5036132745932939,-0.024655429977598536,2.554917285788023,56.987,71.261
1766335793.405158,328,102;103;104;105;200;201;202,66.906;68.154;68.894;45.809;69.561;74.207;79.173,0.42979840309720335,2.6501127664111728,1.451116921051112,-0.25737686868658993,1.2405035154959938,0.12007815623469395,-1.3087446598454389,0.4172838155910427,-1.391641712516787,-0.5039540633136743,-0.024301783788512443,2.5549075093121654,56.996,71.256
1766335793.500604,329,102;103;104;105;200;201;202,67.231;68.463;68.849;44.873;69.604;74.330;79.667,0.4297777766211468,2.6494442240502325,1.4513488020428957,-0.257286010187659,1.2403008893252727,0.12041734224679103,-1.3085815764518653,0.4179466093676434,-1.3917266518019005,-0.5038980457251888,-0.024576497091207683,2.5547566566377315,57.018,71.257
1766335793.601106,330,102;103;104;105;200;201;202,67.356;69.324;69.358;46.797;69.532;73.790;80.688,0.4292116856080666,2.648879203293048,1.4507636090376577,-0.25694672874160895,1.2405243945899955,0.12005401674327122,-1.3077422038585846,0.4183912314791281,-1.392227077743525,-0.5042170019719842,-0.024386752261959382,2.5546914128044746,57.014,71.219
1766335793.731482,331,102;103;104;105;200;201;202,68.279;69.031;68.637;46.502;70.399;74.366;79.805,0.42906285698875013,2.6492096502985407,1.4509244839685989,-0.2562428687347222,1.2403047389396724,0.1201830486287346,-1.3080240927584972,0.41808693043505224,-1.392289222250181,-0.5044201642720797,-0.0235704136592296,2.5540960863033213,57.012,71.227
1766335793.833297,332,102;103;104;105;200;201;202,67.968;69.103;69.595;44.790;69.870;74.052;81.156,0.4285968702737711,2.6489931951668346,1.450385995394019,-0.2557290618264997,1.2403848764631213,0.11999249697155824,-1.3074165363619632,0.4182091745877469,-1.3926739383308813,-0.5048693957454088,-0.023211331876656305,2.553757863991283,57.002,71.196
1766335793.929110,333,102;103;104;105;200;201;202,66.819;68.624;70.169;47.583;68.817;74.125;80.442,0.42672597620949276,2.6468574933196365,1.4488483232025517,-0.2547351291400817,1.2417452513487108,0.11890569077707103,-1.3048212401285892,0.4199774007235103,-1.3943432006395093,-0.5059772075729101,-0.022415215554728446,2.5542336385382893,57.008,71.083
1766335794.029544,334,102;103;104;105;200;201;202,68.161;68.415;69.799;47.142;70.007;73.222;79.654,0.42648540183260353,2.6476446401977287,1.448881602361554,-0.25512280943548965,1.2421412830445369,0.11849990150910142,-1.3052260505214461,0.41921840464792237,-1.3944230352511624,-0.5059554440557376,-0.02194368310328429,2.554684544854011,56.993,71.090
1766335794.128793,335,102;103;104;105;200;201;202,67.975;68.092;69.105;45.910;69.534;73.791;80.558,0.4268283150495004,2.648800225026367,1.4493505970418885,-0.25501332921642955,1.2420856351893932,0.11870787114124007,-1.3062501109416431,0.41818704380282085,-1.3940189573959598,-0.5059660790818898,-0.021313081546788737,2.554544564332545,56.981,71.127
1766335794.227256,336,102;103;104;105;200;201;202,67.853;68.756;70.302;45.716;69.135;73.968;80.882,0.426549483718697,2.6486080679698643,1.4490496676810576,-0.2548858031663302,1.2422012359217296,0.1184780568139073,-1.3058710884720461,0.41832197463596565,-1.3942556873133227,-0.5060981206407674,-0.021198891043748502,2.5545341876856282,56.977,71.109
1766335794.327167,337,102;103;104;105;200;201;202,67.212;67.849;68.981;44.622;69.056;72.195;80.820,0.4258329400745702,2.649184781223718,1.4485660939269336,-0.25462695584437106,1.242622130465234,0.11790854997207258,-1.3056875648264552,0.41768058185891654,-1.3947252617821806,-0.5065456531975554,-0.020259171063949838,2.5545333683532747,56.952,71.086
1766335794.427656,338,102;103;104;105;200;201;202,66.566;68.374;69.354;48.185;69.866;73.755;81.224,0.42631276872516216,2.648801814542652,1.4484245877009871,-0.2556765967943375,1.2423324822300288,0.11789233151394882,-1.305436975926531,0.4180539040970798,-1.39442892964116,-0.5059787485837399,-0.021771832786442347,2.5549301558237287,56.954,71.082
1766335794.525714,339,102;103;104;105;200;201;202,67.721;68.517;69.773;46.034;69.535;74.691;79.329,0.42659653309768053,2.6485572734226337,1.4486833084290027,-0.2556453367236095,1.2421167369905854,0.11818391193531615,-1.3055554535912288,0.41833097606746494,-1.394242194236853,-0.5058224449606342,-0.022036638269927078,2.554827922761337,56.967,71.094
1766335794.624448,340,102;103;104;105;200;201;202,67.525;68.583;69.507;45.726;70.011;74.663;80.651,0.4271559327147488,2.6486370753072146,1.449062016172026,-0.2561877978362587,1.2417349674426048,0.11869975369467631,-1.3059754689567704,0.41832620464360926,-1.3938125422461451,-0.5055385191196538,-0.022863077480668292,2.5548278946444363,56.975,71.118
1766335794.723209,341,102;103;104;105;200;201;202,65.774;68.146;68.473;47.077;69.254;72.239;80.281,0.42731579870878544,2.6486556704421673,1.4493435231025964,-0.2572178695082842,1.2417066437865778,0.11862882691178786,-1.3062330061741985,0.41834857419601773,-1.3936833557281958,-0.5049935764370506,-0.023627182948448594,2.5554124737778396,56.982,71.132
1766335794.853999,342,102;103;104;105;200;201;202,67.273;68.942;70.084;45.474;69.459;73.033;80.453,0.42759819186347175,2.6492326535937196,1.4499098453893131,-0.25757661144967064,1.2416489525857801,0.11873981804581644,-1.3070264936103773,0.4178768884285764,-1.3933877589387083,-0.5046490198320449,-0.023529153134036612,2.5556240267391246,56.986,71.166
1766335794.954077,343,102;103;104;105;200;201;202,66.856;69.691;69.632;45.830;69.580;73.995;80.160,0.42736017437920315,2.649300384150564,1.4497804591668806,-0.2570513539190457,1.2416184556093097,0.11885873020037653,-1.3069262777328259,0.4177856573603299,-1.3935572350985626,-0.5050416028966132,-0.023057523228804333,2.5552118176552776,56.981,71.158
1766335795.052915,344,102;103;104;105;200;201;202,68.278;69.111;69.531;46.387;69.412;74.172;81.066,0.4272693113075461,2.6491212574445187,1.449757246521464,-0.25624336368165096,1.2413879666617411,0.1189986548027952,-1.3068025504648442,0.4179493002793566,-1.3936452446160075,-0.5052565802717027,-0.02254189781961466,2.5546061243740597,56.985,71.153
1766335795.153412,345,102;103;104;105;200;201;202,66.864;68.775;69.328;47.108;69.337;73.541;81.092,0.427709585657907,2.649192331601506,1.4498859738678165,-0.25666265451057474,1.2410739437250107,0.11906550261654443,-1.3070008590934103,0.4179182054772644,-1.393312839261593,-0.504843878122983,-0.02315401495728775,2.554654101941506,56.986,71.166
1766335795.251541,346,102;103;104;105;200;201;202,67.911;69.318;69.583;46.385;70.170;74.271;80.352,0.4281445782536271,2.6492037051222668,1.450182902716343,-0.2559725811884248,1.240606538889334,0.1194933827318063,-1.3073030382881397,0.41796282426525083,-1.3929846197831166,-0.504820453577147,-0.02292984451532243,2.5540055242747015,56.993,71.184
1766335795.383383,347,102;103;104;105;200;201;202,67.054;68.341;68.237;44.509;69.904;74.128;80.183,0.4296424274710972,2.6502702616293212,1.4513427202862423,-0.25694192373461866,1.2400063465252464,0.12032807306098242,-1.3089880199839692,0.41715142299659147,-1.3917268233223337,-0.5039946287140316,-0.023887407505589014,2.5542100900280857,57.000,71.264
1766335795.483454,348,102;103;104;105;200;201;202,67.746;68.741;69.437;44.694;70.348;73.585;79.218,0.42947989139120973,2.6509281325574476,1.4515220117052923,-0.2574568545447954,1.2403093187986218,0.1201996800068498,-1.3094529383327436,0.4165361895035307,-1.3917589766105745,-0.5039899605951823,-0.023675903839762008,2.55463503006129,56.992,71.277
1766335795.580492,349,102;103;104;105;200;201;202,66.627;68.428;69.815;46.002;69.454;74.252;80.954,0.42842525669624393,2.649973623063601,1.4506297007032787,-0.2573197963071918,1.240815470294421,0.11969199019244917,-1.3081000324827812,0.41729321030633454,-1.392671991318188,-0.5045516018636828,-0.023617488803704734,2.5547967767226956,56.989,71.215
1766335795.681105,350,102;103;104;105;200;201;202,66.889;68.018;68.397;47.064;70.298;74.045;80.992,0.4283889458938886,2.6487153550589846,1.4503551840360984,-0.2575861718906572,1.2405701785017793,0.11977925419104629,-1.3072200789936144,0.41846031184459437,-1.392858693244435,-0.5043651248014741,-0.024690617425814132,2.55481146111772,57.008,71.189
1766335795.777542,351,102;103;104;105;200;201;202,66.793;68.794;69.671;45.529;70.394;74.073;82.188,0.42849107371843465,2.649575863987143,1.4502039698853728,-0.25696630517775726,1.2404107193445415,0.1198248604534243,-1.3075587937814248,0.417627557522724,-1.3926886865259491,-0.5047132251753121,-0.023983749457011955,2.5542249340195604,56.984,71.194
1766335795.878461,352,102;103;104;105;200;201;202,66.709;69.250;70.262;46.909;68.938;74.188;81.324,0.4280550982234852,2.64822989526611,1.4497109805631145,-0.2572853613896316,1.2407257116441948,0.11960487060996321,-1.306404652176324,0.4188334365248084,-1.3931837324557526,-0.5047724091986195,-0.024760123315128363,2.554677878013529,57.000,71.153
1766335795.976282,353,102;103;104;105;200;201;202,67.526;68.934;69.078;46.393;70.349;74.011;80.398,0.4286420080217713,2.6490675500564644,1.450517863146991,-0.2579305612547568,1.240628239303905,0.11991300687589289,-1.3075673874917109,0.4181554675073189,-1.3926271492816842,-0.5043059495303843,-0.02489614358885303,2.5550257580944495,57.005,71.203
1766335796.076798,354,102;103;104;105;200;201;202,67.013;68.424;69.998;44.867;69.641;73.760;81.152,0.42866080785163113,2.6490933190566857,1.4506682303021157,-0.2577545005059808,1.2406587824818425,0.11997099689324194,-1.3077044531856892,0.41814887786850746,-1.3926044491603398,-0.5043189027724315,-0.02466298052964838,2.554993338528477,57.009,71.210
1766335796.175220,355,102;103;104;105;200;201;202,68.073;69.061;69.660;46.791;69.570;73.801;79.605,0.427432689291486,2.6481642632961386,1.4499126775728264,-0.2573474975590802,1.2412884907912436,0.11931887177611046,-1.3064516765686867,0.4188878899189789,-1.3936342792619485,-0.5048654439269574,-0.02408222347942815,2.555168059254817,57.010,71.151
1766335796.275279,356,102;103;104;105;200;201;202,67.345;69.123;68.836;46.079;69.811;73.779;80.606,0.42756621703992087,2.648259953092118,1.4503577465344462,-0.2577043193927441,1.241312981823537,0.11951831734240365,-1.306877771383638,0.41885389994716554,-1.393508439339085,-0.504662326832339,-0.02421007640283862,2.5554264284355686,57.021,71.172
1766335796.375966,357,102;103;104;105;200;201;202,67.627;68.505;68.655;44.638;69.930;73.616;81.242,0.4269919002344713,2.6480168215419773,1.4498304261924786,-0.25743545636976756,1.241632728057582,0.11927506589312621,-1.3062510195503991,0.4189970692922744,-1.3939743067600523,-0.5051468887813046,-0.02391021498240753,2.5553945626471926,57.012,71.140
1766335796.474504,358,102;103;104;105;200;201;202,67.534;68.840;69.704;47.696;70.889;73.482;79.408,0.426468168348531,2.6473893274614544,1.4493064376915912,-0.2574125026111751,1.2417583895607731,0.11889196322954858,-1.3054336053686606,0.41950953115170336,-1.3944488930570633,-0.5052626244572824,-0.024027170372268203,2.5554369733963345,57.012,71.104
1766335796.572513,359,102;103;104;105;200;201;202,67.882;68.947;69.674;45.682;70.208;73.988;81.166,0.42686123687665123,2.648578963457348,1.4497038892979819,-0.25746623118546147,1.2415300417360886,0.11905666866813237,-1.3064241978389517,0.4184399566423347,-1.3940073021666544,-0.5051479954386144,-0.02362875891065866,2.5552324669380306,56.997,71.139
1766335796.672826,360,102;103;104;105;200;201;202,67.479;68.202;69.465;46.030;69.331;73.380;81.511,0.42709965987983367,2.6489051637188608,1.4498418211312014,-0.25802469522692306,1.2413768781166348,0.1190208100370073,-1.3067361941659503,0.4181565066338335,-1.3937903917989947,-0.5048104668314215,-0.024033983427236505,2.5554178975026494,56.993,71.152
1766335796.771217,361,102;103;104;105;200;201;202,67.856;69.149;70.787;46.910;69.649;73.254;81.129,0.42708452183394546,2.6493265189550037,1.449756502905206,-0.25804324614569474,1.2413544880322653,0.11888410036318259,-1.3068845126096484,0.4177441747763032,-1.3937546874200508,-0.5048246120670887,-0.0238523535384961,2.555355208098567,56.981,71.153
1766335796.869346,362,102;103;104;105;200;201;202,67.255;68.602;70.392;46.274;70.486;74.300;80.203,0.42756100868626334,2.6491478049394903,1.4499287438900632,-0.2581375929785195,1.2410816567744263,0.11920796068777831,-1.306992754059674,0.41795809788227384,-1.3934240081218512,-0.5046354472253245,-0.02438588260727237,2.555268412162477,56.989,71.165
1766335796.967266,363,102;103;104;105;200;201;202,66.846;69.829;69.625;47.266;68.883;73.325;80.559,0.4271830021358068,2.648506463508307,1.4495495034389425,-0.25831689231846405,1.2415308964657712,0.11875989973927153,-1.3063041082611389,0.41850767754084345,-1.3937890284030103,-0.50465373267179,-0.024543632211396577,2.555771798745348,56.992,71.137
1766335797.066446,364,102;103;104;105;200;201;202,68.842;68.043;70.465;46.297;70.083;73.417;81.544,0.426967929895857,2.6486732533690116,1.4496330771194152,-0.25837886668112564,1.2418705053516221,0.11850546197075316,-1.306430086271399,0.4183473260816609,-1.39392166364977,-0.5046421181893063,-0.024138780659491682,2.5561027095714275,56.992,71.139
1766335797.164019,365,102;103;104;105;200;201;202,67.775;68.826;69.569;47.474;70.889;73.312;80.616,0.42717244968191254,2.6492738573119876,1.4498716468959734,-0.2581097327329899,1.2417548942350065,0.11855889718908019,-1.3069614495311166,0.4178119082664733,-1.3936926766753663,-0.5046039551691751,-0.02365046448194824,2.555885331339666,56.985,71.158
1766335797.264875,366,102;103;104;105;200;201;202,66.430;69.220;69.897;45.836;70.685;73.423;80.719,0.4286412624821915,2.6499737011901314,1.4505112534810316,-0.25814857513662337,1.2409600676274142,0.11919730891419762,-1.3080328632665994,0.41729047078440007,-1.3925203507565527,-0.5039909272213131,-0.02427168283423281,2.5554794575386506,56.985,71.213
1766335797.362801,367,102;103;104;105;200;201;202,67.414;68.806;69.547;47.228;69.210;74.019;81.677,0.42872587015235714,2.6495215325925487,1.4504213326430988,-0.25792347232456286,1.2408438429439674,0.11924328001224328,-1.3077364805662783,0.4177157210748892,-1.39251641728208,-0.503959283724806,-0.02444561000572268,2.5553379325941377,56.991,71.206
1766335797.461673,368,102;103;104;105;200;201;202,67.667;68.575;70.552;46.381;69.685;73.338;80.525,0.4277370713703994,2.6495598275260126,1.4500068438625564,-0.2577685480586746,1.2415855559865892,0.11870076907488333,-1.3072929300378047,0.41758282619367537,-1.3932444360996141,-0.5044992269009001,-0.02356136048758417,2.5556801054325304,56.981,71.175
1766335797.562786,369,102;103;104;105;200;201;202,69.030;68.728;70.309;47.061;69.092;73.420;81.301,0.42772130188042146,2.650623181370729,1.4502185413354887,-0.25755630279462316,1.2414954849942668,0.1185921763950727,-1.3080142304013669,0.4165919085712709,-1.3931207857563064,-0.504515612802166,-0.022730638904891853,2.555419867416532,56.965,71.196
1766335797.660673,370,102;103;104;105;200;201;202,67.858;68.669;69.869;47.480;70.849;73.648;81.185,0.4276723314579175,2.650269936195903,1.45033397377306,-0.25797216497024417,1.2416598145655318,0.11837471641979185,-1.3079172528915088,0.41693945605194527,-1.3931936941359147,-0.5041804011051456,-0.023008918839311304,2.55589347731537,56.976,71.196
1766335797.756519,371,102;103;104;105;200;201;202,66.919;68.209;69.303;45.811;68.723;73.921;80.701,0.4270018964568015,2.6491914419318077,1.449895842468582,-0.2577395151562156,1.2419257675214304,0.11827099485035583,-1.3069158096580595,0.4178846998762222,-1.3938250072814438,-0.504556320475134,-0.023091026857884,2.555926298283321,56.989,71.156
1766335797.857293,372,102;103;104;105;200;201;202,68.688;69.627;69.718;45.694;69.739;73.289;81.230,0.4264479706156743,2.649687916153163,1.4498852330230398,-0.2574727399241545,1.2422684029978353,0.11794923885705585,-1.3070930205302138,0.4173820855761778,-1.394167430253917,-0.5048173349953766,-0.02209740560125084,2.555961638444872,56.979,71.153
1766335797.957293,373,102;103;104;105;200;201;202,68.746;69.024;68.936;44.904;69.491;73.833;80.201,0.42687746733212445,2.6505407749027197,1.4503490210533103,-0.25710106873988636,1.2420126699427252,0.11824703064942418,-1.3079663410983389,0.41664292629904787,-1.3937362067001897,-0.504781584299668,-0.021530484117292137,2.5555788426272312,56.974,71.188
1766335798.057649,374,102;103;104;105;200;201;202,66.694;69.230;70.094;46.100;69.069;73.461;80.656,0.42588750208746406,2.64952789846365,1.4493519992054469,-0.25714412325196156,1.242319654302134,0.11781845065594589,-1.3065067429599484,0.41744572411078557,-1.3946136104561917,-0.5053033505487319,-0.02184965486461643,2.5556318686141744,56.969,71.122
1766335798.156314,375,102;103;104;105;200;201;202,66.315;68.778;68.593;44.688;69.251;73.085;81.446,0.4261498720878705,2.64993213338897,1.4493388352788144,-0.25649274434711894,1.2420545424207101,0.11797370032211228,-1.3067406364602172,0.41707194466175584,-1.3943760008462027,-0.5054650254202884,-0.021404232774888288,2.5550618388123025,56.958,71.130
1766335798.255844,376,102;103;104;105;200;201;202,67.543;69.127;69.395;47.272;70.382;73.468;79.748,0.42629403508065467,2.6495227565883144,1.4496024857600294,-0.25708374158676595,1.2418036881773835,0.118079308470125,-1.306759096159858,0.4174996896240856,-1.394309866460566,-0.504998808365507,-0.022133413041729944,2.5552675496925588,56.975,71.138
1766335798.357638,377,102;103;104;105;200;201;202,68.411;68.712;69.800;47.060;70.544;73.283;80.880,0.42618110854752966,2.6493797774696497,1.4499045875993557,-0.25736649101882175,1.2420757699566036,0.11790398621431047,-1.3069135485340662,0.41766472621969203,-1.394396577363032,-0.5047354729169369,-0.022031713897832428,2.5557546974044305,56.988,71.147
1766335798.454117,378,102;103;104;105;200;201;202,67.245;68.674;69.676;47.249;70.289;73.664;81.097,0.4261615817550969,2.6489071732324727,1.449710738709881,-0.2574577146202511,1.2421359483599426,0.11790549225086858,-1.306508945614263,0.4180924641106767,-1.3944747124689962,-0.504768978931818,-0.02242138006945707,2.5558670387878086,56.992,71.133
1766335798.552756,379,102;103;104;105;200;201;202,67.976;69.418;70.355;47.681;70.323;73.636;79.055,0.4258293629154566,2.6489016370024663,1.4493347601286628,-0.25688512083605125,1.2422781165854195,0.11764695786180931,-1.30615951801061,0.4180381406531407,-1.394730953927965,-0.5050995646818346,-0.021838177932230474,2.5556191183596244,56.982,71.113
1766335798.652141,380,102;103;104;105;200;201;202,68.400;69.363;69.543;46.546;70.476;72.807;80.369,0.42632217428973423,2.64972744333683,1.450062226646707,-0.2571605015633649,1.2421886087980953,0.11780691849914642,-1.3072398297548498,0.4173581522365684,-1.3942467096256241,-0.5046797457987459,-0.021597524064057405,2.5558067796580604,56.984,71.159
1766335798.752680,381,102;103;104;105;200;201;202,65.622;69.312;68.497;46.986;69.623;73.363;80.040,0.4261773757607753,2.6487176564306103,1.449677387711423,-0.2563622569020574,1.2419139716644418,0.11805542717580297,-1.3063855615745745,0.4182702265169396,-1.3944871414914812,-0.5050292326110599,-0.02173038280448336,2.5551607568119543,56.995,71.130
1766335798.851179,382,102;103;104;105;200;201;202,67.432;68.969;70.001;45.005;70.150;73.493;81.612,0.42718010514986776,2.649843720858096,1.4503451290530789,-0.25668929859528467,1.2413427428382946,0.1186380101393077,-1.3076403851165084,0.4173225508609027,-1.3936003646754866,-0.5046481664603153,-0.02203756188365613,2.554903800546869,56.988,71.184
1766335798.949996,383,102;103;104;105;200;201;202,66.070;68.609;68.835;48.140;69.686;73.722;81.718,0.4269853988176738,2.6481218012798236,1.4497451600768545,-0.2564888484915861,1.2413962173431876,0.11858373677573394,-1.3062359985087943,0.41888691119705285,-1.393969970123127,-0.5047489100086179,-0.022891684171119753,2.5549478568644077,57.007,71.137
1766335799.050345,384,102;103;104;105;200;201;202,66.670;68.543;69.366;47.162;69.776;73.591;81.554,0.426862243865525,2.6474472366600534,1.4496155648083633,-0.2568310023693318,1.2417827902422618,0.11843012382312747,-1.3057646001648344,0.41950934210788865,-1.394144264026916,-0.5046979567990959,-0.023326565018025602,2.555518901730294,57.019,71.123
1766335799.147525,385,102;103;104;105;200;201;202,67.611;69.072;69.613;46.058;71.148;74.257;81.418,0.42744754900311677,2.6483439753873177,1.450268478340437,-0.2575396347515669,1.241287038551935,0.11900759412350316,-1.306833943341039,0.4187576847176465,-1.393587995463644,-0.5043690301913787,-0.0238205835649255,2.555425503212284,57.017,71.168
1766335799.247909,386,102;103;104;105;200;201;202,67.207;67.975;70.291;46.710;70.170;72.831;80.726,0.42738617285322694,2.6482627044307687,1.450268132421424,-0.25838449792028684,1.2414468440348916,0.11884022659956671,-1.3067833877169883,0.4188320884486005,-1.3936421000260355,-0.504104396963405,-0.024430359004853824,2.555994983061969,57.019,71.166
1766335799.347510,387,102;103;104;105;200;201;202,67.943;68.544;70.011;46.050;68.837;72.942;79.407,0.4269125410433467,2.648060961097107,1.4501580166149308,-0.2585375566318176,1.241924582680251,0.11846954285229143,-1.306527762725447,0.4189882572191193,-1.394013474546373,-0.5041711182387064,-0.024163547245740435,2.556460437846914,57.022,71.152
1766335799.446821,388,102;103;104;105;200;201;202,68.084;68.734;69.818;43.554;70.240;73.487;81.643,0.427777134287615,2.6493796843221022,1.4505547467427347,-0.2585446861378736,1.2416057796958713,0.1188037402144344,-1.3076461958678935,0.41781883359014144,-1.3932148826447768,-0.5040250278984355,-0.024020744256142534,2.556206764220489,57.002,71.196
1766335799.545112,389,102;103;104;105;200;201;202,67.818;68.416;70.727;47.330;69.566;74.496;81.252,0.4285588010434386,2.649496167778996,1.4509562286808377,-0.25847343657732824,1.2412115364191423,0.11916308567445814,-1.3081325929605228,0.4177922224042532,-1.3926189244797493,-0.5036600227187933,-0.024350861997674028,2.556024970947668,57.009,71.224
1766335799.643569,390,102;103;104;105;200;201;202,67.072;68.564;69.295;45.665;69.876;73.209;80.724,0.4286296316742187,2.6499207850371627,1.4511067624036815,-0.2584601801784818,1.2412573610870308,0.11919631375838367,-1.3084838153097118,0.41740780173306286,-1.392511117782249,-0.5036842649188801,-0.024086553620831314,2.5560351629531666,57.004,71.236
1766335799.743394,391,102;103;104;105;200;201;202,68.078;68.734;68.835;45.489;69.856;73.701;80.995,0.4288015607088182,2.650096497324623,1.451279327708717,-0.25849846832870066,1.2409083549238316,0.11947720036979625,-1.3087366732000254,0.41726828222180745,-1.3923587933508808,-0.5036219159154768,-0.024247947548466764,2.555735433631617,57.005,71.248
1766335799.841102,392,102;103;104;105;200;201;202,67.348;68.242;70.562;48.348;69.739;74.098;81.129,0.4287187184880993,2.649561035340428,1.4509446920605178,-0.25851122635724283,1.2409946795145792,0.11923173670757405,-1.3081779177812427,0.4177370020106808,-1.3924958920096773,-0.5035710965836027,-0.024544130381870977,2.5558682788264093,57.007,71.227
1766335799.938197,393,102;103;104;105;200;201;202,67.873;69.586;70.391;45.544;69.666;73.147;80.422,0.4280529338221679,2.6498618289050095,1.4504955445544288,-0.2584899249329669,1.2412422378947001,0.11889911843370757,-1.3078851177278359,0.4173660500770827,-1.3929602385857052,-0.503986968505753,-0.02409279084562202,2.555826028541321,56.989,71.203
1766335800.040250,394,102;103;104;105;200;201;202,67.095;68.369;69.736;44.915;70.331;73.612;81.432,0.42892922476198336,2.6507139152238577,1.4510726602460349,-0.25858052526568526,1.2406221288864188,0.1194995622658869,-1.3089075653252222,0.4166623942849538,-1.3922012269383501,-0.5036966749068528,-0.02433296143772845,2.555404175389211,56.985,71.248
1766335800.169491,395,102;103;104;105;200;201;202,68.781;69.174;69.081;47.153;69.856;72.971;81.824,0.42868746025448357,2.6509975273616053,1.4512214628178073,-0.25908350183509127,1.2406506547502658,0.1192920009944747,-1.3091432132274807,0.4163966869754,-1.3923364292742864,-0.5034693607626713,-0.024312063718365667,2.5556550488482754,56.984,71.254
1766335800.268017,396,102;103;104;105;200;201;202,68.218;68.533;69.576;45.762;69.760;73.416;81.525,0.42804705892419126,2.650057962113511,1.450878860097504,-0.2586807109004305,1.2410565290736413,0.11898820899234819,-1.308295236610862,0.4172221254688025,-1.3929257462992728,-0.5037412287948021,-0.024014868763240327,2.555800201152346,56.996,71.220
1766335800.399958,397,102;103;104;105;200;201;202,66.475;68.583;69.860;44.574;69.235;74.159;80.635,0.42777677229006694,2.649416068529352,1.4504175748138646,-0.2583403358514776,1.2410701708120007,0.11906586804714638,-1.3075544805266754,0.41776855218738657,-1.3932163231143204,-0.5041403597684057,-0.02419055541095569,2.5555416987922692,56.997,71.191
1766335800.499863,398,102;103;104;105;200;201;202,66.964;68.327;68.799;46.025;70.930;73.649;80.537,0.4279755759951701,2.649603852060749,1.4505744684293467,-0.25926367139203377,1.2408736058183123,0.11927423931575025,-1.307804545511535,0.41761718232101697,-1.3930437576665426,-0.5038770514682905,-0.02505155551125529,2.5557971222157994,56.997,71.202
1766335800.598694,399,102;103;104;105;200;201;202,67.144;68.622;70.011;46.470;69.156;73.654;81.816,0.42825846196360157,2.6493076842352727,1.4505476014495857,-0.25905124297049953,1.2408998879828872,0.11925572743729253,-1.3076659654900413,0.4179107224806863,-1.3928751949396945,-0.5037751881109516,-0.025162196911046958,2.5558430888005645,57.002,71.202
1766335800.696265,400,102;103;104;105;200;201;202,67.804;68.570;68.693;46.594;69.198;73.267;81.555,0.427671403834302,2.6492845191423275,1.4501263667265383,-0.2592944387252459,1.2412022375668543,0.11883234726590054,-1.3072375735619823,0.4178556884509763,-1.3933199209250713,-0.5039624534173512,-0.025057873365172095,2.556077981355996,56.991,71.176
1766335800.798791,401,102;103;104;105;200;201;202,66.296;68.412;70.096;46.635;69.782;74.176;81.211,0.4277213374291898,2.6481050952998952,1.4498468814648877,-0.25869981675271714,1.2411339517576345,0.11901329389297392,-1.3064056415134966,0.41895126563666596,-1.3934348430493773,-0.5041326571489532,-0.025391895012495336,2.5558228913046506,57.008,71.152
1766335800.897590,402,102;103;104;105;200;201;202,67.182;68.535;70.309;48.252;70.035;73.851;80.961,0.4274997011777332,2.6473664013831875,1.4493178099076829,-0.25857235162828646,1.241304067453277,0.11874147971316462,-1.3055658996595847,0.41958441636226906,-1.3937038662333523,-0.5042589395860699,-0.025671927658187627,2.555913853895944,57.009,71.119
1766335800.993728,403,102;103;104;105;200;201;202,68.076;68.370;70.013;45.844;69.434;72.978;79.977,0.42657737197630957,2.647496661007433,1.4490298127590644,-0.25815934610550817,1.2418613380635009,0.11835856422222008,-1.3052806329945768,0.4193810848260023,-1.3943680573121062,-0.5048289276513257,-0.024603116354530635,2.5559712455193497,57.001,71.096
1766335801.093411,404,102;103;104;105;200;201;202,66.966;68.623;69.627;46.494;70.694;73.242;80.508,0.4280886327690225,2.648646181588478,1.4502301898201126,-0.2595094614842929,1.2412706743598936,0.11892265582470563,-1.3070440461308568,0.4184971276552967,-1.3930893886716873,-0.5036704823049281,-0.025715322508157723,2.5564457159538363,57.007,71.179
1766335801.189773,405,102;103;104;105;200;201;202,66.504;69.595;69.615;45.103;69.035;73.331;81.102,0.427461111647161,2.6485914113909512,1.4497193287361814,-0.25892610663753984,1.2413863832942793,0.11872284386731569,-1.3065215859494945,0.4184599276255278,-1.3935707608447843,-0.5042224042545319,-0.02510176407806569,2.5560467258592654,56.995,71.149
1766335801.290930,406,102;103;104;105;200;201;202,66.261;68.600;70.492;45.685;70.355;73.806;81.190,0.42709411388340174,2.6480663155451323,1.4493144262641617,-0.25862051922231233,1.2416339203055244,0.11855809541332452,-1.3058740508255808,0.418896213782877,-1.3939149565302702,-0.5045406877465168,-0.024992054132571162,2.556046647434531,56.995,71.121
1766335801.392000,407,102;103;104;105;200;201;202,66.956;68.735;68.487;43.705;69.651;73.393;79.838,0.42755416439926675,2.6489746476993035,1.4499661212613917,-0.25812666111247573,1.241552039240322,0.11896907289438924,-1.3069319707510798,0.41812715014775115,-1.3934480342510633,-0.5045960278022037,-0.024183975567314192,2.5557673923592876,56.994,71.164
1766335801.488067,408,102;103;104;105;200;201;202,67.610;68.996;70.512;47.095;70.343;73.311;80.365,0.4273866540602089,2.6493520434392925,1.450199424878101,-0.25880820277400174,1.241677323646059,0.1187727343152808,-1.3072943372497066,0.4177853246563266,-1.3935151577760563,-0.5043220902596139,-0.02423491519615084,2.556202998623486,56.993,71.176
1766335801.586900,409,102;103;104;105;200;201;202,66.905;68.741;70.245;44.728;70.080;73.346;79.331,0.4271356165056583,2.6489888542610376,1.4501705262624605,-0.25799631125916056,1.2421843481588357,0.11859350995262728,-1.3070494173118137,0.4181158548106349,-1.3937412650645453,-0.5046315859777785,-0.023355426032245163,2.556296650904251,57.001,71.167
1766335801.688529,410,102;103;104;105;200;201;202,67.763;69.245;70.505;45.094;71.283;73.634;80.715,0.4269441079353084,2.6494020881081517,1.4498916452069137,-0.2574898304109986,1.2422067833496575,0.11852017444914935,-1.3070143934698149,0.41768041141678197,-1.393841969127354,-0.5050267137210984,-0.022765156004240006,2.555913292739179,56.984,71.157
1766335801.785331,411,102;103;104;105;200;201;202,67.172;68.805;70.039;47.090;70.701;73.654;80.995,0.42710554045563576,2.649398807096133,1.4500248315855309,-0.25785275595288293,1.242081688969618,0.11840881892791037,-1.3071411542230105,0.4177067878537496,-1.393720139235746,-0.5046463190812995,-0.02307538769967335,2.5560903129177355,56.988,71.165
1766335801.885874,412,102;103;104;105;200;201;202,66.560;68.950;69.814;44.871;70.345;73.854;81.851,0.4275641072726279,2.649902985891019,1.450010544980424,-0.2577772597508431,1.2417608406204146,0.11857700070957304,-1.307451685909927,0.4172473043965247,-1.3933287046435834,-0.5046058001797858,-0.02320791685189738,2.5557681110371258,56.975,71.177
1766335801.985956,413,102;103;104;105;200;201;202,66.811;68.896;70.100;46.047;70.387;74.251;79.813,0.42764256204466633,2.6496138044655573,1.4498714957836225,-0.2576593295577054,1.2415193948109449,0.11875973827569873,-1.307199533946775,0.4175112381856748,-1.3933118649603127,-0.5046731168018312,-0.023521592754288362,2.55548606801446,56.976,71.169
1766335802.085579,414,102;103;104;105;200;201;202,68.007;68.227;69.274;44.199;69.764;73.691;80.420,0.4275610513727288,2.649471494447413,1.4497862606077903,-0.2573179124166164,1.2415372910996374,0.11881386072222841,-1.30704618560034,0.4176331916092967,-1.3933912107707025,-0.504861000269197,-0.023320492755153105,2.5553066089243197,56.977,71.163
1766335802.186970,415,102;103;104;105;200;201;202,67.521;69.481;69.895;46.371;69.908;73.431;80.511,0.42691767493656074,2.649269054694846,1.4494161510132195,-0.2571322547978436,1.2419408410323765,0.11841279679804485,-1.3065584519053335,0.41775186653098245,-1.3938959237020185,-0.5051681466575584,-0.022845301232562065,2.5554508641970717,56.973,71.136
1766335802.285831,416,102;103;104;105;200;201;202,67.368;68.693;69.988;43.954;69.696;73.579;80.653,0.42721686905476486,2.649423525680315,1.4495051648499029,-0.25726520424805477,1.241611420218771,0.11855565314047616,-1.30674965217307,0.417629707952873,-1.3936573590850128,-0.5049743569681655,-0.02315737726631939,2.555269226774108,56.971,71.146
1766335802.383001,417,102;103;104;105;200;201;202,67.303;69.154;70.076;46.006;70.000;73.153;80.554,0.42692253364486926,2.6491374805423216,1.4493518065491513,-0.2573876271344147,1.2416346863355303,0.11828703295812319,-1.3064387947303087,0.41787026911094116,-1.3939106110894937,-0.5048676248615807,-0.023212271350648267,2.555360252501267,56.973,71.132
1766335802.481724,418,102;103;104;105;200;201;202,67.105;68.712;69.586;45.907;69.815;74.126;80.649,0.42787957029500395,2.649624670271801,1.4499787168042078,-0.2576074840003102,1.241361961410073,0.11869444761879769,-1.3073226032023746,0.4175249167215324,-1.3931346752215292,-0.5044072553108723,-0.02355664122947304,2.5554421317254485,56.979,71.177
1766335802.583355,419,102;103;104;105;200;201;202,67.342;68.741;70.545;47.252;70.892;73.547;81.833,0.4277718223485919,2.649681432046306,1.4500512788059696,-0.25809175846562954,1.2413278611215484,0.11857490738326822,-1.3073965049818348,0.4174736343690959,-1.393203037668393,-0.504180728241369,-0.023802034024729524,2.5556558407634737,56.980,71.179
1766335802.682362,420,102;103;104;105;200;201;202,67.477;68.435;70.477;46.490;69.684;72.879;82.598,0.4269488696903499,2.6492231626486618,1.4493360026181181,-0.25791038536830807,1.241785016204063,0.11803198646009931,-1.3064740562828476,0.41778807634874643,-1.3938819864220944,-0.5046131810479411,-0.02349367566014643,2.5557945479339255,56.971,71.133
1766335802.787320,421,102;103;104;105;200;201;202,67.527;69.675;69.490;48.351;70.334;73.534;81.170,0.42689448943038166,2.6491061756223186,1.4491838399580743,-0.25763907795260516,1.2417331509143272,0.1178949139435439,-1.3062834434909443,0.41787957966602507,-1.3939413316444276,-0.5046248524878155,-0.023341536596973883,2.555635986745547,56.969,71.125
1766335802.881129,422,102;103;104;105;200;201;202,66.787;69.333;69.565;45.094;69.853;74.252;81.017,0.4268107940407583,2.648799059550522,1.449169032575668,-0.25732785055038615,1.2418652222780162,0.11804802653560223,-1.3061008355976498,0.4181665833896085,-1.3940390143150363,-0.5048661502420999,-0.023201326079515278,2.5555788159850366,56.976,71.119
1766335802.975956,423,102;103;104;105;200;201;202,67.054;68.570;69.926;44.505;69.418;73.508;81.586,0.42674752300300584,2.6488160983469027,1.4489005740835572,-0.257261704821065,1.241658397730894,0.1181053177738968,-1.3058849958880212,0.4181165360374937,-1.3940934886104348,-0.5050248129542892,-0.023359740747656815,2.5552666432298086,56.967,71.108
1766335803.073176,424,102;103;104;105;200;201;202,68.144;68.550;69.421;46.637;69.943;74.104;81.410,0.42664957364025513,2.64895836656807,1.4488019119168871,-0.2569119488579553,1.241907538242252,0.11801399493714296,-1.3058666485802666,0.4179646680537055,-1.3941514450923431,-0.5052715460499744,-0.022887752771123482,2.55526697728508,56.961,71.104
1766335803.170273,425,102;103;104;105;200;201;202,67.580;68.419;70.852;45.880;70.162;73.349;80.295,0.4262459986637636,2.6486113054200247,1.4483642168284576,-0.25684060947061665,1.2423072218149733,0.11768942381019287,-1.3052804551507304,0.4182253191531096,-1.394502304023206,-0.5055383114551463,-0.022783975336564816,2.5555042794257217,56.957,71.077
1766335803.269445,426,102;103;104;105;200;201;202,67.186;69.494;69.946;45.964;70.596;73.806;80.205,0.42590190050166543,2.648604884483938,1.4480955800014874,-0.25675734699496255,1.2424612512243909,0.11751964284587378,-1.305015532920742,0.4181833344917457,-1.3947629123148377,-0.5057726260760433,-0.02257879650045272,2.5554870859928887,56.950,71.061
1766335803.369183,427,102;103;104;105;200;201;202,65.820;69.538;69.670;45.944;69.681;73.064;80.621,0.4253691123574298,2.6484967934154717,1.4477802136036595,-0.2569983009466113,1.242808309870196,0.11718101590016614,-1.3046353541796425,0.41822332165891085,-1.3951740914379671,-0.5059517744101535,-0.02249507239602705,2.555787357495606,56.945,71.039
1766335803.468664,428,102;103;104;105;200;201;202,66.626;68.131;70.243;47.396;70.166;74.140;80.778,0.4255860439948075,2.6471591024130587,1.447658096542547,-0.25670908326710573,1.2427072879892205,0.11744826431441742,-1.303869015775128,0.41949603396262536,-1.3951804126471397,-0.5059161990423543,-0.02320100735326522,2.55573124186479,56.969,71.022
1766335803.569252,429,102;103;104;105;200;201;202,65.680;68.540;68.400;46.058;69.754;73.699;81.640,0.42577886969445433,2.646927626924145,1.4473049827691336,-0.256477150389205,1.242394789189673,0.11762354413845734,-1.303489007126132,0.41968599877857465,-1.395081977889217,-0.5060718556512341,-0.023606468222175797,2.5553026335202267,56.963,71.008
1766335803.665378,430,102;103;104;105;200;201;202,66.512;68.294;69.743;45.262;70.367;73.360;80.688,0.4267513877001931,2.6483219543835506,1.448143744287668,-0.2566870073723433,1.2418134040116555,0.11817704801385744,-1.305018304394309,0.41850151555691795,-1.3941793198882821,-0.5056505416820914,-0.023555793642195982,2.5549875821554235,56.955,71.072
1766335803.764799,431,102;103;104;105;200;201;202,66.443;69.133;69.257;45.035;70.283;73.841;81.330,0.4267313544529668,2.648198170073208,1.4479191959640028,-0.2564855783026014,1.2416208434499632,0.11824954624691122,-1.3047702486476034,0.4185928531528217,-1.3942173730849656,-0.505788839320386,-0.023660507697527394,2.554667005678348,56.951,71.061
1766335803.864512,432,102;103;104;105;200;201;202,66.988;67.643;69.968;45.719;69.090;73.434;81.169,0.42601608173346717,2.6479776981405028,1.4474740072831218,-0.25630837571566956,1.2418852768364244,0.1178369767573692,-1.3042029456232413,0.41871601884469656,-1.3947791616002396,-0.5060875211222192,-0.023247276524505506,2.554667729334911,56.944,71.030
1766335803.965552,433,102;103;104;105;200;201;202,66.794;70.058;69.269;44.552;69.392;73.827;80.926,0.425462985670078,2.648153680128349,1.4469726392295736,-0.25571151741159104,1.2422300684547436,0.1175966146486108,-1.3038179447403044,0.41846265550649575,-1.3951786489660767,-0.5067279634079489,-0.022461078005815316,2.5544489685234932,56.927,71.004
1766335804.060246,434,102;103;104;105;200;201;202,68.443;69.115;70.336;45.223;70.539;73.405;81.275,0.4259862343175257,2.6498674147651076,1.4481169867962225,-0.2561439999115369,1.2421291420775773,0.11777465371531123,-1.3057007687374602,0.4169860109494963,-1.3945508149478434,-0.5062025699668176,-0.021712303072759287,2.5546663795270925,56.923,71.077
1766335804.163581,435,102;103;104;105;200;201;202,67.861;69.068;68.891;47.188;69.324;73.476;80.693,0.4251858445259286,2.649092751441018,1.4477600175370366,-0.2560487703281884,1.242485573689293,0.11736104525242173,-1.304905296802166,0.4176433435969082,-1.3952367452579433,-0.5063843431386452,-0.02149263128990675,2.5548749578333263,56.932,71.043
1766335804.260318,436,102;103;104;105;200;201;202,66.847;69.053;70.033;44.589;69.121;73.758;80.558,0.4250953721037524,2.6482458251253873,1.447549799820141,-0.2558188328668615,1.2425795154282078,0.11747451170284896,-1.304283157623189,0.4184223572382761,-1.395411262315028,-0.5065624889801025,-0.02178548149657633,2.5548717979362188,56.944,71.023
1766335804.359740,437,102;103;104;105;200;201;202,67.700;68.034;69.227;46.082;70.602;73.205;81.066,0.42627338039479695,2.6498842933850124,1.4486232952934102,-0.25609506967775236,1.241997299535688,0.11796573602705678,-1.3061551460757308,0.4170422586243033,-1.394320796786153,-0.5059067670591205,-0.02161991871165944,2.554682332353111,56.937,71.102
1766335804.460290,438,102;103;104;105;200;201;202,66.918;68.491;68.875;47.373;70.056;73.333;81.211,0.4262861272163235,2.6494407623484078,1.4484949754440197,-0.256702231857295,1.2419043285306126,0.11782234658942134,-1.3058226476887314,0.41745124659456606,-1.3943694690921973,-0.5055770276625854,-0.02240277462264409,2.554972012354436,56.943,71.092
1766335804.556941,439,102;103;104;105;200;201;202,67.845;69.439;68.484;45.518;70.414;73.343;80.899,0.4273840768838614,2.650387779232548,1.4495315923287817,-0.25735701063292055,1.2412248221608038,0.11840420679720623,-1.3072941848646953,0.4167214905459041,-1.3934204811988131,-0.5047687380429685,-0.022925495357385778,2.554930567513737,56.950,71.160
1766335804.655337,440,102;103;104;105;200;201;202,67.526;68.918;69.852;45.013;70.160;73.212;80.903,0.4276688998149856,2.6509191150993114,1.4498852242638445,-0.25753018606260925,1.2410172097255248,0.11852349237288616,-1.307892613676839,0.41626921870801153,-1.393136804142572,-0.5045250071932004,-0.02287548197494288,2.554881068514864,56.948,71.185
1766335804.760134,441,102;103;104;105;200;201;202,67.375;68.608;70.473;45.498;69.956;73.177;81.315,0.4274887406852491,2.650759825917934,1.4496413984232173,-0.2582404805635696,1.2410995162452083,0.11833748239301514,-1.3075897858889367,0.41638440339344257,-1.39329597751288,-0.5044150908007244,-0.023510224860362056,2.555248010460881,56.945,71.171
1766335804.855141,442,102;103;104;105;200;201;202,66.813;69.165;70.082;46.687;70.375;73.218;81.061,0.42701095625088425,2.6505856324269774,1.4492267314245773,-0.25827078453434893,1.2413876774157782,0.11806733673470271,-1.3071026258914114,0.41647935985771783,-1.3936791885572735,-0.5047016824066111,-0.02341582802458103,2.5553796586716997,56.938,71.145
1766335804.953916,443,102;103;104;105;200;201;202,68.076;68.490;68.682;44.297;69.727;73.164;81.213,0.42821142378444704,2.6518206862150944,1.450454343243355,-0.25854595378211837,1.2409159492075608,0.11867411923703408,-1.3088906336401855,0.4155010649554241,-1.3926136503671676,-0.5040073772507773,-0.023359928653530454,2.555359954623146,56.944,71.226
1766335805.053640,444,102;103;104;105;200;201;202,66.698;68.966;69.754;47.109;70.481;73.601;80.132,0.4272425334674029,2.6501320204623235,1.4494335509524778,-0.2576088577012491,1.2416195231916787,0.1181287673984396,-1.3070636873786041,0.41694714940665983,-1.3935573344926349,-0.5047146738099634,-0.02300688992555089,2.555440707654204,56.953,71.151
1766335805.153358,445,102;103;104;105;200;201;202,66.043;68.889;70.304;46.322;70.453;73.149;80.194,0.42788302946048684,2.6498726350280934,1.4496581572855602,-0.25880947351179795,1.2413181518920329,0.1182856648790514,-1.3071935968704613,0.4172521770413413,-1.3931155083706679,-0.5039962345342418,-0.02452229671050668,2.555960502574008,56.963,71.167
1766335805.250677,446,102;103;104;105;200;201;202,66.909;68.053;68.800;48.696;69.982;73.023;81.586,0.4276100954827868,2.649459995448954,1.449272726118063,-0.2594908664817781,1.2412022794748365,0.11809338303880886,-1.3066326965794581,0.41758818608649717,-1.3933775604041778,-0.5038637574515721,-0.02534817148766516,2.5561304245232455,56.962,71.143
1766335805.352216,447,102;103;104;105;200;201;202,66.832;68.934;69.150;45.198;70.705;74.153;82.008,0.4286286513090238,2.650760712449685,1.4501637138075198,-0.2592399311688663,1.2404492667296683,0.11897869240177475,-1.308160148825477,0.4164998698590668,-1.3924497894390089,-0.5036857875526574,-0.02512592070848904,2.555398840481363,56.957,71.208
1766335805.449704,448,102;103;104;105;200;201;202,67.475;68.148;69.590;44.508;70.450;73.468;81.071,0.4279756051844953,2.6498879512581883,1.4495686022046856,-0.25784730565579034,1.2410065751970272,0.11870574330206028,-1.3071414949643272,0.41723201813660993,-1.3930502377449065,-0.504463942509061,-0.024068230857136497,2.555124275664144,56.960,71.165
1766335805.546251,449,102;103;104;105;200;201;202,66.963;68.777;69.852;47.657;69.556;73.671;80.355,0.4274699951563782,2.6493930056886414,1.449249706959754,-0.2575548936762073,1.241490845528747,0.11834376188415906,-1.3065609782994625,0.4176424303253338,-1.393487884633644,-0.5047250696204139,-0.02367058874434652,2.5553724050685886,56.963,71.139
1766335805.646536,450,102;103;104;105;200;201;202,66.081;67.903;68.320;47.583;70.177;74.094;80.357,0.42695829731540913,2.6480893661448106,1.4482883213245081,-0.2571336140404747,1.241606345028345,0.11814674535293382,-1.3050409447352536,0.4187502559116608,-1.3940512964847058,-0.5052100504930106,-0.024120404421467068,2.5551613555417263,56.964,71.078
1766335805.744618,451,102;103;104;105;200;201;202,69.215;69.483;69.568;45.139;70.234;71.914;80.312,0.42615307853323736,2.6494312914041083,1.448196538156279,-0.257392484327212,1.2418731993325158,0.11758241754823158,-1.3055597729360082,0.4174194614371136,-1.3944787766842675,-0.5054218632647671,-0.0230257066670973,2.555225352931272,56.934,71.078
1766335805.844792,452,102;103;104;105;200;201;202,66.991;68.249;69.313;46.417;69.252;73.680;80.780,0.4255824517106105,2.6486847678782888,1.4476896159090844,-0.2565136906000061,1.2423660063532465,0.11730254815292786,-1.304688045526721,0.41804449759690804,-1.39500082464008,-0.5059814675878295,-0.02235497809115941,2.5551604002780595,56.937,71.041
1766335805.943888,453,102;103;104;105;200;201;202,65.998;68.074;70.356;46.895;70.426;73.493;81.764,0.42603437404407407,2.648123423667254,1.4478217313978583,-0.25725469658548206,1.2421963035789607,0.11748159011710749,-1.3045615330322622,0.4186178303547945,-1.3947349266201825,-0.505516594245513,-0.02354024966773899,2.5555473097105805,56.952,71.046
1766335806.042158,454,102;103;104;105;200;201;202,67.303;68.761;70.414;47.751;69.281;72.903;80.308,0.42531063083990445,2.647961464783054,1.447766915987957,-0.2574390244205014,1.242681328421774,0.11700856701136174,-1.3043383573507825,0.4187293656541335,-1.3952805397465096,-0.5055584696587888,-0.023065658966319014,2.556009394892426,56.956,71.032
1766335806.142109,455,102;103;104;105;200;201;202,67.207;68.606;69.986;47.342;70.003;73.530;81.107,0.42518112819555703,2.6481427942477866,1.4477652958283165,-0.2571134982326568,1.2429753942327706,0.11684812315115116,-1.3044144962572508,0.4185496753676872,-1.3953528819076013,-0.5057216424373882,-0.022475246736596344,2.556092134743733,56.953,71.032
1766335806.239651,456,102;103;104;105;200;201;202,67.977;68.872;68.644;47.093;69.320;73.227;80.867,0.42548449163583524,2.6490296518322993,1.4480410852947003,-0.2571104828239665,1.2427133952929454,0.1168906830338064,-1.3051380693668406,0.4177508596592498,-1.3950168649601327,-0.5055440942728913,-0.02215487216600706,2.555866365940344,56.941,71.058
1766335806.337617,457,102;103;104;105;200;201;202,67.234;69.518;69.172;44.624;69.417;73.621;82.672,0.42562072189496747,2.6495720858496616,1.4482918529855027,-0.2565125391759404,1.2425253496426194,0.11715220118608063,-1.3056402822504862,0.4172691223935723,-1.3948437059210927,-0.5057331078288816,-0.02147427192663043,2.5553655085417026,56.936,71.076
1766335806.437646,458,102;103;104;105;200;201;202,67.439;69.458;69.949;46.199;69.624;74.267;81.252,0.42578341027769356,2.6493958809394833,1.4483310279715524,-0.2564252974712787,1.2423456863092952,0.11729870922359396,-1.3056014346725824,0.4174498930090233,-1.394745334067922,-0.5056751128213243,-0.02166143008265875,2.5552120567385113,56.941,71.078
1766335806.539335,459,102;103;104;105;200;201;202,68.227;68.410;69.853;45.182;69.733;73.134;80.489,0.4260205876259748,2.6506884857981996,1.4484080440152198,-0.2563518954567322,1.2422856179811645,0.11727113895950465,-1.3063670151260767,0.41623795291885035,-1.394416467291314,-0.5057794393595076,-0.02109180134632488,2.5550045575096316,56.914,71.099
1766335806.637997,460,102;103;104;105;200;201;202,66.144;68.412;70.099;45.582;68.862;73.326;79.829,0.424950086639108,2.6492145026111786,1.447528060626023,-0.2559891070764407,1.2424825717007335,0.11689696047748935,-1.3047508758469077,0.4174886648394347,-1.395402141227779,-0.5062539525838267,-0.021213500808732383,2.5548509425242636,56.923,71.031
1766335806.736700,461,102;103;104;105;200;201;202,67.226;69.994;69.206;45.544;69.647;73.324;81.960,0.42510604111073774,2.649332083431008,1.447527302836738,-0.2563438657891273,1.2423544763581889,0.11690413321298906,-1.3048318471122113,0.41738438215961154,-1.3952752396045753,-0.5060847378275377,-0.021592555410120534,2.554925733575514,56.920,71.035
1766335806.834011,462,102;103;104;105;200;201;202,67.338;69.536;69.407;48.082;70.950;72.643;81.840,0.42427993921809004,2.648900133020357,1.4468673510153383,-0.256512521213317,1.242610314028323,0.11631028975873936,-1.303967021367699,0.4176784744905613,-1.395950913723741,-0.5062696815938722,-0.021576497507138304,2.555084379039262,56.912,70.992
1766335806.934033,463,102;103;104;105;200;201;202,67.687;68.794;70.238;46.860;69.466;73.668;81.403,0.42439833396061144,2.6485975799641794,1.4468624115208373,-0.2560483198635596,1.242684834081741,0.11636455377587346,-1.3038209650401547,0.4179724903826369,-1.395901367142538,-0.5063568667455902,-0.02138494001161456,2.554996803811635,56.918,70.990
1766335807.033030,464,102;103;104;105;200;201;202,68.680;67.959;69.472;48.177;69.087;73.194;80.739,0.4246138970709429,2.648742626222642,1.4470339616109165,-0.2569199650627619,1.2427583996245164,0.11620724786069486,-1.304062966198239,0.4178648711523025,-1.3957212470431488,-0.5058982957717585,-0.021988601680905717,2.555585669514919,56.919,71.001
1766335807.132443,465,102;103;104;105;200;201;202,66.641;68.635;69.244;44.901;68.727;72.637;80.631,0.4245026160934685,2.6492200535211996,1.4470991558789634,-0.25687313534220146,1.2429789532712678,0.11607918015395184,-1.3043495586886924,0.4174113681325047,-1.3957424329858361,-0.5060037977680553,-0.02150445732798245,2.5556973033134773,56.911,71.008
1766335807.231352,466,102;103;104;105;200;201;202,67.239;68.364;69.891;46.818;69.595;72.449;81.281,0.4250662085113902,2.6494206039475885,1.447388883361297,-0.25754132515547445,1.2426124858111243,0.11623610681104142,-1.3047611452509016,0.41728207335387285,-1.3952990077106555,-0.5054687075510866,-0.02228990776559417,2.555840997372978,56.914,71.030
1766335807.329421,467,102;103;104;105;200;201;202,66.252;68.868;70.274;48.143;70.068;73.416;80.625,0.42510314165317653,2.6486706991817597,1.447222884355084,-0.2570910716867146,1.242330237277273,0.11639592647552625,-1.3042417807663556,0.4179800663511435,-1.3953680365133767,-0.5055108746201876,-0.022528773145741365,2.5554392728719995,56.925,71.015
1766335807.427696,468,102;103;104;105;200;201;202,67.122;69.025;70.405;47.029;70.109;73.104;81.166,0.42468130250978264,2.647951973665746,1.4469927917012737,-0.25767654093633435,1.2425325073861155,0.11623211103770732,-1.3036269118073536,0.41861759162276785,-1.3957680046041423,-0.5054704252171487,-0.023146529651175918,2.555873784725372,56.935,70.992
1766335807.530694,469,102;103;104;105;200;201;202,67.954;69.688;69.817;47.579;69.095;74.186;81.307,0.4236072184693246,2.6465620576243554,1.4458810378206997,-0.2563853585460303,1.2431398122739468,0.11589600027416945,-1.3018659136622532,0.4197601724183937,-1.3967544596171677,-0.5065493866632118,-0.022464724911202022,2.555545909625609,56.935,70.916
1766335807.626670,470,102;103;104;105;200;201;202,66.814;69.663;69.698;44.832;69.307;74.531;81.229,0.4247613938790428,2.647143525547088,1.447136987442429,-0.25708938314607616,1.2427653269302854,0.11672365619764732,-1.3033327278715088,0.41940922493256066,-1.3958002000200866,-0.5058503181659066,-0.02309676408271949,2.55583336210126,56.957,70.989
1766335807.727253,471,102;103;104;105;200;201;202,67.958;69.032;69.635;45.966;70.155;74.066;80.980,0.42494904256763205,2.6479179216465054,1.447514324638917,-0.25684585042533986,1.2427566654337843,0.11691598378023974,-1.3040647278423438,0.41872356731335303,-1.3955575847243347,-0.5059316052919749,-0.022476367403695074,2.555675356418548,56.951,71.016
1766335807.826673,472,102;103;104;105;200;201;202,67.663;68.974;69.783;45.693;70.874;73.752;81.251,0.42544706399877913,2.6482863631629225,1.4478955875371002,-0.2568247480605304,1.2426522739028447,0.1171388035968863,-1.3046290482125702,0.4184411750222874,-1.3951380703798846,-0.5057414591233221,-0.02244472180669338,2.5556793783017775,56.953,71.043
1766335807.930439,473,102;103;104;105;200;201;202,66.852;68.646;69.004;45.436;69.403;72.448;80.406,0.42524669357057227,2.6491954781760243,1.447976476166508,-0.2569137444375419,1.2425595123416182,0.11706090466155562,-1.3051412082883076,0.41757324411606866,-1.39517188909267,-0.5058251657230667,-0.021937680456635356,2.555486262662585,56.936,71.053
1766335808.023676,474,102;103;104;105;200;201;202,67.806;69.330;70.306;44.998;69.835;73.512;80.871,0.42507246412465804,2.649606817621777,1.4479068280787815,-0.2563399716259573,1.242700325657414,0.11693041005922837,-1.3052763813091972,0.41716411672476456,-1.395251806582419,-0.5061077683223006,-0.021107085278165877,2.555249635552272,56.925,71.053
1766335808.123077,475,102;103;104;105;200;201;202,68.405;69.050;70.197;45.879;69.997;72.923;81.915,0.4245666564997234,2.6499296532731433,1.4473225962396818,-0.2556875309288064,1.2430730131728112,0.11639548491835404,-1.3049074609680085,0.4167635331981817,-1.3956026417570688,-0.5065877121474983,-0.020154757916290816,2.5550885785300705,56.902,71.026
1766335808.221297,476,102;103;104;105;200;201;202,68.108;68.778;70.328;45.154;69.341;73.273;80.826,0.42482418746936434,2.649696547939527,1.447610058992856,-0.2559599294936768,1.2428084388250615,0.11664131755962827,-1.3050514460423965,0.41703192138026696,-1.3954326226916682,-0.5062917189677565,-0.020638951116255744,2.5550987826085074,56.915,71.038
1766335808.320033,477,102;103;104;105;200;201;202,66.999;69.093;70.218;45.305;68.670;72.479;80.417,0.4243709575556847,2.650331129772845,1.4475119766576374,-0.25601805818535345,1.2430836072927036,0.11628752553581005,-1.3052435527498212,0.41639233568264894,-1.3956888889449393,-0.5064624081555246,-0.01997832812695921,2.5552158418187982,56.900,71.035
1766335808.419063,478,102;103;104;105;200;201;202,68.123;68.727;69.924;45.703;70.394;73.588;81.097,0.4252177980209333,2.650252405206015,1.4481688009504954,-0.2561892159788508,1.242487082116985,0.11675696997448433,-1.3058424845303145,0.4165857613999216,-1.3950591848189762,-0.5058196804290458,-0.02059032524404955,2.5550611617531365,56.919,71.073
1766335808.516172,479,102;103;104;105;200;201;202,67.347;69.192;70.648;44.123;69.630;72.415;81.567,0.4252324209258603,2.6511305869771378,1.448122708819402,-0.25663472044501434,1.242266978151092,0.11667166911099877,-1.3062642264882933,0.41574370480278794,-1.3949454902066087,-0.5057457654407862,-0.02063822143884489,2.554954883240792,56.898,71.081
1766335808.650229,480,102;103;104;105;200;201;202,67.003;69.489;70.016;44.605;69.506;73.241;81.016,0.4256715331606537,2.651700400380112,1.448280250798929,-0.2562826771556126,1.2423755371917005,0.11676189437910356,-1.3067449484174383,0.41524060073508995,-1.3945532210847489,-0.5058212724335971,-0.020218344710907138,2.554916395622216,56.889,71.101
1766335808.750327,481,102;103;104;105;200;201;202,66.892;68.885;70.338;45.214;70.038;73.223;80.760,0.424872614241258,2.6507872335834564,1.4477309348257794,-0.2561795516877227,1.2427163540144304,0.11647122767857676,-1.3057228866559456,0.4160080406572806,-1.39526254962532,-0.5061897364235173,-0.020233779465796603,2.5550406307705726,56.895,71.056
1766335808.846548,482,102;103;104;105;200;201;202,68.365;69.626;69.600;48.397;69.075;72.472;81.358,0.42370874181149726,2.650217003894015,1.4468951526766598,-0.25607042915443573,1.243278088116,0.1155393812146868,-1.3046005877037155,0.4163965145918222,-1.3962063157535571,-0.5064954498432781,-0.019734531307606523,2.5553225130543793,56.886,71.000
1766335808.946851,483,102;103;104;105;200;201;202,66.816;68.844;70.264;47.147;70.218;72.614;81.980,0.42365510879612645,2.64974791868134,1.4470708158629144,-0.25702486014198195,1.243171788732507,0.11556032805434552,-1.3044909155727735,0.4168612907095503,-1.3962942558247549,-0.5060518663677126,-0.02067059289185516,2.555776565374555,56.902,71.000
1766335809.046795,484,102;103;104;105;200;201;202,67.561;68.692;69.961;47.458;69.823;72.369;81.819,0.4237691929267071,2.6501941439533696,1.4470865140754694,-0.2572766710593839,1.2429637007351402,0.11543648271099123,-1.3047508055888097,0.4164433762529598,-1.3961577289403508,-0.5058322714851955,-0.02074754428919559,2.555719425447111,56.892,71.008
1766335809.146122,485,102;103;104;105;200;201;202,68.551;68.284;68.916;46.271;69.006;73.341;80.883,0.42346520068216886,2.649553665079909,1.4470518954143177,-0.2568742957509022,1.2429105165157006,0.1155338114045718,-1.3043497318336796,0.41703462809660574,-1.3964556985027312,-0.5059828963386296,-0.02060978241441999,2.555477649033996,56.906,70.995
1766335809.245374,486,102;103;104;105;200;201;202,66.737;68.678;69.408;44.496;70.404;72.403;82.135,0.42414793445733096,2.6507994052213166,1.4475560655531932,-0.25701891010223205,1.2425384475955659,0.11587112202995026,-1.3054937584827928,0.4159393571023138,-1.3957925879929896,-0.5057686305954293,-0.020469745354607882,2.555233091066331,56.892,71.039
1766335809.343766,487,102;103;104;105;200;201;202,67.754;68.391;68.505;48.061;69.993;73.270;81.371,0.42424122868696584,2.6498581751502033,1.4477822215082283,-0.25697142434150144,1.2428319434569706,0.11587829748455096,-1.3051982531264144,0.4168677113754568,-1.3958285970446067,-0.5055534029778308,-0.020682872718573858,2.555695083365245,56.919,71.039
1766335809.441734,488,102;103;104;105;200;201;202,67.495;69.022;70.862;46.244;70.378;73.063;81.483,0.42453474925865997,2.6501306586734836,1.447774099601069,-0.25742049715324056,1.2426721292358474,0.11599130873345716,-1.3053718420414269,0.4166219107589285,-1.395583877066771,-0.5054241710973774,-0.021204424734430433,2.5557609041004095,56.912,71.046
1766335809.540944,489,102;103;104;105;200;201;202,67.403;68.948;70.132;44.679;70.166;73.318;80.951,0.4245985194906826,2.6497533206730415,1.4474633717604286,-0.25703251609703304,1.2423702316728193,0.1161837766324318,-1.304933293886338,0.4169494597509237,-1.395595045697377,-0.5056266310296158,-0.02145068859343402,2.55526682343828,56.910,71.030
1766335809.640110,490,102;103;104;105;200;201;202,66.681;68.311;69.731;44.589;69.859;73.262;80.935,0.4248312793658572,2.649699522959504,1.4475843506391584,-0.256976994722921,1.2423288050841907,0.11644535508541495,-1.3050331987272945,0.4170265013826377,-1.395428150047357,-0.5056737973267299,-0.021599288616232754,2.5552248982727086,56.914,71.037
1766335809.737954,491,102;103;104;105;200;201;202,66.744;68.870;69.480;46.297;69.838;73.622;81.410,0.42455571419545435,2.6493783466871035,1.4471052863459006,-0.25649641887587943,1.2424263975636214,0.11638487696620659,-1.3044438520762636,0.41726382338050844,-1.395684882975745,-0.506106367431439,-0.021431399710931637,2.554957407369624,56.908,71.011
1766335809.837671,492,102;103;104;105;200;201;202,66.288;68.178;69.108;46.397;69.828;73.406;80.874,0.42428094340722544,2.6481776749292827,1.4471361316219964,-0.2567881277743899,1.2427226493780037,0.11644433298917065,-1.3038076700685148,0.4183983929300674,-1.3960255495178306,-0.5060554924459101,-0.021996686021019174,2.5554532690480753,56.936,70.994
1766335809.933706,493,102;103;104;105;200;201;202,67.417;68.590;70.067;47.329;70.575;73.787;80.720,0.4242070209492168,2.6482161152077737,1.4467850000975302,-0.25629996435634994,1.2430151406650432,0.11622882923692188,-1.3035349036891153,0.4183176094694433,-1.3960883288388002,-0.5063722529770122,-0.021561930994677375,2.5554219317383384,56.925,70.979
1766335810.035437,494,102;103;104;105;200;201;202,68.357;68.757;70.156;46.801;69.919;74.326;81.228,0.4241638896070436,2.647275043157898,1.4462789822864386,-0.2557542710583905,1.2432304406979677,0.11608404399040194,-1.3026311084645739,0.4191546150917142,-1.3962511162112852,-0.5066045827617889,-0.02169734725136352,2.5554074516841503,56.930,70.948
1766335810.132153,495,102;103;104;105;200;201;202,68.446;68.214;69.263;46.709;69.874;72.671;80.996,0.42460171143386066,2.648452689673226,1.446972963456636,-0.2557818061836293,1.2431631119240298,0.11621999722896689,-1.3038612334048683,0.41813374546015064,-1.395766950673942,-0.5063475394998432,-0.021056803541936286,2.555425900923347,56.924,70.995
1766335810.233649,496,102;103;104;105;200;201;202,68.547;69.232;69.577;45.772;69.826;73.637;80.260,0.4243570809500381,2.6490299536316666,1.447244860488876,-0.25554641483187107,1.2429006627945185,0.11641105477932567,-1.304349031365198,0.4176019479345655,-1.39586471969816,-0.5064884107054454,-0.0204426329204615,2.554951353672251,56.920,71.009
1766335810.332030,497,102;103;104;105;200;201;202,67.388;69.258;70.626;48.105;70.443;72.555;80.979,0.42437421520401447,2.6495538677983475,1.4473125132491134,-0.2563520318142948,1.2428450401261695,0.11606292000749535,-1.3046785710235653,0.4171109268836863,-1.395787203409045,-0.5060376470114448,-0.020733551698530306,2.5553216710308524,56.911,71.018
1766335810.433633,498,102;103;104;105;200;201;202,68.099;68.378;70.593;46.474;71.140;73.346;81.223,0.4253174205617206,2.6495998614013376,1.447938178610622,-0.25665704399950034,1.2421976809764044,0.11662580077131408,-1.3053300286303853,0.41718679630635463,-1.3950740301742521,-0.5054291251101444,-0.02152922584373368,2.555151262774604,56.926,71.058
1766335810.537841,499,102;103;104;105;200;201;202,67.413;69.076;69.466;47.603;70.000;73.205;80.432,0.4249664805201938,2.6485681803409755,1.4472258205994564,-0.2561905458459595,1.2425530044495485,0.11628288813485885,-1.3041729084702416,0.41807121890612414,-1.3954790826549863,-0.5057578633894529,-0.02161107405765572,2.5552315960787206,56.928,71.012
1766335810.630018,500,102;103;104;105;200;201;202,68.903;68.732;69.902;44.641;70.284;73.481;81.296,0.4254883862641863,2.649243313789898,1.4473076509526508,-0.25596545754279365,1.2422189091421736,0.11660656244140384,-1.3046585655369183,0.4174632964757076,-1.39501760929598,-0.5058337082948828,-0.021578235159111947,2.5547931244339184,56.914,71.031
1766335810.730183,501,102;103;104;105;200;201;202,68.288;68.511;69.108;46.788;69.838;72.651;80.927,0.42536313464100023,2.6496864307598935,1.4471598324704968,-0.2558415235698792,1.2424893765385059,0.1163319539390109,-1.304753714616089,0.4170174171501161,-1.3950613852310676,-0.5059836277618386,-0.021095418384424774,2.55490272627672,56.900,71.028
1766335810.829343,502,102;103;104;105;200;201;202,67.702;67.981;69.728;45.175;69.549;72.958;81.448,0.42630364083560884,2.650258466251239,1.447828677726521,-0.25648629563298536,1.2420023369190412,0.11672102026422049,-1.3057133923729436,0.4165961920350668,-1.3942858480976543,-0.5053058047048016,-0.021789197119914477,2.55499968235815,56.905,71.075
1766335810.960997,503,102;103;104;105;200;201;202,66.545;69.518;70.675;47.696;70.264;72.581;80.049,0.42618268158944406,2.6499165572739023,1.447783177066256,-0.25739561951397294,1.2419993718313191,0.11675967084294084,-1.3054829944295245,0.4169109209963182,-1.3944159543843555,-0.5051208409932169,-0.022705349591739338,2.555413413601994,56.911,71.067
1766335811.091716,504,102;103;104;105;200;201;202,67.426;68.733;69.628;46.283;69.129;72.957;81.305,0.42591022871954204,2.6500045877101672,1.4475798132331548,-0.2577259068178989,1.2423022669126387,0.11647036547358132,-1.3053292982179538,0.416789904373199,-1.3946107771893523,-0.5051782843081603,-0.022713638049142615,2.5557680986121025,56.904,71.056
1766335811.193028,505,102;103;104;105;200;201;202,67.032;68.257;70.585;45.935;70.025;73.086;81.456,0.4255709268568302,2.649368640091092,1.4473100229868707,-0.2573845492332498,1.2424669895650804,0.1163631950507095,-1.304736505917022,0.417348244117492,-1.3949428334124183,-0.5053996448037726,-0.022603811434933924,2.555727197523005,56.911,71.033
1766335811.290770,506,102;103;104;105;200;201;202,66.877;68.200;71.076;44.919;69.840;72.502;80.819,0.4248833637043957,2.649246135669718,1.4469668764660446,-0.2573380065296486,1.2428154485677145,0.11606309043570259,-1.3043062624838864,0.41739073680721855,-1.395468825685957,-0.5057512529657434,-0.022228230547559347,2.5558392968065795,56.905,71.008
1766335811.387541,507,102;103;104;105;200;201;202,67.585;68.035;70.594;47.575;69.748;72.718;81.055,0.4247101105732762,2.6490341751133597,1.4464456788741797,-0.2572193985436873,1.2430405796023398,0.11570764853737016,-1.303753132177007,0.4175241514074347,-1.3956400078594657,-0.5059177251272974,-0.02224297194271946,2.555935953870007,56.894,70.982
1766335811.488513,508,102;103;104;105;200;201;202,67.506;68.368;70.565;47.273;70.441;72.207;81.231,0.4248763795376702,2.6497608985010817,1.446618363189415,-0.25798282921935084,1.242520704017192,0.11572544189249345,-1.3042924764917345,0.4168594746925145,-1.3954262842272418,-0.5054960224824427,-0.02271345474974551,2.555817925853267,56.883,71.000
1766335811.585345,509,102;103;104;105;200;201;202,68.376;68.406;69.529;46.652;69.954;73.345;80.318,0.42530291536596737,2.6501483458639226,1.4472100916491941,-0.2582241513234101,1.2422198871782733,0.11610013428864532,-1.305026801569359,0.4165796217876823,-1.39504794804202,-0.5051827986203751,-0.022848787890217326,2.5557649537544664,56.892,71.034
1766335811.685611,510,102;103;104;105;200;201;202,68.543;68.952;69.103;46.043;69.865;72.895;80.037,0.4250848605315412,2.650597090386207,1.4473654031558545,-0.2577529296088228,1.2422291802611258,0.11617199773293957,-1.3053570649515778,0.4161583671993127,-1.3951461111321568,-0.5054392046396643,-0.022046525813727735,2.555443895735833,56.887,71.043
1766335811.781788,511,102;103;104;105;200;201;202,67.086;69.487;68.458;46.510;69.945;72.506;81.063,0.42498353548281453,2.6499849067439296,1.4475762695369943,-0.25780044294003307,1.2421436498349065,0.11621600592515903,-1.3051951168619866,0.4167611696073412,-1.3952841961945823,-0.5052059150500529,-0.022225970251364663,2.5555129148894014,56.907,71.043
1766335811.884332,512,102;103;104;105;200;201;202,67.873;69.196;69.152;46.346;69.796;73.529;81.069,0.424760145970344,2.6495545679026073,1.4474155160067068,-0.2572206310940823,1.242252111709756,0.1162954038557488,-1.3048123633170639,0.41714177278366765,-1.3955036101937817,-0.5055508471195149,-0.021905221293309074,2.55528140896818,56.913,71.028
1766335811.983440,513,102;103;104;105;200;201;202,67.567;69.108;69.387;48.497;69.271;73.099;81.624,0.4231320378889553,2.6476675923848716,1.445533251557921,-0.25630098042123933,1.243309802349152,0.11520268858047028,-1.3020993290589666,0.41864135936486263,-1.396981163548563,-0.506673939726768,-0.02150454561417864,2.555471151577893,56.902,70.907
1766335812.081795,514,102;103;104;105;200;201;202,67.529;67.713;69.034;47.540;70.455;73.248;80.925,0.423962701647297,2.6476411455121243,1.4459638743217176,-0.25710968265638334,1.2427853607292336,0.11567582726058104,-1.302541400729088,0.41875888465296685,-1.3963657553844377,-0.5060720588945661,-0.022752545678751013,2.5555901989478618,56.913,70.936
1766335812.183944,515,102;103;104;105;200;201;202,67.939;68.251;70.296;46.609;69.795;71.576;80.942,0.4233930176154271,2.648595246867625,1.445865518877027,-0.2573230217427304,1.243207645256961,0.115147250025756,-1.3028846804885346,0.417808477019981,-1.396668839229305,-0.5062351586664041,-0.021896206239885335,2.5558746577211107,56.891,70.935
