#{"config": {"calib_path_resolved": "/Users/Andreas/Desktop/ptl24_marker/common/calib/calib.yaml", "cli_overrides": ["adapt", "bench", "camera", "extrinsics", "fps", "height", "rig", "save_poses", "use_weighted_se3", "video", "width"], "config_path": "/Users/Andreas/Desktop/ptl24_marker/phase_b/config.yaml", "extrinsics_path_resolved": "/Users/Andreas/Desktop/ptl24_marker/common/extrinsics/T_WC.yaml", "rig_path_resolved": "/Users/Andreas/Desktop/ptl24_marker/phase_b/rigs/cyl_paper.yaml", "runtime": {"bench": {"print_every": 60}, "fuse": {"axis_len_m": 0.1, "ema_alpha": 0.3, "use_weighted_se3": true}, "health": {"max_tilt_jump_deg": 15.0}, "hud": {"enabled": true}, "logging": {"debug_metrics_csv": "phase_b/debug_metrics.csv", "poses_csv": "phase_b/poses_world_phone.csv"}, "ransac": {"A_ref_px2": 12000.0, "adaptive": true, "base_rot_deg": 5.0, "base_trans_m": 0.05, "min_inliers": 3, "rot_max_deg": 5.0, "trans_max_m": 0.05}, "video": {"device": "2", "fps": 30.0, "height": 1080, "width": 1920}}, "yaml": {"bench": {"print_every": 60}, "fuse": {"axis_len_m": 0.1, "ema_alpha": 0.3, "use_weighted_se3": true}, "health": {"max_tilt_jump_deg": 15}, "hud": {"enabled": true}, "logging": {"debug_metrics_csv": "phase_b/debug_metrics.csv", "poses_csv": "phase_b/poses.csv"}, "ransac": {"A_ref_px2": 12000, "adaptive": false, "base_rot_deg": 5, "base_trans_m": 0.05, "min_inliers": 3, "rot_max_deg": 5, "trans_max_m": 0.05}, "video": {"device": 2, "fps": 30, "height": 1080, "width": 1920}}}, "files": {"camera_calib": {"path": "/Users/Andreas/Desktop/ptl24_marker/common/calib/calib.yaml", "sha256": "a3583ec3b05ec4397f74222c4802234f7ee960b25f93061cb951120e268bc42f"}, "config": {"path": "/Users/Andreas/Desktop/ptl24_marker/phase_b/config.yaml", "sha256": "9c664548f0c4998345c599764857540af456008cc4bf230d90b575c908eaec28"}, "extrinsics": {"path": "/Users/Andreas/Desktop/ptl24_marker/common/extrinsics/T_WC.yaml", "sha256": "7057eea3ee5bf6e7608f69cc3c933361c9e1c639b9e7389f5c54dcff711a59a8"}, "rig": {"path": "/Users/Andreas/Desktop/ptl24_marker/phase_b/rigs/cyl_paper.yaml", "sha256": "e4048a572421f174e4670fbb51050d61e65957319f0f3d120df78c66f49c0a91"}}, "git_commit": null, "timestamp": 1763240366.558128}
t,fps,n_visible,n_inliers,mean_reproj,ransac_score,weight_min,weight_max,tilt_deg,mean_tag_area_px2,mean_view_cos,mean_reproj_px,ransac_trans_eff,ransac_rot_eff,n_unknown_ids,n_mirror_discards
1763240366.788944,38.659,6,6,37.187,0.00000,0.017,0.811,84.637,1127.6,0.6729,37.187,0.0500,5.000,0,0
1763240366.948096,6.002,6,6,37.250,0.00000,0.016,0.815,81.141,1131.1,0.6736,37.250,0.0500,5.000,0,0
1763240367.098494,7.584,6,6,37.301,0.00000,0.016,0.819,78.530,1133.9,0.6733,37.301,0.0500,5.000,0,0
1763240367.591000,7.505,6,6,37.312,0.00000,0.017,0.817,76.723,1134.1,0.6735,37.312,0.0500,5.000,0,0
1763240367.766703,1.997,6,6,37.289,0.00000,0.017,0.814,75.523,1132.2,0.6727,37.289,0.0500,5.000,0,0
1763240367.962496,5.966,6,6,37.283,0.00000,0.017,0.814,74.692,1132.7,0.6728,37.283,0.0500,5.000,0,0
1763240368.111161,4.998,6,6,37.301,0.00000,0.017,0.816,73.999,1134.1,0.6736,37.301,0.0500,5.000,0,0
1763240368.275098,7.549,6,6,37.288,0.00000,0.017,0.813,73.605,1133.6,0.6737,37.288,0.0500,5.000,0,0
1763240368.505772,5.434,6,6,37.277,0.00000,0.017,0.814,73.320,1132.9,0.6736,37.277,0.0500,5.000,0,0
1763240368.631400,4.998,6,6,37.288,0.00000,0.017,0.814,73.112,1132.7,0.6732,37.288,0.0500,5.000,0,0
1763240368.750361,7.552,6,6,37.301,0.00000,0.017,0.813,72.987,1132.3,0.6728,37.301,0.0500,5.000,0,0
1763240368.894439,7.512,6,6,37.288,0.00000,0.017,0.814,72.862,1132.5,0.6734,37.288,0.0500,5.000,0,0
1763240369.018060,8.514,6,6,37.267,0.00000,0.017,0.813,72.820,1131.4,0.6734,37.267,0.0500,5.000,0,0
1763240369.158966,7.468,6,6,37.290,0.00000,0.016,0.816,72.712,1132.4,0.6733,37.290,0.0500,5.000,0,0
1763240369.342474,5.154,6,6,37.284,0.00000,0.016,0.814,72.696,1132.7,0.6734,37.284,0.0500,5.000,0,0
1763240369.483848,7.321,6,6,37.283,0.00000,0.017,0.814,72.662,1132.5,0.6734,37.283,0.0500,5.000,0,0
1763240369.795250,7.218,6,6,37.275,0.00000,0.017,0.813,72.669,1132.3,0.6734,37.275,0.0500,5.000,0,0
1763240369.982245,3.020,6,6,37.277,0.00000,0.016,0.815,72.635,1133.0,0.6736,37.277,0.0500,5.000,0,0
1763240370.137553,5.973,6,6,37.292,0.00000,0.016,0.816,72.587,1132.5,0.6733,37.292,0.0500,5.000,0,0
1763240370.274591,5.938,6,6,37.279,0.00000,0.016,0.816,72.559,1132.1,0.6727,37.279,0.0500,5.000,0,0
1763240370.403497,7.632,6,6,37.242,0.00000,0.017,0.816,72.540,1132.0,0.6736,37.242,0.0500,5.000,0,0
1763240370.528579,7.643,6,6,37.251,0.00000,0.016,0.815,72.543,1131.4,0.6733,37.251,0.0500,5.000,0,0
1763240370.629518,10.151,6,6,37.275,0.00000,0.017,0.815,72.535,1132.2,0.6734,37.275,0.0500,5.000,0,0
1763240370.739642,9.334,6,6,37.250,0.00000,0.017,0.815,72.550,1131.8,0.6734,37.250,0.0500,5.000,0,0
1763240370.864351,7.616,6,6,37.257,0.00000,0.017,0.815,72.528,1131.7,0.6734,37.257,0.0500,5.000,0,0
1763240370.966215,10.315,6,6,37.277,0.00000,0.016,0.816,72.500,1131.8,0.6731,37.277,0.0500,5.000,0,0
1763240371.097203,7.382,6,6,37.268,0.00000,0.017,0.816,72.500,1132.5,0.6732,37.268,0.0500,5.000,0,0
1763240371.187510,9.984,6,6,37.273,0.00000,0.016,0.814,72.547,1132.1,0.6731,37.273,0.0500,5.000,0,0
1763240371.308584,7.724,6,6,37.246,0.00000,0.016,0.815,72.550,1131.4,0.6738,37.246,0.0500,5.000,0,0
1763240371.414381,9.561,6,6,37.259,0.00000,0.017,0.815,72.521,1132.2,0.6738,37.259,0.0500,5.000,0,0
1763240371.515186,10.026,6,6,37.264,0.00000,0.016,0.815,72.508,1131.7,0.6739,37.264,0.0500,5.000,0,0
1763240371.615561,10.105,6,6,37.260,0.00000,0.017,0.813,72.584,1131.7,0.6739,37.260,0.0500,5.000,0,0
1763240371.715987,9.918,6,6,37.261,0.00000,0.016,0.815,72.579,1131.9,0.6736,37.261,0.0500,5.000,0,0
1763240371.818448,9.796,6,6,37.264,0.00000,0.016,0.814,72.580,1131.9,0.6732,37.264,0.0500,5.000,0,0
1763240371.914145,10.305,6,6,37.267,0.00000,0.016,0.814,72.590,1131.8,0.6738,37.267,0.0500,5.000,0,0
1763240372.016646,9.947,6,6,37.257,0.00000,0.017,0.813,72.635,1131.9,0.6733,37.257,0.0500,5.000,0,0
1763240372.116037,9.863,6,6,37.262,0.00000,0.016,0.813,72.663,1131.5,0.6735,37.262,0.0500,5.000,0,0
1763240372.217372,10.309,6,6,37.269,0.00000,0.016,0.815,72.646,1131.4,0.6731,37.269,0.0500,5.000,0,0
1763240372.310656,10.294,6,6,37.266,0.00000,0.016,0.816,72.608,1131.2,0.6731,37.266,0.0500,5.000,0,0
1763240372.416664,9.383,6,6,37.276,0.00000,0.016,0.816,72.571,1132.0,0.6734,37.276,0.0500,5.000,0,0
1763240372.514823,10.149,6,6,37.270,0.00000,0.016,0.816,72.558,1131.6,0.6732,37.270,0.0500,5.000,0,0
1763240372.614896,10.179,6,6,37.261,0.00000,0.016,0.814,72.595,1131.2,0.6731,37.261,0.0500,5.000,0,0
1763240372.718305,9.781,6,6,37.266,0.00000,0.016,0.814,72.623,1131.6,0.6740,37.266,0.0500,5.000,0,0
1763240372.815691,10.172,6,6,37.264,0.00000,0.016,0.814,72.650,1131.6,0.6733,37.264,0.0500,5.000,0,0
1763240372.919247,10.033,6,6,37.258,0.00000,0.016,0.814,72.645,1131.5,0.6737,37.258,0.0500,5.000,0,0
1763240373.016826,9.817,6,6,37.243,0.00000,0.016,0.814,72.662,1131.4,0.6739,37.243,0.0500,5.000,0,0
1763240373.113045,10.128,6,6,37.241,0.00000,0.016,0.814,72.683,1130.7,0.6737,37.241,0.0500,5.000,0,0
1763240373.209825,10.485,6,6,37.258,0.00000,0.016,0.814,72.681,1131.4,0.6734,37.258,0.0500,5.000,0,0
1763240373.312321,9.936,6,6,37.263,0.00000,0.016,0.814,72.657,1131.9,0.6737,37.263,0.0500,5.000,0,0
1763240373.439904,9.523,6,6,37.269,0.00000,0.017,0.815,72.613,1131.6,0.6735,37.269,0.0500,5.000,0,0
1763240373.561027,7.390,6,6,37.273,0.00000,0.016,0.813,72.632,1132.2,0.6736,37.273,0.0500,5.000,0,0
1763240373.661969,10.079,6,6,37.255,0.00000,0.017,0.813,72.643,1131.5,0.6740,37.255,0.0500,5.000,0,0
1763240373.843588,9.542,6,6,37.265,0.00000,0.017,0.812,72.677,1131.5,0.6737,37.265,0.0500,5.000,0,0
1763240373.958347,5.177,6,6,37.251,0.00000,0.016,0.813,72.680,1131.1,0.6735,37.251,0.0500,5.000,0,0
1763240374.074476,9.797,6,6,37.264,0.00000,0.017,0.813,72.686,1131.8,0.6738,37.264,0.0500,5.000,0,0
1763240374.198802,7.585,6,6,37.249,0.00000,0.017,0.812,72.744,1131.5,0.6734,37.249,0.0500,5.000,0,0
1763240374.336209,7.797,6,6,37.270,0.00000,0.017,0.813,72.734,1131.9,0.6735,37.270,0.0500,5.000,0,0
1763240374.464654,7.410,6,6,37.256,0.00000,0.017,0.814,72.699,1132.0,0.6739,37.256,0.0500,5.000,0,0
1763240374.583305,9.776,6,6,37.262,0.00000,0.016,0.814,72.666,1131.9,0.6735,37.262,0.0500,5.000,0,0
1763240375.322951,7.492,6,6,37.269,0.00000,0.017,0.814,72.648,1132.3,0.6737,37.269,0.0500,5.000,0,0
1763240375.596722,1.302,6,6,37.232,0.00000,0.017,0.813,72.680,1130.5,0.6740,37.232,0.0500,5.000,0,0
1763240375.844302,3.779,6,6,37.250,0.00000,0.017,0.814,72.654,1130.9,0.6738,37.250,0.0500,5.000,0,0
1763240376.107345,4.241,6,6,37.248,0.00000,0.017,0.814,72.640,1131.2,0.6737,37.248,0.0500,5.000,0,0
1763240376.425800,3.765,6,6,37.259,0.00000,0.016,0.815,72.612,1131.5,0.6736,37.259,0.0500,5.000,0,0
1763240376.742344,2.985,6,6,37.257,0.00000,0.017,0.815,72.564,1132.2,0.6739,37.257,0.0500,5.000,0,0
1763240377.010877,3.360,6,6,37.259,0.00000,0.016,0.816,72.510,1131.8,0.6736,37.259,0.0500,5.000,0,0
1763240377.261086,3.773,6,6,37.252,0.00000,0.017,0.814,72.520,1131.3,0.6740,37.252,0.0500,5.000,0,0
1763240377.508632,3.731,6,6,37.247,0.00000,0.017,0.814,72.546,1131.6,0.6738,37.247,0.0500,5.000,0,0
1763240377.731891,4.251,6,6,37.244,0.00000,0.017,0.813,72.595,1131.4,0.6739,37.244,0.0500,5.000,0,0
1763240377.918931,4.302,6,6,37.271,0.00000,0.017,0.813,72.604,1132.4,0.6739,37.271,0.0500,5.000,0,0
1763240378.069475,6.079,6,6,37.241,0.00000,0.017,0.812,72.672,1130.9,0.6736,37.241,0.0500,5.000,0,0
1763240378.283398,6.048,6,6,37.278,0.00000,0.017,0.813,72.680,1132.1,0.6738,37.278,0.0500,5.000,0,0
1763240378.443604,4.953,6,6,37.259,0.00000,0.017,0.815,72.644,1131.6,0.6734,37.259,0.0500,5.000,0,0
1763240378.579433,6.050,6,6,37.248,0.00000,0.017,0.813,72.653,1130.6,0.6732,37.248,0.0500,5.000,0,0
1763240378.700833,7.425,6,6,37.250,0.00000,0.017,0.812,72.682,1131.1,0.6735,37.250,0.0500,5.000,0,0
1763240378.838073,7.457,6,6,37.245,0.00000,0.017,0.814,72.677,1130.6,0.6732,37.245,0.0500,5.000,0,0
1763240378.970412,7.598,6,6,37.240,0.00000,0.017,0.813,72.686,1130.7,0.6733,37.240,0.0500,5.000,0,0
1763240379.102976,7.433,6,6,37.260,0.00000,0.017,0.815,72.630,1130.8,0.6730,37.260,0.0500,5.000,0,0
1763240379.217258,7.589,6,6,37.250,0.00000,0.017,0.815,72.603,1131.0,0.6734,37.250,0.0500,5.000,0,0
1763240379.316971,10.106,6,6,37.260,0.00000,0.017,0.815,72.549,1131.6,0.6734,37.260,0.0500,5.000,0,0
1763240379.415900,9.591,6,6,37.231,0.00000,0.017,0.813,72.565,1130.4,0.6733,37.231,0.0500,5.000,0,0
1763240379.510471,10.411,6,6,37.249,0.00000,0.017,0.813,72.576,1131.1,0.6741,37.249,0.0500,5.000,0,0
1763240379.612626,9.807,6,6,37.251,0.00000,0.017,0.813,72.604,1130.7,0.6735,37.251,0.0500,5.000,0,0
1763240379.714000,9.881,6,6,37.257,0.00000,0.017,0.814,72.571,1131.0,0.6735,37.257,0.0500,5.000,0,0
1763240379.813684,10.114,6,6,37.216,0.00000,0.017,0.811,72.629,1130.8,0.6740,37.216,0.0500,5.000,0,0
1763240379.914017,9.938,6,6,37.238,0.00000,0.017,0.812,72.684,1130.5,0.6727,37.238,0.0500,5.000,0,0
1763240380.014276,10.066,6,6,37.264,0.00000,0.017,0.811,72.758,1131.9,0.6731,37.264,0.0500,5.000,0,0
1763240380.116512,9.835,6,6,37.262,0.00000,0.017,0.810,72.800,1130.3,0.6732,37.262,0.0500,5.000,0,0
1763240380.215246,10.075,6,6,37.254,0.00000,0.017,0.810,72.840,1129.8,0.6730,37.254,0.0500,5.000,0,0
1763240380.314897,10.198,6,6,37.240,0.00000,0.017,0.811,72.845,1129.7,0.6729,37.240,0.0500,5.000,0,0
1763240380.413061,9.970,6,6,37.244,0.00000,0.017,0.809,72.868,1129.5,0.6731,37.244,0.0500,5.000,0,0
1763240380.513082,9.877,6,6,37.255,0.00000,0.017,0.810,72.872,1130.8,0.6734,37.255,0.0500,5.000,0,0
1763240380.622894,10.061,6,6,37.258,0.00000,0.017,0.811,72.853,1131.1,0.6728,37.258,0.0500,5.000,0,0
1763240380.727546,9.942,6,6,37.241,0.00000,0.017,0.810,72.885,1131.0,0.6733,37.241,0.0500,5.000,0,0
1763240380.840442,9.994,6,6,37.230,0.00000,0.017,0.810,72.900,1131.5,0.6737,37.230,0.0500,5.000,0,0
1763240380.992361,7.478,6,6,37.224,0.00000,0.017,0.812,72.868,1130.3,0.6737,37.224,0.0500,5.000,0,0
1763240381.154734,7.474,6,6,37.228,0.00000,0.017,0.809,72.920,1131.2,0.6744,37.228,0.0500,5.000,0,0
1763240381.437379,4.279,6,6,37.222,0.00000,0.017,0.810,72.923,1130.3,0.6736,37.222,0.0500,5.000,0,0
1763240381.590822,4.286,6,6,37.249,0.00000,0.017,0.811,72.884,1130.7,0.6732,37.249,0.0500,5.000,0,0
1763240381.725193,7.532,6,6,37.229,0.00000,0.017,0.811,72.878,1130.4,0.6736,37.229,0.0500,5.000,0,0
1763240381.865803,7.509,6,6,37.265,0.00000,0.017,0.810,72.865,1131.3,0.6737,37.265,0.0500,5.000,0,0
1763240382.035769,5.976,6,6,37.253,0.00000,0.017,0.810,72.880,1131.2,0.6737,37.253,0.0500,5.000,0,0
1763240382.176571,6.037,6,6,37.249,0.00000,0.017,0.810,72.881,1131.8,0.6744,37.249,0.0500,5.000,0,0
1763240382.330307,6.100,6,6,37.235,0.00000,0.017,0.811,72.846,1129.7,0.6733,37.235,0.0500,5.000,0,0
1763240382.432762,9.617,6,6,37.233,0.00000,0.017,0.811,72.848,1130.2,0.6734,37.233,0.0500,5.000,0,0
1763240382.577585,7.657,6,6,37.233,0.00000,0.017,0.811,72.833,1130.4,0.6740,37.233,0.0500,5.000,0,0
1763240382.714380,7.378,6,6,37.229,0.00000,0.017,0.813,72.788,1130.3,0.6736,37.229,0.0500,5.000,0,0
1763240382.839918,7.480,6,6,37.239,0.00000,0.016,0.815,72.723,1129.8,0.6738,37.239,0.0500,5.000,0,0
1763240382.967090,7.539,6,6,37.232,0.00000,0.017,0.814,72.695,1130.1,0.6736,37.232,0.0500,5.000,0,0
1763240383.101841,7.523,6,6,37.213,0.00000,0.017,0.813,72.687,1129.5,0.6737,37.213,0.0500,5.000,0,0
1763240383.219251,7.534,6,6,37.218,0.00000,0.017,0.811,72.749,1130.0,0.6739,37.218,0.0500,5.000,0,0
1763240383.318058,10.238,6,6,37.226,0.00000,0.017,0.813,72.718,1129.8,0.6738,37.226,0.0500,5.000,0,0
1763240383.416815,9.654,7,7,37.072,0.00000,0.016,0.771,71.666,1055.3,0.6729,37.072,0.0500,5.000,0,0
1763240383.523584,10.081,6,6,37.228,0.00000,0.017,0.810,72.025,1130.5,0.6739,37.228,0.0500,5.000,0,0
1763240383.627489,9.839,6,6,37.204,0.00000,0.017,0.809,72.332,1130.2,0.6742,37.204,0.0500,5.000,0,0
1763240383.744985,10.193,6,6,37.261,0.00000,0.017,0.810,72.503,1132.6,0.6740,37.261,0.0500,5.000,0,0
1763240383.898504,7.461,6,6,37.257,0.00000,0.017,0.810,72.615,1132.7,0.6739,37.257,0.0500,5.000,0,0
1763240384.060909,5.968,6,6,37.292,0.00000,0.017,0.811,72.652,1133.0,0.6737,37.292,0.0500,5.000,0,0
1763240384.207688,5.999,6,6,37.258,0.00000,0.017,0.810,72.746,1130.1,0.6732,37.258,0.0500,5.000,0,0
1763240384.486472,7.726,6,6,37.241,0.00000,0.017,0.809,72.834,1130.5,0.6736,37.241,0.0500,5.000,0,0
1763240384.689255,3.561,6,6,37.225,0.00000,0.017,0.811,72.836,1129.5,0.6735,37.225,0.0500,5.000,0,0
1763240384.821539,5.276,6,6,37.226,0.00000,0.017,0.811,72.827,1129.4,0.6736,37.226,0.0500,5.000,0,0
1763240384.935452,7.551,6,6,37.218,0.00000,0.017,0.812,72.801,1129.4,0.6736,37.218,0.0500,5.000,0,0
1763240385.053855,7.401,6,6,37.217,0.00000,0.017,0.810,72.860,1130.1,0.6745,37.217,0.0500,5.000,0,0
1763240385.148860,10.271,6,6,37.220,0.00000,0.017,0.812,72.870,1130.2,0.6741,37.220,0.0500,5.000,0,0
1763240385.251421,10.117,6,6,37.219,0.00000,0.017,0.811,72.877,1129.4,0.6736,37.219,0.0500,5.000,0,0
1763240385.350763,9.847,6,6,37.225,0.00000,0.017,0.812,72.855,1129.9,0.6741,37.225,0.0500,5.000,0,0
1763240385.450794,9.840,6,6,37.225,0.00000,0.017,0.813,72.820,1129.3,0.6737,37.225,0.0500,5.000,0,0
1763310391.989937,92.653,6,6,38.205,0.00000,0.011,0.866,77.410,1159.2,0.6487,38.205,0.0500,5.000,0,0
1763310392.255098,4.077,6,6,38.189,0.00000,0.011,0.863,75.203,1161.0,0.6498,38.189,0.0500,5.000,0,0
1763310392.655167,3.959,6,6,38.247,0.00000,0.011,0.866,73.541,1162.7,0.6494,38.247,0.0500,5.000,0,0
1763310392.786133,2.844,6,6,38.290,0.00000,0.011,0.867,72.285,1166.0,0.6501,38.290,0.0500,5.000,0,0
1763310392.909175,7.550,6,6,38.341,0.00000,0.011,0.866,71.423,1167.5,0.6501,38.341,0.0500,5.000,0,0
1763310393.048220,10.060,6,6,38.359,0.00000,0.011,0.867,70.784,1168.3,0.6499,38.359,0.0500,5.000,0,0
1763310393.485456,5.929,6,6,38.338,0.00000,0.011,0.864,70.403,1168.1,0.6499,38.338,0.0500,5.000,0,0
1763310393.777177,2.179,6,6,38.313,0.00000,0.011,0.867,70.068,1167.2,0.6498,38.313,0.0500,5.000,0,0
1763310393.957918,3.642,6,6,38.302,0.00000,0.011,0.865,69.872,1167.1,0.6500,38.302,0.0500,5.000,0,0
1763310394.093957,5.807,6,6,38.326,0.00000,0.011,0.865,69.744,1167.6,0.6495,38.326,0.0500,5.000,0,0
1763310394.224205,8.322,6,6,38.315,0.00000,0.011,0.865,69.653,1167.1,0.6496,38.315,0.0500,5.000,0,0
1763310394.337899,7.643,6,6,38.332,0.00000,0.011,0.865,69.596,1167.5,0.6495,38.332,0.0500,5.000,0,0
1763310394.443017,9.645,6,6,38.337,0.00000,0.011,0.865,69.561,1167.8,0.6499,38.337,0.0500,5.000,0,0
1763310394.535558,10.120,6,6,38.357,0.00000,0.011,0.866,69.494,1169.3,0.6499,38.357,0.0500,5.000,0,0
1763310394.642440,10.245,6,6,38.348,0.00000,0.011,0.867,69.417,1168.8,0.6502,38.348,0.0500,5.000,0,0
1763310394.774288,7.362,6,6,38.339,0.00000,0.011,0.866,69.408,1168.3,0.6496,38.339,0.0500,5.000,0,0
1763310394.877425,10.068,6,6,38.318,0.00000,0.011,0.865,69.428,1168.1,0.6504,38.318,0.0500,5.000,0,0
1763310395.003704,7.425,6,6,38.354,0.00000,0.011,0.866,69.414,1168.3,0.6497,38.354,0.0500,5.000,0,0
1763310395.106241,9.642,6,6,38.323,0.00000,0.011,0.866,69.399,1167.8,0.6496,38.323,0.0500,5.000,0,0
1763310395.203758,10.326,6,6,38.336,0.00000,0.011,0.866,69.395,1167.9,0.6499,38.336,0.0500,5.000,0,0
1763310395.294862,10.337,6,6,38.336,0.00000,0.011,0.865,69.382,1168.4,0.6506,38.336,0.0500,5.000,0,0
1763310395.391318,9.785,6,6,38.351,0.00000,0.011,0.865,69.392,1168.2,0.6499,38.351,0.0500,5.000,0,0
1763310395.496000,9.527,6,6,38.357,0.00000,0.011,0.865,69.411,1168.0,0.6500,38.357,0.0500,5.000,0,0
1763310395.590583,10.571,6,6,38.340,0.00000,0.011,0.864,69.425,1168.1,0.6499,38.340,0.0500,5.000,0,0
1763310395.691126,9.996,6,6,38.341,0.00000,0.011,0.864,69.458,1168.1,0.6495,38.341,0.0500,5.000,0,0
1763310395.794776,9.836,6,6,38.341,0.00000,0.011,0.865,69.443,1168.4,0.6499,38.341,0.0500,5.000,0,0
1763310395.892349,10.162,6,6,38.320,0.00000,0.011,0.865,69.473,1166.9,0.6503,38.320,0.0500,5.000,0,0
1763310395.991196,10.026,6,6,38.343,0.00000,0.011,0.866,69.456,1167.7,0.6496,38.343,0.0500,5.000,0,0
1763310396.093324,9.911,6,6,38.353,0.00000,0.011,0.866,69.415,1168.8,0.6495,38.353,0.0500,5.000,0,0
1763310396.192047,10.078,6,6,38.350,0.00000,0.011,0.866,69.372,1168.7,0.6503,38.350,0.0500,5.000,0,0
1763310396.294570,9.937,6,6,38.344,0.00000,0.011,0.866,69.354,1168.8,0.6497,38.344,0.0500,5.000,0,0
1763310396.395080,9.815,6,6,38.334,0.00000,0.011,0.868,69.304,1168.0,0.6493,38.334,0.0500,5.000,0,0
1763310396.490679,10.293,6,6,38.350,0.00000,0.011,0.867,69.317,1168.4,0.6498,38.350,0.0500,5.000,0,0
1763310396.592001,9.815,6,6,38.374,0.00000,0.011,0.867,69.316,1169.2,0.6495,38.374,0.0500,5.000,0,0
1763310396.694103,9.902,6,6,38.364,0.00000,0.011,0.866,69.386,1168.1,0.6495,38.364,0.0500,5.000,0,0
1763310396.789092,10.324,6,6,38.334,0.00000,0.011,0.865,69.442,1166.7,0.6492,38.334,0.0500,5.000,0,0
1763310396.897104,9.612,6,6,38.370,0.00000,0.011,0.867,69.421,1168.7,0.6491,38.370,0.0500,5.000,0,0
1763310396.988781,10.437,6,6,38.358,0.00000,0.011,0.868,69.387,1168.1,0.6502,38.358,0.0500,5.000,0,0
1763310397.098502,9.806,6,6,38.370,0.00000,0.011,0.869,69.331,1167.9,0.6493,38.370,0.0500,5.000,0,0
1763310397.199851,10.222,6,6,38.375,0.00000,0.011,0.866,69.358,1168.1,0.6496,38.375,0.0500,5.000,0,0
1763310397.300736,10.099,6,6,38.365,0.00000,0.011,0.866,69.363,1167.9,0.6498,38.365,0.0500,5.000,0,0
1763310397.395276,10.104,6,6,38.333,0.00000,0.011,0.865,69.447,1166.9,0.6497,38.333,0.0500,5.000,0,0
1763310397.493536,9.891,6,6,38.344,0.00000,0.011,0.865,69.489,1166.9,0.6491,38.344,0.0500,5.000,0,0
1763310397.594830,9.997,6,6,38.319,0.00000,0.011,0.865,69.503,1166.6,0.6497,38.319,0.0500,5.000,0,0
1763310397.693677,10.075,6,6,38.323,0.00000,0.011,0.866,69.479,1167.1,0.6494,38.323,0.0500,5.000,0,0
1763310397.794418,9.753,6,6,38.350,0.00000,0.011,0.865,69.480,1167.2,0.6490,38.350,0.0500,5.000,0,0
1763310397.892538,10.026,6,6,38.332,0.00000,0.011,0.866,69.493,1166.2,0.6498,38.332,0.0500,5.000,0,0
1763310397.990512,10.209,6,6,38.343,0.00000,0.011,0.866,69.456,1167.7,0.6499,38.343,0.0500,5.000,0,0
1763310398.090095,10.153,6,6,38.295,0.00000,0.011,0.865,69.433,1166.2,0.6499,38.295,0.0500,5.000,0,0
1763310398.189778,9.760,6,6,38.292,0.00000,0.011,0.867,69.415,1166.2,0.6499,38.292,0.0500,5.000,0,0
1763310398.405634,8.533,6,6,38.290,0.00000,0.011,0.866,69.421,1166.1,0.6500,38.290,0.0500,5.000,0,0
1763310398.492898,5.432,6,6,38.313,0.00000,0.011,0.866,69.394,1166.9,0.6500,38.313,0.0500,5.000,0,0
1763310398.589120,10.332,6,6,38.320,0.00000,0.011,0.866,69.374,1166.9,0.6497,38.320,0.0500,5.000,0,0
1763310398.725663,7.290,6,6,38.331,0.00000,0.011,0.865,69.414,1166.5,0.6495,38.331,0.0500,5.000,0,0
1763310398.828162,10.224,6,6,38.330,0.00000,0.011,0.865,69.448,1167.3,0.6492,38.330,0.0500,5.000,0,0
1763310398.925215,9.938,6,6,38.315,0.00000,0.011,0.865,69.468,1167.8,0.6499,38.315,0.0500,5.000,0,0
1763310399.026169,10.045,6,6,38.334,0.00000,0.011,0.865,69.495,1168.1,0.6491,38.334,0.0500,5.000,0,0
1763310399.130162,9.742,6,6,38.318,0.00000,0.011,0.865,69.486,1166.9,0.6497,38.318,0.0500,5.000,0,0
1763310399.251504,9.966,6,6,38.327,0.00000,0.011,0.864,69.516,1166.5,0.6495,38.327,0.0500,5.000,0,0
1763310399.360729,7.622,6,6,38.360,0.00000,0.011,0.866,69.454,1168.3,0.6497,38.360,0.0500,5.000,0,0
1763310399.459401,10.184,6,6,38.337,0.00000,0.011,0.867,69.422,1168.6,0.6502,38.337,0.0500,5.000,0,0
1763310399.557844,9.932,6,6,38.322,0.00000,0.011,0.865,69.448,1167.8,0.6503,38.322,0.0500,5.000,0,0
1763310399.661233,9.999,6,6,38.320,0.00000,0.011,0.865,69.442,1167.6,0.6503,38.320,0.0500,5.000,0,0
1763310399.760522,9.610,6,6,38.354,0.00000,0.011,0.865,69.456,1168.3,0.6496,38.354,0.0500,5.000,0,0
1763310399.858017,10.221,6,6,38.312,0.00000,0.011,0.866,69.438,1166.5,0.6502,38.312,0.0500,5.000,0,0
1763310399.958533,9.879,6,6,38.347,0.00000,0.011,0.866,69.419,1167.9,0.6499,38.347,0.0500,5.000,0,0
1763310400.057188,10.054,6,6,38.347,0.00000,0.011,0.866,69.392,1168.2,0.6502,38.347,0.0500,5.000,0,0
1763310400.161259,10.096,6,6,38.352,0.00000,0.011,0.866,69.410,1167.6,0.6501,38.352,0.0500,5.000,0,0
1763310400.262511,9.959,6,6,38.334,0.00000,0.011,0.865,69.450,1167.2,0.6500,38.334,0.0500,5.000,0,0
1763310400.367062,9.961,6,6,38.346,0.00000,0.011,0.867,69.424,1167.8,0.6501,38.346,0.0500,5.000,0,0
1763310400.456857,10.280,6,6,38.324,0.00000,0.011,0.866,69.413,1166.8,0.6501,38.324,0.0500,5.000,0,0
1763310400.559989,9.656,6,6,38.331,0.00000,0.011,0.866,69.408,1166.9,0.6503,38.331,0.0500,5.000,0,0
1763310400.657260,10.147,6,6,38.323,0.00000,0.011,0.867,69.356,1166.0,0.6498,38.323,0.0500,5.000,0,0
1763310400.759341,9.905,6,6,38.332,0.00000,0.011,0.866,69.356,1166.5,0.6492,38.332,0.0500,5.000,0,0
1763310400.856264,10.183,6,6,38.348,0.00000,0.011,0.867,69.344,1166.9,0.6486,38.348,0.0500,5.000,0,0
1763310400.959002,9.855,6,6,38.352,0.00000,0.011,0.866,69.368,1167.7,0.6490,38.352,0.0500,5.000,0,0
1763310401.062078,10.039,6,6,38.351,0.00000,0.011,0.867,69.323,1167.4,0.6489,38.351,0.0500,5.000,0,0
1763310401.157393,10.036,6,6,38.330,0.00000,0.011,0.868,69.296,1166.8,0.6489,38.330,0.0500,5.000,0,0
1763310401.267445,9.997,6,6,38.346,0.00000,0.011,0.867,69.314,1168.2,0.6493,38.346,0.0500,5.000,0,0
1763310401.362601,9.820,6,6,38.334,0.00000,0.011,0.866,69.322,1167.9,0.6491,38.334,0.0500,5.000,0,0
1763310401.464162,10.240,6,6,38.326,0.00000,0.011,0.866,69.331,1167.3,0.6492,38.326,0.0500,5.000,0,0
1763310401.563399,9.837,6,6,38.334,0.00000,0.011,0.867,69.318,1167.6,0.6493,38.334,0.0500,5.000,0,0
1763310401.660401,10.267,6,6,38.313,0.00000,0.011,0.868,69.291,1167.2,0.6494,38.313,0.0500,5.000,0,0
1763310401.757093,9.820,6,6,38.357,0.00000,0.011,0.867,69.312,1168.5,0.6497,38.357,0.0500,5.000,0,0
1763310401.857965,10.018,6,6,38.354,0.00000,0.011,0.866,69.358,1168.4,0.6494,38.354,0.0500,5.000,0,0
1763310401.958181,9.892,6,6,38.357,0.00000,0.011,0.866,69.374,1168.1,0.6499,38.357,0.0500,5.000,0,0
1763310402.061715,9.893,6,6,38.346,0.00000,0.011,0.866,69.375,1167.8,0.6498,38.346,0.0500,5.000,0,0
1763310402.159894,10.311,6,6,38.352,0.00000,0.011,0.867,69.380,1168.5,0.6501,38.352,0.0500,5.000,0,0
1763310402.263004,9.570,6,6,38.365,0.00000,0.011,0.866,69.405,1167.7,0.6498,38.365,0.0500,5.000,0,0
1763310402.359974,10.190,6,6,38.370,0.00000,0.011,0.866,69.440,1168.8,0.6493,38.370,0.0500,5.000,0,0
1763310402.459216,10.006,6,6,38.354,0.00000,0.011,0.867,69.396,1167.9,0.6496,38.354,0.0500,5.000,0,0
1763310402.559830,10.021,6,6,38.359,0.00000,0.011,0.866,69.412,1167.8,0.6496,38.359,0.0500,5.000,0,0
1763310402.659973,10.016,6,6,38.347,0.00000,0.011,0.868,69.398,1167.6,0.6495,38.347,0.0500,5.000,0,0
1763310402.759171,10.068,6,6,38.343,0.00000,0.011,0.867,69.417,1167.6,0.6497,38.343,0.0500,5.000,0,0
1763310402.855318,10.230,6,6,38.350,0.00000,0.011,0.866,69.480,1167.0,0.6497,38.350,0.0500,5.000,0,0
1763310402.959195,9.763,6,6,38.347,0.00000,0.011,0.864,69.532,1167.6,0.6502,38.347,0.0500,5.000,0,0
1763310403.059798,10.011,6,6,38.347,0.00000,0.011,0.865,69.557,1167.6,0.6494,38.347,0.0500,5.000,0,0
1763310403.170468,9.934,6,6,38.328,0.00000,0.011,0.866,69.531,1167.5,0.6502,38.328,0.0500,5.000,0,0
1763310403.297774,10.193,6,6,38.332,0.00000,0.011,0.865,69.537,1167.6,0.6497,38.332,0.0500,5.000,0,0
1763310403.399124,7.486,6,6,38.332,0.00000,0.011,0.866,69.507,1167.0,0.6496,38.332,0.0500,5.000,0,0
1763310403.778416,6.811,6,6,38.360,0.00000,0.011,0.866,69.489,1167.0,0.6490,38.360,0.0500,5.000,0,0
1763310403.880402,3.026,6,6,38.364,0.00000,0.011,0.867,69.472,1167.5,0.6490,38.364,0.0500,5.000,0,0
1763310403.995666,8.411,6,6,38.350,0.00000,0.011,0.866,69.475,1167.4,0.6497,38.350,0.0500,5.000,0,0
1763310404.094149,9.527,6,6,38.350,0.00000,0.011,0.865,69.495,1167.7,0.6498,38.350,0.0500,5.000,0,0
1763310404.196897,9.510,6,6,38.344,0.00000,0.011,0.865,69.509,1167.6,0.6498,38.344,0.0500,5.000,0,0
1763310404.294723,10.578,6,6,38.346,0.00000,0.011,0.865,69.532,1167.8,0.6495,38.346,0.0500,5.000,0,0
1763310404.392900,9.997,6,6,38.356,0.00000,0.011,0.866,69.508,1168.1,0.6499,38.356,0.0500,5.000,0,0
1763310404.496851,9.626,6,6,38.368,0.00000,0.011,0.867,69.468,1168.3,0.6490,38.368,0.0500,5.000,0,0
1763310404.594376,10.137,6,6,38.351,0.00000,0.011,0.865,69.506,1167.9,0.6494,38.351,0.0500,5.000,0,0
1763310404.694141,10.117,6,6,38.360,0.00000,0.011,0.866,69.516,1168.2,0.6495,38.360,0.0500,5.000,0,0
1763310404.794117,10.105,6,6,38.345,0.00000,0.011,0.866,69.518,1167.3,0.6487,38.345,0.0500,5.000,0,0
1763310404.901204,9.383,6,6,38.320,0.00000,0.011,0.866,69.523,1167.5,0.6497,38.320,0.0500,5.000,0,0
1763310404.995947,10.389,6,6,38.327,0.00000,0.011,0.866,69.527,1167.3,0.6498,38.327,0.0500,5.000,0,0
1763310405.094801,10.046,6,6,38.329,0.00000,0.011,0.866,69.499,1167.6,0.6501,38.329,0.0500,5.000,0,0
1763310405.198045,9.819,6,6,38.323,0.00000,0.011,0.864,69.538,1167.6,0.6499,38.323,0.0500,5.000,0,0
1763310405.295493,10.088,6,6,38.338,0.00000,0.011,0.865,69.559,1167.5,0.6498,38.338,0.0500,5.000,0,0
1763310405.394716,9.946,6,6,38.338,0.00000,0.011,0.865,69.601,1167.6,0.6498,38.338,0.0500,5.000,0,0
1763310405.499593,9.564,6,6,38.302,0.00000,0.011,0.865,69.628,1166.9,0.6498,38.302,0.0500,5.000,0,0
1763310405.596237,10.453,6,6,38.309,0.00000,0.011,0.865,69.634,1167.0,0.6497,38.309,0.0500,5.000,0,0
1763310405.698239,9.832,6,6,38.315,0.00000,0.011,0.864,69.638,1166.7,0.6497,38.315,0.0500,5.000,0,0
1763310405.794330,10.535,6,6,38.301,0.00000,0.011,0.866,69.611,1165.3,0.6493,38.301,0.0500,5.000,0,0
1763310405.898101,9.703,6,6,38.309,0.00000,0.011,0.865,69.608,1165.9,0.6492,38.309,0.0500,5.000,0,0
1763310405.998525,9.826,6,6,38.299,0.00000,0.011,0.864,69.646,1164.8,0.6496,38.299,0.0500,5.000,0,0
1763310406.097022,10.245,6,6,38.302,0.00000,0.011,0.864,69.656,1165.8,0.6497,38.302,0.0500,5.000,0,0
1763310406.200229,9.963,6,6,38.297,0.00000,0.011,0.865,69.618,1166.2,0.6501,38.297,0.0500,5.000,0,0
1763310406.301907,9.974,6,6,38.281,0.00000,0.011,0.865,69.586,1166.0,0.6503,38.281,0.0500,5.000,0,0
1763310406.401896,10.146,6,6,38.310,0.00000,0.011,0.864,69.612,1166.4,0.6498,38.310,0.0500,5.000,0,0
1763310406.501010,9.917,6,6,38.313,0.00000,0.011,0.864,69.625,1166.0,0.6495,38.313,0.0500,5.000,0,0
1763310406.596130,9.920,6,6,38.310,0.00000,0.011,0.864,69.628,1166.2,0.6501,38.310,0.0500,5.000,0,0
1763310406.697026,10.045,6,6,38.304,0.00000,0.011,0.863,69.647,1165.8,0.6495,38.304,0.0500,5.000,0,0
1763310406.794185,10.236,6,6,38.325,0.00000,0.011,0.865,69.647,1165.2,0.6496,38.325,0.0500,5.000,0,0
1763310406.895098,9.811,6,6,38.316,0.00000,0.011,0.866,69.620,1165.7,0.6499,38.316,0.0500,5.000,0,0
1763310406.997905,9.891,6,6,38.309,0.00000,0.011,0.865,69.631,1165.6,0.6499,38.309,0.0500,5.000,0,0
1763310931.653842,74.367,6,6,37.724,0.00000,0.012,0.858,79.393,1134.2,0.6480,37.724,0.0500,5.000,0,0
1763310931.815409,7.371,6,6,37.705,0.00000,0.012,0.854,77.146,1132.9,0.6473,37.705,0.0500,5.000,0,0
1763310932.276698,4.908,6,6,37.634,0.00000,0.012,0.854,75.566,1128.7,0.6463,37.634,0.0500,5.000,0,0
1763310932.483149,2.249,6,6,37.635,0.00000,0.013,0.852,74.475,1128.8,0.6463,37.635,0.0500,5.000,0,0
1763310932.609376,5.974,6,6,37.611,0.00000,0.013,0.852,73.691,1128.6,0.6472,37.611,0.0500,5.000,0,0
1763310932.710908,10.135,6,6,37.590,0.00000,0.013,0.850,73.222,1128.4,0.6474,37.590,0.0500,5.000,0,0
1763310932.979580,7.615,6,6,37.594,0.00000,0.013,0.852,72.812,1129.1,0.6472,37.594,0.0500,5.000,0,0
1763310933.179939,3.731,6,6,37.644,0.00000,0.012,0.854,72.461,1128.9,0.6466,37.644,0.0500,5.000,0,0
1763310933.328856,5.059,6,6,37.618,0.00000,0.013,0.852,72.259,1128.4,0.6465,37.618,0.0500,5.000,0,0
1763310933.468554,7.410,6,6,37.607,0.00000,0.013,0.853,72.103,1128.0,0.6469,37.607,0.0500,5.000,0,0
1763310933.604236,7.695,6,6,37.593,0.00000,0.013,0.852,72.028,1128.7,0.6472,37.593,0.0500,5.000,0,0
1763310933.738727,7.415,6,6,37.609,0.00000,0.013,0.851,72.008,1128.4,0.6475,37.609,0.0500,5.000,0,0
1763310933.899031,7.475,6,6,37.616,0.00000,0.013,0.852,71.959,1129.0,0.6464,37.616,0.0500,5.000,0,0
1763310934.057857,5.869,6,6,37.614,0.00000,0.013,0.851,71.939,1129.1,0.6470,37.614,0.0500,5.000,0,0
1763310934.196530,6.027,6,6,37.613,0.00000,0.013,0.852,71.896,1128.7,0.6465,37.613,0.0500,5.000,0,0
1763310934.322598,7.673,6,6,37.634,0.00000,0.012,0.853,71.858,1129.9,0.6466,37.634,0.0500,5.000,0,0
1763310934.467453,7.597,6,6,37.636,0.00000,0.013,0.854,71.786,1129.9,0.6465,37.636,0.0500,5.000,0,0
1763310934.606226,7.577,6,6,37.652,0.00000,0.013,0.855,71.698,1129.8,0.6463,37.652,0.0500,5.000,0,0
1763310934.779111,7.095,6,6,37.634,0.00000,0.013,0.855,71.623,1129.7,0.6464,37.634,0.0500,5.000,0,0
1763310935.000127,5.036,6,6,37.651,0.00000,0.013,0.854,71.633,1129.6,0.6461,37.651,0.0500,5.000,0,0
1763310935.134026,4.959,6,6,37.622,0.00000,0.012,0.853,71.678,1128.5,0.6466,37.622,0.0500,5.000,0,0
1763310935.263934,7.341,6,6,37.628,0.00000,0.012,0.853,71.700,1129.1,0.6466,37.628,0.0500,5.000,0,0
1763310935.401383,7.728,6,6,37.631,0.00000,0.012,0.853,71.705,1129.0,0.6467,37.631,0.0500,5.000,0,0
1763310935.540274,7.462,6,6,37.615,0.00000,0.013,0.852,71.690,1128.4,0.6467,37.615,0.0500,5.000,0,0
1763310935.653665,7.690,6,6,37.627,0.00000,0.012,0.855,71.634,1128.9,0.6466,37.627,0.0500,5.000,0,0
1763310935.779421,7.266,6,6,37.632,0.00000,0.012,0.853,71.658,1129.2,0.6462,37.632,0.0500,5.000,0,0
1763310935.913530,10.132,6,6,37.613,0.00000,0.012,0.855,71.608,1129.2,0.6468,37.613,0.0500,5.000,0,0
1763310936.021676,7.561,6,6,37.630,0.00000,0.012,0.856,71.565,1130.3,0.6463,37.630,0.0500,5.000,0,0
1763310936.155566,7.347,6,6,37.628,0.00000,0.012,0.854,71.598,1130.0,0.6466,37.628,0.0500,5.000,0,0
1763310936.280200,7.615,6,6,37.635,0.00000,0.012,0.854,71.603,1131.1,0.6467,37.635,0.0500,5.000,0,0
1763310936.379308,9.923,6,6,37.633,0.00000,0.012,0.854,71.628,1130.7,0.6463,37.633,0.0500,5.000,0,0
1763310936.474782,9.944,6,6,37.628,0.00000,0.012,0.856,71.604,1130.5,0.6466,37.628,0.0500,5.000,0,0
1763310936.566763,10.189,6,6,37.629,0.00000,0.012,0.857,71.547,1130.6,0.6469,37.629,0.0500,5.000,0,0
1763310936.670901,9.969,6,6,37.647,0.00000,0.012,0.857,71.524,1130.1,0.6462,37.647,0.0500,5.000,0,0
1763310936.767707,9.855,6,6,37.636,0.00000,0.012,0.856,71.509,1130.0,0.6462,37.636,0.0500,5.000,0,0
1763310936.872550,10.049,6,6,37.634,0.00000,0.012,0.856,71.495,1129.7,0.6460,37.634,0.0500,5.000,0,0
1763310936.971125,9.996,6,6,37.640,0.00000,0.012,0.857,71.459,1130.5,0.6459,37.640,0.0500,5.000,0,0
1763310937.070229,10.003,6,6,37.635,0.00000,0.012,0.856,71.455,1130.0,0.6465,37.635,0.0500,5.000,0,0
1763310937.168285,9.975,6,6,37.657,0.00000,0.012,0.856,71.442,1130.9,0.6464,37.657,0.0500,5.000,0,0
1763310937.266394,10.205,6,6,37.618,0.00000,0.012,0.856,71.449,1130.4,0.6472,37.618,0.0500,5.000,0,0
1763310937.370038,9.966,6,6,37.641,0.00000,0.012,0.856,71.473,1130.3,0.6468,37.641,0.0500,5.000,0,0
1763310937.468660,9.710,6,6,37.621,0.00000,0.012,0.856,71.476,1129.6,0.6470,37.621,0.0500,5.000,0,0
1763310937.569945,10.189,6,6,37.632,0.00000,0.012,0.855,71.515,1130.1,0.6467,37.632,0.0500,5.000,0,0
1763310937.672169,9.813,6,6,37.614,0.00000,0.012,0.856,71.515,1129.0,0.6460,37.614,0.0500,5.000,0,0
1763310937.767041,10.227,6,6,37.614,0.00000,0.012,0.856,71.520,1128.3,0.6462,37.614,0.0500,5.000,0,0
1763310937.871275,9.806,6,6,37.621,0.00000,0.012,0.855,71.584,1128.9,0.6468,37.621,0.0500,5.000,0,0
1763310937.971371,10.226,6,6,37.622,0.00000,0.012,0.857,71.556,1129.2,0.6468,37.622,0.0500,5.000,0,0
1763310938.062021,10.527,6,6,37.625,0.00000,0.012,0.858,71.488,1129.6,0.6471,37.625,0.0500,5.000,0,0
1763310938.167462,9.488,6,6,37.626,0.00000,0.012,0.857,71.467,1129.2,0.6472,37.626,0.0500,5.000,0,0
1763310938.266966,10.178,6,6,37.604,0.00000,0.012,0.858,71.417,1128.2,0.6469,37.604,0.0500,5.000,0,0
1763310938.368709,9.914,6,6,37.607,0.00000,0.012,0.858,71.396,1129.2,0.6474,37.607,0.0500,5.000,0,0
1763310938.477671,9.426,6,6,37.630,0.00000,0.012,0.855,71.449,1129.2,0.6472,37.630,0.0500,5.000,0,0
1763310938.570985,10.449,6,6,37.623,0.00000,0.012,0.858,71.405,1129.4,0.6469,37.623,0.0500,5.000,0,0
1763310938.671322,10.053,6,6,37.620,0.00000,0.012,0.857,71.424,1128.9,0.6467,37.620,0.0500,5.000,0,0
1763310938.768822,10.031,6,6,37.602,0.00000,0.012,0.855,71.522,1128.9,0.6471,37.602,0.0500,5.000,0,0
1763310938.874359,9.617,6,6,37.610,0.00000,0.012,0.856,71.540,1129.0,0.6467,37.610,0.0500,5.000,0,0
1763310938.971455,10.467,6,6,37.607,0.00000,0.012,0.855,71.575,1128.9,0.6470,37.607,0.0500,5.000,0,0
1763310939.069263,9.910,6,6,37.621,0.00000,0.012,0.855,71.604,1129.1,0.6469,37.621,0.0500,5.000,0,0
1763310939.180257,10.062,6,6,37.600,0.00000,0.012,0.856,71.596,1128.8,0.6464,37.600,0.0500,5.000,0,0
1763310939.329212,8.254,6,6,37.606,0.00000,0.012,0.856,71.568,1129.3,0.6465,37.606,0.0500,5.000,0,0
1763310939.444870,6.812,6,6,37.626,0.00000,0.012,0.857,71.532,1128.2,0.6460,37.626,0.0500,5.000,0,0
1763310939.536045,10.252,6,6,37.617,0.00000,0.012,0.857,71.501,1128.9,0.6462,37.617,0.0500,5.000,0,0
1763310939.633854,10.058,6,6,37.613,0.00000,0.012,0.858,71.443,1129.2,0.6470,37.613,0.0500,5.000,0,0
1763310939.730565,10.110,6,6,37.620,0.00000,0.012,0.858,71.426,1128.8,0.6465,37.620,0.0500,5.000,0,0
1763310939.836111,9.803,6,6,37.615,0.00000,0.012,0.858,71.391,1129.3,0.6467,37.615,0.0500,5.000,0,0
1763310939.936480,9.917,6,6,37.610,0.00000,0.012,0.857,71.415,1129.2,0.6467,37.610,0.0500,5.000,0,0
1763310940.034994,10.097,6,6,37.598,0.00000,0.012,0.855,71.486,1128.2,0.6462,37.598,0.0500,5.000,0,0
1763310940.133066,9.954,6,6,37.614,0.00000,0.012,0.854,71.577,1128.8,0.6462,37.614,0.0500,5.000,0,0
1763310940.231165,10.174,6,6,37.649,0.00000,0.012,0.854,71.615,1131.0,0.6466,37.649,0.0500,5.000,0,0
1763310940.335180,9.862,6,6,37.624,0.00000,0.012,0.854,71.661,1129.8,0.6462,37.624,0.0500,5.000,0,0
1763310940.436393,9.856,6,6,37.645,0.00000,0.012,0.856,71.647,1130.4,0.6462,37.645,0.0500,5.000,0,0
1763310940.535264,10.134,6,6,37.649,0.00000,0.012,0.858,71.556,1130.4,0.6460,37.649,0.0500,5.000,0,0
1763310940.635155,9.919,6,6,37.605,0.00000,0.012,0.856,71.570,1129.0,0.6463,37.605,0.0500,5.000,0,0
1763310940.735024,9.969,6,6,37.627,0.00000,0.012,0.856,71.551,1129.6,0.6457,37.627,0.0500,5.000,0,0
1763310940.836925,10.050,6,6,37.638,0.00000,0.012,0.855,71.560,1130.2,0.6462,37.638,0.0500,5.000,0,0
1763310940.936487,9.918,6,6,37.620,0.00000,0.012,0.855,71.560,1129.7,0.6464,37.620,0.0500,5.000,0,0
1763310941.035222,10.038,6,6,37.617,0.00000,0.012,0.855,71.568,1129.5,0.6462,37.617,0.0500,5.000,0,0
1763310941.131439,10.436,6,6,37.624,0.00000,0.012,0.856,71.555,1129.3,0.6457,37.624,0.0500,5.000,0,0
1763310941.233982,9.901,6,6,37.639,0.00000,0.012,0.856,71.534,1129.1,0.6459,37.639,0.0500,5.000,0,0
1763310941.333507,9.751,6,6,37.621,0.00000,0.012,0.857,71.500,1128.5,0.6461,37.621,0.0500,5.000,0,0
1763310941.434261,10.043,6,6,37.625,0.00000,0.012,0.855,71.527,1128.7,0.6464,37.625,0.0500,5.000,0,0
1763310941.534785,9.866,6,6,37.620,0.00000,0.012,0.855,71.549,1127.3,0.6466,37.620,0.0500,5.000,0,0
1763310941.637852,9.755,6,6,37.624,0.00000,0.012,0.856,71.544,1127.6,0.6464,37.624,0.0500,5.000,0,0
1763310941.740838,9.925,6,6,37.613,0.00000,0.012,0.855,71.542,1128.5,0.6469,37.613,0.0500,5.000,0,0
1763310941.835233,10.358,6,6,37.615,0.00000,0.012,0.855,71.530,1127.7,0.6463,37.615,0.0500,5.000,0,0
1763310941.933652,10.199,6,6,37.614,0.00000,0.012,0.855,71.556,1128.3,0.6462,37.614,0.0500,5.000,0,0
1763310942.033312,10.020,6,6,37.630,0.00000,0.012,0.857,71.547,1128.8,0.6460,37.630,0.0500,5.000,0,0
1763310942.137001,9.885,6,6,37.623,0.00000,0.012,0.856,71.540,1129.5,0.6462,37.623,0.0500,5.000,0,0
1763310942.237927,10.017,6,6,37.634,0.00000,0.012,0.856,71.512,1129.9,0.6464,37.634,0.0500,5.000,0,0
1763310942.340534,9.986,6,6,37.615,0.00000,0.012,0.855,71.524,1129.4,0.6464,37.615,0.0500,5.000,0,0
1763310942.441509,9.901,6,6,37.620,0.00000,0.012,0.855,71.540,1128.7,0.6462,37.620,0.0500,5.000,0,0
1763310942.540658,9.922,6,6,37.594,0.00000,0.012,0.854,71.582,1128.2,0.6466,37.594,0.0500,5.000,0,0
1763310942.640918,10.282,6,6,37.619,0.00000,0.012,0.855,71.560,1128.8,0.6465,37.619,0.0500,5.000,0,0
1763310942.739730,10.002,6,6,37.615,0.00000,0.012,0.856,71.546,1128.9,0.6465,37.615,0.0500,5.000,0,0
1763310942.840449,9.852,6,6,37.616,0.00000,0.012,0.856,71.549,1129.1,0.6464,37.616,0.0500,5.000,0,0
1763310942.954670,10.269,6,6,37.607,0.00000,0.012,0.855,71.554,1128.8,0.6468,37.607,0.0500,5.000,0,0
1763310943.033368,9.835,6,6,37.640,0.00000,0.012,0.856,71.520,1129.7,0.6463,37.640,0.0500,5.000,0,0
1763310943.135591,9.828,6,6,37.652,0.00000,0.012,0.857,71.443,1131.8,0.6469,37.652,0.0500,5.000,0,0
1763310943.232629,10.237,6,6,37.651,0.00000,0.012,0.856,71.455,1131.1,0.6465,37.651,0.0500,5.000,0,0
1763310943.331670,9.922,6,6,37.682,0.00000,0.012,0.856,71.467,1132.5,0.6465,37.682,0.0500,5.000,0,0
1763310943.436493,9.923,6,6,37.673,0.00000,0.012,0.857,71.452,1132.4,0.6464,37.673,0.0500,5.000,0,0
1763310943.538582,9.827,6,6,37.669,0.00000,0.012,0.856,71.462,1132.7,0.6466,37.669,0.0500,5.000,0,0
1763310943.634640,10.196,6,6,37.660,0.00000,0.012,0.856,71.482,1131.6,0.6468,37.660,0.0500,5.000,0,0
1763310943.736513,10.015,6,6,37.651,0.00000,0.012,0.855,71.489,1131.4,0.6465,37.651,0.0500,5.000,0,0
1763311301.945288,68.658,6,6,35.964,0.00000,0.015,0.824,83.745,1043.7,0.6678,35.964,0.0500,5.000,0,0
1763311302.072925,7.094,0,0,0.000,0.00000,0.000,0.000,83.745,,,,0.0500,5.000,0,0
1763311302.291012,7.961,5,5,35.006,0.00000,0.020,0.863,79.335,973.4,0.6251,35.006,0.0500,5.000,0,0
1763311302.520776,5.273,6,6,36.089,0.00000,0.014,0.834,77.363,1047.6,0.6595,36.089,0.0500,5.000,0,0
1763311302.659269,4.497,6,6,36.107,0.00000,0.015,0.834,75.995,1050.5,0.6603,36.107,0.0500,5.000,0,0
1763311302.796956,5.923,6,6,36.108,0.00000,0.015,0.833,75.054,1049.9,0.6593,36.108,0.0500,5.000,0,0
1763311303.007657,10.416,6,6,36.117,0.00000,0.015,0.834,74.363,1049.6,0.6588,36.117,0.0500,5.000,0,0
1763311303.112345,5.121,6,6,36.085,0.00000,0.015,0.832,73.921,1049.1,0.6594,36.085,0.0500,5.000,0,0
1763311303.279159,7.398,6,6,36.045,0.00000,0.015,0.832,73.594,1048.5,0.6593,36.045,0.0500,5.000,0,0
1763311303.413299,5.875,6,6,36.016,0.00000,0.015,0.831,73.419,1046.0,0.6596,36.016,0.0500,5.000,0,0
1763311303.534077,7.589,6,6,35.999,0.00000,0.015,0.828,73.341,1046.0,0.6603,35.999,0.0500,5.000,0,0
1763311303.636454,9.812,6,6,36.026,0.00000,0.015,0.829,73.287,1045.4,0.6596,36.026,0.0500,5.000,0,0
1763311303.737034,9.761,6,6,36.012,0.00000,0.015,0.828,73.261,1045.9,0.6596,36.012,0.0500,5.000,0,0
1763311303.834248,9.968,6,6,36.003,0.00000,0.015,0.830,73.192,1045.4,0.6592,36.003,0.0500,5.000,0,0
1763311303.930220,9.970,6,6,36.039,0.00000,0.015,0.829,73.192,1046.9,0.6595,36.039,0.0500,5.000,0,0
1763311304.030536,10.263,6,6,36.031,0.00000,0.015,0.830,73.152,1046.2,0.6593,36.031,0.0500,5.000,0,0
1763311304.131489,9.782,6,6,36.056,0.00000,0.015,0.831,73.118,1046.0,0.6588,36.056,0.0500,5.000,0,0
1763311304.243748,10.031,6,6,36.036,0.00000,0.015,0.831,73.084,1046.0,0.6594,36.036,0.0500,5.000,0,0
1763311304.338231,9.979,6,6,36.020,0.00000,0.015,0.829,73.105,1045.4,0.6596,36.020,0.0500,5.000,0,0
1763311304.436875,9.963,6,6,36.033,0.00000,0.015,0.830,73.092,1046.0,0.6592,36.033,0.0500,5.000,0,0
1763311304.533003,10.062,6,6,35.988,0.00000,0.015,0.828,73.139,1045.7,0.6597,35.988,0.0500,5.000,0,0
1763311304.633845,9.849,6,6,36.012,0.00000,0.015,0.829,73.153,1045.4,0.6595,36.012,0.0500,5.000,0,0
1763311304.730127,10.065,6,6,36.032,0.00000,0.015,0.830,73.127,1045.4,0.6593,36.032,0.0500,5.000,0,0
1763311304.830931,9.903,6,6,35.999,0.00000,0.015,0.830,73.096,1045.4,0.6597,35.999,0.0500,5.000,0,0
1763311304.933517,10.142,6,6,36.011,0.00000,0.015,0.829,73.115,1045.9,0.6595,36.011,0.0500,5.000,0,0
1763311305.026061,10.485,6,6,36.039,0.00000,0.015,0.830,73.106,1045.7,0.6593,36.039,0.0500,5.000,0,0
1763311305.132339,9.492,6,6,36.041,0.00000,0.015,0.830,73.060,1047.0,0.6598,36.041,0.0500,5.000,0,0
1763311305.235196,9.609,6,6,36.058,0.00000,0.015,0.831,73.028,1047.2,0.6590,36.058,0.0500,5.000,0,0
1763311305.329626,10.540,6,6,36.085,0.00000,0.015,0.830,73.019,1046.8,0.6585,36.085,0.0500,5.000,0,0
1763311305.432721,9.962,6,6,36.039,0.00000,0.015,0.830,73.026,1046.8,0.6595,36.039,0.0500,5.000,0,0
1763311305.533759,9.835,6,6,36.023,0.00000,0.015,0.829,73.041,1046.0,0.6596,36.023,0.0500,5.000,0,0
1763311305.629022,10.503,6,6,36.027,0.00000,0.015,0.829,73.055,1045.6,0.6590,36.027,0.0500,5.000,0,0
1763311305.730443,9.727,6,6,36.019,0.00000,0.015,0.828,73.076,1046.7,0.6596,36.019,0.0500,5.000,0,0
1763311305.829575,9.998,6,6,36.032,0.00000,0.015,0.830,73.049,1045.7,0.6590,36.032,0.0500,5.000,0,0
1763311305.927471,10.161,6,6,36.029,0.00000,0.015,0.828,73.088,1045.5,0.6593,36.029,0.0500,5.000,0,0
1763311306.028569,9.964,6,6,36.039,0.00000,0.015,0.829,73.102,1045.8,0.6594,36.039,0.0500,5.000,0,0
1763311306.133232,9.758,6,6,36.020,0.00000,0.015,0.829,73.109,1046.0,0.6596,36.020,0.0500,5.000,0,0
1763311306.232132,10.143,6,6,36.026,0.00000,0.015,0.829,73.117,1046.3,0.6594,36.026,0.0500,5.000,0,0
1763311306.331744,9.967,6,6,36.041,0.00000,0.015,0.832,73.044,1045.8,0.6591,36.041,0.0500,5.000,0,0
1763311306.432150,9.942,6,6,36.037,0.00000,0.015,0.832,72.978,1046.2,0.6597,36.037,0.0500,5.000,0,0
1763311306.529926,10.359,6,6,36.053,0.00000,0.014,0.831,72.972,1046.2,0.6593,36.053,0.0500,5.000,0,0
1763311306.631469,9.734,6,6,36.048,0.00000,0.014,0.831,72.969,1045.8,0.6589,36.048,0.0500,5.000,0,0
1763311306.731569,9.874,6,6,36.036,0.00000,0.015,0.831,72.937,1045.6,0.6594,36.036,0.0500,5.000,0,0
1763311306.829599,10.232,6,6,36.038,0.00000,0.014,0.831,72.941,1046.0,0.6597,36.038,0.0500,5.000,0,0
1763311306.929784,9.920,6,6,36.036,0.00000,0.014,0.829,72.976,1046.7,0.6602,36.036,0.0500,5.000,0,0
1763311307.030607,9.986,6,6,36.035,0.00000,0.015,0.828,73.040,1046.3,0.6595,36.035,0.0500,5.000,0,0
1763311307.130045,10.196,6,6,36.042,0.00000,0.014,0.831,73.008,1045.5,0.6592,36.042,0.0500,5.000,0,0
1763311307.238609,9.769,6,6,36.022,0.00000,0.015,0.829,73.020,1045.3,0.6595,36.022,0.0500,5.000,0,0
1763311307.337241,10.194,6,6,35.998,0.00000,0.015,0.829,73.017,1045.6,0.6598,35.998,0.0500,5.000,0,0
1763311307.435739,10.084,6,6,36.041,0.00000,0.015,0.828,73.074,1046.2,0.6591,36.041,0.0500,5.000,0,0
1763311307.534953,9.837,6,6,36.026,0.00000,0.015,0.827,73.115,1046.1,0.6594,36.026,0.0500,5.000,0,0
1763311307.626161,10.057,6,6,36.029,0.00000,0.015,0.828,73.129,1046.2,0.6594,36.029,0.0500,5.000,0,0
1763311307.730952,9.843,6,6,36.017,0.00000,0.015,0.829,73.115,1045.8,0.6594,36.017,0.0500,5.000,0,0
1763311307.826577,10.157,6,6,36.045,0.00000,0.014,0.830,73.102,1045.3,0.6588,36.045,0.0500,5.000,0,0
1763311307.926156,10.086,6,6,36.047,0.00000,0.015,0.832,73.017,1046.0,0.6590,36.047,0.0500,5.000,0,0
1763311308.028092,10.051,6,6,35.974,0.00000,0.015,0.831,72.993,1045.5,0.6603,35.974,0.0500,5.000,0,0
1763311308.128420,9.835,6,6,36.004,0.00000,0.015,0.828,73.027,1045.6,0.6603,36.004,0.0500,5.000,0,0
1763311308.229035,10.018,6,6,36.009,0.00000,0.015,0.828,73.085,1044.9,0.6592,36.009,0.0500,5.000,0,0
1763311308.326283,10.048,6,6,36.001,0.00000,0.015,0.829,73.088,1044.6,0.6596,36.001,0.0500,5.000,0,0
1763311308.424466,10.192,6,6,36.027,0.00000,0.015,0.831,73.064,1045.1,0.6591,36.027,0.0500,5.000,0,0
1763311308.525093,9.904,6,6,36.007,0.00000,0.015,0.830,73.050,1045.0,0.6595,36.007,0.0500,5.000,0,0
1763311308.626423,10.020,6,6,36.004,0.00000,0.015,0.830,73.038,1044.7,0.6594,36.004,0.0500,5.000,0,0
1763311308.730408,9.774,6,6,36.012,0.00000,0.015,0.831,73.012,1044.9,0.6597,36.012,0.0500,5.000,0,0
1763311308.825737,10.078,6,6,36.030,0.00000,0.015,0.832,72.972,1045.2,0.6594,36.030,0.0500,5.000,0,0
1763311308.926493,10.022,6,6,36.029,0.00000,0.015,0.832,72.958,1046.3,0.6596,36.029,0.0500,5.000,0,0
1763311309.025968,10.066,6,6,36.045,0.00000,0.015,0.833,72.895,1046.0,0.6593,36.045,0.0500,5.000,0,0
1763311309.127628,10.073,6,6,36.056,0.00000,0.015,0.833,72.868,1045.6,0.6588,36.056,0.0500,5.000,0,0
1763311309.229499,9.623,6,6,36.032,0.00000,0.015,0.831,72.914,1044.2,0.6592,36.032,0.0500,5.000,0,0
1763311309.334545,10.174,6,6,36.040,0.00000,0.015,0.832,72.899,1045.2,0.6590,36.040,0.0500,5.000,0,0
1763316007.098263,44.413,7,7,35.430,0.00000,0.015,0.695,19.675,1003.0,0.6374,35.430,0.0500,5.000,0,0
1763316007.244953,4.994,6,6,35.560,0.00000,0.015,0.736,22.356,1054.6,0.6904,35.560,0.0500,5.000,0,0
1763316007.474321,7.622,7,7,35.424,0.00000,0.014,0.704,22.120,998.2,0.6354,35.424,0.0500,5.000,0,0
1763316007.739823,4.936,7,7,35.420,0.00000,0.015,0.699,21.821,999.5,0.6361,35.420,0.0500,5.000,0,0
1763316007.876307,3.785,7,7,35.404,0.00000,0.015,0.691,21.323,1000.3,0.6363,35.404,0.0500,5.000,0,0
1763316007.984286,7.096,7,7,35.398,0.00000,0.016,0.688,20.860,1000.3,0.6365,35.398,0.0500,5.000,0,0
1763316008.078410,10.156,6,6,35.548,0.00000,0.016,0.729,23.028,1056.0,0.6914,35.548,0.0500,5.000,0,0
1763316008.184870,10.052,6,6,35.560,0.00000,0.016,0.730,24.602,1056.3,0.6913,35.560,0.0500,5.000,0,0
1763316008.288188,10.147,7,7,35.419,0.00000,0.015,0.692,25.106,999.8,0.6552,35.419,0.0500,5.000,0,0
1763316008.405345,9.758,7,7,35.432,0.00000,0.015,0.694,23.844,999.9,0.6361,35.432,0.0500,5.000,0,0
1763316008.607784,7.463,7,7,35.392,0.00000,0.015,0.693,22.907,1000.4,0.6367,35.392,0.0500,5.000,0,0
1763316008.750180,5.002,7,7,35.433,0.00000,0.015,0.695,22.304,1000.3,0.6362,35.433,0.0500,5.000,0,0
1763316008.863629,7.390,7,7,35.437,0.00000,0.015,0.696,21.865,1000.2,0.6368,35.437,0.0500,5.000,0,0
1763316008.965950,9.794,7,7,35.417,0.00000,0.015,0.693,21.451,999.9,0.6368,35.417,0.0500,5.000,0,0
1763316009.056487,9.895,7,7,35.405,0.00000,0.015,0.692,21.142,1000.3,0.6367,35.405,0.0500,5.000,0,0
1763316009.160825,9.492,7,7,35.408,0.00000,0.015,0.693,20.963,1000.3,0.6370,35.408,0.0500,5.000,0,0
1763316009.260522,10.589,7,7,35.428,0.00000,0.015,0.694,20.858,1000.6,0.6370,35.428,0.0500,5.000,0,0
1763316009.369604,9.997,7,7,35.444,0.00000,0.015,0.692,20.674,1003.1,0.6364,35.444,0.0500,5.000,0,0
1763316009.487774,10.093,7,7,35.476,0.00000,0.016,0.693,20.626,1003.1,0.6362,35.476,0.0500,5.000,0,0
1763316009.615084,7.213,7,7,35.500,0.00000,0.016,0.692,22.226,1004.5,0.6555,35.500,0.0500,5.000,0,0
1763316009.716182,8.555,7,7,35.504,0.00000,0.015,0.694,21.745,1003.6,0.6360,35.504,0.0500,5.000,0,0
1763316009.818840,9.777,7,7,35.459,0.00000,0.015,0.694,21.385,1003.7,0.6369,35.459,0.0500,5.000,0,0
1763316009.906389,10.268,7,7,35.453,0.00000,0.015,0.694,21.113,1002.1,0.6364,35.453,0.0500,5.000,0,0
1763316010.024824,9.169,7,7,35.407,0.00000,0.015,0.691,20.839,1000.4,0.6371,35.407,0.0500,5.000,0,0
1763316010.119357,9.516,7,7,35.427,0.00000,0.015,0.695,20.840,1000.4,0.6368,35.427,0.0500,5.000,0,0
1763316010.228156,10.248,7,7,35.401,0.00000,0.015,0.694,20.779,999.8,0.6367,35.401,0.0500,5.000,0,0
1763316010.345271,9.919,7,7,35.435,0.00000,0.015,0.694,20.736,1000.9,0.6365,35.435,0.0500,5.000,0,0
1763316010.529072,7.598,7,7,35.432,0.00000,0.015,0.696,20.739,1001.1,0.6368,35.432,0.0500,5.000,0,0
1763316010.685475,4.745,7,7,35.439,0.00000,0.015,0.697,22.415,1000.8,0.6553,35.439,0.0500,5.000,0,0
1763316010.786913,8.228,7,7,35.473,0.00000,0.015,0.698,22.009,1002.2,0.6367,35.473,0.0500,5.000,0,0
1763316010.886905,9.721,7,7,35.458,0.00000,0.015,0.699,21.756,1002.1,0.6359,35.458,0.0500,5.000,0,0
1763316010.986134,9.857,7,7,35.423,0.00000,0.015,0.699,21.580,1000.7,0.6366,35.423,0.0500,5.000,0,0
1763316011.083150,10.386,7,7,35.414,0.00000,0.015,0.699,21.449,999.8,0.6365,35.414,0.0500,5.000,0,0
1763316011.181301,10.251,7,7,35.427,0.00000,0.015,0.698,21.337,1000.2,0.6360,35.427,0.0500,5.000,0,0
1763316011.283076,10.023,7,7,35.407,0.00000,0.015,0.694,21.085,1000.5,0.6365,35.407,0.0500,5.000,0,0
1763316011.381794,10.074,7,7,35.411,0.00000,0.015,0.695,20.956,1000.5,0.6369,35.411,0.0500,5.000,0,0
1763316011.484239,9.684,7,7,35.400,0.00000,0.015,0.697,20.909,1000.3,0.6369,35.400,0.0500,5.000,0,0
1763316011.584408,10.013,7,7,35.433,0.00000,0.015,0.694,20.833,999.8,0.6357,35.433,0.0500,5.000,0,0
1763316011.687978,9.705,7,7,35.417,0.00000,0.016,0.692,20.712,999.8,0.6360,35.417,0.0500,5.000,0,0
1763316011.787948,9.926,7,7,35.394,0.00000,0.015,0.692,20.583,1000.0,0.6372,35.394,0.0500,5.000,0,0
1763316011.889813,10.180,7,7,35.432,0.00000,0.015,0.694,20.548,1001.3,0.6362,35.432,0.0500,5.000,0,0
1763316011.983517,10.155,7,7,35.414,0.00000,0.015,0.697,20.606,1000.6,0.6362,35.414,0.0500,5.000,0,0
1763316012.084738,9.852,7,7,35.414,0.00000,0.015,0.697,20.679,1000.3,0.6361,35.414,0.0500,5.000,0,0
1763316012.187417,9.958,6,6,35.612,0.00000,0.016,0.736,23.064,1057.4,0.6901,35.612,0.0500,5.000,0,0
1763316012.286871,9.904,7,7,35.411,0.00000,0.015,0.697,22.389,1001.2,0.6365,35.411,0.0500,5.000,0,0
1763316012.390742,9.964,7,7,35.412,0.00000,0.015,0.696,21.919,1000.1,0.6357,35.412,0.0500,5.000,0,0
1763316012.486050,10.704,7,7,35.433,0.00000,0.015,0.694,21.527,1000.4,0.6358,35.433,0.0500,5.000,0,0
1763316012.580784,10.121,7,7,35.401,0.00000,0.015,0.692,21.156,1000.6,0.6368,35.401,0.0500,5.000,0,0
1763316012.682707,9.741,7,7,35.412,0.00000,0.015,0.691,20.890,1000.8,0.6373,35.412,0.0500,5.000,0,0
1763316012.782183,9.839,7,7,35.401,0.00000,0.016,0.690,20.695,1000.1,0.6368,35.401,0.0500,5.000,0,0
1763316012.888657,10.648,7,7,35.394,0.00000,0.016,0.689,20.524,1000.4,0.6373,35.394,0.0500,5.000,0,0
1763316013.037183,9.792,7,7,35.387,0.00000,0.016,0.690,20.405,1000.0,0.6368,35.387,0.0500,5.000,0,0
1763316013.162239,5.829,7,7,35.425,0.00000,0.015,0.694,20.464,1000.5,0.6361,35.425,0.0500,5.000,0,0
1763316013.255118,10.308,7,7,35.407,0.00000,0.015,0.694,20.462,1000.2,0.6366,35.407,0.0500,5.000,0,0
1763316013.362167,9.968,7,7,35.397,0.00000,0.015,0.695,20.481,1000.9,0.6372,35.397,0.0500,5.000,0,0
1763316013.464647,9.797,7,7,35.434,0.00000,0.015,0.699,20.638,1000.3,0.6357,35.434,0.0500,5.000,0,0
1763316013.577162,9.781,7,7,35.428,0.00000,0.015,0.695,20.625,1000.2,0.6358,35.428,0.0500,5.000,0,0
1763316013.709365,7.621,7,7,35.438,0.00000,0.015,0.694,20.596,1001.0,0.6357,35.438,0.0500,5.000,0,0
1763316013.855800,7.633,7,7,35.416,0.00000,0.015,0.695,20.599,1000.3,0.6362,35.416,0.0500,5.000,0,0
1763316013.996425,7.651,7,7,35.451,0.00000,0.015,0.694,20.577,1001.2,0.6356,35.451,0.0500,5.000,0,0
1763316014.666882,5.445,7,7,35.407,0.00000,0.015,0.692,20.493,1000.4,0.6366,35.407,0.0500,5.000,0,0
1763316015.002264,1.458,7,7,35.418,0.00000,0.015,0.691,20.427,1000.7,0.6362,35.418,0.0500,5.000,0,0
1763316015.338156,2.846,7,7,35.407,0.00000,0.015,0.694,20.419,999.2,0.6364,35.407,0.0500,5.000,0,0
1763316015.481795,3.501,7,7,35.394,0.00000,0.015,0.694,20.432,999.3,0.6366,35.394,0.0500,5.000,0,0
1763316015.598858,7.695,6,6,35.574,0.00000,0.016,0.732,22.815,1056.6,0.6905,35.574,0.0500,5.000,0,0
1763316015.702774,10.020,7,7,35.423,0.00000,0.015,0.700,22.341,999.1,0.6356,35.423,0.0500,5.000,0,0
1763316015.837773,7.347,7,7,35.411,0.00000,0.015,0.701,22.019,998.8,0.6361,35.411,0.0500,5.000,0,0
1763316016.040745,7.768,7,7,35.440,0.00000,0.015,0.698,21.661,1000.8,0.6360,35.440,0.0500,5.000,0,0
1763316016.172573,4.831,7,7,35.442,0.00000,0.015,0.695,21.374,1001.7,0.6362,35.442,0.0500,5.000,0,0
1763316016.286222,7.725,7,7,35.453,0.00000,0.015,0.694,21.107,1001.9,0.6362,35.453,0.0500,5.000,0,0
1763316016.383827,9.925,7,7,35.432,0.00000,0.016,0.693,20.894,1002.6,0.6367,35.432,0.0500,5.000,0,0
1763316016.479620,10.214,7,7,35.443,0.00000,0.015,0.695,20.811,1002.6,0.6364,35.443,0.0500,5.000,0,0
1763316016.585602,9.788,7,7,35.436,0.00000,0.015,0.693,20.670,1002.4,0.6370,35.436,0.0500,5.000,0,0
1763316016.686877,9.948,7,7,35.432,0.00000,0.015,0.696,20.705,1002.7,0.6366,35.432,0.0500,5.000,0,0
1763316016.784981,10.236,7,7,35.455,0.00000,0.015,0.695,20.682,1003.8,0.6367,35.455,0.0500,5.000,0,0
1763316016.889677,9.931,7,7,35.439,0.00000,0.015,0.695,20.658,1003.5,0.6366,35.439,0.0500,5.000,0,0
1763316016.989946,9.820,7,7,35.418,0.00000,0.015,0.697,20.687,1003.0,0.6371,35.418,0.0500,5.000,0,0
1763316017.089373,10.213,7,7,35.453,0.00000,0.015,0.696,20.704,1003.8,0.6363,35.453,0.0500,5.000,0,0
1763667897.116616,224.019,0,0,0.000,0.00000,0.000,0.000,0.000,,,,0.0500,5.000,0,0
1763667897.225385,10.137,0,0,0.000,0.00000,0.000,0.000,0.000,,,,0.0500,5.000,0,0
1763667897.346023,7.450,0,0,0.000,0.00000,0.000,0.000,0.000,,,,0.0500,5.000,0,0
1763667897.420858,15.338,0,0,0.000,0.00000,0.000,0.000,0.000,,,,0.0500,5.000,0,0
1763667897.535154,10.490,0,0,0.000,0.00000,0.000,0.000,0.000,,,,0.0500,5.000,0,0
1763667897.595676,11.643,0,0,0.000,0.00000,0.000,0.000,0.000,,,,0.0500,5.000,0,0
1763667897.877987,9.144,0,0,0.000,0.00000,0.000,0.000,0.000,,,,0.0500,5.000,0,0
1763667898.005427,3.584,0,0,0.000,0.00000,0.000,0.000,0.000,,,,0.0500,5.000,0,0
1763667898.107600,10.335,0,0,0.000,0.00000,0.000,0.000,0.000,,,,0.0500,5.000,0,0
1763667898.191676,10.120,0,0,0.000,0.00000,0.000,0.000,0.000,,,,0.0500,5.000,0,0
1763667898.260017,14.771,0,0,0.000,0.00000,0.000,0.000,0.000,,,,0.0500,5.000,0,0
1763667898.354047,9.976,0,0,0.000,0.00000,0.000,0.000,0.000,,,,0.0500,5.000,0,0
1763667898.408529,15.692,0,0,0.000,0.00000,0.000,0.000,0.000,,,,0.0500,5.000,1,0
1763667898.495619,14.461,0,0,0.000,0.00000,0.000,0.000,0.000,,,,0.0500,5.000,0,0
1763667898.593519,9.856,0,0,0.000,0.00000,0.000,0.000,0.000,,,,0.0500,5.000,0,0
1763667898.743579,10.229,0,0,0.000,0.00000,0.000,0.000,0.000,,,,0.0500,5.000,0,0
1763667898.812089,7.778,0,0,0.000,0.00000,0.000,0.000,0.000,,,,0.0500,5.000,0,0
1763667898.903566,14.173,0,0,0.000,0.00000,0.000,0.000,0.000,,,,0.0500,5.000,0,0
1763667899.148439,9.645,0,0,0.000,0.00000,0.000,0.000,0.000,,,,0.0500,5.000,1,0
1763667899.309717,3.772,0,0,0.000,0.00000,0.000,0.000,0.000,,,,0.0500,5.000,1,0
1763667899.416923,7.320,0,0,0.000,0.00000,0.000,0.000,0.000,,,,0.0500,5.000,1,0
1763667899.518925,10.707,0,0,0.000,0.00000,0.000,0.000,0.000,,,,0.0500,5.000,1,0
1763667899.625040,9.481,0,0,0.000,0.00000,0.000,0.000,0.000,,,,0.0500,5.000,1,0
1763667899.727494,9.910,0,0,0.000,0.00000,0.000,0.000,0.000,,,,0.0500,5.000,1,0
1763667899.867010,7.727,0,0,0.000,0.00000,0.000,0.000,0.000,,,,0.0500,5.000,1,0
1763667900.040329,6.922,0,0,0.000,0.00000,0.000,0.000,0.000,,,,0.0500,5.000,1,0
1763667900.234612,5.375,0,0,0.000,0.00000,0.000,0.000,0.000,,,,0.0500,5.000,1,0
1763667900.367078,5.981,0,0,0.000,0.00000,0.000,0.000,0.000,,,,0.0500,5.000,1,0
1763667900.523523,7.298,0,0,0.000,0.00000,0.000,0.000,0.000,,,,0.0500,5.000,1,0
1763667900.648054,7.453,0,0,0.000,0.00000,0.000,0.000,0.000,,,,0.0500,5.000,1,0
1763667900.780512,7.510,0,0,0.000,0.00000,0.000,0.000,0.000,,,,0.0500,5.000,1,0
1763667900.917556,7.391,0,0,0.000,0.00000,0.000,0.000,0.000,,,,0.0500,5.000,1,0
1763667901.042519,7.605,0,0,0.000,0.00000,0.000,0.000,0.000,,,,0.0500,5.000,1,0
1763667901.166359,7.583,0,0,0.000,0.00000,0.000,0.000,0.000,,,,0.0500,5.000,1,0
1763667901.295177,7.581,0,0,0.000,0.00000,0.000,0.000,0.000,,,,0.0500,5.000,1,0
1763667901.417681,7.451,0,0,0.000,0.00000,0.000,0.000,0.000,,,,0.0500,5.000,1,0
1763667901.491563,10.052,0,0,0.000,0.00000,0.000,0.000,0.000,,,,0.0500,5.000,1,0
1763667901.572288,14.325,0,0,0.000,0.00000,0.000,0.000,0.000,,,,0.0500,5.000,1,0
1763667901.683364,10.101,0,0,0.000,0.00000,0.000,0.000,0.000,,,,0.0500,5.000,1,0
1763667901.789525,10.081,0,0,0.000,0.00000,0.000,0.000,0.000,,,,0.0500,5.000,1,0
1763667901.866734,9.773,0,0,0.000,0.00000,0.000,0.000,0.000,,,,0.0500,5.000,1,0
1763667901.956861,10.241,0,0,0.000,0.00000,0.000,0.000,0.000,,,,0.0500,5.000,1,0
1763667902.049163,14.423,0,0,0.000,0.00000,0.000,0.000,0.000,,,,0.0500,5.000,1,0
1763667902.192639,10.149,0,0,0.000,0.00000,0.000,0.000,0.000,,,,0.0500,5.000,1,0
1763667902.377048,5.974,0,0,0.000,0.00000,0.000,0.000,0.000,,,,0.0500,5.000,1,0
1763667902.479426,6.177,0,0,0.000,0.00000,0.000,0.000,0.000,,,,0.0500,5.000,1,0
1763667902.588635,10.060,0,0,0.000,0.00000,0.000,0.000,0.000,,,,0.0500,5.000,1,0
1763667902.712415,7.559,0,0,0.000,0.00000,0.000,0.000,0.000,,,,0.0500,5.000,1,0
1763667902.825782,9.861,0,0,0.000,0.00000,0.000,0.000,0.000,,,,0.0500,5.000,1,0
1763667903.263574,7.286,0,0,0.000,0.00000,0.000,0.000,0.000,,,,0.0500,5.000,1,0
1763667903.412484,2.315,0,0,0.000,0.00000,0.000,0.000,0.000,,,,0.0500,5.000,1,0
1763667903.503837,7.508,0,0,0.000,0.00000,0.000,0.000,0.000,,,,0.0500,5.000,1,0
1763667903.599924,9.875,0,0,0.000,0.00000,0.000,0.000,0.000,,,,0.0500,5.000,1,0
1763667903.696622,10.098,0,0,0.000,0.00000,0.000,0.000,0.000,,,,0.0500,5.000,1,0
1763667903.818986,10.080,0,0,0.000,0.00000,0.000,0.000,0.000,,,,0.0500,5.000,1,0
1763667903.968214,9.899,0,0,0.000,0.00000,0.000,0.000,0.000,,,,0.0500,5.000,1,0
1763667904.190323,5.944,0,0,0.000,0.00000,0.000,0.000,0.000,,,,0.0500,5.000,1,0
1763667904.380183,4.220,0,0,0.000,0.00000,0.000,0.000,0.000,,,,0.0500,5.000,1,0
1763667904.539287,6.283,0,0,0.000,0.00000,0.000,0.000,0.000,,,,0.0500,5.000,1,0
1763667904.783893,5.528,0,0,0.000,0.00000,0.000,0.000,0.000,,,,0.0500,5.000,1,0
1763667905.053099,4.442,0,0,0.000,0.00000,0.000,0.000,0.000,,,,0.0500,5.000,1,0
1763667905.266272,3.396,0,0,0.000,0.00000,0.000,0.000,0.000,,,,0.0500,5.000,1,0
1763667905.532336,4.948,0,0,0.000,0.00000,0.000,0.000,0.000,,,,0.0500,5.000,1,0
1763667905.696840,3.723,0,0,0.000,0.00000,0.000,0.000,0.000,,,,0.0500,5.000,1,0
1763667905.828440,6.049,0,0,0.000,0.00000,0.000,0.000,0.000,,,,0.0500,5.000,1,0
1763667905.974857,7.604,0,0,0.000,0.00000,0.000,0.000,0.000,,,,0.0500,5.000,1,0
1763667906.082911,7.528,0,0,0.000,0.00000,0.000,0.000,0.000,,,,0.0500,5.000,1,0
1763667906.216485,9.828,0,0,0.000,0.00000,0.000,0.000,0.000,,,,0.0500,5.000,1,0
1763667906.315175,7.480,0,0,0.000,0.00000,0.000,0.000,0.000,,,,0.0500,5.000,1,0
1763667906.416550,10.339,0,0,0.000,0.00000,0.000,0.000,0.000,,,,0.0500,5.000,1,0
1763667906.730820,6.777,0,0,0.000,0.00000,0.000,0.000,0.000,,,,0.0500,5.000,1,0
1763667906.894085,3.451,0,0,0.000,0.00000,0.000,0.000,0.000,,,,0.0500,5.000,1,0
1763667907.010451,6.030,0,0,0.000,0.00000,0.000,0.000,0.000,,,,0.0500,5.000,1,0
1763667907.101112,10.196,0,0,0.000,0.00000,0.000,0.000,0.000,,,,0.0500,5.000,1,0
1763667907.206881,9.770,0,0,0.000,0.00000,0.000,0.000,0.000,,,,0.0500,5.000,1,0
1763667907.291249,10.279,0,0,0.000,0.00000,0.000,0.000,0.000,,,,0.0500,5.000,1,0
1763667907.398484,9.616,0,0,0.000,0.00000,0.000,0.000,0.000,,,,0.0500,5.000,1,0
1763667907.485737,10.440,0,0,0.000,0.00000,0.000,0.000,0.000,,,,0.0500,5.000,1,0
1763667907.550180,14.685,0,0,0.000,0.00000,0.000,0.000,0.000,,,,0.0500,5.000,1,0
1763667907.619158,15.120,0,0,0.000,0.00000,0.000,0.000,0.000,,,,0.0500,5.000,1,0
1763667907.716531,10.510,0,0,0.000,0.00000,0.000,0.000,0.000,,,,0.0500,5.000,1,0
1763667907.784606,14.716,0,0,0.000,0.00000,0.000,0.000,0.000,,,,0.0500,5.000,1,0
1763667907.844454,15.635,0,0,0.000,0.00000,0.000,0.000,0.000,,,,0.0500,5.000,1,0
1763667907.909787,14.471,0,0,0.000,0.00000,0.000,0.000,0.000,,,,0.0500,5.000,1,0
1763667907.981701,14.256,0,0,0.000,0.00000,0.000,0.000,0.000,,,,0.0500,5.000,1,0
1763667908.054362,14.663,0,0,0.000,0.00000,0.000,0.000,0.000,,,,0.0500,5.000,1,0
1763667908.112439,15.357,0,0,0.000,0.00000,0.000,0.000,0.000,,,,0.0500,5.000,1,0
1763667908.185890,14.771,0,0,0.000,0.00000,0.000,0.000,0.000,,,,0.0500,5.000,1,0
1763667908.246431,15.347,0,0,0.000,0.00000,0.000,0.000,0.000,,,,0.0500,5.000,1,0
1763667908.310766,14.988,0,0,0.000,0.00000,0.000,0.000,0.000,,,,0.0500,5.000,1,0
1763667908.378750,14.832,0,0,0.000,0.00000,0.000,0.000,0.000,,,,0.0500,5.000,1,0
1763667908.463594,14.520,0,0,0.000,0.00000,0.000,0.000,0.000,,,,0.0500,5.000,1,0
1763667908.540017,10.230,0,0,0.000,0.00000,0.000,0.000,0.000,,,,0.0500,5.000,1,0
1763667908.608500,14.386,0,0,0.000,0.00000,0.000,0.000,0.000,,,,0.0500,5.000,1,0
1763667908.670922,15.424,0,0,0.000,0.00000,0.000,0.000,0.000,,,,0.0500,5.000,1,0
1763667908.738886,15.092,0,0,0.000,0.00000,0.000,0.000,0.000,,,,0.0500,5.000,1,0
1763667908.807751,14.734,0,0,0.000,0.00000,0.000,0.000,0.000,,,,0.0500,5.000,1,0
1763667908.874811,14.865,0,0,0.000,0.00000,0.000,0.000,0.000,,,,0.0500,5.000,1,0
1763667908.938697,15.890,0,0,0.000,0.00000,0.000,0.000,0.000,,,,0.0500,5.000,1,0
1763667909.016758,14.610,0,0,0.000,0.00000,0.000,0.000,0.000,,,,0.0500,5.000,1,0
1763667909.078848,15.321,0,0,0.000,0.00000,0.000,0.000,0.000,,,,0.0500,5.000,1,0
1763667909.143102,16.265,0,0,0.000,0.00000,0.000,0.000,0.000,,,,0.0500,5.000,1,0
1763667909.211353,13.678,0,0,0.000,0.00000,0.000,0.000,0.000,,,,0.0500,5.000,1,0
1763667909.287055,14.696,0,0,0.000,0.00000,0.000,0.000,0.000,,,,0.0500,5.000,1,0
1763667909.350171,15.308,0,0,0.000,0.00000,0.000,0.000,0.000,,,,0.0500,5.000,1,0
1763667909.411226,15.700,0,0,0.000,0.00000,0.000,0.000,0.000,,,,0.0500,5.000,1,0
1763667909.486601,14.476,0,0,0.000,0.00000,0.000,0.000,0.000,,,,0.0500,5.000,1,0
1763667909.543756,15.635,0,0,0.000,0.00000,0.000,0.000,0.000,,,,0.0500,5.000,1,0
1763667909.617445,14.440,0,0,0.000,0.00000,0.000,0.000,0.000,,,,0.0500,5.000,1,0
1763667909.680831,15.374,0,0,0.000,0.00000,0.000,0.000,0.000,,,,0.0500,5.000,1,0
1763667909.746120,14.869,0,0,0.000,0.00000,0.000,0.000,0.000,,,,0.0500,5.000,1,0
1763667909.812669,15.211,0,0,0.000,0.00000,0.000,0.000,0.000,,,,0.0500,5.000,1,0
1763667910.005497,14.537,0,0,0.000,0.00000,0.000,0.000,0.000,,,,0.0500,5.000,1,0
1763667910.084060,5.011,0,0,0.000,0.00000,0.000,0.000,0.000,,,,0.0500,5.000,1,0
1763667910.153726,15.128,0,0,0.000,0.00000,0.000,0.000,0.000,,,,0.0500,5.000,1,0
1763667910.215801,15.118,0,0,0.000,0.00000,0.000,0.000,0.000,,,,0.0500,5.000,1,0
1763667910.286406,15.017,0,0,0.000,0.00000,0.000,0.000,0.000,,,,0.0500,5.000,1,0
1763667910.349129,14.748,0,0,0.000,0.00000,0.000,0.000,0.000,,,,0.0500,5.000,1,0
1763667910.414162,14.938,0,0,0.000,0.00000,0.000,0.000,0.000,,,,0.0500,5.000,1,0
1763667910.485663,15.236,0,0,0.000,0.00000,0.000,0.000,0.000,,,,0.0500,5.000,1,0
1763667910.556143,14.718,0,0,0.000,0.00000,0.000,0.000,0.000,,,,0.0500,5.000,1,0
1763667910.643345,10.248,0,0,0.000,0.00000,0.000,0.000,0.000,,,,0.0500,5.000,1,0
1763667910.712084,14.746,0,0,0.000,0.00000,0.000,0.000,0.000,,,,0.0500,5.000,1,0
1763667910.786348,15.077,0,0,0.000,0.00000,0.000,0.000,0.000,,,,0.0500,5.000,1,0
1763667910.846681,15.395,0,0,0.000,0.00000,0.000,0.000,0.000,,,,0.0500,5.000,1,0
1763667910.916553,14.536,0,0,0.000,0.00000,0.000,0.000,0.000,,,,0.0500,5.000,1,0
1763667910.985721,15.102,0,0,0.000,0.00000,0.000,0.000,0.000,,,,0.0500,5.000,1,0
1763667911.048283,15.422,0,0,0.000,0.00000,0.000,0.000,0.000,,,,0.0500,5.000,1,0
1763667911.112109,14.494,0,0,0.000,0.00000,0.000,0.000,0.000,,,,0.0500,5.000,1,0
1763667911.187094,14.913,0,0,0.000,0.00000,0.000,0.000,0.000,,,,0.0500,5.000,1,0
1763667911.247261,15.492,0,0,0.000,0.00000,0.000,0.000,0.000,,,,0.0500,5.000,1,0
1763667911.313796,14.900,0,0,0.000,0.00000,0.000,0.000,0.000,,,,0.0500,5.000,1,0
1763667911.381077,14.584,0,0,0.000,0.00000,0.000,0.000,0.000,,,,0.0500,5.000,1,0
1763667911.448678,15.495,0,0,0.000,0.00000,0.000,0.000,0.000,,,,0.0500,5.000,1,0
1763667911.513064,14.633,0,0,0.000,0.00000,0.000,0.000,0.000,,,,0.0500,5.000,1,0
1763667911.576360,14.863,0,0,0.000,0.00000,0.000,0.000,0.000,,,,0.0500,5.000,1,0
1763667911.639482,15.411,0,0,0.000,0.00000,0.000,0.000,0.000,,,,0.0500,5.000,1,0
1763667911.710249,14.414,0,0,0.000,0.00000,0.000,0.000,0.000,,,,0.0500,5.000,1,0
1763667911.776312,15.163,0,0,0.000,0.00000,0.000,0.000,0.000,,,,0.0500,5.000,1,0
1763667911.848893,15.387,0,0,0.000,0.00000,0.000,0.000,0.000,,,,0.0500,5.000,1,0
1763667911.911223,14.816,0,0,0.000,0.00000,0.000,0.000,0.000,,,,0.0500,5.000,1,0
1763667911.976246,14.816,0,0,0.000,0.00000,0.000,0.000,0.000,,,,0.0500,5.000,1,0
1763667912.039706,15.628,0,0,0.000,0.00000,0.000,0.000,0.000,,,,0.0500,5.000,1,0
1763667912.107676,14.565,0,0,0.000,0.00000,0.000,0.000,0.000,,,,0.0500,5.000,1,0
1763667912.177808,14.709,0,0,0.000,0.00000,0.000,0.000,0.000,,,,0.0500,5.000,1,0
1763667912.246149,15.514,0,0,0.000,0.00000,0.000,0.000,0.000,,,,0.0500,5.000,1,0
1763667912.310732,14.914,0,0,0.000,0.00000,0.000,0.000,0.000,,,,0.0500,5.000,1,0
1763667912.376491,14.815,0,0,0.000,0.00000,0.000,0.000,0.000,,,,0.0500,5.000,1,0
1763667912.441955,14.973,0,0,0.000,0.00000,0.000,0.000,0.000,,,,0.0500,5.000,1,0
1763667912.511791,14.725,0,0,0.000,0.00000,0.000,0.000,0.000,,,,0.0500,5.000,1,0
1763667912.574618,15.396,0,0,0.000,0.00000,0.000,0.000,0.000,,,,0.0500,5.000,1,0
1763667912.642893,14.936,0,0,0.000,0.00000,0.000,0.000,0.000,,,,0.0500,5.000,1,0
1763667912.718785,15.003,0,0,0.000,0.00000,0.000,0.000,0.000,,,,0.0500,5.000,1,0
1763667912.780040,15.142,0,0,0.000,0.00000,0.000,0.000,0.000,,,,0.0500,5.000,1,0
1763667912.843155,14.972,0,0,0.000,0.00000,0.000,0.000,0.000,,,,0.0500,5.000,1,0
1763667912.909236,14.905,0,0,0.000,0.00000,0.000,0.000,0.000,,,,0.0500,5.000,1,0
1763667912.974705,14.916,0,0,0.000,0.00000,0.000,0.000,0.000,,,,0.0500,5.000,1,0
1763667913.044637,15.046,0,0,0.000,0.00000,0.000,0.000,0.000,,,,0.0500,5.000,1,0
1763667913.115329,15.058,0,0,0.000,0.00000,0.000,0.000,0.000,,,,0.0500,5.000,1,0
1763667913.176320,15.011,0,0,0.000,0.00000,0.000,0.000,0.000,,,,0.0500,5.000,1,0
1763667913.242313,14.952,0,0,0.000,0.00000,0.000,0.000,0.000,,,,0.0500,5.000,1,0
1763667913.310731,14.968,0,0,0.000,0.00000,0.000,0.000,0.000,,,,0.0500,5.000,1,0
1763667913.375724,14.967,0,0,0.000,0.00000,0.000,0.000,0.000,,,,0.0500,5.000,1,0
1763667913.442462,14.893,0,0,0.000,0.00000,0.000,0.000,0.000,,,,0.0500,5.000,1,0
1763667913.507250,15.294,0,0,0.000,0.00000,0.000,0.000,0.000,,,,0.0500,5.000,1,0
1763667913.573532,14.852,0,0,0.000,0.00000,0.000,0.000,0.000,,,,0.0500,5.000,1,0
1763667913.652268,14.725,0,0,0.000,0.00000,0.000,0.000,0.000,,,,0.0500,5.000,1,0
1763667913.715312,15.254,0,0,0.000,0.00000,0.000,0.000,0.000,,,,0.0500,5.000,1,0
1763667913.778273,15.010,0,0,0.000,0.00000,0.000,0.000,0.000,,,,0.0500,5.000,1,0
1763667913.842119,15.085,0,0,0.000,0.00000,0.000,0.000,0.000,,,,0.0500,5.000,1,0
1763667913.909104,14.848,0,0,0.000,0.00000,0.000,0.000,0.000,,,,0.0500,5.000,1,0
1763667913.975912,14.957,0,0,0.000,0.00000,0.000,0.000,0.000,,,,0.0500,5.000,1,0
1763667914.042231,15.212,0,0,0.000,0.00000,0.000,0.000,0.000,,,,0.0500,5.000,1,0
1763667914.111262,14.842,0,0,0.000,0.00000,0.000,0.000,0.000,,,,0.0500,5.000,1,0
1763667914.182031,15.033,0,0,0.000,0.00000,0.000,0.000,0.000,,,,0.0500,5.000,1,0
1763667914.247771,15.071,0,0,0.000,0.00000,0.000,0.000,0.000,,,,0.0500,5.000,1,0
1763667914.310303,15.016,0,0,0.000,0.00000,0.000,0.000,0.000,,,,0.0500,5.000,1,0
1763667914.377056,14.916,0,0,0.000,0.00000,0.000,0.000,0.000,,,,0.0500,5.000,1,0
1763667914.443107,14.968,0,0,0.000,0.00000,0.000,0.000,0.000,,,,0.0500,5.000,1,0
1763667914.508216,15.008,0,0,0.000,0.00000,0.000,0.000,0.000,,,,0.0500,5.000,1,0
1763667914.576169,14.954,0,0,0.000,0.00000,0.000,0.000,0.000,,,,0.0500,5.000,1,0
1763667914.646109,15.116,0,0,0.000,0.00000,0.000,0.000,0.000,,,,0.0500,5.000,1,0
1763667914.710124,15.090,0,0,0.000,0.00000,0.000,0.000,0.000,,,,0.0500,5.000,1,0
1763667914.774912,14.920,0,0,0.000,0.00000,0.000,0.000,0.000,,,,0.0500,5.000,1,0
1763667914.840287,15.117,0,0,0.000,0.00000,0.000,0.000,0.000,,,,0.0500,5.000,1,0
1763667914.905907,14.905,0,0,0.000,0.00000,0.000,0.000,0.000,,,,0.0500,5.000,1,0
1763667914.975690,14.912,0,0,0.000,0.00000,0.000,0.000,0.000,,,,0.0500,5.000,1,0
1763667915.049110,15.019,0,0,0.000,0.00000,0.000,0.000,0.000,,,,0.0500,5.000,1,0
1763667915.111417,15.151,0,0,0.000,0.00000,0.000,0.000,0.000,,,,0.0500,5.000,1,0
1763667915.176678,14.803,0,0,0.000,0.00000,0.000,0.000,0.000,,,,0.0500,5.000,1,0
1763667915.252039,15.038,0,0,0.000,0.00000,0.000,0.000,0.000,,,,0.0500,5.000,1,0
1763667915.313785,15.050,0,0,0.000,0.00000,0.000,0.000,0.000,,,,0.0500,5.000,1,0
1763667915.378076,15.052,0,0,0.000,0.00000,0.000,0.000,0.000,,,,0.0500,5.000,1,0
1763667915.454080,14.445,0,0,0.000,0.00000,0.000,0.000,0.000,,,,0.0500,5.000,1,0
1763667915.518614,15.364,0,0,0.000,0.00000,0.000,0.000,0.000,,,,0.0500,5.000,1,0
1763667915.581819,15.143,0,0,0.000,0.00000,0.000,0.000,0.000,,,,0.0500,5.000,1,0
1763667915.650393,15.016,0,0,0.000,0.00000,0.000,0.000,0.000,,,,0.0500,5.000,1,0
1763667915.717775,14.922,0,0,0.000,0.00000,0.000,0.000,0.000,,,,0.0500,5.000,1,0
1763667915.780574,15.165,0,0,0.000,0.00000,0.000,0.000,0.000,,,,0.0500,5.000,1,0
1763667915.847872,14.723,0,0,0.000,0.00000,0.000,0.000,0.000,,,,0.0500,5.000,1,0
1763667915.918879,15.118,0,0,0.000,0.00000,0.000,0.000,0.000,,,,0.0500,5.000,1,0
1763667915.980674,15.243,0,0,0.000,0.00000,0.000,0.000,0.000,,,,0.0500,5.000,1,0
1763667916.045141,15.016,0,0,0.000,0.00000,0.000,0.000,0.000,,,,0.0500,5.000,1,0
1763667916.119190,14.663,0,0,0.000,0.00000,0.000,0.000,0.000,,,,0.0500,5.000,1,0
1763667916.180754,15.121,0,0,0.000,0.00000,0.000,0.000,0.000,,,,0.0500,5.000,1,0
1763667916.242533,15.129,0,0,0.000,0.00000,0.000,0.000,0.000,,,,0.0500,5.000,1,0
1763667916.310685,14.819,0,0,0.000,0.00000,0.000,0.000,0.000,,,,0.0500,5.000,1,0
1763667916.380377,15.064,0,0,0.000,0.00000,0.000,0.000,0.000,,,,0.0500,5.000,1,0
1763667916.443655,15.186,0,0,0.000,0.00000,0.000,0.000,0.000,,,,0.0500,5.000,1,0
1763667916.510747,14.925,0,0,0.000,0.00000,0.000,0.000,0.000,,,,0.0500,5.000,1,0
1763667916.584704,14.760,0,0,0.000,0.00000,0.000,0.000,0.000,,,,0.0500,5.000,1,0
1763667916.646085,15.197,0,0,0.000,0.00000,0.000,0.000,0.000,,,,0.0500,5.000,1,0
1763667916.709735,14.996,0,0,0.000,0.00000,0.000,0.000,0.000,,,,0.0500,5.000,1,0
1763667916.783777,14.994,0,0,0.000,0.00000,0.000,0.000,0.000,,,,0.0500,5.000,1,0
1763667916.847765,15.277,0,0,0.000,0.00000,0.000,0.000,0.000,,,,0.0500,5.000,1,0
1763667916.912041,14.774,0,0,0.000,0.00000,0.000,0.000,0.000,,,,0.0500,5.000,1,0
1763667916.978386,14.828,0,0,0.000,0.00000,0.000,0.000,0.000,,,,0.0500,5.000,1,0
1763667917.047829,15.129,0,0,0.000,0.00000,0.000,0.000,0.000,,,,0.0500,5.000,1,0
1763667917.112322,14.950,0,0,0.000,0.00000,0.000,0.000,0.000,,,,0.0500,5.000,1,0
1763667917.177879,14.880,0,0,0.000,0.00000,0.000,0.000,0.000,,,,0.0500,5.000,1,0
1763667917.241563,15.318,0,0,0.000,0.00000,0.000,0.000,0.000,,,,0.0500,5.000,1,0
1763667917.307975,14.842,0,0,0.000,0.00000,0.000,0.000,0.000,,,,0.0500,5.000,1,0
1763667917.383939,15.181,0,0,0.000,0.00000,0.000,0.000,0.000,,,,0.0500,5.000,1,0
1763667917.447844,14.813,0,0,0.000,0.00000,0.000,0.000,0.000,,,,0.0500,5.000,1,0
1763667917.511983,14.835,0,0,0.000,0.00000,0.000,0.000,0.000,,,,0.0500,5.000,1,0
1763667917.575367,15.088,0,0,0.000,0.00000,0.000,0.000,0.000,,,,0.0500,5.000,1,0
1763667917.643988,14.925,0,0,0.000,0.00000,0.000,0.000,0.000,,,,0.0500,5.000,1,0
1763667917.709177,15.073,0,0,0.000,0.00000,0.000,0.000,0.000,,,,0.0500,5.000,1,0
1763667917.784356,15.003,0,0,0.000,0.00000,0.000,0.000,0.000,,,,0.0500,5.000,1,0
1763667917.846397,15.200,0,0,0.000,0.00000,0.000,0.000,0.000,,,,0.0500,5.000,1,0
1763667917.911709,14.858,0,0,0.000,0.00000,0.000,0.000,0.000,,,,0.0500,5.000,1,0
1763667917.976275,15.051,0,0,0.000,0.00000,0.000,0.000,0.000,,,,0.0500,5.000,1,0
1763667918.046955,14.911,0,0,0.000,0.00000,0.000,0.000,0.000,,,,0.0500,5.000,1,0
1763667918.107890,15.019,0,0,0.000,0.00000,0.000,0.000,0.000,,,,0.0500,5.000,1,0
1763667918.184974,15.005,0,0,0.000,0.00000,0.000,0.000,0.000,,,,0.0500,5.000,1,0
1763667918.246634,15.079,0,0,0.000,0.00000,0.000,0.000,0.000,,,,0.0500,5.000,1,0
1763667918.312095,14.990,0,0,0.000,0.00000,0.000,0.000,0.000,,,,0.0500,5.000,1,0
1763667918.375598,15.031,0,0,0.000,0.00000,0.000,0.000,0.000,,,,0.0500,5.000,1,0
1763667918.443227,14.956,0,0,0.000,0.00000,0.000,0.000,0.000,,,,0.0500,5.000,1,0
1763667918.509999,14.924,0,0,0.000,0.00000,0.000,0.000,0.000,,,,0.0500,5.000,1,0
1763667918.579091,15.237,0,0,0.000,0.00000,0.000,0.000,0.000,,,,0.0500,5.000,1,0
1763667918.653607,14.788,0,0,0.000,0.00000,0.000,0.000,0.000,,,,0.0500,5.000,1,0
1763667918.715731,15.041,0,0,0.000,0.00000,0.000,0.000,0.000,,,,0.0500,5.000,1,0
1763667918.777616,15.005,0,0,0.000,0.00000,0.000,0.000,0.000,,,,0.0500,5.000,1,0
1763667918.852624,14.699,0,0,0.000,0.00000,0.000,0.000,0.000,,,,0.0500,5.000,1,0
1763667918.913183,15.473,0,0,0.000,0.00000,0.000,0.000,0.000,,,,0.0500,5.000,1,0
1763667918.976738,14.978,0,0,0.000,0.00000,0.000,0.000,0.000,,,,0.0500,5.000,1,0
1763667919.042755,14.789,0,0,0.000,0.00000,0.000,0.000,0.000,,,,0.0500,5.000,1,0
1763667919.111017,14.926,0,0,0.000,0.00000,0.000,0.000,0.000,,,,0.0500,5.000,1,0
1763667919.185010,15.036,0,0,0.000,0.00000,0.000,0.000,0.000,,,,0.0500,5.000,1,0
1763667919.245600,15.108,0,0,0.000,0.00000,0.000,0.000,0.000,,,,0.0500,5.000,1,0
1763667919.310181,14.932,0,0,0.000,0.00000,0.000,0.000,0.000,,,,0.0500,5.000,1,0
1763667919.376652,14.914,0,0,0.000,0.00000,0.000,0.000,0.000,,,,0.0500,5.000,1,0
1763667919.452493,14.854,0,0,0.000,0.00000,0.000,0.000,0.000,,,,0.0500,5.000,1,0
1763667919.515863,15.338,0,0,0.000,0.00000,0.000,0.000,0.000,,,,0.0500,5.000,1,0
1763667919.579799,15.098,0,0,0.000,0.00000,0.000,0.000,0.000,,,,0.0500,5.000,1,0
1763667919.645531,14.662,0,0,0.000,0.00000,0.000,0.000,0.000,,,,0.0500,5.000,1,0
1763667919.712000,15.049,0,0,0.000,0.00000,0.000,0.000,0.000,,,,0.0500,5.000,1,0
1763667919.782386,15.248,0,0,0.000,0.00000,0.000,0.000,0.000,,,,0.0500,5.000,1,0
1763667919.845914,15.016,0,0,0.000,0.00000,0.000,0.000,0.000,,,,0.0500,5.000,1,0
1763667919.912305,14.845,0,0,0.000,0.00000,0.000,0.000,0.000,,,,0.0500,5.000,1,0
1763667919.986559,14.890,0,0,0.000,0.00000,0.000,0.000,0.000,,,,0.0500,5.000,1,0
1763667920.047863,15.177,0,0,0.000,0.00000,0.000,0.000,0.000,,,,0.0500,5.000,1,0
1763667920.110715,15.032,0,0,0.000,0.00000,0.000,0.000,0.000,,,,0.0500,5.000,1,0
1763667920.178878,14.770,0,0,0.000,0.00000,0.000,0.000,0.000,,,,0.0500,5.000,1,0
1763667920.246546,15.289,0,0,0.000,0.00000,0.000,0.000,0.000,,,,0.0500,5.000,1,0
1763667920.313352,14.953,0,0,0.000,0.00000,0.000,0.000,0.000,,,,0.0500,5.000,1,0
1763667920.378275,15.007,0,0,0.000,0.00000,0.000,0.000,0.000,,,,0.0500,5.000,1,0
1763667920.453470,14.813,0,0,0.000,0.00000,0.000,0.000,0.000,,,,0.0500,5.000,1,0
1763667920.515126,15.150,0,0,0.000,0.00000,0.000,0.000,0.000,,,,0.0500,5.000,1,0
1763667920.595140,14.446,0,0,0.000,0.00000,0.000,0.000,0.000,,,,0.0500,5.000,1,0
1763667920.683533,10.098,0,0,0.000,0.00000,0.000,0.000,0.000,,,,0.0500,5.000,1,0
1763667920.736880,15.512,0,0,0.000,0.00000,0.000,0.000,0.000,,,,0.0500,5.000,1,0
1763667920.801068,15.329,0,0,0.000,0.00000,0.000,0.000,0.000,,,,0.0500,5.000,1,0
1763667920.868530,15.006,0,0,0.000,0.00000,0.000,0.000,0.000,,,,0.0500,5.000,1,0
1763667920.935484,15.207,0,0,0.000,0.00000,0.000,0.000,0.000,,,,0.0500,5.000,1,0
1763667921.005067,14.486,0,0,0.000,0.00000,0.000,0.000,0.000,,,,0.0500,5.000,1,0
1763667921.079312,15.005,0,0,0.000,0.00000,0.000,0.000,0.000,,,,0.0500,5.000,1,0
1763667921.142585,15.434,0,0,0.000,0.00000,0.000,0.000,0.000,,,,0.0500,5.000,1,0
1763667921.292407,14.290,0,0,0.000,0.00000,0.000,0.000,0.000,,,,0.0500,5.000,1,0
1763667921.384584,6.093,0,0,0.000,0.00000,0.000,0.000,0.000,,,,0.0500,5.000,1,0
1763667921.468208,14.471,0,0,0.000,0.00000,0.000,0.000,0.000,,,,0.0500,5.000,1,0
1763667921.566276,10.129,0,0,0.000,0.00000,0.000,0.000,0.000,,,,0.0500,5.000,1,0
1763667921.777622,9.928,0,0,0.000,0.00000,0.000,0.000,0.000,,,,0.0500,5.000,1,0
1763667921.856723,5.004,0,0,0.000,0.00000,0.000,0.000,0.000,,,,0.0500,5.000,1,0
1763667921.952293,10.166,0,0,0.000,0.00000,0.000,0.000,0.000,,,,0.0500,5.000,1,0
1763667922.023911,14.680,0,0,0.000,0.00000,0.000,0.000,0.000,,,,0.0500,5.000,1,0
1763667922.084609,15.173,0,0,0.000,0.00000,0.000,0.000,0.000,,,,0.0500,5.000,1,0
1763667922.147067,15.423,0,0,0.000,0.00000,0.000,0.000,0.000,,,,0.0500,5.000,1,0
1763667922.361025,14.246,0,0,0.000,0.00000,0.000,0.000,0.000,,,,0.0500,5.000,1,0
1763667922.454624,4.292,0,0,0.000,0.00000,0.000,0.000,0.000,,,,0.0500,5.000,1,0
1763667922.518545,14.849,0,0,0.000,0.00000,0.000,0.000,0.000,,,,0.0500,5.000,1,0
1763667922.586264,15.587,0,0,0.000,0.00000,0.000,0.000,0.000,,,,0.0500,5.000,1,0
1763667922.653317,14.821,0,0,0.000,0.00000,0.000,0.000,0.000,,,,0.0500,5.000,1,0
1763667922.718654,14.818,0,0,0.000,0.00000,0.000,0.000,0.000,,,,0.0500,5.000,1,0
1763667922.781813,15.027,0,0,0.000,0.00000,0.000,0.000,0.000,,,,0.0500,5.000,1,0
1763667922.855554,14.658,0,0,0.000,0.00000,0.000,0.000,0.000,,,,0.0500,5.000,1,0
1763667922.923060,15.316,0,0,0.000,0.00000,0.000,0.000,0.000,,,,0.0500,5.000,1,0
1763667922.984996,15.145,0,0,0.000,0.00000,0.000,0.000,0.000,,,,0.0500,5.000,1,0
1763667923.049870,15.041,0,0,0.000,0.00000,0.000,0.000,0.000,,,,0.0500,5.000,1,0
1763667923.120158,14.816,0,0,0.000,0.00000,0.000,0.000,0.000,,,,0.0500,5.000,1,0
1763667923.184266,15.071,0,0,0.000,0.00000,0.000,0.000,0.000,,,,0.0500,5.000,1,0
1763667923.257429,14.483,0,0,0.000,0.00000,0.000,0.000,0.000,,,,0.0500,5.000,1,0
1763667923.324590,15.587,0,0,0.000,0.00000,0.000,0.000,0.000,,,,0.0500,5.000,1,0
1763667923.388901,14.775,0,0,0.000,0.00000,0.000,0.000,0.000,,,,0.0500,5.000,1,0
1763667923.457149,15.121,0,0,0.000,0.00000,0.000,0.000,0.000,,,,0.0500,5.000,1,0
1763667923.527152,14.751,0,0,0.000,0.00000,0.000,0.000,0.000,,,,0.0500,5.000,1,0
1763667923.587736,14.781,0,0,0.000,0.00000,0.000,0.000,0.000,,,,0.0500,5.000,1,0
1763667923.648819,15.394,0,0,0.000,0.00000,0.000,0.000,0.000,,,,0.0500,5.000,1,0
1763667923.720470,14.932,0,0,0.000,0.00000,0.000,0.000,0.000,,,,0.0500,5.000,1,0
1763667923.788904,14.852,0,0,0.000,0.00000,0.000,0.000,0.000,,,,0.0500,5.000,1,0
1763667923.854403,15.167,0,0,0.000,0.00000,0.000,0.000,0.000,,,,0.0500,5.000,1,0
1763667923.922314,15.164,0,0,0.000,0.00000,0.000,0.000,0.000,,,,0.0500,5.000,1,0
1763667923.983135,15.032,0,0,0.000,0.00000,0.000,0.000,0.000,,,,0.0500,5.000,0,0
1763667924.046228,15.164,0,0,0.000,0.00000,0.000,0.000,0.000,,,,0.0500,5.000,0,0
1763667924.113961,14.848,0,0,0.000,0.00000,0.000,0.000,0.000,,,,0.0500,5.000,0,0
1763667924.181154,14.965,0,0,0.000,0.00000,0.000,0.000,0.000,,,,0.0500,5.000,0,0
1763667924.248407,14.833,0,0,0.000,0.00000,0.000,0.000,0.000,,,,0.0500,5.000,0,0
1763667924.313551,15.262,0,0,0.000,0.00000,0.000,0.000,0.000,,,,0.0500,5.000,0,0
1763667924.380670,14.965,0,0,0.000,0.00000,0.000,0.000,0.000,,,,0.0500,5.000,0,0
1763667924.451813,14.824,0,0,0.000,0.00000,0.000,0.000,0.000,,,,0.0500,5.000,0,0
1763667924.519269,14.693,0,0,0.000,0.00000,0.000,0.000,0.000,,,,0.0500,5.000,0,0
1763667924.584339,15.438,0,0,0.000,0.00000,0.000,0.000,0.000,,,,0.0500,5.000,0,0
1763667924.651104,14.792,0,0,0.000,0.00000,0.000,0.000,0.000,,,,0.0500,5.000,0,0
1763667924.715223,15.281,0,0,0.000,0.00000,0.000,0.000,0.000,,,,0.0500,5.000,0,0
1763667924.782608,14.578,0,0,0.000,0.00000,0.000,0.000,0.000,,,,0.0500,5.000,0,0
1763667924.850560,14.975,0,0,0.000,0.00000,0.000,0.000,0.000,,,,0.0500,5.000,0,0
1763667924.914531,15.171,0,0,0.000,0.00000,0.000,0.000,0.000,,,,0.0500,5.000,0,0
1763667924.981170,14.815,0,0,0.000,0.00000,0.000,0.000,0.000,,,,0.0500,5.000,0,0
1763667925.047959,15.026,0,0,0.000,0.00000,0.000,0.000,0.000,,,,0.0500,5.000,0,0
1763667925.112946,15.277,0,0,0.000,0.00000,0.000,0.000,0.000,,,,0.0500,5.000,0,0
1763667925.180164,14.929,0,0,0.000,0.00000,0.000,0.000,0.000,,,,0.0500,5.000,0,0
1763667925.245870,15.059,0,0,0.000,0.00000,0.000,0.000,0.000,,,,0.0500,5.000,0,0
1763667925.312510,15.125,0,0,0.000,0.00000,0.000,0.000,0.000,,,,0.0500,5.000,0,0
1763667925.401263,13.491,0,0,0.000,0.00000,0.000,0.000,0.000,,,,0.0500,5.000,0,0
1763667925.480118,11.170,0,0,0.000,0.00000,0.000,0.000,0.000,,,,0.0500,5.000,0,0
1763667925.546367,14.241,0,0,0.000,0.00000,0.000,0.000,0.000,,,,0.0500,5.000,0,0
1763667925.614024,15.031,0,0,0.000,0.00000,0.000,0.000,0.000,,,,0.0500,5.000,0,0
1763667925.680106,14.952,0,0,0.000,0.00000,0.000,0.000,0.000,,,,0.0500,5.000,0,0
1763667925.746958,15.062,0,0,0.000,0.00000,0.000,0.000,0.000,,,,0.0500,5.000,0,0
1763667925.814227,14.947,0,0,0.000,0.00000,0.000,0.000,0.000,,,,0.0500,5.000,0,0
1763667925.878495,15.023,0,0,0.000,0.00000,0.000,0.000,0.000,,,,0.0500,5.000,0,0
1763667925.944850,15.107,0,0,0.000,0.00000,0.000,0.000,0.000,,,,0.0500,5.000,0,0
1763667926.012519,14.872,0,0,0.000,0.00000,0.000,0.000,0.000,,,,0.0500,5.000,0,0
1763667926.079680,14.820,0,0,0.000,0.00000,0.000,0.000,0.000,,,,0.0500,5.000,0,0
1763667926.146029,14.977,0,0,0.000,0.00000,0.000,0.000,0.000,,,,0.0500,5.000,0,0
1763667926.213397,15.457,0,0,0.000,0.00000,0.000,0.000,0.000,,,,0.0500,5.000,0,0
1763667926.270026,17.149,0,0,0.000,0.00000,0.000,0.000,0.000,,,,0.0500,5.000,0,0
1763667926.344542,13.428,0,0,0.000,0.00000,0.000,0.000,0.000,,,,0.0500,5.000,0,0
1763667926.410066,15.410,0,0,0.000,0.00000,0.000,0.000,0.000,,,,0.0500,5.000,0,0
1763667926.483641,14.277,0,0,0.000,0.00000,0.000,0.000,0.000,,,,0.0500,5.000,0,0
1763667926.543582,15.327,0,0,0.000,0.00000,0.000,0.000,0.000,,,,0.0500,5.000,0,0
1763667926.611815,14.588,0,0,0.000,0.00000,0.000,0.000,0.000,,,,0.0500,5.000,0,0
1763667926.679146,14.984,0,0,0.000,0.00000,0.000,0.000,0.000,,,,0.0500,5.000,0,0
1763667926.747164,14.813,0,0,0.000,0.00000,0.000,0.000,0.000,,,,0.0500,5.000,0,0
1763667926.813108,15.060,0,0,0.000,0.00000,0.000,0.000,0.000,,,,0.0500,5.000,0,0
1763667926.874121,16.260,0,0,0.000,0.00000,0.000,0.000,0.000,,,,0.0500,5.000,0,0
1763667926.951075,13.247,0,0,0.000,0.00000,0.000,0.000,0.000,,,,0.0500,5.000,0,0
1763667927.006727,17.112,0,0,0.000,0.00000,0.000,0.000,0.000,,,,0.0500,5.000,0,0
1763667927.071966,15.168,0,0,0.000,0.00000,0.000,0.000,0.000,,,,0.0500,5.000,0,0
1763667927.137361,15.032,0,0,0.000,0.00000,0.000,0.000,0.000,,,,0.0500,5.000,0,0
1763667927.210842,13.966,0,0,0.000,0.00000,0.000,0.000,0.000,,,,0.0500,5.000,0,0
1763667927.279180,15.080,0,0,0.000,0.00000,0.000,0.000,0.000,,,,0.0500,5.000,0,0
1763667927.349497,14.923,0,0,0.000,0.00000,0.000,0.000,0.000,,,,0.0500,5.000,0,0
1763667927.415641,14.976,0,0,0.000,0.00000,0.000,0.000,0.000,,,,0.0500,5.000,0,0
1763667927.480825,14.954,0,0,0.000,0.00000,0.000,0.000,0.000,,,,0.0500,5.000,0,0
1763667927.549863,14.791,0,0,0.000,0.00000,0.000,0.000,0.000,,,,0.0500,5.000,0,0
1763667927.608949,15.481,0,0,0.000,0.00000,0.000,0.000,0.000,,,,0.0500,5.000,0,0
1763667927.674817,14.616,0,0,0.000,0.00000,0.000,0.000,0.000,,,,0.0500,5.000,0,0
1763667927.739876,15.311,0,0,0.000,0.00000,0.000,0.000,0.000,,,,0.0500,5.000,0,0
1763667927.806762,14.965,0,0,0.000,0.00000,0.000,0.000,0.000,,,,0.0500,5.000,0,0
1763667927.873035,14.930,0,0,0.000,0.00000,0.000,0.000,0.000,,,,0.0500,5.000,0,0
1763667927.943621,15.035,0,0,0.000,0.00000,0.000,0.000,0.000,,,,0.0500,5.000,0,0
1763667928.023417,14.711,0,0,0.000,0.00000,0.000,0.000,0.000,,,,0.0500,5.000,0,0
1763667928.081926,15.366,0,0,0.000,0.00000,0.000,0.000,0.000,,,,0.0500,5.000,0,0
1763667928.150219,14.847,0,0,0.000,0.00000,0.000,0.000,0.000,,,,0.0500,5.000,0,0
1763667928.213372,15.061,0,0,0.000,0.00000,0.000,0.000,0.000,,,,0.0500,5.000,0,0
1763667928.277078,15.177,0,0,0.000,0.00000,0.000,0.000,0.000,,,,0.0500,5.000,0,0
1763667928.343380,14.729,0,0,0.000,0.00000,0.000,0.000,0.000,,,,0.0500,5.000,0,0
1763667928.406892,15.627,0,0,0.000,0.00000,0.000,0.000,0.000,,,,0.0500,5.000,0,0
1763667928.477673,14.603,0,0,0.000,0.00000,0.000,0.000,0.000,,,,0.0500,5.000,0,0
1763667928.541970,15.065,0,0,0.000,0.00000,0.000,0.000,0.000,,,,0.0500,5.000,0,0
1763667928.609603,14.735,0,0,0.000,0.00000,0.000,0.000,0.000,,,,0.0500,5.000,0,0
1763667928.676490,14.664,0,0,0.000,0.00000,0.000,0.000,0.000,,,,0.0500,5.000,0,0
1763667928.743442,15.089,0,0,0.000,0.00000,0.000,0.000,0.000,,,,0.0500,5.000,0,0
1763667928.809827,15.596,0,0,0.000,0.00000,0.000,0.000,0.000,,,,0.0500,5.000,0,0
1763667928.875961,14.548,0,0,0.000,0.00000,0.000,0.000,0.000,,,,0.0500,5.000,0,0
1763667928.949108,14.009,0,0,0.000,0.00000,0.000,0.000,0.000,,,,0.0500,5.000,0,0
1763667929.009478,16.437,0,0,0.000,0.00000,0.000,0.000,0.000,,,,0.0500,5.000,0,0
1763667929.074933,15.182,0,0,0.000,0.00000,0.000,0.000,0.000,,,,0.0500,5.000,0,0
1763667929.143791,14.747,0,0,0.000,0.00000,0.000,0.000,0.000,,,,0.0500,5.000,0,0
1763667929.207442,15.157,0,0,0.000,0.00000,0.000,0.000,0.000,,,,0.0500,5.000,0,0
1763667929.277200,15.027,0,0,0.000,0.00000,0.000,0.000,0.000,,,,0.0500,5.000,0,0
1763667929.357765,14.697,0,0,0.000,0.00000,0.000,0.000,0.000,,,,0.0500,5.000,0,0
1763667929.426531,15.165,0,0,0.000,0.00000,0.000,0.000,0.000,,,,0.0500,5.000,0,0
1763667929.494258,15.007,0,0,0.000,0.00000,0.000,0.000,0.000,,,,0.0500,5.000,0,0
1763667929.571437,14.370,0,0,0.000,0.00000,0.000,0.000,0.000,,,,0.0500,5.000,0,0
1763667929.782889,6.563,0,0,0.000,0.00000,0.000,0.000,0.000,,,,0.0500,5.000,0,0
1763667929.876242,6.851,0,0,0.000,0.00000,0.000,0.000,0.000,,,,0.0500,5.000,0,0
1763667930.017583,9.917,0,0,0.000,0.00000,0.000,0.000,0.000,,,,0.0500,5.000,0,0
1763667930.184367,6.045,0,0,0.000,0.00000,0.000,0.000,0.000,,,,0.0500,5.000,0,0
1763667930.327445,6.009,0,0,0.000,0.00000,0.000,0.000,0.000,,,,0.0500,5.000,0,0
1763667930.465261,7.471,0,0,0.000,0.00000,0.000,0.000,0.000,,,,0.0500,5.000,0,0
1763667930.893140,7.491,0,0,0.000,0.00000,0.000,0.000,0.000,,,,0.0500,5.000,0,0
1763667931.064055,2.304,0,0,0.000,0.00000,0.000,0.000,0.000,,,,0.0500,5.000,0,0
1763667931.206649,6.021,0,0,0.000,0.00000,0.000,0.000,0.000,,,,0.0500,5.000,0,0
1763667931.419004,4.994,0,0,0.000,0.00000,0.000,0.000,0.000,,,,0.0500,5.000,0,0
1763667931.647349,5.980,0,0,0.000,0.00000,0.000,0.000,0.000,,,,0.0500,5.000,0,0
1763667931.799014,4.991,0,0,0.000,0.00000,0.000,0.000,0.000,,,,0.0500,5.000,0,0
1763667931.955931,6.098,0,0,0.000,0.00000,0.000,0.000,0.000,,,,0.0500,5.000,0,0
1763667932.080349,6.117,0,0,0.000,0.00000,0.000,0.000,0.000,,,,0.0500,5.000,0,0
1763667932.187808,9.744,0,0,0.000,0.00000,0.000,0.000,0.000,,,,0.0500,5.000,0,0
1763668124.047453,38.244,4,4,36.552,1.83014,0.193,0.301,81.477,1003.0,0.7182,36.552,0.0500,5.000,0,0
1763668124.281976,4.278,7,7,34.272,2.63029,0.015,0.721,77.670,875.4,0.6350,34.272,0.0500,5.000,0,0
1763668124.584205,5.241,7,7,34.299,2.62412,0.015,0.724,74.880,875.4,0.6336,34.299,0.0500,5.000,0,0
1763668124.899535,2.993,7,7,34.296,2.63174,0.015,0.730,72.747,875.2,0.6346,34.296,0.0500,5.000,0,0
1763668125.062187,3.770,7,7,34.284,2.62707,0.015,0.732,71.296,875.5,0.6342,34.284,0.0500,5.000,0,0
1763668125.193253,7.422,7,7,34.244,2.62787,0.015,0.729,70.323,874.7,0.6345,34.244,0.0500,5.000,0,0
1763668125.328455,7.526,7,7,34.269,2.63716,0.015,0.723,69.686,874.8,0.6345,34.269,0.0500,5.000,0,0
1763668125.476922,7.603,7,7,34.274,2.64314,0.015,0.721,69.192,874.8,0.6350,34.274,0.0500,5.000,0,0
1763668125.634865,5.995,7,7,34.269,2.63653,0.015,0.719,68.873,875.1,0.6347,34.269,0.0500,5.000,0,0
1763668125.762283,7.524,7,7,34.286,2.63486,0.015,0.718,68.714,875.3,0.6345,34.286,0.0500,5.000,0,0
1763668125.895090,7.731,7,7,34.287,2.63671,0.015,0.721,68.554,874.8,0.6341,34.287,0.0500,5.000,0,0
1763668126.032228,7.240,7,7,34.262,2.64496,0.015,0.721,68.463,874.4,0.6347,34.262,0.0500,5.000,0,0
1763668126.160617,7.439,7,7,34.264,2.62758,0.015,0.724,68.391,874.3,0.6343,34.264,0.0500,5.000,0,0
1763668126.296510,7.293,7,7,34.259,2.42060,0.015,0.718,68.317,873.5,0.6827,34.259,0.0500,5.000,0,0
1763668126.435336,7.651,7,7,34.268,2.63055,0.015,0.726,68.215,874.2,0.6340,34.268,0.0500,5.000,0,0
1763668126.571152,7.182,7,7,34.291,2.63648,0.015,0.719,68.265,874.8,0.6344,34.291,0.0500,5.000,0,0
1763668126.696659,7.760,7,7,34.279,2.63103,0.015,0.724,68.216,875.2,0.6343,34.279,0.0500,5.000,0,0
1763668126.830612,7.507,7,7,34.289,2.63365,0.015,0.730,68.099,875.5,0.6348,34.289,0.0500,5.000,0,0
1763668126.962676,7.512,7,7,34.254,2.63368,0.014,0.733,68.039,873.2,0.6345,34.254,0.0500,5.000,0,0
1763668127.095164,7.511,7,7,34.323,2.63646,0.015,0.729,68.001,876.2,0.6342,34.323,0.0500,5.000,0,0
1763668127.232467,7.424,7,7,34.323,2.63048,0.015,0.724,68.072,878.0,0.6343,34.323,0.0500,5.000,0,0
1763668127.374992,7.671,7,7,34.327,2.64138,0.015,0.724,68.044,878.4,0.6346,34.327,0.0500,5.000,0,0
1763668127.540032,5.883,7,7,34.313,2.63985,0.015,0.732,68.022,877.4,0.6347,34.313,0.0500,5.000,0,0
1763668127.699200,6.068,7,7,34.333,2.64228,0.015,0.724,68.033,877.9,0.6345,34.333,0.0500,5.000,0,0
1763668127.836727,7.428,7,7,34.309,2.63854,0.015,0.718,68.121,877.7,0.6343,34.309,0.0500,5.000,0,0
1763668127.969913,7.542,7,7,34.308,2.64183,0.015,0.721,68.129,877.1,0.6345,34.308,0.0500,5.000,0,0
1763668128.109242,7.203,7,7,34.314,2.63610,0.015,0.722,68.175,877.2,0.6341,34.314,0.0500,5.000,0,0
1763668128.270425,6.145,7,7,34.282,2.63950,0.015,0.721,68.114,877.0,0.6354,34.282,0.0500,5.000,0,0
1763668128.414862,7.560,7,7,34.336,2.63600,0.015,0.718,68.208,878.5,0.6349,34.336,0.0500,5.000,0,0
1763668128.577820,5.991,7,7,34.311,2.64114,0.015,0.723,68.202,877.6,0.6345,34.311,0.0500,5.000,0,0
1763668128.733746,6.025,7,7,34.315,2.64563,0.015,0.725,68.146,877.7,0.6344,34.315,0.0500,5.000,0,0
1763668128.865257,7.540,7,7,34.355,2.64341,0.015,0.723,68.109,877.6,0.6340,34.355,0.0500,5.000,0,0
1763668129.012546,7.220,7,7,34.339,2.64690,0.015,0.716,68.096,878.2,0.6346,34.339,0.0500,5.000,0,0
1763668129.196784,5.202,7,7,34.319,2.64250,0.016,0.718,68.112,877.7,0.6340,34.319,0.0500,5.000,0,0
1763668129.380722,7.479,7,7,34.327,2.64512,0.016,0.714,68.148,878.0,0.6342,34.327,0.0500,5.000,0,0
1763668129.557553,4.989,7,7,34.329,2.64150,0.016,0.718,68.163,878.3,0.6342,34.329,0.0500,5.000,0,0
1763668130.144159,4.982,7,7,34.363,2.64364,0.015,0.718,68.183,878.7,0.6338,34.363,0.0500,5.000,0,0
1763668130.314721,1.773,7,7,34.329,2.64253,0.015,0.719,68.197,877.5,0.6341,34.329,0.0500,5.000,0,0
1763668130.482217,5.790,7,7,34.333,2.64102,0.015,0.718,68.230,878.2,0.6338,34.333,0.0500,5.000,0,0
1763668130.629096,6.055,7,7,34.299,2.64355,0.015,0.716,68.239,876.7,0.6345,34.299,0.0500,5.000,0,0
1763668130.762251,7.511,7,7,34.332,2.64277,0.015,0.718,68.216,876.8,0.6341,34.332,0.0500,5.000,0,0
1763668130.898801,7.362,7,7,34.320,2.64572,0.015,0.719,68.251,877.1,0.6342,34.320,0.0500,5.000,0,0
1763668131.027397,7.698,7,7,34.335,2.64812,0.015,0.717,68.258,877.5,0.6342,34.335,0.0500,5.000,0,0
1763668131.164826,7.375,7,7,34.322,2.64457,0.015,0.718,68.292,876.8,0.6345,34.322,0.0500,5.000,0,0
1763668131.293081,7.675,7,7,34.319,2.64666,0.015,0.718,68.312,876.4,0.6342,34.319,0.0500,5.000,0,0
1763668131.433656,7.367,7,7,34.312,2.64357,0.015,0.720,68.306,876.9,0.6342,34.312,0.0500,5.000,0,0
1763668131.568000,7.535,7,7,34.327,2.64054,0.015,0.717,68.381,876.5,0.6341,34.327,0.0500,5.000,0,0
1763668131.700628,7.468,7,7,34.340,2.64233,0.016,0.718,68.344,877.7,0.6344,34.340,0.0500,5.000,0,0
1763668131.830324,7.519,7,7,34.347,2.64227,0.015,0.718,68.344,877.1,0.6340,34.347,0.0500,5.000,0,0
1763668131.963112,7.529,7,7,34.355,2.64010,0.016,0.717,68.370,878.3,0.6335,34.355,0.0500,5.000,0,0
1763668132.097749,7.402,7,7,34.327,2.64311,0.015,0.719,68.318,877.5,0.6341,34.327,0.0500,5.000,0,0
1763668132.231942,7.558,7,7,34.317,2.64737,0.016,0.718,68.270,877.3,0.6343,34.317,0.0500,5.000,0,0
1763668132.361854,7.673,7,7,34.326,2.64414,0.015,0.720,68.259,876.9,0.6339,34.326,0.0500,5.000,0,0
1763668132.521734,7.368,7,7,34.321,2.64611,0.015,0.722,68.198,877.0,0.6340,34.321,0.0500,5.000,0,0
1763668132.660130,6.046,7,7,34.338,2.64528,0.015,0.720,68.200,877.6,0.6341,34.338,0.0500,5.000,0,0
1763668132.798984,7.343,7,7,34.349,2.64467,0.016,0.720,68.218,877.7,0.6335,34.349,0.0500,5.000,0,0
1763668132.927286,7.717,7,7,34.317,2.64976,0.015,0.721,68.177,877.0,0.6345,34.317,0.0500,5.000,0,0
1763668133.064797,7.364,7,7,34.328,2.65200,0.016,0.717,68.266,876.6,0.6333,34.328,0.0500,5.000,0,0
1763668133.199477,7.573,7,7,34.307,2.33972,0.016,0.702,68.266,877.2,0.5707,34.307,0.0500,5.000,0,0
1763668133.336877,7.378,7,7,34.357,2.64868,0.016,0.712,68.303,878.0,0.6344,34.357,0.0500,5.000,0,0
1763668133.465138,7.747,7,7,34.345,2.64787,0.016,0.714,68.336,877.4,0.6343,34.345,0.0500,5.000,0,0
1763668133.598086,7.464,7,7,34.330,2.64891,0.016,0.719,68.332,876.7,0.6337,34.330,0.0500,5.000,0,0
1763668133.733245,7.375,7,7,34.317,2.65005,0.016,0.717,68.331,876.7,0.6340,34.317,0.0500,5.000,0,0
1763668133.867137,7.454,7,7,34.341,2.64355,0.016,0.719,68.347,877.5,0.6339,34.341,0.0500,5.000,0,0
1763668133.995103,7.630,7,7,34.342,2.33922,0.016,0.706,68.347,877.4,0.5699,34.342,0.0500,5.000,0,0
1763668134.132767,7.318,7,7,34.324,2.65089,0.016,0.719,68.299,876.5,0.6341,34.324,0.0500,5.000,0,0
1763668134.260073,7.683,7,7,34.324,2.64386,0.016,0.718,68.315,877.0,0.6343,34.324,0.0500,5.000,0,0
1763668134.396391,7.373,7,7,34.310,2.64075,0.016,0.720,68.319,876.8,0.6343,34.310,0.0500,5.000,0,0
1763668134.523724,7.733,7,7,34.316,2.64119,0.015,0.722,68.325,876.7,0.6340,34.316,0.0500,5.000,0,0
1763668134.653540,7.929,7,7,34.308,2.64059,0.015,0.723,68.308,876.1,0.6339,34.308,0.0500,5.000,0,0
1763668134.785422,7.518,7,7,34.278,2.64314,0.015,0.721,68.281,875.9,0.6344,34.278,0.0500,5.000,0,0
1763668134.920737,7.397,7,7,34.307,2.64865,0.016,0.721,68.240,876.5,0.6341,34.307,0.0500,5.000,0,0
1763668135.063642,7.013,7,7,34.323,2.64368,0.016,0.721,68.214,876.3,0.6341,34.323,0.0500,5.000,0,0
1763668135.193770,7.583,7,7,34.330,2.64138,0.015,0.722,68.216,876.5,0.6338,34.330,0.0500,5.000,0,0
1763668135.327059,7.484,7,7,34.323,2.64098,0.015,0.724,68.162,876.5,0.6341,34.323,0.0500,5.000,0,0
1763668135.462296,7.506,7,7,34.320,2.64872,0.015,0.723,68.144,875.5,0.6335,34.320,0.0500,5.000,0,0
1763668135.592402,7.665,7,7,34.352,2.64819,0.015,0.724,68.169,876.5,0.6335,34.352,0.0500,5.000,0,0
1763668135.729383,7.266,7,7,34.337,2.64962,0.015,0.722,68.190,876.4,0.6337,34.337,0.0500,5.000,0,0
1763668135.858775,7.614,7,7,34.276,2.64097,0.015,0.723,68.191,875.7,0.6345,34.276,0.0500,5.000,0,0
1763668135.995996,7.388,7,7,34.283,2.63717,0.015,0.723,68.208,874.8,0.6339,34.283,0.0500,5.000,0,0
1763668136.125911,7.676,7,7,34.297,2.63696,0.015,0.725,68.178,875.6,0.6341,34.297,0.0500,5.000,0,0
1763668136.261873,7.341,7,7,34.285,2.64240,0.015,0.723,68.134,875.4,0.6340,34.285,0.0500,5.000,0,0
1763668136.392908,7.604,7,7,34.288,2.63782,0.016,0.723,68.087,875.9,0.6344,34.288,0.0500,5.000,0,0
1763668136.530959,7.321,7,7,34.300,2.64313,0.015,0.722,68.079,875.5,0.6340,34.300,0.0500,5.000,0,0
1763668136.663078,7.608,7,7,34.285,2.63989,0.015,0.721,68.101,875.9,0.6346,34.285,0.0500,5.000,0,0
1763668136.795202,7.522,7,7,34.304,2.63919,0.015,0.723,68.117,876.1,0.6342,34.304,0.0500,5.000,0,0
1763668136.928789,7.455,7,7,34.282,2.64315,0.016,0.720,68.142,875.7,0.6343,34.282,0.0500,5.000,0,0
1763668137.063337,7.557,7,7,34.298,2.64181,0.015,0.721,68.104,875.3,0.6340,34.298,0.0500,5.000,0,0
1763668137.194031,7.577,7,7,34.287,2.63568,0.016,0.718,68.120,875.5,0.6345,34.287,0.0500,5.000,0,0
1763668137.329000,7.370,7,7,34.283,2.33852,0.016,0.711,68.120,875.1,0.5702,34.283,0.0500,5.000,0,0
1763668137.458150,7.646,7,7,34.279,2.33875,0.016,0.708,68.120,875.3,0.5707,34.279,0.0500,5.000,0,0
1763668137.594941,7.393,7,7,34.320,2.63644,0.016,0.722,68.069,876.1,0.6340,34.320,0.0500,5.000,0,0
1763668137.728339,7.513,7,7,34.312,2.63811,0.015,0.720,68.030,876.1,0.6341,34.312,0.0500,5.000,0,0
1763668137.859737,7.532,7,7,34.287,2.33780,0.016,0.705,68.030,875.2,0.5702,34.287,0.0500,5.000,0,0
1763668137.996616,7.315,7,7,34.300,2.63388,0.016,0.719,68.067,875.1,0.6343,34.300,0.0500,5.000,0,0
1763668138.129109,7.619,7,7,34.292,2.63976,0.016,0.720,68.092,874.8,0.6339,34.292,0.0500,5.000,0,0
1763668138.262974,7.466,7,7,34.295,2.63865,0.015,0.723,68.064,875.0,0.6338,34.295,0.0500,5.000,0,0
1763668138.396638,7.444,7,7,34.281,2.33928,0.016,0.707,68.064,875.0,0.5706,34.281,0.0500,5.000,0,0
1763668138.527842,7.607,7,7,34.279,2.33892,0.016,0.712,68.064,875.2,0.5703,34.279,0.0500,5.000,0,0
1763668138.662430,7.467,7,7,34.286,2.33874,0.016,0.704,68.064,875.5,0.5705,34.286,0.0500,5.000,0,0
1763668138.797321,7.407,7,7,34.298,2.33959,0.016,0.704,68.064,875.6,0.5701,34.298,0.0500,5.000,0,0
1763668138.928408,7.601,7,7,34.289,2.63159,0.015,0.719,68.082,875.3,0.6343,34.289,0.0500,5.000,0,0
1763668139.063136,7.510,7,7,34.289,2.33797,0.016,0.705,68.082,875.2,0.5702,34.289,0.0500,5.000,0,0
1763668139.192295,7.686,7,7,34.287,2.33802,0.016,0.704,68.082,875.3,0.5702,34.287,0.0500,5.000,0,0
1763668139.327660,7.434,7,7,34.298,2.63596,0.016,0.719,68.139,875.2,0.6338,34.298,0.0500,5.000,0,0
1763668139.463308,7.394,7,7,34.297,2.33934,0.016,0.706,68.139,875.3,0.5702,34.297,0.0500,5.000,0,0
1763668139.593328,7.633,7,7,34.288,2.64056,0.016,0.724,68.083,874.6,0.6340,34.288,0.0500,5.000,0,0
1763668139.727642,7.488,7,7,34.272,2.33895,0.016,0.710,68.083,874.3,0.5707,34.272,0.0500,5.000,0,0
1763668139.861884,7.422,7,7,34.238,2.33854,0.016,0.708,68.083,874.5,0.5712,34.238,0.0500,5.000,0,0
1763668139.998223,7.395,7,7,34.287,2.33878,0.016,0.709,68.083,874.6,0.5702,34.287,0.0500,5.000,0,0
1763668140.125197,7.814,7,7,34.299,2.63621,0.015,0.721,68.076,875.7,0.6344,34.299,0.0500,5.000,0,0
1763668140.265075,7.193,7,7,34.294,2.63868,0.015,0.719,68.066,875.0,0.6350,34.294,0.0500,5.000,0,0
1763668140.393988,7.603,7,7,34.322,2.64030,0.015,0.723,67.974,875.9,0.6345,34.322,0.0500,5.000,0,0
1763668140.525701,7.602,7,7,34.292,2.63916,0.015,0.728,67.925,875.8,0.6345,34.292,0.0500,5.000,0,0
1763668140.664714,7.267,7,7,34.290,2.64342,0.015,0.727,67.893,875.2,0.6342,34.290,0.0500,5.000,0,0
1763668140.793985,7.657,7,7,34.293,2.64465,0.015,0.733,67.774,875.5,0.6346,34.293,0.0500,5.000,0,0
1763668140.931105,7.476,7,7,34.307,2.64000,0.015,0.728,67.797,875.6,0.6339,34.307,0.0500,5.000,0,0
1763668141.062784,7.571,7,7,34.317,2.63404,0.015,0.728,67.803,875.8,0.6338,34.317,0.0500,5.000,0,0
1763668141.193442,7.462,7,7,34.288,2.63356,0.015,0.726,67.811,875.3,0.6341,34.288,0.0500,5.000,0,0
1763668141.330147,7.409,7,7,34.296,2.64244,0.015,0.726,67.860,875.3,0.6346,34.296,0.0500,5.000,0,0
1763668141.462079,7.563,7,7,34.307,2.64580,0.015,0.729,67.763,875.3,0.6346,34.307,0.0500,5.000,0,0
1763668141.594085,7.559,7,7,34.291,2.64085,0.015,0.730,67.728,875.6,0.6347,34.291,0.0500,5.000,0,0
1763668141.727799,7.539,7,7,34.301,2.63791,0.015,0.732,67.714,875.7,0.6343,34.301,0.0500,5.000,0,0
1763668141.863113,7.344,7,7,34.278,2.64141,0.015,0.731,67.700,875.2,0.6349,34.278,0.0500,5.000,0,0
1763668141.994804,7.533,7,7,34.264,2.64254,0.015,0.729,67.700,875.2,0.6354,34.264,0.0500,5.000,0,0
1763668142.124784,7.654,7,7,34.290,2.64199,0.015,0.733,67.682,875.1,0.6349,34.290,0.0500,5.000,0,0
1763668142.262945,7.335,7,7,34.288,2.64554,0.015,0.732,67.654,875.6,0.6348,34.288,0.0500,5.000,0,0
1763668142.392671,7.722,7,7,34.293,2.64022,0.015,0.729,67.710,875.5,0.6351,34.293,0.0500,5.000,0,0
1763668142.529912,7.219,7,7,34.293,2.64539,0.015,0.732,67.678,875.8,0.6347,34.293,0.0500,5.000,0,0
1763668142.664392,7.605,7,7,34.287,2.64917,0.015,0.730,67.677,874.9,0.6342,34.287,0.0500,5.000,0,0
1763668142.797271,7.617,7,7,34.304,2.64480,0.015,0.730,67.656,875.6,0.6342,34.304,0.0500,5.000,0,0
1763668142.927271,7.547,7,7,34.276,2.64790,0.015,0.729,67.672,875.7,0.6348,34.276,0.0500,5.000,0,0
1763668143.064789,7.241,7,7,34.296,2.64630,0.015,0.730,67.688,875.6,0.6349,34.296,0.0500,5.000,0,0
1763668143.196628,7.661,7,7,34.280,2.64455,0.015,0.728,67.729,874.8,0.6344,34.280,0.0500,5.000,0,0
1763668143.328235,7.471,7,7,34.309,2.64682,0.015,0.728,67.725,875.5,0.6343,34.309,0.0500,5.000,0,0
1763668143.458992,7.734,7,7,34.291,2.64167,0.015,0.729,67.728,874.9,0.6344,34.291,0.0500,5.000,0,0
1763668143.601965,7.240,7,7,34.327,2.64820,0.015,0.729,67.743,876.4,0.6342,34.327,0.0500,5.000,0,0
1763668143.736222,7.553,7,7,34.314,2.64507,0.015,0.730,67.748,875.8,0.6343,34.314,0.0500,5.000,0,0
1763668143.862349,7.606,7,7,34.310,2.41722,0.015,0.724,67.807,875.9,0.6832,34.310,0.0500,5.000,0,0
1763668144.000576,7.331,7,7,34.287,2.64534,0.015,0.729,67.825,875.3,0.6343,34.287,0.0500,5.000,0,0
1763668144.130689,7.567,7,7,34.307,2.64374,0.015,0.728,67.797,875.0,0.6340,34.307,0.0500,5.000,0,0
1763668144.261190,7.516,7,7,34.305,2.64427,0.015,0.729,67.766,875.3,0.6345,34.305,0.0500,5.000,0,0
1763668144.395502,7.428,7,7,34.309,2.63942,0.015,0.726,67.854,875.7,0.6347,34.309,0.0500,5.000,0,0
1763668144.560885,6.042,7,7,34.319,2.41851,0.015,0.725,67.872,876.3,0.6837,34.319,0.0500,5.000,0,0
1763668144.696896,7.362,7,7,34.294,2.64681,0.015,0.727,67.878,875.3,0.6342,34.294,0.0500,5.000,0,0
1763668144.831865,7.582,7,7,34.297,2.64585,0.015,0.728,67.849,875.4,0.6339,34.297,0.0500,5.000,0,0
1763668144.964687,7.510,7,7,34.314,2.64532,0.015,0.726,67.807,875.7,0.6343,34.314,0.0500,5.000,0,0
1763668145.096408,7.569,7,7,34.313,2.64900,0.015,0.726,67.821,875.5,0.6338,34.313,0.0500,5.000,0,0
1763668145.230846,7.454,7,7,34.308,2.64363,0.015,0.723,67.874,875.6,0.6340,34.308,0.0500,5.000,0,0
1763668145.364416,7.523,7,7,34.317,2.64432,0.015,0.725,67.865,875.8,0.6340,34.317,0.0500,5.000,0,0
1763668145.495011,7.454,7,7,34.299,2.64807,0.015,0.726,67.865,875.2,0.6344,34.299,0.0500,5.000,0,0
1763668145.630101,7.505,7,7,34.308,2.41866,0.015,0.725,67.846,875.7,0.6832,34.308,0.0500,5.000,0,0
1763668145.763652,7.549,7,7,34.322,2.64263,0.015,0.729,67.833,875.6,0.6342,34.322,0.0500,5.000,0,0
1763668145.893352,7.583,7,7,34.291,2.63872,0.015,0.728,67.823,875.3,0.6340,34.291,0.0500,5.000,0,0
1763668146.035839,7.304,7,7,34.272,2.64488,0.015,0.731,67.767,874.3,0.6343,34.272,0.0500,5.000,0,0
1763668146.162554,7.620,7,7,34.310,2.64348,0.015,0.730,67.781,875.6,0.6344,34.310,0.0500,5.000,0,0
1763668146.296468,7.487,7,7,34.317,2.64828,0.015,0.731,67.745,875.2,0.6340,34.317,0.0500,5.000,0,0
1763668146.433646,7.420,7,7,34.314,2.64185,0.015,0.730,67.772,875.0,0.6338,34.314,0.0500,5.000,0,0
1763668146.566167,7.503,7,7,34.319,2.64495,0.015,0.728,67.793,875.3,0.6341,34.319,0.0500,5.000,0,0
1763668146.707075,7.336,7,7,34.304,2.41807,0.015,0.724,67.817,875.3,0.6833,34.304,0.0500,5.000,0,0
1763668146.865267,6.123,7,7,34.327,2.41711,0.015,0.725,67.793,876.0,0.6833,34.327,0.0500,5.000,0,0
1763668146.996346,7.530,7,7,34.308,2.64462,0.015,0.727,67.770,875.1,0.6339,34.308,0.0500,5.000,0,0
1763668147.129881,7.536,7,7,34.306,2.41823,0.015,0.724,67.796,875.2,0.6831,34.306,0.0500,5.000,0,0
1763668147.261943,7.526,7,7,34.303,2.65106,0.015,0.729,67.734,875.3,0.6340,34.303,0.0500,5.000,0,0
1763668147.396828,7.370,7,7,34.304,2.64842,0.015,0.732,67.643,875.3,0.6344,34.304,0.0500,5.000,0,0
1763668147.530496,7.565,7,7,34.312,2.65099,0.015,0.729,67.677,874.9,0.6339,34.312,0.0500,5.000,0,0
1763668147.658157,7.681,7,7,34.301,2.41890,0.015,0.725,67.674,875.0,0.6832,34.301,0.0500,5.000,0,0
1763668147.793029,7.408,7,7,34.297,2.41835,0.015,0.726,67.709,875.2,0.6839,34.297,0.0500,5.000,0,0
1763668147.927207,7.486,7,7,34.317,2.64361,0.015,0.733,67.689,875.6,0.6344,34.317,0.0500,5.000,0,0
1763668148.064979,7.392,7,7,34.321,2.64800,0.015,0.732,67.625,875.8,0.6342,34.321,0.0500,5.000,0,0
1763668148.198374,7.561,7,7,34.302,2.64760,0.015,0.730,67.633,876.0,0.6344,34.302,0.0500,5.000,0,0
1763668148.330613,7.436,7,7,34.313,2.64514,0.015,0.728,67.707,875.4,0.6340,34.313,0.0500,5.000,0,0
1763668148.461873,7.581,7,7,34.317,2.64931,0.015,0.732,67.658,874.6,0.6336,34.317,0.0500,5.000,0,0
1763668148.594394,7.487,7,7,34.309,2.64970,0.015,0.731,67.654,874.3,0.6339,34.309,0.0500,5.000,0,0
1763668148.730317,7.500,7,7,34.323,2.64568,0.015,0.730,67.667,874.9,0.6338,34.323,0.0500,5.000,0,0
1763668148.864508,7.484,7,7,34.317,2.64305,0.015,0.730,67.659,875.0,0.6334,34.317,0.0500,5.000,0,0
1763668148.995930,7.529,7,7,34.302,2.41794,0.015,0.726,67.595,875.0,0.6839,34.302,0.0500,5.000,0,0
1763668149.123001,7.700,7,7,34.317,2.41916,0.015,0.730,67.505,875.4,0.6833,34.317,0.0500,5.000,0,0
1763668149.259587,7.411,7,7,34.318,2.65316,0.015,0.731,67.462,875.6,0.6340,34.318,0.0500,5.000,0,0
1763668149.395695,7.353,7,7,34.313,2.41940,0.015,0.727,67.576,874.9,0.6832,34.313,0.0500,5.000,0,0
1763668149.530315,7.608,7,7,34.323,2.41936,0.015,0.727,67.657,875.4,0.6831,34.323,0.0500,5.000,0,0
1763668149.659593,7.522,7,7,34.318,2.64733,0.015,0.730,67.666,875.6,0.6338,34.318,0.0500,5.000,0,0
1763668149.793713,7.489,7,7,34.308,2.41889,0.015,0.728,67.727,875.2,0.6834,34.308,0.0500,5.000,0,0
1763668149.926857,7.556,7,7,34.290,2.64614,0.015,0.731,67.733,875.1,0.6345,34.290,0.0500,5.000,0,0
1763668150.061154,7.385,7,7,34.301,2.64577,0.015,0.733,67.697,874.6,0.6339,34.301,0.0500,5.000,0,0
1763668150.196199,7.453,7,7,34.274,2.64998,0.015,0.730,67.756,874.4,0.6345,34.274,0.0500,5.000,0,0
1763668150.321196,7.745,7,7,34.285,2.64950,0.015,0.728,67.825,874.8,0.6343,34.285,0.0500,5.000,0,0
1763668150.458948,7.313,7,7,34.303,2.41888,0.015,0.727,67.816,874.6,0.6833,34.303,0.0500,5.000,0,0
1763668150.594060,7.473,7,7,34.325,2.41935,0.015,0.727,67.850,875.1,0.6831,34.325,0.0500,5.000,0,0
1763668150.730268,7.438,7,7,34.299,2.64945,0.015,0.727,67.897,874.8,0.6341,34.299,0.0500,5.000,0,0
1763668150.862539,7.581,7,7,34.291,2.64713,0.015,0.728,67.890,874.7,0.6340,34.291,0.0500,5.000,0,0
1763668151.004728,7.438,7,7,34.373,2.41980,0.015,0.726,67.864,876.5,0.6825,34.373,0.0500,5.000,0,0
1763668151.161252,6.110,7,7,34.377,2.65340,0.015,0.728,67.830,877.6,0.6335,34.377,0.0500,5.000,0,0
1763668151.292793,7.476,7,7,34.353,2.41960,0.015,0.723,67.863,877.1,0.6827,34.353,0.0500,5.000,0,0
1763668151.428943,7.337,7,7,34.370,2.65510,0.015,0.727,67.882,877.1,0.6332,34.370,0.0500,5.000,0,0
1763668151.560541,7.613,7,7,34.345,2.64932,0.015,0.726,67.935,877.1,0.6331,34.345,0.0500,5.000,0,0
1763668151.695215,7.507,7,7,34.347,2.65317,0.015,0.728,67.871,877.3,0.6334,34.347,0.0500,5.000,0,0
1763668151.830044,7.424,7,7,34.329,2.65219,0.015,0.727,67.841,876.7,0.6341,34.329,0.0500,5.000,0,0
1763668151.960032,7.613,7,7,34.336,2.65392,0.015,0.726,67.803,876.8,0.6338,34.336,0.0500,5.000,0,0
1763668152.095252,7.426,7,7,34.349,2.65284,0.015,0.726,67.785,876.7,0.6335,34.349,0.0500,5.000,0,0
1763668152.226531,7.493,7,7,34.333,2.65390,0.015,0.725,67.797,876.8,0.6336,34.333,0.0500,5.000,0,0
1763668152.362761,7.489,7,7,34.363,2.65286,0.015,0.726,67.854,876.7,0.6330,34.363,0.0500,5.000,0,0
1763668152.496111,7.531,7,7,34.359,2.42126,0.015,0.725,67.826,876.8,0.6829,34.359,0.0500,5.000,0,0
1763668152.628918,7.414,7,7,34.369,2.42076,0.015,0.723,67.877,877.2,0.6827,34.369,0.0500,5.000,0,0
1763668152.760827,7.594,7,7,34.361,2.65079,0.015,0.726,67.875,877.0,0.6337,34.361,0.0500,5.000,0,0
1763668152.895776,7.462,7,7,34.318,2.41765,0.015,0.721,67.887,876.4,0.6836,34.318,0.0500,5.000,0,0
1763668153.027480,7.532,7,7,34.354,2.65614,0.015,0.727,67.861,877.3,0.6341,34.354,0.0500,5.000,0,0
1763668153.160519,7.439,7,7,34.359,2.41943,0.015,0.720,67.929,876.5,0.6833,34.359,0.0500,5.000,0,0
1763668153.298199,7.558,7,7,34.348,2.41922,0.015,0.721,67.953,876.2,0.6832,34.348,0.0500,5.000,0,0
1763668153.428065,7.611,7,7,34.328,2.41822,0.015,0.722,67.930,876.3,0.6831,34.328,0.0500,5.000,0,0
1763668153.564975,7.385,7,7,34.356,2.65572,0.015,0.727,67.901,877.2,0.6338,34.356,0.0500,5.000,0,0
1763668153.695526,7.620,7,7,34.378,2.65807,0.015,0.730,67.865,877.5,0.6333,34.378,0.0500,5.000,0,0
1763668153.834443,7.240,7,7,34.367,2.42042,0.015,0.723,67.874,876.6,0.6828,34.367,0.0500,5.000,0,0
1763668153.965661,7.650,7,7,34.344,2.65602,0.015,0.726,67.838,877.0,0.6336,34.344,0.0500,5.000,0,0
1763668154.099303,7.544,7,7,34.342,2.64405,0.015,0.724,67.867,876.6,0.6338,34.342,0.0500,5.000,0,0
1763668154.227815,7.453,7,7,34.292,2.64562,0.015,0.725,67.790,875.8,0.6348,34.292,0.0500,5.000,0,0
1763668154.361222,7.542,7,7,34.255,2.64632,0.015,0.731,67.730,875.6,0.6341,34.255,0.0500,5.000,0,0
1763668154.493528,7.486,7,7,34.222,2.64121,0.015,0.726,67.757,874.9,0.6348,34.222,0.0500,5.000,0,0
1763668154.628804,7.468,7,7,34.230,2.64202,0.015,0.722,67.798,874.6,0.6354,34.230,0.0500,5.000,0,0
1763668154.759603,7.601,7,7,34.258,2.64353,0.015,0.723,67.854,875.0,0.6346,34.258,0.0500,5.000,0,0
1763668154.898095,7.389,7,7,34.251,2.63816,0.015,0.722,67.916,874.8,0.6351,34.251,0.0500,5.000,0,0
1763668155.025577,7.611,7,7,34.232,2.64085,0.015,0.723,67.901,875.1,0.6353,34.232,0.0500,5.000,0,0
1763668155.163105,7.379,7,7,34.256,2.63914,0.015,0.725,67.895,874.7,0.6346,34.256,0.0500,5.000,0,0
1763668155.298037,7.391,7,7,34.250,2.64011,0.015,0.720,67.859,875.3,0.6350,34.250,0.0500,5.000,0,0
1763668155.426935,7.506,7,7,34.260,2.64702,0.015,0.727,67.736,872.5,0.6343,34.260,0.0500,5.000,0,0
1763668155.551884,7.570,5,5,35.893,2.19884,0.133,0.268,78.808,958.3,0.7351,35.893,0.0500,5.000,0,0
1763668155.695687,7.373,7,7,34.326,2.64506,0.016,0.718,75.912,874.7,0.6345,34.326,0.0500,5.000,0,0
1763668155.826793,7.658,7,7,34.291,2.64660,0.015,0.719,73.766,874.6,0.6341,34.291,0.0500,5.000,0,0
1763668155.960082,7.531,7,7,34.321,2.48763,0.015,0.731,71.967,875.7,0.6838,34.321,0.0500,5.000,0,0
1763668156.093131,7.507,7,7,34.301,2.64876,0.015,0.717,70.864,874.9,0.6335,34.301,0.0500,5.000,0,0
1763668156.225644,7.599,7,7,34.321,2.65420,0.015,0.722,70.003,876.5,0.6341,34.321,0.0500,5.000,0,0
1763668156.364013,7.335,7,7,34.297,2.65349,0.015,0.726,69.336,876.4,0.6345,34.297,0.0500,5.000,0,0
1763668156.491223,7.751,7,7,34.306,2.34532,0.016,0.712,69.336,875.5,0.5701,34.306,0.0500,5.000,0,0
1763668156.631800,7.246,7,7,34.288,2.65415,0.015,0.725,68.922,875.5,0.6342,34.288,0.0500,5.000,0,0
1763668156.761181,7.618,7,7,34.306,2.65465,0.015,0.727,68.629,875.9,0.6340,34.306,0.0500,5.000,0,0
1763668156.896083,7.367,7,7,34.367,2.65984,0.015,0.729,68.275,877.6,0.6347,34.367,0.0500,5.000,0,0
1763668157.028470,7.652,7,7,34.377,2.66184,0.015,0.726,68.021,878.8,0.6346,34.377,0.0500,5.000,0,0
1763668157.166602,7.473,7,7,34.385,2.65043,0.015,0.726,67.869,879.3,0.6347,34.385,0.0500,5.000,0,0
1763668157.297292,7.487,7,7,34.373,2.41564,0.015,0.726,67.664,879.6,0.6846,34.373,0.0500,5.000,0,0
1763668157.436515,7.038,7,7,34.403,2.39321,0.015,0.728,67.565,879.8,0.6838,34.403,0.0500,5.000,0,0
1763668157.562865,8.090,7,7,34.384,2.64683,0.015,0.728,67.503,879.2,0.6348,34.384,0.0500,5.000,0,0
1763668157.691947,7.467,7,7,34.361,2.41860,0.015,0.721,67.721,878.0,0.6832,34.361,0.0500,5.000,0,0
1763668157.926036,4.357,7,7,34.385,2.41697,0.015,0.724,67.808,878.3,0.6836,34.385,0.0500,5.000,0,0
1763668158.047635,7.866,7,7,34.360,2.64938,0.015,0.717,67.905,878.3,0.6346,34.360,0.0500,5.000,0,0
1763668158.181824,7.481,7,7,34.350,2.64487,0.015,0.719,68.004,877.0,0.6328,34.350,0.0500,5.000,0,0
1763668158.315880,7.501,7,7,34.325,2.63637,0.015,0.724,67.985,877.0,0.6338,34.325,0.0500,5.000,0,0
1763668168.482045,26.549,7,7,34.382,2.48648,0.015,0.726,71.981,880.0,0.6846,34.382,0.0500,5.000,0,0
1763668168.676313,3.979,7,7,34.350,2.41584,0.015,0.718,83.547,877.8,0.6833,34.350,0.0500,5.000,0,0
1763668168.832959,5.560,7,7,34.364,2.41565,0.015,0.715,88.238,878.7,0.6840,34.364,0.0500,5.000,0,0
1763668168.998773,7.611,7,7,34.344,2.41575,0.016,0.711,88.238,878.1,0.6837,34.344,0.0500,5.000,0,0
1763668169.294145,4.596,7,7,34.324,2.63526,0.016,0.722,84.455,877.4,0.6334,34.324,0.0500,5.000,0,0
1763668169.540096,3.502,7,7,34.343,2.41737,0.015,0.714,84.455,877.0,0.6835,34.343,0.0500,5.000,0,0
1763668169.770999,4.231,7,7,34.332,2.63050,0.016,0.715,81.824,878.1,0.6345,34.332,0.0500,5.000,0,0
1763668169.911799,5.041,7,7,34.331,2.41683,0.016,0.712,77.717,877.9,0.6839,34.331,0.0500,5.000,0,0
1763668170.067305,6.160,7,7,34.295,2.41781,0.016,0.712,74.930,876.6,0.6839,34.295,0.0500,5.000,0,0
1763668170.205022,7.209,7,7,34.302,2.63637,0.016,0.716,74.900,876.2,0.6347,34.302,0.0500,5.000,0,0
1763668170.340365,7.392,7,7,34.328,2.63102,0.016,0.719,74.764,877.4,0.6340,34.328,0.0500,5.000,0,0
1763668170.465289,7.858,7,7,34.354,2.63129,0.016,0.721,74.684,879.5,0.6342,34.354,0.0500,5.000,0,0
1763668170.604201,7.310,7,7,34.369,2.63060,0.016,0.721,74.647,879.3,0.6337,34.369,0.0500,5.000,0,0
1763668170.759824,6.369,7,7,34.335,2.63226,0.016,0.718,74.627,879.2,0.6353,34.335,0.0500,5.000,0,0
1763668170.896632,7.332,7,7,34.390,2.63356,0.016,0.720,74.604,879.5,0.6340,34.390,0.0500,5.000,0,0
1763668171.063969,5.954,7,7,34.383,2.63386,0.016,0.719,74.611,879.8,0.6345,34.383,0.0500,5.000,0,0
1763668171.196893,7.459,7,7,34.390,2.63422,0.015,0.724,74.529,879.3,0.6341,34.390,0.0500,5.000,0,0
1763668171.332796,7.503,7,7,34.375,2.63355,0.016,0.721,74.565,879.2,0.6346,34.375,0.0500,5.000,0,0
1763668171.461621,7.758,7,7,34.371,2.63155,0.015,0.722,74.598,878.8,0.6342,34.371,0.0500,5.000,0,0
1763668171.591357,7.656,7,7,34.382,2.63179,0.015,0.720,74.629,878.6,0.6338,34.382,0.0500,5.000,0,0
1763668171.737149,6.867,7,7,34.374,2.63392,0.016,0.716,74.682,880.2,0.6349,34.374,0.0500,5.000,0,0
1763668171.867455,7.578,7,7,34.375,2.63193,0.016,0.716,74.750,879.4,0.6347,34.375,0.0500,5.000,0,0
1763668172.005988,7.328,7,7,34.369,2.63780,0.016,0.717,74.691,879.7,0.6348,34.369,0.0500,5.000,0,0
1763668172.136061,7.541,7,7,34.367,2.63462,0.016,0.721,74.560,879.5,0.6350,34.367,0.0500,5.000,0,0
1763668172.270320,7.549,7,7,34.356,2.63814,0.015,0.720,74.529,879.2,0.6349,34.356,0.0500,5.000,0,0
1763668172.402519,7.570,7,7,34.354,2.63096,0.016,0.718,74.584,879.1,0.6349,34.354,0.0500,5.000,0,0
1763668172.533929,7.547,7,7,34.364,2.41814,0.015,0.717,72.528,879.3,0.6834,34.364,0.0500,5.000,0,0
1763668172.668065,7.404,7,7,34.363,2.41705,0.015,0.718,71.098,879.4,0.6841,34.363,0.0500,5.000,0,0
1763668172.803974,7.549,7,7,34.344,2.63827,0.015,0.721,71.923,878.9,0.6349,34.344,0.0500,5.000,0,0
1763668172.936753,7.366,7,7,34.348,2.63762,0.015,0.722,72.495,878.7,0.6354,34.348,0.0500,5.000,0,0
1763668173.070119,7.688,7,7,34.343,2.63524,0.015,0.721,72.956,879.3,0.6352,34.343,0.0500,5.000,0,0
1763668173.204475,7.372,7,7,34.329,2.63991,0.015,0.720,73.268,878.8,0.6354,34.329,0.0500,5.000,0,0
1763668173.336863,7.522,7,7,34.347,2.41812,0.015,0.717,71.599,879.2,0.6845,34.347,0.0500,5.000,0,0
1763668173.479722,7.478,7,7,34.331,2.41771,0.015,0.717,70.489,879.0,0.6844,34.331,0.0500,5.000,0,0
1763668173.637366,5.981,7,7,34.318,2.41851,0.015,0.716,69.705,878.9,0.6844,34.318,0.0500,5.000,0,0
1763668173.772475,7.546,7,7,34.335,2.63811,0.015,0.723,70.818,878.4,0.6349,34.335,0.0500,5.000,0,0
1763668173.905175,7.529,7,7,34.346,2.64001,0.015,0.721,71.745,878.5,0.6347,34.346,0.0500,5.000,0,0
1763668174.040359,7.510,7,7,34.398,2.63689,0.015,0.727,72.391,879.9,0.6353,34.398,0.0500,5.000,0,0
1763668174.168734,7.701,7,7,34.361,2.63537,0.015,0.727,72.782,879.5,0.6357,34.361,0.0500,5.000,0,0
1763668174.304002,7.436,7,7,34.355,2.63616,0.015,0.726,73.100,879.4,0.6353,34.355,0.0500,5.000,0,0
1763668174.438036,7.439,7,7,34.358,2.63911,0.015,0.726,73.314,880.0,0.6356,34.358,0.0500,5.000,0,0
1763668174.571172,7.422,7,7,34.363,2.63649,0.015,0.731,73.365,879.6,0.6356,34.363,0.0500,5.000,0,0
1763668174.702760,7.497,7,7,34.340,2.64379,0.015,0.730,73.411,879.4,0.6357,34.340,0.0500,5.000,0,0
1763668174.838139,7.488,7,7,34.353,2.63430,0.015,0.728,73.533,879.6,0.6355,34.353,0.0500,5.000,0,0
1763668174.969413,7.509,7,7,34.381,2.62792,0.015,0.728,73.631,879.6,0.6347,34.381,0.0500,5.000,0,0
1763668175.099984,7.639,7,7,34.352,2.40880,0.015,0.727,71.676,879.5,0.6845,34.352,0.0500,5.000,0,0
1763668175.233810,7.393,7,7,34.351,2.63919,0.015,0.729,72.232,879.5,0.6349,34.351,0.0500,5.000,0,0
1763668175.365974,7.583,7,7,34.356,2.63338,0.015,0.728,72.650,879.2,0.6352,34.356,0.0500,5.000,0,0
1763668175.502069,7.392,7,7,34.317,2.63648,0.015,0.723,73.053,878.7,0.6358,34.317,0.0500,5.000,0,0
1763668175.672602,6.718,7,7,34.353,2.63260,0.015,0.726,73.288,879.5,0.6355,34.353,0.0500,5.000,0,0
1763668175.801401,6.677,7,7,34.362,2.64065,0.015,0.733,73.296,879.5,0.6357,34.362,0.0500,5.000,0,0
1763668175.937747,7.397,7,7,34.330,2.64813,0.015,0.730,73.336,879.2,0.6359,34.330,0.0500,5.000,0,0
1763668176.066446,7.738,7,7,34.353,2.64400,0.015,0.730,73.359,879.6,0.6357,34.353,0.0500,5.000,0,0
1763668176.203160,7.317,7,7,34.349,2.41585,0.015,0.723,71.524,880.0,0.6849,34.349,0.0500,5.000,0,0
1763668176.336969,7.443,7,7,34.336,2.49415,0.015,0.728,70.264,879.7,0.6845,34.336,0.0500,5.000,0,0
1763668176.469965,7.507,7,7,34.337,2.49543,0.015,0.730,69.435,879.4,0.6838,34.337,0.0500,5.000,0,0
1763668176.602880,7.509,7,7,34.370,2.49328,0.014,0.731,68.818,879.6,0.6842,34.370,0.0500,5.000,0,0
1763668176.735228,7.519,7,7,34.374,2.49276,0.015,0.728,68.467,879.3,0.6840,34.374,0.0500,5.000,0,0
1763668176.870263,7.510,7,7,34.381,2.49211,0.015,0.725,68.246,879.6,0.6843,34.381,0.0500,5.000,0,0
1763668177.002109,7.493,7,7,34.387,2.63966,0.015,0.729,69.622,880.1,0.6355,34.387,0.0500,5.000,0,0
1763668177.139500,7.423,7,7,34.356,2.63828,0.015,0.730,70.669,879.6,0.6361,34.356,0.0500,5.000,0,0
1763668177.269282,7.582,7,7,34.369,2.63912,0.015,0.731,71.375,879.9,0.6355,34.369,0.0500,5.000,0,0
1763668177.402877,7.565,7,7,34.384,2.63603,0.015,0.730,72.008,879.0,0.6348,34.384,0.0500,5.000,0,0
1763668177.534004,7.495,7,7,34.394,2.63935,0.015,0.731,72.455,879.4,0.6351,34.394,0.0500,5.000,0,0
1763668177.670305,7.385,7,7,34.372,2.64059,0.015,0.731,72.794,879.3,0.6353,34.372,0.0500,5.000,0,0
1763668177.803718,7.528,7,7,34.363,2.63627,0.015,0.725,73.146,879.3,0.6354,34.363,0.0500,5.000,0,0
1763668177.938401,7.523,7,7,34.378,2.64201,0.015,0.729,73.304,880.4,0.6351,34.378,0.0500,5.000,0,0
1763668178.320059,5.632,7,7,34.355,2.63980,0.015,0.730,73.376,879.8,0.6359,34.355,0.0500,5.000,0,0
1763668178.531150,2.800,7,7,34.360,2.63974,0.015,0.731,73.471,879.1,0.6353,34.360,0.0500,5.000,0,0
1763668178.688695,4.991,7,7,34.359,2.63848,0.015,0.728,73.585,879.2,0.6361,34.359,0.0500,5.000,0,0
1763668178.847417,5.942,7,7,34.370,2.64264,0.015,0.731,73.687,879.0,0.6349,34.370,0.0500,5.000,0,0
1763668178.972913,7.683,7,7,34.347,2.64359,0.015,0.730,73.699,879.0,0.6356,34.347,0.0500,5.000,0,0
1763668179.101961,7.533,7,7,34.350,2.63983,0.015,0.729,73.729,879.2,0.6354,34.350,0.0500,5.000,0,0
1763668179.236470,7.440,7,7,34.359,2.64129,0.015,0.731,73.737,879.1,0.6348,34.359,0.0500,5.000,0,0
1763668179.366570,7.597,7,7,34.364,2.64471,0.015,0.727,73.767,879.7,0.6355,34.364,0.0500,5.000,0,0
1763668179.502046,7.420,7,7,34.338,2.64526,0.015,0.732,73.708,878.7,0.6354,34.338,0.0500,5.000,0,0
1763668179.636981,7.448,7,7,34.324,2.49585,0.015,0.727,71.715,878.7,0.6847,34.324,0.0500,5.000,0,0
1763668179.770783,7.536,7,7,34.339,2.64267,0.015,0.733,72.192,879.2,0.6354,34.339,0.0500,5.000,0,0
1763668179.903470,7.531,7,7,34.352,2.49899,0.015,0.727,70.727,879.1,0.6842,34.352,0.0500,5.000,0,0
1763668180.037194,7.488,7,7,34.324,2.64505,0.015,0.734,71.459,878.5,0.6352,34.324,0.0500,5.000,0,0
1763668180.171838,7.402,7,7,34.303,2.49983,0.015,0.729,70.196,877.8,0.6843,34.303,0.0500,5.000,0,0
1763668180.302747,7.644,7,7,34.317,2.49721,0.015,0.726,69.353,878.6,0.6848,34.317,0.0500,5.000,0,0
1763668180.435811,7.471,7,7,34.336,2.49783,0.014,0.731,68.785,878.4,0.6839,34.336,0.0500,5.000,0,0
1763668180.569386,7.489,7,7,34.317,2.41768,0.015,0.730,68.397,878.8,0.6845,34.317,0.0500,5.000,0,0
1763668180.700672,7.536,7,7,34.354,2.49464,0.015,0.727,68.135,880.1,0.6847,34.354,0.0500,5.000,0,0
1763668180.835520,7.434,7,7,34.353,2.40991,0.015,0.724,68.008,879.2,0.6845,34.353,0.0500,5.000,0,0
1763668180.969189,7.601,7,7,34.334,2.64288,0.014,0.734,69.422,878.7,0.6350,34.334,0.0500,5.000,0,0
1763668181.104529,7.456,7,7,34.349,2.49562,0.015,0.726,68.889,879.0,0.6843,34.349,0.0500,5.000,0,0
1763668181.237633,7.451,7,7,34.334,2.39889,0.015,0.727,68.508,878.4,0.6842,34.334,0.0500,5.000,0,0
1763668181.368584,7.533,7,7,34.354,2.49921,0.015,0.729,68.206,878.7,0.6838,34.354,0.0500,5.000,0,0
1763668181.501637,7.512,7,7,34.334,2.42017,0.015,0.729,67.971,879.1,0.6842,34.334,0.0500,5.000,0,0
1763668181.636167,7.487,7,7,34.324,2.49821,0.014,0.730,67.847,878.6,0.6843,34.324,0.0500,5.000,0,0
1763668181.770365,7.498,7,7,34.329,2.49386,0.015,0.729,67.808,878.3,0.6844,34.329,0.0500,5.000,0,0
1763668181.902544,7.481,7,7,34.338,2.49590,0.015,0.725,67.829,878.6,0.6848,34.338,0.0500,5.000,0,0
1763668182.036642,7.508,7,7,34.342,2.49523,0.015,0.729,67.744,879.0,0.6845,34.342,0.0500,5.000,0,0
1763668182.173632,7.295,7,7,34.337,2.49527,0.015,0.727,67.736,878.6,0.6842,34.337,0.0500,5.000,0,0
1763668182.300876,7.781,7,7,34.321,2.64375,0.015,0.733,69.230,878.1,0.6354,34.321,0.0500,5.000,0,0
1763668182.436881,7.462,7,7,34.339,2.49870,0.015,0.729,68.778,878.3,0.6838,34.339,0.0500,5.000,0,0
1763668182.569884,7.505,7,7,34.325,2.64287,0.015,0.733,70.039,877.9,0.6349,34.325,0.0500,5.000,0,0
1763668182.704850,7.395,7,7,34.342,2.64518,0.015,0.729,71.096,878.2,0.6347,34.342,0.0500,5.000,0,0
1763668182.837280,7.527,7,7,34.308,2.63966,0.015,0.727,71.905,878.3,0.6350,34.308,0.0500,5.000,0,0
1763668182.965402,7.690,7,7,34.334,2.64985,0.015,0.729,72.455,878.5,0.6349,34.334,0.0500,5.000,0,0
1763668183.103567,7.426,7,7,34.346,2.64140,0.015,0.732,72.782,878.7,0.6343,34.346,0.0500,5.000,0,0
1763668183.235493,7.458,7,7,34.342,2.64461,0.015,0.732,73.002,878.8,0.6350,34.342,0.0500,5.000,0,0
1763668183.368677,7.533,7,7,34.348,2.64427,0.015,0.730,73.232,878.9,0.6351,34.348,0.0500,5.000,0,0
1763668183.499470,7.645,7,7,34.342,2.63961,0.015,0.733,73.342,878.1,0.6349,34.342,0.0500,5.000,0,0
1763668183.637528,7.415,7,7,34.321,2.63758,0.015,0.732,73.432,878.7,0.6348,34.321,0.0500,5.000,0,0
1763668183.771893,7.452,7,7,34.329,2.64380,0.015,0.732,73.483,878.5,0.6355,34.329,0.0500,5.000,0,0
1763668183.902489,7.640,7,7,34.339,2.63556,0.015,0.734,73.498,878.4,0.6351,34.339,0.0500,5.000,0,0
1763668184.071646,6.000,7,7,34.331,2.64272,0.015,0.733,73.469,878.3,0.6357,34.331,0.0500,5.000,0,0
1763668184.207731,7.309,7,7,34.301,2.64822,0.015,0.732,73.502,878.1,0.6357,34.301,0.0500,5.000,0,0
1763668184.338572,7.673,7,7,34.298,2.64261,0.015,0.735,73.495,878.0,0.6349,34.298,0.0500,5.000,0,0
1763668184.472274,7.542,7,7,34.303,2.64774,0.015,0.730,73.567,877.5,0.6354,34.303,0.0500,5.000,0,0
1763668184.604494,7.340,7,7,34.283,2.64635,0.015,0.733,73.534,878.0,0.6351,34.283,0.0500,5.000,0,0
1763668184.735484,7.564,7,7,34.331,2.64722,0.015,0.732,73.579,878.9,0.6353,34.331,0.0500,5.000,0,0
1763668184.867667,7.558,7,7,34.345,2.64264,0.015,0.729,73.656,878.8,0.6355,34.345,0.0500,5.000,0,0
1763668185.006874,7.324,7,7,34.365,2.40876,0.015,0.730,71.652,878.9,0.6842,34.365,0.0500,5.000,0,0
1763668185.133689,7.671,7,7,34.381,2.63930,0.015,0.730,72.257,879.3,0.6348,34.381,0.0500,5.000,0,0
1763668185.267782,7.484,7,7,34.362,2.40849,0.015,0.722,70.859,879.7,0.6846,34.362,0.0500,5.000,0,0
1763668185.403592,7.353,7,7,34.341,2.41074,0.015,0.725,69.843,879.9,0.6846,34.341,0.0500,5.000,0,0
1763668185.533479,7.699,7,7,34.345,2.49593,0.015,0.724,69.211,879.9,0.6847,34.345,0.0500,5.000,0,0
1763668185.670053,7.354,7,7,34.351,2.39629,0.015,0.725,68.786,879.5,0.6846,34.351,0.0500,5.000,0,0
1763668185.801010,7.490,7,7,34.351,2.49296,0.015,0.726,68.457,879.8,0.6841,34.351,0.0500,5.000,0,0
1763668185.934992,7.512,7,7,34.342,2.39520,0.015,0.726,68.199,879.7,0.6847,34.342,0.0500,5.000,0,0
1763668186.067986,7.555,7,7,34.355,2.49268,0.015,0.726,68.006,879.7,0.6852,34.355,0.0500,5.000,0,0
1763677911.610409,144.926,7,7,33.929,2.64963,0.015,0.715,76.814,852.8,0.6289,33.929,0.0500,5.000,0,0
1763677912.205126,4.331,7,7,33.937,2.66151,0.015,0.718,85.372,852.0,0.6289,33.937,0.0500,5.000,0,0
1763677912.416909,1.759,7,7,33.901,2.66709,0.015,0.718,88.533,850.5,0.6294,33.901,0.0500,5.000,0,0
1763677912.604533,5.451,7,7,33.969,2.65997,0.015,0.718,84.130,851.7,0.6285,33.969,0.0500,5.000,0,0
1763677913.059718,5.010,7,7,33.927,2.65712,0.015,0.714,81.010,850.8,0.6291,33.927,0.0500,5.000,0,0
1763677913.226116,2.221,7,7,33.928,2.65596,0.015,0.714,78.824,851.2,0.6285,33.928,0.0500,5.000,0,0
1763677913.389611,6.013,7,7,33.946,2.66118,0.016,0.715,77.249,850.7,0.6286,33.946,0.0500,5.000,0,0
1763677913.524908,7.463,7,7,33.932,2.65931,0.015,0.714,76.127,850.6,0.6290,33.932,0.0500,5.000,0,0
1763677913.650258,7.524,7,7,33.920,2.66079,0.015,0.713,75.305,850.8,0.6292,33.920,0.0500,5.000,0,0
1763677913.782557,7.349,7,7,33.926,2.66524,0.015,0.715,74.704,851.0,0.6292,33.926,0.0500,5.000,0,0
1763677913.914936,7.534,7,7,33.931,2.65945,0.016,0.711,74.343,850.8,0.6290,33.931,0.0500,5.000,0,0
1763677914.051513,7.387,7,7,33.908,2.66780,0.015,0.715,73.956,850.6,0.6291,33.908,0.0500,5.000,0,0
1763677914.182643,7.488,7,7,33.916,2.66213,0.015,0.714,73.693,850.7,0.6286,33.916,0.0500,5.000,0,0
1763677914.317919,7.519,7,7,33.921,2.66194,0.015,0.714,73.485,850.5,0.6282,33.921,0.0500,5.000,0,0
1763677914.453949,7.402,7,7,33.926,2.66590,0.015,0.714,73.329,851.0,0.6284,33.926,0.0500,5.000,0,0
1763677914.586378,7.591,7,7,33.924,2.66455,0.016,0.711,73.271,851.2,0.6287,33.924,0.0500,5.000,0,0
1763677914.717102,7.511,7,7,33.936,2.65657,0.015,0.711,73.306,851.2,0.6287,33.936,0.0500,5.000,0,0
1763677914.851002,7.413,7,7,33.926,2.65935,0.015,0.713,73.337,850.8,0.6295,33.926,0.0500,5.000,0,0
1763677914.985233,7.566,7,7,33.917,2.66082,0.016,0.713,73.300,850.7,0.6289,33.917,0.0500,5.000,0,0
1763677915.119424,7.454,7,7,33.920,2.65882,0.016,0.713,73.214,850.7,0.6287,33.920,0.0500,5.000,0,0
1763677915.252775,7.506,7,7,33.930,2.65793,0.015,0.714,73.170,850.3,0.6281,33.930,0.0500,5.000,0,0
1763677915.386095,7.585,7,7,33.921,2.65517,0.016,0.712,73.161,850.6,0.6289,33.921,0.0500,5.000,0,0
1763677915.517861,7.512,7,7,33.924,2.65372,0.016,0.706,73.263,850.8,0.6282,33.924,0.0500,5.000,0,0
1763677915.651271,7.388,7,7,33.895,2.38511,0.016,0.692,73.263,850.3,0.5528,33.895,0.0500,5.000,0,0
1763677915.784876,7.518,7,7,33.894,2.38573,0.017,0.691,73.263,850.2,0.5532,33.894,0.0500,5.000,0,0
1763677915.917866,7.536,7,7,33.903,2.28603,0.016,0.681,73.263,850.4,0.6233,33.903,0.0500,5.000,0,0
1763677916.057446,7.250,7,7,33.897,2.65753,0.016,0.707,73.350,850.6,0.6291,33.897,0.0500,5.000,0,0
1763677916.185328,7.749,7,7,33.874,2.65052,0.016,0.709,73.326,850.3,0.6296,33.874,0.0500,5.000,0,0
1763677916.319352,7.510,7,7,33.899,2.64949,0.016,0.708,73.330,850.5,0.6290,33.899,0.0500,5.000,0,0
1763677916.451903,7.498,7,7,33.895,2.64824,0.016,0.709,73.339,849.9,0.6283,33.895,0.0500,5.000,0,0
1763677916.586844,7.452,7,7,33.879,2.65275,0.016,0.708,73.414,849.1,0.6284,33.879,0.0500,5.000,0,0
1763677916.720059,7.526,7,7,33.871,2.64550,0.016,0.708,73.447,849.9,0.6290,33.871,0.0500,5.000,0,0
1763677916.853468,7.525,7,7,33.883,2.38502,0.016,0.692,73.447,850.1,0.5523,33.883,0.0500,5.000,0,0
1763677916.984814,7.490,7,7,33.898,2.65366,0.015,0.710,73.422,850.7,0.6286,33.898,0.0500,5.000,0,0
1763677917.118446,7.517,7,7,33.899,2.38403,0.016,0.693,73.422,850.0,0.5527,33.899,0.0500,5.000,0,0
1763677917.252975,7.474,7,7,33.919,2.65664,0.016,0.707,73.419,851.0,0.6286,33.919,0.0500,5.000,0,0
1763677917.389833,7.543,7,7,33.908,2.65865,0.016,0.706,73.459,850.4,0.6282,33.908,0.0500,5.000,0,0
1763677917.519528,7.398,7,7,33.927,2.28703,0.016,0.686,73.459,851.5,0.6234,33.927,0.0500,5.000,0,0
1763677917.651686,7.568,7,7,33.955,2.38686,0.017,0.695,73.459,852.8,0.5531,33.955,0.0500,5.000,0,0
1763677917.783910,7.534,7,7,33.957,2.28702,0.016,0.689,73.459,852.5,0.6231,33.957,0.0500,5.000,0,0
1763677917.922252,7.298,7,7,33.958,2.38408,0.017,0.694,73.459,852.8,0.5532,33.958,0.0500,5.000,0,0
1763677918.058508,7.763,7,7,33.963,2.66172,0.016,0.709,73.403,852.3,0.6289,33.963,0.0500,5.000,0,0
1763677918.183443,7.620,7,7,33.942,2.38517,0.017,0.693,73.403,852.4,0.5526,33.942,0.0500,5.000,0,0
1763677918.324852,7.295,7,7,33.933,2.38547,0.017,0.693,73.403,851.5,0.5527,33.933,0.0500,5.000,0,0
1763677918.454795,7.521,7,7,33.914,2.38537,0.017,0.687,73.403,851.7,0.5530,33.914,0.0500,5.000,0,0
1763677918.589796,7.528,7,7,33.923,2.38484,0.017,0.691,73.403,851.1,0.5525,33.923,0.0500,5.000,0,0
1763677918.722510,7.442,7,7,33.921,2.38468,0.017,0.689,73.403,851.2,0.5532,33.921,0.0500,5.000,0,0
1763677918.854155,7.604,7,7,33.947,2.38454,0.017,0.692,73.403,852.0,0.5533,33.947,0.0500,5.000,0,0
1763677918.993429,7.443,7,7,33.939,2.65593,0.016,0.708,73.373,851.9,0.6290,33.939,0.0500,5.000,0,0
1763677919.116701,7.591,7,7,33.934,2.66473,0.015,0.709,73.333,851.7,0.6284,33.934,0.0500,5.000,0,0
1763677919.253497,7.429,7,7,33.912,2.45483,0.015,0.699,71.282,851.4,0.6985,33.912,0.0500,5.000,0,0
1763677919.387381,7.501,7,7,33.910,2.45536,0.015,0.700,69.860,850.1,0.6982,33.910,0.0500,5.000,0,0
1763677919.517755,7.500,7,7,33.903,2.66408,0.016,0.707,70.756,850.7,0.6284,33.903,0.0500,5.000,0,0
1763677919.650582,7.526,7,7,33.921,2.38256,0.016,0.695,70.756,851.7,0.5526,33.921,0.0500,5.000,0,0
1763677919.785565,7.461,7,7,33.929,2.45521,0.016,0.701,69.532,851.8,0.6984,33.929,0.0500,5.000,0,0
1763677919.918132,7.519,7,7,33.942,2.38489,0.017,0.692,69.532,852.1,0.5525,33.942,0.0500,5.000,0,0
1763677920.052649,7.428,7,7,33.916,2.66062,0.016,0.707,70.565,851.5,0.6280,33.916,0.0500,5.000,0,0
1763677920.183014,7.784,7,7,33.896,2.65961,0.016,0.705,71.354,850.3,0.6293,33.896,0.0500,5.000,0,0
1763677920.319806,7.286,7,7,33.878,2.65542,0.015,0.706,71.980,849.6,0.6284,33.878,0.0500,5.000,0,0
1763677920.453062,7.497,7,7,33.884,2.66124,0.016,0.708,72.330,850.0,0.6292,33.884,0.0500,5.000,0,0
1763677920.584670,7.433,7,7,33.893,2.66285,0.016,0.708,72.556,849.9,0.6287,33.893,0.0500,5.000,0,0
1763677920.716401,7.589,7,7,33.870,2.66165,0.016,0.706,72.743,849.3,0.6289,33.870,0.0500,5.000,0,0
1763677920.849580,7.533,7,7,33.899,2.65723,0.016,0.708,72.876,850.2,0.6287,33.899,0.0500,5.000,0,0
1763677920.985795,7.402,7,7,33.884,2.65706,0.016,0.708,73.015,849.4,0.6290,33.884,0.0500,5.000,0,0
1763677921.116797,7.577,7,7,33.910,2.65923,0.016,0.707,73.116,850.2,0.6284,33.910,0.0500,5.000,0,0
1763677921.254130,7.402,7,7,33.892,2.66380,0.015,0.713,73.085,851.2,0.6286,33.892,0.0500,5.000,0,0
1763677921.385328,7.580,7,7,33.906,2.38672,0.017,0.692,73.085,851.7,0.5539,33.906,0.0500,5.000,0,0
1763677921.520492,7.453,7,7,33.894,2.38519,0.016,0.694,73.085,851.4,0.5528,33.894,0.0500,5.000,0,0
1763677921.651861,7.523,7,7,33.930,2.38814,0.017,0.691,73.085,851.8,0.5532,33.930,0.0500,5.000,0,0
1763677921.783799,7.587,7,7,33.950,2.38507,0.016,0.692,73.085,852.4,0.5531,33.950,0.0500,5.000,0,0
1763677921.919722,7.379,7,7,33.948,2.38486,0.017,0.690,73.085,852.3,0.5526,33.948,0.0500,5.000,0,0
1763677922.055912,7.551,7,7,33.953,2.38672,0.017,0.690,73.085,852.4,0.5529,33.953,0.0500,5.000,0,0
1763677922.193000,7.459,7,7,33.926,2.38357,0.016,0.694,73.085,852.2,0.5527,33.926,0.0500,5.000,0,0
1763677922.325736,7.595,7,7,33.904,2.38294,0.016,0.695,73.085,851.5,0.5527,33.904,0.0500,5.000,0,0
1763677922.454712,7.556,7,7,33.919,2.28670,0.016,0.686,73.085,851.4,0.6230,33.919,0.0500,5.000,0,0
1763677922.589983,7.442,7,7,33.919,2.38551,0.016,0.696,73.085,851.5,0.5535,33.919,0.0500,5.000,0,0
1763677922.738927,7.565,7,7,33.921,2.38465,0.016,0.695,73.085,851.3,0.5533,33.921,0.0500,5.000,0,0
1763677922.891681,5.931,7,7,33.928,2.38438,0.016,0.694,73.085,852.1,0.5529,33.928,0.0500,5.000,0,0
1763677923.028090,7.576,7,7,33.918,2.38396,0.017,0.691,73.085,851.8,0.5536,33.918,0.0500,5.000,0,0
1763677923.155713,7.454,7,7,33.953,2.38519,0.016,0.692,73.085,852.5,0.5530,33.953,0.0500,5.000,0,0
1763677923.286190,7.589,7,7,33.933,2.38604,0.017,0.691,73.085,851.2,0.5533,33.933,0.0500,5.000,0,0
1763677923.420017,7.463,7,7,33.920,2.38681,0.017,0.691,73.085,851.0,0.5530,33.920,0.0500,5.000,0,0
1763677923.557609,7.483,7,7,33.913,2.65016,0.016,0.708,73.143,851.6,0.6287,33.913,0.0500,5.000,0,0
1763677923.686324,7.497,7,7,33.947,2.65489,0.015,0.710,73.162,851.9,0.6291,33.947,0.0500,5.000,0,0
1763677923.820889,7.416,7,7,33.933,2.65713,0.015,0.712,73.159,851.3,0.6285,33.933,0.0500,5.000,0,0
1763677923.982840,6.107,7,7,33.942,2.65332,0.015,0.712,73.121,852.1,0.6290,33.942,0.0500,5.000,0,0
1763677924.118321,7.457,7,7,33.954,2.66266,0.015,0.714,73.067,851.7,0.6285,33.954,0.0500,5.000,0,0
1763677924.251403,7.510,7,7,33.977,2.66490,0.015,0.714,73.024,852.3,0.6282,33.977,0.0500,5.000,0,0
1763677924.384501,7.576,7,7,33.940,2.66088,0.015,0.714,73.008,851.4,0.6287,33.940,0.0500,5.000,0,0
1763677924.520167,7.233,7,7,33.932,2.66170,0.015,0.715,73.008,851.5,0.6292,33.932,0.0500,5.000,0,0
1763677924.650792,7.667,7,7,33.973,2.65530,0.015,0.715,72.947,852.3,0.6283,33.973,0.0500,5.000,0,0
1763677924.784336,7.483,7,7,33.935,2.45213,0.015,0.703,70.946,851.8,0.6987,33.935,0.0500,5.000,0,0
1763677924.920090,7.491,7,7,33.948,2.45401,0.015,0.701,69.685,851.3,0.6981,33.948,0.0500,5.000,0,0
1763677925.049092,7.647,7,7,33.980,2.65118,0.016,0.711,70.596,853.2,0.6280,33.980,0.0500,5.000,0,0
1763677925.182638,7.456,7,7,34.045,2.28608,0.016,0.692,70.596,856.7,0.6235,34.045,0.0500,5.000,0,0
1763677925.327528,7.303,7,7,34.110,2.39484,0.017,0.705,70.596,861.1,0.5539,34.110,0.0500,5.000,0,0
1763677925.553297,7.504,7,7,34.122,2.71183,0.016,0.729,70.671,862.4,0.6288,34.122,0.0500,5.000,0,0
1763677925.683248,4.392,7,7,34.026,2.45309,0.015,0.720,68.872,859.3,0.6997,34.026,0.0500,5.000,0,0
1763677961.216612,122.651,4,4,40.967,2.15814,0.056,0.781,73.121,1395.5,0.4903,40.967,0.0500,5.000,0,0
1763677961.411233,2.593,4,4,40.839,2.15501,0.056,0.777,68.953,1387.1,0.4881,40.839,0.0500,5.000,0,0
1763677961.551192,6.145,4,4,40.841,2.15374,0.057,0.774,65.932,1390.2,0.4883,40.841,0.0500,5.000,0,0
1763677961.719298,6.478,4,4,40.798,2.15397,0.057,0.772,63.751,1390.2,0.4892,40.798,0.0500,5.000,0,0
1763677961.841976,6.776,4,4,40.875,2.15278,0.056,0.777,62.187,1392.1,0.4880,40.875,0.0500,5.000,0,0
1763677961.974623,7.486,4,4,40.856,2.15173,0.056,0.775,61.115,1391.6,0.4883,40.856,0.0500,5.000,0,0
1763677962.106247,7.570,4,4,40.895,2.15122,0.056,0.776,60.385,1393.5,0.4880,40.895,0.0500,5.000,0,0
1763677962.239563,7.596,4,4,40.876,2.15253,0.056,0.776,59.853,1393.2,0.4884,40.876,0.0500,5.000,0,0
1763677962.378634,7.416,4,4,40.901,2.14970,0.056,0.776,59.837,1393.8,0.4827,40.901,0.0500,5.000,0,0
1763677962.506299,7.574,4,4,40.902,2.15222,0.056,0.776,59.431,1393.5,0.4884,40.902,0.0500,5.000,0,0
1763677962.640231,7.505,4,4,40.875,2.15003,0.056,0.775,59.623,1393.1,0.4832,40.875,0.0500,5.000,0,0
1763677962.774977,7.437,4,4,40.861,2.15005,0.055,0.775,59.881,1392.7,0.4834,40.861,0.0500,5.000,0,0
1763677962.907371,7.438,4,4,40.869,2.15372,0.057,0.774,59.349,1391.0,0.4884,40.869,0.0500,5.000,0,0
1763677963.043191,7.520,4,4,40.845,2.15270,0.057,0.774,59.014,1390.7,0.4890,40.845,0.0500,5.000,0,0
1763677963.172808,7.598,4,4,40.883,2.15275,0.056,0.777,58.837,1391.1,0.4886,40.883,0.0500,5.000,0,0
1763677963.312842,7.173,4,4,40.893,2.15114,0.056,0.776,58.734,1390.2,0.4883,40.893,0.0500,5.000,0,0
1763677963.443558,7.553,4,4,40.880,2.15109,0.056,0.775,58.687,1390.7,0.4883,40.880,0.0500,5.000,0,0
1763677963.579773,7.418,4,4,40.876,2.15118,0.057,0.775,58.658,1391.2,0.4880,40.876,0.0500,5.000,0,0
1763677963.711636,7.485,4,4,40.893,2.15188,0.056,0.777,58.626,1391.6,0.4883,40.893,0.0500,5.000,0,0
1763677963.846916,7.540,4,4,40.912,2.15343,0.056,0.777,58.616,1390.1,0.4881,40.912,0.0500,5.000,0,0
1763677963.973814,7.550,3,3,39.873,1.81753,0.066,0.852,59.833,1464.6,0.5088,39.873,0.0500,5.000,0,0
1763677964.105976,7.591,3,3,38.846,1.43558,0.059,0.873,62.397,1488.8,0.5088,38.846,0.0500,5.000,0,0
1763677964.241995,7.421,3,3,38.705,1.45590,0.058,0.880,63.492,1536.0,0.5144,38.705,0.0500,5.000,0,0
1763677964.373552,7.528,3,3,38.811,1.86415,0.067,0.843,60.371,1539.5,0.6148,38.811,0.0500,5.000,0,0
1763677964.506580,7.470,3,3,43.637,1.81669,0.293,0.378,60.371,1256.5,0.5007,43.637,0.0500,5.000,0,0
1763677964.643816,7.389,3,3,36.757,1.65625,0.028,0.922,59.825,1173.6,0.4540,36.757,0.0500,5.000,0,0
1763677964.734078,7.578,2,2,41.317,1.12821,0.111,0.889,59.825,1238.2,0.5310,41.317,0.0500,5.000,0,0
1763677964.832426,10.007,1,1,30.513,0.00000,1.000,1.000,59.825,1322.9,0.5975,30.513,0.0500,5.000,0,0
1763677964.928471,10.526,1,1,35.487,0.00000,1.000,1.000,59.825,1748.3,0.9121,35.487,0.0500,5.000,0,0
1763677964.994205,14.692,0,0,0.000,0.00000,0.000,0.000,59.825,,,,0.0500,5.000,0,0
1763677965.061586,15.350,1,1,40.711,0.00000,1.000,1.000,59.825,1340.0,0.8902,40.711,0.0500,5.000,0,0
1763677965.133574,14.538,2,2,39.287,2.10707,0.413,0.587,59.825,1676.6,0.9086,39.287,0.0500,5.000,0,0
1763677965.274998,10.121,4,4,40.186,1.98425,0.078,0.393,59.825,1552.3,0.7727,40.186,0.0500,5.000,0,0
1763677965.401304,8.084,5,5,38.438,1.95801,0.021,0.779,62.141,1367.1,0.6976,38.438,0.0500,5.000,0,0
1763677965.537387,7.363,5,4,38.878,1.70517,0.036,0.587,62.862,1404.1,0.6714,38.878,0.0500,5.000,0,1
1763677965.673719,7.125,4,4,35.823,1.66897,0.036,0.413,62.862,1357.4,0.7078,35.823,0.0500,5.000,0,0
1763677965.766005,7.355,1,1,35.320,0.00000,1.000,1.000,62.862,1299.4,0.6972,35.320,0.0500,5.000,0,0
1763677965.831966,14.994,1,1,45.294,0.00000,1.000,1.000,62.862,1107.1,0.6340,45.294,0.0500,5.000,0,0
1763677965.904019,14.696,2,2,36.079,1.07897,0.057,0.943,62.862,1142.0,0.6015,36.079,0.0500,5.000,0,0
1763677965.994899,10.393,1,1,23.529,0.00000,1.000,1.000,62.862,1086.9,0.5514,23.529,0.0500,5.000,0,0
1763677966.091581,10.418,1,1,36.591,0.00000,1.000,1.000,62.862,1704.0,0.9091,36.591,0.0500,5.000,0,0
1763677966.161742,14.826,2,2,39.495,2.06481,0.294,0.706,62.862,1600.8,0.8920,39.495,0.0500,5.000,0,0
1763677966.282766,13.796,6,6,37.271,2.12433,0.028,0.747,62.108,1289.0,0.6656,37.271,0.0500,5.000,0,0
1763677966.414919,7.530,6,6,37.346,2.12146,0.027,0.739,61.460,1286.8,0.6684,37.346,0.0500,5.000,0,0
1763677966.551447,7.281,6,6,37.404,2.11799,0.029,0.735,61.221,1287.8,0.6626,37.404,0.0500,5.000,0,0
1763677966.677372,7.892,6,6,37.586,2.11428,0.031,0.731,61.097,1297.6,0.6615,37.586,0.0500,5.000,0,0
1763677966.815295,7.349,6,6,37.641,2.11342,0.032,0.723,60.962,1301.3,0.6624,37.641,0.0500,5.000,0,0
1763677966.949925,7.412,6,6,37.609,2.11296,0.031,0.727,60.896,1300.1,0.6622,37.609,0.0500,5.000,0,0
1763677967.079014,7.641,5,5,37.476,1.88507,0.033,0.776,62.941,1356.9,0.6865,37.476,0.0500,5.000,0,0
1763677967.213715,7.361,4,4,41.453,2.10002,0.148,0.468,62.941,1417.0,0.7419,41.453,0.0500,5.000,0,0
1763677967.346603,7.529,4,4,41.405,2.09926,0.149,0.464,62.941,1418.6,0.7446,41.405,0.0500,5.000,0,0
1763677967.478458,7.491,4,4,41.350,2.09540,0.150,0.469,62.941,1425.7,0.7461,41.350,0.0500,5.000,0,0
1763677967.613143,7.377,4,4,41.227,2.06542,0.180,0.438,62.941,1449.1,0.7549,41.227,0.0500,5.000,0,0
1763677967.745026,7.580,4,4,41.267,2.24425,0.176,0.440,62.941,1459.3,0.7169,41.267,0.0500,5.000,0,0
1763677967.879119,7.452,4,4,41.298,2.24710,0.170,0.455,62.941,1463.1,0.7208,41.298,0.0500,5.000,0,0
1763677968.015187,7.604,4,4,41.359,2.06269,0.180,0.449,62.941,1466.7,0.7600,41.359,0.0500,5.000,0,0
1763677968.144639,7.447,4,4,41.160,2.07109,0.179,0.449,62.941,1439.7,0.7504,41.160,0.0500,5.000,0,0
1763677968.279598,7.353,4,4,41.147,2.07391,0.179,0.449,62.941,1438.6,0.7497,41.147,0.0500,5.000,0,0
1763677968.405465,7.833,3,3,41.095,1.71433,0.221,0.547,62.941,1587.7,0.8263,41.095,0.0500,5.000,0,0
1763677968.549931,7.345,5,5,40.905,2.19415,0.148,0.367,62.178,1365.3,0.7087,40.905,0.0500,5.000,0,0
1763677968.682118,7.707,6,6,38.230,2.10910,0.040,0.701,61.326,1350.8,0.6691,38.230,0.0500,5.000,0,0
1763677968.822129,7.291,6,6,38.039,2.10689,0.049,0.668,61.228,1340.2,0.6704,38.039,0.0500,5.000,0,0
1763677968.963752,7.119,6,6,38.053,2.10677,0.048,0.669,61.128,1339.0,0.6706,38.053,0.0500,5.000,0,0
1763677969.090012,8.057,6,6,38.050,2.10643,0.049,0.670,61.038,1339.6,0.6701,38.050,0.0500,5.000,0,0
1763677969.225403,7.360,6,6,38.035,2.10747,0.049,0.667,60.985,1339.5,0.6703,38.035,0.0500,5.000,0,0
1763677969.368570,7.530,6,6,38.067,2.10875,0.049,0.668,61.041,1340.1,0.6699,38.067,0.0500,5.000,0,0
1763677969.522179,5.956,6,6,38.096,2.10813,0.049,0.671,61.094,1342.3,0.6698,38.096,0.0500,5.000,0,0
1763677969.650316,7.662,6,6,38.089,2.10860,0.049,0.673,61.171,1341.5,0.6694,38.089,0.0500,5.000,0,0
1763677969.786101,7.435,6,6,38.120,2.11091,0.049,0.674,61.299,1343.9,0.6698,38.120,0.0500,5.000,0,0
1763677969.918301,7.478,6,6,38.117,2.11375,0.050,0.668,61.378,1344.5,0.6705,38.117,0.0500,5.000,0,0
1763677970.046679,7.670,6,6,38.157,2.11565,0.050,0.666,61.487,1346.8,0.6702,38.157,0.0500,5.000,0,0
1763677970.180732,7.655,6,6,38.172,2.11411,0.050,0.666,61.533,1347.0,0.6694,38.172,0.0500,5.000,0,0
1763677970.314642,7.537,6,6,38.140,2.11282,0.050,0.667,61.532,1345.8,0.6701,38.140,0.0500,5.000,0,0
1763677970.448716,7.454,6,6,38.169,2.11032,0.050,0.669,61.528,1346.2,0.6700,38.169,0.0500,5.000,0,0
1763677970.578312,7.579,6,6,38.129,2.11178,0.050,0.667,61.554,1344.9,0.6700,38.129,0.0500,5.000,0,0
1763677987.370969,57.415,6,6,33.473,2.17266,0.048,0.653,72.877,1022.6,0.6689,33.473,0.0500,5.000,0,0
1763677987.596089,5.053,6,6,33.489,2.17247,0.048,0.654,69.325,1022.1,0.6683,33.489,0.0500,5.000,0,0
1763677987.738160,4.979,6,6,33.513,2.17139,0.048,0.660,66.758,1023.4,0.6669,33.513,0.0500,5.000,0,0
1763677987.863039,7.656,6,6,33.523,2.17211,0.048,0.660,64.915,1023.4,0.6666,33.523,0.0500,5.000,0,0
1763677988.035301,5.767,6,6,33.515,2.17146,0.046,0.659,63.674,1023.5,0.6677,33.515,0.0500,5.000,0,0
1763677988.194282,6.239,6,6,33.502,2.17173,0.047,0.655,62.740,1024.2,0.6671,33.502,0.0500,5.000,0,0
1763677988.335764,7.449,6,6,33.522,2.17107,0.048,0.655,62.062,1024.4,0.6672,33.522,0.0500,5.000,0,0
1763677988.466216,7.556,6,6,33.499,2.17248,0.047,0.655,61.592,1023.2,0.6672,33.499,0.0500,5.000,0,0
1763677988.594441,7.666,6,6,33.546,2.17126,0.048,0.657,61.280,1024.3,0.6667,33.546,0.0500,5.000,0,0
1763677988.727588,7.519,6,6,33.504,2.17101,0.048,0.655,61.010,1023.2,0.6678,33.504,0.0500,5.000,0,0
1763677988.858318,7.368,6,6,33.492,2.17167,0.048,0.656,60.830,1022.7,0.6675,33.492,0.0500,5.000,0,0
1763677988.999138,7.523,6,6,33.504,2.17162,0.048,0.657,60.718,1022.2,0.6670,33.504,0.0500,5.000,0,0
1763677989.129608,7.562,6,6,33.511,2.17095,0.048,0.657,60.623,1023.9,0.6672,33.511,0.0500,5.000,0,0
1763677989.268419,7.315,6,6,33.516,2.17108,0.047,0.655,60.600,1023.1,0.6673,33.516,0.0500,5.000,0,0
1763677989.396034,7.701,6,6,33.507,2.17184,0.048,0.655,60.545,1023.2,0.6678,33.507,0.0500,5.000,0,0
1763677989.532962,7.368,6,6,33.517,2.17079,0.047,0.656,60.526,1023.1,0.6667,33.517,0.0500,5.000,0,0
1763677989.669453,7.314,6,6,33.493,2.17222,0.048,0.656,60.490,1022.4,0.6671,33.493,0.0500,5.000,0,0
1763677989.791986,7.870,6,6,33.502,2.17092,0.048,0.657,60.425,1023.4,0.6672,33.502,0.0500,5.000,0,0
1763677989.936064,7.044,6,6,33.540,2.17117,0.048,0.657,60.434,1023.3,0.6669,33.540,0.0500,5.000,0,0
1763677990.072392,7.603,6,6,33.503,2.17123,0.048,0.656,60.441,1023.3,0.6675,33.503,0.0500,5.000,0,0
1763677990.198532,7.480,6,6,33.505,2.17226,0.048,0.657,60.420,1022.9,0.6670,33.505,0.0500,5.000,0,0
1763677990.332227,7.588,6,6,33.521,2.17168,0.047,0.657,60.469,1023.1,0.6669,33.521,0.0500,5.000,0,0
1763677990.465130,7.471,6,6,33.519,2.17213,0.047,0.655,60.517,1023.1,0.6670,33.519,0.0500,5.000,0,0
1763677990.599924,7.443,6,6,33.480,2.17204,0.047,0.654,60.540,1022.3,0.6673,33.480,0.0500,5.000,0,0
1763677990.734029,7.444,6,6,33.509,2.17275,0.047,0.655,60.523,1022.9,0.6666,33.509,0.0500,5.000,0,0
1763677990.861602,7.693,6,6,33.518,2.17273,0.048,0.654,60.533,1023.3,0.6669,33.518,0.0500,5.000,0,0
1763677990.998032,7.418,6,6,33.517,2.17191,0.048,0.655,60.501,1023.4,0.6667,33.517,0.0500,5.000,0,0
1763677991.132101,7.458,6,6,33.495,2.17228,0.047,0.656,60.497,1023.0,0.6673,33.495,0.0500,5.000,0,0
1763677991.267296,7.483,6,6,33.482,2.17217,0.047,0.655,60.492,1022.4,0.6673,33.482,0.0500,5.000,0,0
1763677991.399903,7.474,6,6,33.482,2.17176,0.048,0.653,60.506,1022.7,0.6672,33.482,0.0500,5.000,0,0
1763677991.532759,7.501,6,6,33.491,2.17246,0.048,0.653,60.491,1022.8,0.6668,33.491,0.0500,5.000,0,0
1763677991.671022,7.350,6,6,33.509,2.17273,0.047,0.654,60.518,1022.4,0.6666,33.509,0.0500,5.000,0,0
1763677991.788506,8.333,6,6,33.505,2.17192,0.046,0.656,60.539,1022.6,0.6672,33.505,0.0500,5.000,0,0
1763677991.928110,7.072,6,6,33.507,2.17247,0.047,0.656,60.562,1022.4,0.6667,33.507,0.0500,5.000,0,0
1763677992.065942,7.486,6,6,33.487,2.17136,0.047,0.656,60.565,1022.5,0.6672,33.487,0.0500,5.000,0,0
1763677992.200734,7.351,6,6,33.513,2.17182,0.047,0.656,60.565,1022.4,0.6671,33.513,0.0500,5.000,0,0
1763677992.335495,7.468,6,6,33.513,2.17192,0.047,0.656,60.571,1022.6,0.6668,33.513,0.0500,5.000,0,0
1763677992.462096,7.676,6,6,33.537,2.17235,0.047,0.654,60.557,1022.8,0.6670,33.537,0.0500,5.000,0,0
1763677992.600776,7.436,6,6,33.521,2.17191,0.047,0.655,60.554,1022.3,0.6668,33.521,0.0500,5.000,0,0
1763677992.731900,7.566,6,6,33.514,2.33119,0.047,0.661,60.883,1022.2,0.6091,33.514,0.0500,5.000,0,0
1763677992.865616,7.403,6,6,33.512,2.17179,0.047,0.656,60.754,1022.4,0.6673,33.512,0.0500,5.000,0,0
1763677992.995818,7.578,6,6,33.496,2.17294,0.048,0.657,60.650,1022.1,0.6666,33.496,0.0500,5.000,0,0
1763677993.132869,7.454,6,6,33.491,2.17254,0.048,0.654,60.597,1021.8,0.6667,33.491,0.0500,5.000,0,0
1763677993.261850,7.620,6,6,33.510,2.17234,0.047,0.655,60.558,1021.9,0.6667,33.510,0.0500,5.000,0,0
1763677993.401143,7.365,6,6,33.512,2.17189,0.047,0.653,60.564,1021.5,0.6669,33.512,0.0500,5.000,0,0
1763677993.533081,7.508,6,6,33.499,2.17205,0.047,0.656,60.533,1022.5,0.6672,33.499,0.0500,5.000,0,0
1763677993.664399,7.555,6,6,33.502,2.17269,0.047,0.655,60.522,1022.8,0.6669,33.502,0.0500,5.000,0,0
1763677993.797825,7.571,6,6,33.511,2.17214,0.047,0.655,60.528,1022.6,0.6669,33.511,0.0500,5.000,0,0
1763677993.931159,7.400,6,6,33.529,2.17179,0.047,0.656,60.515,1023.0,0.6669,33.529,0.0500,5.000,0,0
1763677994.066734,7.400,6,6,33.501,2.17262,0.046,0.659,60.505,1022.3,0.6666,33.501,0.0500,5.000,0,0
1763677994.199609,7.558,6,6,33.530,2.17178,0.047,0.657,60.507,1022.6,0.6662,33.530,0.0500,5.000,0,0
1763677994.328787,7.578,6,6,33.515,2.17130,0.047,0.656,60.503,1022.5,0.6665,33.515,0.0500,5.000,0,0
1763677994.462516,7.487,6,6,33.519,2.17138,0.047,0.654,60.478,1023.5,0.6672,33.519,0.0500,5.000,0,0
1763677994.598677,7.421,6,6,33.528,2.17195,0.047,0.654,60.489,1023.8,0.6670,33.528,0.0500,5.000,0,0
1763677994.731934,7.555,6,6,33.518,1.88904,0.044,0.659,62.341,1023.8,0.6111,33.518,0.0500,5.000,0,0
1763677994.860446,7.635,6,6,33.542,2.17314,0.046,0.656,61.846,1023.4,0.6667,33.542,0.0500,5.000,0,0
1763677994.998735,7.380,6,6,33.521,2.17195,0.047,0.654,61.465,1024.2,0.6672,33.521,0.0500,5.000,0,0
1763677995.138608,7.119,6,6,33.501,2.17280,0.046,0.656,61.221,1023.5,0.6674,33.501,0.0500,5.000,0,0
1763677995.265832,7.904,6,6,33.514,2.17232,0.047,0.656,61.036,1023.3,0.6670,33.514,0.0500,5.000,0,0
1763677995.395552,7.673,6,6,33.529,2.17113,0.047,0.659,60.901,1024.2,0.6672,33.529,0.0500,5.000,0,0
1763677995.578355,7.333,6,6,33.523,2.17138,0.047,0.656,60.815,1023.2,0.6673,33.523,0.0500,5.000,0,0
1763677995.699849,6.103,6,6,33.505,2.17161,0.047,0.657,60.744,1022.8,0.6672,33.505,0.0500,5.000,0,0
1763677995.830872,7.423,6,6,33.529,2.17249,0.046,0.658,60.699,1023.7,0.6672,33.529,0.0500,5.000,0,0
1763677995.964441,7.465,6,6,33.508,2.17189,0.046,0.658,60.664,1023.2,0.6671,33.508,0.0500,5.000,0,0
1763677996.099920,7.452,6,6,33.548,2.17197,0.047,0.657,60.633,1025.0,0.6667,33.548,0.0500,5.000,0,0
1763677996.232470,7.475,6,6,33.522,2.17363,0.047,0.654,60.587,1023.8,0.6667,33.522,0.0500,5.000,0,0
1763677996.368341,7.454,6,6,33.518,2.17215,0.048,0.656,60.560,1023.4,0.6666,33.518,0.0500,5.000,0,0
1763677996.501192,7.622,6,6,33.535,2.17173,0.048,0.656,60.531,1023.5,0.6669,33.535,0.0500,5.000,0,0
1763677996.632115,7.433,6,6,33.501,2.17171,0.048,0.654,60.467,1023.7,0.6676,33.501,0.0500,5.000,0,0
1763677996.765924,7.540,6,6,33.493,2.17181,0.048,0.656,60.407,1023.0,0.6675,33.493,0.0500,5.000,0,0
1763677996.900640,7.497,6,6,33.520,2.17131,0.048,0.660,60.377,1023.7,0.6673,33.520,0.0500,5.000,0,0
1763677997.032912,7.474,6,6,33.518,2.17081,0.047,0.658,60.346,1023.8,0.6674,33.518,0.0500,5.000,0,0
1763677997.166066,7.519,6,6,33.526,2.17179,0.048,0.660,60.306,1024.3,0.6674,33.526,0.0500,5.000,0,0
1763677997.302447,7.437,6,6,33.528,2.17142,0.047,0.659,60.304,1024.3,0.6678,33.528,0.0500,5.000,0,0
1763677997.433600,7.559,6,6,33.507,2.17067,0.048,0.657,60.283,1023.6,0.6678,33.507,0.0500,5.000,0,0
1763677997.565450,7.522,6,6,33.517,2.17121,0.048,0.659,60.288,1023.4,0.6673,33.517,0.0500,5.000,0,0
1763677997.700708,7.452,6,6,33.512,2.17069,0.048,0.656,60.272,1023.5,0.6675,33.512,0.0500,5.000,0,0
1763677997.831941,7.524,6,6,33.502,2.17037,0.047,0.660,60.249,1022.9,0.6671,33.502,0.0500,5.000,0,0
1763677997.968806,7.480,6,6,33.522,2.17114,0.048,0.659,60.223,1024.0,0.6676,33.522,0.0500,5.000,0,0
1763677998.102586,7.396,6,6,33.498,2.17156,0.048,0.660,60.218,1023.4,0.6677,33.498,0.0500,5.000,0,0
1763677998.227087,7.848,6,6,33.500,2.17134,0.047,0.660,60.213,1023.7,0.6680,33.500,0.0500,5.000,0,0
1763677998.366451,7.419,6,6,33.542,2.17117,0.047,0.659,60.239,1024.6,0.6674,33.542,0.0500,5.000,0,0
1763677998.495538,7.518,6,6,33.516,2.17106,0.048,0.658,60.254,1023.8,0.6674,33.516,0.0500,5.000,0,0
1763677998.633963,7.347,6,6,33.515,2.17120,0.048,0.659,60.275,1023.8,0.6670,33.515,0.0500,5.000,0,0
1763677998.764621,7.645,6,6,33.498,2.17160,0.048,0.656,60.242,1023.7,0.6674,33.498,0.0500,5.000,0,0
1763677998.899474,7.507,6,6,33.507,2.17027,0.048,0.659,60.237,1023.6,0.6672,33.507,0.0500,5.000,0,0
1763677999.041801,7.303,6,6,33.509,2.17004,0.047,0.659,60.219,1024.0,0.6673,33.509,0.0500,5.000,0,0
1763677999.169358,7.682,6,6,33.500,2.17002,0.048,0.658,60.192,1024.0,0.6677,33.500,0.0500,5.000,0,0
1763677999.301487,7.578,6,6,33.498,2.16998,0.048,0.658,60.218,1023.7,0.6673,33.498,0.0500,5.000,0,0
1763677999.574500,7.235,6,6,33.528,2.17032,0.047,0.657,60.232,1024.3,0.6674,33.528,0.0500,5.000,0,0
1763677999.754845,3.770,6,6,33.506,2.17011,0.047,0.659,60.261,1023.2,0.6676,33.506,0.0500,5.000,0,0
1763677999.944863,5.047,6,6,33.520,2.16937,0.048,0.657,60.251,1024.3,0.6673,33.520,0.0500,5.000,0,0
1763678000.161935,5.899,6,6,33.506,2.16979,0.048,0.658,60.225,1023.9,0.6678,33.506,0.0500,5.000,0,0
1763678000.408520,4.301,6,6,33.506,2.17029,0.048,0.657,60.207,1023.6,0.6674,33.506,0.0500,5.000,0,0
1763678000.604023,3.779,6,6,33.512,2.17076,0.048,0.656,60.180,1023.9,0.6678,33.512,0.0500,5.000,0,0
1763678000.803368,6.015,6,6,33.495,2.17162,0.048,0.656,60.194,1023.8,0.6684,33.495,0.0500,5.000,0,0
1763678000.946279,4.919,6,6,33.484,2.17217,0.048,0.656,60.180,1023.0,0.6679,33.484,0.0500,5.000,0,0
1763678001.068150,7.463,6,6,33.502,2.17092,0.048,0.656,60.178,1023.4,0.6676,33.502,0.0500,5.000,0,0
1763678001.200982,7.562,6,6,33.489,2.17102,0.048,0.656,60.188,1023.1,0.6673,33.489,0.0500,5.000,0,0
1763678498.043523,62.375,6,6,34.458,2.16993,0.043,0.648,73.778,1075.6,0.6564,34.458,0.0500,5.000,0,0
1763678498.503221,4.280,6,6,34.460,2.16725,0.046,0.645,70.449,1077.0,0.6560,34.460,0.0500,5.000,0,0
1763678499.288850,2.550,7,7,33.551,2.06091,0.037,0.529,72.231,1013.4,0.6593,33.551,0.0500,5.000,0,0
1763678499.533221,1.263,6,6,34.487,1.89602,0.043,0.646,71.020,1077.2,0.6098,34.487,0.0500,5.000,0,0
1763678499.751145,3.899,6,6,34.488,1.89413,0.043,0.649,70.151,1077.2,0.6103,34.488,0.0500,5.000,0,0
1763678499.957883,5.015,6,6,34.476,1.89403,0.044,0.646,69.507,1076.9,0.6102,34.476,0.0500,5.000,0,0
1763678500.195117,4.687,6,6,34.461,2.16731,0.046,0.648,67.288,1076.8,0.6563,34.461,0.0500,5.000,0,0
1763678500.421307,4.500,6,6,34.465,2.16712,0.046,0.648,65.658,1077.0,0.6563,34.465,0.0500,5.000,0,0
1763678500.608399,4.308,6,6,34.448,1.89282,0.044,0.646,66.281,1076.5,0.6106,34.448,0.0500,5.000,0,0
1763678500.766858,6.030,6,6,34.466,2.16685,0.046,0.647,64.957,1076.6,0.6563,34.466,0.0500,5.000,0,0
1763678500.926991,5.859,6,6,34.462,1.89442,0.044,0.646,65.783,1076.9,0.6099,34.462,0.0500,5.000,0,0
1763678501.082303,6.176,6,6,34.384,1.89306,0.044,0.645,66.361,1074.1,0.6102,34.384,0.0500,5.000,0,0
1763678501.211417,7.216,6,6,34.433,2.16645,0.047,0.647,64.987,1075.7,0.6568,34.433,0.0500,5.000,0,0
1763678501.343185,7.576,6,6,34.444,2.16684,0.047,0.646,63.994,1075.8,0.6564,34.444,0.0500,5.000,0,0
1763678501.476600,7.578,6,6,34.450,2.16622,0.047,0.647,63.295,1076.1,0.6564,34.450,0.0500,5.000,0,0
1763678501.611855,7.397,6,6,34.435,2.16557,0.047,0.645,62.782,1076.0,0.6564,34.435,0.0500,5.000,0,0
1763678501.745501,7.458,6,6,34.466,2.16570,0.047,0.646,62.404,1076.6,0.6567,34.466,0.0500,5.000,0,0
1763678501.885598,7.655,6,6,34.485,2.16648,0.047,0.647,62.190,1076.4,0.6560,34.485,0.0500,5.000,0,0
1763678502.004582,7.557,6,6,34.416,2.16731,0.047,0.644,62.063,1075.4,0.6566,34.416,0.0500,5.000,0,0
1763678502.141763,7.425,6,6,34.449,2.17025,0.046,0.641,62.054,1075.0,0.6556,34.449,0.0500,5.000,0,0
1763678502.273553,7.461,6,6,34.414,2.17097,0.045,0.641,62.042,1073.3,0.6564,34.414,0.0500,5.000,0,0
1763678502.409440,7.619,6,6,34.453,2.17140,0.043,0.644,62.099,1073.7,0.6564,34.453,0.0500,5.000,0,0
1763678502.542526,7.601,6,6,34.455,1.89646,0.042,0.648,63.800,1073.6,0.6096,34.455,0.0500,5.000,0,0
1763678502.671885,7.390,6,6,34.425,2.17003,0.044,0.648,63.320,1074.0,0.6564,34.425,0.0500,5.000,0,0
1763678502.803572,7.590,6,6,34.427,2.16955,0.045,0.644,62.943,1074.8,0.6563,34.427,0.0500,5.000,0,0
1763678502.937589,7.459,6,6,34.443,1.89472,0.044,0.647,64.349,1076.6,0.6095,34.443,0.0500,5.000,0,0
1763678503.071242,7.523,6,6,34.456,1.89460,0.043,0.649,65.357,1076.9,0.6102,34.456,0.0500,5.000,0,0
1763678503.205239,7.497,6,6,34.477,2.16822,0.045,0.651,64.354,1076.6,0.6556,34.477,0.0500,5.000,0,0
1763678503.335435,7.527,6,6,34.459,1.89286,0.044,0.653,65.394,1077.3,0.6096,34.459,0.0500,5.000,0,0
1763678503.468518,7.473,6,6,34.442,2.16720,0.046,0.650,64.358,1076.7,0.6567,34.442,0.0500,5.000,0,0
1763678503.603860,7.551,6,6,34.449,1.89381,0.044,0.650,65.403,1076.9,0.6093,34.449,0.0500,5.000,0,0
1763678503.738009,7.392,6,6,34.473,2.16712,0.045,0.648,64.392,1077.1,0.6558,34.473,0.0500,5.000,0,0
1763678503.873576,7.776,6,6,34.464,1.89379,0.044,0.650,65.420,1076.9,0.6095,34.464,0.0500,5.000,0,0
1763678504.001464,7.424,6,6,34.466,2.16742,0.046,0.649,64.389,1076.9,0.6559,34.466,0.0500,5.000,0,0
1763678504.135872,7.449,6,6,34.465,2.16710,0.046,0.652,63.637,1077.2,0.6555,34.465,0.0500,5.000,0,0
1763678504.271900,7.453,6,6,34.493,2.16704,0.046,0.652,63.122,1077.2,0.6556,34.493,0.0500,5.000,0,0
1763678504.403189,7.559,6,6,34.451,2.16698,0.046,0.649,62.720,1077.0,0.6568,34.451,0.0500,5.000,0,0
1763678504.536980,7.513,6,6,34.477,2.16732,0.046,0.653,62.406,1077.3,0.6562,34.477,0.0500,5.000,0,0
1763678504.673690,7.416,6,6,34.466,2.16785,0.047,0.649,62.190,1077.6,0.6566,34.466,0.0500,5.000,0,0
1763678504.810946,7.264,6,6,34.467,2.16753,0.047,0.650,62.026,1077.3,0.6561,34.467,0.0500,5.000,0,0
1763678504.943457,7.508,6,6,34.479,2.16756,0.047,0.651,61.969,1077.2,0.6554,34.479,0.0500,5.000,0,0
1763678505.077890,7.389,6,6,34.458,2.16699,0.047,0.652,61.889,1077.0,0.6559,34.458,0.0500,5.000,0,0
1763678505.210724,7.582,6,6,34.459,2.16730,0.046,0.653,61.830,1076.5,0.6560,34.459,0.0500,5.000,0,0
1763678505.344482,7.524,6,6,34.465,2.16808,0.046,0.651,61.810,1077.4,0.6565,34.465,0.0500,5.000,0,0
1763678505.477111,7.488,6,6,34.489,2.16824,0.046,0.651,61.829,1077.2,0.6561,34.489,0.0500,5.000,0,0
1763678505.614622,7.443,6,6,34.483,2.16922,0.046,0.650,61.844,1076.9,0.6560,34.483,0.0500,5.000,0,0
1763678505.753607,7.527,6,6,34.467,2.16963,0.045,0.648,61.879,1077.4,0.6567,34.467,0.0500,5.000,0,0
1763678506.102207,5.755,6,6,34.462,2.16900,0.045,0.648,61.892,1076.5,0.6563,34.462,0.0500,5.000,0,0
1763678506.253402,3.104,6,6,34.452,2.16855,0.045,0.648,61.914,1076.2,0.6569,34.452,0.0500,5.000,0,0
1763678506.408018,5.926,6,6,34.462,2.16856,0.045,0.652,61.903,1077.6,0.6563,34.462,0.0500,5.000,0,0
1763678506.542218,7.363,6,6,34.491,2.16822,0.045,0.653,61.922,1078.0,0.6559,34.491,0.0500,5.000,0,0
1763678506.672897,7.708,6,6,34.494,2.16901,0.045,0.652,61.943,1077.8,0.6553,34.494,0.0500,5.000,0,0
1763678506.809515,7.451,6,6,34.496,2.16895,0.045,0.649,61.919,1079.0,0.6564,34.496,0.0500,5.000,0,0
1763678506.938702,7.483,6,6,34.492,2.16845,0.045,0.648,61.952,1078.7,0.6565,34.492,0.0500,5.000,0,0
1763678507.071699,7.560,6,6,34.490,2.16830,0.045,0.648,61.974,1078.0,0.6558,34.490,0.0500,5.000,0,0
1763678507.204619,7.497,6,6,34.520,2.16974,0.044,0.649,62.000,1078.4,0.6562,34.520,0.0500,5.000,0,0
1763678507.347037,7.194,6,6,34.521,2.16965,0.044,0.649,62.048,1078.8,0.6564,34.521,0.0500,5.000,0,0
1763678507.471633,7.803,6,6,34.528,2.16960,0.045,0.647,62.085,1079.3,0.6565,34.528,0.0500,5.000,0,0
1763678507.608060,7.403,6,6,34.528,2.16931,0.044,0.647,62.130,1079.5,0.6567,34.528,0.0500,5.000,0,0
1763678507.740782,7.502,6,6,34.540,1.89552,0.042,0.647,63.833,1079.7,0.6099,34.540,0.0500,5.000,0,0
1763678507.876925,7.604,6,6,34.531,2.16972,0.044,0.647,63.350,1079.8,0.6561,34.531,0.0500,5.000,0,0
1763678508.008397,7.411,6,6,34.520,2.16970,0.044,0.647,63.004,1079.1,0.6568,34.520,0.0500,5.000,0,0
1763678508.140863,7.509,6,6,34.510,2.16926,0.045,0.646,62.758,1079.2,0.6566,34.510,0.0500,5.000,0,0
1763678508.273695,7.486,6,6,34.493,2.16905,0.044,0.648,62.606,1078.3,0.6567,34.493,0.0500,5.000,0,0
1763678508.410328,7.690,6,6,34.502,2.16948,0.045,0.644,62.476,1078.9,0.6562,34.502,0.0500,5.000,0,0
1763678508.548244,7.245,6,6,34.512,2.16928,0.044,0.644,62.389,1079.1,0.6569,34.512,0.0500,5.000,0,0
1763678508.677206,7.823,6,6,34.517,2.16947,0.045,0.644,62.331,1078.8,0.6567,34.517,0.0500,5.000,0,0
1763678508.805565,7.393,6,6,34.526,2.16917,0.045,0.644,62.275,1079.0,0.6563,34.526,0.0500,5.000,0,0
1763678508.945626,7.356,6,6,34.551,2.16931,0.044,0.647,62.280,1078.8,0.6560,34.551,0.0500,5.000,0,0
1763678509.073384,7.576,6,6,34.516,2.16996,0.044,0.645,62.245,1078.2,0.6562,34.516,0.0500,5.000,0,0
1763678509.206285,7.546,6,6,34.528,1.89555,0.041,0.648,63.917,1078.5,0.6099,34.528,0.0500,5.000,0,0
1763678509.342926,7.344,6,6,34.525,1.89692,0.043,0.645,65.180,1078.8,0.6092,34.525,0.0500,5.000,0,0
1763678509.476261,7.631,6,6,34.538,1.89520,0.042,0.648,66.040,1079.8,0.6100,34.538,0.0500,5.000,0,0
1763678509.607912,7.483,6,6,34.553,2.16963,0.044,0.645,64.937,1079.8,0.6560,34.553,0.0500,5.000,0,0
1763678509.743118,7.378,6,6,34.556,1.89606,0.042,0.645,65.847,1079.3,0.6092,34.556,0.0500,5.000,0,0
1763678509.875774,7.673,6,6,34.533,1.89608,0.042,0.645,66.514,1078.9,0.6093,34.533,0.0500,5.000,0,0
1763678510.006231,7.432,6,6,34.519,1.89550,0.042,0.646,66.987,1079.0,0.6095,34.519,0.0500,5.000,0,0
1763678510.144043,7.369,6,6,34.534,2.16873,0.044,0.645,65.634,1079.0,0.6565,34.534,0.0500,5.000,0,0
1763678510.271806,7.677,6,6,34.528,2.16862,0.044,0.644,64.637,1079.4,0.6567,34.528,0.0500,5.000,0,0
1763678510.409801,7.366,6,6,34.533,2.16975,0.044,0.643,63.959,1079.2,0.6570,34.533,0.0500,5.000,0,0
1763678510.540213,7.565,6,6,34.525,2.16902,0.044,0.647,63.494,1078.4,0.6567,34.525,0.0500,5.000,0,0
1763678510.677300,7.348,6,6,34.541,2.16862,0.044,0.645,63.151,1079.2,0.6571,34.541,0.0500,5.000,0,0
1763678510.823592,7.643,6,6,34.539,2.16875,0.043,0.646,62.911,1079.3,0.6563,34.539,0.0500,5.000,0,0
1763678510.978159,6.020,6,6,34.537,2.16978,0.043,0.644,62.709,1079.6,0.6565,34.537,0.0500,5.000,0,0
1763678511.109037,7.459,6,6,34.521,2.16952,0.044,0.643,62.537,1080.3,0.6568,34.521,0.0500,5.000,0,0
1763678511.240826,7.631,6,6,34.526,2.16881,0.043,0.643,62.441,1079.9,0.6573,34.526,0.0500,5.000,0,0
1763678511.379945,7.377,6,6,34.515,2.16921,0.043,0.646,62.350,1079.4,0.6569,34.515,0.0500,5.000,0,0
1763678511.506914,7.505,6,6,34.525,1.89535,0.042,0.646,63.958,1079.2,0.6104,34.525,0.0500,5.000,0,0
1763678511.641740,7.412,6,6,34.536,2.16916,0.043,0.644,63.423,1079.9,0.6568,34.536,0.0500,5.000,0,0
1763678511.776195,7.507,6,6,34.529,2.16910,0.044,0.645,63.027,1079.9,0.6569,34.529,0.0500,5.000,0,0
1763678511.907588,7.771,6,6,34.529,2.16965,0.043,0.643,62.777,1079.4,0.6571,34.529,0.0500,5.000,0,0
1763678512.040191,7.368,6,6,34.520,2.16908,0.043,0.643,62.599,1079.5,0.6570,34.520,0.0500,5.000,0,0
1763678512.172777,7.622,6,6,34.522,2.17000,0.044,0.643,62.457,1079.5,0.6568,34.522,0.0500,5.000,0,0
1763678512.300851,7.715,6,6,34.529,2.16980,0.044,0.641,62.341,1079.9,0.6568,34.529,0.0500,5.000,0,0
1763678512.452645,7.057,6,6,34.548,2.16936,0.044,0.643,62.295,1080.1,0.6565,34.548,0.0500,5.000,0,0
1763678512.577470,7.502,6,6,34.521,2.17036,0.044,0.643,62.246,1079.2,0.6566,34.521,0.0500,5.000,0,0
1763678512.706242,7.773,6,6,34.538,2.16851,0.044,0.647,62.235,1079.3,0.6557,34.538,0.0500,5.000,0,0
1763678512.839468,7.487,6,6,34.535,1.89507,0.042,0.648,63.905,1079.7,0.6093,34.535,0.0500,5.000,0,0
1763678512.979050,7.281,6,6,34.542,2.16868,0.044,0.645,63.381,1080.1,0.6560,34.542,0.0500,5.000,0,0
1763678513.109130,7.464,6,6,34.520,2.16828,0.044,0.646,62.974,1079.4,0.6562,34.520,0.0500,5.000,0,0
1763678513.242728,7.521,6,6,34.505,2.16759,0.044,0.646,62.709,1078.5,0.6559,34.505,0.0500,5.000,0,0
1763678513.367808,7.937,6,6,34.502,2.16769,0.045,0.645,62.471,1079.4,0.6562,34.502,0.0500,5.000,0,0
1763678513.498287,7.836,6,6,34.510,2.16805,0.044,0.646,62.294,1079.7,0.6563,34.510,0.0500,5.000,0,0
1763678513.630856,7.417,6,6,34.506,2.16862,0.044,0.645,62.199,1079.8,0.6561,34.506,0.0500,5.000,0,0
1763678513.772171,7.073,6,6,34.516,2.16898,0.044,0.649,62.148,1078.8,0.6562,34.516,0.0500,5.000,0,0
1763678513.904986,7.592,6,6,34.516,1.89433,0.042,0.650,63.797,1079.0,0.6092,34.516,0.0500,5.000,0,0
1763678514.038911,7.344,6,6,34.525,1.89435,0.042,0.649,64.973,1079.0,0.6092,34.525,0.0500,5.000,0,0
1763678514.334236,7.439,6,6,34.531,2.16909,0.044,0.646,64.124,1078.8,0.6560,34.531,0.0500,5.000,0,0
1763678514.510599,3.000,6,6,34.520,2.16891,0.044,0.646,63.494,1079.0,0.6564,34.520,0.0500,5.000,0,0
1763678514.642382,7.709,6,6,34.520,2.16931,0.044,0.646,63.064,1079.5,0.6563,34.520,0.0500,5.000,0,0
1763678514.806738,6.698,6,6,34.520,2.16906,0.044,0.649,62.755,1079.2,0.6561,34.520,0.0500,5.000,0,0
1763678514.934015,6.981,6,6,34.539,2.16916,0.044,0.647,62.542,1079.4,0.6559,34.539,0.0500,5.000,0,0
1763678515.063588,7.596,6,6,34.522,2.16947,0.044,0.648,62.371,1078.6,0.6560,34.522,0.0500,5.000,0,0
1763678515.197454,7.487,6,6,34.513,2.16943,0.044,0.647,62.250,1078.7,0.6557,34.513,0.0500,5.000,0,0
1763678515.338084,7.355,6,6,34.493,1.89350,0.043,0.646,63.822,1079.4,0.6095,34.493,0.0500,5.000,0,0
1763678515.473957,7.075,6,6,34.526,2.16870,0.044,0.645,63.254,1079.5,0.6562,34.526,0.0500,5.000,0,0
1763678515.608840,7.384,6,6,34.503,2.16882,0.044,0.646,62.847,1078.6,0.6556,34.503,0.0500,5.000,0,0
1763678515.742667,7.461,6,6,34.498,1.89478,0.043,0.648,64.278,1078.3,0.6090,34.498,0.0500,5.000,0,0
1763678515.877746,7.540,6,6,34.471,2.16803,0.045,0.648,63.555,1077.9,0.6565,34.471,0.0500,5.000,0,0
1763678516.008085,7.490,6,6,34.465,2.16788,0.045,0.648,62.985,1077.5,0.6562,34.465,0.0500,5.000,0,0
1763678516.141604,7.589,6,6,34.494,2.16737,0.045,0.648,62.606,1078.2,0.6563,34.494,0.0500,5.000,0,0
1763678516.290829,6.786,6,6,34.479,2.16783,0.045,0.648,62.295,1078.2,0.6561,34.479,0.0500,5.000,0,0
1763678516.439151,6.671,6,6,34.471,2.16851,0.045,0.647,62.095,1077.9,0.6560,34.471,0.0500,5.000,0,0
1763678516.571877,7.473,6,6,34.488,1.89378,0.043,0.647,63.745,1078.3,0.6089,34.488,0.0500,5.000,0,0
1763678516.709160,7.401,6,6,34.453,2.16844,0.046,0.643,63.173,1077.2,0.6564,34.453,0.0500,5.000,0,0
1763678516.841920,7.381,6,6,34.467,2.16784,0.045,0.648,62.712,1077.6,0.6561,34.467,0.0500,5.000,0,0
1763678516.975916,7.545,6,6,34.472,2.16745,0.046,0.647,62.380,1077.9,0.6560,34.472,0.0500,5.000,0,0
1763678517.108625,7.447,6,6,34.476,2.16705,0.047,0.648,62.140,1077.4,0.6562,34.476,0.0500,5.000,0,0
1763678517.240800,7.552,6,6,34.479,2.16639,0.047,0.649,61.961,1077.6,0.6558,34.479,0.0500,5.000,0,0
1763678517.376076,7.459,6,6,34.478,2.16678,0.046,0.648,61.803,1078.2,0.6561,34.478,0.0500,5.000,0,0
1763678517.509695,7.546,6,6,34.487,1.89308,0.044,0.649,63.495,1078.1,0.6087,34.487,0.0500,5.000,0,0
1763678517.643479,7.515,6,6,34.463,2.16664,0.046,0.647,62.890,1077.9,0.6563,34.463,0.0500,5.000,0,0
1763678517.773151,7.533,6,6,34.491,2.16699,0.046,0.649,62.467,1078.5,0.6561,34.491,0.0500,5.000,0,0
1763678517.910834,7.444,6,6,34.485,2.16618,0.046,0.647,62.188,1078.3,0.6561,34.485,0.0500,5.000,0,0
1763678518.043637,7.504,6,6,34.476,2.16669,0.045,0.649,62.015,1078.3,0.6560,34.476,0.0500,5.000,0,0
1763678518.170642,7.594,6,6,34.484,2.16748,0.045,0.647,61.865,1079.3,0.6562,34.484,0.0500,5.000,0,0
1763678518.305647,7.457,6,6,34.472,2.16782,0.046,0.648,61.758,1078.4,0.6559,34.472,0.0500,5.000,0,0
1763678518.441279,7.489,6,6,34.491,2.16798,0.045,0.646,61.710,1078.4,0.6560,34.491,0.0500,5.000,0,0
1763678518.573034,7.507,6,6,34.475,1.89246,0.044,0.648,63.412,1078.4,0.6091,34.475,0.0500,5.000,0,0
1763678518.707455,7.424,6,6,34.495,2.16664,0.046,0.647,62.851,1078.4,0.6558,34.495,0.0500,5.000,0,0
1763678518.843416,7.473,6,6,34.474,2.16715,0.046,0.644,62.476,1078.5,0.6568,34.474,0.0500,5.000,0,0
1763678518.978170,7.579,6,6,34.443,2.16790,0.046,0.643,62.192,1077.4,0.6567,34.443,0.0500,5.000,0,0
1763678519.108096,7.418,6,6,34.444,2.16817,0.046,0.645,62.010,1076.8,0.6560,34.444,0.0500,5.000,0,0
1763678519.240868,7.533,6,6,34.470,2.16770,0.046,0.642,61.860,1078.0,0.6561,34.470,0.0500,5.000,0,0
1763678519.375940,7.464,6,6,34.464,2.16785,0.046,0.645,61.732,1077.1,0.6569,34.464,0.0500,5.000,0,0
1763678519.506882,7.499,6,6,34.444,2.16957,0.044,0.645,61.686,1076.3,0.6563,34.444,0.0500,5.000,0,0
1763678519.643086,7.485,6,6,34.467,2.16758,0.046,0.646,61.639,1077.0,0.6561,34.467,0.0500,5.000,0,0
1763678519.778797,7.540,6,6,34.478,2.16733,0.046,0.648,61.548,1078.2,0.6560,34.478,0.0500,5.000,0,0
1763679051.446431,61.527,7,7,33.117,2.01815,0.037,0.567,83.465,990.0,0.6570,33.117,0.0500,5.000,0,0
1763679052.246085,1.601,6,6,34.031,2.11804,0.045,0.653,80.136,1057.2,0.6814,34.031,0.0500,5.000,0,0
1763679052.401366,2.007,6,6,33.904,2.11554,0.043,0.657,77.703,1053.4,0.6812,33.904,0.0500,5.000,0,0
1763679052.587222,6.104,6,6,33.936,2.11498,0.044,0.655,77.703,1054.6,0.6811,33.936,0.0500,5.000,0,0
1763679052.746116,5.874,7,7,33.022,2.02222,0.038,0.557,76.270,989.3,0.6586,33.022,0.0500,5.000,0,0
1763679053.375521,6.079,7,7,33.056,2.02211,0.039,0.557,75.220,988.0,0.6580,33.056,0.0500,5.000,0,0
1763679053.598757,1.498,7,7,32.991,2.02293,0.038,0.559,74.481,988.0,0.6580,32.991,0.0500,5.000,0,0
1763679053.740373,5.941,7,7,32.967,2.02108,0.038,0.556,74.081,986.2,0.6578,32.967,0.0500,5.000,0,0
1763679053.894391,5.899,6,6,33.881,2.11569,0.044,0.653,69.666,1051.1,0.6818,33.881,0.0500,5.000,0,0
1763679054.034303,7.615,6,6,33.888,2.11707,0.044,0.653,66.442,1051.5,0.6816,33.888,0.0500,5.000,0,0
1763679054.189445,5.931,6,6,33.865,2.11647,0.045,0.651,64.129,1051.8,0.6825,33.865,0.0500,5.000,0,0
1763679054.328449,7.504,6,6,33.895,2.11530,0.044,0.652,62.505,1050.7,0.6818,33.895,0.0500,5.000,0,0
1763679054.468764,7.444,6,6,33.873,2.11521,0.044,0.651,61.336,1050.6,0.6816,33.873,0.0500,5.000,0,0
1763679054.605773,7.422,6,6,33.887,2.11497,0.044,0.650,60.492,1051.0,0.6813,33.887,0.0500,5.000,0,0
1763679054.767115,6.061,6,6,33.898,2.11646,0.044,0.652,59.886,1050.9,0.6812,33.898,0.0500,5.000,0,0
1763679054.895295,7.586,7,7,32.998,2.02188,0.038,0.557,63.659,987.1,0.6576,32.998,0.0500,5.000,0,0
1763679055.026352,7.402,6,6,33.912,2.11586,0.044,0.652,62.160,1051.8,0.6810,33.912,0.0500,5.000,0,0
1763679055.157676,7.527,6,6,33.909,2.11613,0.044,0.652,61.094,1052.6,0.6813,33.909,0.0500,5.000,0,0
1763679055.320254,6.121,6,6,33.906,2.11630,0.044,0.654,60.318,1051.1,0.6811,33.906,0.0500,5.000,0,0
1763679055.458343,7.439,7,7,33.033,2.02184,0.038,0.559,63.842,987.1,0.6571,33.033,0.0500,5.000,0,0
1763679055.587506,7.404,6,6,33.957,2.11694,0.045,0.654,62.251,1052.5,0.6816,33.957,0.0500,5.000,0,0
1763679055.726446,7.391,6,6,33.940,2.11724,0.045,0.649,61.084,1051.7,0.6817,33.940,0.0500,5.000,0,0
1763679055.856796,7.534,6,6,33.942,2.11825,0.045,0.651,60.270,1051.8,0.6813,33.942,0.0500,5.000,0,0
1763679055.991110,7.469,6,6,33.941,2.11778,0.045,0.649,59.713,1052.8,0.6814,33.941,0.0500,5.000,0,0
1763679056.121557,7.604,6,6,33.997,2.11760,0.045,0.651,59.320,1055.1,0.6809,33.997,0.0500,5.000,0,0
1763679056.261058,7.482,6,6,33.979,2.11729,0.044,0.651,59.044,1053.9,0.6821,33.979,0.0500,5.000,0,0
1763679056.393964,7.629,6,6,34.040,2.28385,0.045,0.653,58.767,1056.1,0.6317,34.040,0.0500,5.000,0,0
1763679056.529241,7.474,6,6,33.968,2.11797,0.045,0.648,58.617,1053.9,0.6811,33.968,0.0500,5.000,0,0
1763679056.658319,7.630,6,6,33.946,2.11925,0.045,0.649,58.501,1052.4,0.6813,33.946,0.0500,5.000,0,0
1763679056.787388,7.416,6,6,33.959,2.11849,0.045,0.650,58.433,1052.7,0.6815,33.959,0.0500,5.000,0,0
1763679056.924410,7.423,6,6,33.965,2.11790,0.045,0.650,58.417,1052.0,0.6814,33.965,0.0500,5.000,0,0
1763679057.052787,7.551,6,6,33.941,2.11749,0.045,0.649,58.400,1051.9,0.6814,33.941,0.0500,5.000,0,0
1763679057.192935,7.394,7,7,33.062,2.02258,0.039,0.556,62.479,988.3,0.6577,33.062,0.0500,5.000,0,0
1763679057.331940,7.459,7,7,33.051,2.02402,0.039,0.554,65.414,987.8,0.6581,33.051,0.0500,5.000,0,0
1763679057.466622,7.447,7,7,33.041,2.09509,0.039,0.551,67.373,987.4,0.6151,33.041,0.0500,5.000,0,0
1763679057.595474,7.460,6,6,33.944,2.11763,0.046,0.646,64.821,1051.3,0.6814,33.944,0.0500,5.000,0,0
1763679057.723363,8.014,6,6,33.954,2.11674,0.045,0.647,62.958,1053.5,0.6818,33.954,0.0500,5.000,0,0
1763679057.860831,7.501,6,6,33.963,2.11574,0.045,0.652,61.625,1054.2,0.6810,33.963,0.0500,5.000,0,0
1763679057.989827,7.168,6,6,34.011,2.11724,0.045,0.650,60.714,1054.5,0.6807,34.011,0.0500,5.000,0,0
1763679058.126089,7.317,6,6,34.004,2.28305,0.045,0.654,59.999,1053.4,0.6317,34.004,0.0500,5.000,0,0
1763679058.255613,7.606,6,6,33.956,2.11677,0.045,0.648,59.524,1053.4,0.6809,33.956,0.0500,5.000,0,0
1763679058.388493,7.602,6,6,33.964,2.28331,0.045,0.648,59.240,1051.7,0.6308,33.964,0.0500,5.000,0,0
1763679058.522761,7.441,6,6,33.930,2.11821,0.045,0.645,58.913,1051.7,0.6812,33.930,0.0500,5.000,0,0
1763679058.659727,7.469,6,6,33.973,2.11690,0.045,0.647,58.706,1053.4,0.6816,33.973,0.0500,5.000,0,0
1763679058.785664,7.948,6,6,33.974,2.11773,0.045,0.648,58.563,1054.7,0.6820,33.974,0.0500,5.000,0,0
1763679058.924200,7.134,6,6,33.994,2.11743,0.045,0.650,58.440,1055.8,0.6821,33.994,0.0500,5.000,0,0
1763679059.055116,7.596,6,6,33.991,2.11668,0.045,0.650,58.376,1054.8,0.6820,33.991,0.0500,5.000,0,0
1763679059.190155,7.490,6,6,34.009,2.28671,0.045,0.653,58.323,1055.5,0.6315,34.009,0.0500,5.000,0,0
1763679059.326648,7.455,6,6,33.988,2.11714,0.045,0.650,58.291,1055.2,0.6818,33.988,0.0500,5.000,0,0
1763679059.461326,7.324,6,6,33.964,2.11708,0.045,0.650,58.297,1053.7,0.6819,33.964,0.0500,5.000,0,0
1763679059.587176,7.749,6,6,33.970,2.11693,0.046,0.647,58.340,1053.3,0.6818,33.970,0.0500,5.000,0,0
1763679059.720956,7.486,6,6,33.921,2.11823,0.045,0.651,58.322,1051.6,0.6815,33.921,0.0500,5.000,0,0
1763679059.850608,7.765,6,6,33.935,2.11860,0.045,0.646,58.305,1050.7,0.6810,33.935,0.0500,5.000,0,0
1763679059.990539,7.218,6,6,33.886,2.28613,0.045,0.650,58.279,1050.1,0.6321,33.886,0.0500,5.000,0,0
1763679060.120329,7.624,6,6,33.923,2.11812,0.045,0.648,58.300,1050.9,0.6817,33.923,0.0500,5.000,0,0
1763679060.258873,7.374,6,6,33.941,2.11714,0.045,0.650,58.270,1053.7,0.6815,33.941,0.0500,5.000,0,0
1763679060.394268,7.484,6,6,33.928,2.11626,0.045,0.651,58.290,1054.1,0.6814,33.928,0.0500,5.000,0,0
1763679060.527722,7.453,6,6,33.940,2.11729,0.045,0.653,58.274,1054.0,0.6826,33.940,0.0500,5.000,0,0
1763679060.666044,7.554,6,6,33.925,2.28034,0.045,0.653,58.271,1052.2,0.6315,33.925,0.0500,5.000,0,0
1763679060.791525,7.540,6,6,33.913,2.11766,0.044,0.655,58.251,1053.0,0.6822,33.913,0.0500,5.000,0,0
1763679060.924187,7.539,6,6,33.931,2.11648,0.044,0.655,58.266,1053.1,0.6816,33.931,0.0500,5.000,0,0
1763679061.060291,7.305,6,6,33.914,2.11773,0.045,0.652,58.267,1051.8,0.6811,33.914,0.0500,5.000,0,0
1763679061.191038,7.714,6,6,33.938,2.11830,0.045,0.650,58.270,1051.4,0.6812,33.938,0.0500,5.000,0,0
1763679061.325763,7.392,6,6,33.919,2.11795,0.045,0.648,58.247,1051.4,0.6818,33.919,0.0500,5.000,0,0
1763679061.465499,7.327,6,6,33.943,2.11729,0.045,0.652,58.266,1051.5,0.6814,33.943,0.0500,5.000,0,0
1763679061.593909,7.678,6,6,33.958,2.11680,0.045,0.654,58.285,1053.3,0.6815,33.958,0.0500,5.000,0,0
1763679061.724924,7.390,6,6,33.920,2.11742,0.044,0.657,58.303,1052.8,0.6816,33.920,0.0500,5.000,0,0
1763679061.851072,7.943,6,6,33.930,2.11756,0.044,0.658,58.334,1052.3,0.6814,33.930,0.0500,5.000,0,0
1763679061.989648,7.191,6,6,33.933,2.11751,0.044,0.656,58.326,1053.1,0.6812,33.933,0.0500,5.000,0,0
1763679062.123310,7.518,6,6,33.913,2.11804,0.045,0.650,58.262,1053.2,0.6822,33.913,0.0500,5.000,0,0
1763679062.256898,7.494,6,6,33.915,2.11765,0.045,0.651,58.258,1051.5,0.6812,33.915,0.0500,5.000,0,0
1763679062.387338,7.603,6,6,33.939,2.11749,0.044,0.656,58.287,1052.6,0.6811,33.939,0.0500,5.000,0,0
1763679062.522520,7.394,6,6,33.950,2.11663,0.044,0.659,58.360,1053.3,0.6815,33.950,0.0500,5.000,0,0
1763679062.655624,7.623,6,6,33.940,2.11668,0.044,0.656,58.425,1053.9,0.6816,33.940,0.0500,5.000,0,0
1763679062.805810,7.376,6,6,33.946,2.11720,0.044,0.655,58.434,1053.6,0.6820,33.946,0.0500,5.000,0,0
1763679062.956924,6.032,6,6,33.938,2.11721,0.044,0.656,58.432,1053.4,0.6820,33.938,0.0500,5.000,0,0
1763679063.090816,7.465,6,6,33.909,2.11598,0.044,0.655,58.444,1054.1,0.6822,33.909,0.0500,5.000,0,0
1763679063.221708,7.629,6,6,33.944,2.11786,0.044,0.658,58.406,1054.0,0.6812,33.944,0.0500,5.000,0,0
1763679063.358011,7.425,6,6,33.949,2.11712,0.045,0.653,58.416,1053.3,0.6807,33.949,0.0500,5.000,0,0
1763679063.488111,7.478,6,6,33.966,2.11543,0.045,0.656,58.447,1054.4,0.6816,33.966,0.0500,5.000,0,0
1763679063.623461,7.579,7,7,33.004,2.02080,0.037,0.558,62.788,989.0,0.6572,33.004,0.0500,5.000,0,0
1763679063.754938,7.435,6,6,33.943,2.11594,0.044,0.658,61.578,1053.3,0.6807,33.943,0.0500,5.000,0,0
1763679063.893721,7.323,6,6,33.926,2.11721,0.044,0.654,60.649,1052.6,0.6818,33.926,0.0500,5.000,0,0
1763679064.021126,7.738,6,6,33.920,2.11787,0.045,0.653,59.966,1052.8,0.6817,33.920,0.0500,5.000,0,0
1763679064.149580,7.611,6,6,33.901,2.11634,0.044,0.656,59.509,1053.2,0.6821,33.901,0.0500,5.000,0,0
1763679064.288995,7.330,6,6,33.931,2.11588,0.044,0.656,59.205,1053.2,0.6812,33.931,0.0500,5.000,0,0
1763679064.422679,7.481,6,6,33.903,2.11649,0.044,0.653,58.965,1053.1,0.6813,33.903,0.0500,5.000,0,0
1763679064.551297,7.731,6,6,33.895,2.11672,0.044,0.655,58.780,1053.1,0.6815,33.895,0.0500,5.000,0,0
1763679064.684546,7.541,6,6,33.923,2.11634,0.044,0.658,58.679,1053.6,0.6814,33.923,0.0500,5.000,0,0
1763679064.851239,5.980,6,6,33.957,2.11666,0.044,0.659,58.580,1054.1,0.6814,33.957,0.0500,5.000,0,0
1763679064.986822,7.340,6,6,33.934,2.11689,0.044,0.661,58.541,1053.4,0.6806,33.934,0.0500,5.000,0,0
1763679065.123534,7.414,6,6,33.943,2.11671,0.044,0.657,58.531,1053.7,0.6810,33.943,0.0500,5.000,0,0
1763679065.255153,7.649,6,6,33.935,2.11704,0.044,0.656,58.515,1053.3,0.6813,33.935,0.0500,5.000,0,0
1763679065.383558,7.786,6,6,33.940,2.11651,0.044,0.656,58.481,1054.0,0.6818,33.940,0.0500,5.000,0,0
1763679065.520817,7.156,6,6,33.921,2.11678,0.044,0.659,58.423,1054.4,0.6817,33.921,0.0500,5.000,0,0
1763737406.577059,33.131,7,7,34.773,2.15514,0.021,0.386,82.018,1087.4,0.6565,34.773,0.0500,5.000,0,0
1763737407.004034,3.907,7,7,34.787,2.16121,0.019,0.396,81.907,1082.8,0.6565,34.787,0.0500,5.000,0,0
1763737407.311510,2.362,7,7,34.710,2.16438,0.019,0.396,81.996,1079.3,0.6564,34.710,0.0500,5.000,0,0
1763737407.466439,4.218,7,7,34.714,2.16843,0.018,0.395,82.055,1081.6,0.6567,34.714,0.0500,5.000,0,0
1763737407.662007,5.962,7,7,34.750,2.16072,0.019,0.391,82.034,1084.1,0.6575,34.750,0.0500,5.000,0,0
1763737408.276761,6.011,7,7,34.768,2.15938,0.019,0.390,81.970,1083.5,0.6566,34.768,0.0500,5.000,0,0
1763737408.495269,1.537,7,7,34.811,2.15767,0.019,0.395,82.011,1086.3,0.6559,34.811,0.0500,5.000,0,0
1763737408.714849,5.501,7,7,34.809,2.15952,0.019,0.393,81.963,1086.1,0.6563,34.809,0.0500,5.000,0,0
1763737408.967126,4.260,7,7,34.793,2.15690,0.020,0.392,81.983,1085.5,0.6571,34.793,0.0500,5.000,0,0
1763737409.236214,3.080,7,7,34.785,2.15830,0.019,0.393,81.953,1085.1,0.6568,34.785,0.0500,5.000,0,0
1763737409.429480,4.827,7,7,34.771,2.15873,0.019,0.394,82.048,1084.6,0.6566,34.771,0.0500,5.000,0,0
1763737409.581982,5.985,6,6,35.129,1.85287,0.022,0.451,82.616,1112.4,0.6413,35.129,0.0500,5.000,0,0
1763737409.767799,6.000,7,7,34.790,2.15953,0.019,0.397,82.571,1086.2,0.6576,34.790,0.0500,5.000,0,0
1763737409.948098,6.008,7,7,34.776,2.15728,0.019,0.397,82.544,1085.4,0.6575,34.776,0.0500,5.000,0,0
1763737410.123177,5.002,7,7,34.788,2.15895,0.019,0.396,82.494,1085.6,0.6572,34.788,0.0500,5.000,0,0
1763737410.277468,6.011,7,7,34.785,2.16043,0.018,0.396,82.468,1085.5,0.6567,34.785,0.0500,5.000,0,0
1763737410.428030,6.016,7,7,34.757,2.16025,0.018,0.397,82.471,1085.1,0.6568,34.757,0.0500,5.000,0,0
1763737410.560854,7.520,7,7,34.770,2.16035,0.018,0.401,82.496,1085.4,0.6566,34.770,0.0500,5.000,0,0
1763737410.696282,7.459,7,7,34.774,2.15940,0.018,0.402,82.492,1085.5,0.6560,34.774,0.0500,5.000,0,0
1763737410.828188,7.496,7,7,34.797,2.15965,0.018,0.399,82.403,1086.2,0.6564,34.797,0.0500,5.000,0,0
1763737410.962070,7.487,7,7,34.766,2.16031,0.018,0.399,82.425,1085.5,0.6569,34.766,0.0500,5.000,0,0
1763737411.100131,7.507,7,7,34.781,2.15552,0.019,0.400,82.510,1085.9,0.6566,34.781,0.0500,5.000,0,0
1763737411.232649,7.525,6,6,35.140,1.85463,0.021,0.452,82.851,1113.4,0.6407,35.140,0.0500,5.000,0,0
1763737411.380545,7.455,6,6,35.153,1.85503,0.021,0.451,83.052,1113.7,0.6415,35.153,0.0500,5.000,0,0
1763737411.535040,6.014,7,7,34.787,2.15766,0.019,0.393,82.698,1085.8,0.6572,34.787,0.0500,5.000,0,0
1763737411.673666,7.498,7,7,34.764,2.15655,0.019,0.396,82.510,1086.0,0.6572,34.764,0.0500,5.000,0,0
1763737411.858588,6.009,7,7,34.775,2.15784,0.019,0.394,82.336,1085.5,0.6573,34.775,0.0500,5.000,0,0
1763737411.997761,6.047,7,7,34.793,2.15806,0.019,0.394,82.233,1086.1,0.6566,34.793,0.0500,5.000,0,0
1763737412.132949,7.440,7,7,34.783,2.15920,0.019,0.392,82.076,1086.0,0.6568,34.783,0.0500,5.000,0,0
1763737412.444942,3.310,7,7,34.799,2.15745,0.019,0.393,82.062,1086.3,0.6570,34.799,0.0500,5.000,0,0
1763737412.596897,6.071,7,7,34.793,2.15749,0.019,0.393,82.027,1085.9,0.6571,34.793,0.0500,5.000,0,0
1763737412.729624,7.510,7,7,34.790,2.15807,0.019,0.393,82.001,1086.4,0.6571,34.790,0.0500,5.000,0,0
1763737412.864174,7.458,7,7,34.800,2.15743,0.019,0.394,82.014,1086.3,0.6567,34.800,0.0500,5.000,0,0
1763737412.998847,7.514,7,7,34.800,2.15848,0.019,0.390,81.980,1086.5,0.6571,34.800,0.0500,5.000,0,0
1763737413.147032,6.673,7,7,34.801,2.15726,0.019,0.394,82.013,1086.4,0.6568,34.801,0.0500,5.000,0,0
1763737413.352537,7.538,7,7,34.803,2.15754,0.019,0.394,82.052,1086.4,0.6567,34.803,0.0500,5.000,0,0
1763737413.481842,4.985,7,7,34.797,2.15789,0.019,0.395,82.096,1086.7,0.6572,34.797,0.0500,5.000,0,0
1763737413.634214,6.664,7,7,34.797,2.15838,0.019,0.394,82.108,1086.2,0.6566,34.797,0.0500,5.000,0,0
1763737413.766510,7.481,7,7,34.789,2.15857,0.019,0.392,82.052,1086.3,0.6568,34.789,0.0500,5.000,0,0
1763737413.896842,7.542,7,7,34.788,2.15871,0.019,0.394,82.021,1086.2,0.6567,34.788,0.0500,5.000,0,0
1763737414.031000,7.452,7,7,34.785,2.16039,0.019,0.393,81.986,1086.3,0.6568,34.785,0.0500,5.000,0,0
1763737414.178465,6.881,7,7,34.807,2.15827,0.019,0.393,82.027,1086.7,0.6565,34.807,0.0500,5.000,0,0
1763737414.314502,7.305,7,7,34.802,2.15700,0.019,0.396,82.057,1086.8,0.6570,34.802,0.0500,5.000,0,0
1763737414.447706,7.588,7,7,34.800,2.15836,0.019,0.395,82.090,1086.6,0.6567,34.800,0.0500,5.000,0,0
1763737745.903211,210.960,7,7,34.726,2.70541,0.018,0.411,57.461,1072.5,0.6090,34.726,0.0500,5.000,0,0
1763737746.792166,1.696,7,7,34.585,2.20794,0.019,0.402,50.325,1062.7,0.6354,34.585,0.0500,5.000,0,0
1763737747.247325,1.629,7,7,34.568,2.20966,0.019,0.401,42.083,1062.5,0.6361,34.568,0.0500,5.000,0,0
1763737747.672821,2.147,7,7,34.606,2.21367,0.019,0.395,42.083,1063.8,0.6354,34.606,0.0500,5.000,0,0
1763737748.076251,2.489,6,6,34.933,1.93014,0.021,0.447,41.385,1086.6,0.6066,34.933,0.0500,5.000,0,0
1763737748.448052,2.360,6,6,34.912,1.92983,0.021,0.447,41.385,1086.3,0.6073,34.912,0.0500,5.000,0,0
1763737748.656852,2.931,6,6,34.980,1.93223,0.021,0.449,41.385,1087.2,0.6060,34.980,0.0500,5.000,0,0
1763737748.857011,4.324,7,7,34.644,2.21710,0.018,0.390,41.385,1063.6,0.6353,34.644,0.0500,5.000,0,0
1763737749.060270,6.077,7,7,34.597,2.21731,0.018,0.391,41.385,1062.7,0.6355,34.597,0.0500,5.000,0,0
1763737749.799455,4.799,7,7,34.654,2.21669,0.018,0.395,41.385,1064.6,0.6339,34.654,0.0500,5.000,0,0
1763737750.568745,1.270,7,7,34.632,2.21527,0.018,0.397,41.385,1064.3,0.6355,34.632,0.0500,5.000,0,0
1763737750.885471,1.345,7,7,34.638,2.21413,0.018,0.400,41.385,1065.7,0.6354,34.638,0.0500,5.000,0,0
1763737751.127501,3.198,7,7,34.606,2.20946,0.019,0.397,41.385,1063.8,0.6364,34.606,0.0500,5.000,0,0
1763737751.341010,4.511,6,6,35.003,1.92569,0.022,0.456,41.385,1088.8,0.6073,35.003,0.0500,5.000,0,0
1763737751.609802,4.307,7,7,34.608,2.20740,0.019,0.397,41.385,1063.4,0.6362,34.608,0.0500,5.000,0,0
1763737752.025499,3.657,7,7,34.567,2.20836,0.019,0.399,41.385,1062.7,0.6358,34.567,0.0500,5.000,0,0
1763737752.337558,2.540,6,6,34.963,1.92480,0.022,0.458,41.385,1085.5,0.6064,34.963,0.0500,5.000,0,0
1763737752.716858,3.163,6,6,34.944,1.92553,0.022,0.462,41.385,1085.7,0.6067,34.944,0.0500,5.000,0,0
1763737752.904478,2.613,7,7,34.576,2.20804,0.019,0.395,41.385,1062.6,0.6361,34.576,0.0500,5.000,0,0
1763737753.063344,5.955,6,6,34.968,1.92826,0.022,0.451,41.385,1084.9,0.6055,34.968,0.0500,5.000,0,0
1763737753.229219,6.011,7,7,34.553,2.21231,0.019,0.389,41.385,1060.7,0.6354,34.553,0.0500,5.000,0,0
1763737753.429315,6.014,6,6,34.946,1.92879,0.022,0.453,41.385,1085.0,0.6059,34.946,0.0500,5.000,0,0
1763737753.742379,4.946,6,6,34.945,1.92676,0.022,0.452,41.385,1084.9,0.6061,34.945,0.0500,5.000,0,0
1763737754.015133,3.024,6,6,34.952,1.92844,0.022,0.449,41.385,1084.8,0.6066,34.952,0.0500,5.000,0,0
1763737754.221708,3.743,7,7,34.560,2.21380,0.019,0.391,41.385,1061.1,0.6363,34.560,0.0500,5.000,0,0
1763737754.411688,5.042,6,6,34.886,1.92982,0.022,0.452,41.385,1083.9,0.6063,34.886,0.0500,5.000,0,0
1763737754.583841,4.909,6,6,34.915,1.92767,0.022,0.448,41.385,1085.4,0.6070,34.915,0.0500,5.000,0,0
1763737754.782551,5.976,6,6,34.929,1.93028,0.022,0.448,41.385,1084.8,0.6067,34.929,0.0500,5.000,0,0
1763737754.940000,5.042,7,7,34.555,2.21340,0.019,0.389,41.385,1060.7,0.6361,34.555,0.0500,5.000,0,0
1763737755.070390,7.637,7,7,34.577,2.21457,0.019,0.390,41.385,1061.5,0.6360,34.577,0.0500,5.000,0,0
1763737755.203281,7.375,6,6,34.950,1.92769,0.022,0.450,41.385,1084.7,0.6067,34.950,0.0500,5.000,0,0
1763737755.339929,7.479,7,7,34.549,2.21416,0.019,0.390,41.385,1060.8,0.6359,34.549,0.0500,5.000,0,0
1763737755.466507,7.784,7,7,34.575,2.21559,0.019,0.391,41.385,1061.2,0.6363,34.575,0.0500,5.000,0,0
1763737755.602596,7.512,7,7,34.574,2.21522,0.019,0.390,41.385,1060.8,0.6361,34.574,0.0500,5.000,0,0
1763737755.734598,7.417,7,7,34.582,2.21526,0.019,0.390,41.385,1060.9,0.6359,34.582,0.0500,5.000,0,0
1763737755.866494,7.527,6,6,34.902,1.92992,0.022,0.448,41.385,1084.8,0.6071,34.902,0.0500,5.000,0,0
1763737756.000530,7.480,7,7,34.590,2.21679,0.019,0.393,41.385,1061.8,0.6362,34.590,0.0500,5.000,0,0
1763737756.139196,7.347,7,7,34.558,2.21587,0.019,0.393,41.385,1061.3,0.6364,34.558,0.0500,5.000,0,0
1763737756.270661,7.555,7,7,34.568,2.21636,0.019,0.391,41.385,1061.1,0.6363,34.568,0.0500,5.000,0,0
1763737756.401165,7.603,7,7,34.572,2.21651,0.018,0.395,41.385,1061.7,0.6363,34.572,0.0500,5.000,0,0
1763737756.533946,7.372,6,6,34.929,1.93110,0.021,0.450,41.385,1084.3,0.6057,34.929,0.0500,5.000,0,0
1763737756.666976,7.590,7,7,34.560,2.21984,0.018,0.392,41.385,1060.9,0.6354,34.560,0.0500,5.000,0,0
1763737756.799915,7.508,6,6,34.934,1.93199,0.021,0.452,41.385,1084.2,0.6062,34.934,0.0500,5.000,0,0
1763737756.934232,7.439,6,6,34.942,1.93066,0.021,0.451,41.385,1084.7,0.6065,34.942,0.0500,5.000,0,0
1763737757.079680,7.417,7,7,34.591,2.22071,0.018,0.398,41.385,1061.0,0.6361,34.591,0.0500,5.000,0,0
1763737757.242762,6.031,7,7,34.603,2.21866,0.018,0.394,41.385,1062.4,0.6361,34.603,0.0500,5.000,0,0
1763737757.384647,7.387,7,7,34.575,2.21829,0.018,0.395,41.385,1061.8,0.6360,34.575,0.0500,5.000,0,0
1763737757.542387,6.108,7,7,34.602,2.21912,0.018,0.397,41.385,1062.0,0.6355,34.602,0.0500,5.000,0,0
1763737757.700358,6.015,6,6,34.951,1.93037,0.021,0.456,41.385,1085.4,0.6065,34.951,0.0500,5.000,0,0
1763737757.836351,7.478,7,7,34.577,2.22091,0.018,0.393,41.385,1061.6,0.6368,34.577,0.0500,5.000,0,0
1763737757.973650,7.501,7,7,34.592,2.21977,0.018,0.397,41.385,1061.8,0.6360,34.592,0.0500,5.000,0,0
1763737758.113422,7.404,7,7,34.575,2.22150,0.017,0.397,41.385,1062.4,0.6363,34.575,0.0500,5.000,0,0
1763737758.292123,6.001,7,7,34.580,2.21909,0.018,0.398,41.385,1062.4,0.6362,34.580,0.0500,5.000,0,0
1763737758.444710,6.021,7,7,34.555,2.22150,0.018,0.398,41.385,1061.6,0.6366,34.555,0.0500,5.000,0,0
1763737758.575010,7.376,7,7,34.565,2.22037,0.018,0.397,41.385,1061.9,0.6359,34.565,0.0500,5.000,0,0
1763737758.740080,5.996,7,7,34.535,2.22134,0.017,0.398,41.385,1061.3,0.6367,34.535,0.0500,5.000,0,0
1763737758.867802,7.700,7,7,34.533,2.22081,0.018,0.399,41.385,1060.7,0.6360,34.533,0.0500,5.000,0,0
1763737758.999062,7.727,7,7,34.540,2.21770,0.018,0.397,41.385,1061.6,0.6363,34.540,0.0500,5.000,0,0
1763737759.135252,7.244,7,7,34.566,2.21704,0.018,0.400,41.385,1062.3,0.6359,34.566,0.0500,5.000,0,0
1763737759.268845,7.500,6,6,34.946,1.92748,0.021,0.465,41.385,1085.9,0.6062,34.946,0.0500,5.000,0,0
1763737759.402371,7.580,6,6,34.965,1.92722,0.021,0.465,41.385,1085.8,0.6056,34.965,0.0500,5.000,0,0
1763737759.534189,7.482,7,7,34.554,2.21606,0.018,0.404,41.385,1060.9,0.6361,34.554,0.0500,5.000,0,0
1763737759.670597,7.470,7,7,34.576,2.21600,0.018,0.403,41.385,1062.5,0.6359,34.576,0.0500,5.000,0,0
1763737759.803624,7.488,7,7,34.580,2.21638,0.018,0.404,41.385,1062.1,0.6358,34.580,0.0500,5.000,0,0
1763737759.937141,7.454,7,7,34.562,2.21677,0.018,0.403,41.385,1062.1,0.6360,34.562,0.0500,5.000,0,0
1763737760.070343,7.536,7,7,34.556,2.21627,0.018,0.406,41.385,1061.1,0.6358,34.556,0.0500,5.000,0,0
1763737760.212316,7.104,7,7,34.564,2.21485,0.018,0.403,41.385,1061.1,0.6357,34.564,0.0500,5.000,0,0
1763737760.374487,6.295,7,7,34.551,2.21473,0.018,0.403,41.385,1060.7,0.6354,34.551,0.0500,5.000,0,0
1763737760.500956,7.548,6,6,34.921,1.92920,0.021,0.465,41.385,1085.5,0.6062,34.921,0.0500,5.000,0,0
1763737760.635337,7.446,7,7,34.547,2.21749,0.018,0.406,41.385,1061.4,0.6360,34.547,0.0500,5.000,0,0
1763737760.770935,7.445,7,7,34.561,2.21800,0.018,0.403,41.385,1061.4,0.6355,34.561,0.0500,5.000,0,0
1763737760.904888,7.566,7,7,34.540,2.21527,0.018,0.404,41.385,1060.6,0.6362,34.540,0.0500,5.000,0,0
1763737761.035472,7.490,7,7,34.554,2.21317,0.019,0.404,41.385,1061.0,0.6367,34.554,0.0500,5.000,0,0
1763737761.169974,7.478,7,7,34.581,2.21266,0.019,0.403,41.385,1062.3,0.6361,34.581,0.0500,5.000,0,0
1763737761.304211,7.437,7,7,34.572,2.21347,0.019,0.405,41.385,1061.4,0.6356,34.572,0.0500,5.000,0,0
1763737761.435953,7.594,7,7,34.583,2.20996,0.019,0.406,41.385,1061.7,0.6357,34.583,0.0500,5.000,0,0
1763737761.569261,7.520,7,7,34.567,2.21200,0.019,0.402,41.385,1061.6,0.6355,34.567,0.0500,5.000,0,0
1763737761.705891,7.399,7,7,34.543,2.21099,0.019,0.402,41.385,1061.3,0.6359,34.543,0.0500,5.000,0,0
1763737761.837159,7.612,7,7,34.581,2.21156,0.019,0.404,41.385,1062.0,0.6352,34.581,0.0500,5.000,0,0
1763737761.966132,7.584,7,7,34.567,2.21242,0.019,0.403,41.385,1061.5,0.6358,34.567,0.0500,5.000,0,0
1763737762.105804,7.452,7,7,34.550,2.21121,0.019,0.403,41.385,1060.5,0.6354,34.550,0.0500,5.000,0,0
1763737762.237909,7.488,7,7,34.599,2.20945,0.019,0.401,41.385,1062.1,0.6360,34.599,0.0500,5.000,0,0
1763737762.368947,7.459,7,7,34.545,2.20909,0.020,0.402,41.385,1060.8,0.6364,34.545,0.0500,5.000,0,0
1763737762.510746,7.482,7,7,34.592,2.20896,0.020,0.402,41.385,1061.9,0.6361,34.592,0.0500,5.000,0,0
1763737762.672591,6.036,7,7,34.575,2.20822,0.020,0.404,41.385,1061.7,0.6362,34.575,0.0500,5.000,0,0
1763737762.817144,7.297,7,7,34.569,2.20948,0.020,0.399,41.385,1061.8,0.6360,34.569,0.0500,5.000,0,0
1763737762.979084,6.061,7,7,34.565,2.21013,0.020,0.400,41.385,1061.4,0.6361,34.565,0.0500,5.000,0,0
1763737763.158449,6.056,7,7,34.530,2.20865,0.020,0.397,41.385,1060.7,0.6363,34.530,0.0500,5.000,0,0
1763737763.316437,6.047,7,7,34.569,2.20921,0.020,0.398,41.385,1060.6,0.6361,34.569,0.0500,5.000,0,0
1763737763.487715,5.980,7,7,34.545,2.20967,0.020,0.399,41.385,1060.8,0.6363,34.545,0.0500,5.000,0,0
1763737763.650490,5.970,7,7,34.542,2.21031,0.020,0.400,41.385,1061.1,0.6360,34.542,0.0500,5.000,0,0
1763737763.800289,5.985,6,6,34.953,1.92681,0.023,0.455,41.385,1086.8,0.6067,34.953,0.0500,5.000,0,0
1763737763.936658,7.492,7,7,34.602,2.20676,0.020,0.397,41.385,1063.3,0.6357,34.602,0.0500,5.000,0,0
1763737764.084877,7.515,7,7,34.603,2.20827,0.020,0.396,41.385,1063.0,0.6356,34.603,0.0500,5.000,0,0
1763737764.249515,5.869,7,7,34.589,2.21123,0.019,0.395,41.385,1064.1,0.6366,34.589,0.0500,5.000,0,0
1763737764.410902,6.371,7,7,34.635,2.20822,0.019,0.393,41.385,1064.4,0.6361,34.635,0.0500,5.000,0,0
1763737764.588426,5.780,7,7,34.613,2.20924,0.019,0.397,41.385,1063.8,0.6356,34.613,0.0500,5.000,0,0
1763737764.841704,6.105,7,7,34.626,2.20929,0.019,0.396,41.385,1063.6,0.6363,34.626,0.0500,5.000,0,0
1763737765.016412,3.694,7,7,34.643,2.20848,0.019,0.398,41.385,1065.3,0.6362,34.643,0.0500,5.000,0,0
1763737765.168719,6.072,7,7,34.613,2.20962,0.019,0.396,41.385,1064.1,0.6357,34.613,0.0500,5.000,0,0
1763737765.302313,7.457,7,7,34.636,2.20965,0.019,0.394,41.385,1064.2,0.6362,34.636,0.0500,5.000,0,0
1763737765.435407,7.481,7,7,34.632,2.21066,0.019,0.397,41.385,1064.4,0.6359,34.632,0.0500,5.000,0,0
1763737765.571755,7.462,7,7,34.608,2.21152,0.019,0.395,41.385,1063.7,0.6361,34.608,0.0500,5.000,0,0
1763737801.178920,114.793,3,3,35.123,1.64882,0.171,0.457,65.106,1169.0,0.7576,35.123,0.0500,5.000,0,0
1763737801.412212,4.320,6,6,31.693,1.87249,0.024,0.426,65.106,889.9,0.6537,31.693,0.0500,5.000,0,0
1763737801.606698,5.690,6,6,31.718,1.87459,0.022,0.432,65.106,888.6,0.6531,31.718,0.0500,5.000,0,0
1763737801.842587,5.273,6,6,31.717,1.87357,0.023,0.434,65.106,889.1,0.6529,31.717,0.0500,5.000,0,0
1763737802.011194,4.266,6,6,31.718,1.87265,0.024,0.430,65.106,889.5,0.6531,31.718,0.0500,5.000,0,0
1763737802.173889,6.004,6,6,31.715,1.87198,0.023,0.432,65.106,889.7,0.6539,31.715,0.0500,5.000,0,0
1763737802.307628,7.493,6,6,31.722,1.87024,0.023,0.434,65.106,889.4,0.6534,31.722,0.0500,5.000,0,0
1763737802.439993,7.500,6,6,31.734,1.87115,0.023,0.435,65.106,890.4,0.6536,31.734,0.0500,5.000,0,0
1763737802.583322,7.359,6,6,31.733,1.87158,0.023,0.439,65.106,891.1,0.6539,31.733,0.0500,5.000,0,0
1763737802.737345,6.148,6,6,31.720,1.87203,0.024,0.434,65.106,890.2,0.6535,31.720,0.0500,5.000,0,0
1763737802.874585,7.556,6,6,31.714,1.86989,0.023,0.428,65.106,890.0,0.6534,31.714,0.0500,5.000,0,0
1763737803.015182,7.519,6,6,31.706,1.86985,0.023,0.429,65.106,889.8,0.6535,31.706,0.0500,5.000,0,0
1763737803.183113,5.963,6,6,31.730,1.87038,0.023,0.429,65.106,890.1,0.6534,31.730,0.0500,5.000,0,0
1763737803.366927,6.045,6,6,31.715,1.87235,0.023,0.432,65.106,889.5,0.6531,31.715,0.0500,5.000,0,0
1763737803.517858,5.942,6,6,31.718,1.87178,0.023,0.431,65.106,889.7,0.6535,31.718,0.0500,5.000,0,0
1763737803.675389,5.910,6,6,31.716,1.87361,0.023,0.432,65.106,890.0,0.6537,31.716,0.0500,5.000,0,0
1763737803.804486,7.636,6,6,31.704,1.87190,0.023,0.432,65.106,889.8,0.6528,31.704,0.0500,5.000,0,0
1763737803.936798,7.617,6,6,31.688,1.87212,0.023,0.435,65.106,889.3,0.6534,31.688,0.0500,5.000,0,0
1763737804.074247,7.272,6,6,31.718,1.87199,0.023,0.434,65.106,889.4,0.6533,31.718,0.0500,5.000,0,0
1763737804.203956,7.670,6,6,31.724,1.87210,0.023,0.431,65.106,889.6,0.6527,31.724,0.0500,5.000,0,0
1763737804.339944,7.409,6,6,31.722,1.87142,0.023,0.435,65.106,890.1,0.6532,31.722,0.0500,5.000,0,0
1763737804.470738,7.551,6,6,31.758,1.87370,0.022,0.438,65.106,890.5,0.6530,31.758,0.0500,5.000,0,0
1763737804.603584,7.598,6,6,31.746,1.87497,0.023,0.435,65.106,890.5,0.6522,31.746,0.0500,5.000,0,0
1763737804.737858,7.410,6,6,31.724,1.87378,0.023,0.433,65.106,890.7,0.6537,31.724,0.0500,5.000,0,0
1763737804.872537,7.472,6,6,31.737,1.87409,0.023,0.434,65.106,890.4,0.6527,31.737,0.0500,5.000,0,0
1763737805.003018,7.657,6,6,31.731,1.87369,0.023,0.435,65.106,890.6,0.6535,31.731,0.0500,5.000,0,0
1763737805.137134,7.397,6,6,31.735,1.87498,0.022,0.438,65.106,890.0,0.6529,31.735,0.0500,5.000,0,0
1763737805.269064,7.606,6,6,31.742,1.87430,0.022,0.436,65.106,890.2,0.6529,31.742,0.0500,5.000,0,0
1763737805.407403,7.422,6,6,31.717,1.87296,0.023,0.435,65.106,890.1,0.6538,31.717,0.0500,5.000,0,0
1763737805.545584,7.464,6,6,31.728,1.87468,0.023,0.433,65.106,890.6,0.6537,31.728,0.0500,5.000,0,0
1763737805.704369,6.006,6,6,31.725,1.87332,0.023,0.435,65.106,890.0,0.6533,31.725,0.0500,5.000,0,0
1763737805.837043,7.527,6,6,31.744,1.87307,0.023,0.436,65.106,890.3,0.6536,31.744,0.0500,5.000,0,0
1763737805.972699,7.441,6,6,31.737,1.87393,0.022,0.436,65.106,890.0,0.6538,31.737,0.0500,5.000,0,0
1763737806.113633,7.411,6,6,31.693,1.87409,0.023,0.431,65.106,889.0,0.6532,31.693,0.0500,5.000,0,0
1763737806.282429,6.106,6,6,31.713,1.87130,0.023,0.429,65.106,889.5,0.6537,31.713,0.0500,5.000,0,0
1763737806.454048,5.942,6,6,31.706,1.86991,0.024,0.429,65.106,889.5,0.6539,31.706,0.0500,5.000,0,0
1763737806.615136,6.177,6,6,31.718,1.86955,0.024,0.432,65.106,889.7,0.6538,31.718,0.0500,5.000,0,0
1763737806.751402,6.874,6,6,31.708,1.86982,0.023,0.432,65.106,889.0,0.6536,31.708,0.0500,5.000,0,0
1763737806.908062,6.174,6,6,31.738,1.87590,0.022,0.434,65.106,890.0,0.6530,31.738,0.0500,5.000,0,0
1763737807.039965,7.581,6,6,31.765,1.87716,0.022,0.437,65.106,890.2,0.6525,31.765,0.0500,5.000,0,0
1763737807.203392,6.135,6,6,31.750,1.87698,0.022,0.437,65.106,889.8,0.6527,31.750,0.0500,5.000,0,0
1763737807.344950,7.129,6,6,31.726,1.87798,0.022,0.438,65.106,889.4,0.6520,31.726,0.0500,5.000,0,0
1763737807.508212,6.073,6,6,31.746,1.87642,0.022,0.437,65.106,890.2,0.6524,31.746,0.0500,5.000,0,0
1763737807.638882,7.757,6,6,31.742,1.87405,0.022,0.436,65.106,891.2,0.6538,31.742,0.0500,5.000,0,0
1763737807.774302,7.405,6,6,31.750,1.87344,0.022,0.437,65.106,891.1,0.6533,31.750,0.0500,5.000,0,0
1763737807.910398,7.325,6,6,31.738,1.87386,0.022,0.436,65.106,890.1,0.6532,31.738,0.0500,5.000,0,0
1763737808.048186,7.625,6,6,31.728,1.87431,0.022,0.433,65.106,889.1,0.6524,31.728,0.0500,5.000,0,0
1763737808.210159,5.928,6,6,31.733,1.87227,0.022,0.430,65.106,889.4,0.6529,31.733,0.0500,5.000,0,0
1763737808.357086,7.449,6,6,31.737,1.87386,0.022,0.435,65.106,889.4,0.6531,31.737,0.0500,5.000,0,0
1763737808.516085,6.050,6,6,31.725,1.87236,0.022,0.435,65.106,889.4,0.6533,31.725,0.0500,5.000,0,0
1763737808.675670,5.997,6,6,31.732,1.87407,0.022,0.435,65.106,890.0,0.6530,31.732,0.0500,5.000,0,0
1763737808.813988,7.491,6,6,31.739,1.87337,0.022,0.433,65.106,889.9,0.6533,31.739,0.0500,5.000,0,0
1763737808.973100,6.029,6,6,31.726,1.87412,0.022,0.434,65.106,889.9,0.6526,31.726,0.0500,5.000,0,0
1763737809.114576,7.433,6,6,31.718,1.87311,0.022,0.437,65.106,889.7,0.6538,31.718,0.0500,5.000,0,0
1763737809.285680,5.979,6,6,31.716,1.87296,0.022,0.437,65.106,888.9,0.6536,31.716,0.0500,5.000,0,0
1763737809.460967,6.075,6,6,31.716,1.87207,0.022,0.431,65.106,889.3,0.6538,31.716,0.0500,5.000,0,0
1763737809.680885,5.978,6,6,31.716,1.86982,0.022,0.431,65.106,890.0,0.6539,31.716,0.0500,5.000,0,0
1763737809.867266,4.304,6,6,31.691,1.86938,0.022,0.436,65.106,890.1,0.6544,31.691,0.0500,5.000,0,0
1763737810.021601,5.963,6,6,31.724,1.87322,0.022,0.430,65.106,889.8,0.6533,31.724,0.0500,5.000,0,0
1763737810.173651,5.978,6,6,31.695,1.87318,0.023,0.433,65.106,889.7,0.6538,31.695,0.0500,5.000,0,0
1763737810.310601,7.485,6,6,31.714,1.87129,0.023,0.432,65.106,889.5,0.6533,31.714,0.0500,5.000,0,0
1763737810.438295,7.653,6,6,31.697,1.87153,0.022,0.434,65.106,889.1,0.6535,31.697,0.0500,5.000,0,0
1763737810.568773,7.595,6,6,31.692,1.87449,0.022,0.434,65.106,890.3,0.6534,31.692,0.0500,5.000,0,0
1763737810.700896,7.569,6,6,31.720,1.87238,0.022,0.435,65.106,891.0,0.6535,31.720,0.0500,5.000,0,0
1763737810.836098,7.472,6,6,31.707,1.86858,0.023,0.430,65.106,891.8,0.6539,31.707,0.0500,5.000,0,0
1763737810.971462,7.385,6,6,31.699,1.86903,0.023,0.429,65.106,891.4,0.6544,31.699,0.0500,5.000,0,0
1763737811.108470,7.567,6,6,31.685,1.87326,0.022,0.433,65.106,889.9,0.6532,31.685,0.0500,5.000,0,0
1763737811.240523,7.509,6,6,31.681,1.87266,0.022,0.434,65.106,890.9,0.6538,31.681,0.0500,5.000,0,0
1763737811.369358,7.534,6,6,31.691,1.87264,0.023,0.435,65.106,889.4,0.6544,31.691,0.0500,5.000,0,0
1763737811.505280,7.474,6,6,31.678,1.87039,0.023,0.434,65.106,889.6,0.6548,31.678,0.0500,5.000,0,0
1763737811.637282,7.524,6,6,31.708,1.87162,0.023,0.430,65.106,889.7,0.6535,31.708,0.0500,5.000,0,0
1763737811.775516,7.540,6,6,31.697,1.87211,0.023,0.437,65.106,889.3,0.6533,31.697,0.0500,5.000,0,0
1763737811.904769,7.438,6,6,31.700,1.87122,0.023,0.432,65.106,889.2,0.6533,31.700,0.0500,5.000,0,0
1763737812.046896,7.437,6,6,31.696,1.87212,0.023,0.432,65.106,888.5,0.6532,31.696,0.0500,5.000,0,0
1763737812.211067,5.972,6,6,31.721,1.76505,0.022,0.435,65.106,889.3,0.6366,31.721,0.0500,5.000,0,0
1763737812.374881,6.068,6,6,31.702,1.87194,0.022,0.432,65.106,889.2,0.6536,31.702,0.0500,5.000,0,0
1763737812.516863,7.476,6,6,31.713,1.87315,0.023,0.430,65.106,889.4,0.6531,31.713,0.0500,5.000,0,0
1763737812.686409,6.000,6,6,31.706,2.02327,0.023,0.436,65.106,889.6,0.5931,31.706,0.0500,5.000,0,0
1763737812.848116,6.047,6,6,31.703,1.87210,0.022,0.437,65.106,889.2,0.6532,31.703,0.0500,5.000,0,0
1763737813.006568,6.014,6,6,31.691,1.87437,0.022,0.436,65.106,888.9,0.6527,31.691,0.0500,5.000,0,0
1763737844.273055,220.498,6,6,32.317,1.89086,0.039,0.696,66.923,964.0,0.6114,32.317,0.0500,5.000,0,0
1763737844.465372,3.052,6,6,32.267,1.88920,0.040,0.693,66.816,963.7,0.6118,32.267,0.0500,5.000,0,0
1763737844.612297,5.951,6,6,32.298,1.88788,0.038,0.690,66.784,963.3,0.6119,32.298,0.0500,5.000,0,0
1763737844.802063,5.983,6,6,32.312,1.88822,0.037,0.690,66.801,963.4,0.6121,32.312,0.0500,5.000,0,0
1763737844.991051,4.969,6,6,32.262,1.88754,0.040,0.689,66.749,963.0,0.6126,32.262,0.0500,5.000,0,0
1763737845.228307,5.032,6,6,32.213,1.88883,0.040,0.686,66.729,962.4,0.6126,32.213,0.0500,5.000,0,0
1763737845.530857,5.032,6,6,32.188,1.88905,0.040,0.686,66.727,960.8,0.6135,32.188,0.0500,5.000,0,0
1763737845.709236,3.277,6,6,32.229,1.88959,0.040,0.687,66.710,961.7,0.6125,32.229,0.0500,5.000,0,0
1763737845.863039,6.170,6,6,32.223,1.88822,0.040,0.690,66.677,961.8,0.6133,32.223,0.0500,5.000,0,0
1763737846.007869,6.040,6,6,32.244,1.88822,0.040,0.690,66.654,962.2,0.6127,32.244,0.0500,5.000,0,0
1763737846.141627,7.490,6,6,32.248,1.88786,0.040,0.690,66.621,962.0,0.6124,32.248,0.0500,5.000,0,0
1763737846.277572,7.266,6,6,32.272,1.88818,0.040,0.690,66.609,961.9,0.6122,32.272,0.0500,5.000,0,0
1763737846.409953,7.500,6,6,32.244,1.86640,0.039,0.692,66.791,961.8,0.5533,32.244,0.0500,5.000,0,0
1763737846.542366,7.723,6,6,32.235,1.88839,0.040,0.689,66.745,961.8,0.6128,32.235,0.0500,5.000,0,0
1763737846.709589,5.907,6,6,32.226,1.89165,0.041,0.683,66.735,961.6,0.6128,32.226,0.0500,5.000,0,0
1763737846.839351,7.644,6,6,32.178,1.89147,0.041,0.683,66.731,960.4,0.6132,32.178,0.0500,5.000,0,0
1763737846.968136,7.667,6,6,32.233,1.89174,0.040,0.685,66.733,960.7,0.6130,32.233,0.0500,5.000,0,0
1763737847.108062,7.238,6,6,32.276,1.86777,0.038,0.691,66.920,961.7,0.5525,32.276,0.0500,5.000,0,0
1763737847.245362,7.365,6,6,32.212,1.89077,0.041,0.686,66.837,961.6,0.6135,32.212,0.0500,5.000,0,0
1763737847.376923,7.592,6,6,32.224,1.89033,0.041,0.687,66.764,961.7,0.6134,32.224,0.0500,5.000,0,0
1763737847.515345,7.289,6,6,32.222,1.89115,0.040,0.686,66.740,961.6,0.6130,32.222,0.0500,5.000,0,0
1763737847.645396,7.676,6,6,32.212,1.86785,0.040,0.686,66.933,961.9,0.5545,32.212,0.0500,5.000,0,0
1763737847.807991,6.149,6,6,32.223,1.89073,0.040,0.686,66.865,961.3,0.6130,32.223,0.0500,5.000,0,0
1763737847.944854,7.303,6,6,32.216,1.88937,0.040,0.688,66.794,961.3,0.6134,32.216,0.0500,5.000,0,0
1763737848.080320,7.402,6,6,32.232,1.86800,0.038,0.688,66.997,961.5,0.5533,32.232,0.0500,5.000,0,0
1763737848.214476,7.488,6,6,32.214,1.88950,0.041,0.685,66.910,961.6,0.6137,32.214,0.0500,5.000,0,0
1763737848.344514,7.542,6,6,32.187,1.89026,0.040,0.683,66.865,961.8,0.6135,32.187,0.0500,5.000,0,0
1763737848.481146,7.406,6,6,32.208,1.88996,0.041,0.686,66.803,961.8,0.6132,32.208,0.0500,5.000,0,0
1763737848.613911,7.593,6,6,32.207,1.86712,0.039,0.690,66.956,961.6,0.5537,32.207,0.0500,5.000,0,0
1763737848.748026,7.454,6,6,32.213,1.86672,0.039,0.689,67.094,961.9,0.5532,32.213,0.0500,5.000,0,0
1763737848.879474,7.572,6,6,32.205,1.86731,0.038,0.688,67.225,961.4,0.5540,32.205,0.0500,5.000,0,0
1763737849.011952,7.532,6,6,32.223,1.88893,0.040,0.686,67.061,961.7,0.6126,32.223,0.0500,5.000,0,0
1763737849.144757,7.510,6,6,32.188,1.88986,0.039,0.686,66.967,960.6,0.6135,32.188,0.0500,5.000,0,0
1763737849.277305,7.575,6,6,32.182,1.88805,0.039,0.687,66.886,960.1,0.6133,32.182,0.0500,5.000,0,0
1763737849.410169,7.503,6,6,32.212,1.88779,0.040,0.687,66.822,961.2,0.6130,32.212,0.0500,5.000,0,0
1763737849.555401,7.492,6,6,32.206,1.86654,0.039,0.690,66.967,961.2,0.5529,32.206,0.0500,5.000,0,0
1763737849.719191,6.097,6,6,32.178,1.88888,0.040,0.687,66.867,960.8,0.6136,32.178,0.0500,5.000,0,0
1763737849.878070,5.889,6,6,32.204,1.88935,0.040,0.686,66.813,961.2,0.6130,32.204,0.0500,5.000,0,0
1763737850.155018,7.522,6,6,32.191,1.88973,0.040,0.686,66.791,960.5,0.6128,32.191,0.0500,5.000,0,0
1763737850.368647,3.333,6,6,32.178,1.88944,0.039,0.685,66.794,960.1,0.6140,32.178,0.0500,5.000,0,0
1763737850.519676,5.025,6,6,32.194,1.88868,0.040,0.686,66.769,959.9,0.6128,32.194,0.0500,5.000,0,0
1763737850.675002,6.011,6,6,32.166,1.88982,0.040,0.683,66.767,960.1,0.6140,32.166,0.0500,5.000,0,0
1763737850.811552,7.401,6,6,32.183,1.88920,0.040,0.684,66.755,960.4,0.6132,32.183,0.0500,5.000,0,0
1763737850.949391,7.333,6,6,32.187,1.88889,0.040,0.685,66.760,960.5,0.6132,32.187,0.0500,5.000,0,0
1763737851.082921,7.587,6,6,32.208,1.88834,0.040,0.685,66.761,961.0,0.6132,32.208,0.0500,5.000,0,0
1763737851.212382,7.490,6,6,32.183,1.86801,0.039,0.687,66.948,960.6,0.5537,32.183,0.0500,5.000,0,0
1763737851.344088,7.582,6,6,32.182,1.88869,0.040,0.687,66.872,960.8,0.6133,32.182,0.0500,5.000,0,0
1763737851.481628,7.418,6,6,32.158,1.88919,0.040,0.685,66.833,960.2,0.6135,32.158,0.0500,5.000,0,0
1763737851.613148,7.625,6,6,32.176,1.86884,0.039,0.684,67.028,960.1,0.5543,32.176,0.0500,5.000,0,0
1763737851.777112,7.362,6,6,32.165,1.88995,0.040,0.683,66.959,960.0,0.6140,32.165,0.0500,5.000,0,0
1763737851.911054,6.106,6,6,32.182,1.89030,0.039,0.684,66.921,960.2,0.6134,32.182,0.0500,5.000,0,0
1763737852.046576,7.370,6,6,32.184,1.89001,0.040,0.685,66.876,960.5,0.6134,32.184,0.0500,5.000,0,0
1763737852.178394,7.601,6,6,32.164,1.88955,0.040,0.686,66.836,959.6,0.6132,32.164,0.0500,5.000,0,0
1763737852.314529,7.366,6,6,32.168,1.89040,0.039,0.687,66.814,959.9,0.6129,32.168,0.0500,5.000,0,0
1763737852.443965,7.608,6,6,32.184,1.89039,0.040,0.686,66.789,960.7,0.6131,32.184,0.0500,5.000,0,0
1763737852.580424,7.416,6,6,32.167,1.88974,0.039,0.686,66.792,960.5,0.6126,32.167,0.0500,5.000,0,0
1763737852.709299,7.705,6,6,32.175,1.88976,0.040,0.685,66.781,960.2,0.6128,32.175,0.0500,5.000,0,0
1763737852.844304,7.416,6,6,32.159,1.88970,0.040,0.685,66.791,960.2,0.6132,32.159,0.0500,5.000,0,0
1763737852.980908,7.295,6,6,32.181,1.88970,0.039,0.685,66.790,960.3,0.6130,32.181,0.0500,5.000,0,0
1763737853.113122,7.684,6,6,32.172,1.88876,0.040,0.684,66.785,960.1,0.6132,32.172,0.0500,5.000,0,0
1763737853.248778,7.465,6,6,32.171,1.86815,0.038,0.687,66.983,959.9,0.5534,32.171,0.0500,5.000,0,0
1763737853.384800,7.538,6,6,32.203,1.88982,0.039,0.687,66.918,959.9,0.6121,32.203,0.0500,5.000,0,0
1763737853.548673,6.068,6,6,32.158,1.89045,0.041,0.683,66.879,959.6,0.6129,32.158,0.0500,5.000,0,0
1763737853.680869,7.451,6,6,32.160,1.89096,0.040,0.684,66.863,959.2,0.6129,32.160,0.0500,5.000,0,0
1763737853.827617,7.550,6,6,32.161,1.89067,0.040,0.684,66.846,959.8,0.6131,32.161,0.0500,5.000,0,0
1763737853.986071,5.871,6,6,32.189,1.88927,0.039,0.685,66.868,960.1,0.6126,32.189,0.0500,5.000,0,0
1763737854.151285,6.012,6,6,32.201,1.88981,0.039,0.684,66.849,960.6,0.6128,32.201,0.0500,5.000,0,0
1763737854.312574,6.045,6,6,32.191,1.88958,0.040,0.683,66.846,960.1,0.6126,32.191,0.0500,5.000,0,0
1763737854.452779,7.431,6,6,32.185,1.89166,0.039,0.681,66.899,959.0,0.6124,32.185,0.0500,5.000,0,0
1763737854.584404,7.438,6,6,32.163,1.89247,0.039,0.681,66.935,958.6,0.6126,32.163,0.0500,5.000,0,0
1763737854.768998,7.205,6,6,32.168,1.89211,0.038,0.684,66.953,957.8,0.6117,32.168,0.0500,5.000,0,0
1763737854.914212,5.200,6,6,32.164,1.89247,0.039,0.683,66.964,958.7,0.6121,32.164,0.0500,5.000,0,0
1763737855.049306,7.460,6,6,32.154,1.89285,0.039,0.682,66.980,958.5,0.6131,32.154,0.0500,5.000,0,0
1763737855.184122,7.605,6,6,32.158,1.89284,0.038,0.681,67.033,958.5,0.6123,32.158,0.0500,5.000,0,0
1763737855.312299,7.435,6,6,32.186,1.89255,0.039,0.682,67.025,958.8,0.6124,32.186,0.0500,5.000,0,0
1763737855.445700,7.489,6,6,32.175,1.89254,0.039,0.682,67.021,958.7,0.6125,32.175,0.0500,5.000,0,0
1763737855.620669,7.515,6,6,32.145,1.89296,0.039,0.680,67.037,958.3,0.6127,32.145,0.0500,5.000,0,0
1763737855.800285,5.014,6,6,32.175,1.89297,0.039,0.682,67.039,959.1,0.6121,32.175,0.0500,5.000,0,0
1763737855.965228,6.014,6,6,32.148,1.89364,0.039,0.681,67.032,958.2,0.6129,32.148,0.0500,5.000,0,0
1763737856.126715,5.980,6,6,32.141,1.89337,0.039,0.681,67.024,958.0,0.6130,32.141,0.0500,5.000,0,0
1763737856.283547,5.894,6,6,32.126,1.89277,0.039,0.680,67.022,958.1,0.6130,32.126,0.0500,5.000,0,0
1763737856.447461,6.017,6,6,32.152,1.89268,0.040,0.680,67.024,958.5,0.6129,32.152,0.0500,5.000,0,0
1763737856.582589,7.613,6,6,32.178,1.89289,0.039,0.684,67.013,958.0,0.6119,32.178,0.0500,5.000,0,0
1763737856.710574,7.548,6,6,32.147,1.89223,0.040,0.683,66.999,958.1,0.6127,32.147,0.0500,5.000,0,0
1763737856.844992,7.448,6,6,32.148,1.89201,0.040,0.682,66.980,958.5,0.6128,32.148,0.0500,5.000,0,0
1763737856.979609,7.515,6,6,32.167,1.89176,0.039,0.683,66.970,958.3,0.6126,32.167,0.0500,5.000,0,0
1763737857.116049,7.465,6,6,32.170,1.89202,0.039,0.684,66.964,958.4,0.6124,32.170,0.0500,5.000,0,0
1763737857.252902,7.449,6,6,32.186,1.89240,0.040,0.682,66.962,958.7,0.6122,32.186,0.0500,5.000,0,0
1763737857.411252,6.117,6,6,32.144,1.89272,0.040,0.681,66.951,959.0,0.6130,32.144,0.0500,5.000,0,0
1763737857.546627,7.385,6,6,32.147,1.89326,0.040,0.680,66.964,958.6,0.6128,32.147,0.0500,5.000,0,0
1763737857.679564,7.541,6,6,32.168,1.89295,0.040,0.681,66.967,958.6,0.6123,32.168,0.0500,5.000,0,0
1763737857.814982,7.513,6,6,32.187,1.89249,0.040,0.681,66.965,958.9,0.6122,32.187,0.0500,5.000,0,0
1763737857.980198,6.008,6,6,32.136,1.89376,0.040,0.680,66.972,958.1,0.6130,32.136,0.0500,5.000,0,0
1763737858.112492,7.544,6,6,32.149,1.89367,0.039,0.680,66.992,957.7,0.6123,32.149,0.0500,5.000,0,0
1763737858.245612,7.581,6,6,32.152,1.89309,0.039,0.681,66.995,957.7,0.6118,32.152,0.0500,5.000,0,0
1763737858.378018,7.439,6,6,32.149,1.89293,0.039,0.680,66.989,957.9,0.6121,32.149,0.0500,5.000,0,0
1763737858.510787,7.495,6,6,32.154,1.89189,0.039,0.680,66.987,958.6,0.6124,32.154,0.0500,5.000,0,0
1763737858.645477,7.460,6,6,32.176,1.89215,0.040,0.684,66.967,958.5,0.6120,32.176,0.0500,5.000,0,0
1763737858.775252,7.725,6,6,32.157,1.89198,0.039,0.683,66.952,958.3,0.6126,32.157,0.0500,5.000,0,0
1763737858.909890,7.423,6,6,32.178,1.89173,0.039,0.684,66.935,958.5,0.6124,32.178,0.0500,5.000,0,0
1763737859.044078,7.326,6,6,32.163,1.89223,0.039,0.683,66.927,958.4,0.6124,32.163,0.0500,5.000,0,0
1763737859.178125,7.613,6,6,32.149,1.87049,0.039,0.682,67.125,958.3,0.5535,32.149,0.0500,5.000,0,0
1763737859.309289,7.543,6,6,32.155,1.89379,0.039,0.681,67.094,958.0,0.6115,32.155,0.0500,5.000,0,0
1763737859.446449,7.326,6,6,32.160,1.89300,0.038,0.683,67.051,957.8,0.6123,32.160,0.0500,5.000,0,0
1763737859.577727,7.598,6,6,32.141,1.89243,0.039,0.682,67.020,957.1,0.6125,32.141,0.0500,5.000,0,0
1763737859.709906,7.599,6,6,32.151,1.89317,0.040,0.681,66.997,957.1,0.6123,32.151,0.0500,5.000,0,0
1763737859.888908,5.805,6,6,32.167,1.89180,0.039,0.682,66.979,958.3,0.6124,32.167,0.0500,5.000,0,0
1763737860.043962,6.119,6,6,32.134,1.89209,0.040,0.681,66.976,957.7,0.6126,32.134,0.0500,5.000,0,0
1763737860.183729,7.234,6,6,32.139,1.89142,0.040,0.683,66.965,958.1,0.6126,32.139,0.0500,5.000,0,0
1763737860.345234,6.158,6,6,32.151,1.89248,0.040,0.680,66.983,958.5,0.6125,32.151,0.0500,5.000,0,0
1763737860.477846,7.501,6,6,32.145,1.89300,0.040,0.681,66.980,958.1,0.6128,32.145,0.0500,5.000,0,0
1763737860.616775,7.405,6,6,32.154,1.89215,0.039,0.682,66.977,958.0,0.6128,32.154,0.0500,5.000,0,0
1763737860.779339,6.077,6,6,32.135,1.89250,0.039,0.681,66.994,957.5,0.6124,32.135,0.0500,5.000,0,0
1763737860.914147,7.376,6,6,32.137,1.89291,0.039,0.682,66.987,957.7,0.6127,32.137,0.0500,5.000,0,0
1763737861.050739,7.632,6,6,32.156,1.89281,0.039,0.683,66.992,957.8,0.6118,32.156,0.0500,5.000,0,0
1763737861.182127,7.417,6,6,32.163,1.89353,0.039,0.684,66.970,957.5,0.6120,32.163,0.0500,5.000,0,0
1763737861.312730,7.492,6,6,32.164,1.89283,0.038,0.684,66.979,956.9,0.6116,32.164,0.0500,5.000,0,0
1763737861.446706,7.511,6,6,32.127,1.89305,0.039,0.682,66.973,957.3,0.6125,32.127,0.0500,5.000,0,0
1763737861.583839,7.532,6,6,32.138,1.89366,0.039,0.681,66.982,957.1,0.6124,32.138,0.0500,5.000,0,0
1763737861.712610,7.416,6,6,32.151,1.89365,0.039,0.682,66.992,957.3,0.6123,32.151,0.0500,5.000,0,0
1763737861.847449,7.660,6,6,32.126,1.89219,0.039,0.684,66.986,956.7,0.6120,32.126,0.0500,5.000,0,0
1763737861.977138,7.517,6,6,32.127,1.89252,0.039,0.684,66.984,956.5,0.6123,32.127,0.0500,5.000,0,0
1763737862.111646,7.421,6,6,32.146,1.89321,0.039,0.682,66.979,957.5,0.6124,32.146,0.0500,5.000,0,0
1763737862.249081,7.358,6,6,32.155,1.89276,0.040,0.680,66.983,957.8,0.6125,32.155,0.0500,5.000,0,0
1763737862.381326,7.591,6,6,32.147,1.89249,0.040,0.681,66.984,957.9,0.6128,32.147,0.0500,5.000,0,0
1763737862.510919,7.627,6,6,32.129,1.89267,0.039,0.681,67.001,957.8,0.6127,32.129,0.0500,5.000,0,0
1763737878.103885,19.699,6,6,32.198,1.88947,0.038,0.690,67.329,962.9,0.6129,32.198,0.0500,5.000,0,0
1763737878.350649,3.347,6,6,32.223,1.89317,0.038,0.689,67.189,961.6,0.6120,32.223,0.0500,5.000,0,0
1763737878.511330,5.033,6,6,32.199,1.89350,0.040,0.686,67.067,958.4,0.6124,32.199,0.0500,5.000,0,0
1763737878.743743,5.423,6,6,32.181,1.89179,0.040,0.688,66.947,958.7,0.6128,32.181,0.0500,5.000,0,0
1763737878.951280,3.974,6,6,32.153,1.89251,0.038,0.688,66.918,959.5,0.6130,32.153,0.0500,5.000,0,0
1763737879.099386,6.080,6,6,32.211,1.89197,0.037,0.690,66.904,960.3,0.6120,32.211,0.0500,5.000,0,0
1763737879.229644,7.631,6,6,32.190,1.89243,0.038,0.690,66.877,960.5,0.6122,32.190,0.0500,5.000,0,0
1763737879.363625,7.483,6,6,32.210,1.89238,0.039,0.693,66.814,960.5,0.6125,32.210,0.0500,5.000,0,0
1763737879.504232,7.272,6,6,32.172,1.89282,0.038,0.692,66.779,959.7,0.6129,32.172,0.0500,5.000,0,0
1763737879.675882,5.805,6,6,32.185,1.89263,0.039,0.692,66.747,960.2,0.6126,32.185,0.0500,5.000,0,0
1763737879.834512,6.270,6,6,32.204,1.89293,0.038,0.692,66.731,960.3,0.6126,32.204,0.0500,5.000,0,0
1763737879.970518,7.596,6,6,32.177,1.89289,0.038,0.691,66.727,960.0,0.6129,32.177,0.0500,5.000,0,0
1763737880.103789,7.359,6,6,32.206,1.89177,0.038,0.693,66.721,960.4,0.6126,32.206,0.0500,5.000,0,0
1763737880.235413,7.424,6,6,32.213,1.89242,0.038,0.692,66.717,960.3,0.6123,32.213,0.0500,5.000,0,0
1763737880.370699,7.651,6,6,32.219,1.89197,0.038,0.693,66.706,960.7,0.6125,32.219,0.0500,5.000,0,0
1763737880.501889,7.419,6,6,32.217,1.89207,0.038,0.692,66.710,960.7,0.6123,32.217,0.0500,5.000,0,0
1763737880.638800,7.324,6,6,32.225,1.89118,0.039,0.691,66.713,960.8,0.6122,32.225,0.0500,5.000,0,0
1763737880.770145,7.609,6,6,32.228,1.89070,0.038,0.692,66.717,960.0,0.6125,32.228,0.0500,5.000,0,0
1763737880.902159,7.495,6,6,32.229,1.89143,0.038,0.691,66.716,960.3,0.6122,32.229,0.0500,5.000,0,0
1763737881.044678,7.488,6,6,32.210,1.89150,0.038,0.691,66.729,960.1,0.6123,32.210,0.0500,5.000,0,0
1763737881.210216,5.939,6,6,32.197,1.89219,0.038,0.691,66.742,959.6,0.6126,32.197,0.0500,5.000,0,0
1763737881.375189,6.118,6,6,32.211,1.89224,0.038,0.691,66.753,960.3,0.6127,32.211,0.0500,5.000,0,0
1763737881.537598,5.992,6,6,32.190,1.89258,0.038,0.692,66.725,960.4,0.6128,32.190,0.0500,5.000,0,0
1763737881.673531,7.492,6,6,32.181,1.89219,0.039,0.692,66.705,960.4,0.6127,32.181,0.0500,5.000,0,0
1763737881.832134,6.041,6,6,32.174,1.89263,0.039,0.690,66.713,960.7,0.6127,32.174,0.0500,5.000,0,0
1763737881.969697,7.378,6,6,32.180,1.89290,0.038,0.692,66.705,960.0,0.6129,32.180,0.0500,5.000,0,0
1763737882.100801,7.548,6,6,32.185,1.89327,0.038,0.691,66.708,960.5,0.6132,32.185,0.0500,5.000,0,0
1763737882.237660,7.433,6,6,32.193,1.89315,0.038,0.691,66.726,960.1,0.6129,32.193,0.0500,5.000,0,0
1763737882.367067,7.557,6,6,32.202,1.89313,0.038,0.692,66.726,959.9,0.6129,32.202,0.0500,5.000,0,0
1763737882.504750,7.420,6,6,32.198,1.89300,0.038,0.693,66.719,959.4,0.6127,32.198,0.0500,5.000,0,0
1763737882.635832,7.640,6,6,32.200,1.89369,0.038,0.693,66.694,959.2,0.6120,32.200,0.0500,5.000,0,0
1763737882.768455,7.441,6,6,32.198,1.89247,0.038,0.693,66.673,959.8,0.6122,32.198,0.0500,5.000,0,0
1763737882.904459,7.426,6,6,32.192,1.89264,0.039,0.692,66.680,959.9,0.6126,32.192,0.0500,5.000,0,0
1763737883.064956,6.149,6,6,32.207,1.89329,0.039,0.690,66.687,960.1,0.6124,32.207,0.0500,5.000,0,0
1763737883.201325,7.392,6,6,32.220,1.89372,0.039,0.691,66.682,960.1,0.6126,32.220,0.0500,5.000,0,0
1763737883.333981,7.477,6,6,32.207,1.89300,0.038,0.692,66.686,959.9,0.6123,32.207,0.0500,5.000,0,0
1763737883.472507,7.419,6,6,32.172,1.89255,0.038,0.691,66.689,959.5,0.6125,32.172,0.0500,5.000,0,0
1763737883.605300,7.452,6,6,32.205,1.89271,0.038,0.693,66.697,960.5,0.6126,32.205,0.0500,5.000,0,0
1763737883.739387,7.547,6,6,32.169,1.89217,0.039,0.692,66.700,959.5,0.6129,32.169,0.0500,5.000,0,0
1763737883.874916,7.582,6,6,32.167,1.89303,0.039,0.690,66.698,959.5,0.6129,32.167,0.0500,5.000,0,0
1763737884.013889,7.386,6,6,32.193,1.89263,0.039,0.692,66.699,960.2,0.6124,32.193,0.0500,5.000,0,0
1763737884.176434,6.106,6,6,32.218,1.89186,0.038,0.693,66.695,960.8,0.6121,32.218,0.0500,5.000,0,0
1763737884.343256,5.933,6,6,32.188,1.89238,0.038,0.691,66.716,960.2,0.6124,32.188,0.0500,5.000,0,0
1763737884.502820,6.079,6,6,32.202,1.89217,0.038,0.692,66.718,960.2,0.6126,32.202,0.0500,5.000,0,0
1763737884.634034,7.438,6,6,32.188,1.89257,0.039,0.691,66.711,960.4,0.6127,32.188,0.0500,5.000,0,0
1763737884.767529,7.453,6,6,32.173,1.89310,0.039,0.689,66.734,960.3,0.6127,32.173,0.0500,5.000,0,0
1763737884.905245,7.383,6,6,32.194,1.89396,0.039,0.688,66.767,960.1,0.6123,32.194,0.0500,5.000,0,0
1763737885.034247,7.596,6,6,32.199,1.89276,0.039,0.688,66.784,960.3,0.6125,32.199,0.0500,5.000,0,0
1763737885.167900,7.551,6,6,32.215,1.89359,0.039,0.691,66.772,959.6,0.6124,32.215,0.0500,5.000,0,0
1763737885.301990,7.445,6,6,32.203,1.89323,0.038,0.691,66.765,959.3,0.6123,32.203,0.0500,5.000,0,0
1763737885.439333,7.643,6,6,32.172,1.89317,0.039,0.689,66.750,959.3,0.6128,32.172,0.0500,5.000,0,0
1763737885.572626,7.307,6,6,32.159,1.89340,0.039,0.689,66.739,959.6,0.6125,32.159,0.0500,5.000,0,0
1763737885.734480,6.082,6,6,32.187,1.89233,0.039,0.691,66.721,960.2,0.6123,32.187,0.0500,5.000,0,0
1763737885.873336,7.396,6,6,32.178,1.89299,0.039,0.692,66.700,959.9,0.6126,32.178,0.0500,5.000,0,0
1763737886.036469,6.011,6,6,32.156,1.89239,0.039,0.691,66.677,959.9,0.6130,32.156,0.0500,5.000,0,0
1763737886.167075,7.745,6,6,32.166,1.89224,0.039,0.690,66.681,960.3,0.6126,32.166,0.0500,5.000,0,0
1763737886.305327,7.243,6,6,32.180,1.89214,0.038,0.690,66.693,960.2,0.6127,32.180,0.0500,5.000,0,0
1763737886.435785,7.549,6,6,32.190,1.89391,0.039,0.691,66.683,959.7,0.6125,32.190,0.0500,5.000,0,0
1763737886.567039,7.579,6,6,32.176,1.89273,0.039,0.690,66.696,960.1,0.6129,32.176,0.0500,5.000,0,0
1763737886.696904,7.811,6,6,32.178,1.89352,0.038,0.689,66.722,959.8,0.6126,32.178,0.0500,5.000,0,0
1763737886.831376,7.384,6,6,32.192,1.89344,0.039,0.689,66.741,959.9,0.6120,32.192,0.0500,5.000,0,0
1763737886.971108,7.201,6,6,32.180,1.89425,0.038,0.687,66.803,959.8,0.6121,32.180,0.0500,5.000,0,0
1763737887.106625,7.517,6,6,32.231,1.89472,0.038,0.690,66.814,960.5,0.6117,32.231,0.0500,5.000,0,0
1763737887.238658,7.425,6,6,32.189,1.89318,0.038,0.688,66.834,960.3,0.6121,32.189,0.0500,5.000,0,0
1763737887.367914,7.727,6,6,32.222,1.89453,0.038,0.690,66.826,959.9,0.6126,32.222,0.0500,5.000,0,0
1763737887.502445,7.423,6,6,32.220,1.89424,0.038,0.690,66.816,959.9,0.6124,32.220,0.0500,5.000,0,0
1763737887.659314,7.169,6,6,32.241,1.89415,0.038,0.690,66.819,960.2,0.6122,32.241,0.0500,5.000,0,0
1763737887.801601,6.267,6,6,32.238,1.89375,0.037,0.690,66.823,960.1,0.6125,32.238,0.0500,5.000,0,0
1763737887.933865,7.532,6,6,32.196,1.89425,0.039,0.689,66.814,959.9,0.6129,32.196,0.0500,5.000,0,0
1763737888.068669,7.405,6,6,32.216,1.89396,0.038,0.691,66.805,959.7,0.6126,32.216,0.0500,5.000,0,0
1763737888.200645,7.543,6,6,32.218,1.89359,0.038,0.690,66.810,959.8,0.6126,32.218,0.0500,5.000,0,0
1763737888.335807,7.458,6,6,32.204,1.89324,0.038,0.691,66.814,960.1,0.6118,32.204,0.0500,5.000,0,0
1763737888.468572,7.493,6,6,32.210,1.89357,0.038,0.691,66.813,960.1,0.6119,32.210,0.0500,5.000,0,0
1763737888.603447,7.494,6,6,32.219,1.89302,0.038,0.691,66.807,960.8,0.6118,32.219,0.0500,5.000,0,0
1763737888.735382,7.461,6,6,32.164,1.89295,0.039,0.690,66.772,960.1,0.6125,32.164,0.0500,5.000,0,0
1763737888.867965,7.640,6,6,32.163,1.89321,0.039,0.689,66.755,959.4,0.6127,32.163,0.0500,5.000,0,0
1763737889.002003,7.455,6,6,32.176,1.89269,0.039,0.689,66.755,959.3,0.6129,32.176,0.0500,5.000,0,0
1763737889.133294,7.535,6,6,32.191,1.89247,0.039,0.689,66.754,959.7,0.6128,32.191,0.0500,5.000,0,0
1763737889.267321,7.464,6,6,32.195,1.89201,0.039,0.689,66.756,960.5,0.6129,32.195,0.0500,5.000,0,0
1763737889.406280,7.312,6,6,32.198,1.89303,0.039,0.690,66.751,960.3,0.6123,32.198,0.0500,5.000,0,0
1763737889.567796,6.137,6,6,32.200,1.89240,0.039,0.690,66.755,960.4,0.6122,32.200,0.0500,5.000,0,0
1763737889.698791,7.648,6,6,32.208,1.89208,0.038,0.693,66.734,960.4,0.6120,32.208,0.0500,5.000,0,0
1763737889.837106,7.259,6,6,32.175,1.89205,0.038,0.691,66.728,960.1,0.6125,32.175,0.0500,5.000,0,0
1763737889.966669,7.664,6,6,32.176,1.89283,0.039,0.691,66.716,959.9,0.6128,32.176,0.0500,5.000,0,0
1763737890.102943,7.432,6,6,32.185,1.89206,0.039,0.692,66.703,960.1,0.6127,32.185,0.0500,5.000,0,0
1763737890.234173,7.604,6,6,32.173,1.89262,0.039,0.691,66.704,959.9,0.6128,32.173,0.0500,5.000,0,0
1763737890.370062,7.363,6,6,32.199,1.89098,0.039,0.693,66.691,961.1,0.6123,32.199,0.0500,5.000,0,0
1763737890.537392,5.958,6,6,32.193,1.89193,0.039,0.692,66.703,960.7,0.6121,32.193,0.0500,5.000,0,0
1763737890.669083,7.672,6,6,32.183,1.89359,0.039,0.691,66.702,960.5,0.6122,32.183,0.0500,5.000,0,0
1763737890.801472,7.444,6,6,32.174,1.89262,0.039,0.690,66.723,960.1,0.6124,32.174,0.0500,5.000,0,0
1763737890.935359,7.566,6,6,32.176,1.89162,0.039,0.690,66.720,960.6,0.6130,32.176,0.0500,5.000,0,0
1763737891.066771,7.634,6,6,32.177,1.89203,0.038,0.690,66.727,960.4,0.6128,32.177,0.0500,5.000,0,0
1763737891.203014,7.310,6,6,32.174,1.89167,0.039,0.691,66.726,960.7,0.6129,32.174,0.0500,5.000,0,0
1763737891.331020,7.650,6,6,32.178,1.89175,0.038,0.691,66.730,960.6,0.6128,32.178,0.0500,5.000,0,0
1763737891.466687,7.445,6,6,32.188,1.89151,0.039,0.691,66.724,960.8,0.6127,32.188,0.0500,5.000,0,0
1763737891.602383,7.388,6,6,32.221,1.89084,0.039,0.692,66.707,960.5,0.6122,32.221,0.0500,5.000,0,0
1763737891.734274,7.517,6,6,32.203,1.89147,0.039,0.691,66.706,960.6,0.6125,32.203,0.0500,5.000,0,0
1763737891.868893,7.495,6,6,32.230,1.89329,0.038,0.690,66.749,961.1,0.6126,32.230,0.0500,5.000,0,0
1763737891.998699,7.703,6,6,32.217,1.89386,0.038,0.689,66.792,960.4,0.6124,32.217,0.0500,5.000,0,0
1763737892.139025,7.177,6,6,32.222,1.89382,0.038,0.689,66.813,960.9,0.6124,32.222,0.0500,5.000,0,0
1763737892.271463,7.539,6,6,32.212,1.89272,0.038,0.689,66.817,961.1,0.6126,32.212,0.0500,5.000,0,0
1763737892.402425,7.604,6,6,32.197,1.89214,0.038,0.689,66.816,961.1,0.6131,32.197,0.0500,5.000,0,0
1763737892.537244,7.422,6,6,32.224,1.89287,0.038,0.690,66.823,961.4,0.6116,32.224,0.0500,5.000,0,0
1763737892.667989,7.618,6,6,32.221,1.89273,0.037,0.689,66.860,961.5,0.6121,32.221,0.0500,5.000,0,0
1763737892.803574,7.418,6,6,32.215,1.89261,0.037,0.690,66.856,961.3,0.6127,32.215,0.0500,5.000,0,0
1763737892.935464,7.577,6,6,32.187,1.89317,0.037,0.688,66.881,960.6,0.6125,32.187,0.0500,5.000,0,0
1763737893.069175,7.531,6,6,32.209,1.89354,0.038,0.690,66.866,960.5,0.6124,32.209,0.0500,5.000,0,0
1763737893.200806,7.505,6,6,32.220,2.18884,0.037,0.689,63.536,960.6,0.6753,32.220,0.0500,5.000,0,0
1763737893.336432,7.358,6,6,32.211,1.89270,0.038,0.691,64.479,960.5,0.6124,32.211,0.0500,5.000,0,0
1763737893.467590,7.618,6,6,32.200,1.89271,0.038,0.690,65.126,960.9,0.6127,32.200,0.0500,5.000,0,0
1763737893.605349,7.443,6,6,32.211,1.89421,0.038,0.690,65.614,960.2,0.6124,32.211,0.0500,5.000,0,0
1763737893.771016,6.022,6,6,32.210,1.89375,0.038,0.690,65.967,960.2,0.6121,32.210,0.0500,5.000,0,0
1763737893.911716,7.445,6,6,32.185,1.89321,0.038,0.689,66.224,959.3,0.6121,32.185,0.0500,5.000,0,0
1763737894.075121,6.019,6,6,32.207,1.89298,0.038,0.691,66.396,960.2,0.6118,32.207,0.0500,5.000,0,0
1763737894.243173,5.988,6,6,32.188,1.89314,0.037,0.690,66.510,960.2,0.6128,32.188,0.0500,5.000,0,0
1763737894.408245,6.011,6,6,32.170,1.89363,0.038,0.690,66.590,960.0,0.6132,32.170,0.0500,5.000,0,0
1763737894.572479,6.046,6,6,32.181,1.89415,0.038,0.689,66.661,960.2,0.6130,32.181,0.0500,5.000,0,0
1763737894.708567,7.299,6,6,32.210,1.89438,0.038,0.690,66.701,960.3,0.6121,32.210,0.0500,5.000,0,0
1763737894.870472,6.077,6,6,32.199,1.89394,0.038,0.689,66.745,960.6,0.6120,32.199,0.0500,5.000,0,0
1763737895.003212,7.559,6,6,32.203,1.89379,0.038,0.689,66.780,959.7,0.6123,32.203,0.0500,5.000,0,0
1763737895.137686,7.460,6,6,32.190,1.89430,0.038,0.690,66.795,959.5,0.6116,32.190,0.0500,5.000,0,0
1763737895.269655,7.469,6,6,32.203,1.89370,0.038,0.690,66.801,961.0,0.6118,32.203,0.0500,5.000,0,0
1763737895.403130,7.533,6,6,32.185,1.89349,0.039,0.689,66.808,960.4,0.6126,32.185,0.0500,5.000,0,0
1763737895.533445,7.615,6,6,32.217,1.89459,0.038,0.690,66.814,960.5,0.6121,32.217,0.0500,5.000,0,0
1763737895.668883,7.374,6,6,32.214,1.89328,0.038,0.689,66.823,960.9,0.6122,32.214,0.0500,5.000,0,0
1763737895.805181,7.464,6,6,32.228,1.89343,0.038,0.689,66.850,960.7,0.6118,32.228,0.0500,5.000,0,0
1763737895.967354,6.048,6,6,32.195,1.89437,0.038,0.687,66.870,960.3,0.6125,32.195,0.0500,5.000,0,0
1763737896.101918,7.456,6,6,32.175,1.89392,0.039,0.684,66.901,959.5,0.6125,32.175,0.0500,5.000,0,0
1763737896.235058,7.538,6,6,32.190,1.89221,0.039,0.686,66.898,960.4,0.6122,32.190,0.0500,5.000,0,0
1763737896.370299,7.383,6,6,32.218,1.89287,0.038,0.688,66.887,960.1,0.6121,32.218,0.0500,5.000,0,0
1763737896.500290,7.808,6,6,32.197,1.89247,0.038,0.687,66.895,960.4,0.6125,32.197,0.0500,5.000,0,0
1763737896.639038,7.206,6,6,32.212,1.89281,0.038,0.687,66.909,960.7,0.6121,32.212,0.0500,5.000,0,0
1763737896.766523,7.662,6,6,32.206,1.89256,0.038,0.687,66.915,960.4,0.6120,32.206,0.0500,5.000,0,0
1763737896.904141,7.394,6,6,32.203,1.89322,0.038,0.688,66.909,960.2,0.6124,32.203,0.0500,5.000,0,0
1763737897.038499,7.406,6,6,32.199,1.89338,0.037,0.687,66.919,960.2,0.6121,32.199,0.0500,5.000,0,0
1763737897.168955,7.683,6,6,32.224,1.89275,0.037,0.687,66.920,961.0,0.6118,32.224,0.0500,5.000,0,0
1763737897.301284,7.444,6,6,32.202,1.89290,0.038,0.686,66.923,960.8,0.6121,32.202,0.0500,5.000,0,0
1763737897.437270,7.498,6,6,32.203,1.89371,0.038,0.687,66.932,960.4,0.6114,32.203,0.0500,5.000,0,0
1763737952.001661,85.507,5,5,31.309,1.75775,0.049,0.707,70.071,1032.1,0.6278,31.309,0.0500,5.000,0,0
1763737952.374824,2.481,6,6,32.243,1.89091,0.037,0.690,69.153,961.3,0.6131,32.243,0.0500,5.000,0,0
1763737952.710683,3.003,6,6,32.177,1.89037,0.039,0.684,68.542,961.4,0.6126,32.177,0.0500,5.000,0,0
1763737952.976596,3.472,6,6,32.247,1.89314,0.039,0.680,68.144,962.1,0.6113,32.247,0.0500,5.000,0,0
1763737953.256906,3.638,6,6,32.237,1.89197,0.039,0.683,67.799,961.5,0.6119,32.237,0.0500,5.000,0,0
1763737953.569386,3.730,6,6,32.237,1.89299,0.039,0.683,67.552,961.4,0.6122,32.237,0.0500,5.000,0,0
1763737953.754545,3.372,6,6,32.226,1.89155,0.039,0.683,67.379,961.3,0.6119,32.226,0.0500,5.000,0,0
1763737953.901918,6.030,6,6,32.223,1.89283,0.040,0.682,67.253,960.7,0.6120,32.223,0.0500,5.000,0,0
1763737954.111284,5.989,6,6,32.228,1.89181,0.040,0.682,67.168,961.6,0.6121,32.228,0.0500,5.000,0,0
1763737954.257178,4.977,6,6,32.239,1.89251,0.039,0.681,67.141,961.1,0.6127,32.239,0.0500,5.000,0,0
1763737954.392860,7.479,6,6,32.240,1.89262,0.041,0.679,67.070,961.9,0.6131,32.240,0.0500,5.000,0,0
1763737954.524339,7.501,6,6,32.240,1.89198,0.040,0.682,67.016,962.9,0.6134,32.240,0.0500,5.000,0,0
1763737954.657449,7.619,6,6,32.269,1.89191,0.039,0.682,66.994,963.8,0.6123,32.269,0.0500,5.000,0,0
1763737954.793583,7.280,6,6,32.257,1.89150,0.038,0.682,67.004,962.3,0.6123,32.257,0.0500,5.000,0,0
1763737954.931800,7.368,6,6,32.252,1.89091,0.039,0.683,66.990,962.4,0.6127,32.252,0.0500,5.000,0,0
1763737955.097929,6.037,6,6,32.251,1.89243,0.039,0.681,67.005,962.9,0.6124,32.251,0.0500,5.000,0,0
1763737955.257900,6.180,6,6,32.252,1.89166,0.039,0.681,67.010,962.1,0.6122,32.252,0.0500,5.000,0,0
1763737955.396062,7.435,6,6,32.263,1.89246,0.038,0.682,67.001,961.9,0.6119,32.263,0.0500,5.000,0,0
1763737955.532191,7.501,6,6,32.230,1.89289,0.039,0.680,66.995,961.6,0.6122,32.230,0.0500,5.000,0,0
1763737955.675265,7.031,6,6,32.270,1.89170,0.038,0.681,67.003,961.9,0.6118,32.270,0.0500,5.000,0,0
1763737955.815582,6.928,6,6,32.267,1.89156,0.038,0.683,66.992,961.9,0.6119,32.267,0.0500,5.000,0,0
1763737955.962722,6.795,6,6,32.258,1.89285,0.039,0.683,66.979,961.1,0.6116,32.258,0.0500,5.000,0,0
1763737956.127858,6.067,6,6,32.263,1.89264,0.039,0.683,66.955,961.6,0.6116,32.263,0.0500,5.000,0,0
1763737956.260259,7.427,6,6,32.227,1.89237,0.040,0.680,66.960,961.0,0.6118,32.227,0.0500,5.000,0,0
1763737956.392419,7.486,6,6,32.197,1.89379,0.040,0.682,66.966,961.2,0.6119,32.197,0.0500,5.000,0,0
1763737956.526823,7.547,6,6,32.231,1.89278,0.039,0.683,66.956,961.2,0.6119,32.231,0.0500,5.000,0,0
1763737956.657174,7.610,6,6,32.261,1.89306,0.039,0.681,66.975,962.2,0.6122,32.261,0.0500,5.000,0,0
1763737956.792655,7.339,6,6,32.257,1.89229,0.038,0.681,66.997,961.9,0.6124,32.257,0.0500,5.000,0,0
1763737956.927228,7.480,6,6,32.261,1.89170,0.039,0.683,66.981,961.8,0.6121,32.261,0.0500,5.000,0,0
1763737957.075873,7.510,6,6,32.278,1.89178,0.040,0.681,66.976,963.6,0.6122,32.278,0.0500,5.000,0,0
1763737957.226688,6.182,6,6,32.237,1.89178,0.039,0.683,66.950,962.1,0.6128,32.237,0.0500,5.000,0,0
1763737957.362145,7.214,6,6,32.253,1.89074,0.038,0.683,66.975,962.8,0.6121,32.253,0.0500,5.000,0,0
1763737957.525962,6.002,6,6,32.243,1.89181,0.039,0.682,66.981,962.3,0.6126,32.243,0.0500,5.000,0,0
1763737957.655759,7.654,6,6,32.226,1.89196,0.039,0.681,67.006,961.7,0.6123,32.226,0.0500,5.000,0,0
1763737957.793222,7.366,6,6,32.235,1.89198,0.038,0.683,67.018,962.0,0.6123,32.235,0.0500,5.000,0,0
1763737957.924021,7.564,6,6,32.208,1.89183,0.039,0.682,66.994,961.1,0.6133,32.208,0.0500,5.000,0,0
1763737958.060621,7.485,6,6,32.249,1.89026,0.039,0.682,66.980,961.7,0.6127,32.249,0.0500,5.000,0,0
1763737958.228316,6.035,6,6,32.243,1.89108,0.039,0.683,66.973,961.7,0.6124,32.243,0.0500,5.000,0,0
1763737958.360014,7.405,6,6,32.260,1.89025,0.039,0.684,66.949,962.2,0.6126,32.260,0.0500,5.000,0,0
1763737958.499472,7.325,6,6,32.247,1.89148,0.039,0.683,66.958,962.3,0.6126,32.247,0.0500,5.000,0,0
1763737958.659169,6.077,6,6,32.238,1.89036,0.039,0.684,66.940,961.9,0.6135,32.238,0.0500,5.000,0,0
1763737958.791581,7.643,6,6,32.204,1.89050,0.039,0.682,66.923,960.5,0.6130,32.204,0.0500,5.000,0,0
1763737958.924276,7.488,6,6,32.220,1.89113,0.039,0.682,66.931,961.3,0.6130,32.220,0.0500,5.000,0,0
1763737959.059280,7.457,6,6,32.255,1.89112,0.039,0.681,66.955,962.4,0.6125,32.255,0.0500,5.000,0,0
1763737959.193552,7.489,6,6,32.258,1.89073,0.039,0.681,66.974,963.1,0.6123,32.258,0.0500,5.000,0,0
1763737959.324937,7.515,6,6,32.236,1.89129,0.040,0.681,66.960,962.9,0.6132,32.236,0.0500,5.000,0,0
1763737959.457804,7.569,6,6,32.248,1.89121,0.039,0.682,66.971,962.1,0.6127,32.248,0.0500,5.000,0,0
1763737959.589546,7.627,6,6,32.240,1.89135,0.039,0.682,66.960,962.0,0.6136,32.240,0.0500,5.000,0,0
1763737959.727610,7.198,6,6,32.236,1.89152,0.039,0.683,66.939,961.2,0.6129,32.236,0.0500,5.000,0,0
1763737959.859990,7.668,6,6,32.227,1.89058,0.039,0.684,66.951,961.8,0.6129,32.227,0.0500,5.000,0,0
1763737959.992339,7.469,6,6,32.254,1.88926,0.039,0.685,66.938,962.5,0.6126,32.254,0.0500,5.000,0,0
1763737960.131650,7.486,6,6,32.222,1.88990,0.039,0.684,66.911,962.1,0.6134,32.222,0.0500,5.000,0,0
1763737960.299612,5.952,6,6,32.243,1.88935,0.038,0.685,66.918,962.1,0.6132,32.243,0.0500,5.000,0,0
1763737960.462232,6.147,6,6,32.246,1.89006,0.039,0.687,66.894,962.1,0.6122,32.246,0.0500,5.000,0,0
1763737960.607422,7.366,6,6,32.244,1.89094,0.038,0.686,66.881,962.1,0.6129,32.244,0.0500,5.000,0,0
1763737960.758973,5.947,6,6,32.243,1.88909,0.038,0.685,66.893,962.2,0.6138,32.243,0.0500,5.000,0,0
1763737960.890570,7.602,6,6,32.243,1.89209,0.039,0.685,66.889,961.4,0.6129,32.243,0.0500,5.000,0,0
1763737961.035318,7.497,6,6,32.217,1.89135,0.039,0.684,66.909,961.8,0.6135,32.217,0.0500,5.000,0,0
1763737961.190761,5.995,6,6,32.247,1.89064,0.039,0.686,66.909,962.8,0.6127,32.247,0.0500,5.000,0,0
1763737961.323549,7.549,6,6,32.254,1.89036,0.038,0.687,66.896,962.6,0.6133,32.254,0.0500,5.000,0,0
1763737961.459209,7.459,6,6,32.267,1.89059,0.038,0.686,66.899,962.1,0.6128,32.267,0.0500,5.000,0,0
1763737961.587120,7.672,6,6,32.242,1.89057,0.039,0.686,66.888,961.5,0.6125,32.242,0.0500,5.000,0,0
1763737961.724732,7.304,6,6,32.232,1.89174,0.038,0.686,66.894,961.2,0.6129,32.232,0.0500,5.000,0,0
1763737961.864122,7.311,6,6,32.224,1.89080,0.037,0.688,66.918,961.4,0.6126,32.224,0.0500,5.000,0,0
1763737961.996591,7.643,6,6,32.258,1.88761,0.038,0.692,66.863,963.0,0.6124,32.258,0.0500,5.000,0,0
1763737962.130706,7.542,6,6,32.225,1.88585,0.038,0.697,66.776,962.9,0.6131,32.225,0.0500,5.000,0,0
1763737962.296481,5.915,6,6,32.251,1.88588,0.039,0.697,66.693,963.2,0.6129,32.251,0.0500,5.000,0,0
1763737962.466521,6.037,6,6,32.252,1.88471,0.039,0.698,66.607,963.5,0.6129,32.252,0.0500,5.000,0,0
1763737962.628592,6.001,6,6,32.279,1.88570,0.039,0.698,66.547,964.1,0.6124,32.279,0.0500,5.000,0,0
1763737962.761069,7.550,6,6,32.256,1.88561,0.038,0.700,66.503,963.6,0.6126,32.256,0.0500,5.000,0,0
1763737962.896735,7.607,6,6,32.260,1.88557,0.039,0.697,66.464,963.1,0.6128,32.260,0.0500,5.000,0,0
1763737963.066932,5.985,6,6,32.263,1.88556,0.038,0.695,66.466,963.4,0.6128,32.263,0.0500,5.000,0,0
1763737963.232264,6.020,6,6,32.235,1.88657,0.038,0.694,66.494,962.3,0.6126,32.235,0.0500,5.000,0,0
1763737963.398575,6.022,6,6,32.215,1.89008,0.038,0.691,66.573,961.5,0.6127,32.215,0.0500,5.000,0,0
1763737963.610947,5.025,6,6,32.227,1.89034,0.038,0.688,66.627,962.0,0.6127,32.227,0.0500,5.000,0,0
1763737963.759612,5.857,6,6,32.216,1.89064,0.038,0.689,66.688,961.5,0.6128,32.216,0.0500,5.000,0,0
1763737963.896142,7.640,6,6,32.224,1.89009,0.038,0.687,66.745,961.9,0.6129,32.224,0.0500,5.000,0,0
1763737964.029865,7.434,6,6,32.235,1.88969,0.038,0.689,66.767,962.6,0.6130,32.235,0.0500,5.000,0,0
1763737964.192347,6.004,6,6,32.265,1.88845,0.038,0.689,66.784,963.2,0.6131,32.265,0.0500,5.000,0,0
1763737964.329162,7.482,6,6,32.250,1.88779,0.038,0.688,66.795,962.7,0.6131,32.250,0.0500,5.000,0,0
1763737964.492677,5.929,6,6,32.228,1.89070,0.038,0.686,66.852,962.0,0.6134,32.228,0.0500,5.000,0,0
1763737964.627474,7.509,6,6,32.220,1.89052,0.038,0.689,66.866,962.0,0.6129,32.220,0.0500,5.000,0,0
1763737964.758589,7.673,6,6,32.213,1.89049,0.038,0.691,66.830,961.1,0.6133,32.213,0.0500,5.000,0,0
1763737964.890419,7.555,6,6,32.222,1.89051,0.038,0.690,66.805,960.9,0.6133,32.222,0.0500,5.000,0,0
1763738020.824781,49.870,6,6,32.214,1.89231,0.040,0.685,67.241,964.4,0.6138,32.214,0.0500,5.000,0,0
1763738021.015650,5.029,6,6,32.228,1.89284,0.037,0.690,67.089,962.1,0.6136,32.228,0.0500,5.000,0,0
1763738021.244408,5.805,6,6,32.239,1.87268,0.036,0.687,67.248,962.0,0.5523,32.239,0.0500,5.000,0,0
1763738021.431769,5.034,6,6,32.251,1.89241,0.037,0.689,67.133,961.0,0.6118,32.251,0.0500,5.000,0,0
1763738021.585777,5.089,6,6,32.240,1.89184,0.037,0.691,67.037,960.6,0.6120,32.240,0.0500,5.000,0,0
1763738021.754371,6.015,6,6,32.247,1.89171,0.036,0.688,67.031,961.3,0.6120,32.247,0.0500,5.000,0,0
1763738021.915956,6.088,6,6,32.224,1.89169,0.037,0.686,67.021,961.9,0.6124,32.224,0.0500,5.000,0,0
1763738022.054834,7.210,6,6,32.174,1.89171,0.038,0.683,67.034,961.8,0.6137,32.174,0.0500,5.000,0,0
1763738022.213113,6.276,6,6,32.202,1.89225,0.038,0.684,67.022,962.2,0.6131,32.202,0.0500,5.000,0,0
1763738022.347176,7.547,6,6,32.227,1.89111,0.037,0.685,67.023,962.4,0.6126,32.227,0.0500,5.000,0,0
1763738022.481083,7.377,6,6,32.223,1.89255,0.038,0.684,67.030,962.3,0.6128,32.223,0.0500,5.000,0,0
1763738022.614779,7.475,6,6,32.228,1.89128,0.038,0.685,66.993,962.7,0.6134,32.228,0.0500,5.000,0,0
1763738022.747571,7.564,6,6,32.226,1.89135,0.038,0.685,66.977,962.4,0.6132,32.226,0.0500,5.000,0,0
1763738022.881504,7.505,6,6,32.225,1.89114,0.038,0.685,66.974,962.5,0.6129,32.225,0.0500,5.000,0,0
1763738023.023492,7.282,6,6,32.208,1.89145,0.037,0.685,66.981,962.4,0.6130,32.208,0.0500,5.000,0,0
1763738023.191494,6.070,6,6,32.214,1.89066,0.038,0.685,66.972,962.3,0.6131,32.214,0.0500,5.000,0,0
1763738023.353837,6.037,6,6,32.237,1.89123,0.036,0.685,66.987,962.3,0.6132,32.237,0.0500,5.000,0,0
1763738023.494583,7.410,6,6,32.213,1.87416,0.036,0.686,67.169,962.1,0.5532,32.213,0.0500,5.000,0,0
1763738023.658299,5.986,6,6,32.224,1.89146,0.036,0.685,67.149,961.7,0.6124,32.224,0.0500,5.000,0,0
1763738023.818399,5.962,6,6,32.271,1.89292,0.036,0.689,67.111,961.8,0.6117,32.271,0.0500,5.000,0,0
1763738023.962302,7.285,6,6,32.249,1.89172,0.036,0.688,67.081,961.4,0.6114,32.249,0.0500,5.000,0,0
1763738024.146429,6.231,6,6,32.257,1.89183,0.036,0.689,67.046,961.4,0.6117,32.257,0.0500,5.000,0,0
1763738024.293207,5.957,6,6,32.222,1.89333,0.037,0.687,67.041,959.8,0.6123,32.222,0.0500,5.000,0,0
1763738024.453693,6.402,6,6,32.259,1.89272,0.036,0.688,67.039,960.5,0.6119,32.259,0.0500,5.000,0,0
1763738024.583225,6.928,6,6,32.256,1.89149,0.037,0.688,67.005,960.9,0.6124,32.256,0.0500,5.000,0,0
1763738024.720261,7.351,6,6,32.264,1.89267,0.037,0.689,66.975,961.3,0.6120,32.264,0.0500,5.000,0,0
1763738024.850407,7.658,6,6,32.240,1.89193,0.036,0.689,66.969,960.7,0.6123,32.240,0.0500,5.000,0,0
1763738024.983705,7.482,6,6,32.260,1.89227,0.036,0.690,66.970,960.9,0.6121,32.260,0.0500,5.000,0,0
1763738025.116965,7.515,6,6,32.252,1.89279,0.036,0.687,67.003,961.3,0.6117,32.252,0.0500,5.000,0,0
1763738025.248399,7.561,6,6,32.217,1.89327,0.036,0.687,67.006,960.7,0.6123,32.217,0.0500,5.000,0,0
1763738025.384449,7.445,6,6,32.249,1.89163,0.036,0.688,67.016,961.8,0.6121,32.249,0.0500,5.000,0,0
1763738025.521545,7.375,6,6,32.253,1.89182,0.036,0.690,66.995,961.3,0.6120,32.253,0.0500,5.000,0,0
1763738025.683573,6.126,6,6,32.257,1.89267,0.036,0.690,66.990,961.4,0.6117,32.257,0.0500,5.000,0,0
1763738025.822630,7.370,6,6,32.247,1.89162,0.036,0.689,66.995,961.3,0.6117,32.247,0.0500,5.000,0,0
1763738025.993921,6.072,6,6,32.248,1.89149,0.036,0.688,67.004,961.6,0.6118,32.248,0.0500,5.000,0,0
1763738026.167325,5.971,6,6,32.257,1.89236,0.036,0.688,67.011,961.7,0.6119,32.257,0.0500,5.000,0,0
1763738026.363678,6.038,6,6,32.268,1.89227,0.036,0.688,67.017,961.1,0.6114,32.268,0.0500,5.000,0,0
1763738026.558213,4.901,6,6,32.285,1.89109,0.036,0.690,66.995,961.5,0.6118,32.285,0.0500,5.000,0,0
1763738026.754502,5.070,6,6,32.230,1.89226,0.037,0.689,66.973,961.0,0.6120,32.230,0.0500,5.000,0,0
1763738026.944808,4.995,6,6,32.219,1.89103,0.037,0.686,66.997,962.4,0.6123,32.219,0.0500,5.000,0,0
1763738027.097461,6.062,6,6,32.213,1.89359,0.035,0.688,67.015,959.8,0.6122,32.213,0.0500,5.000,0,0
1763738027.250957,5.934,6,6,32.188,1.89311,0.036,0.689,67.008,959.6,0.6126,32.188,0.0500,5.000,0,0
1763738027.383103,7.580,6,6,32.183,1.89297,0.036,0.688,67.010,959.5,0.6127,32.183,0.0500,5.000,0,0
1763738027.521891,7.467,6,6,32.208,1.89349,0.036,0.689,66.995,959.8,0.6122,32.208,0.0500,5.000,0,0
1763738027.652722,7.320,6,6,32.201,1.89380,0.038,0.688,66.960,959.9,0.6121,32.201,0.0500,5.000,0,0
1763738027.786035,7.670,6,6,32.187,1.89397,0.036,0.687,66.980,959.2,0.6123,32.187,0.0500,5.000,0,0
1763738027.922409,7.511,6,6,32.160,1.89495,0.037,0.685,66.980,959.9,0.6132,32.160,0.0500,5.000,0,0
1763738028.082949,6.001,6,6,32.168,1.89545,0.037,0.686,66.998,959.5,0.6128,32.168,0.0500,5.000,0,0
1763738028.221178,7.554,6,6,32.179,1.89553,0.038,0.686,66.994,960.0,0.6129,32.179,0.0500,5.000,0,0
1763738028.352169,7.401,6,6,32.184,1.89523,0.036,0.686,67.020,959.9,0.6132,32.184,0.0500,5.000,0,0
1763738028.487260,7.559,6,6,32.175,1.89494,0.037,0.687,67.009,960.1,0.6132,32.175,0.0500,5.000,0,0
1763738028.650396,5.997,6,6,32.180,1.89492,0.037,0.686,67.007,960.6,0.6128,32.180,0.0500,5.000,0,0
1763738028.826152,7.363,6,6,32.174,1.89439,0.037,0.686,67.016,960.5,0.6129,32.174,0.0500,5.000,0,0
1763738029.044923,5.064,6,6,32.215,1.89313,0.036,0.688,67.011,960.4,0.6122,32.215,0.0500,5.000,0,0
1763738029.187667,5.085,6,6,32.168,1.89342,0.037,0.687,66.994,960.0,0.6131,32.168,0.0500,5.000,0,0
1763738029.358554,5.958,6,6,32.170,1.89356,0.037,0.687,66.985,960.0,0.6131,32.170,0.0500,5.000,0,0
1763738029.523831,5.937,6,6,32.156,1.89282,0.038,0.686,66.969,959.8,0.6133,32.156,0.0500,5.000,0,0
1763738029.686379,5.906,6,6,32.145,1.89353,0.038,0.687,66.949,959.7,0.6132,32.145,0.0500,5.000,0,0
1763738029.819793,7.568,6,6,32.162,1.89430,0.037,0.687,66.964,959.9,0.6130,32.162,0.0500,5.000,0,0
1763738030.024850,7.688,6,6,32.148,1.89348,0.037,0.686,66.967,959.9,0.6126,32.148,0.0500,5.000,0,0
1763738030.797469,3.349,6,6,32.158,1.89347,0.037,0.685,66.974,959.9,0.6129,32.158,0.0500,5.000,0,0
1763738031.035458,1.412,6,6,32.141,1.89395,0.037,0.684,66.988,959.3,0.6129,32.141,0.0500,5.000,0,0
1763738031.200206,4.357,6,6,32.198,1.89207,0.037,0.689,66.963,960.1,0.6125,32.198,0.0500,5.000,0,0
1763738031.410558,6.067,6,6,32.169,1.86966,0.039,0.688,67.084,958.9,0.5536,32.169,0.0500,5.000,0,0
1763738031.721064,4.921,6,6,32.199,1.89008,0.038,0.692,66.948,958.9,0.6127,32.199,0.0500,5.000,0,0
1763738031.982428,2.978,6,6,32.244,1.88438,0.039,0.699,66.744,961.9,0.6134,32.244,0.0500,5.000,0,0
1763738032.215000,3.814,6,6,32.215,1.88788,0.037,0.697,66.676,962.2,0.6133,32.215,0.0500,5.000,0,0
1763738032.408257,4.281,6,6,32.197,1.88770,0.038,0.694,66.636,960.2,0.6135,32.197,0.0500,5.000,0,0
1763738032.585688,5.923,6,6,32.145,1.88684,0.039,0.695,66.578,960.4,0.6144,32.145,0.0500,5.000,0,0
1763738032.742077,6.040,6,6,32.156,1.88434,0.039,0.696,66.509,961.0,0.6144,32.156,0.0500,5.000,0,0
1763738032.944057,6.024,6,6,32.189,1.88819,0.040,0.695,66.467,960.6,0.6130,32.189,0.0500,5.000,0,0
1763738033.130042,5.029,6,6,32.177,1.88699,0.038,0.696,66.489,961.5,0.6133,32.177,0.0500,5.000,0,0
1763738033.298502,4.981,6,6,32.195,1.88859,0.039,0.694,66.494,962.7,0.6140,32.195,0.0500,5.000,0,0
1763738033.451946,5.990,6,6,32.213,1.88727,0.038,0.696,66.494,962.4,0.6132,32.213,0.0500,5.000,0,0
1763738033.585542,7.536,6,6,32.190,1.88777,0.038,0.694,66.513,962.5,0.6130,32.190,0.0500,5.000,0,0
1763738033.751046,7.476,6,6,32.201,1.88751,0.038,0.695,66.519,962.4,0.6133,32.201,0.0500,5.000,0,0
1763738033.883066,6.026,6,6,32.206,1.88639,0.038,0.697,66.501,963.1,0.6132,32.206,0.0500,5.000,0,0
1763738034.038883,7.306,6,6,32.184,1.88649,0.039,0.697,66.488,961.4,0.6130,32.184,0.0500,5.000,0,0
1763738034.184995,6.100,6,6,32.194,1.88592,0.039,0.697,66.444,961.5,0.6134,32.194,0.0500,5.000,0,0
1763738034.320006,7.449,6,6,32.184,1.88627,0.039,0.698,66.400,961.4,0.6140,32.184,0.0500,5.000,0,0
1763738034.497535,7.047,6,6,32.160,1.86510,0.038,0.697,66.575,960.4,0.5540,32.160,0.0500,5.000,0,0
1763738034.650397,5.237,6,6,32.220,1.88443,0.040,0.696,66.486,962.2,0.6139,32.220,0.0500,5.000,0,0
1763738034.780504,7.574,6,6,32.251,1.88420,0.038,0.702,66.400,963.1,0.6129,32.251,0.0500,5.000,0,0
1763738034.916261,7.545,6,6,32.252,1.86647,0.037,0.701,66.641,964.2,0.5520,32.252,0.0500,5.000,0,0
1763738035.050511,7.421,6,6,32.228,1.86436,0.038,0.700,66.818,962.9,0.5526,32.228,0.0500,5.000,0,0
1763738035.187424,7.426,6,6,32.249,1.88463,0.038,0.701,66.669,962.6,0.6129,32.249,0.0500,5.000,0,0
1763738035.321135,7.315,6,6,32.197,1.88485,0.039,0.701,66.537,963.0,0.6139,32.197,0.0500,5.000,0,0
1763738035.446920,7.806,6,6,32.231,1.88306,0.038,0.702,66.451,964.0,0.6138,32.231,0.0500,5.000,0,0
1763738035.582774,7.493,6,6,32.227,1.88301,0.038,0.702,66.419,964.3,0.6137,32.227,0.0500,5.000,0,0
1763738035.732088,7.400,6,6,32.234,1.88226,0.038,0.700,66.391,964.8,0.6138,32.234,0.0500,5.000,0,0
1763738483.241707,110.867,0,0,0.000,0.00000,0.000,0.000,0.000,,,,0.0500,5.000,0,0
1763738483.374647,7.502,0,0,0.000,0.00000,0.000,0.000,0.000,,,,0.0500,5.000,0,0
1763738483.502858,7.568,0,0,0.000,0.00000,0.000,0.000,0.000,,,,0.0500,5.000,0,0
1763738483.704089,8.345,3,3,36.147,1.75960,0.205,0.466,78.370,1281.4,0.7953,36.147,0.0500,5.000,0,0
1763738483.882624,5.447,6,6,32.551,1.94247,0.039,0.694,86.775,980.2,0.5996,32.551,0.0500,5.000,0,0
1763738484.115601,4.849,6,6,32.666,1.93808,0.038,0.697,86.775,982.9,0.6009,32.666,0.0500,5.000,0,0
1763738484.275079,5.123,6,6,32.595,1.76973,0.038,0.693,86.775,981.0,0.6305,32.595,0.0500,5.000,0,0
1763738484.443147,6.087,6,6,32.673,1.93518,0.038,0.702,86.775,985.9,0.6014,32.673,0.0500,5.000,0,0
1763738484.607628,5.918,6,6,32.738,1.93445,0.038,0.704,86.775,988.1,0.5996,32.738,0.0500,5.000,0,0
1763738484.766461,6.059,6,6,32.759,1.93376,0.038,0.705,86.775,989.1,0.5997,32.759,0.0500,5.000,0,0
1763738484.917327,6.964,6,6,32.760,1.93386,0.038,0.705,86.775,988.7,0.6006,32.760,0.0500,5.000,0,0
1763738485.080173,6.353,6,6,32.703,1.93343,0.038,0.703,86.775,985.1,0.6015,32.703,0.0500,5.000,0,0
1763738485.281869,5.973,6,6,32.680,1.93380,0.038,0.703,86.775,984.3,0.6008,32.680,0.0500,5.000,0,0
1763738485.468594,5.075,6,6,32.689,1.90326,0.037,0.701,86.775,985.7,0.5368,32.689,0.0500,5.000,0,0
1763738485.630164,5.012,6,6,32.724,1.93274,0.038,0.703,86.775,985.8,0.6017,32.724,0.0500,5.000,0,0
1763738485.768295,7.144,6,6,32.732,1.93349,0.038,0.703,86.775,986.9,0.6014,32.732,0.0500,5.000,0,0
1763738485.909880,7.630,6,6,32.729,1.93375,0.038,0.703,86.775,986.4,0.6014,32.729,0.0500,5.000,0,0
1763738486.103570,6.081,6,6,32.737,1.93340,0.038,0.701,86.775,986.6,0.6013,32.737,0.0500,5.000,0,0
1763738486.471949,4.901,6,6,32.724,1.93285,0.038,0.703,86.775,985.5,0.6014,32.724,0.0500,5.000,0,0
1763738486.688743,2.699,6,6,32.754,1.93470,0.038,0.704,86.775,987.1,0.6016,32.754,0.0500,5.000,0,0
1763738486.881252,5.008,6,6,32.731,1.93421,0.038,0.701,86.775,986.6,0.6018,32.731,0.0500,5.000,0,0
1763738487.051263,5.089,6,6,32.717,1.93443,0.038,0.702,86.775,985.9,0.6006,32.717,0.0500,5.000,0,0
1763738487.216177,5.975,6,6,32.747,1.93351,0.038,0.704,86.775,987.0,0.6013,32.747,0.0500,5.000,0,0
1763738487.369687,6.041,6,6,32.729,1.93413,0.038,0.703,86.775,986.4,0.6005,32.729,0.0500,5.000,0,0
1763738487.511396,7.462,6,6,32.752,1.93334,0.038,0.704,86.775,986.9,0.6013,32.752,0.0500,5.000,0,0
1763738487.721491,6.663,6,6,32.742,1.93321,0.038,0.701,86.775,987.0,0.6017,32.742,0.0500,5.000,0,0
1763738487.873711,4.683,6,6,32.771,1.93307,0.038,0.703,86.775,987.6,0.6011,32.771,0.0500,5.000,0,0
1763738488.032492,5.845,6,6,32.749,1.93444,0.039,0.703,86.775,986.5,0.6000,32.749,0.0500,5.000,0,0
1763738488.162221,7.657,6,6,32.751,1.93484,0.038,0.702,86.775,986.8,0.5993,32.751,0.0500,5.000,0,0
1763738488.296808,7.409,6,6,32.732,1.93319,0.038,0.699,86.775,986.5,0.5998,32.732,0.0500,5.000,0,0
1763738488.362287,7.502,0,0,0.000,0.00000,0.000,0.000,86.775,,,,0.0500,5.000,0,0
1763738488.430412,14.761,0,0,0.000,0.00000,0.000,0.000,86.775,,,,0.0500,5.000,0,0
1763738488.493944,15.739,0,0,0.000,0.00000,0.000,0.000,86.775,,,,0.0500,5.000,0,0
1763738488.568869,14.515,1,1,33.924,0.00000,1.000,1.000,86.775,1346.0,0.9195,33.924,0.0500,5.000,0,0
1763738488.634358,15.341,1,1,33.824,0.00000,1.000,1.000,86.775,1329.9,0.9240,33.824,0.0500,5.000,0,0
1763738488.764859,13.750,6,6,31.726,1.85610,0.038,0.670,86.775,935.5,0.5612,31.726,0.0500,5.000,0,0
1763738488.898369,7.559,6,6,31.795,1.85544,0.037,0.664,86.775,937.7,0.5606,31.795,0.0500,5.000,0,0
1763738489.082192,6.274,6,6,31.825,1.85748,0.039,0.671,86.775,935.7,0.6185,31.825,0.0500,5.000,0,0
1763738489.247090,5.900,6,6,31.730,1.85728,0.041,0.666,86.775,936.5,0.6196,31.730,0.0500,5.000,0,0
1763738489.434068,5.864,6,6,31.726,1.85791,0.040,0.668,86.775,936.5,0.6198,31.726,0.0500,5.000,0,0
1763738489.578029,6.170,6,6,31.747,1.85878,0.040,0.667,86.775,935.6,0.6201,31.747,0.0500,5.000,0,0
1763738489.756640,6.114,6,6,31.748,1.85537,0.040,0.667,86.775,936.5,0.6198,31.748,0.0500,5.000,0,0
1763738489.907376,6.054,6,6,31.774,1.85694,0.039,0.672,86.775,935.9,0.6198,31.774,0.0500,5.000,0,0
1763738490.039693,6.998,6,6,31.821,1.85788,0.039,0.672,86.775,935.2,0.6188,31.821,0.0500,5.000,0,0
1763738490.201271,6.100,6,6,31.776,1.85651,0.040,0.670,86.775,935.4,0.6198,31.776,0.0500,5.000,0,0
1763738490.334947,7.491,5,5,30.950,1.71479,0.052,0.700,86.775,1003.0,0.6366,30.950,0.0500,5.000,0,0
1763738490.463832,7.687,6,6,31.791,1.85140,0.038,0.671,86.775,935.8,0.5602,31.791,0.0500,5.000,0,0
1763738490.600229,7.443,6,6,31.807,1.85618,0.040,0.667,86.775,936.1,0.6194,31.807,0.0500,5.000,0,0
1763738490.735615,7.371,6,6,31.755,1.85734,0.040,0.667,86.775,936.0,0.6201,31.755,0.0500,5.000,0,0
1763738490.865897,7.577,6,6,31.761,1.85854,0.040,0.667,86.775,935.9,0.6201,31.761,0.0500,5.000,0,0
1763738491.003973,7.385,6,6,31.816,1.85192,0.039,0.671,86.775,936.1,0.5595,31.816,0.0500,5.000,0,0
1763738491.134160,7.666,6,6,31.773,1.85482,0.040,0.670,86.775,936.0,0.6202,31.773,0.0500,5.000,0,0
1763738491.197620,7.431,0,0,0.000,0.00000,0.000,0.000,86.775,,,,0.0500,5.000,0,0
1763738491.264770,15.315,0,0,0.000,0.00000,0.000,0.000,86.775,,,,0.0500,5.000,0,0
1763738491.345723,14.522,0,0,0.000,0.00000,0.000,0.000,86.775,,,,0.0500,5.000,0,0
1763738491.449452,10.041,0,0,0.000,0.00000,0.000,0.000,86.775,,,,0.0500,5.000,0,0
1763738491.547973,10.037,0,0,0.000,0.00000,0.000,0.000,86.775,,,,0.0500,5.000,0,0
1763738491.622534,10.038,0,0,0.000,0.00000,0.000,0.000,86.775,,,,0.0500,5.000,0,0
1763738491.688101,14.808,0,0,0.000,0.00000,0.000,0.000,86.775,,,,0.0500,5.000,0,0
1763738491.751858,14.973,0,0,0.000,0.00000,0.000,0.000,86.775,,,,0.0500,5.000,0,0
1763738491.813737,15.631,0,0,0.000,0.00000,0.000,0.000,86.775,,,,0.0500,5.000,0,0
1763738491.882119,15.448,0,0,0.000,0.00000,0.000,0.000,86.775,,,,0.0500,5.000,0,0
1763738491.953928,14.431,0,0,0.000,0.00000,0.000,0.000,86.775,,,,0.0500,5.000,0,0
1763738492.026471,14.934,0,0,0.000,0.00000,0.000,0.000,86.775,,,,0.0500,5.000,0,0
1763738492.090372,14.948,0,0,0.000,0.00000,0.000,0.000,86.775,,,,0.0500,5.000,0,0
1763738492.159207,15.553,0,0,0.000,0.00000,0.000,0.000,86.775,,,,0.0500,5.000,0,0
1763738492.222983,14.578,0,0,0.000,0.00000,0.000,0.000,86.775,,,,0.0500,5.000,0,0
1763738492.293932,14.458,0,0,0.000,0.00000,0.000,0.000,86.775,,,,0.0500,5.000,0,0
1763738492.354449,15.569,0,0,0.000,0.00000,0.000,0.000,86.775,,,,0.0500,5.000,0,0
1763738492.426593,14.923,0,0,0.000,0.00000,0.000,0.000,86.775,,,,0.0500,5.000,0,0
1763738492.508612,14.358,0,0,0.000,0.00000,0.000,0.000,86.775,,,,0.0500,5.000,0,0
1763738492.609726,10.383,0,0,0.000,0.00000,0.000,0.000,86.775,,,,0.0500,5.000,0,0
1763738492.716753,9.753,0,0,0.000,0.00000,0.000,0.000,86.775,,,,0.0500,5.000,0,0
1763738492.806269,9.861,0,0,0.000,0.00000,0.000,0.000,86.775,,,,0.0500,5.000,0,0
1763738492.907740,10.080,0,0,0.000,0.00000,0.000,0.000,86.775,,,,0.0500,5.000,0,0
1763738493.007467,10.098,0,0,0.000,0.00000,0.000,0.000,86.775,,,,0.0500,5.000,0,0
1763738493.095944,10.231,0,0,0.000,0.00000,0.000,0.000,86.775,,,,0.0500,5.000,0,0
1763738493.168110,14.611,1,1,33.589,0.00000,1.000,1.000,86.775,1349.1,0.7186,33.589,0.0500,5.000,0,0
1763738493.293291,14.320,5,5,31.269,1.71335,0.053,0.706,86.775,1027.9,0.6322,31.269,0.0500,5.000,0,0
1763738493.433046,7.545,6,6,32.242,1.85269,0.037,0.688,86.775,962.6,0.6177,32.242,0.0500,5.000,0,0
1763738493.578630,7.533,6,6,32.234,1.85281,0.037,0.681,86.775,963.6,0.6185,32.234,0.0500,5.000,0,0
1763738493.741638,5.878,6,6,32.254,1.85108,0.037,0.677,86.775,965.6,0.6198,32.254,0.0500,5.000,0,0
1763738493.916133,6.123,6,6,32.225,1.85354,0.038,0.683,86.775,963.9,0.6185,32.225,0.0500,5.000,0,0
1763738494.061238,6.124,5,5,31.363,1.70935,0.051,0.706,86.775,1036.9,0.6351,31.363,0.0500,5.000,0,0
1763738494.196125,7.583,6,6,32.275,1.84773,0.037,0.684,86.775,965.2,0.6195,32.275,0.0500,5.000,0,0
1763738494.325313,7.789,6,6,32.269,1.84690,0.039,0.684,86.775,966.2,0.6194,32.269,0.0500,5.000,0,0
1763738494.465072,7.204,6,6,32.298,1.84859,0.038,0.682,86.775,968.5,0.6202,32.298,0.0500,5.000,0,0
1763738494.602721,7.322,6,6,32.346,1.85028,0.039,0.685,86.775,970.3,0.6194,32.346,0.0500,5.000,0,0
1763738494.739014,7.464,6,6,32.311,1.84879,0.039,0.684,86.775,970.0,0.6205,32.311,0.0500,5.000,0,0
1763738494.899494,6.184,6,6,32.302,1.85064,0.038,0.684,86.775,969.3,0.6204,32.302,0.0500,5.000,0,0
1763738495.032284,7.573,6,6,32.288,1.84860,0.037,0.682,86.775,969.4,0.6204,32.288,0.0500,5.000,0,0
1763738495.167859,7.217,6,6,32.340,1.84810,0.037,0.685,86.775,970.4,0.6198,32.340,0.0500,5.000,0,0
1763738495.301793,7.546,6,6,32.339,1.84767,0.037,0.685,86.775,970.3,0.6196,32.339,0.0500,5.000,0,0
1763738495.429971,7.699,6,6,32.313,1.84780,0.038,0.683,86.775,970.6,0.6201,32.313,0.0500,5.000,0,0
1763738495.566089,7.437,6,6,32.282,1.84779,0.037,0.683,86.775,970.5,0.6209,32.282,0.0500,5.000,0,0
1763738495.698526,7.505,6,6,32.331,1.84676,0.037,0.686,86.775,970.3,0.6199,32.331,0.0500,5.000,0,0
1763738495.837534,7.439,6,6,32.313,1.84733,0.037,0.684,86.775,969.8,0.6201,32.313,0.0500,5.000,0,0
1763738496.002190,5.940,6,6,32.285,1.84712,0.037,0.681,86.775,970.5,0.6199,32.285,0.0500,5.000,0,0
1763738496.137010,7.469,6,6,32.305,1.84713,0.038,0.681,86.775,969.9,0.6198,32.305,0.0500,5.000,0,0
1763738496.301394,6.081,6,6,32.309,1.84610,0.038,0.683,86.775,970.4,0.6196,32.309,0.0500,5.000,0,0
1763738496.438186,7.666,6,6,32.323,1.84632,0.038,0.684,86.775,969.9,0.6197,32.323,0.0500,5.000,0,0
1763738496.570234,7.211,6,6,32.329,1.84566,0.038,0.685,86.775,970.0,0.6196,32.329,0.0500,5.000,0,0
1763738496.736719,5.997,6,6,32.337,1.84586,0.038,0.685,86.775,970.6,0.6191,32.337,0.0500,5.000,0,0
1763738496.868631,7.589,6,6,32.319,1.84576,0.038,0.682,86.775,970.5,0.6195,32.319,0.0500,5.000,0,0
1763738496.999954,7.565,6,6,32.302,1.84559,0.038,0.684,86.775,970.1,0.6205,32.302,0.0500,5.000,0,0
1763738497.133907,7.440,6,6,32.320,1.84470,0.038,0.687,86.775,970.2,0.6200,32.320,0.0500,5.000,0,0
1763738497.286933,6.951,6,6,32.338,1.84359,0.038,0.688,86.775,971.4,0.6198,32.338,0.0500,5.000,0,0
1763738497.431865,6.456,6,6,32.330,1.84324,0.038,0.687,86.775,972.0,0.6197,32.330,0.0500,5.000,0,0
1763738497.571947,7.339,6,6,32.333,1.84306,0.038,0.688,86.775,971.7,0.6198,32.333,0.0500,5.000,0,0
1763738497.703479,7.470,6,6,32.309,1.84541,0.038,0.686,86.775,970.4,0.6203,32.309,0.0500,5.000,0,0
1763738497.835054,7.617,6,6,32.307,1.84567,0.038,0.684,86.775,970.1,0.6205,32.307,0.0500,5.000,0,0
1763738497.967138,7.537,6,6,32.327,1.84357,0.038,0.683,86.775,971.3,0.6205,32.327,0.0500,5.000,0,0
1763738498.100640,7.495,6,6,32.332,1.84516,0.038,0.687,86.775,970.4,0.6201,32.332,0.0500,5.000,0,0
1763738498.235151,7.456,6,6,32.321,1.84347,0.039,0.686,86.775,971.5,0.6203,32.321,0.0500,5.000,0,0
1763738498.373209,7.230,6,6,32.335,1.84368,0.038,0.687,86.775,970.7,0.6199,32.335,0.0500,5.000,0,0
1763738498.505666,7.713,6,6,32.318,1.84390,0.038,0.686,86.775,971.1,0.6199,32.318,0.0500,5.000,0,0
1763738498.636568,7.450,6,6,32.342,1.84386,0.038,0.689,86.775,970.6,0.6199,32.342,0.0500,5.000,0,0
1763738498.774203,7.644,6,6,32.314,1.84407,0.038,0.688,86.775,970.3,0.6198,32.314,0.0500,5.000,0,0
1763738498.949391,5.899,6,6,32.276,1.84497,0.038,0.684,86.775,969.3,0.6208,32.276,0.0500,5.000,0,0
1763738499.101995,5.997,3,3,29.309,1.49525,0.051,0.852,86.775,689.8,0.2781,29.309,0.0500,5.000,0,0
1763738499.161049,7.736,0,0,0.000,0.00000,0.000,0.000,86.775,,,,0.0500,5.000,0,0
1763738499.210568,14.913,0,0,0.000,0.00000,0.000,0.000,86.775,,,,0.0500,5.000,0,0
1763738499.272785,14.972,0,0,0.000,0.00000,0.000,0.000,86.775,,,,0.0500,5.000,0,0
1763738499.336005,15.435,0,0,0.000,0.00000,0.000,0.000,86.775,,,,0.0500,5.000,0,0
1763738499.400789,15.297,0,0,0.000,0.00000,0.000,0.000,86.775,,,,0.0500,5.000,0,0
1763738499.435832,30.405,0,0,0.000,0.00000,0.000,0.000,86.775,,,,0.0500,5.000,0,0
1763738499.501063,14.980,0,0,0.000,0.00000,0.000,0.000,86.775,,,,0.0500,5.000,0,0
1763738499.563479,15.547,0,0,0.000,0.00000,0.000,0.000,86.775,,,,0.0500,5.000,0,0
1763738499.601621,29.362,0,0,0.000,0.00000,0.000,0.000,86.775,,,,0.0500,5.000,0,0
1763738499.683931,14.394,0,0,0.000,0.00000,0.000,0.000,86.775,,,,0.0500,5.000,0,0
1763738499.812581,14.179,3,3,29.174,1.29191,0.049,0.856,86.775,682.1,0.4038,29.174,0.0500,5.000,0,0
1763738499.943843,7.606,6,6,32.441,1.84347,0.039,0.690,86.775,977.3,0.6182,32.441,0.0500,5.000,0,0
1763738500.053050,9.239,5,5,31.221,1.72421,0.050,0.700,86.775,1031.6,0.6322,31.221,0.0500,5.000,0,0
1763738500.192813,7.908,6,6,32.394,1.84757,0.035,0.692,86.775,972.8,0.5554,32.394,0.0500,5.000,0,0
1763738500.328729,7.469,6,6,32.346,1.84538,0.038,0.688,86.775,972.8,0.6205,32.346,0.0500,5.000,0,0
1763738516.179393,47.117,5,5,31.359,1.71163,0.052,0.705,69.726,1032.5,0.6324,31.359,0.0500,5.000,0,0
1763738516.371840,5.022,6,6,32.297,1.84933,0.037,0.684,68.822,969.3,0.6195,32.297,0.0500,5.000,0,0
1763738516.572642,5.370,6,6,32.277,1.84670,0.037,0.687,68.126,968.1,0.6198,32.277,0.0500,5.000,0,0
1763738516.735811,5.967,6,6,32.319,1.84831,0.036,0.683,67.716,968.5,0.6193,32.319,0.0500,5.000,0,0
1763738516.898199,6.031,6,6,32.277,1.84945,0.038,0.682,67.400,968.0,0.6196,32.277,0.0500,5.000,0,0
1763738517.067117,5.851,6,6,32.255,1.85073,0.037,0.683,67.180,967.8,0.6199,32.255,0.0500,5.000,0,0
1763738517.202983,7.355,6,6,32.292,1.84949,0.038,0.684,66.981,968.7,0.6207,32.292,0.0500,5.000,0,0
1763738517.362803,6.259,6,6,32.292,1.84739,0.037,0.686,66.852,968.4,0.6202,32.292,0.0500,5.000,0,0
1763738517.495923,7.606,6,6,32.259,1.84768,0.038,0.685,66.763,968.1,0.6208,32.259,0.0500,5.000,0,0
1763738517.630193,7.344,6,6,32.285,1.84466,0.037,0.683,66.852,968.8,0.5559,32.285,0.0500,5.000,0,0
1763738517.760471,7.623,6,6,32.275,1.84525,0.036,0.684,66.933,968.7,0.5564,32.275,0.0500,5.000,0,0
1763738517.896569,7.448,6,6,32.287,1.84876,0.038,0.682,66.822,968.6,0.6201,32.287,0.0500,5.000,0,0
1763738518.034921,7.498,6,6,32.282,1.84465,0.037,0.682,66.913,968.5,0.5565,32.282,0.0500,5.000,0,0
1763738518.174778,7.205,6,6,32.258,1.84545,0.037,0.684,66.973,968.2,0.5567,32.258,0.0500,5.000,0,0
1763738518.339130,6.010,6,6,32.289,1.84557,0.036,0.684,67.046,968.1,0.5563,32.289,0.0500,5.000,0,0
1763738518.501446,5.953,6,6,32.275,1.84866,0.038,0.684,66.893,968.0,0.6198,32.275,0.0500,5.000,0,0
1763738518.636979,7.476,6,6,32.288,1.84546,0.036,0.685,66.977,968.7,0.5560,32.288,0.0500,5.000,0,0
1763738518.768882,7.564,6,6,32.310,1.84950,0.038,0.683,66.848,967.9,0.6195,32.310,0.0500,5.000,0,0
1763738518.900375,7.670,6,6,32.269,1.84527,0.036,0.684,66.943,968.4,0.5561,32.269,0.0500,5.000,0,0
1763738519.030998,7.529,6,6,32.275,1.84419,0.036,0.684,67.017,967.7,0.5560,32.275,0.0500,5.000,0,0
1763738519.175466,7.481,6,6,32.261,1.84512,0.036,0.683,67.079,968.0,0.5561,32.261,0.0500,5.000,0,0
1763738519.351018,5.930,6,6,32.251,1.84900,0.038,0.683,66.912,967.6,0.6202,32.251,0.0500,5.000,0,0
1763738519.502463,5.928,6,6,32.268,1.84507,0.037,0.683,66.994,967.7,0.5561,32.268,0.0500,5.000,0,0
1763738519.633612,7.736,6,6,32.270,1.84629,0.036,0.684,67.069,968.0,0.5562,32.270,0.0500,5.000,0,0
1763738519.767804,7.476,6,6,32.262,1.84658,0.037,0.683,67.118,968.1,0.5560,32.262,0.0500,5.000,0,0
1763738519.900330,7.425,6,6,32.243,1.84432,0.037,0.682,67.162,968.2,0.5564,32.243,0.0500,5.000,0,0
1763738520.031485,7.620,6,6,32.284,1.84491,0.036,0.684,67.186,968.2,0.5559,32.284,0.0500,5.000,0,0
1763738520.169040,7.293,6,6,32.276,1.84533,0.037,0.683,67.200,968.0,0.5562,32.276,0.0500,5.000,0,0
1763738520.310445,7.071,6,6,32.254,1.84980,0.038,0.684,67.006,967.5,0.6203,32.254,0.0500,5.000,0,0
1763738520.468751,6.326,6,6,32.280,1.85021,0.038,0.685,66.854,968.5,0.6198,32.280,0.0500,5.000,0,0
1763738520.600952,7.538,6,6,32.319,1.84878,0.038,0.684,66.756,968.6,0.6189,32.319,0.0500,5.000,0,0
1763738520.736351,7.460,6,6,32.310,1.84549,0.036,0.685,66.866,968.2,0.5559,32.310,0.0500,5.000,0,0
1763738520.867305,7.589,6,6,32.292,1.84910,0.038,0.684,66.763,968.2,0.6199,32.292,0.0500,5.000,0,0
1763738521.002553,7.588,6,6,32.311,1.84907,0.038,0.683,66.684,968.5,0.6202,32.311,0.0500,5.000,0,0
1763738521.211251,5.834,6,6,32.315,1.84877,0.038,0.684,66.623,968.6,0.6200,32.315,0.0500,5.000,0,0
1763738521.372892,5.174,6,6,32.302,1.84390,0.037,0.687,66.736,968.4,0.5558,32.302,0.0500,5.000,0,0
1763738521.551766,5.984,6,6,32.305,1.84952,0.038,0.685,66.683,968.6,0.6196,32.305,0.0500,5.000,0,0
1763738521.704806,5.870,6,6,32.289,1.84985,0.038,0.684,66.642,968.1,0.6198,32.289,0.0500,5.000,0,0
1763738521.843610,7.473,6,6,32.257,1.85025,0.039,0.682,66.610,967.9,0.6203,32.257,0.0500,5.000,0,0
1763738522.006593,6.000,6,6,32.289,1.84990,0.038,0.684,66.594,967.5,0.6195,32.289,0.0500,5.000,0,0
1763738522.180207,6.069,6,6,32.304,1.85103,0.039,0.683,66.554,967.9,0.6193,32.304,0.0500,5.000,0,0
1763738522.338927,5.876,6,6,32.303,1.84920,0.038,0.685,66.531,968.0,0.6193,32.303,0.0500,5.000,0,0
1763738522.503251,6.166,6,6,32.311,1.85029,0.038,0.685,66.520,967.6,0.6191,32.311,0.0500,5.000,0,0
1763738522.637410,7.467,6,6,32.326,1.84460,0.036,0.687,66.654,968.1,0.5551,32.326,0.0500,5.000,0,0
1763738522.807399,5.912,6,6,32.302,1.84805,0.038,0.684,66.629,968.9,0.6197,32.302,0.0500,5.000,0,0
1763738522.940541,7.458,6,6,32.293,1.84937,0.038,0.684,66.595,968.4,0.6198,32.293,0.0500,5.000,0,0
1763738523.106802,5.986,6,6,32.309,1.84414,0.037,0.684,66.725,968.7,0.5556,32.309,0.0500,5.000,0,0
1763738523.272864,6.026,6,6,32.326,1.84410,0.037,0.684,66.840,968.5,0.5556,32.326,0.0500,5.000,0,0
1763738523.402034,7.506,6,6,32.252,1.84684,0.036,0.682,66.971,966.9,0.5564,32.252,0.0500,5.000,0,0
1763738523.533527,7.517,5,5,31.393,1.70747,0.051,0.710,67.520,1037.6,0.6351,31.393,0.0500,5.000,0,0
1763738523.667362,7.501,6,6,32.267,1.84963,0.038,0.683,67.244,967.0,0.6199,32.267,0.0500,5.000,0,0
1763738523.801444,7.536,6,6,32.254,1.84868,0.037,0.683,67.085,967.9,0.6201,32.254,0.0500,5.000,0,0
1763738523.935021,7.481,6,6,32.269,1.84912,0.038,0.682,66.954,967.9,0.6200,32.269,0.0500,5.000,0,0
1763738524.070850,7.610,6,6,32.251,1.85032,0.038,0.681,66.881,968.2,0.6199,32.251,0.0500,5.000,0,0
1763738524.245961,5.866,6,6,32.258,1.84926,0.037,0.684,66.820,967.6,0.6195,32.258,0.0500,5.000,0,0
1763738524.399184,6.083,5,5,31.410,1.70778,0.050,0.713,67.378,1037.3,0.6347,31.410,0.0500,5.000,0,0
1763738524.537824,7.351,6,6,32.234,1.84690,0.037,0.683,67.302,966.8,0.5567,32.234,0.0500,5.000,0,0
1763738524.701811,6.053,6,6,32.269,1.84839,0.038,0.686,67.071,967.5,0.6195,32.269,0.0500,5.000,0,0
1763738524.832727,7.669,6,6,32.224,1.84815,0.037,0.684,67.092,966.3,0.5572,32.224,0.0500,5.000,0,0
1763738524.964197,7.530,6,6,32.263,1.84932,0.037,0.685,66.942,966.7,0.6199,32.263,0.0500,5.000,0,0
1763738525.109621,7.267,6,6,32.303,1.84650,0.036,0.686,67.013,967.6,0.5554,32.303,0.0500,5.000,0,0
1763738525.276177,6.104,6,6,32.232,1.84871,0.037,0.685,66.880,967.1,0.6201,32.232,0.0500,5.000,0,0
1763738525.447498,6.101,6,6,32.250,1.85045,0.038,0.684,66.763,967.1,0.6207,32.250,0.0500,5.000,0,0
1763738525.602304,5.987,6,6,32.256,1.84951,0.037,0.684,66.740,967.2,0.6195,32.256,0.0500,5.000,0,0
1763738525.733263,7.412,6,6,32.231,1.84891,0.037,0.681,66.715,967.3,0.6195,32.231,0.0500,5.000,0,0
1763738525.865627,7.500,6,6,32.197,1.84831,0.037,0.687,66.639,966.2,0.6202,32.197,0.0500,5.000,0,0
1763738526.002294,7.511,6,6,32.213,1.84888,0.038,0.684,66.618,966.7,0.6204,32.213,0.0500,5.000,0,0
1763738526.136131,7.364,6,6,32.255,1.84934,0.038,0.684,66.617,967.0,0.6198,32.255,0.0500,5.000,0,0
1763738526.271173,7.305,6,6,32.251,1.84991,0.038,0.683,66.615,966.8,0.6195,32.251,0.0500,5.000,0,0
1763738526.401217,7.798,6,6,32.241,1.84801,0.036,0.684,66.743,966.5,0.5566,32.241,0.0500,5.000,0,0
1763738526.540854,7.390,6,6,32.229,1.84899,0.038,0.684,66.698,966.3,0.6202,32.229,0.0500,5.000,0,0
1763738526.700564,6.050,6,6,32.199,1.85069,0.038,0.682,66.665,965.5,0.6212,32.199,0.0500,5.000,0,0
1763738526.831207,7.599,6,6,32.231,1.84947,0.038,0.682,66.633,966.5,0.6209,32.231,0.0500,5.000,0,0
1763739002.666539,84.083,0,0,0.000,0.00000,0.000,0.000,0.000,,,,0.0500,5.000,0,0
1763739002.901989,7.484,0,0,0.000,0.00000,0.000,0.000,0.000,,,,0.0500,5.000,0,0
1763739003.142386,3.841,0,0,0.000,0.00000,0.000,0.000,0.000,,,,0.0500,5.000,0,0
1763739003.370734,5.069,0,0,0.000,0.00000,0.000,0.000,0.000,,,,0.0500,5.000,0,0
1763739003.496992,5.051,0,0,0.000,0.00000,0.000,0.000,0.000,,,,0.0500,5.000,0,0
1763739003.670894,5.952,0,0,0.000,0.00000,0.000,0.000,0.000,,,,0.0500,5.000,0,0
1763739003.796211,7.516,0,0,0.000,0.00000,0.000,0.000,0.000,,,,0.0500,5.000,0,0
1763739003.922281,7.523,0,0,0.000,0.00000,0.000,0.000,0.000,,,,0.0500,5.000,0,0
1763739004.035209,7.618,0,0,0.000,0.00000,0.000,0.000,0.000,,,,0.0500,5.000,0,0
1763739004.145425,9.677,0,0,0.000,0.00000,0.000,0.000,0.000,,,,0.0500,5.000,1,0
1763739004.239471,10.313,0,0,0.000,0.00000,0.000,0.000,0.000,,,,0.0500,5.000,1,0
1763739004.332509,10.659,0,0,0.000,0.00000,0.000,0.000,0.000,,,,0.0500,5.000,1,0
1763739004.432497,9.515,0,0,0.000,0.00000,0.000,0.000,0.000,,,,0.0500,5.000,1,0
1763739004.543554,9.666,0,0,0.000,0.00000,0.000,0.000,0.000,,,,0.0500,5.000,1,0
1763739004.671113,10.142,0,0,0.000,0.00000,0.000,0.000,0.000,,,,0.0500,5.000,1,0
1763739004.797947,7.550,0,0,0.000,0.00000,0.000,0.000,0.000,,,,0.0500,5.000,1,0
1763739005.097816,7.268,0,0,0.000,0.00000,0.000,0.000,0.000,,,,0.0500,5.000,1,0
1763739005.264007,3.359,0,0,0.000,0.00000,0.000,0.000,0.000,,,,0.0500,5.000,1,0
1763739005.423467,6.042,0,0,0.000,0.00000,0.000,0.000,0.000,,,,0.0500,5.000,1,0
1763739005.622805,6.009,0,0,0.000,0.00000,0.000,0.000,0.000,,,,0.0500,5.000,1,0
1763739005.840312,4.974,0,0,0.000,0.00000,0.000,0.000,0.000,,,,0.0500,5.000,1,0
1763739005.977624,4.975,0,0,0.000,0.00000,0.000,0.000,0.000,,,,0.0500,5.000,1,0
1763739006.095827,7.557,0,0,0.000,0.00000,0.000,0.000,0.000,,,,0.0500,5.000,1,0
1763739006.218479,7.484,0,0,0.000,0.00000,0.000,0.000,0.000,,,,0.0500,5.000,1,0
1763739006.321101,9.802,0,0,0.000,0.00000,0.000,0.000,0.000,,,,0.0500,5.000,1,0
1763739006.418896,10.096,0,0,0.000,0.00000,0.000,0.000,0.000,,,,0.0500,5.000,1,0
1763739006.523425,10.035,0,0,0.000,0.00000,0.000,0.000,0.000,,,,0.0500,5.000,1,0
1763739006.652981,7.450,0,0,0.000,0.00000,0.000,0.000,0.000,,,,0.0500,5.000,1,0
1763739006.752778,10.240,0,0,0.000,0.00000,0.000,0.000,0.000,,,,0.0500,5.000,1,0
1763739006.858784,9.815,0,0,0.000,0.00000,0.000,0.000,0.000,,,,0.0500,5.000,1,0
1763739006.993890,7.620,0,0,0.000,0.00000,0.000,0.000,0.000,,,,0.0500,5.000,1,0
1763739007.127631,7.518,0,0,0.000,0.00000,0.000,0.000,0.000,,,,0.0500,5.000,1,0
1763739007.261731,7.401,0,0,0.000,0.00000,0.000,0.000,0.000,,,,0.0500,5.000,1,0
1763739007.384230,7.552,0,0,0.000,0.00000,0.000,0.000,0.000,,,,0.0500,5.000,1,0
1763739007.489425,9.877,0,0,0.000,0.00000,0.000,0.000,0.000,,,,0.0500,5.000,1,0
1763739007.624157,7.637,0,0,0.000,0.00000,0.000,0.000,0.000,,,,0.0500,5.000,1,0
1763739007.748566,7.502,0,0,0.000,0.00000,0.000,0.000,0.000,,,,0.0500,5.000,1,0
1763739007.855924,9.796,0,0,0.000,0.00000,0.000,0.000,0.000,,,,0.0500,5.000,1,0
1763739007.993846,7.581,0,0,0.000,0.00000,0.000,0.000,0.000,,,,0.0500,5.000,1,0
1763739008.143659,7.450,0,0,0.000,0.00000,0.000,0.000,0.000,,,,0.0500,5.000,1,0
1763739008.325940,7.542,0,0,0.000,0.00000,0.000,0.000,0.000,,,,0.0500,5.000,1,0
1763739008.521828,4.907,0,0,0.000,0.00000,0.000,0.000,0.000,,,,0.0500,5.000,1,0
1763739008.675390,5.202,0,0,0.000,0.00000,0.000,0.000,0.000,,,,0.0500,5.000,1,0
1763739008.802416,7.228,0,0,0.000,0.00000,0.000,0.000,0.000,,,,0.0500,5.000,1,0
1763739008.926845,7.498,0,0,0.000,0.00000,0.000,0.000,0.000,,,,0.0500,5.000,1,0
1763739009.061137,7.466,0,0,0.000,0.00000,0.000,0.000,0.000,,,,0.0500,5.000,1,0
1763739009.187253,7.584,0,0,0.000,0.00000,0.000,0.000,0.000,,,,0.0500,5.000,1,0
1763739009.281591,9.973,0,0,0.000,0.00000,0.000,0.000,0.000,,,,0.0500,5.000,1,0
1763739009.384954,9.975,0,0,0.000,0.00000,0.000,0.000,0.000,,,,0.0500,5.000,1,0
1763739009.483540,9.947,0,0,0.000,0.00000,0.000,0.000,0.000,,,,0.0500,5.000,1,0
1763739009.579802,10.076,0,0,0.000,0.00000,0.000,0.000,0.000,,,,0.0500,5.000,1,0
1763739009.686112,10.010,0,0,0.000,0.00000,0.000,0.000,0.000,,,,0.0500,5.000,1,0
1763739009.783430,10.007,0,0,0.000,0.00000,0.000,0.000,0.000,,,,0.0500,5.000,1,0
1763739009.885425,9.913,0,0,0.000,0.00000,0.000,0.000,0.000,,,,0.0500,5.000,1,0
1763739009.992796,10.090,0,0,0.000,0.00000,0.000,0.000,0.000,,,,0.0500,5.000,1,0
1763739010.124781,7.496,0,0,0.000,0.00000,0.000,0.000,0.000,,,,0.0500,5.000,1,0
1763739010.254180,7.646,0,0,0.000,0.00000,0.000,0.000,0.000,,,,0.0500,5.000,1,0
1763739010.370449,9.268,0,0,0.000,0.00000,0.000,0.000,0.000,,,,0.0500,5.000,2,0
1763739010.500933,7.835,0,0,0.000,0.00000,0.000,0.000,0.000,,,,0.0500,5.000,1,0
1763739010.644088,7.450,0,0,0.000,0.00000,0.000,0.000,0.000,,,,0.0500,5.000,1,0
1763739010.816789,7.441,0,0,0.000,0.00000,0.000,0.000,0.000,,,,0.0500,5.000,1,0
1763739010.947154,5.950,0,0,0.000,0.00000,0.000,0.000,0.000,,,,0.0500,5.000,1,0
1763739011.069413,7.616,0,0,0.000,0.00000,0.000,0.000,0.000,,,,0.0500,5.000,1,0
1763739011.192275,7.523,0,0,0.000,0.00000,0.000,0.000,0.000,,,,0.0500,5.000,1,0
1763739011.312850,7.493,0,0,0.000,0.00000,0.000,0.000,0.000,,,,0.0500,5.000,1,0
1763739011.413643,9.915,0,0,0.000,0.00000,0.000,0.000,0.000,,,,0.0500,5.000,1,0
1763739011.513149,9.918,0,0,0.000,0.00000,0.000,0.000,0.000,,,,0.0500,5.000,1,0
1763739011.616400,10.061,0,0,0.000,0.00000,0.000,0.000,0.000,,,,0.0500,5.000,1,0
1763739011.716620,10.232,0,0,0.000,0.00000,0.000,0.000,0.000,,,,0.0500,5.000,1,0
1763739011.818608,9.842,0,0,0.000,0.00000,0.000,0.000,0.000,,,,0.0500,5.000,1,0
1763739011.913591,10.094,0,0,0.000,0.00000,0.000,0.000,0.000,,,,0.0500,5.000,1,0
1763739012.015599,10.055,0,0,0.000,0.00000,0.000,0.000,0.000,,,,0.0500,5.000,1,0
1763739012.114174,9.888,0,0,0.000,0.00000,0.000,0.000,0.000,,,,0.0500,5.000,1,0
1763739012.234716,9.184,0,0,0.000,0.00000,0.000,0.000,0.000,,,,0.0500,5.000,1,0
1763739012.351351,7.914,0,0,0.000,0.00000,0.000,0.000,0.000,,,,0.0500,5.000,1,0
1763739012.450528,10.084,0,0,0.000,0.00000,0.000,0.000,0.000,,,,0.0500,5.000,1,0
1763739012.517807,10.159,0,0,0.000,0.00000,0.000,0.000,0.000,,,,0.0500,5.000,1,0
1763739012.604556,14.557,0,0,0.000,0.00000,0.000,0.000,0.000,,,,0.0500,5.000,1,0
1763739012.680836,9.922,0,0,0.000,0.00000,0.000,0.000,0.000,,,,0.0500,5.000,1,0
1763739012.754240,15.167,0,0,0.000,0.00000,0.000,0.000,0.000,,,,0.0500,5.000,1,0
1763739012.819155,14.711,0,0,0.000,0.00000,0.000,0.000,0.000,,,,0.0500,5.000,1,0
1763739012.885854,14.675,0,0,0.000,0.00000,0.000,0.000,0.000,,,,0.0500,5.000,1,0
1763739012.955267,15.065,0,0,0.000,0.00000,0.000,0.000,0.000,,,,0.0500,5.000,1,0
1763739013.027346,14.996,0,0,0.000,0.00000,0.000,0.000,0.000,,,,0.0500,5.000,1,0
1763739013.119662,9.978,0,0,0.000,0.00000,0.000,0.000,0.000,,,,0.0500,5.000,1,0
1763739013.195327,15.068,0,0,0.000,0.00000,0.000,0.000,0.000,,,,0.0500,5.000,1,0
1763739013.288607,10.383,0,0,0.000,0.00000,0.000,0.000,0.000,,,,0.0500,5.000,1,0
1763739013.354524,14.415,0,0,0.000,0.00000,0.000,0.000,0.000,,,,0.0500,5.000,1,0
1763739013.419527,14.958,0,0,0.000,0.00000,0.000,0.000,0.000,,,,0.0500,5.000,1,0
1763739013.484372,14.956,0,0,0.000,0.00000,0.000,0.000,0.000,,,,0.0500,5.000,1,0
1763739013.550175,14.799,0,0,0.000,0.00000,0.000,0.000,0.000,,,,0.0500,5.000,1,0
1763739013.621317,14.988,0,0,0.000,0.00000,0.000,0.000,0.000,,,,0.0500,5.000,1,0
1763739013.689261,14.908,0,0,0.000,0.00000,0.000,0.000,0.000,,,,0.0500,5.000,1,0
1763739013.768959,14.914,0,0,0.000,0.00000,0.000,0.000,0.000,,,,0.0500,5.000,1,0
1763739013.861583,10.081,0,0,0.000,0.00000,0.000,0.000,0.000,,,,0.0500,5.000,1,0
1763739013.990307,10.120,0,0,0.000,0.00000,0.000,0.000,0.000,,,,0.0500,5.000,1,0
1763739014.116548,9.465,0,0,0.000,0.00000,0.000,0.000,0.000,,,,0.0500,5.000,1,0
1763739014.240636,7.836,0,0,0.000,0.00000,0.000,0.000,0.000,,,,0.0500,5.000,1,0
1763739014.360941,7.457,0,0,0.000,0.00000,0.000,0.000,0.000,,,,0.0500,5.000,1,0
1763739014.471172,9.854,0,0,0.000,0.00000,0.000,0.000,0.000,,,,0.0500,5.000,1,0
1763739014.587805,7.893,0,0,0.000,0.00000,0.000,0.000,0.000,,,,0.0500,5.000,1,0
1763739014.709771,9.521,0,0,0.000,0.00000,0.000,0.000,0.000,,,,0.0500,5.000,1,0
1763739014.836125,7.410,0,0,0.000,0.00000,0.000,0.000,0.000,,,,0.0500,5.000,1,0
1763739014.966424,7.476,0,0,0.000,0.00000,0.000,0.000,0.000,,,,0.0500,5.000,1,0
1763739015.105222,7.414,0,0,0.000,0.00000,0.000,0.000,0.000,,,,0.0500,5.000,1,0
1763739015.230847,7.669,0,0,0.000,0.00000,0.000,0.000,0.000,,,,0.0500,5.000,1,0
1763739015.363161,7.519,0,0,0.000,0.00000,0.000,0.000,0.000,,,,0.0500,5.000,1,0
1763739015.500399,7.447,0,0,0.000,0.00000,0.000,0.000,0.000,,,,0.0500,5.000,1,0
1763739015.637823,7.499,0,0,0.000,0.00000,0.000,0.000,0.000,,,,0.0500,5.000,1,0
1763739015.760243,7.681,0,0,0.000,0.00000,0.000,0.000,0.000,,,,0.0500,5.000,1,0
1763739015.894968,7.476,0,0,0.000,0.00000,0.000,0.000,0.000,,,,0.0500,5.000,1,0
1763739016.014687,7.708,0,0,0.000,0.00000,0.000,0.000,0.000,,,,0.0500,5.000,1,0
1763739016.125552,9.712,0,0,0.000,0.00000,0.000,0.000,0.000,,,,0.0500,5.000,1,0
1763739056.079066,47.400,0,0,0.000,0.00000,0.000,0.000,0.000,,,,0.0500,5.000,1,0
1763739056.262109,6.004,0,0,0.000,0.00000,0.000,0.000,0.000,,,,0.0500,5.000,1,0
1763739056.403991,7.774,0,0,0.000,0.00000,0.000,0.000,0.000,,,,0.0500,5.000,1,0
1763739056.521160,7.506,0,0,0.000,0.00000,0.000,0.000,0.000,,,,0.0500,5.000,1,0
1763739056.643790,7.422,0,0,0.000,0.00000,0.000,0.000,0.000,,,,0.0500,5.000,1,0
1763739056.780385,7.496,0,0,0.000,0.00000,0.000,0.000,0.000,,,,0.0500,5.000,1,0
1763739056.873030,9.991,0,0,0.000,0.00000,0.000,0.000,0.000,,,,0.0500,5.000,1,0
1763739056.983392,9.847,0,0,0.000,0.00000,0.000,0.000,0.000,,,,0.0500,5.000,1,0
1763739057.082638,10.371,0,0,0.000,0.00000,0.000,0.000,0.000,,,,0.0500,5.000,1,0
1763739057.190891,9.534,0,0,0.000,0.00000,0.000,0.000,0.000,,,,0.0500,5.000,1,0
1763739057.326823,7.739,0,0,0.000,0.00000,0.000,0.000,0.000,,,,0.0500,5.000,1,0
1763739057.461272,7.546,0,0,0.000,0.00000,0.000,0.000,0.000,,,,0.0500,5.000,1,0
1763739057.594281,7.386,0,0,0.000,0.00000,0.000,0.000,0.000,,,,0.0500,5.000,1,0
1763739057.729299,7.600,0,0,0.000,0.00000,0.000,0.000,0.000,,,,0.0500,5.000,1,0
1763739057.862350,7.268,0,0,0.000,0.00000,0.000,0.000,0.000,,,,0.0500,5.000,1,0
1763739058.018563,7.684,0,0,0.000,0.00000,0.000,0.000,0.000,,,,0.0500,5.000,1,0
1763739058.172220,7.606,0,0,0.000,0.00000,0.000,0.000,0.000,,,,0.0500,5.000,1,0
1763739058.387268,5.977,0,0,0.000,0.00000,0.000,0.000,0.000,,,,0.0500,5.000,1,0
1763739058.630542,4.162,0,0,0.000,0.00000,0.000,0.000,0.000,,,,0.0500,5.000,1,0
1763739058.855997,4.348,0,0,0.000,0.00000,0.000,0.000,0.000,,,,0.0500,5.000,1,0
1763739059.087402,4.254,0,0,0.000,0.00000,0.000,0.000,0.000,,,,0.0500,5.000,1,0
1763739059.248348,4.954,0,0,0.000,0.00000,0.000,0.000,0.000,,,,0.0500,5.000,1,0
1763739059.382299,6.026,0,0,0.000,0.00000,0.000,0.000,0.000,,,,0.0500,5.000,1,0
1763739059.508136,7.446,0,0,0.000,0.00000,0.000,0.000,0.000,,,,0.0500,5.000,1,0
1763739059.632162,7.805,0,0,0.000,0.00000,0.000,0.000,0.000,,,,0.0500,5.000,1,0
1763739059.783793,7.432,0,0,0.000,0.00000,0.000,0.000,0.000,,,,0.0500,5.000,1,0
1763739059.902565,7.405,0,0,0.000,0.00000,0.000,0.000,0.000,,,,0.0500,5.000,1,0
1763739060.032698,7.400,0,0,0.000,0.00000,0.000,0.000,0.000,,,,0.0500,5.000,1,0
1763739060.161018,7.561,0,0,0.000,0.00000,0.000,0.000,0.000,,,,0.0500,5.000,1,0
1763739060.262439,9.944,0,0,0.000,0.00000,0.000,0.000,0.000,,,,0.0500,5.000,1,0
1763739060.364226,9.856,0,0,0.000,0.00000,0.000,0.000,0.000,,,,0.0500,5.000,1,0
1763739060.486776,8.349,0,0,0.000,0.00000,0.000,0.000,0.000,,,,0.0500,5.000,1,0
1763739060.587413,9.624,0,0,0.000,0.00000,0.000,0.000,0.000,,,,0.0500,5.000,1,0
1763739060.695480,9.298,0,0,0.000,0.00000,0.000,0.000,0.000,,,,0.0500,5.000,1,0
1763739060.811425,9.996,0,0,0.000,0.00000,0.000,0.000,0.000,,,,0.0500,5.000,1,0
1763739060.969377,7.417,0,0,0.000,0.00000,0.000,0.000,0.000,,,,0.0500,5.000,1,0
1763739061.182775,6.046,0,0,0.000,0.00000,0.000,0.000,0.000,,,,0.0500,5.000,1,0
1763739061.352934,5.018,0,0,0.000,0.00000,0.000,0.000,0.000,,,,0.0500,5.000,1,0
1763739061.502261,6.022,0,0,0.000,0.00000,0.000,0.000,0.000,,,,0.0500,5.000,1,0
1763739061.674536,5.993,0,0,0.000,0.00000,0.000,0.000,0.000,,,,0.0500,5.000,1,0
1763739061.806963,5.948,0,0,0.000,0.00000,0.000,0.000,0.000,,,,0.0500,5.000,1,0
1763739061.956955,7.562,0,0,0.000,0.00000,0.000,0.000,0.000,,,,0.0500,5.000,1,0
1763739062.083082,7.397,0,0,0.000,0.00000,0.000,0.000,0.000,,,,0.0500,5.000,1,0
1763739062.204255,8.153,0,0,0.000,0.00000,0.000,0.000,0.000,,,,0.0500,5.000,1,0
1763739062.346401,7.099,0,0,0.000,0.00000,0.000,0.000,0.000,,,,0.0500,5.000,1,0
1763739062.468908,7.444,0,0,0.000,0.00000,0.000,0.000,0.000,,,,0.0500,5.000,1,0
1763739062.607852,7.588,0,0,0.000,0.00000,0.000,0.000,0.000,,,,0.0500,5.000,1,0
1763739062.728131,7.465,0,0,0.000,0.00000,0.000,0.000,0.000,,,,0.0500,5.000,1,0
1763739062.835038,9.545,0,0,0.000,0.00000,0.000,0.000,0.000,,,,0.0500,5.000,1,0
1763739062.961012,7.809,0,0,0.000,0.00000,0.000,0.000,0.000,,,,0.0500,5.000,1,0
1763739063.093332,7.492,0,0,0.000,0.00000,0.000,0.000,0.000,,,,0.0500,5.000,1,0
1763739063.225638,7.564,0,0,0.000,0.00000,0.000,0.000,0.000,,,,0.0500,5.000,1,0
1763739063.327021,9.797,0,0,0.000,0.00000,0.000,0.000,0.000,,,,0.0500,5.000,1,0
1763739063.460961,7.576,0,0,0.000,0.00000,0.000,0.000,0.000,,,,0.0500,5.000,1,0
1763739063.567178,9.382,0,0,0.000,0.00000,0.000,0.000,0.000,,,,0.0500,5.000,1,0
1763739063.692649,7.830,0,0,0.000,0.00000,0.000,0.000,0.000,,,,0.0500,5.000,1,0
1763739063.792578,10.074,0,0,0.000,0.00000,0.000,0.000,0.000,,,,0.0500,5.000,1,0
1763739063.893421,9.954,0,0,0.000,0.00000,0.000,0.000,0.000,,,,0.0500,5.000,1,0
1763739064.038407,7.465,0,0,0.000,0.00000,0.000,0.000,0.000,,,,0.0500,5.000,1,0
1763739064.158076,7.670,0,0,0.000,0.00000,0.000,0.000,0.000,,,,0.0500,5.000,1,0
1763739064.263665,9.536,0,0,0.000,0.00000,0.000,0.000,0.000,,,,0.0500,5.000,1,0
1763739064.394346,7.585,0,0,0.000,0.00000,0.000,0.000,0.000,,,,0.0500,5.000,1,0
1763739064.525940,7.651,0,0,0.000,0.00000,0.000,0.000,0.000,,,,0.0500,5.000,1,0
1763739064.626062,9.713,0,0,0.000,0.00000,0.000,0.000,0.000,,,,0.0500,5.000,1,0
1763739064.753394,7.796,0,0,0.000,0.00000,0.000,0.000,0.000,,,,0.0500,5.000,1,0
1763739064.861213,9.339,0,0,0.000,0.00000,0.000,0.000,0.000,,,,0.0500,5.000,1,0
1763739064.990153,7.725,0,0,0.000,0.00000,0.000,0.000,0.000,,,,0.0500,5.000,1,0
1763739065.094581,9.622,0,0,0.000,0.00000,0.000,0.000,0.000,,,,0.0500,5.000,1,0
1763739065.226713,7.590,0,0,0.000,0.00000,0.000,0.000,0.000,,,,0.0500,5.000,1,0
1763739065.324740,10.102,0,0,0.000,0.00000,0.000,0.000,0.000,,,,0.0500,5.000,1,0
1763739065.424308,9.929,0,0,0.000,0.00000,0.000,0.000,0.000,,,,0.0500,5.000,1,0
1763739065.526039,10.039,0,0,0.000,0.00000,0.000,0.000,0.000,,,,0.0500,5.000,1,0
1763739253.239886,47.057,0,0,0.000,0.00000,0.000,0.000,0.000,,,,0.0500,5.000,1,0
1763739253.435411,5.628,0,0,0.000,0.00000,0.000,0.000,0.000,,,,0.0500,5.000,1,0
1763739253.594284,6.313,0,0,0.000,0.00000,0.000,0.000,0.000,,,,0.0500,5.000,1,0
1763739253.711742,6.363,0,0,0.000,0.00000,0.000,0.000,0.000,,,,0.0500,5.000,1,0
1763739253.865635,7.510,0,0,0.000,0.00000,0.000,0.000,0.000,,,,0.0500,5.000,1,0
1763739253.986041,7.558,0,0,0.000,0.00000,0.000,0.000,0.000,,,,0.0500,5.000,1,0
1763739254.084973,9.864,0,0,0.000,0.00000,0.000,0.000,0.000,,,,0.0500,5.000,1,0
1763739254.186940,9.980,0,0,0.000,0.00000,0.000,0.000,0.000,,,,0.0500,5.000,1,0
1763739254.291787,9.984,0,0,0.000,0.00000,0.000,0.000,0.000,,,,0.0500,5.000,1,0
1763739254.391234,9.987,0,0,0.000,0.00000,0.000,0.000,0.000,,,,0.0500,5.000,1,0
1763739254.490454,10.013,0,0,0.000,0.00000,0.000,0.000,0.000,,,,0.0500,5.000,1,0
1763739254.592453,10.037,0,0,0.000,0.00000,0.000,0.000,0.000,,,,0.0500,5.000,1,0
1763739254.694655,9.981,0,0,0.000,0.00000,0.000,0.000,0.000,,,,0.0500,5.000,1,0
1763739254.836769,9.971,0,0,0.000,0.00000,0.000,0.000,0.000,,,,0.0500,5.000,1,0
1763739254.947051,6.689,0,0,0.000,0.00000,0.000,0.000,0.000,,,,0.0500,5.000,1,0
1763739255.049421,9.966,0,0,0.000,0.00000,0.000,0.000,0.000,,,,0.0500,5.000,1,0
1763739255.184525,7.512,0,0,0.000,0.00000,0.000,0.000,0.000,,,,0.0500,5.000,1,0
1763739255.316736,7.541,0,0,0.000,0.00000,0.000,0.000,0.000,,,,0.0500,5.000,1,0
1763739255.446589,7.436,0,0,0.000,0.00000,0.000,0.000,0.000,,,,0.0500,5.000,1,0
1763739255.544386,9.999,0,0,0.000,0.00000,0.000,0.000,0.000,,,,0.0500,5.000,1,0
1763739255.665214,7.988,0,0,0.000,0.00000,0.000,0.000,0.000,,,,0.0500,5.000,1,0
1763739255.770031,9.655,0,0,0.000,0.00000,0.000,0.000,0.000,,,,0.0500,5.000,1,0
1763739255.867359,10.272,0,0,0.000,0.00000,0.000,0.000,0.000,,,,0.0500,5.000,1,0
1763739255.971359,9.627,0,0,0.000,0.00000,0.000,0.000,0.000,,,,0.0500,5.000,1,0
1763739256.092117,10.152,0,0,0.000,0.00000,0.000,0.000,0.000,,,,0.0500,5.000,1,0
1763739256.255913,7.559,0,0,0.000,0.00000,0.000,0.000,0.000,,,,0.0500,5.000,1,0
1763739256.483550,5.951,0,0,0.000,0.00000,0.000,0.000,0.000,,,,0.0500,5.000,1,0
1763739256.615266,4.275,0,0,0.000,0.00000,0.000,0.000,0.000,,,,0.0500,5.000,1,0
1763739256.735898,7.637,0,0,0.000,0.00000,0.000,0.000,0.000,,,,0.0500,5.000,1,0
1763739256.839136,9.676,0,0,0.000,0.00000,0.000,0.000,0.000,,,,0.0500,5.000,1,0
1763739256.934953,10.219,0,0,0.000,0.00000,0.000,0.000,0.000,,,,0.0500,5.000,1,0
1763739257.034815,10.148,0,0,0.000,0.00000,0.000,0.000,0.000,,,,0.0500,5.000,1,0
1763739257.134512,9.867,0,0,0.000,0.00000,0.000,0.000,0.000,,,,0.0500,5.000,1,0
1763739257.233961,10.161,0,0,0.000,0.00000,0.000,0.000,0.000,,,,0.0500,5.000,1,0
1763739257.334740,9.772,0,0,0.000,0.00000,0.000,0.000,0.000,,,,0.0500,5.000,1,0
1763739257.434337,10.146,0,0,0.000,0.00000,0.000,0.000,0.000,,,,0.0500,5.000,1,0
1763739257.537762,9.842,0,0,0.000,0.00000,0.000,0.000,0.000,,,,0.0500,5.000,1,0
1763739257.635954,10.190,0,0,0.000,0.00000,0.000,0.000,0.000,,,,0.0500,5.000,1,0
1763739257.733780,9.994,0,0,0.000,0.00000,0.000,0.000,0.000,,,,0.0500,5.000,1,0
1763739257.837856,9.947,0,0,0.000,0.00000,0.000,0.000,0.000,,,,0.0500,5.000,1,0
1763739257.936045,9.788,0,0,0.000,0.00000,0.000,0.000,0.000,,,,0.0500,5.000,1,0
1763739258.033927,10.258,0,0,0.000,0.00000,0.000,0.000,0.000,,,,0.0500,5.000,1,0
1763739258.137663,9.982,0,0,0.000,0.00000,0.000,0.000,0.000,,,,0.0500,5.000,1,0
1763739258.243123,10.103,0,0,0.000,0.00000,0.000,0.000,0.000,,,,0.0500,5.000,1,0
1763739258.379373,7.710,0,0,0.000,0.00000,0.000,0.000,0.000,,,,0.0500,5.000,1,0
1763739258.530915,7.250,0,0,0.000,0.00000,0.000,0.000,0.000,,,,0.0500,5.000,1,0
1763739258.669480,7.394,0,0,0.000,0.00000,0.000,0.000,0.000,,,,0.0500,5.000,1,0
1763739258.815675,7.537,0,0,0.000,0.00000,0.000,0.000,0.000,,,,0.0500,5.000,1,0
1763739258.942429,6.048,0,0,0.000,0.00000,0.000,0.000,0.000,,,,0.0500,5.000,1,0
1763739259.065366,7.627,0,0,0.000,0.00000,0.000,0.000,0.000,,,,0.0500,5.000,1,0
1763739259.168222,9.890,0,0,0.000,0.00000,0.000,0.000,0.000,,,,0.0500,5.000,1,0
1763739259.268719,9.832,0,0,0.000,0.00000,0.000,0.000,0.000,,,,0.0500,5.000,1,0
1763739259.367361,10.093,0,0,0.000,0.00000,0.000,0.000,0.000,,,,0.0500,5.000,1,0
1763739259.468348,9.872,0,0,0.000,0.00000,0.000,0.000,0.000,,,,0.0500,5.000,1,0
1763739259.566295,10.195,0,0,0.000,0.00000,0.000,0.000,0.000,,,,0.0500,5.000,1,0
1763739259.668751,9.856,0,0,0.000,0.00000,0.000,0.000,0.000,,,,0.0500,5.000,1,0
1763739259.766901,10.070,0,0,0.000,0.00000,0.000,0.000,0.000,,,,0.0500,5.000,1,0
1763739259.864257,10.085,0,0,0.000,0.00000,0.000,0.000,0.000,,,,0.0500,5.000,1,0
1763739324.566591,57.336,0,0,0.000,0.00000,0.000,0.000,0.000,,,,0.0500,5.000,1,0
1763739324.864607,4.204,0,0,0.000,0.00000,0.000,0.000,0.000,,,,0.0500,5.000,1,0
1763739325.015315,4.522,0,0,0.000,0.00000,0.000,0.000,0.000,,,,0.0500,5.000,1,0
1763739325.221169,5.782,0,0,0.000,0.00000,0.000,0.000,0.000,,,,0.0500,5.000,1,0
1763739325.364003,5.252,0,0,0.000,0.00000,0.000,0.000,0.000,,,,0.0500,5.000,1,0
1763739325.491205,7.408,0,0,0.000,0.00000,0.000,0.000,0.000,,,,0.0500,5.000,1,0
1763739325.615284,7.538,0,0,0.000,0.00000,0.000,0.000,0.000,,,,0.0500,5.000,1,0
1763739325.711923,10.216,0,0,0.000,0.00000,0.000,0.000,0.000,,,,0.0500,5.000,1,0
1763739325.821138,9.843,0,0,0.000,0.00000,0.000,0.000,0.000,,,,0.0500,5.000,1,0
1763739325.927435,10.026,0,0,0.000,0.00000,0.000,0.000,0.000,,,,0.0500,5.000,1,0
1763739326.061862,7.393,0,0,0.000,0.00000,0.000,0.000,0.000,,,,0.0500,5.000,1,0
1763739326.204361,7.460,0,0,0.000,0.00000,0.000,0.000,0.000,,,,0.0500,5.000,1,0
1763739326.346669,7.528,0,0,0.000,0.00000,0.000,0.000,0.000,,,,0.0500,5.000,1,0
1763739326.520409,7.596,0,0,0.000,0.00000,0.000,0.000,0.000,,,,0.0500,5.000,1,0
1763739326.741152,5.035,0,0,0.000,0.00000,0.000,0.000,0.000,,,,0.0500,5.000,1,0
1763739326.892067,5.008,0,0,0.000,0.00000,0.000,0.000,0.000,,,,0.0500,5.000,1,0
1763739327.103650,5.965,0,0,0.000,0.00000,0.000,0.000,0.000,,,,0.0500,5.000,1,0
1763739327.300563,4.844,0,0,0.000,0.00000,0.000,0.000,0.000,,,,0.0500,5.000,1,0
1763739327.465351,5.012,0,0,0.000,0.00000,0.000,0.000,0.000,,,,0.0500,5.000,1,0
1763739327.597551,5.983,0,0,0.000,0.00000,0.000,0.000,0.000,,,,0.0500,5.000,1,0
1763739327.723525,7.432,0,0,0.000,0.00000,0.000,0.000,0.000,,,,0.0500,5.000,1,0
1763739327.822345,10.045,0,0,0.000,0.00000,0.000,0.000,0.000,,,,0.0500,5.000,1,0
1763739327.923355,10.051,0,0,0.000,0.00000,0.000,0.000,0.000,,,,0.0500,5.000,1,0
1763739328.021759,10.019,0,0,0.000,0.00000,0.000,0.000,0.000,,,,0.0500,5.000,1,0
1763739328.121300,10.071,0,0,0.000,0.00000,0.000,0.000,0.000,,,,0.0500,5.000,1,0
1763739328.223495,9.771,0,0,0.000,0.00000,0.000,0.000,0.000,,,,0.0500,5.000,1,0
1763739328.324755,10.120,0,0,0.000,0.00000,0.000,0.000,0.000,,,,0.0500,5.000,1,0
1763739328.453376,7.720,0,0,0.000,0.00000,0.000,0.000,0.000,,,,0.0500,5.000,1,0
1763739328.555817,9.690,0,0,0.000,0.00000,0.000,0.000,0.000,,,,0.0500,5.000,1,0
1763739328.654506,10.196,0,0,0.000,0.00000,0.000,0.000,0.000,,,,0.0500,5.000,1,0
1763739328.759364,9.750,0,0,0.000,0.00000,0.000,0.000,0.000,,,,0.0500,5.000,1,0
1763739328.877370,8.175,0,0,0.000,0.00000,0.000,0.000,0.000,,,,0.0500,5.000,1,0
1763739328.990071,9.127,0,0,0.000,0.00000,0.000,0.000,0.000,,,,0.0500,5.000,1,0
1763739329.087250,10.271,0,0,0.000,0.00000,0.000,0.000,0.000,,,,0.0500,5.000,1,0
1763739329.215801,8.357,0,0,0.000,0.00000,0.000,0.000,0.000,,,,0.0500,5.000,1,0
1763739329.336901,8.505,0,0,0.000,0.00000,0.000,0.000,0.000,,,,0.0500,5.000,1,0
1763739329.487411,7.552,0,0,0.000,0.00000,0.000,0.000,0.000,,,,0.0500,5.000,1,0
1763739329.677790,5.978,0,0,0.000,0.00000,0.000,0.000,0.000,,,,0.0500,5.000,1,0
1763739329.855725,6.016,0,0,0.000,0.00000,0.000,0.000,0.000,,,,0.0500,5.000,1,0
1763739474.440737,41.654,0,0,0.000,0.00000,0.000,0.000,0.000,,,,0.0500,5.000,1,0
1763739474.604163,5.091,0,0,0.000,0.00000,0.000,0.000,0.000,,,,0.0500,5.000,1,0
1763739474.794442,5.524,0,0,0.000,0.00000,0.000,0.000,0.000,,,,0.0500,5.000,1,0
1763739475.176756,6.235,0,0,0.000,0.00000,0.000,0.000,0.000,,,,0.0500,5.000,1,0
1763739475.367496,2.528,0,0,0.000,0.00000,0.000,0.000,0.000,,,,0.0500,5.000,1,0
1763739475.567601,4.940,0,0,0.000,0.00000,0.000,0.000,0.000,,,,0.0500,5.000,1,0
1763739475.697064,6.201,0,0,0.000,0.00000,0.000,0.000,0.000,,,,0.0500,5.000,1,0
1763739475.842050,7.622,0,0,0.000,0.00000,0.000,0.000,0.000,,,,0.0500,5.000,1,0
1763739475.984198,7.389,0,0,0.000,0.00000,0.000,0.000,0.000,,,,0.0500,5.000,1,0
1763739476.174787,5.997,0,0,0.000,0.00000,0.000,0.000,0.000,,,,0.0500,5.000,1,0
1763739476.355241,5.937,0,0,0.000,0.00000,0.000,0.000,0.000,,,,0.0500,5.000,1,0
1763739476.512794,4.986,0,0,0.000,0.00000,0.000,0.000,0.000,,,,0.0500,5.000,1,0
1763739476.667584,7.543,0,0,0.000,0.00000,0.000,0.000,0.000,,,,0.0500,5.000,1,0
1763739476.837575,5.070,0,0,0.000,0.00000,0.000,0.000,0.000,,,,0.0500,5.000,1,0
1763739476.984563,7.104,0,0,0.000,0.00000,0.000,0.000,0.000,,,,0.0500,5.000,1,0
1763739477.117463,7.530,0,0,0.000,0.00000,0.000,0.000,0.000,,,,0.0500,5.000,1,0
1763739477.357530,7.257,0,0,0.000,0.00000,0.000,0.000,0.000,,,,0.0500,5.000,1,0
1763739477.503927,3.770,0,0,0.000,0.00000,0.000,0.000,0.000,,,,0.0500,5.000,1,0
1763739477.622307,7.814,0,0,0.000,0.00000,0.000,0.000,0.000,,,,0.0500,5.000,1,0
1763739477.715765,10.047,0,0,0.000,0.00000,0.000,0.000,0.000,,,,0.0500,5.000,1,0
1763739477.817734,9.753,0,0,0.000,0.00000,0.000,0.000,0.000,,,,0.0500,5.000,1,0
1763739477.914224,10.192,0,0,0.000,0.00000,0.000,0.000,0.000,,,,0.0500,5.000,1,0
1763739478.021604,9.492,0,0,0.000,0.00000,0.000,0.000,0.000,,,,0.0500,5.000,1,0
1763739478.118811,10.390,0,0,0.000,0.00000,0.000,0.000,0.000,,,,0.0500,5.000,1,0
1763739478.217236,10.017,0,0,0.000,0.00000,0.000,0.000,0.000,,,,0.0500,5.000,1,0
1763739478.314974,10.206,0,0,0.000,0.00000,0.000,0.000,0.000,,,,0.0500,5.000,1,0
1763739478.415041,10.130,0,0,0.000,0.00000,0.000,0.000,0.000,,,,0.0500,5.000,1,0
1763739478.518351,9.664,0,0,0.000,0.00000,0.000,0.000,0.000,,,,0.0500,5.000,1,0
1763739478.618346,9.824,0,0,0.000,0.00000,0.000,0.000,0.000,,,,0.0500,5.000,1,0
1763739478.718321,10.270,0,0,0.000,0.00000,0.000,0.000,0.000,,,,0.0500,5.000,1,0
1763739478.820766,9.899,0,0,0.000,0.00000,0.000,0.000,0.000,,,,0.0500,5.000,1,0
1763739478.917011,10.040,0,0,0.000,0.00000,0.000,0.000,0.000,,,,0.0500,5.000,1,0
1763739479.018133,9.889,0,0,0.000,0.00000,0.000,0.000,0.000,,,,0.0500,5.000,1,0
1763739479.118998,10.017,0,0,0.000,0.00000,0.000,0.000,0.000,,,,0.0500,5.000,1,0
1763739479.211874,10.647,0,0,0.000,0.00000,0.000,0.000,0.000,,,,0.0500,5.000,1,0
1763739479.318830,9.715,0,0,0.000,0.00000,0.000,0.000,0.000,,,,0.0500,5.000,1,0
1763739479.419913,9.839,0,0,0.000,0.00000,0.000,0.000,0.000,,,,0.0500,5.000,1,0
1763739479.519038,9.910,0,0,0.000,0.00000,0.000,0.000,0.000,,,,0.0500,5.000,1,0
1763739479.629672,10.177,0,0,0.000,0.00000,0.000,0.000,0.000,,,,0.0500,5.000,1,0
1763739479.734659,9.139,0,0,0.000,0.00000,0.000,0.000,0.000,,,,0.0500,5.000,1,0
1763739479.875612,7.960,0,0,0.000,0.00000,0.000,0.000,0.000,,,,0.0500,5.000,1,0
1763739480.070928,7.353,0,0,0.000,0.00000,0.000,0.000,0.000,,,,0.0500,5.000,1,0
1763739480.269507,5.074,0,0,0.000,0.00000,0.000,0.000,0.000,,,,0.0500,5.000,1,0
1763739480.403393,4.975,0,0,0.000,0.00000,0.000,0.000,0.000,,,,0.0500,5.000,1,0
1763739480.525568,7.428,0,0,0.000,0.00000,0.000,0.000,0.000,,,,0.0500,5.000,1,0
1763739480.616626,10.275,0,0,0.000,0.00000,0.000,0.000,0.000,,,,0.0500,5.000,1,0
1763739480.711724,9.807,0,0,0.000,0.00000,0.000,0.000,0.000,,,,0.0500,5.000,1,0
1763739480.803891,10.085,0,0,0.000,0.00000,0.000,0.000,0.000,,,,0.0500,5.000,1,0
1763739480.897529,10.119,0,0,0.000,0.00000,0.000,0.000,0.000,,,,0.0500,5.000,1,0
1763739480.999018,10.057,0,0,0.000,0.00000,0.000,0.000,0.000,,,,0.0500,5.000,1,0
1763739481.101348,9.924,0,0,0.000,0.00000,0.000,0.000,0.000,,,,0.0500,5.000,1,0
1763739481.198478,10.229,0,0,0.000,0.00000,0.000,0.000,0.000,,,,0.0500,5.000,1,0
1763739481.295779,9.758,0,0,0.000,0.00000,0.000,0.000,0.000,,,,0.0500,5.000,1,0
1763739481.397150,9.899,0,0,0.000,0.00000,0.000,0.000,0.000,,,,0.0500,5.000,1,0
1763739481.491400,10.344,0,0,0.000,0.00000,0.000,0.000,0.000,,,,0.0500,5.000,1,0
1763739481.559666,14.588,0,0,0.000,0.00000,0.000,0.000,0.000,,,,0.0500,5.000,1,0
1763742524.811035,64.466,0,0,0.000,0.00000,0.000,0.000,0.000,,,,0.0500,5.000,1,0
1763742524.964259,6.503,0,0,0.000,0.00000,0.000,0.000,0.000,,,,0.0500,5.000,1,0
1763742525.152670,6.876,0,0,0.000,0.00000,0.000,0.000,0.000,,,,0.0500,5.000,1,0
1763742525.323177,6.003,0,0,0.000,0.00000,0.000,0.000,0.000,,,,0.0500,5.000,1,0
1763742525.669215,5.065,0,0,0.000,0.00000,0.000,0.000,0.000,,,,0.0500,5.000,1,0
1763742525.823889,3.086,0,0,0.000,0.00000,0.000,0.000,0.000,,,,0.0500,5.000,1,0
1763742525.960733,7.480,0,0,0.000,0.00000,0.000,0.000,0.000,,,,0.0500,5.000,1,0
1763742526.091250,7.387,0,0,0.000,0.00000,0.000,0.000,0.000,,,,0.0500,5.000,1,0
1763742526.249372,6.085,0,0,0.000,0.00000,0.000,0.000,0.000,,,,0.0500,5.000,1,0
1763742526.377565,7.343,0,0,0.000,0.00000,0.000,0.000,0.000,,,,0.0500,5.000,1,0
1763742526.507541,7.608,0,0,0.000,0.00000,0.000,0.000,0.000,,,,0.0500,5.000,1,0
1763742526.610253,9.736,0,0,0.000,0.00000,0.000,0.000,0.000,,,,0.0500,5.000,1,0
1763742526.710968,10.099,0,0,0.000,0.00000,0.000,0.000,0.000,,,,0.0500,5.000,1,0
1763742526.849216,7.055,0,0,0.000,0.00000,0.000,0.000,0.000,,,,0.0500,5.000,1,0
1763742526.984695,7.545,0,0,0.000,0.00000,0.000,0.000,0.000,,,,0.0500,5.000,1,0
1763742527.109416,7.862,0,0,0.000,0.00000,0.000,0.000,0.000,,,,0.0500,5.000,1,0
1763742527.209352,9.901,0,0,0.000,0.00000,0.000,0.000,0.000,,,,0.0500,5.000,1,0
1763742527.309628,9.938,0,0,0.000,0.00000,0.000,0.000,0.000,,,,0.0500,5.000,1,0
1763742527.407504,10.269,0,0,0.000,0.00000,0.000,0.000,0.000,,,,0.0500,5.000,1,0
1763742527.513836,9.423,0,0,0.000,0.00000,0.000,0.000,0.000,,,,0.0500,5.000,1,0
1763742527.640624,8.099,0,0,0.000,0.00000,0.000,0.000,0.000,,,,0.0500,5.000,1,0
1763742527.742339,9.588,0,0,0.000,0.00000,0.000,0.000,0.000,,,,0.0500,5.000,1,0
1763742527.841737,9.915,0,0,0.000,0.00000,0.000,0.000,0.000,,,,0.0500,5.000,1,0
1763742527.950543,10.100,0,0,0.000,0.00000,0.000,0.000,0.000,,,,0.0500,5.000,1,0
1763742528.053571,9.626,0,0,0.000,0.00000,0.000,0.000,0.000,,,,0.0500,5.000,1,0
1763742528.191929,7.726,0,0,0.000,0.00000,0.000,0.000,0.000,,,,0.0500,5.000,1,0
1763742528.326128,7.420,0,0,0.000,0.00000,0.000,0.000,0.000,,,,0.0500,5.000,1,0
1763742528.450456,7.521,0,0,0.000,0.00000,0.000,0.000,0.000,,,,0.0500,5.000,1,0
1763742528.580620,7.492,0,0,0.000,0.00000,0.000,0.000,0.000,,,,0.0500,5.000,1,0
1763742528.709257,7.501,0,0,0.000,0.00000,0.000,0.000,0.000,,,,0.0500,5.000,1,0
1763742528.803862,10.164,0,0,0.000,0.00000,0.000,0.000,0.000,,,,0.0500,5.000,1,0
1763742528.902647,10.018,0,0,0.000,0.00000,0.000,0.000,0.000,,,,0.0500,5.000,1,0
1763742529.002770,9.944,0,0,0.000,0.00000,0.000,0.000,0.000,,,,0.0500,5.000,1,0
1763742529.104220,10.003,0,0,0.000,0.00000,0.000,0.000,0.000,,,,0.0500,5.000,1,0
1763742529.212312,9.593,0,0,0.000,0.00000,0.000,0.000,0.000,,,,0.0500,5.000,1,0
1763742529.306627,10.461,0,0,0.000,0.00000,0.000,0.000,0.000,,,,0.0500,5.000,1,0
1763742529.412122,9.706,0,0,0.000,0.00000,0.000,0.000,0.000,,,,0.0500,5.000,1,0
1763742529.509704,10.425,0,0,0.000,0.00000,0.000,0.000,0.000,,,,0.0500,5.000,1,0
1763742529.609621,9.862,0,0,0.000,0.00000,0.000,0.000,0.000,,,,0.0500,5.000,1,0
1763742529.712092,10.212,0,0,0.000,0.00000,0.000,0.000,0.000,,,,0.0500,5.000,1,0
1763742529.812793,9.458,0,0,0.000,0.00000,0.000,0.000,0.000,,,,0.0500,5.000,1,0
1763742530.412197,7.753,0,0,0.000,0.00000,0.000,0.000,0.000,,,,0.0500,5.000,1,0
1763742530.668552,1.650,0,0,0.000,0.00000,0.000,0.000,0.000,,,,0.0500,5.000,1,0
1763742530.875953,4.302,0,0,0.000,0.00000,0.000,0.000,0.000,,,,0.0500,5.000,1,0
1763742531.092950,4.385,0,0,0.000,0.00000,0.000,0.000,0.000,,,,0.0500,5.000,1,0
1763742531.320891,4.979,0,0,0.000,0.00000,0.000,0.000,0.000,,,,0.0500,5.000,1,0
1763742531.618813,4.290,0,0,0.000,0.00000,0.000,0.000,0.000,,,,0.0500,5.000,1,0
1763742532.007116,3.330,0,0,0.000,0.00000,0.000,0.000,0.000,,,,0.0500,5.000,1,0
1763742532.261978,2.487,0,0,0.000,0.00000,0.000,0.000,0.000,,,,0.0500,5.000,1,0
1763742532.400635,4.332,0,0,0.000,0.00000,0.000,0.000,0.000,,,,0.0500,5.000,1,0
1763742532.517763,7.544,0,0,0.000,0.00000,0.000,0.000,0.000,,,,0.0500,5.000,1,0
1763742532.638290,7.532,0,0,0.000,0.00000,0.000,0.000,0.000,,,,0.0500,5.000,1,0
1763742532.739230,10.128,0,0,0.000,0.00000,0.000,0.000,0.000,,,,0.0500,5.000,1,0
1763742532.837673,10.344,0,0,0.000,0.00000,0.000,0.000,0.000,,,,0.0500,5.000,1,0
1763742532.938085,9.734,0,0,0.000,0.00000,0.000,0.000,0.000,,,,0.0500,5.000,1,0
1763742533.040223,10.098,0,0,0.000,0.00000,0.000,0.000,0.000,,,,0.0500,5.000,1,0
1763742533.142305,9.630,0,0,0.000,0.00000,0.000,0.000,0.000,,,,0.0500,5.000,1,0
1763742533.240195,10.046,0,0,0.000,0.00000,0.000,0.000,0.000,,,,0.0500,5.000,1,0
1763742533.335346,10.348,0,0,0.000,0.00000,0.000,0.000,0.000,,,,0.0500,5.000,1,0
1763742533.441301,9.806,0,0,0.000,0.00000,0.000,0.000,0.000,,,,0.0500,5.000,1,0
1763742533.538998,10.185,0,0,0.000,0.00000,0.000,0.000,0.000,,,,0.0500,5.000,1,0
1763742533.641472,10.007,0,0,0.000,0.00000,0.000,0.000,0.000,,,,0.0500,5.000,1,0
1763742533.742498,9.966,0,0,0.000,0.00000,0.000,0.000,0.000,,,,0.0500,5.000,1,0
1763742533.850288,9.839,0,0,0.000,0.00000,0.000,0.000,0.000,,,,0.0500,5.000,1,0
1763742650.099394,38.730,0,0,0.000,0.00000,0.000,0.000,0.000,,,,0.0500,5.000,1,0
1763742650.917038,1.288,0,0,0.000,0.00000,0.000,0.000,0.000,,,,0.0500,5.000,1,0
1763742651.123161,2.373,0,0,0.000,0.00000,0.000,0.000,0.000,,,,0.0500,5.000,1,0
1763742651.429655,5.884,0,0,0.000,0.00000,0.000,0.000,0.000,,,,0.0500,5.000,1,0
1763742651.645831,2.817,0,0,0.000,0.00000,0.000,0.000,0.000,,,,0.0500,5.000,1,0
1763742651.815834,5.638,0,0,0.000,0.00000,0.000,0.000,0.000,,,,0.0500,5.000,1,0
1763742651.977200,5.102,0,0,0.000,0.00000,0.000,0.000,0.000,,,,0.0500,5.000,1,0
1763742652.105914,7.581,0,0,0.000,0.00000,0.000,0.000,0.000,,,,0.0500,5.000,1,0
1763742652.206531,9.928,0,0,0.000,0.00000,0.000,0.000,0.000,,,,0.0500,5.000,1,0
1763742652.309747,9.336,0,0,0.000,0.00000,0.000,0.000,0.000,,,,0.0500,5.000,1,0
1763742652.439187,7.682,0,0,0.000,0.00000,0.000,0.000,0.000,,,,0.0500,5.000,1,0
1763742652.538715,9.908,0,0,0.000,0.00000,0.000,0.000,0.000,,,,0.0500,5.000,1,0
1763742652.632307,10.117,0,0,0.000,0.00000,0.000,0.000,0.000,,,,0.0500,5.000,1,0
1763742652.737626,10.082,0,0,0.000,0.00000,0.000,0.000,0.000,,,,0.0500,5.000,1,0
1763742652.851025,9.886,0,0,0.000,0.00000,0.000,0.000,0.000,,,,0.0500,5.000,1,0
1763742652.967574,7.368,0,0,0.000,0.00000,0.000,0.000,0.000,,,,0.0500,5.000,1,0
1763742653.064431,10.275,0,0,0.000,0.00000,0.000,0.000,0.000,,,,0.0500,5.000,1,0
1763742653.161743,10.132,0,0,0.000,0.00000,0.000,0.000,0.000,,,,0.0500,5.000,1,0
1763742653.262010,9.907,0,0,0.000,0.00000,0.000,0.000,0.000,,,,0.0500,5.000,1,0
1763742653.360110,9.967,0,0,0.000,0.00000,0.000,0.000,0.000,,,,0.0500,5.000,1,0
1763742653.462590,9.799,0,0,0.000,0.00000,0.000,0.000,0.000,,,,0.0500,5.000,1,0
1763742653.563574,10.203,0,0,0.000,0.00000,0.000,0.000,0.000,,,,0.0500,5.000,1,0
1763742653.660241,10.034,0,0,0.000,0.00000,0.000,0.000,0.000,,,,0.0500,5.000,1,0
1763742653.757307,10.141,0,0,0.000,0.00000,0.000,0.000,0.000,,,,0.0500,5.000,1,0
1763742653.867123,9.692,0,0,0.000,0.00000,0.000,0.000,0.000,,,,0.0500,5.000,1,0
1763742653.977584,10.022,0,0,0.000,0.00000,0.000,0.000,0.000,,,,0.0500,5.000,1,0
1763742654.070910,10.171,0,0,0.000,0.00000,0.000,0.000,0.000,,,,0.0500,5.000,1,0
1763742654.182268,10.067,0,0,0.000,0.00000,0.000,0.000,0.000,,,,0.0500,5.000,1,0
1763742654.329918,7.426,0,0,0.000,0.00000,0.000,0.000,0.000,,,,0.0500,5.000,1,0
1763742654.448118,7.552,0,0,0.000,0.00000,0.000,0.000,0.000,,,,0.0500,5.000,1,0
1763742654.572734,7.514,0,0,0.000,0.00000,0.000,0.000,0.000,,,,0.0500,5.000,1,0
1763742654.757576,9.549,0,0,0.000,0.00000,0.000,0.000,0.000,,,,0.0500,5.000,1,0
1763742654.906855,5.084,0,0,0.000,0.00000,0.000,0.000,0.000,,,,0.0500,5.000,1,0
1763742654.997931,7.499,0,0,0.000,0.00000,0.000,0.000,0.000,,,,0.0500,5.000,1,0
1763742655.089290,10.260,0,0,0.000,0.00000,0.000,0.000,0.000,,,,0.0500,5.000,1,0
1763742655.184092,10.075,0,0,0.000,0.00000,0.000,0.000,0.000,,,,0.0500,5.000,1,0
1763742655.283452,10.208,0,0,0.000,0.00000,0.000,0.000,0.000,,,,0.0500,5.000,1,0
1763742655.384185,9.805,0,0,0.000,0.00000,0.000,0.000,0.000,,,,0.0500,5.000,1,0
1763742655.494809,9.649,0,0,0.000,0.00000,0.000,0.000,0.000,,,,0.0500,5.000,1,0
1763742655.586613,9.837,0,0,0.000,0.00000,0.000,0.000,0.000,,,,0.0500,5.000,1,0
1763742655.680650,10.376,0,0,0.000,0.00000,0.000,0.000,0.000,,,,0.0500,5.000,1,0
1763742655.749940,14.480,0,0,0.000,0.00000,0.000,0.000,0.000,,,,0.0500,5.000,1,0
1763742655.850810,10.124,0,0,0.000,0.00000,0.000,0.000,0.000,,,,0.0500,5.000,1,0
1763742655.946723,10.694,0,0,0.000,0.00000,0.000,0.000,0.000,,,,0.0500,5.000,1,0
1763742656.013564,13.549,0,0,0.000,0.00000,0.000,0.000,0.000,,,,0.0500,5.000,1,0
1763742656.084236,14.553,0,0,0.000,0.00000,0.000,0.000,0.000,,,,0.0500,5.000,1,0
1763742656.192672,9.652,0,0,0.000,0.00000,0.000,0.000,0.000,,,,0.0500,5.000,1,0
1763742656.289984,10.745,0,0,0.000,0.00000,0.000,0.000,0.000,,,,0.0500,5.000,1,0
1763742656.386841,9.861,0,0,0.000,0.00000,0.000,0.000,0.000,,,,0.0500,5.000,1,0
1763742656.508391,9.721,0,0,0.000,0.00000,0.000,0.000,0.000,,,,0.0500,5.000,1,0
1763742656.601293,10.135,0,0,0.000,0.00000,0.000,0.000,0.000,,,,0.0500,5.000,1,0
1763742656.724165,9.791,0,0,0.000,0.00000,0.000,0.000,0.000,,,,0.0500,5.000,1,0
1763742656.886070,7.652,0,0,0.000,0.00000,0.000,0.000,0.000,,,,0.0500,5.000,1,0
1763742657.032898,5.979,0,0,0.000,0.00000,0.000,0.000,0.000,,,,0.0500,5.000,1,0
1763742657.135338,7.557,0,0,0.000,0.00000,0.000,0.000,0.000,,,,0.0500,5.000,1,0
1763742657.223448,10.178,0,0,0.000,0.00000,0.000,0.000,0.000,,,,0.0500,5.000,1,0
1763742657.318682,9.723,0,0,0.000,0.00000,0.000,0.000,0.000,,,,0.0500,5.000,1,0
1763742657.417469,9.962,0,0,0.000,0.00000,0.000,0.000,0.000,,,,0.0500,5.000,1,0
1763742657.515013,10.197,0,0,0.000,0.00000,0.000,0.000,0.000,,,,0.0500,5.000,1,0
1763742657.615120,10.016,0,0,0.000,0.00000,0.000,0.000,0.000,,,,0.0500,5.000,1,0
1763742657.716275,10.159,0,0,0.000,0.00000,0.000,0.000,0.000,,,,0.0500,5.000,1,0
1763742657.814455,9.873,0,0,0.000,0.00000,0.000,0.000,0.000,,,,0.0500,5.000,1,0
1763742657.889719,14.944,0,0,0.000,0.00000,0.000,0.000,0.000,,,,0.0500,5.000,1,0
1763742657.981320,9.873,0,0,0.000,0.00000,0.000,0.000,0.000,,,,0.0500,5.000,1,0
1763742658.046198,15.010,0,0,0.000,0.00000,0.000,0.000,0.000,,,,0.0500,5.000,1,0
1763742658.112687,15.584,0,0,0.000,0.00000,0.000,0.000,0.000,,,,0.0500,5.000,1,0
1763742658.178014,15.008,0,0,0.000,0.00000,0.000,0.000,0.000,,,,0.0500,5.000,1,0
1763742658.244856,14.723,0,0,0.000,0.00000,0.000,0.000,0.000,,,,0.0500,5.000,1,0
1763742658.343922,10.175,0,0,0.000,0.00000,0.000,0.000,0.000,,,,0.0500,5.000,1,0
1763742658.414365,14.264,0,0,0.000,0.00000,0.000,0.000,0.000,,,,0.0500,5.000,1,0
1763742658.481344,15.048,0,0,0.000,0.00000,0.000,0.000,0.000,,,,0.0500,5.000,1,0
1763742658.548410,14.920,0,0,0.000,0.00000,0.000,0.000,0.000,,,,0.0500,5.000,1,0
1763742658.613322,15.225,0,0,0.000,0.00000,0.000,0.000,0.000,,,,0.0500,5.000,1,0
1763742658.682090,14.576,0,0,0.000,0.00000,0.000,0.000,0.000,,,,0.0500,5.000,1,0
1763742658.778720,10.472,0,0,0.000,0.00000,0.000,0.000,0.000,,,,0.0500,5.000,1,0
1763829259.716996,234.568,4,4,39.805,1.80411,0.160,0.346,82.410,1198.4,0.7160,39.805,0.0500,5.000,0,0
1763829260.554581,2.238,7,7,37.466,2.56404,0.012,0.722,78.302,1050.1,0.6315,37.466,0.0500,5.000,0,0
1763829260.888679,1.531,7,7,37.515,2.56628,0.012,0.724,75.579,1054.0,0.6311,37.515,0.0500,5.000,0,0
1763829261.138050,2.733,7,7,37.472,2.57292,0.012,0.724,73.789,1052.0,0.6308,37.472,0.0500,5.000,0,0
1763829261.406442,5.007,7,7,37.455,2.56550,0.012,0.722,72.748,1051.3,0.6312,37.455,0.0500,5.000,0,0
1763829261.856052,3.195,7,7,37.482,2.57559,0.012,0.721,72.069,1053.4,0.6317,37.482,0.0500,5.000,0,0
1763829262.049181,2.438,7,7,37.487,2.57816,0.011,0.726,71.446,1052.8,0.6315,37.487,0.0500,5.000,0,0
1763829262.228324,4.998,7,7,37.445,2.57942,0.012,0.726,71.085,1051.3,0.6313,37.445,0.0500,5.000,0,0
1763829262.388767,5.934,7,7,37.487,2.56894,0.011,0.724,70.907,1054.3,0.6311,37.487,0.0500,5.000,0,0
1763829262.536067,6.124,7,7,37.504,2.57042,0.011,0.725,70.786,1052.7,0.6299,37.504,0.0500,5.000,0,0
1763829262.675147,7.473,7,7,37.493,2.57135,0.012,0.724,70.706,1051.7,0.6300,37.493,0.0500,5.000,0,0
1763829262.805149,7.497,7,7,37.515,2.57529,0.012,0.725,70.572,1053.8,0.6315,37.515,0.0500,5.000,0,0
1763829262.937368,7.190,7,7,37.480,2.57117,0.011,0.721,70.583,1053.0,0.6318,37.480,0.0500,5.000,0,0
1763829263.069376,7.544,7,7,37.530,2.58631,0.012,0.719,70.423,1053.5,0.6306,37.530,0.0500,5.000,0,0
1763829263.204445,7.517,7,7,37.493,2.56723,0.011,0.724,70.402,1054.3,0.6315,37.493,0.0500,5.000,0,0
1763829263.338548,7.471,7,7,37.515,2.57968,0.012,0.721,70.359,1054.0,0.6318,37.515,0.0500,5.000,0,0
1763829263.472032,7.520,7,7,37.547,2.57606,0.012,0.722,70.266,1053.3,0.6306,37.547,0.0500,5.000,0,0
1763829263.666182,6.573,7,7,37.497,2.58085,0.012,0.719,70.249,1054.4,0.6314,37.497,0.0500,5.000,0,0
1763829263.804542,5.505,7,7,37.526,2.56870,0.012,0.721,70.330,1054.6,0.6309,37.526,0.0500,5.000,0,0
1763829263.939293,7.507,7,7,37.495,2.57830,0.012,0.721,70.353,1053.9,0.6313,37.495,0.0500,5.000,0,0
1763829264.072447,7.524,7,7,37.567,2.57157,0.012,0.724,70.314,1054.6,0.6301,37.567,0.0500,5.000,0,0
1763829264.204886,7.456,7,7,37.548,2.42618,0.011,0.720,70.193,1054.6,0.6773,37.548,0.0500,5.000,0,0
1763829264.338928,7.515,7,7,37.520,2.57212,0.011,0.724,70.248,1053.5,0.6309,37.520,0.0500,5.000,0,0
1763829264.476481,7.507,7,7,37.545,2.57848,0.011,0.722,70.266,1052.9,0.6306,37.545,0.0500,5.000,0,0
1763829264.608948,7.654,7,7,37.556,2.57662,0.011,0.726,70.181,1054.3,0.6307,37.556,0.0500,5.000,0,0
1763829264.745290,7.313,7,7,37.548,2.35406,0.012,0.714,70.179,1053.7,0.6762,37.548,0.0500,5.000,0,0
1763829264.874544,7.516,7,7,37.511,2.57293,0.012,0.720,70.363,1053.9,0.6311,37.511,0.0500,5.000,0,0
1763829265.009107,7.473,7,7,37.464,2.58348,0.012,0.721,70.289,1051.8,0.6315,37.464,0.0500,5.000,0,0
1763829265.141360,7.538,7,7,37.477,2.57174,0.012,0.721,70.276,1052.4,0.6310,37.477,0.0500,5.000,0,0
1763829265.275281,7.535,7,7,37.544,2.57518,0.011,0.722,70.272,1055.1,0.6316,37.544,0.0500,5.000,0,0
1763829265.410045,7.487,7,7,37.494,2.57292,0.012,0.724,70.256,1053.2,0.6316,37.494,0.0500,5.000,0,0
1763829265.537382,7.667,7,7,37.515,2.56921,0.012,0.719,70.383,1053.8,0.6309,37.515,0.0500,5.000,0,0
1763829265.667799,7.550,7,7,37.522,2.56250,0.012,0.720,70.473,1054.3,0.6308,37.522,0.0500,5.000,0,0
1763829265.803991,7.281,7,7,37.543,2.57525,0.012,0.722,70.449,1053.4,0.6305,37.543,0.0500,5.000,0,0
1763829265.935372,7.512,7,7,37.527,2.57634,0.011,0.722,70.361,1054.7,0.6314,37.527,0.0500,5.000,0,0
1763829266.076667,7.507,7,7,37.523,2.56912,0.012,0.716,70.481,1054.9,0.6319,37.523,0.0500,5.000,0,0
1763829266.210144,7.512,7,7,37.510,2.57789,0.012,0.720,70.516,1053.8,0.6315,37.510,0.0500,5.000,0,0
1763829266.343078,7.525,7,7,37.493,2.57743,0.012,0.718,70.569,1053.0,0.6312,37.493,0.0500,5.000,0,0
1763829266.486287,7.447,7,7,37.497,2.56967,0.012,0.722,70.614,1053.4,0.6311,37.497,0.0500,5.000,0,0
1763829266.635403,6.161,7,7,37.493,2.57234,0.012,0.721,70.649,1052.3,0.6300,37.493,0.0500,5.000,0,0
1763829266.771419,7.565,7,7,37.471,2.57843,0.011,0.723,70.557,1050.5,0.6310,37.471,0.0500,5.000,0,0
1763829266.906203,7.301,7,7,37.472,2.56512,0.012,0.722,70.588,1051.4,0.6311,37.472,0.0500,5.000,0,0
1763829267.042010,7.330,7,7,37.485,2.58155,0.012,0.719,70.562,1052.5,0.6310,37.485,0.0500,5.000,0,0
1763829267.171782,7.556,7,7,37.474,2.57445,0.012,0.718,70.587,1050.4,0.6308,37.474,0.0500,5.000,0,0
1763829267.304081,7.548,7,7,37.491,2.57101,0.012,0.727,70.485,1051.9,0.6302,37.491,0.0500,5.000,0,0
1763829267.437925,7.530,7,7,37.445,2.56677,0.012,0.716,70.527,1051.0,0.6322,37.445,0.0500,5.000,0,0
1763829267.569676,7.543,7,7,37.513,2.58973,0.011,0.725,70.307,1053.1,0.6320,37.513,0.0500,5.000,0,0
1763829267.724120,7.435,7,7,37.563,2.57395,0.011,0.728,70.200,1055.7,0.6318,37.563,0.0500,5.000,0,0
1763829267.875050,6.036,7,7,37.550,2.56798,0.012,0.723,70.240,1054.7,0.6316,37.550,0.0500,5.000,0,0
1763829268.011950,7.424,7,7,37.542,2.57665,0.012,0.725,70.164,1054.2,0.6314,37.542,0.0500,5.000,0,0
1763829268.159081,7.598,7,7,37.527,2.58415,0.011,0.726,70.097,1053.9,0.6322,37.527,0.0500,5.000,0,0
1763829268.347675,5.984,7,7,37.565,2.57132,0.012,0.728,70.036,1054.1,0.6327,37.565,0.0500,5.000,0,0
1763829268.548847,5.030,7,7,37.497,2.57025,0.012,0.723,70.117,1052.5,0.6323,37.497,0.0500,5.000,0,0
1763829268.757985,4.963,7,7,37.514,2.56832,0.012,0.724,70.103,1053.8,0.6325,37.514,0.0500,5.000,0,0
1763829268.931158,5.098,7,7,37.464,2.57223,0.011,0.726,70.105,1053.2,0.6330,37.464,0.0500,5.000,0,0
1763829269.080198,5.809,7,7,37.539,2.42090,0.011,0.721,70.034,1053.3,0.6763,37.539,0.0500,5.000,0,0
1763829269.203718,7.534,7,7,37.504,2.56596,0.012,0.721,70.111,1051.0,0.6304,37.504,0.0500,5.000,0,0
1763829269.338325,7.534,7,7,37.505,2.56883,0.012,0.724,70.047,1053.4,0.6316,37.505,0.0500,5.000,0,0
1763829269.472772,7.462,7,7,37.489,2.56702,0.011,0.718,70.234,1052.2,0.6314,37.489,0.0500,5.000,0,0
1763829269.608649,7.570,7,7,37.491,2.56338,0.012,0.719,70.248,1052.0,0.6322,37.491,0.0500,5.000,0,0
1763829269.737838,7.712,7,7,37.510,2.56922,0.012,0.724,70.258,1052.7,0.6323,37.510,0.0500,5.000,0,0
1763829269.868609,7.449,7,7,37.534,2.57848,0.011,0.723,70.250,1052.6,0.6306,37.534,0.0500,5.000,0,0
1763829270.002188,7.506,7,7,37.515,2.56443,0.012,0.723,70.240,1053.4,0.6308,37.515,0.0500,5.000,0,0
1763829270.132340,7.464,7,7,37.540,2.57040,0.012,0.727,70.172,1053.6,0.6314,37.540,0.0500,5.000,0,0
1763829270.270079,7.439,7,7,37.536,2.57757,0.012,0.722,70.211,1053.1,0.6315,37.536,0.0500,5.000,0,0
1763829270.398435,7.553,7,7,37.499,2.57324,0.011,0.727,70.131,1053.1,0.6316,37.499,0.0500,5.000,0,0
1763829270.535426,7.457,7,7,37.490,2.57054,0.012,0.727,70.216,1050.7,0.6304,37.490,0.0500,5.000,0,0
1763829270.671430,7.553,7,7,37.466,2.56862,0.012,0.722,70.296,1051.4,0.6315,37.466,0.0500,5.000,0,0
1763829270.815531,7.464,7,7,37.425,2.58580,0.012,0.722,70.267,1051.2,0.6322,37.425,0.0500,5.000,0,0
1763829270.988302,5.944,7,7,37.457,2.58341,0.012,0.723,70.250,1052.5,0.6327,37.457,0.0500,5.000,0,0
1763829271.137207,6.022,7,7,37.497,2.58164,0.012,0.723,70.159,1053.0,0.6315,37.497,0.0500,5.000,0,0
1763829271.267794,7.530,7,7,37.479,2.57735,0.012,0.720,70.301,1053.1,0.6320,37.479,0.0500,5.000,0,0
1763829271.432293,6.057,7,7,37.583,2.57868,0.012,0.722,70.292,1055.0,0.6311,37.583,0.0500,5.000,0,0
1763829271.566677,7.464,7,7,37.574,2.57571,0.012,0.723,70.205,1055.4,0.6311,37.574,0.0500,5.000,0,0
1763829271.700975,7.436,7,7,37.548,2.57585,0.012,0.723,70.193,1054.8,0.6315,37.548,0.0500,5.000,0,0
1763829271.834705,7.560,7,7,37.492,2.31763,0.012,0.715,70.193,1053.2,0.5843,37.492,0.0500,5.000,0,0
1763829271.974879,7.491,7,7,37.552,2.57835,0.012,0.722,70.202,1053.5,0.6314,37.552,0.0500,5.000,0,0
1763829272.110501,7.619,7,7,37.541,2.58297,0.012,0.720,70.212,1055.2,0.6326,37.541,0.0500,5.000,0,0
1763829272.247951,7.391,7,7,37.564,2.57183,0.012,0.720,70.232,1056.2,0.6316,37.564,0.0500,5.000,0,0
1763829272.410384,6.080,7,7,37.547,2.31488,0.012,0.712,70.232,1053.7,0.5834,37.547,0.0500,5.000,0,0
1763829362.474089,136.090,7,7,37.704,2.57356,0.012,0.724,76.912,1059.8,0.6312,37.704,0.0500,5.000,0,0
1763829362.879371,4.273,7,7,37.468,2.58299,0.011,0.725,84.238,1051.3,0.6315,37.468,0.0500,5.000,0,0
1763829363.431508,2.761,7,7,37.573,2.58323,0.011,0.729,89.634,1053.1,0.6303,37.573,0.0500,5.000,0,0
1763829363.625343,1.887,7,7,37.510,2.58701,0.011,0.729,86.455,1054.2,0.6324,37.510,0.0500,5.000,0,0
1763829363.820727,5.020,7,7,37.499,2.58809,0.011,0.729,83.600,1054.6,0.6320,37.499,0.0500,5.000,0,0
1763829363.991755,4.974,7,7,37.545,2.58844,0.012,0.723,81.677,1054.6,0.6320,37.545,0.0500,5.000,0,0
1763829364.157863,5.927,7,7,37.566,2.59362,0.011,0.727,80.239,1054.7,0.6315,37.566,0.0500,5.000,0,0
1763829364.308489,6.104,7,7,37.551,2.58948,0.011,0.726,79.251,1054.9,0.6319,37.551,0.0500,5.000,0,0
1763829364.443991,7.497,7,7,37.583,2.58940,0.011,0.727,78.526,1054.9,0.6315,37.583,0.0500,5.000,0,0
1763829364.577322,7.559,7,7,37.597,2.59053,0.011,0.728,77.945,1055.8,0.6316,37.597,0.0500,5.000,0,0
1763829364.710035,7.503,7,7,37.601,2.58758,0.011,0.729,77.516,1055.5,0.6312,37.601,0.0500,5.000,0,0
1763829364.844125,7.434,7,7,37.575,2.59319,0.011,0.729,77.130,1054.3,0.6313,37.575,0.0500,5.000,0,0
1763829364.974069,7.504,7,7,37.563,2.59393,0.011,0.725,76.958,1053.9,0.6316,37.563,0.0500,5.000,0,0
1763829365.110880,7.396,7,7,37.596,2.59440,0.011,0.730,76.741,1055.2,0.6314,37.596,0.0500,5.000,0,0
1763829365.244195,7.486,7,7,37.562,2.59553,0.011,0.727,76.609,1055.2,0.6318,37.562,0.0500,5.000,0,0
1763829365.378900,7.423,7,7,37.563,2.58460,0.011,0.725,76.536,1055.0,0.6316,37.563,0.0500,5.000,0,0
1763829365.511230,7.519,7,7,37.553,2.58825,0.011,0.726,76.504,1054.7,0.6316,37.553,0.0500,5.000,0,0
1763829365.645149,7.474,7,7,37.553,2.59185,0.011,0.728,76.411,1054.3,0.6317,37.553,0.0500,5.000,0,0
1763829365.778156,7.629,7,7,37.565,2.59396,0.011,0.727,76.399,1054.4,0.6314,37.565,0.0500,5.000,0,0
1763829365.913792,7.434,7,7,37.585,2.59310,0.011,0.725,76.460,1054.9,0.6318,37.585,0.0500,5.000,0,0
1763829366.040565,7.551,7,7,37.574,2.59387,0.011,0.726,76.482,1055.2,0.6315,37.574,0.0500,5.000,0,0
1763829366.181128,7.420,7,7,37.579,2.59463,0.011,0.728,76.421,1056.0,0.6321,37.579,0.0500,5.000,0,0
1763829366.311927,7.527,7,7,37.572,2.59000,0.011,0.727,76.413,1055.6,0.6321,37.572,0.0500,5.000,0,0
1763829366.454666,7.470,7,7,37.583,2.59012,0.011,0.729,76.372,1055.3,0.6316,37.583,0.0500,5.000,0,0
1763829366.613601,6.004,7,7,37.565,2.58727,0.011,0.726,76.388,1055.4,0.6315,37.565,0.0500,5.000,0,0
1763829366.752116,7.542,7,7,37.555,2.58291,0.011,0.727,76.338,1055.2,0.6325,37.555,0.0500,5.000,0,0
1763829366.877392,7.474,7,7,37.566,2.58627,0.011,0.730,76.244,1055.1,0.6320,37.566,0.0500,5.000,0,0
1763829367.021760,6.980,7,7,37.561,2.59070,0.011,0.729,76.195,1055.5,0.6323,37.561,0.0500,5.000,0,0
1763829367.179193,6.280,7,7,37.543,2.42710,0.011,0.723,73.902,1055.3,0.6782,37.543,0.0500,5.000,0,0
1763829367.311728,7.765,7,7,37.556,2.58986,0.011,0.728,74.579,1055.3,0.6325,37.556,0.0500,5.000,0,0
1763829367.442989,7.446,7,7,37.523,2.58805,0.011,0.726,75.156,1054.2,0.6327,37.523,0.0500,5.000,0,0
1763829367.581362,7.593,7,7,37.518,2.59131,0.011,0.726,75.525,1054.2,0.6325,37.518,0.0500,5.000,0,0
1763829367.716397,7.465,7,7,37.521,2.58593,0.011,0.724,75.828,1054.0,0.6325,37.521,0.0500,5.000,0,0
1763829367.849112,7.484,7,7,37.529,2.58656,0.011,0.724,76.067,1053.7,0.6326,37.529,0.0500,5.000,0,0
1763829368.065752,6.642,7,7,37.522,2.58608,0.011,0.725,76.205,1054.1,0.6323,37.522,0.0500,5.000,0,0
1763829368.260797,4.666,7,7,37.556,2.58600,0.011,0.725,76.357,1055.2,0.6320,37.556,0.0500,5.000,0,0
1763829368.429885,4.908,7,7,37.556,2.58378,0.011,0.728,76.353,1054.2,0.6316,37.556,0.0500,5.000,0,0
1763829368.599438,6.005,7,7,37.566,2.57921,0.011,0.728,76.363,1054.9,0.6317,37.566,0.0500,5.000,0,0
1763829368.751770,6.213,7,7,37.544,2.58635,0.011,0.729,76.352,1054.0,0.6319,37.544,0.0500,5.000,0,0
1763829368.910520,5.958,7,7,37.553,2.58271,0.011,0.729,76.310,1054.2,0.6315,37.553,0.0500,5.000,0,0
1763829369.045166,7.413,7,7,37.564,2.58821,0.011,0.730,76.298,1055.6,0.6310,37.564,0.0500,5.000,0,0
1763829369.179940,7.486,7,7,37.530,2.58272,0.011,0.732,76.284,1054.4,0.6312,37.530,0.0500,5.000,0,0
1763829369.316043,7.503,7,7,37.554,2.34951,0.011,0.727,73.993,1056.0,0.6776,37.554,0.0500,5.000,0,0
1763829369.459317,7.373,7,7,37.592,2.58779,0.011,0.732,74.582,1055.9,0.6309,37.592,0.0500,5.000,0,0
1763829369.615523,5.956,7,7,37.593,2.58492,0.011,0.731,75.082,1056.3,0.6312,37.593,0.0500,5.000,0,0
1763829369.753329,7.282,7,7,37.611,2.58200,0.011,0.729,75.439,1057.1,0.6314,37.611,0.0500,5.000,0,0
1763829369.910774,6.292,7,7,37.569,2.58086,0.011,0.730,75.712,1055.9,0.6316,37.569,0.0500,5.000,0,0
1763829370.072170,7.404,7,7,37.562,2.58653,0.011,0.730,75.832,1056.0,0.6323,37.562,0.0500,5.000,0,0
1763829370.213648,5.941,7,7,37.512,2.58063,0.011,0.728,76.100,1054.1,0.6323,37.512,0.0500,5.000,0,0
1763829370.514647,7.616,7,7,37.529,2.57993,0.011,0.729,76.255,1053.5,0.6319,37.529,0.0500,5.000,0,0
1763829370.818900,2.956,7,7,37.501,2.58199,0.011,0.729,76.341,1052.7,0.6311,37.501,0.0500,5.000,0,0
1763829371.123726,3.291,7,7,37.562,2.58873,0.011,0.728,76.361,1055.9,0.6316,37.562,0.0500,5.000,0,0
1763829371.310824,3.423,7,7,37.546,2.58099,0.011,0.728,76.326,1053.6,0.6319,37.546,0.0500,5.000,0,0
1763829371.453043,6.012,7,7,37.531,2.57621,0.011,0.727,76.403,1052.8,0.6315,37.531,0.0500,5.000,0,0
1763829371.613278,5.904,7,7,37.542,2.58301,0.011,0.731,76.361,1054.0,0.6315,37.542,0.0500,5.000,0,0
1763829371.745600,7.708,7,7,37.608,2.42348,0.011,0.724,74.145,1055.6,0.6765,37.608,0.0500,5.000,0,0
1763829371.880856,7.441,7,7,37.590,2.58024,0.011,0.729,74.843,1055.8,0.6311,37.590,0.0500,5.000,0,0
1763829372.033848,7.184,7,7,37.567,2.58093,0.012,0.725,75.425,1055.5,0.6313,37.567,0.0500,5.000,0,0
1763829372.175135,6.269,7,7,37.582,2.57984,0.012,0.729,75.714,1056.0,0.6316,37.582,0.0500,5.000,0,0
1763829372.311143,7.413,7,7,37.557,2.58414,0.011,0.731,75.859,1055.5,0.6322,37.557,0.0500,5.000,0,0
1763829372.451121,7.536,7,7,37.549,2.58628,0.011,0.731,75.935,1056.3,0.6324,37.549,0.0500,5.000,0,0
1763829372.594135,7.324,7,7,37.586,2.58879,0.011,0.729,76.001,1057.1,0.6326,37.586,0.0500,5.000,0,0
1763829372.752151,6.093,7,7,37.548,2.59783,0.011,0.728,76.082,1056.3,0.6329,37.548,0.0500,5.000,0,0
1764009611.358223,11.204,0,0,0.000,0.00000,0.000,0.000,0.000,,,,0.0500,5.000,0,0
1764009611.504045,6.092,0,0,0.000,0.00000,0.000,0.000,0.000,,,,0.0500,5.000,0,0
1764009611.821323,4.227,0,0,0.000,0.00000,0.000,0.000,0.000,,,,0.0500,5.000,0,0
1764009612.073194,4.445,0,0,0.000,0.00000,0.000,0.000,0.000,,,,0.0500,5.000,0,0
1764009612.197356,4.190,0,0,0.000,0.00000,0.000,0.000,0.000,,,,0.0500,5.000,0,0
1764009612.353831,5.707,0,0,0.000,0.00000,0.000,0.000,0.000,,,,0.0500,5.000,0,0
1764009612.447247,11.057,0,0,0.000,0.00000,0.000,0.000,0.000,,,,0.0500,5.000,0,0
1764009612.548320,9.992,0,0,0.000,0.00000,0.000,0.000,0.000,,,,0.0500,5.000,0,0
1764009612.650475,10.095,0,0,0.000,0.00000,0.000,0.000,0.000,,,,0.0500,5.000,0,0
1764009612.748711,9.927,0,0,0.000,0.00000,0.000,0.000,0.000,,,,0.0500,5.000,0,0
1764009612.955945,4.929,0,0,0.000,0.00000,0.000,0.000,0.000,,,,0.0500,5.000,0,0
1764009613.039493,10.289,0,0,0.000,0.00000,0.000,0.000,0.000,,,,0.0500,5.000,0,0
1764009613.106500,15.016,0,0,0.000,0.00000,0.000,0.000,0.000,,,,0.0500,5.000,0,0
1764009613.174825,15.122,0,0,0.000,0.00000,0.000,0.000,0.000,,,,0.0500,5.000,0,0
1764009613.243946,14.864,0,0,0.000,0.00000,0.000,0.000,0.000,,,,0.0500,5.000,0,0
1764009613.310406,14.983,0,0,0.000,0.00000,0.000,0.000,0.000,,,,0.0500,5.000,0,0
1764009613.398197,11.025,0,0,0.000,0.00000,0.000,0.000,0.000,,,,0.0500,5.000,0,0
1764009613.456499,13.281,0,0,0.000,0.00000,0.000,0.000,0.000,,,,0.0500,5.000,0,0
1764009613.533296,14.841,0,0,0.000,0.00000,0.000,0.000,0.000,,,,0.0500,5.000,0,0
1764009613.588246,14.933,0,0,0.000,0.00000,0.000,0.000,0.000,,,,0.0500,5.000,0,0
1764009613.656431,14.986,0,0,0.000,0.00000,0.000,0.000,0.000,,,,0.0500,5.000,0,0
1764009613.728195,15.144,0,0,0.000,0.00000,0.000,0.000,0.000,,,,0.0500,5.000,0,0
1764009613.802719,14.807,0,0,0.000,0.00000,0.000,0.000,0.000,,,,0.0500,5.000,0,0
1764009613.981424,5.514,0,0,0.000,0.00000,0.000,0.000,0.000,,,,0.0500,5.000,0,0
1764009614.072574,11.826,0,0,0.000,0.00000,0.000,0.000,0.000,,,,0.0500,5.000,0,0
1764009614.132826,14.837,0,0,0.000,0.00000,0.000,0.000,0.000,,,,0.0500,5.000,0,0
1764009614.188506,15.024,0,0,0.000,0.00000,0.000,0.000,0.000,,,,0.0500,5.000,0,0
1764009614.285200,14.994,0,0,0.000,0.00000,0.000,0.000,0.000,,,,0.0500,5.000,0,0
1764009614.429450,5.804,0,0,0.000,0.00000,0.000,0.000,0.000,,,,0.0500,5.000,0,0
1764009614.501572,16.365,0,0,0.000,0.00000,0.000,0.000,0.000,,,,0.0500,5.000,0,0
1764009614.589378,15.157,0,0,0.000,0.00000,0.000,0.000,0.000,,,,0.0500,5.000,0,0
1764009614.671669,9.963,0,0,0.000,0.00000,0.000,0.000,0.000,,,,0.0500,5.000,0,0
1764009614.733662,14.922,0,0,0.000,0.00000,0.000,0.000,0.000,,,,0.0500,5.000,0,0
1764009614.809323,15.001,0,0,0.000,0.00000,0.000,0.000,0.000,,,,0.0500,5.000,0,0
1764009615.032016,4.310,0,0,0.000,0.00000,0.000,0.000,0.000,,,,0.0500,5.000,0,0
1764009615.102110,14.707,0,0,0.000,0.00000,0.000,0.000,0.000,,,,0.0500,5.000,0,0
1764009615.169174,15.156,0,0,0.000,0.00000,0.000,0.000,0.000,,,,0.0500,5.000,0,0
1764009615.254378,14.978,0,0,0.000,0.00000,0.000,0.000,0.000,,,,0.0500,5.000,0,0
1764009615.337792,9.907,0,0,0.000,0.00000,0.000,0.000,0.000,,,,0.0500,5.000,0,0
1764009615.483384,6.475,0,0,0.000,0.00000,0.000,0.000,0.000,,,,0.0500,5.000,0,0
1764009615.558152,12.865,0,0,0.000,0.00000,0.000,0.000,0.000,,,,0.0500,5.000,0,0
1764009615.639618,14.900,0,0,0.000,0.00000,0.000,0.000,0.000,,,,0.0500,5.000,0,0
1764009615.709621,15.020,0,0,0.000,0.00000,0.000,0.000,0.000,,,,0.0500,5.000,0,0
1764009615.755422,15.108,0,0,0.000,0.00000,0.000,0.000,0.000,,,,0.0500,5.000,0,0
1764009615.825148,14.993,0,0,0.000,0.00000,0.000,0.000,0.000,,,,0.0500,5.000,0,0
1764009616.171934,2.953,0,0,0.000,0.00000,0.000,0.000,0.000,,,,0.0500,5.000,0,0
1764009616.225975,16.030,0,0,0.000,0.00000,0.000,0.000,0.000,,,,0.0500,5.000,0,0
1764009616.289498,15.014,0,0,0.000,0.00000,0.000,0.000,0.000,,,,0.0500,5.000,0,0
1764009616.356283,15.034,0,0,0.000,0.00000,0.000,0.000,0.000,,,,0.0500,5.000,0,0
1764009616.532370,5.870,0,0,0.000,0.00000,0.000,0.000,0.000,,,,0.0500,5.000,0,0
1764009616.604653,15.839,0,0,0.000,0.00000,0.000,0.000,0.000,,,,0.0500,5.000,0,0
1764009616.667336,14.992,0,0,0.000,0.00000,0.000,0.000,0.000,,,,0.0500,5.000,0,0
1764009616.742427,15.159,0,0,0.000,0.00000,0.000,0.000,0.000,,,,0.0500,5.000,0,0
1764009616.788315,14.981,0,0,0.000,0.00000,0.000,0.000,0.000,,,,0.0500,5.000,0,0
1764009616.851111,15.012,0,0,0.000,0.00000,0.000,0.000,0.000,,,,0.0500,5.000,0,0
1764009617.135776,3.730,0,0,0.000,0.00000,0.000,0.000,0.000,,,,0.0500,5.000,0,0
1764009617.201159,15.196,0,0,0.000,0.00000,0.000,0.000,0.000,,,,0.0500,5.000,0,0
1764009617.266998,15.174,0,0,0.000,0.00000,0.000,0.000,0.000,,,,0.0500,5.000,0,0
1764009617.333048,14.873,0,0,0.000,0.00000,0.000,0.000,0.000,,,,0.0500,5.000,0,0
1764009617.397561,14.960,0,0,0.000,0.00000,0.000,0.000,0.000,,,,0.0500,5.000,0,0
1764009617.585465,5.345,0,0,0.000,0.00000,0.000,0.000,0.000,,,,0.0500,5.000,0,0
1764009617.654972,12.573,0,0,0.000,0.00000,0.000,0.000,0.000,,,,0.0500,5.000,0,0
1764009617.759140,12.383,0,0,0.000,0.00000,0.000,0.000,0.000,,,,0.0500,5.000,0,0
1764009618.210176,2.172,0,0,0.000,0.00000,0.000,0.000,0.000,,,,0.0500,5.000,0,0
1764009618.290420,10.861,0,0,0.000,0.00000,0.000,0.000,0.000,,,,0.0500,5.000,0,0
1764009618.355238,15.041,0,0,0.000,0.00000,0.000,0.000,0.000,,,,0.0500,5.000,0,0
1764009618.419492,14.993,0,0,0.000,0.00000,0.000,0.000,0.000,,,,0.0500,5.000,0,0
1764009618.492498,14.991,0,0,0.000,0.00000,0.000,0.000,0.000,,,,0.0500,5.000,0,0
1764009618.559746,15.011,0,0,0.000,0.00000,0.000,0.000,0.000,,,,0.0500,5.000,0,0
1764009618.634147,14.867,0,0,0.000,0.00000,0.000,0.000,0.000,,,,0.0500,5.000,0,0
1764009618.696540,15.138,0,0,0.000,0.00000,0.000,0.000,0.000,,,,0.0500,5.000,0,0
1764009618.761045,14.932,0,0,0.000,0.00000,0.000,0.000,0.000,,,,0.0500,5.000,0,0
1764009618.834289,14.876,0,0,0.000,0.00000,0.000,0.000,0.000,,,,0.0500,5.000,0,0
1764009618.909511,15.116,0,0,0.000,0.00000,0.000,0.000,0.000,,,,0.0500,5.000,0,0
1764009618.968159,15.071,0,0,0.000,0.00000,0.000,0.000,0.000,,,,0.0500,5.000,0,0
1764009619.046848,15.020,0,0,0.000,0.00000,0.000,0.000,0.000,,,,0.0500,5.000,0,0
1764009619.143583,10.068,0,0,0.000,0.00000,0.000,0.000,0.000,,,,0.0500,5.000,0,0
1764009619.259956,9.747,0,0,0.000,0.00000,0.000,0.000,0.000,,,,0.0500,5.000,0,0
1764009619.362606,10.080,0,0,0.000,0.00000,0.000,0.000,0.000,,,,0.0500,5.000,0,0
1764009619.446232,9.955,0,0,0.000,0.00000,0.000,0.000,0.000,,,,0.0500,5.000,0,0
1764009619.563803,10.002,0,0,0.000,0.00000,0.000,0.000,0.000,,,,0.0500,5.000,0,0
1764009619.665599,10.117,0,0,0.000,0.00000,0.000,0.000,0.000,,,,0.0500,5.000,0,0
1764009619.770153,9.936,0,0,0.000,0.00000,0.000,0.000,0.000,,,,0.0500,5.000,0,0
1764009619.851018,10.094,0,0,0.000,0.00000,0.000,0.000,0.000,,,,0.0500,5.000,0,0
1764009619.946654,9.834,0,0,0.000,0.00000,0.000,0.000,0.000,,,,0.0500,5.000,0,0
1764009620.064342,9.648,0,0,0.000,0.00000,0.000,0.000,0.000,,,,0.0500,5.000,0,0
1764009620.135151,10.500,0,0,0.000,0.00000,0.000,0.000,0.000,,,,0.0500,5.000,0,0
1764009620.198652,15.001,0,0,0.000,0.00000,0.000,0.000,0.000,,,,0.0500,5.000,0,0
1764009620.275084,15.059,0,0,0.000,0.00000,0.000,0.000,0.000,,,,0.0500,5.000,0,0
1764009620.343947,14.926,0,0,0.000,0.00000,0.000,0.000,0.000,,,,0.0500,5.000,0,0
1764009620.406301,14.998,0,0,0.000,0.00000,0.000,0.000,0.000,,,,0.0500,5.000,0,0
1764009620.465743,15.161,0,0,0.000,0.00000,0.000,0.000,0.000,,,,0.0500,5.000,0,0
1764009620.544346,14.947,0,0,0.000,0.00000,0.000,0.000,0.000,,,,0.0500,5.000,0,0
1764009620.608323,15.079,0,0,0.000,0.00000,0.000,0.000,0.000,,,,0.0500,5.000,0,0
1764009620.665362,14.807,0,0,0.000,0.00000,0.000,0.000,0.000,,,,0.0500,5.000,0,0
1764009620.738825,15.294,0,0,0.000,0.00000,0.000,0.000,0.000,,,,0.0500,5.000,0,0
1764009620.796074,14.856,0,0,0.000,0.00000,0.000,0.000,0.000,,,,0.0500,5.000,0,0
1764009620.858783,15.105,0,0,0.000,0.00000,0.000,0.000,0.000,,,,0.0500,5.000,0,0
1764009620.944560,14.868,0,0,0.000,0.00000,0.000,0.000,0.000,,,,0.0500,5.000,0,0
1764009621.012635,15.097,0,0,0.000,0.00000,0.000,0.000,0.000,,,,0.0500,5.000,0,0
1764009621.069141,15.020,0,0,0.000,0.00000,0.000,0.000,0.000,,,,0.0500,5.000,0,0
1764009621.127333,14.839,0,0,0.000,0.00000,0.000,0.000,0.000,,,,0.0500,5.000,0,0
1764009621.203696,15.227,0,0,0.000,0.00000,0.000,0.000,0.000,,,,0.0500,5.000,0,0
1764009621.262960,14.752,0,0,0.000,0.00000,0.000,0.000,0.000,,,,0.0500,5.000,0,0
1764009621.350134,15.190,0,0,0.000,0.00000,0.000,0.000,0.000,,,,0.0500,5.000,0,0
1764009621.443565,9.932,0,0,0.000,0.00000,0.000,0.000,0.000,,,,0.0500,5.000,0,0
1764009621.490355,15.106,0,0,0.000,0.00000,0.000,0.000,0.000,,,,0.0500,5.000,0,0
1764009621.560492,14.948,0,0,0.000,0.00000,0.000,0.000,0.000,,,,0.0500,5.000,0,0
1764009621.630696,15.088,0,0,0.000,0.00000,0.000,0.000,0.000,,,,0.0500,5.000,0,0
1764009621.700200,14.885,0,0,0.000,0.00000,0.000,0.000,0.000,,,,0.0500,5.000,0,0
1764009621.761701,15.290,0,0,0.000,0.00000,0.000,0.000,0.000,,,,0.0500,5.000,0,0
1764009621.838703,14.877,0,0,0.000,0.00000,0.000,0.000,0.000,,,,0.0500,5.000,0,0
1764009621.903391,14.880,0,0,0.000,0.00000,0.000,0.000,0.000,,,,0.0500,5.000,0,0
1764009621.959845,14.886,0,0,0.000,0.00000,0.000,0.000,0.000,,,,0.0500,5.000,0,0
1764009622.041413,15.179,0,0,0.000,0.00000,0.000,0.000,0.000,,,,0.0500,5.000,0,0
1764009622.094338,15.037,0,0,0.000,0.00000,0.000,0.000,0.000,,,,0.0500,5.000,0,0
1764009622.175713,14.903,0,0,0.000,0.00000,0.000,0.000,0.000,,,,0.0500,5.000,0,0
1764009622.240260,15.211,0,0,0.000,0.00000,0.000,0.000,0.000,,,,0.0500,5.000,0,0
1764009622.315587,14.675,0,0,0.000,0.00000,0.000,0.000,0.000,,,,0.0500,5.000,0,0
1764009622.404720,10.111,0,0,0.000,0.00000,0.000,0.000,0.000,,,,0.0500,5.000,0,0
1764009622.466492,14.914,0,0,0.000,0.00000,0.000,0.000,0.000,,,,0.0500,5.000,0,0
1764009622.534895,15.086,0,0,0.000,0.00000,0.000,0.000,0.000,,,,0.0500,5.000,0,0
1764009622.615087,12.722,0,0,0.000,0.00000,0.000,0.000,0.000,,,,0.0500,5.000,0,0
1764009622.681034,14.838,0,0,0.000,0.00000,0.000,0.000,0.000,,,,0.0500,5.000,0,0
1764009622.747745,15.051,0,0,0.000,0.00000,0.000,0.000,0.000,,,,0.0500,5.000,0,0
1764009622.815087,14.778,0,0,0.000,0.00000,0.000,0.000,0.000,,,,0.0500,5.000,0,0
1764009622.896948,15.253,0,0,0.000,0.00000,0.000,0.000,0.000,,,,0.0500,5.000,0,0
1764009622.982254,10.518,0,0,0.000,0.00000,0.000,0.000,0.000,,,,0.0500,5.000,0,0
1764009623.047029,14.403,0,0,0.000,0.00000,0.000,0.000,0.000,,,,0.0500,5.000,0,0
1764009623.107668,14.983,0,0,0.000,0.00000,0.000,0.000,0.000,,,,0.0500,5.000,0,0
1764009623.167392,15.110,0,0,0.000,0.00000,0.000,0.000,0.000,,,,0.0500,5.000,0,0
1764009623.231626,15.126,0,0,0.000,0.00000,0.000,0.000,0.000,,,,0.0500,5.000,0,0
1764009623.297566,14.772,0,0,0.000,0.00000,0.000,0.000,0.000,,,,0.0500,5.000,0,0
1764009623.382744,15.003,0,0,0.000,0.00000,0.000,0.000,0.000,,,,0.0500,5.000,0,0
1764009623.458510,13.869,0,0,0.000,0.00000,0.000,0.000,0.000,,,,0.0500,5.000,0,0
1764009623.513824,15.446,0,0,0.000,0.00000,0.000,0.000,0.000,,,,0.0500,5.000,0,0
1764009623.575562,15.128,0,0,0.000,0.00000,0.000,0.000,0.000,,,,0.0500,5.000,0,0
1764009623.652877,14.488,0,0,0.000,0.00000,0.000,0.000,0.000,,,,0.0500,5.000,0,0
1764009623.720350,14.972,0,0,0.000,0.00000,0.000,0.000,0.000,,,,0.0500,5.000,0,0
1764009623.817475,14.839,0,0,0.000,0.00000,0.000,0.000,0.000,,,,0.0500,5.000,0,0
1764009623.881953,10.241,0,0,0.000,0.00000,0.000,0.000,0.000,,,,0.0500,5.000,0,0
1764009623.943866,15.446,0,0,0.000,0.00000,0.000,0.000,0.000,,,,0.0500,5.000,0,0
1764009624.005901,15.263,0,0,0.000,0.00000,0.000,0.000,0.000,,,,0.0500,5.000,0,0
1764009624.069580,15.363,0,0,0.000,0.00000,0.000,0.000,0.000,,,,0.0500,5.000,0,0
1764009624.157232,13.683,0,0,0.000,0.00000,0.000,0.000,0.000,,,,0.0500,5.000,0,0
1764009624.216502,15.385,0,0,0.000,0.00000,0.000,0.000,0.000,,,,0.0500,5.000,0,0
1764009624.293705,15.127,0,0,0.000,0.00000,0.000,0.000,0.000,,,,0.0500,5.000,0,0
1764009624.385889,9.668,0,0,0.000,0.00000,0.000,0.000,0.000,,,,0.0500,5.000,0,0
1764009624.446460,15.882,0,0,0.000,0.00000,0.000,0.000,0.000,,,,0.0500,5.000,0,0
1764009624.524243,14.116,0,0,0.000,0.00000,0.000,0.000,0.000,,,,0.0500,5.000,0,0
1764009624.585298,15.213,0,0,0.000,0.00000,0.000,0.000,0.000,,,,0.0500,5.000,0,0
1764009624.656370,15.595,0,0,0.000,0.00000,0.000,0.000,0.000,,,,0.0500,5.000,0,0
1764009624.745059,10.195,0,0,0.000,0.00000,0.000,0.000,0.000,,,,0.0500,5.000,0,0
1764009624.812620,14.899,0,0,0.000,0.00000,0.000,0.000,0.000,,,,0.0500,5.000,0,0
1764009624.870158,15.633,0,0,0.000,0.00000,0.000,0.000,0.000,,,,0.0500,5.000,0,0
1764009624.949241,14.485,0,0,0.000,0.00000,0.000,0.000,0.000,,,,0.0500,5.000,0,0
1764009625.008721,15.591,0,0,0.000,0.00000,0.000,0.000,0.000,,,,0.0500,5.000,0,0
1764009625.079936,13.911,0,0,0.000,0.00000,0.000,0.000,0.000,,,,0.0500,5.000,0,0
1764009625.150884,14.909,0,0,0.000,0.00000,0.000,0.000,0.000,,,,0.0500,5.000,0,0
1764009625.221826,14.445,0,0,0.000,0.00000,0.000,0.000,0.000,,,,0.0500,5.000,0,0
1764009625.287782,15.462,0,0,0.000,0.00000,0.000,0.000,0.000,,,,0.0500,5.000,0,0
1764009625.350321,15.518,0,0,0.000,0.00000,0.000,0.000,0.000,,,,0.0500,5.000,0,0
1764009625.433446,15.074,0,0,0.000,0.00000,0.000,0.000,0.000,,,,0.0500,5.000,0,0
1764009625.508907,10.260,0,0,0.000,0.00000,0.000,0.000,0.000,,,,0.0500,5.000,0,0
1764009625.585217,14.580,0,0,0.000,0.00000,0.000,0.000,0.000,,,,0.0500,5.000,0,0
1764009625.655098,15.428,0,0,0.000,0.00000,0.000,0.000,0.000,,,,0.0500,5.000,0,0
1764009625.716080,14.787,0,0,0.000,0.00000,0.000,0.000,0.000,,,,0.0500,5.000,0,0
1764009625.776162,15.520,0,0,0.000,0.00000,0.000,0.000,0.000,,,,0.0500,5.000,0,0
1764009625.834440,15.127,0,0,0.000,0.00000,0.000,0.000,0.000,,,,0.0500,5.000,0,0
1764009625.919332,14.153,0,0,0.000,0.00000,0.000,0.000,0.000,,,,0.0500,5.000,0,0
1764009625.986255,14.971,0,0,0.000,0.00000,0.000,0.000,0.000,,,,0.0500,5.000,0,0
1764009626.057676,15.252,0,0,0.000,0.00000,0.000,0.000,0.000,,,,0.0500,5.000,0,0
1764009626.123835,14.476,0,0,0.000,0.00000,0.000,0.000,0.000,,,,0.0500,5.000,0,0
1764009626.186877,14.979,0,0,0.000,0.00000,0.000,0.000,0.000,,,,0.0500,5.000,0,0
1764009626.250851,14.902,0,0,0.000,0.00000,0.000,0.000,0.000,,,,0.0500,5.000,0,0
1764009626.316034,15.755,0,0,0.000,0.00000,0.000,0.000,0.000,,,,0.0500,5.000,0,0
1764009626.384239,15.209,0,0,0.000,0.00000,0.000,0.000,0.000,,,,0.0500,5.000,0,0
1764009626.478331,11.007,0,0,0.000,0.00000,0.000,0.000,0.000,,,,0.0500,5.000,0,0
1764009626.538136,12.987,0,0,0.000,0.00000,0.000,0.000,0.000,,,,0.0500,5.000,0,0
1764009626.645362,10.130,0,0,0.000,0.00000,0.000,0.000,0.000,,,,0.0500,5.000,0,0
1764009626.711242,14.848,0,0,0.000,0.00000,0.000,0.000,0.000,,,,0.0500,5.000,0,0
1764009626.793490,14.740,0,0,0.000,0.00000,0.000,0.000,0.000,,,,0.0500,5.000,0,0
1764009626.893064,10.058,0,0,0.000,0.00000,0.000,0.000,0.000,,,,0.0500,5.000,0,0
1764009626.982451,10.006,0,0,0.000,0.00000,0.000,0.000,0.000,,,,0.0500,5.000,0,0
1764009627.050714,14.999,0,0,0.000,0.00000,0.000,0.000,0.000,,,,0.0500,5.000,0,0
1764009627.110447,15.156,0,0,0.000,0.00000,0.000,0.000,0.000,,,,0.0500,5.000,0,0
1764009627.174176,14.965,0,0,0.000,0.00000,0.000,0.000,0.000,,,,0.0500,5.000,0,0
1764009627.248005,15.272,0,0,0.000,0.00000,0.000,0.000,0.000,,,,0.0500,5.000,0,0
1764009627.312665,15.238,0,0,0.000,0.00000,0.000,0.000,0.000,,,,0.0500,5.000,0,0
1764009627.378988,14.580,0,0,0.000,0.00000,0.000,0.000,0.000,,,,0.0500,5.000,0,0
1764009627.444952,14.464,0,0,0.000,0.00000,0.000,0.000,0.000,,,,0.0500,5.000,0,0
1764009627.525849,15.094,0,0,0.000,0.00000,0.000,0.000,0.000,,,,0.0500,5.000,0,0
1764009627.616023,9.927,0,0,0.000,0.00000,0.000,0.000,0.000,,,,0.0500,5.000,0,0
1764009627.686173,14.970,0,0,0.000,0.00000,0.000,0.000,0.000,,,,0.0500,5.000,0,0
1764009627.743927,15.171,0,0,0.000,0.00000,0.000,0.000,0.000,,,,0.0500,5.000,0,0
1764009627.802861,15.385,0,0,0.000,0.00000,0.000,0.000,0.000,,,,0.0500,5.000,0,0
1764009627.879803,14.340,0,0,0.000,0.00000,0.000,0.000,0.000,,,,0.0500,5.000,0,0
1764009627.959106,15.100,0,0,0.000,0.00000,0.000,0.000,0.000,,,,0.0500,5.000,0,0
1764009628.015817,15.356,0,0,0.000,0.00000,0.000,0.000,0.000,,,,0.0500,5.000,0,0
1764009628.078192,15.201,0,0,0.000,0.00000,0.000,0.000,0.000,,,,0.0500,5.000,0,0
1764009628.141816,15.236,0,0,0.000,0.00000,0.000,0.000,0.000,,,,0.0500,5.000,0,0
1764009628.210902,15.102,0,0,0.000,0.00000,0.000,0.000,0.000,,,,0.0500,5.000,0,0
1764009628.280080,14.578,0,0,0.000,0.00000,0.000,0.000,0.000,,,,0.0500,5.000,0,0
1764009628.345580,14.676,0,0,0.000,0.00000,0.000,0.000,0.000,,,,0.0500,5.000,0,0
1764009628.422807,14.097,0,0,0.000,0.00000,0.000,0.000,0.000,,,,0.0500,5.000,0,0
1764009628.482689,15.980,0,0,0.000,0.00000,0.000,0.000,0.000,,,,0.0500,5.000,0,0
1764009628.575358,13.707,0,0,0.000,0.00000,0.000,0.000,0.000,,,,0.0500,5.000,0,0
1764009628.666952,10.580,0,0,0.000,0.00000,0.000,0.000,0.000,,,,0.0500,5.000,0,0
1764009628.749087,10.242,0,0,0.000,0.00000,0.000,0.000,0.000,,,,0.0500,5.000,0,0
1764009628.836447,14.362,0,0,0.000,0.00000,0.000,0.000,0.000,,,,0.0500,5.000,0,0
1764009628.921316,10.215,0,0,0.000,0.00000,0.000,0.000,0.000,,,,0.0500,5.000,0,0
1764009628.974911,15.100,0,0,0.000,0.00000,0.000,0.000,0.000,,,,0.0500,5.000,0,0
1764009629.055902,14.260,0,0,0.000,0.00000,0.000,0.000,0.000,,,,0.0500,5.000,0,0
1764009629.116705,14.256,0,0,0.000,0.00000,0.000,0.000,0.000,,,,0.0500,5.000,0,0
1764009629.180910,15.747,0,0,0.000,0.00000,0.000,0.000,0.000,,,,0.0500,5.000,0,0
1764009629.258524,15.260,0,0,0.000,0.00000,0.000,0.000,0.000,,,,0.0500,5.000,0,0
1764009629.327870,15.229,0,0,0.000,0.00000,0.000,0.000,0.000,,,,0.0500,5.000,0,0
1764009629.393606,14.929,0,0,0.000,0.00000,0.000,0.000,0.000,,,,0.0500,5.000,0,0
1764009629.455777,13.974,0,0,0.000,0.00000,0.000,0.000,0.000,,,,0.0500,5.000,0,0
1764009629.525199,15.297,0,0,0.000,0.00000,0.000,0.000,0.000,,,,0.0500,5.000,0,0
1764009629.579632,16.401,0,0,0.000,0.00000,0.000,0.000,0.000,,,,0.0500,5.000,0,0
1764009629.638595,14.956,0,0,0.000,0.00000,0.000,0.000,0.000,,,,0.0500,5.000,0,0
1764009629.726266,13.667,0,0,0.000,0.00000,0.000,0.000,0.000,,,,0.0500,5.000,0,0
1764009629.778056,16.227,0,0,0.000,0.00000,0.000,0.000,0.000,,,,0.0500,5.000,0,0
1764009629.858232,14.258,0,0,0.000,0.00000,0.000,0.000,0.000,,,,0.0500,5.000,0,0
1764009629.933105,15.370,0,0,0.000,0.00000,0.000,0.000,0.000,,,,0.0500,5.000,0,0
1764009630.024861,10.202,0,0,0.000,0.00000,0.000,0.000,0.000,,,,0.0500,5.000,0,0
1764009630.098028,14.405,0,0,0.000,0.00000,0.000,0.000,0.000,,,,0.0500,5.000,0,0
1764009630.188606,10.247,0,0,0.000,0.00000,0.000,0.000,0.000,,,,0.0500,5.000,0,0
1764009630.251359,14.996,0,0,0.000,0.00000,0.000,0.000,0.000,,,,0.0500,5.000,0,0
1764009630.321694,14.693,0,0,0.000,0.00000,0.000,0.000,0.000,,,,0.0500,5.000,0,0
1764009630.384661,15.210,0,0,0.000,0.00000,0.000,0.000,0.000,,,,0.0500,5.000,0,0
1764009630.456980,15.505,0,0,0.000,0.00000,0.000,0.000,0.000,,,,0.0500,5.000,0,0
1764009630.520653,13.871,0,0,0.000,0.00000,0.000,0.000,0.000,,,,0.0500,5.000,0,0
1764009630.577553,16.621,0,0,0.000,0.00000,0.000,0.000,0.000,,,,0.0500,5.000,0,0
1764009630.663235,13.762,0,0,0.000,0.00000,0.000,0.000,0.000,,,,0.0500,5.000,0,0
1764009630.752307,10.537,0,0,0.000,0.00000,0.000,0.000,0.000,,,,0.0500,5.000,0,0
1764009630.830487,14.314,0,0,0.000,0.00000,0.000,0.000,0.000,,,,0.0500,5.000,0,0
1764009630.927802,9.994,0,0,0.000,0.00000,0.000,0.000,0.000,,,,0.0500,5.000,0,0
1764009631.006694,14.432,0,0,0.000,0.00000,0.000,0.000,0.000,,,,0.0500,5.000,0,0
1764009631.106605,10.260,0,0,0.000,0.00000,0.000,0.000,0.000,,,,0.0500,5.000,0,0
1764009631.175685,10.316,0,0,0.000,0.00000,0.000,0.000,0.000,,,,0.0500,5.000,0,0
1764009631.249549,14.827,0,0,0.000,0.00000,0.000,0.000,0.000,,,,0.0500,5.000,0,0
1764009631.313241,15.299,0,0,0.000,0.00000,0.000,0.000,0.000,,,,0.0500,5.000,0,0
1764009631.381941,15.229,0,0,0.000,0.00000,0.000,0.000,0.000,,,,0.0500,5.000,0,0
1764009631.445402,14.708,0,0,0.000,0.00000,0.000,0.000,0.000,,,,0.0500,5.000,0,0
1764009631.521141,14.524,0,0,0.000,0.00000,0.000,0.000,0.000,,,,0.0500,5.000,0,0
1764009631.589449,14.745,0,0,0.000,0.00000,0.000,0.000,0.000,,,,0.0500,5.000,0,0
1764009631.664726,14.236,0,0,0.000,0.00000,0.000,0.000,0.000,,,,0.0500,5.000,0,0
1764009631.766270,10.353,0,0,0.000,0.00000,0.000,0.000,0.000,,,,0.0500,5.000,0,0
1764009631.868750,9.746,0,0,0.000,0.00000,0.000,0.000,0.000,,,,0.0500,5.000,0,0
1764009631.980109,10.452,0,0,0.000,0.00000,0.000,0.000,0.000,,,,0.0500,5.000,0,0
1764009632.069537,10.174,0,0,0.000,0.00000,0.000,0.000,0.000,,,,0.0500,5.000,0,0
1764009632.154601,9.868,0,0,0.000,0.00000,0.000,0.000,0.000,,,,0.0500,5.000,0,0
1764009632.212450,15.513,0,0,0.000,0.00000,0.000,0.000,0.000,,,,0.0500,5.000,0,0
1764009632.290519,13.426,0,0,0.000,0.00000,0.000,0.000,0.000,,,,0.0500,5.000,0,0
1764009632.349935,16.302,0,0,0.000,0.00000,0.000,0.000,0.000,,,,0.0500,5.000,0,0
1764009632.419898,15.374,0,0,0.000,0.00000,0.000,0.000,0.000,,,,0.0500,5.000,0,0
1764009632.503604,13.867,0,0,0.000,0.00000,0.000,0.000,0.000,,,,0.0500,5.000,0,0
1764009632.590522,10.576,0,0,0.000,0.00000,0.000,0.000,0.000,,,,0.0500,5.000,0,0
1764009632.658307,14.474,0,0,0.000,0.00000,0.000,0.000,0.000,,,,0.0500,5.000,0,0
1764009632.727797,15.186,0,0,0.000,0.00000,0.000,0.000,0.000,,,,0.0500,5.000,0,0
1764009632.819240,10.179,0,0,0.000,0.00000,0.000,0.000,0.000,,,,0.0500,5.000,0,0
1764009632.880353,14.997,0,0,0.000,0.00000,0.000,0.000,0.000,,,,0.0500,5.000,0,0
1764009632.947980,15.010,0,0,0.000,0.00000,0.000,0.000,0.000,,,,0.0500,5.000,0,0
1764009633.020242,15.038,0,0,0.000,0.00000,0.000,0.000,0.000,,,,0.0500,5.000,0,0
1764009633.085709,14.855,0,0,0.000,0.00000,0.000,0.000,0.000,,,,0.0500,5.000,0,0
1764009633.166101,14.369,0,0,0.000,0.00000,0.000,0.000,0.000,,,,0.0500,5.000,0,0
1764009633.266169,10.178,0,0,0.000,0.00000,0.000,0.000,0.000,,,,0.0500,5.000,0,0
1764009633.370174,10.200,0,0,0.000,0.00000,0.000,0.000,0.000,,,,0.0500,5.000,0,0
1764009633.469236,9.669,0,0,0.000,0.00000,0.000,0.000,0.000,,,,0.0500,5.000,0,0
1764009633.567257,10.169,0,0,0.000,0.00000,0.000,0.000,0.000,,,,0.0500,5.000,0,0
1764009633.651640,10.349,0,0,0.000,0.00000,0.000,0.000,0.000,,,,0.0500,5.000,0,0
1764009633.734669,13.992,0,0,0.000,0.00000,0.000,0.000,0.000,,,,0.0500,5.000,0,0
1764009633.828917,10.127,0,0,0.000,0.00000,0.000,0.000,0.000,,,,0.0500,5.000,0,0
1764009633.931140,9.911,0,0,0.000,0.00000,0.000,0.000,0.000,,,,0.0500,5.000,0,0
1764009634.031068,10.018,0,0,0.000,0.00000,0.000,0.000,0.000,,,,0.0500,5.000,0,0
1764009634.130844,9.961,0,0,0.000,0.00000,0.000,0.000,0.000,,,,0.0500,5.000,0,0
1764009634.229188,9.871,0,0,0.000,0.00000,0.000,0.000,0.000,,,,0.0500,5.000,0,0
1764009634.303575,14.499,0,0,0.000,0.00000,0.000,0.000,0.000,,,,0.0500,5.000,0,0
1764009634.409238,10.048,0,0,0.000,0.00000,0.000,0.000,0.000,,,,0.0500,5.000,0,0
1764009634.479768,10.865,0,0,0.000,0.00000,0.000,0.000,0.000,,,,0.0500,5.000,0,0
1764009634.563677,13.452,0,0,0.000,0.00000,0.000,0.000,0.000,,,,0.0500,5.000,0,0
1764009634.661253,10.053,0,0,0.000,0.00000,0.000,0.000,0.000,,,,0.0500,5.000,0,0
1764009634.732643,14.318,0,0,0.000,0.00000,0.000,0.000,0.000,,,,0.0500,5.000,0,0
1764009634.981087,10.702,0,0,0.000,0.00000,0.000,0.000,0.000,,,,0.0500,5.000,0,0
1764009635.144367,4.161,0,0,0.000,0.00000,0.000,0.000,0.000,,,,0.0500,5.000,0,0
1764009635.268275,6.098,0,0,0.000,0.00000,0.000,0.000,0.000,,,,0.0500,5.000,0,0
1764009635.372616,7.542,0,0,0.000,0.00000,0.000,0.000,0.000,,,,0.0500,5.000,0,0
1764009635.471478,10.057,0,0,0.000,0.00000,0.000,0.000,0.000,,,,0.0500,5.000,0,0
1764009635.571888,9.904,0,0,0.000,0.00000,0.000,0.000,0.000,,,,0.0500,5.000,0,0
1764009635.680881,9.845,0,0,0.000,0.00000,0.000,0.000,0.000,,,,0.0500,5.000,0,0
1764009635.777082,9.994,0,0,0.000,0.00000,0.000,0.000,0.000,,,,0.0500,5.000,0,0
1764009635.881044,10.145,0,0,0.000,0.00000,0.000,0.000,0.000,,,,0.0500,5.000,0,0
1764009635.982018,9.950,0,0,0.000,0.00000,0.000,0.000,0.000,,,,0.0500,5.000,0,0
1764009636.063808,9.991,0,0,0.000,0.00000,0.000,0.000,0.000,,,,0.0500,5.000,1,0
1764009636.178615,9.772,0,0,0.000,0.00000,0.000,0.000,0.000,,,,0.0500,5.000,1,0
1764009636.256480,10.079,0,0,0.000,0.00000,0.000,0.000,0.000,,,,0.0500,5.000,1,0
1764009636.320699,15.400,0,0,0.000,0.00000,0.000,0.000,0.000,,,,0.0500,5.000,1,0
1764009636.385844,15.016,0,0,0.000,0.00000,0.000,0.000,0.000,,,,0.0500,5.000,1,0
1764009636.454724,14.826,0,0,0.000,0.00000,0.000,0.000,0.000,,,,0.0500,5.000,1,0
1764009636.516955,15.852,0,0,0.000,0.00000,0.000,0.000,0.000,,,,0.0500,5.000,1,0
1764009636.593918,13.750,0,0,0.000,0.00000,0.000,0.000,0.000,,,,0.0500,5.000,1,0
1764009636.659296,14.786,0,0,0.000,0.00000,0.000,0.000,0.000,,,,0.0500,5.000,1,0
1764009636.722391,15.581,0,0,0.000,0.00000,0.000,0.000,0.000,,,,0.0500,5.000,1,0
1764009636.789446,15.173,0,0,0.000,0.00000,0.000,0.000,0.000,,,,0.0500,5.000,1,0
1764009636.857248,15.139,0,0,0.000,0.00000,0.000,0.000,0.000,,,,0.0500,5.000,1,0
1764009636.929768,14.181,0,0,0.000,0.00000,0.000,0.000,0.000,,,,0.0500,5.000,1,0
1764009636.987989,15.516,0,0,0.000,0.00000,0.000,0.000,0.000,,,,0.0500,5.000,1,0
1764009637.062758,14.598,0,0,0.000,0.00000,0.000,0.000,0.000,,,,0.0500,5.000,1,0
1764009637.119646,15.879,0,0,0.000,0.00000,0.000,0.000,0.000,,,,0.0500,5.000,1,0
1764009637.188877,14.522,0,0,0.000,0.00000,0.000,0.000,0.000,,,,0.0500,5.000,1,0
1764009637.260300,14.404,0,0,0.000,0.00000,0.000,0.000,0.000,,,,0.0500,5.000,1,0
1764009637.325996,15.434,0,0,0.000,0.00000,0.000,0.000,0.000,,,,0.0500,5.000,1,0
1764009637.388330,16.027,0,0,0.000,0.00000,0.000,0.000,0.000,,,,0.0500,5.000,1,0
1764009637.458635,14.234,0,0,0.000,0.00000,0.000,0.000,0.000,,,,0.0500,5.000,1,0
1764009637.527562,14.766,0,0,0.000,0.00000,0.000,0.000,0.000,,,,0.0500,5.000,1,0
1764009637.593790,15.114,0,0,0.000,0.00000,0.000,0.000,0.000,,,,0.0500,5.000,1,0
1764009637.658751,14.738,0,0,0.000,0.00000,0.000,0.000,0.000,,,,0.0500,5.000,1,0
1764009637.725488,15.169,0,0,0.000,0.00000,0.000,0.000,0.000,,,,0.0500,5.000,1,0
1764009637.793100,14.774,0,0,0.000,0.00000,0.000,0.000,0.000,,,,0.0500,5.000,1,0
1764009637.857594,15.981,0,0,0.000,0.00000,0.000,0.000,0.000,,,,0.0500,5.000,1,0
1764009637.926310,14.387,0,0,0.000,0.00000,0.000,0.000,0.000,,,,0.0500,5.000,1,0
1764009637.995171,15.072,0,0,0.000,0.00000,0.000,0.000,0.000,,,,0.0500,5.000,1,0
1764009638.058537,15.137,0,0,0.000,0.00000,0.000,0.000,0.000,,,,0.0500,5.000,1,0
1764009638.125042,15.136,0,0,0.000,0.00000,0.000,0.000,0.000,,,,0.0500,5.000,1,0
1764009638.192439,14.819,0,0,0.000,0.00000,0.000,0.000,0.000,,,,0.0500,5.000,1,0
1764009638.261298,14.767,0,0,0.000,0.00000,0.000,0.000,0.000,,,,0.0500,5.000,1,0
1764009638.328459,14.919,0,0,0.000,0.00000,0.000,0.000,0.000,,,,0.0500,5.000,1,0
1764009638.391628,15.488,0,0,0.000,0.00000,0.000,0.000,0.000,,,,0.0500,5.000,1,0
1764009638.459884,14.970,0,0,0.000,0.00000,0.000,0.000,0.000,,,,0.0500,5.000,1,0
1764009638.530250,14.202,0,0,0.000,0.00000,0.000,0.000,0.000,,,,0.0500,5.000,1,0
1764009638.593124,15.611,0,0,0.000,0.00000,0.000,0.000,0.000,,,,0.0500,5.000,1,0
1764009638.656819,15.268,0,0,0.000,0.00000,0.000,0.000,0.000,,,,0.0500,5.000,1,0
1764009638.721591,15.155,0,0,0.000,0.00000,0.000,0.000,0.000,,,,0.0500,5.000,1,0
1764009638.792671,14.566,0,0,0.000,0.00000,0.000,0.000,0.000,,,,0.0500,5.000,1,0
1764009638.859475,15.026,0,0,0.000,0.00000,0.000,0.000,0.000,,,,0.0500,5.000,1,0
1764009638.924698,15.120,0,0,0.000,0.00000,0.000,0.000,0.000,,,,0.0500,5.000,1,0
1764009638.990316,15.298,0,0,0.000,0.00000,0.000,0.000,0.000,,,,0.0500,5.000,1,0
1764009639.059758,14.479,0,0,0.000,0.00000,0.000,0.000,0.000,,,,0.0500,5.000,1,0
1764009639.123263,15.361,0,0,0.000,0.00000,0.000,0.000,0.000,,,,0.0500,5.000,1,0
1764009639.196720,14.599,0,0,0.000,0.00000,0.000,0.000,0.000,,,,0.0500,5.000,1,0
1764009639.255557,15.555,0,0,0.000,0.00000,0.000,0.000,0.000,,,,0.0500,5.000,1,0
1764009639.327263,14.766,0,0,0.000,0.00000,0.000,0.000,0.000,,,,0.0500,5.000,1,0
1764009639.386493,15.450,0,0,0.000,0.00000,0.000,0.000,0.000,,,,0.0500,5.000,1,0
1764009639.458181,14.516,0,0,0.000,0.00000,0.000,0.000,0.000,,,,0.0500,5.000,1,0
1764009639.525760,15.009,0,0,0.000,0.00000,0.000,0.000,0.000,,,,0.0500,5.000,1,0
1764009639.591981,14.719,0,0,0.000,0.00000,0.000,0.000,0.000,,,,0.0500,5.000,1,0
1764009639.658466,15.490,0,0,0.000,0.00000,0.000,0.000,0.000,,,,0.0500,5.000,1,0
1764009639.723217,15.056,0,0,0.000,0.00000,0.000,0.000,0.000,,,,0.0500,5.000,1,0
1764009639.791074,14.782,0,0,0.000,0.00000,0.000,0.000,0.000,,,,0.0500,5.000,1,0
1764009639.855935,15.496,0,0,0.000,0.00000,0.000,0.000,0.000,,,,0.0500,5.000,1,0
1764009639.931335,14.464,0,0,0.000,0.00000,0.000,0.000,0.000,,,,0.0500,5.000,1,0
1764009639.991723,15.311,0,0,0.000,0.00000,0.000,0.000,0.000,,,,0.0500,5.000,1,0
1764009640.055285,15.451,0,0,0.000,0.00000,0.000,0.000,0.000,,,,0.0500,5.000,1,0
1764009640.125358,14.590,0,0,0.000,0.00000,0.000,0.000,0.000,,,,0.0500,5.000,1,0
1764009640.198503,15.581,0,0,0.000,0.00000,0.000,0.000,0.000,,,,0.0500,5.000,1,0
1764009640.263465,14.400,0,0,0.000,0.00000,0.000,0.000,0.000,,,,0.0500,5.000,1,0
1764009640.323421,15.347,0,0,0.000,0.00000,0.000,0.000,0.000,,,,0.0500,5.000,1,0
1764009640.396566,15.029,0,0,0.000,0.00000,0.000,0.000,0.000,,,,0.0500,5.000,1,0
1764009640.464780,15.229,0,0,0.000,0.00000,0.000,0.000,0.000,,,,0.0500,5.000,1,0
1764009640.532543,14.131,0,0,0.000,0.00000,0.000,0.000,0.000,,,,0.0500,5.000,1,0
1764009640.622499,10.486,0,0,0.000,0.00000,0.000,0.000,0.000,,,,0.0500,5.000,1,0
1764009640.690674,14.504,0,0,0.000,0.00000,0.000,0.000,0.000,,,,0.0500,5.000,1,0
1764009640.755588,15.305,0,0,0.000,0.00000,0.000,0.000,0.000,,,,0.0500,5.000,1,0
1764009640.823272,14.820,0,0,0.000,0.00000,0.000,0.000,0.000,,,,0.0500,5.000,1,0
1764009640.899065,14.660,0,0,0.000,0.00000,0.000,0.000,0.000,,,,0.0500,5.000,1,0
1764009640.991815,10.355,0,0,0.000,0.00000,0.000,0.000,0.000,,,,0.0500,5.000,1,0
1764009641.062860,14.542,0,0,0.000,0.00000,0.000,0.000,0.000,,,,0.0500,5.000,1,0
1764009641.133468,14.852,0,0,0.000,0.00000,0.000,0.000,0.000,,,,0.0500,5.000,1,0
1764009641.223138,10.310,0,0,0.000,0.00000,0.000,0.000,0.000,,,,0.0500,5.000,1,0
1764009641.292940,14.063,0,0,0.000,0.00000,0.000,0.000,0.000,,,,0.0500,5.000,1,0
1764009641.358263,15.581,0,0,0.000,0.00000,0.000,0.000,0.000,,,,0.0500,5.000,1,0
1764009641.421114,15.115,0,0,0.000,0.00000,0.000,0.000,0.000,,,,0.0500,5.000,1,0
1764009641.505605,14.327,0,0,0.000,0.00000,0.000,0.000,0.000,,,,0.0500,5.000,0,0
1764009641.616251,10.180,0,0,0.000,0.00000,0.000,0.000,0.000,,,,0.0500,5.000,1,0
1764009641.714514,9.738,0,0,0.000,0.00000,0.000,0.000,0.000,,,,0.0500,5.000,0,0
1764009641.823209,10.309,0,0,0.000,0.00000,0.000,0.000,0.000,,,,0.0500,5.000,0,0
1764009641.913652,10.080,0,0,0.000,0.00000,0.000,0.000,0.000,,,,0.0500,5.000,0,0
1764009642.002317,10.057,0,0,0.000,0.00000,0.000,0.000,0.000,,,,0.0500,5.000,0,0
1764009642.095866,9.836,0,0,0.000,0.00000,0.000,0.000,0.000,,,,0.0500,5.000,0,0
1764009642.141286,15.770,0,0,0.000,0.00000,0.000,0.000,0.000,,,,0.0500,5.000,0,0
1764009642.202486,14.656,0,0,0.000,0.00000,0.000,0.000,0.000,,,,0.0500,5.000,0,0
1764009642.313046,13.503,0,0,0.000,0.00000,0.000,0.000,0.000,,,,0.0500,5.000,0,0
1764009642.398785,10.813,0,0,0.000,0.00000,0.000,0.000,0.000,,,,0.0500,5.000,0,0
1764009642.465082,14.661,0,0,0.000,0.00000,0.000,0.000,0.000,,,,0.0500,5.000,0,0
1764009642.548249,10.526,0,0,0.000,0.00000,0.000,0.000,0.000,,,,0.0500,5.000,0,0
1764009642.611861,14.089,0,0,0.000,0.00000,0.000,0.000,0.000,,,,0.0500,5.000,0,0
1764009642.684251,15.223,0,0,0.000,0.00000,0.000,0.000,0.000,,,,0.0500,5.000,0,0
1764009642.743667,14.859,0,0,0.000,0.00000,0.000,0.000,0.000,,,,0.0500,5.000,0,0
1764009642.804572,15.608,0,0,0.000,0.00000,0.000,0.000,0.000,,,,0.0500,5.000,0,0
1764009642.873543,14.688,0,0,0.000,0.00000,0.000,0.000,0.000,,,,0.0500,5.000,0,0
1764009642.942466,14.878,0,0,0.000,0.00000,0.000,0.000,0.000,,,,0.0500,5.000,0,0
1764009643.018034,14.427,0,0,0.000,0.00000,0.000,0.000,0.000,,,,0.0500,5.000,0,0
1764009643.086850,15.034,0,0,0.000,0.00000,0.000,0.000,0.000,,,,0.0500,5.000,0,0
1764009643.158859,14.786,0,0,0.000,0.00000,0.000,0.000,0.000,,,,0.0500,5.000,0,0
1764009643.221063,15.726,0,0,0.000,0.00000,0.000,0.000,0.000,,,,0.0500,5.000,1,0
1764009643.284442,15.022,0,0,0.000,0.00000,0.000,0.000,0.000,,,,0.0500,5.000,1,0
1764009643.349834,15.363,0,0,0.000,0.00000,0.000,0.000,0.000,,,,0.0500,5.000,1,0
1764009643.416453,15.181,0,0,0.000,0.00000,0.000,0.000,0.000,,,,0.0500,5.000,1,0
1764009643.484207,14.822,0,0,0.000,0.00000,0.000,0.000,0.000,,,,0.0500,5.000,1,0
1764009643.550839,15.043,0,0,0.000,0.00000,0.000,0.000,0.000,,,,0.0500,5.000,1,0
1764009643.622089,14.652,0,0,0.000,0.00000,0.000,0.000,0.000,,,,0.0500,5.000,1,0
1764009643.695543,14.682,0,0,0.000,0.00000,0.000,0.000,0.000,,,,0.0500,5.000,1,0
1764009643.758881,15.817,0,0,0.000,0.00000,0.000,0.000,0.000,,,,0.0500,5.000,1,0
1764009643.826356,14.246,0,0,0.000,0.00000,0.000,0.000,0.000,,,,0.0500,5.000,1,0
1764009643.886297,15.678,0,0,0.000,0.00000,0.000,0.000,0.000,,,,0.0500,5.000,0,0
1764009643.963107,14.758,0,0,0.000,0.00000,0.000,0.000,0.000,,,,0.0500,5.000,0,0
1764009644.029873,14.892,0,0,0.000,0.00000,0.000,0.000,0.000,,,,0.0500,5.000,0,0
1764009644.124514,14.586,0,0,0.000,0.00000,0.000,0.000,0.000,,,,0.0500,5.000,1,0
1764009644.211801,10.393,0,0,0.000,0.00000,0.000,0.000,0.000,,,,0.0500,5.000,1,0
1764009644.298410,10.103,0,0,0.000,0.00000,0.000,0.000,0.000,,,,0.0500,5.000,1,0
1764009644.394635,10.150,0,0,0.000,0.00000,0.000,0.000,0.000,,,,0.0500,5.000,1,0
1764009644.465569,14.522,0,0,0.000,0.00000,0.000,0.000,0.000,,,,0.0500,5.000,1,0
1764009644.534035,14.275,0,0,0.000,0.00000,0.000,0.000,0.000,,,,0.0500,5.000,1,0
1764009644.627175,12.163,0,0,0.000,0.00000,0.000,0.000,0.000,,,,0.0500,5.000,1,0
1764009644.699174,11.919,0,0,0.000,0.00000,0.000,0.000,0.000,,,,0.0500,5.000,1,0
1764009644.795708,10.313,0,0,0.000,0.00000,0.000,0.000,0.000,,,,0.0500,5.000,1,0
1764009644.865056,14.409,0,0,0.000,0.00000,0.000,0.000,0.000,,,,0.0500,5.000,1,0
1764009644.958046,10.171,0,0,0.000,0.00000,0.000,0.000,0.000,,,,0.0500,5.000,1,0
1764009645.031930,15.191,0,0,0.000,0.00000,0.000,0.000,0.000,,,,0.0500,5.000,1,0
1764009645.127163,9.904,0,0,0.000,0.00000,0.000,0.000,0.000,,,,0.0500,5.000,1,0
1764009645.203307,14.688,0,0,0.000,0.00000,0.000,0.000,0.000,,,,0.0500,5.000,1,0
1764009645.291807,10.282,0,0,0.000,0.00000,0.000,0.000,0.000,,,,0.0500,5.000,1,0
1764009645.352893,15.352,0,0,0.000,0.00000,0.000,0.000,0.000,,,,0.0500,5.000,1,0
1764009645.417615,14.443,0,0,0.000,0.00000,0.000,0.000,0.000,,,,0.0500,5.000,0,0
1764009645.487577,15.175,0,0,0.000,0.00000,0.000,0.000,0.000,,,,0.0500,5.000,0,0
1764009645.557140,15.429,0,0,0.000,0.00000,0.000,0.000,0.000,,,,0.0500,5.000,1,0
1764009645.681116,10.081,0,0,0.000,0.00000,0.000,0.000,0.000,,,,0.0500,5.000,0,0
1764009645.769577,9.564,0,0,0.000,0.00000,0.000,0.000,0.000,,,,0.0500,5.000,0,0
1764009645.887069,9.425,0,0,0.000,0.00000,0.000,0.000,0.000,,,,0.0500,5.000,0,0
1764009645.974869,10.430,0,0,0.000,0.00000,0.000,0.000,0.000,,,,0.0500,5.000,0,0
1764009646.028226,10.177,0,0,0.000,0.00000,0.000,0.000,0.000,,,,0.0500,5.000,0,0
1764009646.084424,28.528,0,0,0.000,0.00000,0.000,0.000,0.000,,,,0.0500,5.000,0,0
1764009646.229085,15.146,0,0,0.000,0.00000,0.000,0.000,0.000,,,,0.0500,5.000,0,0
1764009646.303368,6.111,0,0,0.000,0.00000,0.000,0.000,0.000,,,,0.0500,5.000,0,0
1764009646.372234,15.025,0,0,0.000,0.00000,0.000,0.000,0.000,,,,0.0500,5.000,0,0
1764009646.447397,14.041,0,0,0.000,0.00000,0.000,0.000,0.000,,,,0.0500,5.000,0,0
1764009646.512882,15.919,0,0,0.000,0.00000,0.000,0.000,0.000,,,,0.0500,5.000,0,0
1764009646.594778,14.592,0,0,0.000,0.00000,0.000,0.000,0.000,,,,0.0500,5.000,0,0
1764009646.680922,14.524,0,0,0.000,0.00000,0.000,0.000,0.000,,,,0.0500,5.000,0,0
1764009646.775630,10.068,0,0,0.000,0.00000,0.000,0.000,0.000,,,,0.0500,5.000,0,0
1764009646.870234,10.118,0,0,0.000,0.00000,0.000,0.000,0.000,,,,0.0500,5.000,0,0
1764009646.971461,9.848,0,0,0.000,0.00000,0.000,0.000,0.000,,,,0.0500,5.000,0,0
1764009647.088389,9.766,0,0,0.000,0.00000,0.000,0.000,0.000,,,,0.0500,5.000,0,0
1764009647.164750,10.361,0,0,0.000,0.00000,0.000,0.000,0.000,,,,0.0500,5.000,0,0
1764009647.264971,9.910,0,0,0.000,0.00000,0.000,0.000,0.000,,,,0.0500,5.000,0,0
1764009647.363736,10.285,0,0,0.000,0.00000,0.000,0.000,0.000,,,,0.0500,5.000,0,0
1764009647.436818,14.374,0,0,0.000,0.00000,0.000,0.000,0.000,,,,0.0500,5.000,0,0
1764009647.528106,10.288,0,0,0.000,0.00000,0.000,0.000,0.000,,,,0.0500,5.000,0,0
1764009647.596351,14.674,0,0,0.000,0.00000,0.000,0.000,0.000,,,,0.0500,5.000,0,0
1764009647.656436,15.595,0,0,0.000,0.00000,0.000,0.000,0.000,,,,0.0500,5.000,0,0
1764009647.733583,14.391,0,0,0.000,0.00000,0.000,0.000,0.000,,,,0.0500,5.000,0,0
1764009647.820315,10.314,0,0,0.000,0.00000,0.000,0.000,0.000,,,,0.0500,5.000,0,0
1764009647.901959,14.024,0,0,0.000,0.00000,0.000,0.000,0.000,,,,0.0500,5.000,0,0
1764009647.997766,10.145,0,0,0.000,0.00000,0.000,0.000,0.000,,,,0.0500,5.000,0,0
1764009648.065220,15.168,0,0,0.000,0.00000,0.000,0.000,0.000,,,,0.0500,5.000,0,0
1764009648.129705,14.944,0,0,0.000,0.00000,0.000,0.000,0.000,,,,0.0500,5.000,0,0
1764009648.185994,15.466,0,0,0.000,0.00000,0.000,0.000,0.000,,,,0.0500,5.000,0,0
1764009648.252745,14.777,0,0,0.000,0.00000,0.000,0.000,0.000,,,,0.0500,5.000,0,0
1764009648.321185,14.852,0,0,0.000,0.00000,0.000,0.000,0.000,,,,0.0500,5.000,0,0
1764009648.389288,14.691,0,0,0.000,0.00000,0.000,0.000,0.000,,,,0.0500,5.000,0,0
1764009648.466456,15.284,0,0,0.000,0.00000,0.000,0.000,0.000,,,,0.0500,5.000,0,0
1764009648.557380,10.068,0,0,0.000,0.00000,0.000,0.000,0.000,,,,0.0500,5.000,0,0
1764009648.632871,14.264,0,0,0.000,0.00000,0.000,0.000,0.000,,,,0.0500,5.000,0,0
1764009648.728362,10.584,0,0,0.000,0.00000,0.000,0.000,0.000,,,,0.0500,5.000,0,0
1764009648.791440,14.543,0,0,0.000,0.00000,0.000,0.000,0.000,,,,0.0500,5.000,0,0
1764009648.860525,15.003,0,0,0.000,0.00000,0.000,0.000,0.000,,,,0.0500,5.000,0,0
1764009648.939922,14.014,0,0,0.000,0.00000,0.000,0.000,0.000,,,,0.0500,5.000,0,0
1764009649.036254,10.177,0,0,0.000,0.00000,0.000,0.000,0.000,,,,0.0500,5.000,0,0
1764009649.131489,10.157,0,0,0.000,0.00000,0.000,0.000,0.000,,,,0.0500,5.000,0,0
1764009687.238368,139.824,0,0,0.000,0.00000,0.000,0.000,0.000,,,,0.0500,5.000,0,0
1764009687.355113,6.137,0,0,0.000,0.00000,0.000,0.000,0.000,,,,0.0500,5.000,0,0
1764009687.424159,15.129,0,0,0.000,0.00000,0.000,0.000,0.000,,,,0.0500,5.000,0,0
1764009687.664079,4.216,0,0,0.000,0.00000,0.000,0.000,0.000,,,,0.0500,5.000,0,0
1764009687.745605,10.403,0,0,0.000,0.00000,0.000,0.000,0.000,,,,0.0500,5.000,0,0
1764009687.811984,14.949,0,0,0.000,0.00000,0.000,0.000,0.000,,,,0.0500,5.000,0,0
1764009687.884681,14.895,0,0,0.000,0.00000,0.000,0.000,0.000,,,,0.0500,5.000,0,0
1764009687.945968,15.167,0,0,0.000,0.00000,0.000,0.000,0.000,,,,0.0500,5.000,0,0
1764009688.014503,14.885,0,0,0.000,0.00000,0.000,0.000,0.000,,,,0.0500,5.000,0,0
1764009688.107115,10.652,0,0,0.000,0.00000,0.000,0.000,0.000,,,,0.0500,5.000,0,0
1764009688.163342,17.977,0,0,0.000,0.00000,0.000,0.000,0.000,,,,0.0500,5.000,0,0
1764009688.231967,14.910,0,0,0.000,0.00000,0.000,0.000,0.000,,,,0.0500,5.000,0,0
1764009688.297387,14.966,0,0,0.000,0.00000,0.000,0.000,0.000,,,,0.0500,5.000,0,0
1764009688.364126,15.065,0,0,0.000,0.00000,0.000,0.000,0.000,,,,0.0500,5.000,0,0
1764009688.430933,14.930,0,0,0.000,0.00000,0.000,0.000,0.000,,,,0.0500,5.000,0,0
1764009688.495008,15.060,0,0,0.000,0.00000,0.000,0.000,0.000,,,,0.0500,5.000,0,0
1764009688.709983,4.912,0,0,0.000,0.00000,0.000,0.000,0.000,,,,0.0500,5.000,0,0
1764009688.775520,12.646,0,0,0.000,0.00000,0.000,0.000,0.000,,,,0.0500,5.000,0,0
1764009688.847095,14.976,0,0,0.000,0.00000,0.000,0.000,0.000,,,,0.0500,5.000,0,0
1764009688.908285,14.926,0,0,0.000,0.00000,0.000,0.000,0.000,,,,0.0500,5.000,0,0
1764009688.980924,14.927,0,0,0.000,0.00000,0.000,0.000,0.000,,,,0.0500,5.000,0,0
1764009689.043589,14.970,0,0,0.000,0.00000,0.000,0.000,0.000,,,,0.0500,5.000,0,0
1764009689.155070,9.036,0,0,0.000,0.00000,0.000,0.000,0.000,,,,0.0500,5.000,0,0
1764009689.212008,17.940,0,0,0.000,0.00000,0.000,0.000,0.000,,,,0.0500,5.000,0,0
1764009689.277166,15.019,0,0,0.000,0.00000,0.000,0.000,0.000,,,,0.0500,5.000,0,0
1764009689.345367,14.907,0,0,0.000,0.00000,0.000,0.000,0.000,,,,0.0500,5.000,0,0
1764009689.412622,15.331,0,0,0.000,0.00000,0.000,0.000,0.000,,,,0.0500,5.000,0,0
1764009689.479512,14.776,0,0,0.000,0.00000,0.000,0.000,0.000,,,,0.0500,5.000,0,0
1764009689.543613,14.919,0,0,0.000,0.00000,0.000,0.000,0.000,,,,0.0500,5.000,0,0
1764009689.759249,4.980,0,0,0.000,0.00000,0.000,0.000,0.000,,,,0.0500,5.000,0,0
1764009689.812721,15.279,0,0,0.000,0.00000,0.000,0.000,0.000,,,,0.0500,5.000,0,0
1764009689.876897,14.876,0,0,0.000,0.00000,0.000,0.000,0.000,,,,0.0500,5.000,0,0
1764009689.943532,15.122,0,0,0.000,0.00000,0.000,0.000,0.000,,,,0.0500,5.000,0,0
1764009690.014393,15.006,0,0,0.000,0.00000,0.000,0.000,0.000,,,,0.0500,5.000,0,0
1764009690.085591,15.008,0,0,0.000,0.00000,0.000,0.000,0.000,,,,0.0500,5.000,0,0
1764009690.208129,8.044,0,0,0.000,0.00000,0.000,0.000,0.000,,,,0.0500,5.000,0,0
1764009690.285351,13.228,0,0,0.000,0.00000,0.000,0.000,0.000,,,,0.0500,5.000,0,0
1764009690.338812,15.016,0,0,0.000,0.00000,0.000,0.000,0.000,,,,0.0500,5.000,0,0
1764009690.416379,14.900,0,0,0.000,0.00000,0.000,0.000,0.000,,,,0.0500,5.000,0,0
1764009690.483432,15.073,0,0,0.000,0.00000,0.000,0.000,0.000,,,,0.0500,5.000,0,0
1764009690.554494,15.178,0,0,0.000,0.00000,0.000,0.000,0.000,,,,0.0500,5.000,0,0
1764009690.617682,14.704,0,0,0.000,0.00000,0.000,0.000,0.000,,,,0.0500,5.000,0,0
1764009690.808587,5.498,0,0,0.000,0.00000,0.000,0.000,0.000,,,,0.0500,5.000,0,0
1764009690.885216,11.844,0,0,0.000,0.00000,0.000,0.000,0.000,,,,0.0500,5.000,0,0
1764009690.949443,15.014,0,0,0.000,0.00000,0.000,0.000,0.000,,,,0.0500,5.000,0,0
1764009691.016780,14.933,0,0,0.000,0.00000,0.000,0.000,0.000,,,,0.0500,5.000,0,0
1764009691.097547,14.956,0,0,0.000,0.00000,0.000,0.000,0.000,,,,0.0500,5.000,0,0
1764009691.262287,5.670,0,0,0.000,0.00000,0.000,0.000,0.000,,,,0.0500,5.000,0,0
1764009691.314750,17.576,0,0,0.000,0.00000,0.000,0.000,0.000,,,,0.0500,5.000,0,0
1764009691.384765,15.044,0,0,0.000,0.00000,0.000,0.000,0.000,,,,0.0500,5.000,0,0
1764009691.445242,15.163,0,0,0.000,0.00000,0.000,0.000,0.000,,,,0.0500,5.000,0,0
1764009691.529036,15.034,0,0,0.000,0.00000,0.000,0.000,0.000,,,,0.0500,5.000,0,0
1764009691.576675,14.993,0,0,0.000,0.00000,0.000,0.000,0.000,,,,0.0500,5.000,0,0
1764009691.651245,14.882,0,0,0.000,0.00000,0.000,0.000,0.000,,,,0.0500,5.000,0,0
1764009691.724042,14.926,0,0,0.000,0.00000,0.000,0.000,0.000,,,,0.0500,5.000,0,0
1764009691.787902,14.955,0,0,0.000,0.00000,0.000,0.000,0.000,,,,0.0500,5.000,0,0
1764009691.845064,14.961,0,0,0.000,0.00000,0.000,0.000,0.000,,,,0.0500,5.000,0,0
1764009691.914578,15.153,0,0,0.000,0.00000,0.000,0.000,0.000,,,,0.0500,5.000,0,0
1764009691.977618,14.992,0,0,0.000,0.00000,0.000,0.000,0.000,,,,0.0500,5.000,0,0
1764009692.045005,14.894,0,0,0.000,0.00000,0.000,0.000,0.000,,,,0.0500,5.000,0,0
1764009692.108960,15.091,0,0,0.000,0.00000,0.000,0.000,0.000,,,,0.0500,5.000,0,0
1764009692.183469,14.909,0,0,0.000,0.00000,0.000,0.000,0.000,,,,0.0500,5.000,0,0
1764009692.255782,15.025,0,0,0.000,0.00000,0.000,0.000,0.000,,,,0.0500,5.000,0,0
1764009692.312414,15.076,0,0,0.000,0.00000,0.000,0.000,0.000,,,,0.0500,5.000,0,0
1764009692.401856,14.989,0,0,0.000,0.00000,0.000,0.000,0.000,,,,0.0500,5.000,0,0
1764009692.497836,10.012,0,0,0.000,0.00000,0.000,0.000,0.000,,,,0.0500,5.000,0,0
1764009692.619367,10.044,0,0,0.000,0.00000,0.000,0.000,0.000,,,,0.0500,5.000,0,0
1764009692.703221,9.932,0,0,0.000,0.00000,0.000,0.000,0.000,,,,0.0500,5.000,0,0
1764009692.802464,10.038,0,0,0.000,0.00000,0.000,0.000,0.000,,,,0.0500,5.000,0,0
1764009692.898311,9.963,0,0,0.000,0.00000,0.000,0.000,0.000,,,,0.0500,5.000,0,0
1764009693.002144,10.026,0,0,0.000,0.00000,0.000,0.000,0.000,,,,0.0500,5.000,0,0
1764009693.105336,9.974,0,0,0.000,0.00000,0.000,0.000,0.000,,,,0.0500,5.000,0,0
1764009693.215412,9.987,0,0,0.000,0.00000,0.000,0.000,0.000,,,,0.0500,5.000,0,0
1764009693.304041,9.977,0,0,0.000,0.00000,0.000,0.000,0.000,,,,0.0500,5.000,0,0
1764009693.390855,10.018,0,0,0.000,0.00000,0.000,0.000,0.000,,,,0.0500,5.000,0,0
1764009693.465752,15.062,0,0,0.000,0.00000,0.000,0.000,0.000,,,,0.0500,5.000,0,0
1764009693.565141,9.963,0,0,0.000,0.00000,0.000,0.000,0.000,,,,0.0500,5.000,0,0
1764009693.673064,10.107,0,0,0.000,0.00000,0.000,0.000,0.000,,,,0.0500,5.000,0,0
1764009693.771775,9.916,0,0,0.000,0.00000,0.000,0.000,0.000,,,,0.0500,5.000,0,0
1764009693.880347,10.003,0,0,0.000,0.00000,0.000,0.000,0.000,,,,0.0500,5.000,0,0
1764009693.971282,10.016,0,0,0.000,0.00000,0.000,0.000,0.000,,,,0.0500,5.000,0,0
1764009694.042642,10.012,0,0,0.000,0.00000,0.000,0.000,0.000,,,,0.0500,5.000,0,0
1764009694.110894,14.950,0,0,0.000,0.00000,0.000,0.000,0.000,,,,0.0500,5.000,1,0
1764009694.184644,14.890,0,0,0.000,0.00000,0.000,0.000,0.000,,,,0.0500,5.000,0,0
1764009694.260609,15.092,0,0,0.000,0.00000,0.000,0.000,0.000,,,,0.0500,5.000,0,0
1764009694.334695,14.940,0,0,0.000,0.00000,0.000,0.000,0.000,,,,0.0500,5.000,0,0
1764009694.420266,10.033,0,0,0.000,0.00000,0.000,0.000,0.000,,,,0.0500,5.000,0,0
1764009694.487432,14.924,0,0,0.000,0.00000,0.000,0.000,0.000,,,,0.0500,5.000,0,0
1764009694.546577,15.097,0,0,0.000,0.00000,0.000,0.000,0.000,,,,0.0500,5.000,0,0
1764009694.624942,14.893,0,0,0.000,0.00000,0.000,0.000,0.000,,,,0.0500,5.000,0,0
1764009695.171859,1.872,0,0,0.000,0.00000,0.000,0.000,0.000,,,,0.0500,5.000,0,0
1764009695.278963,8.623,0,0,0.000,0.00000,0.000,0.000,0.000,,,,0.0500,5.000,0,0
1764009695.370471,9.733,0,0,0.000,0.00000,0.000,0.000,0.000,,,,0.0500,5.000,1,0
1764009695.432540,15.564,0,0,0.000,0.00000,0.000,0.000,0.000,,,,0.0500,5.000,0,0
1764009695.493550,15.220,0,0,0.000,0.00000,0.000,0.000,0.000,,,,0.0500,5.000,1,0
1764009695.559476,15.054,0,0,0.000,0.00000,0.000,0.000,0.000,,,,0.0500,5.000,1,0
1764009695.626303,14.949,0,0,0.000,0.00000,0.000,0.000,0.000,,,,0.0500,5.000,1,0
1764009695.678937,20.070,0,0,0.000,0.00000,0.000,0.000,0.000,,,,0.0500,5.000,1,0
1764009695.744220,14.761,0,0,0.000,0.00000,0.000,0.000,0.000,,,,0.0500,5.000,1,0
1764009695.823559,18.600,0,0,0.000,0.00000,0.000,0.000,0.000,,,,0.0500,5.000,1,0
1764009695.894798,10.463,0,0,0.000,0.00000,0.000,0.000,0.000,,,,0.0500,5.000,0,0
1764009695.958592,15.091,0,0,0.000,0.00000,0.000,0.000,0.000,,,,0.0500,5.000,1,0
1764009696.025891,15.000,0,0,0.000,0.00000,0.000,0.000,0.000,,,,0.0500,5.000,0,0
1764009696.091300,14.970,0,0,0.000,0.00000,0.000,0.000,0.000,,,,0.0500,5.000,1,0
1764009696.155879,17.759,0,0,0.000,0.00000,0.000,0.000,0.000,,,,0.0500,5.000,0,0
1764009696.224047,14.426,0,0,0.000,0.00000,0.000,0.000,0.000,,,,0.0500,5.000,0,0
1764009696.286133,15.409,0,0,0.000,0.00000,0.000,0.000,0.000,,,,0.0500,5.000,0,0
1764009696.355534,14.186,0,0,0.000,0.00000,0.000,0.000,0.000,,,,0.0500,5.000,0,0
1764009696.424784,14.445,0,0,0.000,0.00000,0.000,0.000,0.000,,,,0.0500,5.000,0,0
1764009696.485879,16.715,0,0,0.000,0.00000,0.000,0.000,0.000,,,,0.0500,5.000,0,0
1764009696.553379,14.816,0,0,0.000,0.00000,0.000,0.000,0.000,,,,0.0500,5.000,0,0
1764009696.623210,14.259,0,0,0.000,0.00000,0.000,0.000,0.000,,,,0.0500,5.000,0,0
1764009696.689820,14.895,0,0,0.000,0.00000,0.000,0.000,0.000,,,,0.0500,5.000,0,0
1764009696.758467,14.966,0,0,0.000,0.00000,0.000,0.000,0.000,,,,0.0500,5.000,0,0
1764009696.824357,15.077,0,0,0.000,0.00000,0.000,0.000,0.000,,,,0.0500,5.000,0,0
1764009696.893484,15.271,0,0,0.000,0.00000,0.000,0.000,0.000,,,,0.0500,5.000,0,0
1764009696.967891,14.463,0,0,0.000,0.00000,0.000,0.000,0.000,,,,0.0500,5.000,0,0
1764009697.022377,15.093,0,0,0.000,0.00000,0.000,0.000,0.000,,,,0.0500,5.000,0,0
1764009697.086542,15.868,0,0,0.000,0.00000,0.000,0.000,0.000,,,,0.0500,5.000,0,0
1764009697.156145,14.982,0,0,0.000,0.00000,0.000,0.000,0.000,,,,0.0500,5.000,0,0
1764009697.220781,14.625,0,0,0.000,0.00000,0.000,0.000,0.000,,,,0.0500,5.000,0,0
1764009697.292656,14.406,0,0,0.000,0.00000,0.000,0.000,0.000,,,,0.0500,5.000,0,0
1764009697.357061,15.293,0,0,0.000,0.00000,0.000,0.000,0.000,,,,0.0500,5.000,0,0
1764009697.427603,15.004,0,0,0.000,0.00000,0.000,0.000,0.000,,,,0.0500,5.000,0,0
1764009697.491234,15.637,0,0,0.000,0.00000,0.000,0.000,0.000,,,,0.0500,5.000,0,0
1764009697.564838,14.753,0,0,0.000,0.00000,0.000,0.000,0.000,,,,0.0500,5.000,0,0
1764009697.646259,14.801,0,0,0.000,0.00000,0.000,0.000,0.000,,,,0.0500,5.000,0,0
1764009697.737566,9.945,0,0,0.000,0.00000,0.000,0.000,0.000,,,,0.0500,5.000,0,0
1764009697.805225,14.827,0,0,0.000,0.00000,0.000,0.000,0.000,,,,0.0500,5.000,0,0
1764009697.882525,14.804,0,0,0.000,0.00000,0.000,0.000,0.000,,,,0.0500,5.000,0,0
1764009697.973507,10.353,0,0,0.000,0.00000,0.000,0.000,0.000,,,,0.0500,5.000,0,0
1764009698.041475,14.941,0,0,0.000,0.00000,0.000,0.000,0.000,,,,0.0500,5.000,0,0
1764009698.128113,10.137,0,0,0.000,0.00000,0.000,0.000,0.000,,,,0.0500,5.000,0,0
1764009698.202568,14.849,0,0,0.000,0.00000,0.000,0.000,0.000,,,,0.0500,5.000,0,0
1764009698.261264,15.376,0,0,0.000,0.00000,0.000,0.000,0.000,,,,0.0500,5.000,0,0
1764009698.335307,14.537,0,0,0.000,0.00000,0.000,0.000,0.000,,,,0.0500,5.000,0,0
1764009698.407749,14.731,0,0,0.000,0.00000,0.000,0.000,0.000,,,,0.0500,5.000,0,0
1764009698.503961,9.911,0,0,0.000,0.00000,0.000,0.000,0.000,,,,0.0500,5.000,0,0
1764009698.578884,15.042,0,0,0.000,0.00000,0.000,0.000,0.000,,,,0.0500,5.000,0,0
1764009698.670776,10.190,0,0,0.000,0.00000,0.000,0.000,0.000,,,,0.0500,5.000,0,0
1764009698.735729,14.454,0,0,0.000,0.00000,0.000,0.000,0.000,,,,0.0500,5.000,0,0
1764009698.803020,15.602,0,0,0.000,0.00000,0.000,0.000,0.000,,,,0.0500,5.000,0,0
1764009698.879229,14.338,0,0,0.000,0.00000,0.000,0.000,0.000,,,,0.0500,5.000,0,0
1764009698.959655,10.435,0,0,0.000,0.00000,0.000,0.000,0.000,,,,0.0500,5.000,0,0
1764009699.023226,15.051,0,0,0.000,0.00000,0.000,0.000,0.000,,,,0.0500,5.000,0,0
1764009699.087981,15.305,0,0,0.000,0.00000,0.000,0.000,0.000,,,,0.0500,5.000,0,0
1764009699.154193,14.664,0,0,0.000,0.00000,0.000,0.000,0.000,,,,0.0500,5.000,0,0
1764009699.227466,14.982,0,0,0.000,0.00000,0.000,0.000,0.000,,,,0.0500,5.000,0,0
1764009699.306375,14.636,0,0,0.000,0.00000,0.000,0.000,0.000,,,,0.0500,5.000,0,0
1764009699.378004,14.478,0,0,0.000,0.00000,0.000,0.000,0.000,,,,0.0500,5.000,0,0
1764009699.465188,10.164,0,0,0.000,0.00000,0.000,0.000,0.000,,,,0.0500,5.000,0,0
1764009699.537863,14.617,0,0,0.000,0.00000,0.000,0.000,0.000,,,,0.0500,5.000,0,0
1764009699.620540,15.176,0,0,0.000,0.00000,0.000,0.000,0.000,,,,0.0500,5.000,0,0
1764009699.701995,10.286,0,0,0.000,0.00000,0.000,0.000,0.000,,,,0.0500,5.000,0,0
1764009699.772349,14.977,0,0,0.000,0.00000,0.000,0.000,0.000,,,,0.0500,5.000,0,0
1764009699.862427,10.270,0,0,0.000,0.00000,0.000,0.000,0.000,,,,0.0500,5.000,0,0
1764009699.920410,15.048,0,0,0.000,0.00000,0.000,0.000,0.000,,,,0.0500,5.000,0,0
1764009700.015136,14.293,0,0,0.000,0.00000,0.000,0.000,0.000,,,,0.0500,5.000,0,0
1764009700.096829,10.151,0,0,0.000,0.00000,0.000,0.000,0.000,,,,0.0500,5.000,0,0
1764009700.166052,15.470,0,0,0.000,0.00000,0.000,0.000,0.000,,,,0.0500,5.000,0,0
1764009700.244566,13.495,0,0,0.000,0.00000,0.000,0.000,0.000,,,,0.0500,5.000,0,0
1764009700.340311,10.016,0,0,0.000,0.00000,0.000,0.000,0.000,,,,0.0500,5.000,0,0
1764009700.403068,15.189,0,0,0.000,0.00000,0.000,0.000,0.000,,,,0.0500,5.000,0,0
1764009700.474453,15.025,0,0,0.000,0.00000,0.000,0.000,0.000,,,,0.0500,5.000,0,0
1764009700.539501,14.819,0,0,0.000,0.00000,0.000,0.000,0.000,,,,0.0500,5.000,0,0
1764009700.626247,10.506,0,0,0.000,0.00000,0.000,0.000,0.000,,,,0.0500,5.000,0,0
1764009700.689538,15.261,0,0,0.000,0.00000,0.000,0.000,0.000,,,,0.0500,5.000,0,0
1764009700.760560,14.695,0,0,0.000,0.00000,0.000,0.000,0.000,,,,0.0500,5.000,0,0
1764009700.831719,14.766,0,0,0.000,0.00000,0.000,0.000,0.000,,,,0.0500,5.000,0,0
1764009700.909282,14.561,0,0,0.000,0.00000,0.000,0.000,0.000,,,,0.0500,5.000,0,0
1764009700.998835,10.251,0,0,0.000,0.00000,0.000,0.000,0.000,,,,0.0500,5.000,0,0
1764009701.066059,14.614,0,0,0.000,0.00000,0.000,0.000,0.000,,,,0.0500,5.000,0,0
1764009701.142355,14.827,0,0,0.000,0.00000,0.000,0.000,0.000,,,,0.0500,5.000,0,0
1764009701.218912,13.263,0,0,0.000,0.00000,0.000,0.000,0.000,,,,0.0500,5.000,0,0
1764009701.298265,11.257,0,0,0.000,0.00000,0.000,0.000,0.000,,,,0.0500,5.000,0,0
1764009701.369142,15.016,0,0,0.000,0.00000,0.000,0.000,0.000,,,,0.0500,5.000,0,0
1764009701.440237,14.835,0,0,0.000,0.00000,0.000,0.000,0.000,,,,0.0500,5.000,0,0
1764009701.525085,10.195,0,0,0.000,0.00000,0.000,0.000,0.000,,,,0.0500,5.000,0,0
1764009701.610461,13.826,0,0,0.000,0.00000,0.000,0.000,0.000,,,,0.0500,5.000,0,0
1764009701.698610,10.607,0,0,0.000,0.00000,0.000,0.000,0.000,,,,0.0500,5.000,0,0
1764009701.772052,14.446,0,0,0.000,0.00000,0.000,0.000,0.000,,,,0.0500,5.000,0,0
1764009701.837590,15.112,0,0,0.000,0.00000,0.000,0.000,0.000,,,,0.0500,5.000,0,0
1764009701.894496,15.448,0,0,0.000,0.00000,0.000,0.000,0.000,,,,0.0500,5.000,0,0
1764009701.963258,14.697,0,0,0.000,0.00000,0.000,0.000,0.000,,,,0.0500,5.000,0,0
1764009702.027378,15.390,0,0,0.000,0.00000,0.000,0.000,0.000,,,,0.0500,5.000,0,0
1764009702.095263,14.417,0,0,0.000,0.00000,0.000,0.000,0.000,,,,0.0500,5.000,0,0
1764009702.158735,14.588,0,0,0.000,0.00000,0.000,0.000,0.000,,,,0.0500,5.000,0,0
1764009702.225810,15.435,0,0,0.000,0.00000,0.000,0.000,0.000,,,,0.0500,5.000,0,0
1764009702.292530,15.446,0,0,0.000,0.00000,0.000,0.000,0.000,,,,0.0500,5.000,0,0
1764009702.358199,15.026,0,0,0.000,0.00000,0.000,0.000,0.000,,,,0.0500,5.000,0,0
1764009702.434396,14.482,0,0,0.000,0.00000,0.000,0.000,0.000,,,,0.0500,5.000,0,0
1764009702.503740,15.097,0,0,0.000,0.00000,0.000,0.000,0.000,,,,0.0500,5.000,0,0
1764009702.563466,14.695,0,0,0.000,0.00000,0.000,0.000,0.000,,,,0.0500,5.000,0,0
1764009702.632215,15.833,0,0,0.000,0.00000,0.000,0.000,0.000,,,,0.0500,5.000,0,0
1764009702.704868,14.515,0,0,0.000,0.00000,0.000,0.000,0.000,,,,0.0500,5.000,0,0
1764009702.806263,9.764,0,0,0.000,0.00000,0.000,0.000,0.000,,,,0.0500,5.000,0,0
1764009702.899818,10.433,0,0,0.000,0.00000,0.000,0.000,0.000,,,,0.0500,5.000,0,0
1764009702.967690,14.932,0,0,0.000,0.00000,0.000,0.000,0.000,,,,0.0500,5.000,0,0
1764009703.037152,14.776,0,0,0.000,0.00000,0.000,0.000,0.000,,,,0.0500,5.000,0,0
1764009703.104378,14.804,0,0,0.000,0.00000,0.000,0.000,0.000,,,,0.0500,5.000,0,0
1764009703.170398,15.490,0,0,0.000,0.00000,0.000,0.000,0.000,,,,0.0500,5.000,0,0
1764009703.235054,14.913,0,0,0.000,0.00000,0.000,0.000,0.000,,,,0.0500,5.000,0,0
1764009703.297998,14.890,0,0,0.000,0.00000,0.000,0.000,0.000,,,,0.0500,5.000,0,0
1764009703.372543,14.593,0,0,0.000,0.00000,0.000,0.000,0.000,,,,0.0500,5.000,0,0
1764009703.433622,15.178,0,0,0.000,0.00000,0.000,0.000,0.000,,,,0.0500,5.000,0,0
1764009703.505053,14.569,0,0,0.000,0.00000,0.000,0.000,0.000,,,,0.0500,5.000,0,0
1764009703.558898,15.885,0,0,0.000,0.00000,0.000,0.000,0.000,,,,0.0500,5.000,0,0
1764009703.630544,14.530,0,0,0.000,0.00000,0.000,0.000,0.000,,,,0.0500,5.000,0,0
1764009703.696599,14.981,0,0,0.000,0.00000,0.000,0.000,0.000,,,,0.0500,5.000,0,0
1764009703.764742,14.358,0,0,0.000,0.00000,0.000,0.000,0.000,,,,0.0500,5.000,0,0
1764009703.827597,15.884,0,0,0.000,0.00000,0.000,0.000,0.000,,,,0.0500,5.000,0,0
1764009703.896075,14.714,0,0,0.000,0.00000,0.000,0.000,0.000,,,,0.0500,5.000,0,0
1764009703.964419,15.384,0,0,0.000,0.00000,0.000,0.000,0.000,,,,0.0500,5.000,0,0
1764009704.036938,14.531,0,0,0.000,0.00000,0.000,0.000,0.000,,,,0.0500,5.000,0,0
1764009704.106295,14.618,0,0,0.000,0.00000,0.000,0.000,0.000,,,,0.0500,5.000,0,0
1764009704.171549,15.134,0,0,0.000,0.00000,0.000,0.000,0.000,,,,0.0500,5.000,0,0
1764009704.237470,15.445,0,0,0.000,0.00000,0.000,0.000,0.000,,,,0.0500,5.000,0,0
1764009704.334311,11.868,0,0,0.000,0.00000,0.000,0.000,0.000,,,,0.0500,5.000,0,0
1764009704.423395,11.852,0,0,0.000,0.00000,0.000,0.000,0.000,,,,0.0500,5.000,0,0
1764009704.507894,10.222,0,0,0.000,0.00000,0.000,0.000,0.000,,,,0.0500,5.000,0,0
1764009704.602024,10.124,0,0,0.000,0.00000,0.000,0.000,0.000,,,,0.0500,5.000,0,0
1764009704.670875,14.525,0,0,0.000,0.00000,0.000,0.000,0.000,,,,0.0500,5.000,0,0
1764009704.733668,15.847,0,0,0.000,0.00000,0.000,0.000,0.000,,,,0.0500,5.000,0,0
1764009704.798573,14.955,0,0,0.000,0.00000,0.000,0.000,0.000,,,,0.0500,5.000,0,0
1764009704.869555,14.841,0,0,0.000,0.00000,0.000,0.000,0.000,,,,0.0500,5.000,0,0
1764009704.931264,15.242,0,0,0.000,0.00000,0.000,0.000,0.000,,,,0.0500,5.000,0,0
1764009704.998685,15.014,0,0,0.000,0.00000,0.000,0.000,0.000,,,,0.0500,5.000,0,0
1764009705.087804,14.367,0,0,0.000,0.00000,0.000,0.000,0.000,,,,0.0500,5.000,0,0
1764009705.163617,10.348,0,0,0.000,0.00000,0.000,0.000,0.000,,,,0.0500,5.000,0,0
1764009705.232113,14.941,0,0,0.000,0.00000,0.000,0.000,0.000,,,,0.0500,5.000,0,0
1764009705.295868,14.871,0,0,0.000,0.00000,0.000,0.000,0.000,,,,0.0500,5.000,0,0
1764009705.367153,14.196,0,0,0.000,0.00000,0.000,0.000,0.000,,,,0.0500,5.000,1,0
1764009705.426895,15.653,0,0,0.000,0.00000,0.000,0.000,0.000,,,,0.0500,5.000,0,0
1764009705.497495,14.683,0,0,0.000,0.00000,0.000,0.000,0.000,,,,0.0500,5.000,0,0
1764009705.563877,15.327,0,0,0.000,0.00000,0.000,0.000,0.000,,,,0.0500,5.000,0,0
1764009705.628843,15.993,0,0,0.000,0.00000,0.000,0.000,0.000,,,,0.0500,5.000,0,0
1764009705.703826,14.625,0,0,0.000,0.00000,0.000,0.000,0.000,,,,0.0500,5.000,0,0
1764009705.777625,14.190,0,0,0.000,0.00000,0.000,0.000,0.000,,,,0.0500,5.000,0,0
1764012117.488872,49.911,0,0,0.000,0.00000,0.000,0.000,0.000,,,,0.0500,5.000,0,0
1764012117.667146,6.020,0,0,0.000,0.00000,0.000,0.000,0.000,,,,0.0500,5.000,0,0
1764012117.886027,6.030,0,0,0.000,0.00000,0.000,0.000,0.000,,,,0.0500,5.000,0,0
1764012118.001656,5.963,0,0,0.000,0.00000,0.000,0.000,0.000,,,,0.0500,5.000,0,0
1764012118.168704,7.065,0,0,0.000,0.00000,0.000,0.000,0.000,,,,0.0500,5.000,0,0
1764012118.277710,6.329,0,0,0.000,0.00000,0.000,0.000,0.000,,,,0.0500,5.000,0,0
1764012118.356159,10.905,0,0,0.000,0.00000,0.000,0.000,0.000,,,,0.0500,5.000,0,0
1764012118.426470,14.957,0,0,0.000,0.00000,0.000,0.000,0.000,,,,0.0500,5.000,0,0
1764012118.529944,10.407,0,0,0.000,0.00000,0.000,0.000,0.000,,,,0.0500,5.000,0,0
1764012118.621949,10.061,0,0,0.000,0.00000,0.000,0.000,0.000,,,,0.0500,5.000,0,0
1764012118.713606,14.464,0,0,0.000,0.00000,0.000,0.000,0.000,,,,0.0500,5.000,0,0
1764012118.832265,10.327,0,0,0.000,0.00000,0.000,0.000,0.000,,,,0.0500,5.000,0,0
1764012118.951250,7.577,0,0,0.000,0.00000,0.000,0.000,0.000,,,,0.0500,5.000,0,0
1764012119.031179,9.821,0,0,0.000,0.00000,0.000,0.000,0.000,,,,0.0500,5.000,0,0
1764012119.134870,9.286,0,0,0.000,0.00000,0.000,0.000,0.000,,,,0.0500,5.000,0,0
1764012119.230390,10.643,0,0,0.000,0.00000,0.000,0.000,0.000,,,,0.0500,5.000,0,0
1764012119.332142,9.749,0,0,0.000,0.00000,0.000,0.000,0.000,,,,0.0500,5.000,0,0
1764012119.422813,10.104,0,0,0.000,0.00000,0.000,0.000,0.000,,,,0.0500,5.000,0,0
1764012119.487530,14.745,0,0,0.000,0.00000,0.000,0.000,0.000,,,,0.0500,5.000,0,0
1764012119.549115,15.108,0,0,0.000,0.00000,0.000,0.000,0.000,,,,0.0500,5.000,0,0
1764012119.612311,15.476,0,0,0.000,0.00000,0.000,0.000,0.000,,,,0.0500,5.000,0,0
1764012119.681965,14.714,0,0,0.000,0.00000,0.000,0.000,0.000,,,,0.0500,5.000,0,0
1764012119.771146,14.385,0,0,0.000,0.00000,0.000,0.000,0.000,,,,0.0500,5.000,0,0
1764012119.862676,10.441,0,0,0.000,0.00000,0.000,0.000,0.000,,,,0.0500,5.000,0,0
1764012119.967665,9.586,0,0,0.000,0.00000,0.000,0.000,0.000,,,,0.0500,5.000,0,0
1764012120.075748,10.308,0,0,0.000,0.00000,0.000,0.000,0.000,,,,0.0500,5.000,0,0
1764012120.168479,9.652,0,0,0.000,0.00000,0.000,0.000,0.000,,,,0.0500,5.000,0,0
1764012120.253416,10.361,0,0,0.000,0.00000,0.000,0.000,0.000,,,,0.0500,5.000,0,0
1764012120.329753,14.412,0,0,0.000,0.00000,0.000,0.000,0.000,,,,0.0500,5.000,0,0
1764012120.432739,10.163,0,0,0.000,0.00000,0.000,0.000,0.000,,,,0.0500,5.000,0,0
1764012120.551471,9.506,0,0,0.000,0.00000,0.000,0.000,0.000,,,,0.0500,5.000,0,0
1764012120.625839,10.631,0,0,0.000,0.00000,0.000,0.000,0.000,,,,0.0500,5.000,0,0
1764012120.703257,14.405,0,0,0.000,0.00000,0.000,0.000,0.000,,,,0.0500,5.000,0,0
1764012120.818705,9.764,0,0,0.000,0.00000,0.000,0.000,0.000,,,,0.0500,5.000,0,0
1764012120.894947,10.253,0,0,0.000,0.00000,0.000,0.000,0.000,,,,0.0500,5.000,0,0
1764012121.014987,10.069,0,0,0.000,0.00000,0.000,0.000,0.000,,,,0.0500,5.000,0,0
1764012121.114965,9.527,0,0,0.000,0.00000,0.000,0.000,0.000,,,,0.0500,5.000,0,0
1764012121.187089,10.750,0,0,0.000,0.00000,0.000,0.000,0.000,,,,0.0500,5.000,0,0
1764012121.271527,14.845,0,0,0.000,0.00000,0.000,0.000,0.000,,,,0.0500,5.000,0,0
1764012121.362103,10.085,0,0,0.000,0.00000,0.000,0.000,0.000,,,,0.0500,5.000,0,0
1764012121.471428,9.725,0,0,0.000,0.00000,0.000,0.000,0.000,,,,0.0500,5.000,0,0
1764012121.576526,9.827,0,0,0.000,0.00000,0.000,0.000,0.000,,,,0.0500,5.000,0,0
1764012121.668075,10.114,0,0,0.000,0.00000,0.000,0.000,0.000,,,,0.0500,5.000,0,0
1764012121.765612,13.677,0,0,0.000,0.00000,0.000,0.000,0.000,,,,0.0500,5.000,0,0
1764012121.870192,7.969,0,0,0.000,0.00000,0.000,0.000,0.000,,,,0.0500,5.000,0,0
1764012121.944428,10.278,0,0,0.000,0.00000,0.000,0.000,0.000,,,,0.0500,5.000,0,0
1764012122.024513,14.877,0,0,0.000,0.00000,0.000,0.000,0.000,,,,0.0500,5.000,0,0
1764012122.089511,15.241,0,0,0.000,0.00000,0.000,0.000,0.000,,,,0.0500,5.000,0,0
1764012122.166462,15.199,0,0,0.000,0.00000,0.000,0.000,0.000,,,,0.0500,5.000,0,0
1764012122.269621,9.624,0,0,0.000,0.00000,0.000,0.000,0.000,,,,0.0500,5.000,0,0
1764012122.366967,9.983,0,0,0.000,0.00000,0.000,0.000,0.000,,,,0.0500,5.000,0,0
1764012122.482211,9.739,0,0,0.000,0.00000,0.000,0.000,0.000,,,,0.0500,5.000,0,0
1764012122.582211,10.174,0,0,0.000,0.00000,0.000,0.000,0.000,,,,0.0500,5.000,0,0
1764012122.690283,9.948,0,0,0.000,0.00000,0.000,0.000,0.000,,,,0.0500,5.000,0,0
1764012122.769697,10.212,0,0,0.000,0.00000,0.000,0.000,0.000,,,,0.0500,5.000,0,0
1764012122.848001,10.099,0,0,0.000,0.00000,0.000,0.000,0.000,,,,0.0500,5.000,0,0
1764012122.937798,14.755,0,0,0.000,0.00000,0.000,0.000,0.000,,,,0.0500,5.000,0,0
1764012123.067105,9.271,0,0,0.000,0.00000,0.000,0.000,0.000,,,,0.0500,5.000,0,0
1764012123.174961,8.043,0,0,0.000,0.00000,0.000,0.000,0.000,,,,0.0500,5.000,0,0
1764012123.275708,9.797,0,0,0.000,0.00000,0.000,0.000,0.000,,,,0.0500,5.000,0,0
1764012123.395899,9.654,0,0,0.000,0.00000,0.000,0.000,0.000,,,,0.0500,5.000,0,0
1764012123.488794,7.896,0,0,0.000,0.00000,0.000,0.000,0.000,,,,0.0500,5.000,0,0
1764012123.562286,14.356,0,0,0.000,0.00000,0.000,0.000,0.000,,,,0.0500,5.000,0,0
1764012123.649036,10.313,0,0,0.000,0.00000,0.000,0.000,0.000,,,,0.0500,5.000,0,0
1764012123.736475,15.021,0,0,0.000,0.00000,0.000,0.000,0.000,,,,0.0500,5.000,0,0
1764012123.835945,9.761,0,0,0.000,0.00000,0.000,0.000,0.000,,,,0.0500,5.000,0,0
1764012123.932020,10.058,0,0,0.000,0.00000,0.000,0.000,0.000,,,,0.0500,5.000,0,0
1764012124.037804,9.688,0,0,0.000,0.00000,0.000,0.000,0.000,,,,0.0500,5.000,0,0
1764012124.158820,9.848,0,0,0.000,0.00000,0.000,0.000,0.000,,,,0.0500,5.000,0,0
1764012124.247863,10.284,0,0,0.000,0.00000,0.000,0.000,0.000,,,,0.0500,5.000,0,0
1764012124.325931,9.915,0,0,0.000,0.00000,0.000,0.000,0.000,,,,0.0500,5.000,0,0
1764012124.396006,15.557,0,0,0.000,0.00000,0.000,0.000,0.000,,,,0.0500,5.000,0,0
1764012124.482650,10.182,0,0,0.000,0.00000,0.000,0.000,0.000,,,,0.0500,5.000,0,0
1764012124.558962,14.682,0,0,0.000,0.00000,0.000,0.000,0.000,,,,0.0500,5.000,0,0
1764012124.631573,15.255,0,0,0.000,0.00000,0.000,0.000,0.000,,,,0.0500,5.000,0,0
1764012124.739195,9.858,0,0,0.000,0.00000,0.000,0.000,0.000,,,,0.0500,5.000,0,0
1764012124.847075,9.868,0,0,0.000,0.00000,0.000,0.000,0.000,,,,0.0500,5.000,0,0
1764012124.936603,10.037,0,0,0.000,0.00000,0.000,0.000,0.000,,,,0.0500,5.000,0,0
1764012125.059782,9.900,0,0,0.000,0.00000,0.000,0.000,0.000,,,,0.0500,5.000,0,0
1764012125.149313,10.058,0,0,0.000,0.00000,0.000,0.000,0.000,,,,0.0500,5.000,0,0
1764012125.224602,10.388,0,0,0.000,0.00000,0.000,0.000,0.000,,,,0.0500,5.000,0,0
1764012125.288392,14.716,0,0,0.000,0.00000,0.000,0.000,0.000,,,,0.0500,5.000,0,0
1764012125.369761,14.994,0,0,0.000,0.00000,0.000,0.000,0.000,,,,0.0500,5.000,0,0
1764012125.487411,9.967,0,0,0.000,0.00000,0.000,0.000,0.000,,,,0.0500,5.000,0,0
1764012125.590656,9.916,0,0,0.000,0.00000,0.000,0.000,0.000,,,,0.0500,5.000,0,0
1764012125.755817,7.370,0,0,0.000,0.00000,0.000,0.000,0.000,,,,0.0500,5.000,0,0
1764012125.906123,6.071,0,0,0.000,0.00000,0.000,0.000,0.000,,,,0.0500,5.000,0,0
1764012126.022255,7.536,0,0,0.000,0.00000,0.000,0.000,0.000,,,,0.0500,5.000,0,0
1764012126.108770,9.793,0,0,0.000,0.00000,0.000,0.000,0.000,,,,0.0500,5.000,0,0
1764012126.199346,10.273,0,0,0.000,0.00000,0.000,0.000,0.000,,,,0.0500,5.000,0,0
1764012126.290631,10.066,0,0,0.000,0.00000,0.000,0.000,0.000,,,,0.0500,5.000,0,0
1764012126.382809,14.207,0,0,0.000,0.00000,0.000,0.000,0.000,,,,0.0500,5.000,0,0
1764012126.472833,10.145,0,0,0.000,0.00000,0.000,0.000,0.000,,,,0.0500,5.000,0,0
1764012126.581786,9.801,0,0,0.000,0.00000,0.000,0.000,0.000,,,,0.0500,5.000,0,0
1764012126.686567,10.243,0,0,0.000,0.00000,0.000,0.000,0.000,,,,0.0500,5.000,0,0
1764012126.784259,10.036,0,0,0.000,0.00000,0.000,0.000,0.000,,,,0.0500,5.000,0,0
1764012126.861207,10.063,0,0,0.000,0.00000,0.000,0.000,0.000,,,,0.0500,5.000,0,0
1764012126.957123,10.151,0,0,0.000,0.00000,0.000,0.000,0.000,,,,0.0500,5.000,0,0
1764012127.022358,15.071,0,0,0.000,0.00000,0.000,0.000,0.000,,,,0.0500,5.000,0,0
1764012127.106170,14.365,0,0,0.000,0.00000,0.000,0.000,0.000,,,,0.0500,5.000,0,0
1764012127.195245,9.854,0,0,0.000,0.00000,0.000,0.000,0.000,,,,0.0500,5.000,0,0
1764012127.291765,10.166,0,0,0.000,0.00000,0.000,0.000,0.000,,,,0.0500,5.000,0,0
1764012127.363304,14.361,0,0,0.000,0.00000,0.000,0.000,0.000,,,,0.0500,5.000,0,0
1764012127.426630,15.298,0,0,0.000,0.00000,0.000,0.000,0.000,,,,0.0500,5.000,0,0
1764012127.484386,15.606,0,0,0.000,0.00000,0.000,0.000,0.000,,,,0.0500,5.000,0,0
1764012127.550140,14.816,0,0,0.000,0.00000,0.000,0.000,0.000,,,,0.0500,5.000,0,0
1764012127.620452,14.733,0,0,0.000,0.00000,0.000,0.000,0.000,,,,0.0500,5.000,0,0
1764012127.691408,14.910,1,1,470.358,0.00000,1.000,1.000,4.619,215668.8,0.9968,470.358,0.0500,5.000,0,0
1764012127.748825,15.122,0,0,0.000,0.00000,0.000,0.000,4.619,,,,0.0500,5.000,0,0
1764012127.827944,13.803,0,0,0.000,0.00000,0.000,0.000,4.619,,,,0.0500,5.000,0,0
1764012127.888530,15.598,0,0,0.000,0.00000,0.000,0.000,4.619,,,,0.0500,5.000,0,0
1764012127.946119,16.027,0,0,0.000,0.00000,0.000,0.000,4.619,,,,0.0500,5.000,0,0
1764012128.019432,14.382,0,0,0.000,0.00000,0.000,0.000,4.619,,,,0.0500,5.000,0,0
1764012128.086347,15.240,0,0,0.000,0.00000,0.000,0.000,4.619,,,,0.0500,5.000,0,0
1764012128.149411,15.479,0,0,0.000,0.00000,0.000,0.000,4.619,,,,0.0500,5.000,0,0
1764012128.221725,15.545,0,0,0.000,0.00000,0.000,0.000,4.619,,,,0.0500,5.000,0,0
1764012128.292439,14.867,0,0,0.000,0.00000,0.000,0.000,4.619,,,,0.0500,5.000,0,0
1764012128.345943,15.365,1,1,459.860,0.00000,1.000,1.000,4.066,207035.2,0.9986,459.860,0.0500,5.000,0,0
1764012128.415409,14.581,0,0,0.000,0.00000,0.000,0.000,4.066,,,,0.0500,5.000,0,0
1764012128.485471,14.461,0,0,0.000,0.00000,0.000,0.000,4.066,,,,0.0500,5.000,0,0
1764012128.556071,15.140,0,0,0.000,0.00000,0.000,0.000,4.066,,,,0.0500,5.000,0,0
1764012128.616748,15.132,0,0,0.000,0.00000,0.000,0.000,4.066,,,,0.0500,5.000,0,0
1764012128.686141,14.881,0,0,0.000,0.00000,0.000,0.000,4.066,,,,0.0500,5.000,0,0
1764012128.749565,16.274,0,0,0.000,0.00000,0.000,0.000,4.066,,,,0.0500,5.000,0,0
1764012128.807402,16.184,0,0,0.000,0.00000,0.000,0.000,4.066,,,,0.0500,5.000,0,0
1764012128.883855,13.408,0,0,0.000,0.00000,0.000,0.000,4.066,,,,0.0500,5.000,0,0
1764012128.957846,14.718,0,0,0.000,0.00000,0.000,0.000,4.066,,,,0.0500,5.000,0,0
1764012129.018343,15.612,0,0,0.000,0.00000,0.000,0.000,4.066,,,,0.0500,5.000,0,0
1764012129.090285,14.550,0,0,0.000,0.00000,0.000,0.000,4.066,,,,0.0500,5.000,0,0
1764012129.155148,15.139,0,0,0.000,0.00000,0.000,0.000,4.066,,,,0.0500,5.000,0,0
1764012129.220136,15.146,0,0,0.000,0.00000,0.000,0.000,4.066,,,,0.0500,5.000,0,0
1764012129.286409,14.827,0,0,0.000,0.00000,0.000,0.000,4.066,,,,0.0500,5.000,0,0
1764012129.351861,14.731,0,0,0.000,0.00000,0.000,0.000,4.066,,,,0.0500,5.000,0,0
1764012129.420749,15.168,1,1,445.468,0.00000,1.000,1.000,2.293,195253.8,0.9988,445.468,0.0500,5.000,0,0
1764012129.490058,14.313,0,0,0.000,0.00000,0.000,0.000,2.293,,,,0.0500,5.000,0,0
1764012129.550459,15.871,0,0,0.000,0.00000,0.000,0.000,2.293,,,,0.0500,5.000,0,0
1764012129.621923,14.456,0,0,0.000,0.00000,0.000,0.000,2.293,,,,0.0500,5.000,0,0
1764012129.689049,14.943,0,0,0.000,0.00000,0.000,0.000,2.293,,,,0.0500,5.000,0,0
1764012129.758062,14.956,0,0,0.000,0.00000,0.000,0.000,2.293,,,,0.0500,5.000,0,0
1764012129.828751,14.487,0,0,0.000,0.00000,0.000,0.000,2.293,,,,0.0500,5.000,0,0
1764012129.893062,15.364,0,0,0.000,0.00000,0.000,0.000,2.293,,,,0.0500,5.000,0,0
1764012129.951402,16.172,0,0,0.000,0.00000,0.000,0.000,2.293,,,,0.0500,5.000,0,0
1764012130.019931,14.901,0,0,0.000,0.00000,0.000,0.000,2.293,,,,0.0500,5.000,0,0
1764012130.091069,14.277,0,0,0.000,0.00000,0.000,0.000,2.293,,,,0.0500,5.000,0,0
1764012130.153773,16.395,0,0,0.000,0.00000,0.000,0.000,2.293,,,,0.0500,5.000,0,0
1764012130.243338,11.712,0,0,0.000,0.00000,0.000,0.000,2.293,,,,0.0500,5.000,0,0
1764012130.324641,11.558,0,0,0.000,0.00000,0.000,0.000,2.293,,,,0.0500,5.000,0,0
1764012130.388404,15.688,0,0,0.000,0.00000,0.000,0.000,2.293,,,,0.0500,5.000,0,0
1764012130.453042,14.360,0,0,0.000,0.00000,0.000,0.000,2.293,,,,0.0500,5.000,0,0
1764012130.524103,15.311,0,0,0.000,0.00000,0.000,0.000,2.293,,,,0.0500,5.000,0,0
1764012130.592698,14.763,0,0,0.000,0.00000,0.000,0.000,2.293,,,,0.0500,5.000,0,0
1764012130.650445,15.454,0,0,0.000,0.00000,0.000,0.000,2.293,,,,0.0500,5.000,0,0
1764012130.716646,15.002,0,0,0.000,0.00000,0.000,0.000,2.293,,,,0.0500,5.000,0,0
1764012130.783627,15.114,0,0,0.000,0.00000,0.000,0.000,2.293,,,,0.0500,5.000,0,0
1764012130.849364,15.412,0,0,0.000,0.00000,0.000,0.000,2.293,,,,0.0500,5.000,0,0
1764012130.917394,15.043,0,0,0.000,0.00000,0.000,0.000,2.293,,,,0.0500,5.000,0,0
1764012130.986437,14.692,0,0,0.000,0.00000,0.000,0.000,2.293,,,,0.0500,5.000,0,0
1764012131.053731,14.603,0,0,0.000,0.00000,0.000,0.000,2.293,,,,0.0500,5.000,0,0
1764012131.122923,15.416,0,0,0.000,0.00000,0.000,0.000,2.293,,,,0.0500,5.000,0,0
1764012131.180573,15.109,0,0,0.000,0.00000,0.000,0.000,2.293,,,,0.0500,5.000,0,0
1764012131.251111,14.241,0,0,0.000,0.00000,0.000,0.000,2.293,,,,0.0500,5.000,0,0
1764012131.318451,15.572,0,0,0.000,0.00000,0.000,0.000,2.293,,,,0.0500,5.000,0,0
1764012131.379005,15.359,0,0,0.000,0.00000,0.000,0.000,2.293,,,,0.0500,5.000,0,0
1764012131.455901,14.237,0,0,0.000,0.00000,0.000,0.000,2.293,,,,0.0500,5.000,0,0
1764012131.517755,15.821,0,0,0.000,0.00000,0.000,0.000,2.293,,,,0.0500,5.000,0,0
1764012131.585143,14.723,0,0,0.000,0.00000,0.000,0.000,2.293,,,,0.0500,5.000,0,0
1764012131.651554,15.125,0,0,0.000,0.00000,0.000,0.000,2.293,,,,0.0500,5.000,0,0
1764012131.721860,14.968,0,0,0.000,0.00000,0.000,0.000,2.293,,,,0.0500,5.000,0,0
1764012131.788405,14.646,0,0,0.000,0.00000,0.000,0.000,2.293,,,,0.0500,5.000,0,0
1764012131.856629,15.167,0,0,0.000,0.00000,0.000,0.000,2.293,,,,0.0500,5.000,0,0
1764012131.921133,14.916,0,0,0.000,0.00000,0.000,0.000,2.293,,,,0.0500,5.000,0,0
1764012132.001132,14.481,0,0,0.000,0.00000,0.000,0.000,2.293,,,,0.0500,5.000,0,0
1764012132.111463,9.652,0,0,0.000,0.00000,0.000,0.000,2.293,,,,0.0500,5.000,0,0
1764012132.198672,10.483,0,0,0.000,0.00000,0.000,0.000,2.293,,,,0.0500,5.000,0,0
1764012132.299299,9.867,0,0,0.000,0.00000,0.000,0.000,2.293,,,,0.0500,5.000,0,0
1764012132.388326,10.290,0,0,0.000,0.00000,0.000,0.000,2.293,,,,0.0500,5.000,0,0
1764012132.458850,14.856,0,0,0.000,0.00000,0.000,0.000,2.293,,,,0.0500,5.000,0,0
1764012132.521395,15.418,0,0,0.000,0.00000,0.000,0.000,2.293,,,,0.0500,5.000,0,0
1764012132.593661,15.017,0,0,0.000,0.00000,0.000,0.000,2.293,,,,0.0500,5.000,0,0
1764012132.657699,14.730,0,0,0.000,0.00000,0.000,0.000,2.293,,,,0.0500,5.000,0,0
1764012132.726746,15.263,0,0,0.000,0.00000,0.000,0.000,2.293,,,,0.0500,5.000,0,0
1764012132.793778,14.821,0,0,0.000,0.00000,0.000,0.000,2.293,,,,0.0500,5.000,0,0
1764012132.862441,14.536,0,0,0.000,0.00000,0.000,0.000,2.293,,,,0.0500,5.000,0,0
1764012132.960857,10.077,0,0,0.000,0.00000,0.000,0.000,2.293,,,,0.0500,5.000,0,0
1764012133.024837,15.107,0,0,0.000,0.00000,0.000,0.000,2.293,,,,0.0500,5.000,0,0
1764012133.121718,10.213,0,0,0.000,0.00000,0.000,0.000,2.293,,,,0.0500,5.000,0,0
1764012133.191665,14.748,0,0,0.000,0.00000,0.000,0.000,2.293,,,,0.0500,5.000,0,0
1764012133.256931,14.983,0,0,0.000,0.00000,0.000,0.000,2.293,,,,0.0500,5.000,0,0
1764012133.328211,14.822,0,0,0.000,0.00000,0.000,0.000,2.293,,,,0.0500,5.000,0,0
1764012133.430472,9.261,0,0,0.000,0.00000,0.000,0.000,2.293,,,,0.0500,5.000,0,0
1764012133.711492,3.792,0,0,0.000,0.00000,0.000,0.000,2.293,,,,0.0500,5.000,0,0
1764012133.774599,11.618,0,0,0.000,0.00000,0.000,0.000,2.293,,,,0.0500,5.000,0,0
1764012133.841243,14.867,0,0,0.000,0.00000,0.000,0.000,2.293,,,,0.0500,5.000,0,0
1764012133.907506,15.035,1,1,451.642,0.00000,1.000,1.000,2.293,193903.3,0.9208,451.642,0.0500,5.000,0,0
1764012133.972710,14.947,0,0,0.000,0.00000,0.000,0.000,2.293,,,,0.0500,5.000,0,0
1764012134.045212,14.994,0,0,0.000,0.00000,0.000,0.000,2.293,,,,0.0500,5.000,0,0
1764012134.119047,15.202,0,0,0.000,0.00000,0.000,0.000,2.293,,,,0.0500,5.000,0,0
1764012134.180222,14.755,0,0,0.000,0.00000,0.000,0.000,2.293,,,,0.0500,5.000,0,0
1764012134.243305,15.051,0,0,0.000,0.00000,0.000,0.000,2.293,,,,0.0500,5.000,0,0
1764012134.307493,14.849,0,0,0.000,0.00000,0.000,0.000,2.293,,,,0.0500,5.000,0,0
1764012134.370039,15.253,0,0,0.000,0.00000,0.000,0.000,2.293,,,,0.0500,5.000,0,0
1764012134.435627,15.121,0,0,0.000,0.00000,0.000,0.000,2.293,,,,0.0500,5.000,0,0
1764012134.502997,14.903,0,0,0.000,0.00000,0.000,0.000,2.293,,,,0.0500,5.000,0,0
1764012134.569288,14.938,0,0,0.000,0.00000,0.000,0.000,2.293,,,,0.0500,5.000,0,0
1764012134.634215,15.043,0,0,0.000,0.00000,0.000,0.000,2.293,,,,0.0500,5.000,0,0
1764012134.700800,14.887,0,0,0.000,0.00000,0.000,0.000,2.293,,,,0.0500,5.000,0,0
1764012134.766001,15.052,0,0,0.000,0.00000,0.000,0.000,2.293,,,,0.0500,5.000,0,0
1764012134.835322,14.909,0,0,0.000,0.00000,0.000,0.000,2.293,,,,0.0500,5.000,0,0
1764012134.900905,15.127,0,0,0.000,0.00000,0.000,0.000,2.293,,,,0.0500,5.000,0,0
1764012134.966676,14.959,1,1,454.370,0.00000,1.000,1.000,2.624,200118.3,0.9979,454.370,0.0500,5.000,0,0
1764012135.035952,14.950,1,1,451.886,0.00000,1.000,1.000,2.715,199213.6,0.9986,451.886,0.0500,5.000,0,0
1764012135.103114,15.107,0,0,0.000,0.00000,0.000,0.000,2.715,,,,0.0500,5.000,0,0
1764012135.165983,15.045,0,0,0.000,0.00000,0.000,0.000,2.715,,,,0.0500,5.000,0,0
1764012135.235851,15.059,0,0,0.000,0.00000,0.000,0.000,2.715,,,,0.0500,5.000,0,0
1764012135.300158,14.908,0,0,0.000,0.00000,0.000,0.000,2.715,,,,0.0500,5.000,0,0
1764012135.368917,14.939,0,0,0.000,0.00000,0.000,0.000,2.715,,,,0.0500,5.000,0,0
1764012135.436266,15.045,0,0,0.000,0.00000,0.000,0.000,2.715,,,,0.0500,5.000,0,0
1764012135.503680,15.007,0,0,0.000,0.00000,0.000,0.000,2.715,,,,0.0500,5.000,0,0
1764012135.572527,15.076,0,0,0.000,0.00000,0.000,0.000,2.715,,,,0.0500,5.000,0,0
1764012135.644907,13.439,0,0,0.000,0.00000,0.000,0.000,2.715,,,,0.0500,5.000,0,0
1764012135.712341,14.504,0,0,0.000,0.00000,0.000,0.000,2.715,,,,0.0500,5.000,0,0
1764012135.780586,14.853,0,0,0.000,0.00000,0.000,0.000,2.715,,,,0.0500,5.000,0,0
1764012135.845803,15.174,0,0,0.000,0.00000,0.000,0.000,2.715,,,,0.0500,5.000,0,0
1764012135.914006,14.701,0,0,0.000,0.00000,0.000,0.000,2.715,,,,0.0500,5.000,0,0
1764012135.986006,14.414,1,1,451.391,0.00000,1.000,1.000,0.993,198498.0,0.9979,451.391,0.0500,5.000,0,0
1764012136.045681,16.038,1,1,453.178,0.00000,1.000,1.000,0.916,198826.9,0.9973,453.178,0.0500,5.000,0,0
1764012136.116191,14.158,1,1,453.133,0.00000,1.000,1.000,1.750,199092.3,0.9976,453.133,0.0500,5.000,0,0
1764012136.184260,16.705,1,1,453.317,0.00000,1.000,1.000,2.373,199114.1,0.9977,453.317,0.0500,5.000,0,0
1764012136.250852,13.860,1,1,452.597,0.00000,1.000,1.000,2.738,198900.7,0.9980,452.597,0.0500,5.000,0,0
1764012136.315366,15.736,1,1,452.456,0.00000,1.000,1.000,3.369,196134.6,0.9963,452.456,0.0500,5.000,0,0
1764012136.388910,13.667,1,1,451.229,0.00000,1.000,1.000,3.394,197876.2,0.9981,451.229,0.0500,5.000,0,0
1764012136.446406,16.980,1,1,451.061,0.00000,1.000,1.000,3.458,197520.5,0.9980,451.061,0.0500,5.000,0,0
1764012136.516657,14.609,1,1,449.185,0.00000,1.000,1.000,3.433,196326.9,0.9982,449.185,0.0500,5.000,0,0
1764012136.583954,14.995,1,1,447.817,0.00000,1.000,1.000,3.354,195485.6,0.9985,447.817,0.0500,5.000,0,0
1764012136.648081,14.552,1,1,444.254,0.00000,1.000,1.000,3.140,193346.4,0.9989,444.254,0.0500,5.000,0,0
1764012136.716425,15.156,1,1,442.631,0.00000,1.000,1.000,2.902,192451.6,0.9992,442.631,0.0500,5.000,0,0
1764012136.782954,14.761,1,1,442.305,0.00000,1.000,1.000,2.742,192065.8,0.9991,442.305,0.0500,5.000,0,0
1764012136.847116,15.155,1,1,438.923,0.00000,1.000,1.000,2.477,189971.2,0.9995,438.923,0.0500,5.000,0,0
1764012136.914077,15.132,1,1,436.920,0.00000,1.000,1.000,2.204,188521.2,0.9996,436.920,0.0500,5.000,0,0
1764012136.981180,15.462,1,1,432.777,0.00000,1.000,1.000,1.654,186744.6,0.9999,432.777,0.0500,5.000,0,0
1764012137.045168,15.435,0,0,0.000,0.00000,0.000,0.000,1.654,,,,0.0500,5.000,0,0
1764012137.112333,14.728,1,1,431.151,0.00000,1.000,1.000,1.292,185290.6,0.9998,431.151,0.0500,5.000,0,0
1764012137.170407,15.759,0,0,0.000,0.00000,0.000,0.000,1.292,,,,0.0500,5.000,0,0
1764012137.247881,14.203,1,1,437.634,0.00000,1.000,1.000,1.848,186921.7,0.9985,437.634,0.0500,5.000,0,0
1764012137.315436,14.894,0,0,0.000,0.00000,0.000,0.000,1.848,,,,0.0500,5.000,0,0
1764012137.387119,14.552,0,0,0.000,0.00000,0.000,0.000,1.848,,,,0.0500,5.000,0,0
1764012137.451100,14.838,0,0,0.000,0.00000,0.000,0.000,1.848,,,,0.0500,5.000,0,0
1764012137.509566,15.991,1,1,431.722,0.00000,1.000,1.000,0.638,185828.8,0.9992,431.722,0.0500,5.000,0,0
1764012137.580685,14.364,0,0,0.000,0.00000,0.000,0.000,0.638,,,,0.0500,5.000,0,0
1764012137.642040,15.572,0,0,0.000,0.00000,0.000,0.000,0.638,,,,0.0500,5.000,0,0
1764012137.707577,15.060,0,0,0.000,0.00000,0.000,0.000,0.638,,,,0.0500,5.000,0,0
1764012137.783973,14.649,0,0,0.000,0.00000,0.000,0.000,0.638,,,,0.0500,5.000,0,0
1764012137.848700,14.608,1,1,437.580,0.00000,1.000,1.000,0.577,191379.7,0.9993,437.580,0.0500,5.000,0,0
1764012137.910416,15.163,1,1,435.627,0.00000,1.000,1.000,0.776,188842.1,0.9998,435.627,0.0500,5.000,0,0
1764012137.980842,15.310,1,1,433.955,0.00000,1.000,1.000,0.734,188730.1,0.9997,433.955,0.0500,5.000,0,0
1764012138.051200,14.132,1,1,439.429,0.00000,1.000,1.000,1.254,192556.4,0.9991,439.429,0.0500,5.000,0,0
1764012138.116871,15.944,0,0,0.000,0.00000,0.000,0.000,1.254,,,,0.0500,5.000,0,0
1764012138.188647,15.244,0,0,0.000,0.00000,0.000,0.000,1.254,,,,0.0500,5.000,0,0
1764012138.255117,14.600,1,1,434.009,0.00000,1.000,1.000,0.976,186616.4,0.9999,434.009,0.0500,5.000,0,0
1764012138.313234,15.105,1,1,433.586,0.00000,1.000,1.000,1.274,187713.1,0.9994,433.586,0.0500,5.000,0,0
1764012138.383073,14.665,0,0,0.000,0.00000,0.000,0.000,1.274,,,,0.0500,5.000,0,0
1764012138.457459,15.346,0,0,0.000,0.00000,0.000,0.000,1.274,,,,0.0500,5.000,0,0
1764012138.516288,14.973,1,1,435.740,0.00000,1.000,1.000,0.786,188399.1,0.9997,435.740,0.0500,5.000,0,0
1764012138.615997,12.001,1,1,434.463,0.00000,1.000,1.000,0.571,187798.2,1.0000,434.463,0.0500,5.000,0,0
1764012138.689331,12.285,1,1,432.467,0.00000,1.000,1.000,1.040,184415.8,0.9991,432.467,0.0500,5.000,0,0
1764012138.904124,14.137,1,1,435.761,0.00000,1.000,1.000,0.939,188773.0,0.9998,435.761,0.0500,5.000,0,0
1764012139.006243,4.318,1,1,434.213,0.00000,1.000,1.000,1.152,186679.4,0.9996,434.213,0.0500,5.000,0,0
1764012139.097550,10.080,0,0,0.000,0.00000,0.000,0.000,1.152,,,,0.0500,5.000,0,0
1764012139.197849,9.834,0,0,0.000,0.00000,0.000,0.000,1.152,,,,0.0500,5.000,0,0
1764012139.288117,10.175,1,1,433.350,0.00000,1.000,1.000,1.025,187034.9,0.9998,433.350,0.0500,5.000,0,0
1764012139.366690,14.598,1,1,432.407,0.00000,1.000,1.000,0.444,187077.6,0.9999,432.407,0.0500,5.000,0,0
1764012139.454839,10.299,1,1,433.986,0.00000,1.000,1.000,0.537,188984.3,0.9997,433.986,0.0500,5.000,0,0
1764012139.529380,14.559,1,1,437.810,0.00000,1.000,1.000,1.172,190371.1,0.9988,437.810,0.0500,5.000,0,0
1764012139.600157,15.007,1,1,436.336,0.00000,1.000,1.000,1.388,188076.1,0.9994,436.336,0.0500,5.000,0,0
1764012139.684405,10.289,1,1,438.399,0.00000,1.000,1.000,1.746,190618.6,0.9989,438.399,0.0500,5.000,0,0
1764012139.759035,14.470,1,1,437.786,0.00000,1.000,1.000,2.236,188776.4,0.9982,437.786,0.0500,5.000,0,0
1764012139.837161,14.817,0,0,0.000,0.00000,0.000,0.000,2.236,,,,0.0500,5.000,0,0
1764012139.929372,9.715,1,1,435.679,0.00000,1.000,1.000,1.739,189154.3,0.9999,435.679,0.0500,5.000,0,0
1764012140.025654,10.442,1,1,434.187,0.00000,1.000,1.000,1.673,187053.6,0.9994,434.187,0.0500,5.000,0,0
1764012140.100296,15.178,0,0,0.000,0.00000,0.000,0.000,1.673,,,,0.0500,5.000,0,0
1764012140.202219,9.539,1,1,436.924,0.00000,1.000,1.000,1.270,189602.2,0.9995,436.924,0.0500,5.000,0,0
1764012140.295708,10.131,1,1,435.351,0.00000,1.000,1.000,1.404,187624.0,0.9995,435.351,0.0500,5.000,0,0
1764012140.368847,15.594,1,1,436.319,0.00000,1.000,1.000,1.836,187050.1,0.9986,436.319,0.0500,5.000,0,0
1764012140.456869,9.954,1,1,436.718,0.00000,1.000,1.000,1.828,188764.6,0.9994,436.718,0.0500,5.000,0,0
1764012140.532953,14.679,0,0,0.000,0.00000,0.000,0.000,1.828,,,,0.0500,5.000,0,0
1764012140.634397,10.109,1,1,432.387,0.00000,1.000,1.000,1.820,186118.1,0.9995,432.387,0.0500,5.000,0,0
1764012140.724840,10.119,1,1,433.052,0.00000,1.000,1.000,1.557,186941.7,0.9999,433.052,0.0500,5.000,0,0
1764012140.799730,15.012,0,0,0.000,0.00000,0.000,0.000,1.557,,,,0.0500,5.000,0,0
1764012140.889216,10.118,1,1,436.277,0.00000,1.000,1.000,1.382,189193.9,0.9995,436.277,0.0500,5.000,0,0
1764012140.951475,15.073,0,0,0.000,0.00000,0.000,0.000,1.382,,,,0.0500,5.000,0,0
1764012141.025447,14.327,1,1,436.688,0.00000,1.000,1.000,1.048,189274.9,0.9996,436.688,0.0500,5.000,0,0
1764012141.091868,15.198,0,0,0.000,0.00000,0.000,0.000,1.048,,,,0.0500,5.000,0,0
1764012141.232317,10.925,1,1,440.506,0.00000,1.000,1.000,1.549,191317.4,0.9985,440.506,0.0500,5.000,0,0
1764012141.330354,7.031,0,0,0.000,0.00000,0.000,0.000,1.549,,,,0.0500,5.000,0,0
1764012141.426914,9.641,0,0,0.000,0.00000,0.000,0.000,1.549,,,,0.0500,5.000,0,0
1764012141.533519,10.330,0,0,0.000,0.00000,0.000,0.000,1.549,,,,0.0500,5.000,0,0
1764012141.621479,10.112,0,0,0.000,0.00000,0.000,0.000,1.549,,,,0.0500,5.000,0,0
1764012141.691179,14.902,1,1,434.551,0.00000,1.000,1.000,1.659,187198.5,0.9990,434.551,0.0500,5.000,0,0
1764012141.762599,14.877,0,0,0.000,0.00000,0.000,0.000,1.659,,,,0.0500,5.000,0,0
1764012141.837332,14.797,1,1,436.347,0.00000,1.000,1.000,1.493,189634.4,0.9993,436.347,0.0500,5.000,0,0
1764012141.929186,10.127,0,0,0.000,0.00000,0.000,0.000,1.493,,,,0.0500,5.000,0,0
1764012142.024040,9.989,1,1,434.622,0.00000,1.000,1.000,1.930,187088.0,0.9984,434.622,0.0500,5.000,0,0
1764012142.096643,14.710,1,1,436.015,0.00000,1.000,1.000,1.877,189478.3,0.9994,436.015,0.0500,5.000,0,0
1764012142.190136,10.204,0,0,0.000,0.00000,0.000,0.000,1.877,,,,0.0500,5.000,0,0
1764012142.261802,14.530,0,0,0.000,0.00000,0.000,0.000,1.877,,,,0.0500,5.000,0,0
1764012142.320011,15.671,0,0,0.000,0.00000,0.000,0.000,1.877,,,,0.0500,5.000,0,0
1764012142.392201,15.177,1,1,431.939,0.00000,1.000,1.000,1.550,186255.6,0.9999,431.939,0.0500,5.000,0,0
1764012142.461508,15.094,0,0,0.000,0.00000,0.000,0.000,1.550,,,,0.0500,5.000,0,0
1764012142.555289,10.160,0,0,0.000,0.00000,0.000,0.000,1.550,,,,0.0500,5.000,0,0
1764012142.665053,10.091,1,1,440.775,0.00000,1.000,1.000,0.978,192520.1,0.9997,440.775,0.0500,5.000,0,0
1764012142.765516,9.747,1,1,440.430,0.00000,1.000,1.000,1.055,191469.2,0.9992,440.430,0.0500,5.000,0,0
1764012142.860664,9.918,0,0,0.000,0.00000,0.000,0.000,1.055,,,,0.0500,5.000,0,0
1764012142.929794,14.678,1,1,438.549,0.00000,1.000,1.000,1.128,190230.1,0.9996,438.549,0.0500,5.000,0,0
1764012143.030961,9.891,1,1,434.259,0.00000,1.000,1.000,1.211,187612.0,0.9997,434.259,0.0500,5.000,0,0
1764012143.122042,10.156,0,0,0.000,0.00000,0.000,0.000,1.211,,,,0.0500,5.000,0,0
1764012143.191848,15.955,1,1,433.521,0.00000,1.000,1.000,1.302,187102.1,0.9993,433.521,0.0500,5.000,0,0
1764012143.253115,14.813,0,0,0.000,0.00000,0.000,0.000,1.302,,,,0.0500,5.000,0,0
1764012143.328021,14.668,1,1,432.548,0.00000,1.000,1.000,1.627,186595.4,0.9988,432.548,0.0500,5.000,0,0
1764012143.428358,10.060,1,1,432.217,0.00000,1.000,1.000,2.277,184409.5,0.9977,432.217,0.0500,5.000,0,0
1764012143.521658,9.782,1,1,433.917,0.00000,1.000,1.000,2.243,186351.9,0.9993,433.917,0.0500,5.000,0,0
1764012143.597743,14.737,1,1,433.649,0.00000,1.000,1.000,2.418,186345.1,0.9988,433.649,0.0500,5.000,0,0
1764012143.686087,10.346,1,1,431.243,0.00000,1.000,1.000,2.565,185618.9,0.9986,431.243,0.0500,5.000,0,0
1764012143.761664,14.729,1,1,431.747,0.00000,1.000,1.000,2.253,187170.4,0.9995,431.747,0.0500,5.000,0,0
1764012143.863025,9.745,1,1,432.906,0.00000,1.000,1.000,1.977,185826.5,0.9996,432.906,0.0500,5.000,0,0
1764012143.946692,10.424,0,0,0.000,0.00000,0.000,0.000,1.977,,,,0.0500,5.000,0,0
1764012144.017037,14.551,1,1,432.275,0.00000,1.000,1.000,1.502,187096.8,1.0000,432.275,0.0500,5.000,0,0
1764012144.087459,15.467,0,0,0.000,0.00000,0.000,0.000,1.502,,,,0.0500,5.000,0,0
1764012400.877766,41.880,0,0,0.000,0.00000,0.000,0.000,0.000,,,,0.0500,5.000,0,0
1764012401.114349,3.748,0,0,0.000,0.00000,0.000,0.000,0.000,,,,0.0500,5.000,0,0
1764012401.221915,4.999,0,0,0.000,0.00000,0.000,0.000,0.000,,,,0.0500,5.000,0,0
1764012401.405663,7.603,0,0,0.000,0.00000,0.000,0.000,0.000,,,,0.0500,5.000,0,0
1764012401.509251,5.977,0,0,0.000,0.00000,0.000,0.000,0.000,,,,0.0500,5.000,0,0
1764012401.605694,9.958,0,0,0.000,0.00000,0.000,0.000,0.000,,,,0.0500,5.000,0,0
1764012401.709475,10.101,0,0,0.000,0.00000,0.000,0.000,0.000,,,,0.0500,5.000,0,0
1764012401.796636,11.353,0,0,0.000,0.00000,0.000,0.000,0.000,,,,0.0500,5.000,0,0
1764012401.904182,9.815,0,0,0.000,0.00000,0.000,0.000,0.000,,,,0.0500,5.000,0,0
1764012401.993915,10.017,0,0,0.000,0.00000,0.000,0.000,0.000,,,,0.0500,5.000,0,0
1764012402.061983,14.601,0,0,0.000,0.00000,0.000,0.000,0.000,,,,0.0500,5.000,0,0
1764012402.157840,10.448,0,0,0.000,0.00000,0.000,0.000,0.000,,,,0.0500,5.000,0,0
1764012402.225429,14.639,0,0,0.000,0.00000,0.000,0.000,0.000,,,,0.0500,5.000,0,0
1764012402.338328,9.801,1,1,449.380,0.00000,1.000,1.000,4.153,196269.8,0.9974,449.380,0.0500,5.000,0,0
1764012402.411195,10.598,1,1,447.486,0.00000,1.000,1.000,4.028,194916.0,0.9979,447.486,0.0500,5.000,0,0
1764012402.479285,14.309,1,1,448.493,0.00000,1.000,1.000,3.755,196108.9,0.9985,448.493,0.0500,5.000,0,0
1764012402.548074,15.495,0,0,0.000,0.00000,0.000,0.000,3.755,,,,0.0500,5.000,0,0
1764012402.620607,13.370,1,1,435.950,0.00000,1.000,1.000,3.191,187295.1,0.9994,435.950,0.0500,5.000,0,0
1764012402.685050,15.829,1,1,435.003,0.00000,1.000,1.000,2.798,186584.4,0.9994,435.003,0.0500,5.000,0,0
1764012402.753477,15.766,0,0,0.000,0.00000,0.000,0.000,2.798,,,,0.0500,5.000,0,0
1764012402.816333,15.596,0,0,0.000,0.00000,0.000,0.000,2.798,,,,0.0500,5.000,0,0
1764012402.881098,14.674,0,0,0.000,0.00000,0.000,0.000,2.798,,,,0.0500,5.000,0,0
1764012402.954353,13.987,0,0,0.000,0.00000,0.000,0.000,2.798,,,,0.0500,5.000,0,0
1764012403.016931,15.612,0,0,0.000,0.00000,0.000,0.000,2.798,,,,0.0500,5.000,0,0
1764012403.086212,14.682,1,1,427.835,0.00000,1.000,1.000,2.266,182400.7,0.9997,427.835,0.0500,5.000,0,0
1764012403.147640,14.932,0,0,0.000,0.00000,0.000,0.000,2.266,,,,0.0500,5.000,0,0
1764012403.224805,14.687,0,0,0.000,0.00000,0.000,0.000,2.266,,,,0.0500,5.000,0,0
1764012403.294198,15.195,0,0,0.000,0.00000,0.000,0.000,2.266,,,,0.0500,5.000,0,0
1764012403.383743,10.298,0,0,0.000,0.00000,0.000,0.000,2.266,,,,0.0500,5.000,0,0
1764012403.456421,14.491,0,0,0.000,0.00000,0.000,0.000,2.266,,,,0.0500,5.000,0,0
1764012403.519770,15.139,0,0,0.000,0.00000,0.000,0.000,2.266,,,,0.0500,5.000,0,0
1764012403.585842,15.074,0,0,0.000,0.00000,0.000,0.000,2.266,,,,0.0500,5.000,0,0
1764012403.672051,14.416,0,0,0.000,0.00000,0.000,0.000,2.266,,,,0.0500,5.000,0,0
1764012403.770661,10.310,0,0,0.000,0.00000,0.000,0.000,2.266,,,,0.0500,5.000,0,0
1764012403.849621,10.157,0,0,0.000,0.00000,0.000,0.000,2.266,,,,0.0500,5.000,0,0
1764012403.917113,15.185,0,0,0.000,0.00000,0.000,0.000,2.266,,,,0.0500,5.000,0,0
1764012403.995853,13.770,0,0,0.000,0.00000,0.000,0.000,2.266,,,,0.0500,5.000,0,0
1764012404.092426,10.493,0,0,0.000,0.00000,0.000,0.000,2.266,,,,0.0500,5.000,0,0
1764012404.154836,14.352,0,0,0.000,0.00000,0.000,0.000,2.266,,,,0.0500,5.000,0,0
1764012404.208819,15.791,0,0,0.000,0.00000,0.000,0.000,2.266,,,,0.0500,5.000,0,0
1764012404.293800,14.502,0,0,0.000,0.00000,0.000,0.000,2.266,,,,0.0500,5.000,0,0
1764012404.408060,10.008,0,0,0.000,0.00000,0.000,0.000,2.266,,,,0.0500,5.000,0,0
1764012404.510107,9.865,0,0,0.000,0.00000,0.000,0.000,2.266,,,,0.0500,5.000,0,0
1764012404.616014,9.796,0,0,0.000,0.00000,0.000,0.000,2.266,,,,0.0500,5.000,0,0
1764012404.706646,10.297,0,0,0.000,0.00000,0.000,0.000,2.266,,,,0.0500,5.000,0,0
1764012404.782008,10.164,0,0,0.000,0.00000,0.000,0.000,2.266,,,,0.0500,5.000,0,0
1764012404.856823,15.191,0,0,0.000,0.00000,0.000,0.000,2.266,,,,0.0500,5.000,0,0
1764012404.940258,14.863,0,0,0.000,0.00000,0.000,0.000,2.266,,,,0.0500,5.000,0,0
1764012405.013491,10.243,0,0,0.000,0.00000,0.000,0.000,2.266,,,,0.0500,5.000,0,0
1764012405.093961,14.783,0,0,0.000,0.00000,0.000,0.000,2.266,,,,0.0500,5.000,0,0
1764012405.177228,14.410,0,0,0.000,0.00000,0.000,0.000,2.266,,,,0.0500,5.000,0,0
1764012405.258583,10.086,0,0,0.000,0.00000,0.000,0.000,2.266,,,,0.0500,5.000,0,0
1764012405.337743,14.842,0,0,0.000,0.00000,0.000,0.000,2.266,,,,0.0500,5.000,0,0
1764012405.436764,9.996,0,0,0.000,0.00000,0.000,0.000,2.266,,,,0.0500,5.000,0,0
1764012405.535022,9.880,0,0,0.000,0.00000,0.000,0.000,2.266,,,,0.0500,5.000,0,0
1764012405.635628,10.046,0,0,0.000,0.00000,0.000,0.000,2.266,,,,0.0500,5.000,0,0
1764012405.717031,10.481,0,0,0.000,0.00000,0.000,0.000,2.266,,,,0.0500,5.000,0,0
1764012405.766086,15.576,0,0,0.000,0.00000,0.000,0.000,2.266,,,,0.0500,5.000,0,0
1764012405.844354,14.549,0,0,0.000,0.00000,0.000,0.000,2.266,,,,0.0500,5.000,0,0
1764012405.920335,14.612,0,0,0.000,0.00000,0.000,0.000,2.266,,,,0.0500,5.000,0,0
1764012405.987550,15.065,0,0,0.000,0.00000,0.000,0.000,2.266,,,,0.0500,5.000,0,0
1764012406.065254,14.520,0,0,0.000,0.00000,0.000,0.000,2.266,,,,0.0500,5.000,0,0
1764012406.175606,9.711,0,0,0.000,0.00000,0.000,0.000,2.266,,,,0.0500,5.000,0,0
1764012406.269932,10.046,0,0,0.000,0.00000,0.000,0.000,2.266,,,,0.0500,5.000,0,0
1764012406.371388,10.456,0,0,0.000,0.00000,0.000,0.000,2.266,,,,0.0500,5.000,0,0
1764012406.465064,10.019,0,0,0.000,0.00000,0.000,0.000,2.266,,,,0.0500,5.000,0,0
1764012406.555426,10.000,0,0,0.000,0.00000,0.000,0.000,2.266,,,,0.0500,5.000,0,0
1764012406.626167,15.077,0,0,0.000,0.00000,0.000,0.000,2.266,,,,0.0500,5.000,0,0
1764012406.728801,10.113,0,0,0.000,0.00000,0.000,0.000,2.266,,,,0.0500,5.000,0,0
1764012406.847554,9.693,0,0,0.000,0.00000,0.000,0.000,2.266,,,,0.0500,5.000,0,0
1764012406.934736,10.232,0,0,0.000,0.00000,0.000,0.000,2.266,,,,0.0500,5.000,0,0
1764012407.041202,9.715,0,0,0.000,0.00000,0.000,0.000,2.266,,,,0.0500,5.000,0,0
1764012407.125836,10.604,0,0,0.000,0.00000,0.000,0.000,2.266,,,,0.0500,5.000,0,0
1764012407.196026,13.507,0,0,0.000,0.00000,0.000,0.000,2.266,,,,0.0500,5.000,0,0
1764012407.321516,10.148,0,0,0.000,0.00000,0.000,0.000,2.266,,,,0.0500,5.000,0,0
1764012407.406842,7.770,0,0,0.000,0.00000,0.000,0.000,2.266,,,,0.0500,5.000,0,0
1764012407.486306,14.830,0,0,0.000,0.00000,0.000,0.000,2.266,,,,0.0500,5.000,0,0
1764012407.553206,14.675,0,0,0.000,0.00000,0.000,0.000,2.266,,,,0.0500,5.000,0,0
1764012407.620290,15.132,0,0,0.000,0.00000,0.000,0.000,2.266,,,,0.0500,5.000,0,0
1764012407.697370,14.844,0,0,0.000,0.00000,0.000,0.000,2.266,,,,0.0500,5.000,0,0
1764012407.800507,9.614,0,0,0.000,0.00000,0.000,0.000,2.266,,,,0.0500,5.000,0,0
1764012407.897724,10.070,0,0,0.000,0.00000,0.000,0.000,2.266,,,,0.0500,5.000,0,0
1764012408.013487,10.079,0,0,0.000,0.00000,0.000,0.000,2.266,,,,0.0500,5.000,0,0
1764012408.079771,10.520,0,0,0.000,0.00000,0.000,0.000,2.266,,,,0.0500,5.000,0,0
1764012408.162098,14.332,0,0,0.000,0.00000,0.000,0.000,2.266,,,,0.0500,5.000,0,0
1764012408.259341,10.147,0,0,0.000,0.00000,0.000,0.000,2.266,,,,0.0500,5.000,0,0
1764012408.348612,10.142,0,0,0.000,0.00000,0.000,0.000,2.266,,,,0.0500,5.000,0,0
1764012408.428493,14.090,0,0,0.000,0.00000,0.000,0.000,2.266,,,,0.0500,5.000,0,0
1764012408.519415,10.485,0,0,0.000,0.00000,0.000,0.000,2.266,,,,0.0500,5.000,0,0
1764012408.600506,14.223,0,0,0.000,0.00000,0.000,0.000,2.266,,,,0.0500,5.000,0,0
1764012408.701251,10.094,0,0,0.000,0.00000,0.000,0.000,2.266,,,,0.0500,5.000,0,0
1764012408.784315,10.295,0,0,0.000,0.00000,0.000,0.000,2.266,,,,0.0500,5.000,0,0
1764012408.847542,14.208,0,0,0.000,0.00000,0.000,0.000,2.266,,,,0.0500,5.000,0,0
1764012408.949422,14.636,0,0,0.000,0.00000,0.000,0.000,2.266,,,,0.0500,5.000,0,0
1764012409.019299,10.454,0,0,0.000,0.00000,0.000,0.000,2.266,,,,0.0500,5.000,0,0
1764012409.083753,14.984,0,0,0.000,0.00000,0.000,0.000,2.266,,,,0.0500,5.000,0,0
1764012409.160036,14.691,0,0,0.000,0.00000,0.000,0.000,2.266,,,,0.0500,5.000,0,0
1764012409.256738,10.082,0,0,0.000,0.00000,0.000,0.000,2.266,,,,0.0500,5.000,0,0
1764012409.321030,15.338,0,0,0.000,0.00000,0.000,0.000,2.266,,,,0.0500,5.000,0,0
1764012409.386061,14.659,0,0,0.000,0.00000,0.000,0.000,2.266,,,,0.0500,5.000,0,0
1764012409.450236,15.074,0,0,0.000,0.00000,0.000,0.000,2.266,,,,0.0500,5.000,0,0
1764012409.520140,14.823,0,0,0.000,0.00000,0.000,0.000,2.266,,,,0.0500,5.000,0,0
1764012409.597322,14.783,0,0,0.000,0.00000,0.000,0.000,2.266,,,,0.0500,5.000,0,0
1764012409.695155,9.966,0,0,0.000,0.00000,0.000,0.000,2.266,,,,0.0500,5.000,0,0
1764012409.760192,14.000,0,0,0.000,0.00000,0.000,0.000,2.266,,,,0.0500,5.000,0,0
1764012409.825452,16.165,0,0,0.000,0.00000,0.000,0.000,2.266,,,,0.0500,5.000,0,0
1764012409.891008,14.406,0,0,0.000,0.00000,0.000,0.000,2.266,,,,0.0500,5.000,0,0
1764012409.958663,15.859,0,0,0.000,0.00000,0.000,0.000,2.266,,,,0.0500,5.000,0,0
1764012410.023009,14.196,0,0,0.000,0.00000,0.000,0.000,2.266,,,,0.0500,5.000,0,0
1764012410.081501,15.889,0,0,0.000,0.00000,0.000,0.000,2.266,,,,0.0500,5.000,0,0
1764012410.141517,15.488,0,0,0.000,0.00000,0.000,0.000,2.266,,,,0.0500,5.000,0,0
1764012410.212294,14.474,0,0,0.000,0.00000,0.000,0.000,2.266,,,,0.0500,5.000,0,0
1764012410.278456,15.065,0,0,0.000,0.00000,0.000,0.000,2.266,,,,0.0500,5.000,0,0
1764012410.347485,15.443,0,0,0.000,0.00000,0.000,0.000,2.266,,,,0.0500,5.000,0,0
1764012410.413802,14.751,0,0,0.000,0.00000,0.000,0.000,2.266,,,,0.0500,5.000,0,0
1764012410.481393,14.854,0,0,0.000,0.00000,0.000,0.000,2.266,,,,0.0500,5.000,0,0
1764012410.547978,14.735,0,0,0.000,0.00000,0.000,0.000,2.266,,,,0.0500,5.000,0,0
1764012410.616513,14.976,0,0,0.000,0.00000,0.000,0.000,2.266,,,,0.0500,5.000,0,0
1764012410.703849,13.453,0,0,0.000,0.00000,0.000,0.000,2.266,,,,0.0500,5.000,0,0
1764012410.784334,11.023,0,0,0.000,0.00000,0.000,0.000,2.266,,,,0.0500,5.000,0,0
1764012410.855437,14.427,1,1,435.301,0.00000,1.000,1.000,1.415,189891.9,0.9999,435.301,0.0500,5.000,0,0
1764012410.926210,14.837,0,0,0.000,0.00000,0.000,0.000,1.415,,,,0.0500,5.000,0,0
1764012411.020613,10.165,0,0,0.000,0.00000,0.000,0.000,1.415,,,,0.0500,5.000,0,0
1764012411.087044,14.957,1,1,432.915,0.00000,1.000,1.000,0.910,188118.4,0.9997,432.915,0.0500,5.000,0,0
1764012411.147407,14.975,0,0,0.000,0.00000,0.000,0.000,0.910,,,,0.0500,5.000,0,0
1764012411.213055,15.161,0,0,0.000,0.00000,0.000,0.000,0.910,,,,0.0500,5.000,0,0
1764012411.284027,14.568,0,0,0.000,0.00000,0.000,0.000,0.910,,,,0.0500,5.000,0,0
1764012411.349151,15.204,0,0,0.000,0.00000,0.000,0.000,0.910,,,,0.0500,5.000,0,0
1764012411.411275,15.577,0,0,0.000,0.00000,0.000,0.000,0.910,,,,0.0500,5.000,0,0
1764012411.482712,14.324,0,0,0.000,0.00000,0.000,0.000,0.910,,,,0.0500,5.000,0,0
1764012411.555091,15.046,0,0,0.000,0.00000,0.000,0.000,0.910,,,,0.0500,5.000,0,0
1764012411.618249,15.883,0,0,0.000,0.00000,0.000,0.000,0.910,,,,0.0500,5.000,0,0
1764012411.726921,14.483,0,0,0.000,0.00000,0.000,0.000,0.910,,,,0.0500,5.000,0,0
1764012411.824787,7.553,0,0,0.000,0.00000,0.000,0.000,0.910,,,,0.0500,5.000,0,0
1764012411.887921,14.655,0,0,0.000,0.00000,0.000,0.000,0.910,,,,0.0500,5.000,0,0
1764012411.960034,15.030,0,0,0.000,0.00000,0.000,0.000,0.910,,,,0.0500,5.000,0,0
1764012412.055790,10.238,0,0,0.000,0.00000,0.000,0.000,0.910,,,,0.0500,5.000,0,0
1764012412.122478,14.992,0,0,0.000,0.00000,0.000,0.000,0.910,,,,0.0500,5.000,0,0
1764012412.184133,14.830,0,0,0.000,0.00000,0.000,0.000,0.910,,,,0.0500,5.000,0,0
1764012412.248732,15.025,0,0,0.000,0.00000,0.000,0.000,0.910,,,,0.0500,5.000,0,0
1764012412.316193,14.906,0,0,0.000,0.00000,0.000,0.000,0.910,,,,0.0500,5.000,0,0
1764012412.383515,14.964,0,0,0.000,0.00000,0.000,0.000,0.910,,,,0.0500,5.000,0,0
1764012412.452854,15.114,0,0,0.000,0.00000,0.000,0.000,0.910,,,,0.0500,5.000,0,0
1764012412.517632,14.985,0,0,0.000,0.00000,0.000,0.000,0.910,,,,0.0500,5.000,0,0
1764012412.585913,14.862,0,0,0.000,0.00000,0.000,0.000,0.910,,,,0.0500,5.000,0,0
1764012412.660562,14.833,0,0,0.000,0.00000,0.000,0.000,0.910,,,,0.0500,5.000,0,0
1764012412.752648,9.960,0,0,0.000,0.00000,0.000,0.000,0.910,,,,0.0500,5.000,0,0
1764012412.814571,16.037,0,0,0.000,0.00000,0.000,0.000,0.910,,,,0.0500,5.000,0,0
1764012412.883645,14.586,0,0,0.000,0.00000,0.000,0.000,0.910,,,,0.0500,5.000,0,0
1764012412.946367,15.150,0,0,0.000,0.00000,0.000,0.000,0.910,,,,0.0500,5.000,0,0
1764012413.018502,14.797,0,0,0.000,0.00000,0.000,0.000,0.910,,,,0.0500,5.000,0,0
1764012413.084253,14.840,0,0,0.000,0.00000,0.000,0.000,0.910,,,,0.0500,5.000,0,0
1764012413.154947,14.749,0,0,0.000,0.00000,0.000,0.000,0.910,,,,0.0500,5.000,0,0
1764012413.220800,15.190,0,0,0.000,0.00000,0.000,0.000,0.910,,,,0.0500,5.000,0,0
1764012413.286033,14.981,0,0,0.000,0.00000,0.000,0.000,0.910,,,,0.0500,5.000,0,0
1764012413.365386,14.084,0,0,0.000,0.00000,0.000,0.000,0.910,,,,0.0500,5.000,0,0
1764012413.450748,10.265,0,0,0.000,0.00000,0.000,0.000,0.910,,,,0.0500,5.000,0,0
1764012413.520333,14.653,0,0,0.000,0.00000,0.000,0.000,0.910,,,,0.0500,5.000,0,0
1764012413.585222,15.183,0,0,0.000,0.00000,0.000,0.000,0.910,,,,0.0500,5.000,0,0
1764012413.653501,15.112,0,0,0.000,0.00000,0.000,0.000,0.910,,,,0.0500,5.000,0,0
1764012413.717819,14.943,0,0,0.000,0.00000,0.000,0.000,0.910,,,,0.0500,5.000,0,0
1764012413.783354,15.399,0,0,0.000,0.00000,0.000,0.000,0.910,,,,0.0500,5.000,0,0
1764012413.853270,14.128,0,0,0.000,0.00000,0.000,0.000,0.910,,,,0.0500,5.000,0,0
1764012413.915054,16.373,0,0,0.000,0.00000,0.000,0.000,0.910,,,,0.0500,5.000,0,0
1764012413.982564,14.939,0,0,0.000,0.00000,0.000,0.000,0.910,,,,0.0500,5.000,0,0
1764012414.047819,14.932,0,0,0.000,0.00000,0.000,0.000,0.910,,,,0.0500,5.000,0,0
1764012414.117942,14.905,0,0,0.000,0.00000,0.000,0.000,0.910,,,,0.0500,5.000,0,0
1764012414.182219,14.959,0,0,0.000,0.00000,0.000,0.000,0.910,,,,0.0500,5.000,0,0
1764012414.253217,14.500,0,0,0.000,0.00000,0.000,0.000,0.910,,,,0.0500,5.000,0,0
1764012414.322945,14.907,0,0,0.000,0.00000,0.000,0.000,0.910,,,,0.0500,5.000,0,0
1764012414.388548,15.181,0,0,0.000,0.00000,0.000,0.000,0.910,,,,0.0500,5.000,0,0
1764012414.453493,15.000,0,0,0.000,0.00000,0.000,0.000,0.910,,,,0.0500,5.000,0,0
1764012414.520783,14.887,0,0,0.000,0.00000,0.000,0.000,0.910,,,,0.0500,5.000,0,0
1764012414.589886,14.741,0,0,0.000,0.00000,0.000,0.000,0.910,,,,0.0500,5.000,0,0
1764012414.649934,15.760,0,0,0.000,0.00000,0.000,0.000,0.910,,,,0.0500,5.000,0,0
1764012414.715664,14.916,0,0,0.000,0.00000,0.000,0.000,0.910,,,,0.0500,5.000,0,0
1764012414.782495,15.166,0,0,0.000,0.00000,0.000,0.000,0.910,,,,0.0500,5.000,0,0
1764012414.855293,13.969,0,0,0.000,0.00000,0.000,0.000,0.910,,,,0.0500,5.000,0,0
1764012414.915609,16.044,0,0,0.000,0.00000,0.000,0.000,0.910,,,,0.0500,5.000,0,0
1764012414.987124,14.458,0,0,0.000,0.00000,0.000,0.000,0.910,,,,0.0500,5.000,0,0
1764012415.052233,16.046,0,0,0.000,0.00000,0.000,0.000,0.910,,,,0.0500,5.000,0,0
1764012415.117676,14.698,0,0,0.000,0.00000,0.000,0.000,0.910,,,,0.0500,5.000,0,0
1764012415.184531,14.775,0,0,0.000,0.00000,0.000,0.000,0.910,,,,0.0500,5.000,0,0
1764012415.253572,14.774,0,0,0.000,0.00000,0.000,0.000,0.910,,,,0.0500,5.000,0,0
1764012415.314629,15.458,0,0,0.000,0.00000,0.000,0.000,0.910,,,,0.0500,5.000,0,0
1764012415.383879,14.526,0,0,0.000,0.00000,0.000,0.000,0.910,,,,0.0500,5.000,0,0
1764012415.452138,14.766,0,0,0.000,0.00000,0.000,0.000,0.910,,,,0.0500,5.000,0,0
1764012415.510800,15.809,0,0,0.000,0.00000,0.000,0.000,0.910,,,,0.0500,5.000,0,0
1764012415.586920,14.814,0,0,0.000,0.00000,0.000,0.000,0.910,,,,0.0500,5.000,0,0
1764012415.649075,14.943,0,0,0.000,0.00000,0.000,0.000,0.910,,,,0.0500,5.000,0,0
1764012415.714556,14.712,0,0,0.000,0.00000,0.000,0.000,0.910,,,,0.0500,5.000,0,0
1764012415.781939,15.038,1,1,434.419,0.00000,1.000,1.000,1.059,187783.8,0.9996,434.419,0.0500,5.000,0,0
1764012415.853777,15.017,1,1,436.561,0.00000,1.000,1.000,1.238,189252.0,0.9996,436.561,0.0500,5.000,0,0
1764012415.920902,15.260,1,1,436.968,0.00000,1.000,1.000,1.543,188651.4,0.9992,436.968,0.0500,5.000,0,0
1764012415.991956,14.655,1,1,438.594,0.00000,1.000,1.000,1.701,190491.0,0.9993,438.594,0.0500,5.000,0,0
1764012416.059750,14.775,1,1,439.191,0.00000,1.000,1.000,1.908,190515.0,0.9991,439.191,0.0500,5.000,0,0
1764012416.124853,15.507,1,1,440.117,0.00000,1.000,1.000,2.006,191480.9,0.9992,440.117,0.0500,5.000,0,0
1764012416.192361,14.993,0,0,0.000,0.00000,0.000,0.000,2.006,,,,0.0500,5.000,0,0
1764012416.259051,14.811,0,0,0.000,0.00000,0.000,0.000,2.006,,,,0.0500,5.000,0,0
1764012416.312225,15.428,0,0,0.000,0.00000,0.000,0.000,2.006,,,,0.0500,5.000,0,0
1764012416.386481,14.881,0,0,0.000,0.00000,0.000,0.000,2.006,,,,0.0500,5.000,0,0
1764012416.463643,14.815,0,0,0.000,0.00000,0.000,0.000,2.006,,,,0.0500,5.000,0,0
1764012416.556565,10.060,0,0,0.000,0.00000,0.000,0.000,2.006,,,,0.0500,5.000,0,0
1764012416.627922,15.127,0,0,0.000,0.00000,0.000,0.000,2.006,,,,0.0500,5.000,0,0
1764012416.726281,9.870,0,0,0.000,0.00000,0.000,0.000,2.006,,,,0.0500,5.000,0,0
1764012416.792113,14.944,0,0,0.000,0.00000,0.000,0.000,2.006,,,,0.0500,5.000,0,0
1764012416.851830,15.554,1,1,434.971,0.00000,1.000,1.000,1.999,188282.7,0.9988,434.971,0.0500,5.000,0,0
1764012416.919656,14.594,1,1,435.504,0.00000,1.000,1.000,2.219,189396.5,0.9987,435.504,0.0500,5.000,0,0
1764012416.982711,14.351,0,0,0.000,0.00000,0.000,0.000,2.219,,,,0.0500,5.000,0,0
1764012417.046582,15.652,1,1,435.828,0.00000,1.000,1.000,2.450,189791.9,0.9986,435.828,0.0500,5.000,0,0
1764012417.114734,14.723,1,1,435.469,0.00000,1.000,1.000,2.578,189317.3,0.9987,435.469,0.0500,5.000,0,0
1764012417.183391,14.864,1,1,435.760,0.00000,1.000,1.000,2.705,189714.1,0.9986,435.760,0.0500,5.000,0,0
1764012417.248560,14.946,1,1,435.883,0.00000,1.000,1.000,2.769,189806.0,0.9987,435.883,0.0500,5.000,0,0
1764012417.313917,14.946,1,1,435.821,0.00000,1.000,1.000,2.835,189739.0,0.9986,435.821,0.0500,5.000,0,0
1764012417.379795,15.314,1,1,435.877,0.00000,1.000,1.000,2.894,189806.4,0.9986,435.877,0.0500,5.000,0,0
1764012417.450012,14.508,1,1,435.841,0.00000,1.000,1.000,2.936,189863.8,0.9986,435.841,0.0500,5.000,0,0
1764012417.513591,15.179,0,0,0.000,0.00000,0.000,0.000,2.936,,,,0.0500,5.000,0,0
1764012417.581394,15.260,0,0,0.000,0.00000,0.000,0.000,2.936,,,,0.0500,5.000,0,0
1764012417.648013,14.877,1,1,435.784,0.00000,1.000,1.000,2.954,189746.1,0.9986,435.784,0.0500,5.000,0,0
1764012417.715751,15.150,1,1,435.891,0.00000,1.000,1.000,2.966,189815.7,0.9986,435.891,0.0500,5.000,0,0
1764012417.779051,14.860,0,0,0.000,0.00000,0.000,0.000,2.966,,,,0.0500,5.000,0,0
1764012417.847679,15.068,1,1,435.639,0.00000,1.000,1.000,2.971,189463.4,0.9986,435.639,0.0500,5.000,0,0
1764012417.925499,13.755,1,1,434.156,0.00000,1.000,1.000,2.905,188656.8,0.9988,434.156,0.0500,5.000,0,0
1764012417.979465,16.849,0,0,0.000,0.00000,0.000,0.000,2.905,,,,0.0500,5.000,0,0
1764012418.047724,15.094,0,0,0.000,0.00000,0.000,0.000,2.905,,,,0.0500,5.000,0,0
1764012418.112546,15.720,0,0,0.000,0.00000,0.000,0.000,2.905,,,,0.0500,5.000,0,0
1764012418.182045,14.155,0,0,0.000,0.00000,0.000,0.000,2.905,,,,0.0500,5.000,0,0
1764012418.248440,15.205,0,0,0.000,0.00000,0.000,0.000,2.905,,,,0.0500,5.000,0,0
1764012418.323150,14.613,0,0,0.000,0.00000,0.000,0.000,2.905,,,,0.0500,5.000,0,0
1764012418.388420,15.282,0,0,0.000,0.00000,0.000,0.000,2.905,,,,0.0500,5.000,0,0
1764012418.454046,15.946,0,0,0.000,0.00000,0.000,0.000,2.905,,,,0.0500,5.000,0,0
1764012418.512638,15.032,0,0,0.000,0.00000,0.000,0.000,2.905,,,,0.0500,5.000,0,0
1764012418.581482,14.946,0,0,0.000,0.00000,0.000,0.000,2.905,,,,0.0500,5.000,0,0
1764012418.650544,14.484,0,0,0.000,0.00000,0.000,0.000,2.905,,,,0.0500,5.000,0,0
1764012418.718125,15.244,0,0,0.000,0.00000,0.000,0.000,2.905,,,,0.0500,5.000,0,0
1764012418.782467,15.225,0,0,0.000,0.00000,0.000,0.000,2.905,,,,0.0500,5.000,0,0
1764012418.851386,14.837,0,0,0.000,0.00000,0.000,0.000,2.905,,,,0.0500,5.000,0,0
1764012418.917641,14.964,0,0,0.000,0.00000,0.000,0.000,2.905,,,,0.0500,5.000,0,0
1764012418.984975,14.982,0,0,0.000,0.00000,0.000,0.000,2.905,,,,0.0500,5.000,0,0
1764012419.051982,14.766,0,0,0.000,0.00000,0.000,0.000,2.905,,,,0.0500,5.000,0,0
1764012419.120091,14.656,0,0,0.000,0.00000,0.000,0.000,2.905,,,,0.0500,5.000,0,0
1764012419.187887,14.944,0,0,0.000,0.00000,0.000,0.000,2.905,,,,0.0500,5.000,0,0
1764012419.253420,14.994,0,0,0.000,0.00000,0.000,0.000,2.905,,,,0.0500,5.000,0,0
1764012419.318038,15.465,0,0,0.000,0.00000,0.000,0.000,2.905,,,,0.0500,5.000,0,0
1764012419.379994,15.008,0,0,0.000,0.00000,0.000,0.000,2.905,,,,0.0500,5.000,0,0
1764012419.452691,15.220,0,0,0.000,0.00000,0.000,0.000,2.905,,,,0.0500,5.000,0,0
1764012419.522965,15.483,0,0,0.000,0.00000,0.000,0.000,2.905,,,,0.0500,5.000,0,0
1764012419.580553,15.336,0,0,0.000,0.00000,0.000,0.000,2.905,,,,0.0500,5.000,0,0
1764012419.653987,14.451,0,0,0.000,0.00000,0.000,0.000,2.905,,,,0.0500,5.000,0,0
1764012419.732394,14.986,0,0,0.000,0.00000,0.000,0.000,2.905,,,,0.0500,5.000,0,0
1764012419.840423,9.803,0,0,0.000,0.00000,0.000,0.000,2.905,,,,0.0500,5.000,0,0
1764012419.931962,9.949,0,0,0.000,0.00000,0.000,0.000,2.905,,,,0.0500,5.000,0,0
1764012420.030939,9.765,0,0,0.000,0.00000,0.000,0.000,2.905,,,,0.0500,5.000,0,0
1764012420.166913,9.706,0,0,0.000,0.00000,0.000,0.000,2.905,,,,0.0500,5.000,0,0
1764012420.244793,8.146,0,0,0.000,0.00000,0.000,0.000,2.905,,,,0.0500,5.000,0,0
1764012420.316094,13.634,0,0,0.000,0.00000,0.000,0.000,2.905,,,,0.0500,5.000,0,0
1764012420.377406,16.766,0,0,0.000,0.00000,0.000,0.000,2.905,,,,0.0500,5.000,0,0
1764012420.445135,14.835,0,0,0.000,0.00000,0.000,0.000,2.905,,,,0.0500,5.000,0,0
1764012420.524278,13.233,0,0,0.000,0.00000,0.000,0.000,2.905,,,,0.0500,5.000,0,0
1764012420.611820,11.100,0,0,0.000,0.00000,0.000,0.000,2.905,,,,0.0500,5.000,0,0
1764012420.680577,14.892,0,0,0.000,0.00000,0.000,0.000,2.905,,,,0.0500,5.000,0,0
1764012420.747647,14.050,0,0,0.000,0.00000,0.000,0.000,2.905,,,,0.0500,5.000,0,0
1764012420.817067,14.885,0,0,0.000,0.00000,0.000,0.000,2.905,,,,0.0500,5.000,0,0
1764012420.885763,15.188,0,0,0.000,0.00000,0.000,0.000,2.905,,,,0.0500,5.000,0,0
1764012420.950805,14.590,0,0,0.000,0.00000,0.000,0.000,2.905,,,,0.0500,5.000,0,0
1764012421.021644,15.033,0,0,0.000,0.00000,0.000,0.000,2.905,,,,0.0500,5.000,0,0
1764012421.089511,15.175,0,0,0.000,0.00000,0.000,0.000,2.905,,,,0.0500,5.000,0,0
1764012421.147937,15.330,0,0,0.000,0.00000,0.000,0.000,2.905,,,,0.0500,5.000,0,0
1764012421.214822,15.100,0,0,0.000,0.00000,0.000,0.000,2.905,,,,0.0500,5.000,0,0
1764012421.282161,15.344,0,0,0.000,0.00000,0.000,0.000,2.905,,,,0.0500,5.000,0,0
1764012421.346199,14.716,0,0,0.000,0.00000,0.000,0.000,2.905,,,,0.0500,5.000,0,0
1764012421.415794,14.375,0,0,0.000,0.00000,0.000,0.000,2.905,,,,0.0500,5.000,0,0
1764012421.475779,15.859,0,0,0.000,0.00000,0.000,0.000,2.905,,,,0.0500,5.000,0,0
1764012421.545963,14.563,0,0,0.000,0.00000,0.000,0.000,2.905,,,,0.0500,5.000,0,0
1764012421.612334,15.542,0,0,0.000,0.00000,0.000,0.000,2.905,,,,0.0500,5.000,0,0
1764012421.682913,14.464,0,0,0.000,0.00000,0.000,0.000,2.905,,,,0.0500,5.000,0,0
1764012421.747774,14.822,0,0,0.000,0.00000,0.000,0.000,2.905,,,,0.0500,5.000,0,0
1764012421.817628,14.966,0,0,0.000,0.00000,0.000,0.000,2.905,,,,0.0500,5.000,0,0
1764012421.884129,15.178,0,0,0.000,0.00000,0.000,0.000,2.905,,,,0.0500,5.000,0,0
1764012421.944887,16.580,0,0,0.000,0.00000,0.000,0.000,2.905,,,,0.0500,5.000,0,0
1764012422.013837,13.613,0,0,0.000,0.00000,0.000,0.000,2.905,,,,0.0500,5.000,0,0
1764012422.085896,14.645,0,0,0.000,0.00000,0.000,0.000,2.905,,,,0.0500,5.000,0,0
1764012422.148515,15.027,0,0,0.000,0.00000,0.000,0.000,2.905,,,,0.0500,5.000,0,0
1764012422.213719,15.249,0,0,0.000,0.00000,0.000,0.000,2.905,,,,0.0500,5.000,0,0
1764012422.288049,15.418,0,0,0.000,0.00000,0.000,0.000,2.905,,,,0.0500,5.000,0,0
1764012422.352012,15.012,0,0,0.000,0.00000,0.000,0.000,2.905,,,,0.0500,5.000,0,0
1764012422.416064,15.046,0,0,0.000,0.00000,0.000,0.000,2.905,,,,0.0500,5.000,0,0
1764012422.480236,15.456,0,0,0.000,0.00000,0.000,0.000,2.905,,,,0.0500,5.000,0,0
1764012422.546881,14.939,0,0,0.000,0.00000,0.000,0.000,2.905,,,,0.0500,5.000,0,0
1764012422.614266,14.868,0,0,0.000,0.00000,0.000,0.000,2.905,,,,0.0500,5.000,0,0
1764012422.684131,14.964,0,0,0.000,0.00000,0.000,0.000,2.905,,,,0.0500,5.000,0,0
1764012422.745190,15.144,0,0,0.000,0.00000,0.000,0.000,2.905,,,,0.0500,5.000,0,0
1764012422.817669,14.558,0,0,0.000,0.00000,0.000,0.000,2.905,,,,0.0500,5.000,0,0
1764012422.884241,15.373,0,0,0.000,0.00000,0.000,0.000,2.905,,,,0.0500,5.000,0,0
1764012422.953176,14.894,0,0,0.000,0.00000,0.000,0.000,2.905,,,,0.0500,5.000,0,0
1764012423.020138,14.199,0,0,0.000,0.00000,0.000,0.000,2.905,,,,0.0500,5.000,0,0
1764012423.087322,15.277,0,0,0.000,0.00000,0.000,0.000,2.905,,,,0.0500,5.000,0,0
1764012423.154938,14.566,0,0,0.000,0.00000,0.000,0.000,2.905,,,,0.0500,5.000,0,0
1764012423.220560,15.856,0,0,0.000,0.00000,0.000,0.000,2.905,,,,0.0500,5.000,0,0
1764012423.279985,15.636,0,0,0.000,0.00000,0.000,0.000,2.905,,,,0.0500,5.000,0,0
1764012423.357489,14.476,0,0,0.000,0.00000,0.000,0.000,2.905,,,,0.0500,5.000,0,0
1764012423.416431,15.124,0,0,0.000,0.00000,0.000,0.000,2.905,,,,0.0500,5.000,0,0
1764012423.490263,14.955,0,0,0.000,0.00000,0.000,0.000,2.905,,,,0.0500,5.000,0,0
1764012423.554751,15.287,0,0,0.000,0.00000,0.000,0.000,2.905,,,,0.0500,5.000,0,0
1764012423.618112,15.147,0,0,0.000,0.00000,0.000,0.000,2.905,,,,0.0500,5.000,0,0
1764012423.685951,14.229,0,0,0.000,0.00000,0.000,0.000,2.905,,,,0.0500,5.000,0,0
1764012423.756502,14.988,0,0,0.000,0.00000,0.000,0.000,2.905,,,,0.0500,5.000,0,0
1764012423.815783,15.203,0,0,0.000,0.00000,0.000,0.000,2.905,,,,0.0500,5.000,0,0
1764012423.881700,14.871,0,0,0.000,0.00000,0.000,0.000,2.905,,,,0.0500,5.000,0,0
1764012423.943830,15.540,0,0,0.000,0.00000,0.000,0.000,2.905,,,,0.0500,5.000,0,0
1764012424.011590,14.140,0,0,0.000,0.00000,0.000,0.000,2.905,,,,0.0500,5.000,0,0
1764012424.079139,14.884,0,0,0.000,0.00000,0.000,0.000,2.905,,,,0.0500,5.000,0,0
1764012424.142573,15.632,1,1,430.563,0.00000,1.000,1.000,2.741,185983.9,0.9991,430.563,0.0500,5.000,0,0
1764012424.209562,14.839,1,1,429.624,0.00000,1.000,1.000,2.729,185267.3,0.9989,429.624,0.0500,5.000,0,0
1764012424.277498,15.140,1,1,429.768,0.00000,1.000,1.000,2.831,185127.3,0.9986,429.768,0.0500,5.000,0,0
1764012424.344621,14.896,1,1,431.642,0.00000,1.000,1.000,2.949,186227.7,0.9984,431.642,0.0500,5.000,0,0
1764012424.412588,14.871,1,1,432.356,0.00000,1.000,1.000,2.919,185935.3,0.9987,432.356,0.0500,5.000,0,0
1764012424.475216,15.415,1,1,433.269,0.00000,1.000,1.000,2.962,186732.8,0.9985,433.269,0.0500,5.000,0,0
1764012424.536315,15.690,0,0,0.000,0.00000,0.000,0.000,2.962,,,,0.0500,5.000,0,0
1764012424.613938,14.280,0,0,0.000,0.00000,0.000,0.000,2.962,,,,0.0500,5.000,0,0
1764012424.699356,14.245,0,0,0.000,0.00000,0.000,0.000,2.962,,,,0.0500,5.000,0,0
1764012424.787103,10.142,0,0,0.000,0.00000,0.000,0.000,2.962,,,,0.0500,5.000,0,0
1764012424.859033,15.147,0,0,0.000,0.00000,0.000,0.000,2.962,,,,0.0500,5.000,0,0
1764012424.948629,10.467,0,0,0.000,0.00000,0.000,0.000,2.962,,,,0.0500,5.000,0,0
1764012425.028221,13.925,0,0,0.000,0.00000,0.000,0.000,2.962,,,,0.0500,5.000,0,0
1764012425.124351,10.268,0,0,0.000,0.00000,0.000,0.000,2.962,,,,0.0500,5.000,0,0
1764012425.192173,14.979,0,0,0.000,0.00000,0.000,0.000,2.962,,,,0.0500,5.000,0,0
1764012425.254888,14.345,0,0,0.000,0.00000,0.000,0.000,2.962,,,,0.0500,5.000,0,0
1764012425.319554,15.103,0,0,0.000,0.00000,0.000,0.000,2.962,,,,0.0500,5.000,0,0
1764012425.386823,15.536,0,0,0.000,0.00000,0.000,0.000,2.962,,,,0.0500,5.000,0,0
1764012425.459866,15.428,0,0,0.000,0.00000,0.000,0.000,2.962,,,,0.0500,5.000,0,0
1764012425.561255,9.947,0,0,0.000,0.00000,0.000,0.000,2.962,,,,0.0500,5.000,0,0
1764012425.659907,9.746,0,0,0.000,0.00000,0.000,0.000,2.962,,,,0.0500,5.000,0,0
1764012425.725228,15.095,1,1,431.636,0.00000,1.000,1.000,3.608,179050.3,0.9961,431.636,0.0500,5.000,0,0
1764012425.828750,14.886,1,1,428.312,0.00000,1.000,1.000,4.225,176338.7,0.9952,428.312,0.0500,5.000,0,0
1764012425.885942,9.881,1,1,430.080,0.00000,1.000,1.000,3.881,182580.7,0.9985,430.080,0.0500,5.000,0,0
1764012425.955061,15.148,1,1,431.705,0.00000,1.000,1.000,4.230,182110.1,0.9961,431.705,0.0500,5.000,0,0
1764012426.013504,15.439,1,1,431.747,0.00000,1.000,1.000,4.097,183354.8,0.9978,431.747,0.0500,5.000,0,0
1764012426.085144,14.550,1,1,432.446,0.00000,1.000,1.000,4.118,183597.5,0.9974,432.446,0.0500,5.000,0,0
1764012426.159584,15.139,1,1,430.730,0.00000,1.000,1.000,4.369,179784.8,0.9962,430.730,0.0500,5.000,0,0
1764012426.221555,15.368,1,1,429.660,0.00000,1.000,1.000,4.635,177694.1,0.9958,429.660,0.0500,5.000,0,0
1764012426.288945,14.619,1,1,431.448,0.00000,1.000,1.000,5.356,176042.1,0.9925,431.448,0.0500,5.000,0,0
1764012426.358000,15.118,0,0,0.000,0.00000,0.000,0.000,5.356,,,,0.0500,5.000,0,0
1764012426.427348,15.070,1,1,432.733,0.00000,1.000,1.000,5.077,178961.4,0.9970,432.733,0.0500,5.000,0,0
1764012426.490631,14.981,0,0,0.000,0.00000,0.000,0.000,5.077,,,,0.0500,5.000,0,0
1764012426.551387,15.280,0,0,0.000,0.00000,0.000,0.000,5.077,,,,0.0500,5.000,0,0
1764012426.629683,14.451,0,0,0.000,0.00000,0.000,0.000,5.077,,,,0.0500,5.000,0,0
1764012426.730611,9.995,0,0,0.000,0.00000,0.000,0.000,5.077,,,,0.0500,5.000,0,0
1764012426.828269,10.221,0,0,0.000,0.00000,0.000,0.000,5.077,,,,0.0500,5.000,0,0
1764012426.925747,9.916,0,0,0.000,0.00000,0.000,0.000,5.077,,,,0.0500,5.000,0,0
1764012426.988540,15.386,0,0,0.000,0.00000,0.000,0.000,5.077,,,,0.0500,5.000,0,0
1764012427.060013,15.307,0,0,0.000,0.00000,0.000,0.000,5.077,,,,0.0500,5.000,0,0
1764012427.165206,9.773,1,1,428.226,0.00000,1.000,1.000,4.546,176551.3,0.9983,428.226,0.0500,5.000,0,0
1764012427.266116,9.891,0,0,0.000,0.00000,0.000,0.000,4.546,,,,0.0500,5.000,0,0
1764012427.360379,10.022,0,0,0.000,0.00000,0.000,0.000,4.546,,,,0.0500,5.000,0,0
1764012427.426657,14.938,1,1,432.376,0.00000,1.000,1.000,5.159,178578.5,0.9932,432.376,0.0500,5.000,0,0
1764012427.494329,15.049,0,0,0.000,0.00000,0.000,0.000,5.159,,,,0.0500,5.000,0,0
1764012427.558254,14.924,1,1,432.567,0.00000,1.000,1.000,4.758,184276.0,0.9977,432.567,0.0500,5.000,0,0
1764012427.630525,14.022,1,1,436.119,0.00000,1.000,1.000,4.606,187505.0,0.9972,436.119,0.0500,5.000,0,0
1764012427.714582,10.645,1,1,434.318,0.00000,1.000,1.000,4.820,183987.2,0.9957,434.318,0.0500,5.000,0,0
1764012427.792460,14.474,0,0,0.000,0.00000,0.000,0.000,4.820,,,,0.0500,5.000,0,0
1764012427.856842,15.551,1,1,430.921,0.00000,1.000,1.000,5.039,179190.2,0.9953,430.921,0.0500,5.000,0,0
1764012427.926088,14.480,0,0,0.000,0.00000,0.000,0.000,5.039,,,,0.0500,5.000,0,0
1764012427.991114,15.046,0,0,0.000,0.00000,0.000,0.000,5.039,,,,0.0500,5.000,0,0
1764012428.053499,15.274,0,0,0.000,0.00000,0.000,0.000,5.039,,,,0.0500,5.000,0,0
1764012428.117770,15.266,0,0,0.000,0.00000,0.000,0.000,5.039,,,,0.0500,5.000,0,0
1764012428.187423,14.661,0,0,0.000,0.00000,0.000,0.000,5.039,,,,0.0500,5.000,0,0
1764012428.255479,15.094,0,0,0.000,0.00000,0.000,0.000,5.039,,,,0.0500,5.000,0,0
1764012428.325121,14.900,0,0,0.000,0.00000,0.000,0.000,5.039,,,,0.0500,5.000,0,0
1764012428.388251,15.470,0,0,0.000,0.00000,0.000,0.000,5.039,,,,0.0500,5.000,0,0
1764012428.456189,14.676,0,0,0.000,0.00000,0.000,0.000,5.039,,,,0.0500,5.000,0,0
1764012428.516111,15.087,0,0,0.000,0.00000,0.000,0.000,5.039,,,,0.0500,5.000,0,0
1764012428.586041,15.100,0,0,0.000,0.00000,0.000,0.000,5.039,,,,0.0500,5.000,0,0
1764012428.664870,15.286,0,0,0.000,0.00000,0.000,0.000,5.039,,,,0.0500,5.000,0,0
1764012428.769597,9.621,0,0,0.000,0.00000,0.000,0.000,5.039,,,,0.0500,5.000,0,0
1764012428.868428,10.073,0,0,0.000,0.00000,0.000,0.000,5.039,,,,0.0500,5.000,0,0
1764012428.949465,12.300,0,0,0.000,0.00000,0.000,0.000,5.039,,,,0.0500,5.000,0,0
1764012429.030079,11.848,0,0,0.000,0.00000,0.000,0.000,5.039,,,,0.0500,5.000,0,0
1764012429.128980,10.094,1,1,434.739,0.00000,1.000,1.000,4.870,184765.3,0.9969,434.739,0.0500,5.000,0,0
1764012429.195813,14.638,1,1,433.397,0.00000,1.000,1.000,4.514,184957.9,0.9978,433.397,0.0500,5.000,0,0
1764012429.281306,10.728,1,1,435.909,0.00000,1.000,1.000,4.431,187263.3,0.9973,435.909,0.0500,5.000,0,0
1764012429.364008,13.534,0,0,0.000,0.00000,0.000,0.000,4.431,,,,0.0500,5.000,0,0
1764012429.462459,10.042,0,0,0.000,0.00000,0.000,0.000,4.431,,,,0.0500,5.000,0,0
1764012429.564733,10.066,0,0,0.000,0.00000,0.000,0.000,4.431,,,,0.0500,5.000,0,0
1764012429.663453,9.923,0,0,0.000,0.00000,0.000,0.000,4.431,,,,0.0500,5.000,0,0
1764012429.763335,10.012,0,0,0.000,0.00000,0.000,0.000,4.431,,,,0.0500,5.000,0,0
1764012429.867309,9.919,0,0,0.000,0.00000,0.000,0.000,4.431,,,,0.0500,5.000,0,0
1764012429.968032,10.286,0,0,0.000,0.00000,0.000,0.000,4.431,,,,0.0500,5.000,0,0
1764012430.053004,10.000,0,0,0.000,0.00000,0.000,0.000,4.431,,,,0.0500,5.000,0,0
1764012430.126960,14.250,0,0,0.000,0.00000,0.000,0.000,4.431,,,,0.0500,5.000,0,0
1764012430.191278,15.495,0,0,0.000,0.00000,0.000,0.000,4.431,,,,0.0500,5.000,0,0
1764012430.270991,15.534,0,0,0.000,0.00000,0.000,0.000,4.431,,,,0.0500,5.000,0,0
1764012430.367725,9.995,0,0,0.000,0.00000,0.000,0.000,4.431,,,,0.0500,5.000,0,0
1764012430.464879,9.735,0,0,0.000,0.00000,0.000,0.000,4.431,,,,0.0500,5.000,0,0
1764012430.566053,9.928,0,0,0.000,0.00000,0.000,0.000,4.431,,,,0.0500,5.000,0,0
1764012430.664446,10.053,0,0,0.000,0.00000,0.000,0.000,4.431,,,,0.0500,5.000,0,0
1764012430.763874,9.984,1,1,434.186,0.00000,1.000,1.000,4.207,185552.0,0.9978,434.186,0.0500,5.000,0,0
1764012430.861459,9.798,1,1,435.393,0.00000,1.000,1.000,4.083,187350.4,0.9978,435.393,0.0500,5.000,0,0
1764012430.929444,15.546,1,1,433.167,0.00000,1.000,1.000,3.969,185924.5,0.9980,433.167,0.0500,5.000,0,0
1764012431.026705,10.224,1,1,433.418,0.00000,1.000,1.000,4.539,181595.6,0.9945,433.418,0.0500,5.000,0,0
1764012431.091579,14.912,1,1,431.699,0.00000,1.000,1.000,4.130,182656.6,0.9984,431.699,0.0500,5.000,0,0
1764012431.159737,14.680,0,0,0.000,0.00000,0.000,0.000,4.130,,,,0.0500,5.000,0,0
1764012431.237920,15.006,0,0,0.000,0.00000,0.000,0.000,4.130,,,,0.0500,5.000,0,0
1764012431.331533,9.940,0,0,0.000,0.00000,0.000,0.000,4.130,,,,0.0500,5.000,0,0
1764012431.424886,10.102,0,0,0.000,0.00000,0.000,0.000,4.130,,,,0.0500,5.000,0,0
1764012431.480255,15.537,0,0,0.000,0.00000,0.000,0.000,4.130,,,,0.0500,5.000,0,0
1764012431.556817,14.930,0,0,0.000,0.00000,0.000,0.000,4.130,,,,0.0500,5.000,0,0
1764012431.623071,14.834,0,0,0.000,0.00000,0.000,0.000,4.130,,,,0.0500,5.000,0,0
1764012431.680637,15.460,0,0,0.000,0.00000,0.000,0.000,4.130,,,,0.0500,5.000,0,0
1764781078.017528,113.289,0,0,0.000,0.00000,0.000,0.000,0.000,,,,0.0500,5.000,0,0
1764781078.169672,1.111,0,0,0.000,0.00000,0.000,0.000,0.000,,,,0.0500,5.000,0,0
1764781078.260074,10.141,0,0,0.000,0.00000,0.000,0.000,0.000,,,,0.0500,5.000,0,0
1764781078.355850,10.010,0,0,0.000,0.00000,0.000,0.000,0.000,,,,0.0500,5.000,0,0
1764781078.457694,9.993,0,0,0.000,0.00000,0.000,0.000,0.000,,,,0.0500,5.000,0,0
1764781078.600291,10.025,0,0,0.000,0.00000,0.000,0.000,0.000,,,,0.0500,5.000,0,0
1764781078.699175,7.480,0,0,0.000,0.00000,0.000,0.000,0.000,,,,0.0500,5.000,0,0
1764781078.857920,6.001,0,0,0.000,0.00000,0.000,0.000,0.000,,,,0.0500,5.000,0,0
1764781078.954391,10.056,0,0,0.000,0.00000,0.000,0.000,0.000,,,,0.0500,5.000,0,0
1764781079.049814,10.029,0,0,0.000,0.00000,0.000,0.000,0.000,,,,0.0500,5.000,0,0
1764781079.146941,9.988,0,0,0.000,0.00000,0.000,0.000,0.000,,,,0.0500,5.000,0,0
1764781079.219786,15.016,0,0,0.000,0.00000,0.000,0.000,0.000,,,,0.0500,5.000,0,0
1764781079.321934,9.944,0,0,0.000,0.00000,0.000,0.000,0.000,,,,0.0500,5.000,0,0
1764781079.416248,10.032,0,0,0.000,0.00000,0.000,0.000,0.000,,,,0.0500,5.000,0,0
1764781079.510717,10.034,0,0,0.000,0.00000,0.000,0.000,0.000,,,,0.0500,5.000,0,0
1764781079.581573,15.002,0,0,0.000,0.00000,0.000,0.000,0.000,,,,0.0500,5.000,0,0
1764781079.688902,10.012,0,0,0.000,0.00000,0.000,0.000,0.000,,,,0.0500,5.000,0,0
1764781079.800589,9.978,0,0,0.000,0.00000,0.000,0.000,0.000,,,,0.0500,5.000,0,0
1764781079.896775,10.017,0,0,0.000,0.00000,0.000,0.000,0.000,,,,0.0500,5.000,0,0
1764781079.989649,10.013,0,0,0.000,0.00000,0.000,0.000,0.000,,,,0.0500,5.000,0,0
1764781080.080952,9.920,0,0,0.000,0.00000,0.000,0.000,0.000,,,,0.0500,5.000,0,0
1764781080.174975,10.053,0,0,0.000,0.00000,0.000,0.000,0.000,,,,0.0500,5.000,0,0
1764781080.239619,15.145,0,0,0.000,0.00000,0.000,0.000,0.000,,,,0.0500,5.000,0,0
1764781080.301523,14.613,0,0,0.000,0.00000,0.000,0.000,0.000,,,,0.0500,5.000,0,0
1764781080.370319,15.310,0,0,0.000,0.00000,0.000,0.000,0.000,,,,0.0500,5.000,0,0
1764781080.437534,14.888,0,0,0.000,0.00000,0.000,0.000,0.000,,,,0.0500,5.000,0,0
1764781080.503595,15.000,0,0,0.000,0.00000,0.000,0.000,0.000,,,,0.0500,5.000,0,0
1764781080.567737,15.173,0,0,0.000,0.00000,0.000,0.000,0.000,,,,0.0500,5.000,0,0
1764781080.635255,14.779,0,0,0.000,0.00000,0.000,0.000,0.000,,,,0.0500,5.000,0,0
1764781080.703764,14.956,0,0,0.000,0.00000,0.000,0.000,0.000,,,,0.0500,5.000,0,0
1764781080.769344,15.001,0,0,0.000,0.00000,0.000,0.000,0.000,,,,0.0500,5.000,0,0
1764781080.836466,15.124,0,0,0.000,0.00000,0.000,0.000,0.000,,,,0.0500,5.000,0,0
1764781080.902078,15.199,0,0,0.000,0.00000,0.000,0.000,0.000,,,,0.0500,5.000,0,0
1764781080.970983,14.814,0,0,0.000,0.00000,0.000,0.000,0.000,,,,0.0500,5.000,0,0
1764781081.034186,15.170,0,0,0.000,0.00000,0.000,0.000,0.000,,,,0.0500,5.000,0,0
1764781081.101562,14.809,0,0,0.000,0.00000,0.000,0.000,0.000,,,,0.0500,5.000,0,0
1764781081.214234,15.046,0,0,0.000,0.00000,0.000,0.000,0.000,,,,0.0500,5.000,0,0
1764781081.321457,7.510,0,0,0.000,0.00000,0.000,0.000,0.000,,,,0.0500,5.000,0,0
1764781081.405264,10.025,0,0,0.000,0.00000,0.000,0.000,0.000,,,,0.0500,5.000,0,0
1764781081.471604,15.045,0,0,0.000,0.00000,0.000,0.000,0.000,,,,0.0500,5.000,0,0
1764781081.555248,15.114,0,0,0.000,0.00000,0.000,0.000,0.000,,,,0.0500,5.000,0,0
1764781081.641629,9.981,0,0,0.000,0.00000,0.000,0.000,0.000,,,,0.0500,5.000,0,0
1764781081.705384,15.000,0,0,0.000,0.00000,0.000,0.000,0.000,,,,0.0500,5.000,0,0
1764781081.777861,15.021,0,0,0.000,0.00000,0.000,0.000,0.000,,,,0.0500,5.000,0,0
1764781081.847894,14.928,0,0,0.000,0.00000,0.000,0.000,0.000,,,,0.0500,5.000,0,0
1764781081.957781,9.600,0,0,0.000,0.00000,0.000,0.000,0.000,,,,0.0500,5.000,0,0
1764781082.058307,10.442,0,0,0.000,0.00000,0.000,0.000,0.000,,,,0.0500,5.000,0,0
1764781082.205320,10.031,0,0,0.000,0.00000,0.000,0.000,0.000,,,,0.0500,5.000,0,0
1764781082.287267,7.501,0,0,0.000,0.00000,0.000,0.000,0.000,,,,0.0500,5.000,0,0
1764781082.378885,9.997,0,0,0.000,0.00000,0.000,0.000,0.000,,,,0.0500,5.000,0,0
1764781082.474313,10.010,0,0,0.000,0.00000,0.000,0.000,0.000,,,,0.0500,5.000,0,0
1764781082.540360,15.060,0,0,0.000,0.00000,0.000,0.000,0.000,,,,0.0500,5.000,0,0
1764781082.605938,15.019,0,0,0.000,0.00000,0.000,0.000,0.000,,,,0.0500,5.000,0,0
1764781082.674674,15.036,0,0,0.000,0.00000,0.000,0.000,0.000,,,,0.0500,5.000,0,0
1764781082.734757,14.937,0,0,0.000,0.00000,0.000,0.000,0.000,,,,0.0500,5.000,0,0
1764781082.805295,14.792,0,0,0.000,0.00000,0.000,0.000,0.000,,,,0.0500,5.000,0,0
1764781082.870972,15.273,0,0,0.000,0.00000,0.000,0.000,0.000,,,,0.0500,5.000,0,0
1764781082.942582,15.009,0,0,0.000,0.00000,0.000,0.000,0.000,,,,0.0500,5.000,0,0
1764781083.006793,14.889,0,0,0.000,0.00000,0.000,0.000,0.000,,,,0.0500,5.000,0,0
1764781083.071945,15.014,0,0,0.000,0.00000,0.000,0.000,0.000,,,,0.0500,5.000,0,0
1764781083.135389,15.014,0,0,0.000,0.00000,0.000,0.000,0.000,,,,0.0500,5.000,0,0
1764781083.206891,14.933,0,0,0.000,0.00000,0.000,0.000,0.000,,,,0.0500,5.000,0,0
1764781083.267859,14.999,0,0,0.000,0.00000,0.000,0.000,0.000,,,,0.0500,5.000,0,0
1764781083.335222,15.169,0,0,0.000,0.00000,0.000,0.000,0.000,,,,0.0500,5.000,0,0
1764781083.402336,14.830,0,0,0.000,0.00000,0.000,0.000,0.000,,,,0.0500,5.000,0,0
1764781083.469616,15.016,0,0,0.000,0.00000,0.000,0.000,0.000,,,,0.0500,5.000,0,0
1764781083.534043,15.098,0,0,0.000,0.00000,0.000,0.000,0.000,,,,0.0500,5.000,0,0
1764781083.602256,14.875,0,0,0.000,0.00000,0.000,0.000,0.000,,,,0.0500,5.000,0,0
1764781083.667860,15.154,0,0,0.000,0.00000,0.000,0.000,0.000,,,,0.0500,5.000,0,0
1764781083.736313,14.897,0,0,0.000,0.00000,0.000,0.000,0.000,,,,0.0500,5.000,0,0
1764781083.811225,15.033,0,0,0.000,0.00000,0.000,0.000,0.000,,,,0.0500,5.000,0,0
1764781083.877035,15.096,0,0,0.000,0.00000,0.000,0.000,0.000,,,,0.0500,5.000,0,0
1764781083.935970,15.024,0,0,0.000,0.00000,0.000,0.000,0.000,,,,0.0500,5.000,0,0
1764781084.002796,14.778,0,0,0.000,0.00000,0.000,0.000,0.000,,,,0.0500,5.000,0,0
1764781084.068938,15.086,0,0,0.000,0.00000,0.000,0.000,0.000,,,,0.0500,5.000,0,0
1764781084.135517,15.077,0,0,0.000,0.00000,0.000,0.000,0.000,,,,0.0500,5.000,0,0
1764781084.202159,15.027,0,0,0.000,0.00000,0.000,0.000,0.000,,,,0.0500,5.000,0,0
1764781084.268444,14.912,0,0,0.000,0.00000,0.000,0.000,0.000,,,,0.0500,5.000,0,0
1764781084.335483,15.049,0,0,0.000,0.00000,0.000,0.000,0.000,,,,0.0500,5.000,0,0
1764781084.401406,15.029,0,0,0.000,0.00000,0.000,0.000,0.000,,,,0.0500,5.000,0,0
1764781084.468083,14.951,0,0,0.000,0.00000,0.000,0.000,0.000,,,,0.0500,5.000,0,0
1764781084.560464,14.915,0,0,0.000,0.00000,0.000,0.000,0.000,,,,0.0500,5.000,0,0
1764781084.646704,10.060,0,0,0.000,0.00000,0.000,0.000,0.000,,,,0.0500,5.000,0,0
1764781084.709556,15.143,0,0,0.000,0.00000,0.000,0.000,0.000,,,,0.0500,5.000,0,0
1764781084.777308,14.799,0,0,0.000,0.00000,0.000,0.000,0.000,,,,0.0500,5.000,0,0
1764781084.840126,15.190,0,0,0.000,0.00000,0.000,0.000,0.000,,,,0.0500,5.000,0,0
1764781084.905548,14.963,0,0,0.000,0.00000,0.000,0.000,0.000,,,,0.0500,5.000,0,0
1764781084.970220,14.928,0,0,0.000,0.00000,0.000,0.000,0.000,,,,0.0500,5.000,0,0
1764781085.040469,15.075,0,0,0.000,0.00000,0.000,0.000,0.000,,,,0.0500,5.000,0,0
1764781085.140759,9.878,0,0,0.000,0.00000,0.000,0.000,0.000,,,,0.0500,5.000,0,0
1764781085.204198,15.291,0,0,0.000,0.00000,0.000,0.000,0.000,,,,0.0500,5.000,0,0
1764781085.267792,15.039,0,0,0.000,0.00000,0.000,0.000,0.000,,,,0.0500,5.000,0,0
1764781085.334802,14.881,0,0,0.000,0.00000,0.000,0.000,0.000,,,,0.0500,5.000,0,0
1764781085.401904,15.023,0,0,0.000,0.00000,0.000,0.000,0.000,,,,0.0500,5.000,0,0
1764781085.471106,15.104,0,0,0.000,0.00000,0.000,0.000,0.000,,,,0.0500,5.000,0,0
1764781085.535260,14.908,0,0,0.000,0.00000,0.000,0.000,0.000,,,,0.0500,5.000,0,0
1764781085.600846,15.018,0,0,0.000,0.00000,0.000,0.000,0.000,,,,0.0500,5.000,0,0
1764781085.667709,14.898,0,0,0.000,0.00000,0.000,0.000,0.000,,,,0.0500,5.000,0,0
1764781085.733167,15.161,0,0,0.000,0.00000,0.000,0.000,0.000,,,,0.0500,5.000,0,0
1764781085.801768,14.788,0,0,0.000,0.00000,0.000,0.000,0.000,,,,0.0500,5.000,0,0
1764781356.819707,38.450,0,0,0.000,0.00000,0.000,0.000,0.000,,,,0.0500,5.000,0,0
1764781356.951492,7.514,0,0,0.000,0.00000,0.000,0.000,0.000,,,,0.0500,5.000,0,0
1764781357.061064,9.948,0,0,0.000,0.00000,0.000,0.000,0.000,,,,0.0500,5.000,0,0
1764781357.179422,7.555,0,0,0.000,0.00000,0.000,0.000,0.000,,,,0.0500,5.000,0,0
1764781357.269306,9.998,0,0,0.000,0.00000,0.000,0.000,0.000,,,,0.0500,5.000,0,0
1764781357.369119,9.978,0,0,0.000,0.00000,0.000,0.000,0.000,,,,0.0500,5.000,0,0
1764781357.456449,12.224,0,0,0.000,0.00000,0.000,0.000,0.000,,,,0.0500,5.000,0,0
1764781357.538394,11.888,0,0,0.000,0.00000,0.000,0.000,0.000,,,,0.0500,5.000,0,0
1764781357.654682,9.917,0,0,0.000,0.00000,0.000,0.000,0.000,,,,0.0500,5.000,0,0
1764781357.750724,9.961,0,0,0.000,0.00000,0.000,0.000,0.000,,,,0.0500,5.000,0,0
1764781357.842674,10.060,0,0,0.000,0.00000,0.000,0.000,0.000,,,,0.0500,5.000,0,0
1764781357.933586,10.053,0,0,0.000,0.00000,0.000,0.000,0.000,,,,0.0500,5.000,0,0
1764781358.001347,14.972,0,0,0.000,0.00000,0.000,0.000,0.000,,,,0.0500,5.000,0,0
1764781358.068285,15.006,0,0,0.000,0.00000,0.000,0.000,0.000,,,,0.0500,5.000,0,0
1764781358.137502,15.013,0,0,0.000,0.00000,0.000,0.000,0.000,,,,0.0500,5.000,0,0
1764781358.205712,15.020,0,0,0.000,0.00000,0.000,0.000,0.000,,,,0.0500,5.000,0,0
1764781688.028520,199.046,6,6,34.789,2.28472,0.000,0.000,62.154,1172.5,0.7059,34.789,0.0500,5.000,0,0
1764781688.207142,4.884,6,6,34.778,2.28596,0.000,0.000,62.175,1171.7,0.7062,34.778,0.0500,5.000,0,0
1764781688.371260,6.012,6,6,34.788,2.28517,0.000,0.000,62.195,1171.6,0.7061,34.788,0.0500,5.000,0,0
1764781688.519531,6.072,6,6,34.810,2.28434,0.000,0.000,62.161,1171.7,0.7059,34.810,0.0500,5.000,0,0
1764781688.664289,7.080,6,6,34.810,2.28522,0.000,0.000,62.137,1171.8,0.7058,34.810,0.0500,5.000,0,0
1764781688.813246,6.460,6,6,34.785,2.28567,0.000,0.000,62.168,1171.4,0.7056,34.785,0.0500,5.000,0,0
1764781688.951160,7.338,6,6,34.751,2.28754,0.000,0.000,62.222,1169.5,0.7061,34.751,0.0500,5.000,0,0
1764781689.080063,7.448,6,6,34.771,2.28908,0.000,0.000,62.231,1171.0,0.7060,34.771,0.0500,5.000,0,0
1764781689.211952,7.620,6,6,34.803,2.28739,0.000,0.000,62.191,1172.2,0.7054,34.803,0.0500,5.000,0,0
1764781689.344615,7.572,6,6,34.809,2.28696,0.000,0.000,62.154,1172.5,0.7061,34.809,0.0500,5.000,0,0
1764781689.482638,7.338,6,6,34.830,2.28621,0.000,0.000,62.150,1173.8,0.7058,34.830,0.0500,5.000,0,0
1764781689.615888,7.546,6,6,34.818,2.28634,0.000,0.000,62.118,1173.9,0.7056,34.818,0.0500,5.000,0,0
1764781689.746240,7.513,6,6,34.840,2.28607,0.000,0.000,62.124,1173.8,0.7056,34.840,0.0500,5.000,0,0
1764781689.882090,7.538,6,6,34.814,2.28607,0.000,0.000,62.092,1173.6,0.7056,34.814,0.0500,5.000,0,0
1764781690.024447,7.550,6,6,34.824,2.28642,0.000,0.000,62.074,1174.6,0.7059,34.824,0.0500,5.000,0,0
1764781690.150264,7.309,6,6,34.818,2.28624,0.000,0.000,62.053,1174.2,0.7058,34.818,0.0500,5.000,0,0
1764781690.281416,7.597,6,6,34.823,2.28724,0.000,0.000,62.064,1174.3,0.7063,34.823,0.0500,5.000,0,0
1764781690.416623,7.435,6,6,34.839,2.28522,0.000,0.000,62.062,1174.5,0.7056,34.839,0.0500,5.000,0,0
1764781690.546720,7.706,6,6,34.852,2.28543,0.000,0.000,62.060,1174.6,0.7054,34.852,0.0500,5.000,0,0
1764781690.678008,7.451,6,6,34.840,2.28483,0.000,0.000,62.062,1174.4,0.7055,34.840,0.0500,5.000,0,0
1764781690.816844,7.304,6,6,34.808,2.28501,0.000,0.000,62.047,1173.4,0.7053,34.808,0.0500,5.000,0,0
1764781690.947971,7.542,6,6,34.832,2.28485,0.000,0.000,62.076,1173.9,0.7055,34.832,0.0500,5.000,0,0
1764781691.084448,7.569,6,6,34.839,2.28599,0.000,0.000,62.063,1174.0,0.7055,34.839,0.0500,5.000,0,0
1764781691.216737,7.426,6,6,34.814,2.28591,0.000,0.000,62.081,1173.4,0.7055,34.814,0.0500,5.000,0,0
1764781691.346242,7.643,6,6,34.808,2.28684,0.000,0.000,62.073,1173.6,0.7055,34.808,0.0500,5.000,0,0
1764781691.484880,7.357,6,6,34.828,2.28598,0.000,0.000,62.027,1174.2,0.7057,34.828,0.0500,5.000,0,0
1764781691.614710,7.580,6,6,34.802,2.28532,0.000,0.000,61.994,1173.5,0.7050,34.802,0.0500,5.000,0,0
1764781691.746649,7.498,6,6,34.839,2.28553,0.000,0.000,61.976,1173.9,0.7061,34.839,0.0500,5.000,0,0
1764781691.878621,7.649,6,6,34.832,2.28491,0.000,0.000,62.003,1174.5,0.7056,34.832,0.0500,5.000,0,0
1764781692.017746,7.240,6,6,34.830,2.28539,0.000,0.000,61.985,1174.1,0.7055,34.830,0.0500,5.000,0,0
1764781692.149221,7.524,6,6,34.836,2.28496,0.000,0.000,61.975,1174.3,0.7057,34.836,0.0500,5.000,0,0
1764781692.286875,7.394,6,6,34.813,2.28550,0.000,0.000,62.000,1173.6,0.7056,34.813,0.0500,5.000,0,0
1764781692.416157,7.677,6,6,34.816,2.28538,0.000,0.000,61.993,1173.9,0.7059,34.816,0.0500,5.000,0,0
1764781692.545229,7.575,6,6,34.841,2.28591,0.000,0.000,62.004,1174.4,0.7051,34.841,0.0500,5.000,0,0
1764781692.681759,7.512,6,6,34.848,2.28516,0.000,0.000,62.029,1174.9,0.7053,34.848,0.0500,5.000,0,0
1764781692.810571,7.592,6,6,34.847,2.28577,0.000,0.000,62.007,1174.7,0.7053,34.847,0.0500,5.000,0,0
1764781692.952301,7.293,6,6,34.814,2.28560,0.000,0.000,61.994,1172.4,0.7049,34.814,0.0500,5.000,0,0
1764781693.079328,7.595,6,6,34.822,2.28520,0.000,0.000,61.994,1172.9,0.7053,34.822,0.0500,5.000,0,0
1764781712.659741,46.415,6,6,34.770,2.28803,0.000,0.000,61.888,1172.6,0.7059,34.770,0.0500,5.000,0,0
1764781712.820564,5.403,6,6,34.787,2.28583,0.000,0.000,61.938,1172.4,0.7060,34.787,0.0500,5.000,0,0
1764781712.950039,7.449,6,6,34.787,2.28575,0.000,0.000,61.931,1173.3,0.7065,34.787,0.0500,5.000,0,0
1764781713.090083,7.318,6,6,34.760,2.28750,0.000,0.000,61.953,1172.6,0.7064,34.760,0.0500,5.000,0,0
1764781713.270611,6.058,6,6,34.761,2.28688,0.000,0.000,61.959,1172.2,0.7059,34.761,0.0500,5.000,0,0
1764781713.419485,6.043,6,6,34.798,2.28656,0.000,0.000,61.957,1173.1,0.7053,34.798,0.0500,5.000,0,0
1764781713.552003,7.545,6,6,34.839,2.28610,0.000,0.000,61.961,1175.4,0.7059,34.839,0.0500,5.000,0,0
1764781713.684286,7.532,6,6,34.816,2.28667,0.000,0.000,61.982,1174.0,0.7056,34.816,0.0500,5.000,0,0
1764781713.817888,7.536,6,6,34.803,2.28628,0.000,0.000,62.000,1173.8,0.7063,34.803,0.0500,5.000,0,0
1764781713.954260,7.345,6,6,34.793,2.28625,0.000,0.000,62.028,1173.0,0.7053,34.793,0.0500,5.000,0,0
1764781714.082135,7.663,6,6,34.814,2.28516,0.000,0.000,62.035,1173.8,0.7057,34.814,0.0500,5.000,0,0
1764781714.218264,7.431,6,6,34.798,2.28705,0.000,0.000,62.018,1173.5,0.7057,34.798,0.0500,5.000,0,0
1764781714.348956,7.549,6,6,34.742,2.28796,0.000,0.000,62.012,1172.8,0.7058,34.742,0.0500,5.000,0,0
1764781714.482876,7.471,6,6,34.793,2.28749,0.000,0.000,62.051,1174.0,0.7064,34.793,0.0500,5.000,0,0
1764781714.621927,7.409,6,6,34.791,2.28731,0.000,0.000,62.078,1173.3,0.7056,34.791,0.0500,5.000,0,0
1764781714.746952,7.766,6,6,34.813,2.28630,0.000,0.000,62.088,1174.3,0.7059,34.813,0.0500,5.000,0,0
1764781714.887856,7.221,6,6,34.784,2.28636,0.000,0.000,62.081,1172.9,0.7055,34.784,0.0500,5.000,0,0
1764781715.016980,7.638,6,6,34.817,2.28594,0.000,0.000,62.082,1174.6,0.7060,34.817,0.0500,5.000,0,0
1764781715.153666,7.376,6,6,34.808,2.28601,0.000,0.000,62.055,1174.5,0.7064,34.808,0.0500,5.000,0,0
1764781715.283236,7.647,6,6,34.774,2.28749,0.000,0.000,62.060,1172.8,0.7060,34.774,0.0500,5.000,0,0
1764781715.420527,7.337,6,6,34.814,2.28727,0.000,0.000,62.066,1174.4,0.7059,34.814,0.0500,5.000,0,0
1764781715.550885,7.611,6,6,34.803,2.28634,0.000,0.000,62.044,1173.3,0.7058,34.803,0.0500,5.000,0,0
1764781715.682890,7.498,6,6,34.794,2.28657,0.000,0.000,62.050,1173.0,0.7056,34.794,0.0500,5.000,0,0
1764781715.816143,7.524,6,6,34.803,2.28619,0.000,0.000,62.039,1173.8,0.7056,34.803,0.0500,5.000,0,0
1764781715.949690,7.480,6,6,34.801,2.28687,0.000,0.000,62.035,1173.1,0.7054,34.801,0.0500,5.000,0,0
1764781716.087105,7.452,6,6,34.775,2.28746,0.000,0.000,62.039,1173.0,0.7059,34.775,0.0500,5.000,0,0
1764781716.215521,7.596,6,6,34.786,2.28664,0.000,0.000,62.024,1172.9,0.7054,34.786,0.0500,5.000,0,0
1764781716.354595,7.385,6,6,34.769,2.28652,0.000,0.000,62.027,1172.4,0.7059,34.769,0.0500,5.000,0,0
1764781716.483156,7.640,6,6,34.809,2.28602,0.000,0.000,62.042,1173.9,0.7062,34.809,0.0500,5.000,0,0
1764781716.623643,7.343,6,6,34.823,2.28557,0.000,0.000,62.059,1174.7,0.7063,34.823,0.0500,5.000,0,0
1764781716.749650,7.850,6,6,34.823,2.28511,0.000,0.000,62.058,1173.7,0.7063,34.823,0.0500,5.000,0,0
1764781716.886846,7.191,6,6,34.814,2.28595,0.000,0.000,62.075,1173.5,0.7056,34.814,0.0500,5.000,0,0
1764781717.017418,7.488,6,6,34.810,2.28641,0.000,0.000,62.069,1173.9,0.7059,34.810,0.0500,5.000,0,0
1764781717.151647,7.574,6,6,34.803,2.28652,0.000,0.000,62.047,1174.2,0.7055,34.803,0.0500,5.000,0,0
1764781717.289786,7.400,6,6,34.807,2.28571,0.000,0.000,62.048,1174.3,0.7054,34.807,0.0500,5.000,0,0
1764781717.416123,7.659,6,6,34.801,2.28472,0.000,0.000,62.033,1173.3,0.7054,34.801,0.0500,5.000,0,0
1764781717.556818,7.366,6,6,34.806,2.28672,0.000,0.000,62.064,1173.5,0.7059,34.806,0.0500,5.000,0,0
1764781717.685741,7.659,6,6,34.814,2.28642,0.000,0.000,62.024,1173.8,0.7054,34.814,0.0500,5.000,0,0
1764781717.823335,7.411,6,6,34.837,2.28503,0.000,0.000,62.051,1174.5,0.7052,34.837,0.0500,5.000,0,0
1764781717.954278,7.519,6,6,34.806,2.28469,0.000,0.000,62.004,1174.0,0.7054,34.806,0.0500,5.000,0,0
1764781718.087830,7.445,6,6,34.803,2.28477,0.000,0.000,62.001,1173.7,0.7052,34.803,0.0500,5.000,0,0
1764781718.224303,7.413,6,6,34.819,2.28497,0.000,0.000,62.039,1173.6,0.7052,34.819,0.0500,5.000,0,0
1764781718.357942,7.594,6,6,34.800,2.28582,0.000,0.000,62.029,1173.8,0.7058,34.800,0.0500,5.000,0,0
1764781718.491140,7.500,6,6,34.810,2.28472,0.000,0.000,61.953,1173.6,0.7057,34.810,0.0500,5.000,0,0
1764781718.623005,7.556,6,6,34.780,2.28699,0.000,0.000,61.951,1172.2,0.7054,34.780,0.0500,5.000,0,0
1764781718.755211,7.613,6,6,34.800,2.28575,0.000,0.000,61.966,1173.5,0.7058,34.800,0.0500,5.000,0,0
1764781718.889022,7.424,6,6,34.809,2.28532,0.000,0.000,61.988,1174.3,0.7063,34.809,0.0500,5.000,0,0
1764781719.021548,7.459,6,6,34.782,2.28510,0.000,0.000,62.044,1172.6,0.7061,34.782,0.0500,5.000,0,0
1764781719.156488,7.424,6,6,34.788,2.28536,0.000,0.000,62.027,1171.8,0.7052,34.788,0.0500,5.000,0,0
1764781719.286245,7.554,6,6,34.835,2.28495,0.000,0.000,61.986,1174.5,0.7062,34.835,0.0500,5.000,0,0
1764781719.421638,7.416,6,6,34.806,2.28500,0.000,0.000,61.990,1173.5,0.7059,34.806,0.0500,5.000,0,0
1764781719.556239,7.591,6,6,34.778,2.28502,0.000,0.000,62.020,1171.7,0.7058,34.778,0.0500,5.000,0,0
1764781719.692951,7.411,6,6,34.762,2.28663,0.000,0.000,62.043,1171.2,0.7060,34.762,0.0500,5.000,0,0
1764781719.821978,7.676,6,6,34.774,2.28481,0.000,0.000,62.065,1171.6,0.7060,34.774,0.0500,5.000,0,0
1764781719.957752,7.306,6,6,34.778,2.28352,0.000,0.000,62.081,1171.9,0.7061,34.778,0.0500,5.000,0,0
1764781720.089924,7.628,6,6,34.774,2.28524,0.000,0.000,62.101,1171.7,0.7060,34.774,0.0500,5.000,0,0
1764781720.221770,7.425,6,6,34.785,2.28364,0.000,0.000,62.056,1171.8,0.7058,34.785,0.0500,5.000,0,0
1764781720.353073,7.453,6,6,34.804,2.28448,0.000,0.000,62.056,1173.7,0.7062,34.804,0.0500,5.000,0,0
1764781720.483221,7.539,6,6,34.800,2.28509,0.000,0.000,62.056,1173.3,0.7059,34.800,0.0500,5.000,0,0
1764781720.619131,7.547,6,6,34.805,2.28531,0.000,0.000,62.059,1174.7,0.7068,34.805,0.0500,5.000,0,0
1764781720.746891,7.666,6,6,34.809,2.28433,0.000,0.000,62.051,1174.3,0.7069,34.809,0.0500,5.000,0,0
1764781720.884608,7.328,6,6,34.841,2.28445,0.000,0.000,62.020,1174.9,0.7066,34.841,0.0500,5.000,0,0
1764781721.020422,7.394,6,6,34.815,2.28405,0.000,0.000,61.992,1174.1,0.7067,34.815,0.0500,5.000,0,0
1764781721.152124,7.825,6,6,34.815,2.28370,0.000,0.000,61.974,1174.1,0.7063,34.815,0.0500,5.000,0,0
1764781721.288305,7.182,6,6,34.812,2.28271,0.000,0.000,61.926,1173.1,0.7059,34.812,0.0500,5.000,0,0
1764781721.417145,7.706,6,6,34.795,2.28571,0.000,0.000,61.932,1173.8,0.7062,34.795,0.0500,5.000,0,0
1764781721.555605,7.314,6,6,34.797,2.28527,0.000,0.000,61.914,1173.7,0.7067,34.797,0.0500,5.000,0,0
1764781721.682288,7.766,6,6,34.801,2.28492,0.000,0.000,61.929,1173.4,0.7060,34.801,0.0500,5.000,0,0
1764781721.819949,7.321,6,6,34.802,2.28467,0.000,0.000,61.993,1173.8,0.7063,34.802,0.0500,5.000,0,0
1764781721.954538,7.380,6,6,34.794,2.28359,0.000,0.000,62.001,1173.9,0.7063,34.794,0.0500,5.000,0,0
1764781722.097597,7.067,6,6,34.804,2.28536,0.000,0.000,62.016,1174.2,0.7065,34.804,0.0500,5.000,0,0
1764781722.250457,6.438,6,6,34.785,2.28584,0.000,0.000,61.981,1174.4,0.7069,34.785,0.0500,5.000,0,0
1764781722.388297,7.373,6,6,34.783,2.28537,0.000,0.000,62.002,1174.3,0.7068,34.783,0.0500,5.000,0,0
1764781722.521022,7.594,6,6,34.802,2.28595,0.000,0.000,61.963,1174.2,0.7064,34.802,0.0500,5.000,0,0
1764781722.658045,7.394,6,6,34.793,2.28513,0.000,0.000,61.943,1173.7,0.7057,34.793,0.0500,5.000,0,0
1764781722.785387,7.620,6,6,34.817,2.28518,0.000,0.000,61.929,1174.3,0.7058,34.817,0.0500,5.000,0,0
1764781722.921428,7.386,6,6,34.812,2.28409,0.000,0.000,61.947,1173.7,0.7057,34.812,0.0500,5.000,0,0
1764781723.051365,7.696,6,6,34.789,2.28529,0.000,0.000,61.973,1173.0,0.7061,34.789,0.0500,5.000,0,0
1764781723.184686,7.445,6,6,34.797,2.28522,0.000,0.000,61.990,1173.2,0.7062,34.797,0.0500,5.000,0,0
1764781723.317105,7.504,6,6,34.812,2.28526,0.000,0.000,61.978,1173.1,0.7062,34.812,0.0500,5.000,0,0
1764781723.451473,7.458,6,6,34.823,2.28445,0.000,0.000,61.991,1173.6,0.7060,34.823,0.0500,5.000,0,0
1764781723.584849,7.529,6,6,34.815,2.28509,0.000,0.000,61.946,1173.6,0.7059,34.815,0.0500,5.000,0,0
1764781723.747480,6.131,6,6,34.831,2.28537,0.000,0.000,61.942,1173.3,0.7057,34.831,0.0500,5.000,0,0
1764781723.889934,7.220,6,6,34.827,2.28651,0.000,0.000,61.911,1173.2,0.7056,34.827,0.0500,5.000,0,0
1764781724.018771,7.638,6,6,34.851,2.28625,0.000,0.000,61.854,1173.8,0.7057,34.851,0.0500,5.000,0,0
1764781724.150371,7.539,6,6,34.850,2.28616,0.000,0.000,61.843,1173.4,0.7056,34.850,0.0500,5.000,0,0
1764781724.285844,7.416,6,6,34.827,2.28585,0.000,0.000,61.839,1173.8,0.7054,34.827,0.0500,5.000,0,0
1764781724.421139,7.393,6,6,34.801,2.28775,0.000,0.000,61.912,1172.1,0.7051,34.801,0.0500,5.000,0,0
1764781724.550059,7.692,6,6,34.820,2.28712,0.000,0.000,61.939,1173.2,0.7059,34.820,0.0500,5.000,0,0
1764781724.689401,7.278,6,6,34.820,2.28649,0.000,0.000,61.941,1173.1,0.7057,34.820,0.0500,5.000,0,0
1764781724.817162,7.719,6,6,34.817,2.28658,0.000,0.000,61.969,1172.8,0.7056,34.817,0.0500,5.000,0,0
1764781724.952007,7.439,6,6,34.836,2.28518,0.000,0.000,61.942,1174.4,0.7053,34.836,0.0500,5.000,0,0
1764781725.122474,7.401,6,6,34.820,2.28543,0.000,0.000,61.933,1173.4,0.7052,34.820,0.0500,5.000,0,0
1764781725.258732,5.949,6,6,34.834,2.28523,0.000,0.000,61.857,1173.7,0.7050,34.834,0.0500,5.000,0,0
1764781725.386473,7.674,6,6,34.815,2.28674,0.000,0.000,61.806,1172.2,0.7049,34.815,0.0500,5.000,0,0
1764781725.521044,7.405,6,6,34.801,2.28701,0.000,0.000,61.812,1172.7,0.7053,34.801,0.0500,5.000,0,0
1764781725.650748,7.655,6,6,34.795,2.28571,0.000,0.000,61.814,1172.7,0.7051,34.795,0.0500,5.000,0,0
1764781725.785465,7.448,6,6,34.811,2.28578,0.000,0.000,61.819,1173.0,0.7047,34.811,0.0500,5.000,0,0
1764781725.917666,7.569,6,6,34.818,2.28596,0.000,0.000,61.812,1173.5,0.7051,34.818,0.0500,5.000,0,0
1764781726.051004,7.428,6,6,34.837,2.28682,0.000,0.000,61.919,1173.8,0.7059,34.837,0.0500,5.000,0,0
1764781726.189839,7.415,6,6,34.821,2.28717,0.000,0.000,61.971,1173.0,0.7054,34.821,0.0500,5.000,0,0
1764781726.319526,7.553,6,6,34.820,2.28726,0.000,0.000,62.024,1173.1,0.7058,34.820,0.0500,5.000,0,0
1764781726.454142,7.448,6,6,34.812,2.28749,0.000,0.000,62.034,1172.9,0.7056,34.812,0.0500,5.000,0,0
1764781726.583150,7.623,6,6,34.824,2.28487,0.000,0.000,62.013,1173.5,0.7055,34.824,0.0500,5.000,0,0
1764781726.747613,6.148,6,6,34.821,2.28579,0.000,0.000,62.019,1173.3,0.7055,34.821,0.0500,5.000,0,0
1764781726.884930,7.228,6,6,34.814,2.28557,0.000,0.000,62.018,1172.3,0.7053,34.814,0.0500,5.000,0,0
1764781727.021548,7.467,6,6,34.850,2.28625,0.000,0.000,62.015,1173.9,0.7063,34.850,0.0500,5.000,0,0
1764781727.152033,7.572,6,6,34.822,2.28532,0.000,0.000,61.990,1173.9,0.7056,34.822,0.0500,5.000,0,0
1764781727.283464,7.639,6,6,34.824,2.28741,0.000,0.000,61.984,1173.9,0.7060,34.824,0.0500,5.000,0,0
1764781727.418875,7.390,6,6,34.804,2.28670,0.000,0.000,61.977,1172.2,0.7050,34.804,0.0500,5.000,0,0
1764781727.558892,7.363,6,6,34.811,2.28614,0.000,0.000,62.032,1173.6,0.7051,34.811,0.0500,5.000,0,0
1764781727.686216,7.555,6,6,34.810,2.28723,0.000,0.000,61.978,1173.1,0.7052,34.810,0.0500,5.000,0,0
1764781727.820995,7.475,6,6,34.795,2.28554,0.000,0.000,61.998,1172.4,0.7054,34.795,0.0500,5.000,0,0
1764781727.951137,7.664,6,6,34.801,2.28642,0.000,0.000,62.015,1172.7,0.7053,34.801,0.0500,5.000,0,0
1764781728.087181,7.365,6,6,34.802,2.28453,0.000,0.000,62.034,1173.3,0.7051,34.802,0.0500,5.000,0,0
1764781728.256485,6.075,6,6,34.802,2.28468,0.000,0.000,62.076,1173.7,0.7055,34.802,0.0500,5.000,0,0
1764781728.387910,7.393,6,6,34.794,2.28427,0.000,0.000,62.062,1173.6,0.7056,34.794,0.0500,5.000,0,0
1764781728.521332,7.625,6,6,34.776,2.28525,0.000,0.000,62.093,1173.2,0.7059,34.776,0.0500,5.000,0,0
1764781728.658195,7.426,6,6,34.798,2.28580,0.000,0.000,62.118,1173.1,0.7051,34.798,0.0500,5.000,0,0
1764781728.790732,7.434,6,6,34.769,2.28594,0.000,0.000,62.160,1173.2,0.7057,34.769,0.0500,5.000,0,0
1764782202.252153,327.962,0,0,0.000,0.00000,0.000,0.000,0.000,,,,0.0500,5.000,0,0
1764782202.372339,7.726,0,0,0.000,0.00000,0.000,0.000,0.000,,,,0.0500,5.000,0,0
1764782202.498923,7.489,0,0,0.000,0.00000,0.000,0.000,0.000,,,,0.0500,5.000,0,0
1764782202.619542,9.041,0,0,0.000,0.00000,0.000,0.000,0.000,,,,0.0500,5.000,0,0
1764782202.704428,11.199,0,0,0.000,0.00000,0.000,0.000,0.000,,,,0.0500,5.000,0,0
1764782202.795366,9.986,0,0,0.000,0.00000,0.000,0.000,0.000,,,,0.0500,5.000,0,0
1764782202.907046,9.464,0,0,0.000,0.00000,0.000,0.000,0.000,,,,0.0500,5.000,0,0
1764782202.994994,10.585,0,0,0.000,0.00000,0.000,0.000,0.000,,,,0.0500,5.000,0,0
1764782203.056266,15.036,0,0,0.000,0.00000,0.000,0.000,0.000,,,,0.0500,5.000,0,0
1764782203.124806,15.133,0,0,0.000,0.00000,0.000,0.000,0.000,,,,0.0500,5.000,0,0
1764782203.194017,14.886,0,0,0.000,0.00000,0.000,0.000,0.000,,,,0.0500,5.000,0,0
1764782203.265845,14.946,0,0,0.000,0.00000,0.000,0.000,0.000,,,,0.0500,5.000,0,0
1764782203.330192,15.173,0,0,0.000,0.00000,0.000,0.000,0.000,,,,0.0500,5.000,0,0
1764782203.403403,14.892,0,0,0.000,0.00000,0.000,0.000,0.000,,,,0.0500,5.000,0,0
1764782203.577828,9.958,0,0,0.000,0.00000,0.000,0.000,0.000,,,,0.0500,5.000,0,0
1764782203.733706,5.967,0,0,0.000,0.00000,0.000,0.000,0.000,,,,0.0500,5.000,0,0
1764782203.882834,6.021,0,0,0.000,0.00000,0.000,0.000,0.000,,,,0.0500,5.000,0,0
1764782203.976878,7.475,0,0,0.000,0.00000,0.000,0.000,0.000,,,,0.0500,5.000,0,0
1764782204.078245,10.183,0,0,0.000,0.00000,0.000,0.000,0.000,,,,0.0500,5.000,0,0
1764782204.183635,10.020,0,0,0.000,0.00000,0.000,0.000,0.000,,,,0.0500,5.000,0,0
1764782204.277518,10.005,0,0,0.000,0.00000,0.000,0.000,0.000,,,,0.0500,5.000,0,0
1764782204.373406,9.942,0,0,0.000,0.00000,0.000,0.000,0.000,,,,0.0500,5.000,0,0
1764782204.462818,10.025,0,0,0.000,0.00000,0.000,0.000,0.000,,,,0.0500,5.000,0,0
1764782204.530126,15.104,0,0,0.000,0.00000,0.000,0.000,0.000,,,,0.0500,5.000,0,0
1764782204.594739,14.881,0,0,0.000,0.00000,0.000,0.000,0.000,,,,0.0500,5.000,0,0
1764782204.658679,15.013,0,0,0.000,0.00000,0.000,0.000,0.000,,,,0.0500,5.000,0,0
1764782204.725789,14.992,0,0,0.000,0.00000,0.000,0.000,0.000,,,,0.0500,5.000,0,0
1764782204.790335,15.049,0,0,0.000,0.00000,0.000,0.000,0.000,,,,0.0500,5.000,0,0
1764782204.859158,15.144,0,0,0.000,0.00000,0.000,0.000,0.000,,,,0.0500,5.000,0,0
1764782204.923125,14.863,0,0,0.000,0.00000,0.000,0.000,0.000,,,,0.0500,5.000,0,0
1764782204.989800,14.935,0,0,0.000,0.00000,0.000,0.000,0.000,,,,0.0500,5.000,0,0
1764782205.060433,14.947,0,0,0.000,0.00000,0.000,0.000,0.000,,,,0.0500,5.000,0,0
1764782205.121133,15.072,0,0,0.000,0.00000,0.000,0.000,0.000,,,,0.0500,5.000,0,0
1764782205.191650,15.155,0,0,0.000,0.00000,0.000,0.000,0.000,,,,0.0500,5.000,0,0
1764782205.254659,14.772,0,0,0.000,0.00000,0.000,0.000,0.000,,,,0.0500,5.000,0,0
1764782205.321958,15.183,0,0,0.000,0.00000,0.000,0.000,0.000,,,,0.0500,5.000,0,0
1764782205.387863,14.873,0,0,0.000,0.00000,0.000,0.000,0.000,,,,0.0500,5.000,0,0
1764782205.454755,15.157,0,0,0.000,0.00000,0.000,0.000,0.000,,,,0.0500,5.000,0,0
1764782205.521801,14.866,0,0,0.000,0.00000,0.000,0.000,0.000,,,,0.0500,5.000,0,0
1764782205.588882,14.958,0,0,0.000,0.00000,0.000,0.000,0.000,,,,0.0500,5.000,0,0
1764782205.656216,15.033,0,0,0.000,0.00000,0.000,0.000,0.000,,,,0.0500,5.000,0,0
1764782205.722018,14.913,0,0,0.000,0.00000,0.000,0.000,0.000,,,,0.0500,5.000,0,0
1764782205.787393,15.215,0,0,0.000,0.00000,0.000,0.000,0.000,,,,0.0500,5.000,0,0
1764782205.854898,14.782,0,0,0.000,0.00000,0.000,0.000,0.000,,,,0.0500,5.000,0,0
1764782205.920627,15.233,0,0,0.000,0.00000,0.000,0.000,0.000,,,,0.0500,5.000,0,0
1764782205.985746,15.119,0,0,0.000,0.00000,0.000,0.000,0.000,,,,0.0500,5.000,0,0
1764782206.054126,14.847,0,0,0.000,0.00000,0.000,0.000,0.000,,,,0.0500,5.000,0,0
1764782206.119446,15.166,0,0,0.000,0.00000,0.000,0.000,0.000,,,,0.0500,5.000,0,0
1764782206.186306,14.990,0,0,0.000,0.00000,0.000,0.000,0.000,,,,0.0500,5.000,0,0
1764782206.254639,14.693,0,0,0.000,0.00000,0.000,0.000,0.000,,,,0.0500,5.000,0,0
1764782206.321140,15.149,0,0,0.000,0.00000,0.000,0.000,0.000,,,,0.0500,5.000,0,0
1764782206.385656,15.133,0,0,0.000,0.00000,0.000,0.000,0.000,,,,0.0500,5.000,0,0
1764782206.453690,14.850,0,0,0.000,0.00000,0.000,0.000,0.000,,,,0.0500,5.000,0,0
1764782206.519773,15.063,0,0,0.000,0.00000,0.000,0.000,0.000,,,,0.0500,5.000,0,0
1764782206.588078,14.841,0,0,0.000,0.00000,0.000,0.000,0.000,,,,0.0500,5.000,0,0
1764782206.655519,15.050,0,0,0.000,0.00000,0.000,0.000,0.000,,,,0.0500,5.000,0,0
1764782206.720671,15.194,0,0,0.000,0.00000,0.000,0.000,0.000,,,,0.0500,5.000,0,0
1764782206.791082,15.074,0,0,0.000,0.00000,0.000,0.000,0.000,,,,0.0500,5.000,0,0
1764782206.858715,14.832,0,0,0.000,0.00000,0.000,0.000,0.000,,,,0.0500,5.000,0,0
1764782206.924881,15.099,0,0,0.000,0.00000,0.000,0.000,0.000,,,,0.0500,5.000,0,0
1764782207.002840,15.063,0,0,0.000,0.00000,0.000,0.000,0.000,,,,0.0500,5.000,0,0
1764782207.088768,10.039,0,0,0.000,0.00000,0.000,0.000,0.000,,,,0.0500,5.000,0,0
1764782207.155395,14.997,0,0,0.000,0.00000,0.000,0.000,0.000,,,,0.0500,5.000,0,0
1764782207.222554,14.854,0,0,0.000,0.00000,0.000,0.000,0.000,,,,0.0500,5.000,0,0
1764782207.288762,15.036,0,0,0.000,0.00000,0.000,0.000,0.000,,,,0.0500,5.000,0,0
1764782207.353870,15.042,0,0,0.000,0.00000,0.000,0.000,0.000,,,,0.0500,5.000,0,0
1764782207.424157,15.024,0,0,0.000,0.00000,0.000,0.000,0.000,,,,0.0500,5.000,0,0
1764782207.486877,15.070,0,0,0.000,0.00000,0.000,0.000,0.000,,,,0.0500,5.000,0,0
1764782207.555804,14.918,0,0,0.000,0.00000,0.000,0.000,0.000,,,,0.0500,5.000,0,0
1764782207.621997,14.957,0,0,0.000,0.00000,0.000,0.000,0.000,,,,0.0500,5.000,0,0
1764782207.688880,14.981,0,0,0.000,0.00000,0.000,0.000,0.000,,,,0.0500,5.000,0,0
1764782207.757617,15.188,0,0,0.000,0.00000,0.000,0.000,0.000,,,,0.0500,5.000,0,0
1764782207.822506,14.816,0,0,0.000,0.00000,0.000,0.000,0.000,,,,0.0500,5.000,0,0
1764782207.888216,15.038,0,0,0.000,0.00000,0.000,0.000,0.000,,,,0.0500,5.000,0,0
1764782207.975880,12.521,0,0,0.000,0.00000,0.000,0.000,0.000,,,,0.0500,5.000,0,0
1764782208.055011,11.518,0,0,0.000,0.00000,0.000,0.000,0.000,,,,0.0500,5.000,0,0
1764782208.122072,15.009,0,0,0.000,0.00000,0.000,0.000,0.000,,,,0.0500,5.000,0,0
1764782208.190839,15.173,0,0,0.000,0.00000,0.000,0.000,0.000,,,,0.0500,5.000,0,0
1764782208.254886,14.899,0,0,0.000,0.00000,0.000,0.000,0.000,,,,0.0500,5.000,0,0
1764782208.322274,14.944,0,0,0.000,0.00000,0.000,0.000,0.000,,,,0.0500,5.000,0,0
1764782208.389339,14.991,0,0,0.000,0.00000,0.000,0.000,0.000,,,,0.0500,5.000,0,0
1764782208.453318,15.034,0,0,0.000,0.00000,0.000,0.000,0.000,,,,0.0500,5.000,0,0
1764782208.522541,14.993,0,0,0.000,0.00000,0.000,0.000,0.000,,,,0.0500,5.000,0,0
1764782208.588204,15.001,0,0,0.000,0.00000,0.000,0.000,0.000,,,,0.0500,5.000,0,0
1764782208.654812,14.933,0,0,0.000,0.00000,0.000,0.000,0.000,,,,0.0500,5.000,0,0
1764782208.719336,15.097,0,0,0.000,0.00000,0.000,0.000,0.000,,,,0.0500,5.000,0,0
1764782208.788236,14.985,0,0,0.000,0.00000,0.000,0.000,0.000,,,,0.0500,5.000,0,0
1764782208.854985,14.966,0,0,0.000,0.00000,0.000,0.000,0.000,,,,0.0500,5.000,0,0
1764782208.921486,15.004,0,0,0.000,0.00000,0.000,0.000,0.000,,,,0.0500,5.000,0,0
1764782208.987752,14.891,0,0,0.000,0.00000,0.000,0.000,0.000,,,,0.0500,5.000,0,0
1764782209.055288,15.099,0,0,0.000,0.00000,0.000,0.000,0.000,,,,0.0500,5.000,0,0
1764782209.122854,15.012,0,0,0.000,0.00000,0.000,0.000,0.000,,,,0.0500,5.000,0,0
1764782209.187171,15.140,0,0,0.000,0.00000,0.000,0.000,0.000,,,,0.0500,5.000,0,0
1764782209.253316,14.924,0,0,0.000,0.00000,0.000,0.000,0.000,,,,0.0500,5.000,0,0
1764782209.321208,14.986,0,0,0.000,0.00000,0.000,0.000,0.000,,,,0.0500,5.000,0,0
1764782209.387068,14.947,0,0,0.000,0.00000,0.000,0.000,0.000,,,,0.0500,5.000,0,0
1764782209.454517,15.009,0,0,0.000,0.00000,0.000,0.000,0.000,,,,0.0500,5.000,0,0
1764782209.520653,15.121,0,0,0.000,0.00000,0.000,0.000,0.000,,,,0.0500,5.000,0,0
1764782209.586323,14.964,0,0,0.000,0.00000,0.000,0.000,0.000,,,,0.0500,5.000,0,0
1764782209.654870,14.930,0,0,0.000,0.00000,0.000,0.000,0.000,,,,0.0500,5.000,0,0
1764782209.720641,14.993,0,0,0.000,0.00000,0.000,0.000,0.000,,,,0.0500,5.000,0,0
1764782209.787014,15.051,0,0,0.000,0.00000,0.000,0.000,0.000,,,,0.0500,5.000,0,0
1764782209.854061,14.937,0,0,0.000,0.00000,0.000,0.000,0.000,,,,0.0500,5.000,0,0
1764782209.921201,15.061,0,0,0.000,0.00000,0.000,0.000,0.000,,,,0.0500,5.000,0,0
1764782209.986818,15.080,0,0,0.000,0.00000,0.000,0.000,0.000,,,,0.0500,5.000,0,0
1764782210.057053,15.107,0,0,0.000,0.00000,0.000,0.000,0.000,,,,0.0500,5.000,0,0
1764782210.121010,14.956,0,0,0.000,0.00000,0.000,0.000,0.000,,,,0.0500,5.000,0,0
1764782210.188214,14.892,0,0,0.000,0.00000,0.000,0.000,0.000,,,,0.0500,5.000,0,0
1764782210.255039,14.923,0,0,0.000,0.00000,0.000,0.000,0.000,,,,0.0500,5.000,0,0
1764782210.321181,15.103,0,0,0.000,0.00000,0.000,0.000,0.000,,,,0.0500,5.000,0,0
1764782210.388220,14.950,0,0,0.000,0.00000,0.000,0.000,0.000,,,,0.0500,5.000,0,0
1764782210.454952,15.079,0,0,0.000,0.00000,0.000,0.000,0.000,,,,0.0500,5.000,0,0
1764782224.247913,41.373,6,6,34.713,2.28658,0.031,0.589,58.834,1166.7,0.7053,34.713,0.1581,15.811,0,0
1764782224.482047,4.022,6,6,34.676,2.28670,0.031,0.593,58.914,1165.5,0.7053,34.676,0.1581,15.811,0,0
1764782224.640306,4.963,6,6,34.666,2.28835,0.031,0.591,59.013,1165.8,0.7061,34.666,0.1581,15.811,0,0
1764782224.808415,6.251,6,6,34.710,2.28353,0.032,0.588,59.055,1167.0,0.7057,34.710,0.1581,15.811,0,0
1764782224.965612,5.867,6,6,34.673,2.28481,0.033,0.587,59.125,1166.6,0.7063,34.673,0.1581,15.811,0,0
1764782225.129538,6.001,6,6,34.667,2.28529,0.032,0.591,59.173,1166.0,0.7057,34.667,0.1581,15.811,0,0
1764782225.262953,7.339,6,6,34.665,2.28632,0.032,0.593,59.195,1165.5,0.7055,34.665,0.1581,15.811,0,0
1764782225.392597,7.632,6,6,34.702,2.28543,0.032,0.590,59.208,1166.6,0.7055,34.702,0.1581,15.811,0,0
1764782225.527662,7.411,6,6,34.705,2.28267,0.032,0.593,59.185,1167.4,0.7055,34.705,0.1581,15.811,0,0
1764782225.666474,7.358,6,6,34.671,2.28495,0.032,0.592,59.194,1166.5,0.7057,34.671,0.1581,15.811,0,0
1764782225.793122,7.699,6,6,34.696,2.28375,0.033,0.588,59.214,1166.9,0.7059,34.696,0.1581,15.811,0,0
1764782225.928013,7.452,6,6,34.679,2.28492,0.032,0.591,59.249,1166.5,0.7058,34.679,0.1581,15.811,0,0
1764782226.061372,7.545,6,6,34.684,2.28488,0.032,0.592,59.287,1166.3,0.7057,34.684,0.1581,15.811,0,0
1764782226.194946,7.468,6,6,34.665,2.28438,0.032,0.591,59.308,1165.9,0.7058,34.665,0.1581,15.811,0,0
1764782226.326315,7.520,6,6,34.656,2.28522,0.032,0.590,59.310,1166.5,0.7061,34.656,0.1581,15.811,0,0
1764782226.460472,7.443,6,6,34.654,2.28564,0.032,0.590,59.341,1165.9,0.7062,34.654,0.1581,15.811,0,0
1764782226.595992,7.485,6,6,34.679,2.28368,0.032,0.591,59.364,1166.7,0.7056,34.679,0.1581,15.811,0,0
1764782226.726870,7.565,6,6,34.671,2.28416,0.032,0.590,59.397,1166.5,0.7061,34.671,0.1581,15.811,0,0
1764782226.864690,7.424,6,6,34.710,2.28319,0.031,0.591,59.400,1166.2,0.7054,34.710,0.1581,15.811,0,0
1764782226.995125,7.641,6,6,34.671,2.28524,0.032,0.590,59.434,1166.9,0.7061,34.671,0.1581,15.811,0,0
1764782227.123951,7.559,6,6,34.666,2.28442,0.032,0.591,59.427,1165.6,0.7056,34.666,0.1581,15.811,0,0
1764782227.260261,7.414,6,6,34.664,2.28345,0.032,0.591,59.426,1166.3,0.7059,34.664,0.1581,15.811,0,0
1764782227.395405,7.460,6,6,34.728,2.28543,0.031,0.590,59.392,1167.3,0.7052,34.728,0.1581,15.811,0,0
1764782227.528391,7.541,6,6,34.731,2.28473,0.031,0.590,59.403,1167.7,0.7056,34.731,0.1581,15.811,0,0
1764782227.664946,7.341,6,6,34.721,2.28553,0.031,0.590,59.401,1167.0,0.7056,34.721,0.1581,15.811,0,0
1764782227.792936,7.699,6,6,34.722,2.28502,0.031,0.591,59.420,1167.8,0.7055,34.722,0.1581,15.811,0,0
1764782227.932454,7.253,6,6,34.682,2.28511,0.032,0.591,59.448,1165.5,0.7058,34.682,0.1581,15.811,0,0
1764782228.064017,7.603,6,6,34.657,2.28556,0.032,0.592,59.482,1165.5,0.7060,34.657,0.1581,15.811,0,0
1764782228.193379,7.609,6,6,34.678,2.28448,0.031,0.591,59.514,1166.1,0.7061,34.678,0.1581,15.811,0,0
1764782228.326694,7.480,6,6,34.686,2.28593,0.031,0.590,59.510,1165.9,0.7060,34.686,0.1581,15.811,0,0
1764782228.460429,7.518,6,6,34.649,2.28495,0.031,0.590,59.547,1165.7,0.7062,34.649,0.1581,15.811,0,0
1764782228.594436,7.511,6,6,34.643,2.28503,0.032,0.589,59.559,1164.9,0.7062,34.643,0.1581,15.811,0,0
1764782228.733514,7.377,6,6,34.678,2.28392,0.031,0.591,59.541,1165.5,0.7058,34.678,0.1581,15.811,0,0
1764782228.860027,7.639,6,6,34.721,2.28619,0.031,0.591,59.486,1167.5,0.7052,34.721,0.1581,15.811,0,0
1764782228.998999,7.341,6,6,34.721,2.28546,0.031,0.591,59.474,1167.3,0.7056,34.721,0.1581,15.811,0,0
1764782229.128863,7.671,6,6,34.718,2.28622,0.031,0.589,59.476,1167.4,0.7058,34.718,0.1581,15.811,0,0
1764782229.267748,7.386,6,6,34.725,2.28555,0.032,0.589,59.467,1167.4,0.7054,34.725,0.1581,15.811,0,0
1764782229.395924,7.651,6,6,34.714,2.28587,0.032,0.587,59.469,1167.4,0.7056,34.714,0.1581,15.811,0,0
1764782229.525561,7.465,6,6,34.721,2.28489,0.032,0.587,59.450,1167.2,0.7054,34.721,0.1581,15.811,0,0
1764782229.661863,7.483,6,6,34.721,2.28656,0.031,0.589,59.455,1167.0,0.7055,34.721,0.1581,15.811,0,0
1764782229.793339,7.478,6,6,34.747,2.28467,0.031,0.595,59.455,1168.0,0.7051,34.747,0.1581,15.811,0,0
1764782229.930822,7.393,6,6,34.732,2.28570,0.031,0.590,59.465,1167.9,0.7056,34.732,0.1581,15.811,0,0
1764782230.062170,7.520,6,6,34.726,2.28659,0.031,0.590,59.455,1167.5,0.7059,34.726,0.1581,15.811,0,0
1764782230.195790,7.561,6,6,34.745,2.28482,0.031,0.590,59.407,1167.4,0.7056,34.745,0.1581,15.811,0,0
1764782230.327217,7.570,6,6,34.724,2.28450,0.031,0.591,59.411,1168.0,0.7058,34.724,0.1581,15.811,0,0
1764782230.459965,7.426,6,6,34.736,2.28447,0.031,0.590,59.398,1167.3,0.7055,34.736,0.1581,15.811,0,0
1764782230.587839,7.675,6,6,34.682,2.28330,0.032,0.592,59.379,1165.8,0.7052,34.682,0.1581,15.811,0,0
1764782230.733992,7.062,6,6,34.719,2.28498,0.032,0.588,59.403,1166.8,0.7059,34.719,0.1581,15.811,0,0
1764782230.877203,7.521,6,6,34.736,2.28539,0.031,0.587,59.404,1167.2,0.7053,34.736,0.1581,15.811,0,0
1764782231.031159,6.161,6,6,34.699,2.28446,0.032,0.589,59.413,1166.0,0.7054,34.699,0.1581,15.811,0,0
1764782231.162496,7.439,6,6,34.673,2.28510,0.032,0.589,59.415,1164.9,0.7055,34.673,0.1581,15.811,0,0
1764782231.298698,7.547,6,6,34.663,2.28624,0.032,0.590,59.435,1164.2,0.7055,34.663,0.1581,15.811,0,0
1764782231.425233,7.632,6,6,34.664,2.28614,0.032,0.590,59.439,1164.8,0.7052,34.664,0.1581,15.811,0,0
1764782231.560087,7.476,6,6,34.711,2.28492,0.032,0.588,59.430,1166.7,0.7053,34.711,0.1581,15.811,0,0
1764782231.694316,7.529,6,6,34.696,2.28497,0.031,0.589,59.448,1166.6,0.7053,34.696,0.1581,15.811,0,0
1764782231.828368,7.412,6,6,34.681,2.28644,0.031,0.588,59.472,1166.6,0.7059,34.681,0.1581,15.811,0,0
1764782231.962360,7.527,6,6,34.692,2.28595,0.031,0.589,59.475,1166.6,0.7060,34.692,0.1581,15.811,0,0
1764782232.095654,7.477,6,6,34.720,2.28684,0.031,0.587,59.471,1167.8,0.7061,34.720,0.1581,15.811,0,0
1764782232.236245,7.339,6,6,34.731,2.28556,0.031,0.591,59.517,1168.3,0.7054,34.731,0.1581,15.811,0,0
1764782232.359249,7.751,6,6,34.766,2.28375,0.031,0.592,59.477,1169.3,0.7056,34.766,0.1581,15.811,0,0
1764782232.491828,7.551,6,6,34.761,2.28513,0.031,0.591,59.452,1169.1,0.7054,34.761,0.1581,15.811,0,0
1764782232.628074,7.348,6,6,34.750,2.28397,0.031,0.590,59.442,1169.4,0.7060,34.750,0.1581,15.811,0,0
1764782232.760349,7.515,6,6,34.758,2.28572,0.031,0.589,59.440,1169.7,0.7059,34.758,0.1581,15.811,0,0
1764782232.897237,7.449,6,6,34.760,2.28630,0.031,0.590,59.432,1170.2,0.7056,34.760,0.1581,15.811,0,0
1764782233.027535,7.596,6,6,34.733,2.28755,0.031,0.589,59.441,1169.6,0.7057,34.733,0.1581,15.811,0,0
1764782526.227029,57.300,5,5,32.636,2.26817,0.057,0.623,56.409,1192.5,0.7106,32.636,0.1581,15.811,0,0
1764782526.431425,4.914,6,6,34.820,2.28472,0.031,0.591,56.961,1172.4,0.7052,34.820,0.1581,15.811,0,0
1764782526.669583,5.071,6,6,34.749,2.28717,0.030,0.593,57.430,1170.7,0.7052,34.749,0.1581,15.811,0,0
1764782526.926068,4.966,6,6,34.715,2.28430,0.031,0.596,57.797,1169.1,0.7066,34.715,0.1581,15.811,0,0
1764782527.105433,3.707,6,6,34.770,2.28292,0.031,0.594,58.098,1170.3,0.7055,34.770,0.1581,15.811,0,0
1764782527.245645,6.224,6,6,34.759,2.28619,0.030,0.597,58.400,1170.2,0.7054,34.759,0.1581,15.811,0,0
1764782527.385602,7.304,6,6,34.776,2.28467,0.031,0.594,58.607,1170.0,0.7055,34.776,0.1581,15.811,0,0
1764782527.510046,7.966,6,6,34.768,2.28516,0.030,0.595,58.759,1169.6,0.7055,34.768,0.1581,15.811,0,0
1764782527.649687,7.140,6,6,34.725,2.28511,0.031,0.595,58.872,1168.5,0.7057,34.725,0.1581,15.811,0,0
1764782527.796343,7.265,6,6,34.704,2.28341,0.032,0.592,58.966,1168.5,0.7059,34.704,0.1581,15.811,0,0
1764782527.952064,6.286,6,6,34.746,2.28353,0.031,0.593,59.046,1168.9,0.7054,34.746,0.1581,15.811,0,0
1764782528.083455,7.462,6,6,34.707,2.28576,0.032,0.594,59.109,1168.8,0.7058,34.707,0.1581,15.811,0,0
1764782528.213086,7.572,6,6,34.673,2.28497,0.032,0.595,59.134,1166.9,0.7057,34.673,0.1581,15.811,0,0
1764782528.351855,7.198,6,6,34.719,2.28426,0.032,0.593,59.142,1169.0,0.7060,34.719,0.1581,15.811,0,0
1764782528.487961,7.317,6,6,34.727,2.28352,0.032,0.597,59.141,1169.2,0.7056,34.727,0.1581,15.811,0,0
1764782528.617932,7.734,6,6,34.721,2.28426,0.032,0.595,59.173,1169.3,0.7056,34.721,0.1581,15.811,0,0
1764782528.748879,7.522,6,6,34.698,2.28577,0.033,0.593,59.196,1168.6,0.7057,34.698,0.1581,15.811,0,0
1764782528.879134,7.724,6,6,34.723,2.28496,0.032,0.593,59.221,1169.5,0.7059,34.723,0.1581,15.811,0,0
1764782529.014864,7.230,6,6,34.729,2.28403,0.031,0.592,59.240,1167.0,0.7053,34.729,0.1581,15.811,0,0
1764782529.148294,7.568,6,6,34.687,2.28569,0.032,0.595,59.212,1166.5,0.7055,34.687,0.1581,15.811,0,0
1764782529.279622,7.580,6,6,34.685,2.28497,0.032,0.593,59.231,1167.1,0.7055,34.685,0.1581,15.811,0,0
1764782529.416620,7.339,6,6,34.668,2.28662,0.032,0.592,59.257,1166.2,0.7058,34.668,0.1581,15.811,0,0
1764782529.555684,7.428,6,6,34.667,2.28632,0.032,0.592,59.276,1166.0,0.7057,34.667,0.1581,15.811,0,0
1764782529.682327,7.638,6,6,34.689,2.28617,0.031,0.591,59.269,1166.1,0.7058,34.689,0.1581,15.811,0,0
1764782529.817415,7.456,6,6,34.698,2.28719,0.031,0.594,59.270,1165.7,0.7057,34.698,0.1581,15.811,0,0
1764782529.948900,7.574,6,6,34.712,2.28652,0.031,0.595,59.239,1166.7,0.7058,34.712,0.1581,15.811,0,0
1764782530.083376,7.546,6,6,34.728,2.28638,0.032,0.589,59.248,1167.9,0.7061,34.728,0.1581,15.811,0,0
1764782530.217980,7.400,6,6,34.745,2.28716,0.031,0.588,59.283,1167.7,0.7057,34.745,0.1581,15.811,0,0
1764782530.349735,7.514,6,6,34.733,2.28827,0.031,0.589,59.300,1167.6,0.7059,34.733,0.1581,15.811,0,0
1764782530.486449,7.436,6,6,34.742,2.28729,0.031,0.590,59.317,1167.9,0.7063,34.742,0.1581,15.811,0,0
1764782530.620730,7.388,6,6,34.737,2.28715,0.031,0.589,59.349,1167.8,0.7056,34.737,0.1581,15.811,0,0
1764782530.754188,7.540,6,6,34.722,2.28670,0.031,0.590,59.357,1167.5,0.7059,34.722,0.1581,15.811,0,0
1764782530.884787,7.569,6,6,34.713,2.28734,0.031,0.589,59.370,1166.8,0.7059,34.713,0.1581,15.811,0,0
1764782531.014517,7.606,6,6,34.722,2.28697,0.031,0.590,59.339,1167.1,0.7058,34.722,0.1581,15.811,0,0
1764782531.149591,7.479,6,6,34.712,2.28829,0.031,0.590,59.358,1166.7,0.7058,34.712,0.1581,15.811,0,0
1764782531.282463,7.511,6,6,34.704,2.28648,0.032,0.590,59.346,1166.9,0.7059,34.704,0.1581,15.811,0,0
1764782531.416678,7.427,6,6,34.709,2.28799,0.031,0.590,59.357,1166.9,0.7058,34.709,0.1581,15.811,0,0
1764782531.550685,7.545,6,6,34.699,2.28811,0.031,0.590,59.353,1166.5,0.7060,34.699,0.1581,15.811,0,0
1764782531.683164,7.503,6,6,34.713,2.28820,0.031,0.590,59.338,1166.5,0.7057,34.713,0.1581,15.811,0,0
1764782531.815111,7.513,6,6,34.723,2.28781,0.031,0.590,59.351,1167.2,0.7061,34.723,0.1581,15.811,0,0
1764782531.953385,7.395,6,6,34.701,2.28634,0.032,0.588,59.346,1166.9,0.7055,34.701,0.1581,15.811,0,0
1764782532.094328,7.481,6,6,34.701,2.28612,0.032,0.588,59.329,1166.9,0.7060,34.701,0.1581,15.811,0,0
1764782532.222624,7.575,6,6,34.687,2.28648,0.032,0.587,59.334,1166.6,0.7057,34.687,0.1581,15.811,0,0
1764782532.350729,7.650,6,6,34.666,2.28757,0.032,0.589,59.346,1165.7,0.7056,34.666,0.1581,15.811,0,0
1764782532.490493,7.297,6,6,34.712,2.28720,0.031,0.590,59.320,1166.8,0.7057,34.712,0.1581,15.811,0,0
1764782532.621135,7.686,6,6,34.724,2.28664,0.031,0.590,59.294,1167.3,0.7062,34.724,0.1581,15.811,0,0
1764782532.749335,7.388,6,6,34.715,2.28620,0.031,0.590,59.309,1167.3,0.7062,34.715,0.1581,15.811,0,0
1764782532.883206,7.519,6,6,34.728,2.28676,0.031,0.590,59.293,1167.0,0.7059,34.728,0.1581,15.811,0,0
1764782533.017432,7.466,6,6,34.691,2.28606,0.032,0.588,59.302,1167.3,0.7063,34.691,0.1581,15.811,0,0
1764782533.146116,7.630,6,6,34.697,2.28499,0.032,0.589,59.289,1167.2,0.7064,34.697,0.1581,15.811,0,0
1764782533.285738,7.458,6,6,34.720,2.28593,0.032,0.589,59.321,1168.0,0.7068,34.720,0.1581,15.811,0,0
1764782533.417363,7.406,6,6,34.692,2.28628,0.032,0.591,59.276,1166.7,0.7060,34.692,0.1581,15.811,0,0
1764782533.547616,7.608,6,6,34.711,2.28511,0.031,0.589,59.310,1166.8,0.7050,34.711,0.1581,15.811,0,0
1764782533.683830,7.421,6,6,34.674,2.28426,0.033,0.591,59.301,1167.3,0.7058,34.674,0.1581,15.811,0,0
1764782533.817597,7.478,6,6,34.670,2.28377,0.032,0.590,59.351,1165.7,0.7056,34.670,0.1581,15.811,0,0
1764782533.950003,7.524,6,6,34.694,2.28522,0.032,0.590,59.364,1166.2,0.7059,34.694,0.1581,15.811,0,0
1764782534.082221,7.521,6,6,34.694,2.28524,0.031,0.591,59.384,1166.7,0.7056,34.694,0.1581,15.811,0,0
1764782534.222395,7.319,6,6,34.668,2.28598,0.032,0.590,59.384,1166.4,0.7062,34.668,0.1581,15.811,0,0
1764782534.351260,7.562,6,6,34.717,2.28498,0.031,0.591,59.350,1167.3,0.7057,34.717,0.1581,15.811,0,0
1764782534.484309,7.562,6,6,34.708,2.28367,0.031,0.590,59.370,1167.1,0.7052,34.708,0.1581,15.811,0,0
1764782534.617583,7.523,6,6,34.684,2.28491,0.032,0.592,59.381,1166.2,0.7055,34.684,0.1581,15.811,0,0
1764782534.748510,7.549,6,6,34.687,2.28381,0.031,0.593,59.347,1166.7,0.7058,34.687,0.1581,15.811,0,0
1764782534.887307,7.367,6,6,34.715,2.28391,0.032,0.588,59.327,1167.8,0.7062,34.715,0.1581,15.811,0,0
1764782535.012476,7.870,6,6,34.705,2.28399,0.032,0.590,59.323,1166.9,0.7057,34.705,0.1581,15.811,0,0
1764782535.152429,7.213,6,6,34.690,2.28446,0.031,0.593,59.295,1166.2,0.7053,34.690,0.1581,15.811,0,0
1764782535.282223,7.642,6,6,34.693,2.28357,0.032,0.592,59.265,1166.7,0.7055,34.693,0.1581,15.811,0,0
1764782535.416377,7.458,6,6,34.665,2.28456,0.032,0.592,59.251,1166.3,0.7059,34.665,0.1581,15.811,0,0
1764782535.550790,7.440,6,6,34.683,2.28355,0.032,0.590,59.267,1167.1,0.7056,34.683,0.1581,15.811,0,0
1764782535.683196,7.444,6,6,34.681,2.28537,0.032,0.592,59.302,1167.6,0.7058,34.681,0.1581,15.811,0,0
1764782535.817359,7.559,6,6,34.747,2.28221,0.032,0.595,59.281,1169.6,0.7054,34.747,0.1581,15.811,0,0
1764782535.953530,7.449,6,6,34.749,2.28378,0.032,0.592,59.301,1170.7,0.7058,34.749,0.1581,15.811,0,0
1764782536.082240,7.630,6,6,34.738,2.28215,0.032,0.592,59.302,1169.4,0.7057,34.738,0.1581,15.811,0,0
1764782536.216188,7.554,6,6,34.769,2.28244,0.031,0.594,59.284,1170.1,0.7057,34.769,0.1581,15.811,0,0
1764782536.350130,7.419,6,6,34.749,2.28355,0.032,0.591,59.255,1170.0,0.7059,34.749,0.1581,15.811,0,0
1764782536.484722,7.470,6,6,34.743,2.28330,0.032,0.593,59.240,1169.6,0.7060,34.743,0.1581,15.811,0,0
1764782536.616787,7.497,6,6,34.725,2.28381,0.032,0.593,59.239,1168.9,0.7056,34.725,0.1581,15.811,0,0
1764782536.751433,7.461,6,6,34.734,2.28311,0.031,0.595,59.253,1169.3,0.7057,34.734,0.1581,15.811,0,0
1764782536.883281,7.526,6,6,34.726,2.28331,0.031,0.594,59.252,1168.8,0.7057,34.726,0.1581,15.811,0,0
1764782537.019749,7.480,6,6,34.712,2.28279,0.031,0.595,59.267,1168.8,0.7058,34.712,0.1581,15.811,0,0
1764782537.153344,7.423,6,6,34.700,2.28358,0.032,0.595,59.295,1168.7,0.7061,34.700,0.1581,15.811,0,0
1764782537.286280,7.535,6,6,34.705,2.28401,0.031,0.594,59.340,1168.6,0.7061,34.705,0.1581,15.811,0,0
1764782537.415446,7.645,6,6,34.726,2.28431,0.032,0.587,59.365,1170.1,0.7064,34.726,0.1581,15.811,0,0
1764782537.553827,7.451,6,6,34.736,2.28411,0.031,0.592,59.350,1169.8,0.7057,34.736,0.1581,15.811,0,0
1764782537.692640,7.440,6,6,34.758,2.28255,0.032,0.591,59.364,1170.3,0.7057,34.758,0.1581,15.811,0,0
1764782537.821839,7.572,6,6,34.727,2.28341,0.031,0.591,59.408,1169.3,0.7062,34.727,0.1581,15.811,0,0
1764782537.953952,7.486,6,6,34.737,2.28229,0.031,0.592,59.404,1169.2,0.7060,34.737,0.1581,15.811,0,0
1764782538.100051,7.527,6,6,34.750,2.28366,0.031,0.592,59.425,1170.1,0.7057,34.750,0.1581,15.811,0,0
1764782538.272006,7.107,6,6,34.761,2.28208,0.031,0.593,59.388,1170.1,0.7052,34.761,0.1581,15.811,0,0
1764782538.417230,5.206,6,6,34.741,2.28402,0.031,0.593,59.354,1168.3,0.7056,34.741,0.1581,15.811,0,0
1764782538.554046,7.523,6,6,34.698,2.28424,0.031,0.592,59.354,1167.9,0.7058,34.698,0.1581,15.811,0,0
1764782538.702828,7.391,6,6,34.696,2.28450,0.032,0.591,59.383,1168.1,0.7060,34.696,0.1581,15.811,0,0
1764782538.934413,5.997,6,6,34.705,2.28451,0.031,0.590,59.378,1167.8,0.7062,34.705,0.1581,15.811,0,0
1764782539.220615,4.262,6,6,34.713,2.28354,0.032,0.591,59.376,1167.6,0.7058,34.713,0.1581,15.811,0,0
1764782539.661086,3.753,6,6,34.697,2.28756,0.032,0.592,59.352,1167.0,0.7058,34.697,0.1581,15.811,0,0
1764782540.024507,2.151,6,6,34.695,2.28607,0.032,0.592,59.324,1167.6,0.7061,34.695,0.1581,15.811,0,0
1764782540.480194,2.679,6,6,34.710,2.28439,0.032,0.595,59.312,1168.4,0.7058,34.710,0.1581,15.811,0,0
1764782540.756745,2.329,6,6,34.738,2.28391,0.031,0.593,59.307,1168.5,0.7058,34.738,0.1581,15.811,0,0
1764782541.104639,3.711,6,6,34.742,2.28244,0.032,0.592,59.292,1169.2,0.7060,34.742,0.1581,15.811,0,0
1764782541.518348,2.737,6,6,34.744,2.28281,0.032,0.593,59.289,1169.5,0.7060,34.744,0.1581,15.811,0,0
1764782541.887120,2.346,6,6,34.707,2.28467,0.031,0.592,59.336,1167.6,0.7061,34.707,0.1581,15.811,0,0
1764782542.307406,2.696,6,6,34.722,2.28308,0.032,0.592,59.332,1168.2,0.7059,34.722,0.1581,15.811,0,0
1764782542.875411,2.499,6,6,34.701,2.28483,0.031,0.593,59.343,1167.7,0.7059,34.701,0.1581,15.811,0,0
1764782543.215238,1.762,6,6,34.706,2.28296,0.031,0.593,59.322,1167.1,0.7053,34.706,0.1581,15.811,0,0
1764782543.496390,2.710,6,6,34.691,2.28317,0.032,0.594,59.326,1167.4,0.7056,34.691,0.1581,15.811,0,0
1764782543.747537,3.797,6,6,34.694,2.28498,0.032,0.587,59.361,1167.8,0.7063,34.694,0.1581,15.811,0,0
1764782544.326260,4.199,6,6,34.697,2.28515,0.032,0.588,59.387,1168.8,0.7063,34.697,0.1581,15.811,0,0
1764782544.908658,1.646,6,6,34.671,2.28563,0.031,0.593,59.408,1166.8,0.7061,34.671,0.1581,15.811,0,0
1764782545.817085,1.795,6,6,34.701,2.28446,0.031,0.593,59.398,1167.5,0.7057,34.701,0.1581,15.811,0,0
1764782546.328317,1.099,6,6,34.687,2.28418,0.032,0.591,59.400,1166.2,0.7058,34.687,0.1581,15.811,0,0
1764782547.117481,1.873,6,6,34.682,2.28500,0.032,0.591,59.426,1166.7,0.7059,34.682,0.1581,15.811,0,0
1764782547.331787,1.273,6,6,34.646,2.28605,0.032,0.592,59.430,1165.5,0.7058,34.646,0.1581,15.811,0,0
1764782547.493661,5.009,6,6,34.653,2.28495,0.032,0.593,59.418,1166.2,0.7059,34.653,0.1581,15.811,0,0
1764782547.616166,7.518,6,6,34.664,2.28538,0.032,0.588,59.439,1167.4,0.7061,34.664,0.1581,15.811,0,0
1764782547.753597,7.496,6,6,34.653,2.28642,0.032,0.588,59.497,1165.9,0.7059,34.653,0.1581,15.811,0,0
1764782548.098712,5.316,6,6,34.675,2.28520,0.032,0.588,59.519,1166.6,0.7061,34.675,0.1581,15.811,0,0
1764782548.479821,3.197,6,6,34.658,2.28431,0.033,0.590,59.519,1166.3,0.7058,34.658,0.1581,15.811,0,0
1764782548.671131,2.733,6,6,34.713,2.28499,0.032,0.587,59.531,1168.2,0.7061,34.713,0.1581,15.811,0,0
1764782548.922116,4.940,6,6,34.685,2.28371,0.032,0.592,59.512,1166.8,0.7062,34.685,0.1581,15.811,0,0
1764782549.272513,4.230,6,6,34.694,2.28402,0.031,0.592,59.514,1166.8,0.7059,34.694,0.1581,15.811,0,0
1764782549.483230,2.729,6,6,34.686,2.28414,0.032,0.589,59.541,1166.9,0.7062,34.686,0.1581,15.811,0,0
1764782549.744118,4.953,6,6,34.675,2.28354,0.032,0.589,59.537,1166.3,0.7057,34.675,0.1581,15.811,0,0
1764782550.051579,3.821,6,6,34.675,2.28374,0.032,0.588,59.548,1166.2,0.7060,34.675,0.1581,15.811,0,0
1764782550.438952,2.940,6,6,34.709,2.28481,0.031,0.587,59.547,1166.2,0.7057,34.709,0.1581,15.811,0,0
1764782550.694388,2.709,6,6,34.710,2.28272,0.031,0.595,59.530,1166.7,0.7056,34.710,0.1581,15.811,0,0
1764782550.890282,4.301,6,6,34.707,2.28383,0.031,0.590,59.498,1167.2,0.7060,34.707,0.1581,15.811,0,0
1764782551.143986,5.125,6,6,34.710,2.28397,0.031,0.593,59.447,1167.3,0.7056,34.710,0.1581,15.811,0,0
1764782551.441158,3.767,6,6,34.687,2.28363,0.032,0.593,59.473,1167.4,0.7057,34.687,0.1581,15.811,0,0
1764782551.663927,3.283,6,6,34.719,2.28222,0.032,0.591,59.460,1167.8,0.7059,34.719,0.1581,15.811,0,0
1764782551.998095,4.361,6,6,34.741,2.28181,0.032,0.591,59.402,1169.2,0.7059,34.741,0.1581,15.811,0,0
1764782552.291369,2.943,6,6,34.708,2.28158,0.032,0.592,59.403,1167.3,0.7056,34.708,0.1581,15.811,0,0
1764782552.622753,3.364,6,6,34.674,2.28264,0.032,0.592,59.427,1166.9,0.7059,34.674,0.1581,15.811,0,0
1764782552.883160,3.005,6,6,34.674,2.28295,0.032,0.594,59.425,1165.9,0.7054,34.674,0.1581,15.811,0,0
1764782553.143579,4.273,6,6,34.677,2.28405,0.032,0.593,59.413,1166.3,0.7059,34.677,0.1581,15.811,0,0
1764782553.521195,3.251,6,6,34.670,2.28414,0.031,0.592,59.447,1167.2,0.7053,34.670,0.1581,15.811,0,0
1764782553.914755,2.790,6,6,34.710,2.28199,0.032,0.594,59.425,1167.0,0.7056,34.710,0.1581,15.811,0,0
1764782554.247626,2.467,6,6,34.693,2.28461,0.031,0.592,59.464,1167.5,0.7062,34.693,0.1581,15.811,0,0
1764782554.587603,3.356,6,6,34.666,2.28537,0.031,0.589,59.501,1166.6,0.7064,34.666,0.1581,15.811,0,0
1764782554.904736,3.016,6,6,34.682,2.28420,0.032,0.590,59.508,1166.4,0.7067,34.682,0.1581,15.811,0,0
1764782555.282382,2.963,6,6,34.728,2.28322,0.031,0.589,59.500,1167.0,0.7058,34.728,0.1581,15.811,0,0
1764782555.788274,2.717,6,6,34.685,2.28389,0.032,0.591,59.481,1167.0,0.7063,34.685,0.1581,15.811,0,0
1764782556.117254,1.921,6,6,34.681,2.28343,0.032,0.590,59.462,1165.8,0.7058,34.681,0.1581,15.811,0,0
1764782556.435964,3.297,6,6,34.698,2.28487,0.032,0.590,59.461,1166.8,0.7059,34.698,0.1581,15.811,0,0
1764782556.781935,2.995,6,6,34.676,2.28414,0.032,0.593,59.466,1165.9,0.7055,34.676,0.1581,15.811,0,0
1764782557.296819,2.747,6,6,34.668,2.28292,0.032,0.590,59.483,1166.5,0.7057,34.668,0.1581,15.811,0,0
1764782557.604195,2.009,6,6,34.694,2.28277,0.032,0.589,59.502,1166.4,0.7057,34.694,0.1581,15.811,0,0
1764782557.938696,3.329,6,6,34.668,2.28340,0.032,0.591,59.517,1166.2,0.7057,34.668,0.1581,15.811,0,0
1764782558.315081,2.965,6,6,34.679,2.28328,0.032,0.592,59.502,1165.9,0.7057,34.679,0.1581,15.811,0,0
1764782558.827414,2.524,6,6,34.661,2.28309,0.032,0.590,59.530,1166.0,0.7061,34.661,0.1581,15.811,0,0
1764782559.172705,1.997,6,6,34.695,2.28244,0.032,0.590,59.546,1167.0,0.7057,34.695,0.1581,15.811,0,0
1764782559.430475,3.018,6,6,34.691,2.28322,0.032,0.592,59.529,1165.8,0.7056,34.691,0.1581,15.811,0,0
1764782559.856946,3.744,6,6,34.702,2.28371,0.032,0.592,59.534,1167.8,0.7061,34.702,0.1581,15.811,0,0
1764782560.165451,2.308,6,6,34.785,2.28632,0.030,0.592,59.492,1169.3,0.7058,34.785,0.1581,15.811,0,0
1764782560.602335,3.390,6,6,34.765,2.28588,0.031,0.594,59.432,1170.8,0.7056,34.765,0.1581,15.811,0,0
1764782560.852188,2.280,6,6,34.750,2.28562,0.031,0.595,59.374,1170.4,0.7062,34.750,0.1581,15.811,0,0
1764782561.326660,4.258,6,6,34.763,2.28424,0.031,0.596,59.352,1170.7,0.7061,34.763,0.1581,15.811,0,0
1764782594.651980,30.853,6,6,34.711,2.28385,0.031,0.594,58.675,1166.7,0.7058,34.711,0.1581,15.811,0,0
1764782594.804683,6.094,6,6,34.727,2.28430,0.031,0.594,58.769,1167.7,0.7054,34.727,0.1581,15.811,0,0
1764782594.936898,7.343,6,6,34.722,2.28286,0.032,0.594,58.841,1167.6,0.7054,34.722,0.1581,15.811,0,0
1764782595.071773,7.476,6,6,34.765,2.28458,0.031,0.591,58.931,1170.3,0.7058,34.765,0.1581,15.811,0,0
1764782595.257625,6.047,6,6,34.761,2.28528,0.031,0.592,59.028,1170.6,0.7054,34.761,0.1581,15.811,0,0
1764782595.402312,6.010,6,6,34.785,2.28498,0.031,0.593,59.058,1170.9,0.7051,34.785,0.1581,15.811,0,0
1764782595.532291,7.511,6,6,34.785,2.28547,0.031,0.591,59.108,1171.4,0.7053,34.785,0.1581,15.811,0,0
1764782595.665940,7.452,6,6,34.757,2.28491,0.031,0.594,59.159,1171.1,0.7053,34.757,0.1581,15.811,0,0
1764782595.800162,7.539,6,6,34.797,2.28492,0.031,0.591,59.185,1171.2,0.7054,34.797,0.1581,15.811,0,0
1764782595.932711,7.540,6,6,34.787,2.28300,0.032,0.592,59.188,1171.2,0.7049,34.787,0.1581,15.811,0,0
1764782596.072301,7.255,6,6,34.739,2.28410,0.031,0.594,59.258,1170.0,0.7054,34.739,0.1581,15.811,0,0
1764782596.207385,7.496,6,6,34.739,2.28453,0.031,0.594,59.288,1169.6,0.7052,34.739,0.1581,15.811,0,0
1764782596.334672,7.696,6,6,34.759,2.28496,0.031,0.595,59.334,1169.5,0.7048,34.759,0.1581,15.811,0,0
1764782596.466951,7.479,6,6,34.769,2.28398,0.031,0.597,59.339,1169.5,0.7046,34.769,0.1581,15.811,0,0
1764782596.600684,7.540,6,6,34.719,2.28569,0.031,0.595,59.371,1169.1,0.7051,34.719,0.1581,15.811,0,0
1764782596.731504,7.556,6,6,34.757,2.28653,0.031,0.592,59.385,1169.9,0.7052,34.757,0.1581,15.811,0,0
1764782596.866960,7.463,6,6,34.753,2.28655,0.031,0.593,59.380,1169.8,0.7054,34.753,0.1581,15.811,0,0
1764782596.997788,7.544,6,6,34.746,2.28532,0.031,0.592,59.367,1169.1,0.7053,34.746,0.1581,15.811,0,0
1764782597.134879,7.536,6,6,34.773,2.28507,0.031,0.594,59.375,1170.0,0.7049,34.773,0.1581,15.811,0,0
1764782597.274410,7.237,6,6,34.745,2.28441,0.031,0.596,59.373,1169.5,0.7050,34.745,0.1581,15.811,0,0
1764782597.402041,7.605,6,6,34.736,2.28428,0.031,0.596,59.350,1168.8,0.7049,34.736,0.1581,15.811,0,0
1764782597.533499,7.547,6,6,34.758,2.28356,0.031,0.596,59.349,1169.8,0.7049,34.758,0.1581,15.811,0,0
1764782597.666317,7.525,6,6,34.767,2.28461,0.031,0.594,59.343,1169.9,0.7050,34.767,0.1581,15.811,0,0
1764782597.808492,7.374,6,6,34.760,2.28535,0.031,0.593,59.341,1170.5,0.7050,34.760,0.1581,15.811,0,0
1764782597.932879,7.755,6,6,34.761,2.28347,0.031,0.596,59.336,1170.5,0.7049,34.761,0.1581,15.811,0,0
1764782598.065932,7.353,6,6,34.755,2.28382,0.031,0.591,59.353,1169.1,0.7055,34.755,0.1581,15.811,0,0
1764782598.203235,7.507,6,6,34.717,2.28488,0.032,0.592,59.370,1168.5,0.7055,34.717,0.1581,15.811,0,0
1764782598.331748,7.637,6,6,34.707,2.28407,0.031,0.595,59.373,1167.7,0.7053,34.707,0.1581,15.811,0,0
1764782598.473284,7.163,6,6,34.721,2.28478,0.031,0.594,59.363,1168.2,0.7065,34.721,0.1581,15.811,0,0
1764782598.601862,7.637,6,6,34.695,2.28437,0.032,0.590,59.413,1168.4,0.7059,34.695,0.1581,15.811,0,0
1764782598.734132,7.726,6,6,34.719,2.28492,0.032,0.594,59.403,1168.1,0.7064,34.719,0.1581,15.811,0,0
1764782598.866679,7.465,6,6,34.720,2.28585,0.031,0.594,59.394,1168.2,0.7063,34.720,0.1581,15.811,0,0
1764782599.009610,7.325,6,6,34.736,2.28611,0.032,0.590,59.405,1168.8,0.7064,34.736,0.1581,15.811,0,0
1764782599.139393,7.614,6,6,34.735,2.28483,0.032,0.593,59.406,1168.9,0.7061,34.735,0.1581,15.811,0,0
1764782599.271803,7.606,6,6,34.725,2.28564,0.031,0.594,59.398,1168.5,0.7062,34.725,0.1581,15.811,0,0
1764782599.406987,7.286,6,6,34.717,2.28519,0.031,0.593,59.394,1168.6,0.7058,34.717,0.1581,15.811,0,0
1764782599.541441,7.581,6,6,34.685,2.28621,0.032,0.595,59.365,1167.7,0.7058,34.685,0.1581,15.811,0,0
1764782599.675343,7.407,6,6,34.718,2.28503,0.032,0.591,59.358,1168.8,0.7063,34.718,0.1581,15.811,0,0
1764782599.800630,7.682,6,6,34.720,2.28484,0.032,0.592,59.359,1168.5,0.7060,34.720,0.1581,15.811,0,0
1764782599.934241,7.478,6,6,34.695,2.28610,0.031,0.593,59.361,1168.0,0.7065,34.695,0.1581,15.811,0,0
1764782600.068219,7.495,6,6,34.670,2.28504,0.031,0.595,59.348,1166.7,0.7060,34.670,0.1581,15.811,0,0
1764782600.200770,7.445,6,6,34.682,2.28297,0.032,0.595,59.354,1166.9,0.7056,34.682,0.1581,15.811,0,0
1764782600.332260,7.536,6,6,34.688,2.28342,0.032,0.593,59.371,1168.3,0.7062,34.688,0.1581,15.811,0,0
1764782600.465603,7.533,6,6,34.695,2.28409,0.032,0.591,59.367,1168.0,0.7060,34.695,0.1581,15.811,0,0
1764782600.600365,7.441,6,6,34.692,2.28498,0.031,0.589,59.387,1167.9,0.7064,34.692,0.1581,15.811,0,0
1764782600.736138,7.471,6,6,34.700,2.28503,0.031,0.595,59.365,1167.9,0.7057,34.700,0.1581,15.811,0,0
1764782600.868098,7.437,6,6,34.721,2.28448,0.031,0.594,59.359,1167.1,0.7055,34.721,0.1581,15.811,0,0
1764782601.001805,7.579,6,6,34.706,2.28562,0.031,0.597,59.326,1167.2,0.7055,34.706,0.1581,15.811,0,0
1764782601.133574,7.509,6,6,34.689,2.28589,0.031,0.596,59.321,1166.7,0.7053,34.689,0.1581,15.811,0,0
1764782601.267401,7.482,6,6,34.725,2.28538,0.031,0.594,59.310,1168.6,0.7058,34.725,0.1581,15.811,0,0
1764782601.400657,7.495,6,6,34.713,2.28423,0.031,0.593,59.302,1167.4,0.7059,34.713,0.1581,15.811,0,0
1764782601.532698,7.607,6,6,34.730,2.28520,0.032,0.592,59.275,1168.8,0.7065,34.730,0.1581,15.811,0,0
1764782601.672043,7.254,6,6,34.696,2.28521,0.032,0.591,59.296,1167.8,0.7061,34.696,0.1581,15.811,0,0
1764782601.801581,7.638,6,6,34.701,2.28428,0.032,0.596,59.263,1167.3,0.7051,34.701,0.1581,15.811,0,0
1764782601.934374,7.497,6,6,34.721,2.28492,0.032,0.592,59.277,1168.4,0.7060,34.721,0.1581,15.811,0,0
1764782602.067634,7.547,6,6,34.698,2.28599,0.032,0.592,59.281,1167.6,0.7058,34.698,0.1581,15.811,0,0
1764782602.200689,7.552,6,6,34.708,2.28418,0.031,0.591,59.313,1168.0,0.7056,34.708,0.1581,15.811,0,0
1764782602.337960,7.461,6,6,34.718,2.28445,0.031,0.594,59.323,1167.8,0.7054,34.718,0.1581,15.811,0,0
1764782602.482870,7.592,6,6,34.719,2.28432,0.032,0.593,59.307,1168.1,0.7059,34.719,0.1581,15.811,0,0
1764782602.639224,5.894,6,6,34.729,2.28447,0.032,0.590,59.298,1168.9,0.7066,34.729,0.1581,15.811,0,0
1764782602.773585,7.497,6,6,34.718,2.28526,0.031,0.593,59.283,1168.1,0.7061,34.718,0.1581,15.811,0,0
1764782602.908740,7.443,6,6,34.699,2.28444,0.032,0.592,59.311,1168.0,0.7063,34.699,0.1581,15.811,0,0
1764782603.069167,6.155,6,6,34.697,2.28508,0.032,0.591,59.330,1168.2,0.7063,34.697,0.1581,15.811,0,0
1764782603.201518,7.418,6,6,34.726,2.28460,0.031,0.593,59.344,1167.8,0.7054,34.726,0.1581,15.811,0,0
1764782603.332799,7.751,6,6,34.748,2.28466,0.030,0.594,59.332,1167.1,0.7054,34.748,0.1581,15.811,0,0
1764782603.467715,7.310,6,6,34.701,2.28508,0.032,0.592,59.359,1167.6,0.7061,34.701,0.1581,15.811,0,0
1764782603.607203,7.285,6,6,34.731,2.28412,0.031,0.593,59.358,1167.2,0.7055,34.731,0.1581,15.811,0,0
1764782603.734156,7.792,6,6,34.695,2.28520,0.032,0.590,59.363,1168.0,0.7064,34.695,0.1581,15.811,0,0
1764782603.868137,7.319,6,6,34.684,2.28455,0.032,0.592,59.363,1167.5,0.7063,34.684,0.1581,15.811,0,0
1764782604.000831,7.625,6,6,34.687,2.28445,0.032,0.592,59.375,1167.8,0.7062,34.687,0.1581,15.811,0,0
1764782604.134655,7.396,6,6,34.701,2.28468,0.032,0.592,59.352,1167.4,0.7061,34.701,0.1581,15.811,0,0
1764782604.268157,7.503,6,6,34.721,2.28521,0.032,0.593,59.334,1168.1,0.7064,34.721,0.1581,15.811,0,0
1764782604.402324,7.479,6,6,34.699,2.28478,0.031,0.593,59.353,1167.0,0.7058,34.699,0.1581,15.811,0,0
1764782604.537883,7.426,6,6,34.688,2.28537,0.031,0.592,59.365,1167.1,0.7058,34.688,0.1581,15.811,0,0
1764782604.666107,7.672,6,6,34.656,2.28763,0.031,0.593,59.352,1165.9,0.7059,34.656,0.1581,15.811,0,0
1764782604.801325,7.460,6,6,34.674,2.28795,0.032,0.590,59.355,1166.7,0.7064,34.674,0.1581,15.811,0,0
1764782604.947663,7.145,6,6,34.704,2.28709,0.031,0.589,59.361,1166.5,0.7054,34.704,0.1581,15.811,0,0
1764782605.101739,6.171,6,6,34.707,2.28642,0.032,0.593,59.332,1166.9,0.7049,34.707,0.1581,15.811,0,0
1764782605.243671,7.487,6,6,34.719,2.28596,0.032,0.591,59.332,1167.8,0.7054,34.719,0.1581,15.811,0,0
1764782605.369224,7.551,6,6,34.695,2.28495,0.031,0.592,59.363,1166.6,0.7056,34.695,0.1581,15.811,0,0
1764782605.500946,7.584,6,6,34.727,2.28422,0.031,0.592,59.340,1167.1,0.7059,34.727,0.1581,15.811,0,0
1764782605.635479,7.516,6,6,34.710,2.28358,0.032,0.592,59.314,1168.0,0.7065,34.710,0.1581,15.811,0,0
1764782605.770677,7.334,6,6,34.739,2.28491,0.032,0.591,59.284,1167.7,0.7055,34.739,0.1581,15.811,0,0
1764782605.900138,7.820,6,6,34.703,2.28592,0.032,0.589,59.270,1167.8,0.7066,34.703,0.1581,15.811,0,0
1764782606.033800,7.321,6,6,34.715,2.28587,0.032,0.591,59.278,1168.0,0.7053,34.715,0.1581,15.811,0,0
1764782606.172731,7.445,6,6,34.701,2.28463,0.032,0.593,59.268,1167.8,0.7058,34.701,0.1581,15.811,0,0
1764782606.333433,6.136,6,6,34.713,2.28377,0.032,0.592,59.240,1167.6,0.7057,34.713,0.1581,15.811,0,0
1764782606.471047,7.240,6,6,34.697,2.28378,0.032,0.594,59.228,1166.9,0.7058,34.697,0.1581,15.811,0,0
1764945612.979854,68.251,3,3,53.380,0.73289,0.007,0.985,61.888,3853.7,0.7646,53.380,0.0882,8.823,0,0
1764945613.192021,1.074,3,3,53.372,0.73247,0.007,0.986,61.900,3856.3,0.7641,53.372,0.0882,8.820,0,0
1764945613.373723,4.939,3,3,53.381,0.73230,0.007,0.985,61.904,3856.8,0.7645,53.381,0.0882,8.820,0,0
1764945613.690945,6.118,3,3,53.348,0.73157,0.007,0.985,61.910,3854.0,0.7646,53.348,0.0882,8.823,0,0
1764945613.928332,2.971,3,3,53.352,0.73288,0.007,0.985,61.914,3856.1,0.7638,53.352,0.0882,8.820,0,0
1764945614.127217,4.312,3,3,53.369,0.73178,0.007,0.986,61.919,3855.9,0.7645,53.369,0.0882,8.821,0,0
1764945614.319867,5.026,3,3,53.348,0.73189,0.007,0.986,61.923,3855.2,0.7645,53.348,0.0882,8.821,0,0
1764945614.485008,5.877,3,3,53.341,0.73189,0.007,0.986,61.928,3855.0,0.7644,53.341,0.0882,8.822,0,0
1764945614.692197,6.068,3,3,53.352,0.73210,0.007,0.985,61.927,3854.7,0.7645,53.352,0.0882,8.822,0,0
1764945614.966253,4.363,3,3,53.342,0.73206,0.007,0.985,61.930,3854.8,0.7642,53.342,0.0882,8.822,0,0
1764945615.196539,3.726,3,3,53.347,0.73183,0.007,0.985,61.927,3854.3,0.7646,53.347,0.0882,8.822,0,0
1764945615.389728,4.073,3,3,53.343,0.73221,0.007,0.985,61.931,3855.0,0.7644,53.343,0.0882,8.822,0,0
1764945615.554563,6.382,3,3,53.325,0.73252,0.007,0.985,61.941,3853.1,0.7638,53.325,0.0882,8.824,0,0
1764945615.694953,5.922,3,3,53.324,0.73287,0.007,0.985,61.941,3853.3,0.7638,53.324,0.0882,8.824,0,0
1764945615.853543,5.968,3,3,53.396,0.73231,0.007,0.986,61.936,3857.3,0.7645,53.396,0.0882,8.819,0,0
1764945615.979653,7.797,3,3,53.382,0.73266,0.007,0.986,61.935,3857.1,0.7641,53.382,0.0882,8.819,0,0
1764945616.133133,7.238,3,3,53.373,0.73173,0.007,0.986,61.937,3858.4,0.7645,53.373,0.0882,8.818,0,0
1764945616.351703,6.365,3,3,53.369,0.73164,0.007,0.986,61.935,3854.7,0.7650,53.369,0.0882,8.822,0,0
1764945616.549158,4.840,3,3,53.409,0.73250,0.007,0.985,61.913,3857.9,0.7650,53.409,0.0882,8.818,0,0
1764945616.703086,5.082,3,3,53.387,0.73267,0.007,0.985,61.901,3856.0,0.7649,53.387,0.0882,8.821,0,0
1764945616.889524,5.768,3,3,53.393,0.73247,0.007,0.985,61.889,3857.1,0.7649,53.393,0.0882,8.819,0,0
1764945617.061971,6.070,3,3,53.353,0.73184,0.007,0.986,61.897,3855.5,0.7648,53.353,0.0882,8.821,0,0
1764945617.248745,5.110,3,3,53.367,0.73217,0.007,0.985,61.904,3857.8,0.7646,53.367,0.0882,8.818,0,0
1764945617.416585,5.970,3,3,53.366,0.73270,0.007,0.986,61.911,3856.5,0.7643,53.366,0.0882,8.820,0,0
1764945617.569653,5.869,3,3,53.345,0.73218,0.007,0.986,61.923,3853.6,0.7638,53.345,0.0882,8.823,0,0
1764945617.726798,6.076,3,3,53.358,0.73241,0.007,0.986,61.932,3854.5,0.7642,53.358,0.0882,8.822,0,0
1764945617.885529,5.986,3,3,53.372,0.73308,0.007,0.986,61.937,3855.8,0.7637,53.372,0.0882,8.821,0,0
1764945618.027836,7.610,3,3,53.380,0.73208,0.007,0.986,61.938,3856.0,0.7642,53.380,0.0882,8.820,0,0
1764945618.282202,6.008,3,3,53.341,0.73191,0.007,0.985,61.936,3854.2,0.7646,53.341,0.0882,8.822,0,0
1764945618.528603,3.701,3,3,53.363,0.73218,0.007,0.985,61.941,3853.4,0.7641,53.363,0.0882,8.823,0,0
1764945618.726551,4.309,3,3,53.334,0.73184,0.007,0.985,61.938,3854.3,0.7644,53.334,0.0882,8.822,0,0
1764945619.068779,4.999,3,3,53.351,0.73287,0.007,0.986,61.941,3855.0,0.7637,53.351,0.0882,8.822,0,0
1764945619.268428,3.026,3,3,53.370,0.73160,0.007,0.985,61.936,3855.1,0.7647,53.370,0.0882,8.821,0,0
1764945619.495940,4.289,3,3,53.386,0.73342,0.007,0.986,61.929,3857.5,0.7640,53.386,0.0882,8.819,0,0
1764945619.688754,5.006,3,3,53.364,0.73270,0.007,0.986,61.933,3856.0,0.7638,53.364,0.0882,8.821,0,0
1764945619.885800,5.009,3,3,53.387,0.73174,0.007,0.985,61.925,3857.0,0.7644,53.387,0.0882,8.819,0,0
1764945620.032414,5.899,3,3,53.392,0.73230,0.007,0.986,61.921,3857.0,0.7644,53.392,0.0882,8.819,0,0
1764945620.205312,6.047,3,3,53.406,0.73213,0.007,0.986,61.919,3858.5,0.7642,53.406,0.0882,8.818,0,0
1764945620.360809,6.011,3,3,53.438,0.73233,0.007,0.986,61.913,3860.0,0.7643,53.438,0.0882,8.816,0,0
1764945620.550224,5.740,3,3,53.403,0.73195,0.007,0.986,61.925,3858.0,0.7640,53.403,0.0882,8.818,0,0
1764945620.731199,6.298,3,3,53.371,0.73181,0.007,0.986,61.935,3856.1,0.7641,53.371,0.0882,8.820,0,0
1764945620.910975,4.979,3,3,53.385,0.73157,0.007,0.986,61.931,3857.4,0.7646,53.385,0.0882,8.819,0,0
1764945621.075652,6.074,3,3,53.400,0.73195,0.007,0.985,61.925,3858.1,0.7645,53.400,0.0882,8.818,0,0
1764945621.253382,5.963,3,3,53.387,0.73279,0.007,0.986,61.928,3857.1,0.7641,53.387,0.0882,8.819,0,0
1764945621.422146,5.982,3,3,53.408,0.73229,0.007,0.985,61.920,3858.4,0.7646,53.408,0.0882,8.818,0,0
1764945621.576488,6.004,3,3,53.360,0.73105,0.007,0.986,61.936,3855.1,0.7645,53.360,0.0882,8.822,0,0
1764945621.758444,6.002,4,4,56.354,1.22433,0.004,0.981,61.856,3321.6,0.6984,56.354,0.0950,9.504,0,0
1764945621.933497,4.974,3,3,53.361,0.73171,0.007,0.986,61.893,3854.9,0.7640,53.361,0.0882,8.822,0,0
1764945622.089827,6.017,3,3,53.365,0.73132,0.007,0.986,61.914,3854.5,0.7645,53.365,0.0882,8.822,0,0
1764945622.207583,7.654,3,3,53.373,0.73231,0.007,0.986,61.928,3854.1,0.7640,53.373,0.0882,8.823,0,0
1764945622.357991,7.369,3,3,53.339,0.73188,0.007,0.986,61.947,3853.3,0.7638,53.339,0.0882,8.824,0,0
1764945622.523644,7.495,3,3,53.377,0.73167,0.007,0.986,61.951,3856.1,0.7643,53.377,0.0882,8.820,0,0
1764945622.723050,5.069,3,3,53.363,0.73240,0.007,0.986,61.953,3855.9,0.7641,53.363,0.0882,8.821,0,0
1764945622.906057,4.948,3,3,53.391,0.73224,0.007,0.986,61.953,3855.7,0.7640,53.391,0.0882,8.821,0,0
1764945623.073896,6.035,4,4,56.369,1.22691,0.004,0.981,61.864,3323.9,0.6983,56.369,0.0950,9.500,0,0
1764945623.261904,5.963,4,4,56.396,1.22668,0.004,0.981,61.793,3325.1,0.6986,56.396,0.0950,9.499,0,0
1764945623.451755,4.928,4,4,56.402,1.23640,0.004,0.981,61.745,3324.1,0.6979,56.402,0.0950,9.500,0,0
1764945623.629608,6.177,4,4,56.364,1.23536,0.005,0.981,61.705,3323.1,0.6986,56.364,0.0950,9.501,0,0
1764945623.807271,4.918,3,3,53.374,0.73278,0.007,0.985,61.777,3853.9,0.7637,53.374,0.0882,8.823,0,0
1764945623.965900,5.905,4,4,56.404,1.23238,0.004,0.981,61.732,3325.3,0.6983,56.404,0.0950,9.498,0,0
1764945624.130663,5.673,4,4,56.360,1.23157,0.004,0.981,61.701,3321.9,0.6983,56.360,0.0950,9.503,0,0
1764945624.297508,6.592,4,4,56.388,1.23498,0.004,0.981,61.683,3323.5,0.6974,56.388,0.0950,9.501,0,0
1764945624.570891,5.821,4,4,56.354,1.23595,0.004,0.981,61.670,3321.2,0.6979,56.354,0.0950,9.504,0,0
1764945624.751308,3.771,4,4,56.377,1.23140,0.004,0.981,61.656,3321.4,0.6980,56.377,0.0950,9.504,0,0
1764945624.904415,6.079,4,4,56.419,1.24224,0.004,0.981,61.651,3321.5,0.6971,56.419,0.0950,9.504,0,0
1764945625.076340,5.939,4,4,56.373,1.24026,0.004,0.981,61.648,3319.4,0.6974,56.373,0.0951,9.507,0,0
1764945625.254818,6.099,4,4,56.386,1.23325,0.004,0.981,61.646,3321.0,0.6978,56.386,0.0950,9.504,0,0
1764945625.413870,5.908,3,3,53.342,0.73163,0.007,0.986,61.731,3852.6,0.7639,53.342,0.0882,8.824,0,0
1764945625.594512,5.994,4,4,56.356,1.23139,0.004,0.981,61.709,3318.3,0.6979,56.356,0.0951,9.508,0,0
1764945625.761120,5.029,3,3,53.324,0.73077,0.007,0.985,61.784,3851.1,0.7645,53.324,0.0883,8.826,0,0
1764945625.919746,5.969,3,3,53.361,0.73140,0.007,0.986,61.828,3855.1,0.7647,53.361,0.0882,8.822,0,0
1764945626.046111,7.676,3,3,53.356,0.73172,0.007,0.986,61.863,3854.6,0.7646,53.356,0.0882,8.822,0,0
1764945626.205997,7.180,3,3,53.364,0.73140,0.007,0.985,61.876,3855.8,0.7649,53.364,0.0882,8.821,0,0
1764945626.419601,5.993,3,3,53.325,0.73217,0.007,0.986,61.900,3849.6,0.7643,53.325,0.0883,8.828,0,0
1764945626.587833,5.073,3,3,53.347,0.73183,0.007,0.986,61.910,3853.2,0.7643,53.347,0.0882,8.824,0,0
1764945626.762395,5.979,3,3,53.335,0.73158,0.007,0.986,61.920,3854.8,0.7649,53.335,0.0882,8.822,0,0
1764945626.965324,4.920,3,3,53.325,0.73113,0.007,0.985,61.926,3853.6,0.7646,53.325,0.0882,8.823,0,0
1764945627.302491,5.084,3,3,53.377,0.73172,0.007,0.985,61.915,3858.1,0.7652,53.377,0.0882,8.818,0,0
1764945627.500180,3.006,3,3,53.382,0.73222,0.007,0.985,61.916,3856.8,0.7645,53.382,0.0882,8.820,0,0
1764945627.701446,4.996,3,3,53.388,0.73142,0.007,0.985,61.910,3858.6,0.7651,53.388,0.0882,8.817,0,0
1764945627.859805,5.025,3,3,53.356,0.73135,0.007,0.985,61.904,3855.6,0.7653,53.356,0.0882,8.821,0,0
1764945628.018991,5.999,3,3,53.371,0.73123,0.007,0.985,61.901,3856.7,0.7652,53.371,0.0882,8.820,0,0
1764945628.164924,7.542,3,3,53.377,0.73177,0.007,0.985,61.899,3856.3,0.7651,53.377,0.0882,8.820,0,0
1764945628.399547,5.639,3,3,53.385,0.73188,0.007,0.986,61.901,3854.7,0.7649,53.385,0.0882,8.822,0,0
1764945628.620336,4.407,3,3,53.290,0.73165,0.007,0.986,61.925,3852.8,0.7644,53.290,0.0882,8.824,0,0
1764945628.800673,5.071,3,3,53.351,0.73251,0.007,0.985,61.922,3853.1,0.7645,53.351,0.0882,8.824,0,0
1764945629.033402,4.991,3,3,53.362,0.73247,0.007,0.986,61.922,3852.4,0.7648,53.362,0.0882,8.825,0,0
1764945629.227178,4.292,3,3,53.432,0.73236,0.007,0.986,61.915,3861.1,0.7650,53.432,0.0881,8.815,0,0
1764945629.422743,5.012,3,3,53.331,0.73220,0.007,0.986,61.929,3850.1,0.7641,53.331,0.0883,8.827,0,0
1764945629.616020,5.040,3,3,53.357,0.73252,0.007,0.985,61.929,3852.0,0.7646,53.357,0.0883,8.825,0,0
1764945629.794542,5.924,3,3,53.363,0.73190,0.007,0.985,61.923,3853.4,0.7648,53.363,0.0882,8.823,0,0
1764945629.982852,4.757,3,3,53.385,0.73190,0.007,0.986,61.933,3856.3,0.7643,53.385,0.0882,8.820,0,0
1764945630.117645,6.329,3,3,53.378,0.73157,0.007,0.986,61.937,3856.4,0.7643,53.378,0.0882,8.820,0,0
1764945630.238593,7.486,3,3,53.411,0.73187,0.007,0.986,61.932,3859.0,0.7650,53.411,0.0882,8.817,0,0
1764945630.371018,7.783,3,3,53.362,0.73134,0.007,0.986,61.946,3856.5,0.7644,53.362,0.0882,8.820,0,0
1764945630.527356,7.389,3,3,53.416,0.73174,0.007,0.986,61.938,3860.7,0.7648,53.416,0.0882,8.815,0,0
1764945630.747455,6.023,3,3,53.434,0.73197,0.007,0.985,61.923,3861.6,0.7652,53.434,0.0881,8.814,0,0
1764945630.921492,4.994,3,3,53.413,0.73207,0.007,0.986,61.921,3858.0,0.7646,53.413,0.0882,8.818,0,0
1764945631.077742,6.030,3,3,53.397,0.73259,0.007,0.986,61.924,3858.3,0.7645,53.397,0.0882,8.818,0,0
1764945631.242837,6.000,3,3,53.427,0.73191,0.007,0.985,61.913,3859.9,0.7650,53.427,0.0882,8.816,0,0
1764945631.412856,5.835,3,3,53.402,0.73190,0.007,0.986,61.912,3856.6,0.7649,53.402,0.0882,8.820,0,0
1764945631.581076,6.103,3,3,53.403,0.73245,0.007,0.986,61.916,3858.1,0.7643,53.403,0.0882,8.818,0,0
1764945631.745665,5.999,3,3,53.415,0.73208,0.007,0.985,61.907,3859.1,0.7651,53.415,0.0882,8.817,0,0
1764945631.890712,6.039,3,3,53.405,0.73094,0.007,0.985,61.908,3858.7,0.7653,53.405,0.0882,8.817,0,0
1764946089.275338,132.471,3,3,51.345,0.95133,0.008,0.984,57.028,3568.1,0.7724,51.345,0.0917,9.169,0,0
1764946089.579313,3.864,3,3,51.333,0.95107,0.008,0.983,57.025,3567.4,0.7727,51.333,0.0917,9.170,0,0
1764946090.009577,3.639,3,3,51.348,0.95084,0.008,0.983,57.025,3566.8,0.7727,51.348,0.0917,9.171,0,0
1764946090.237311,2.474,3,3,51.347,0.95074,0.008,0.983,57.018,3568.1,0.7730,51.347,0.0917,9.169,0,0
1764946090.430849,4.350,3,3,51.339,0.95079,0.008,0.983,57.016,3566.4,0.7728,51.339,0.0917,9.172,0,0
1764946090.633803,4.799,3,3,51.350,0.95020,0.008,0.983,57.017,3567.8,0.7729,51.350,0.0917,9.170,0,0
1764946090.832568,5.266,3,3,51.351,0.95079,0.008,0.983,57.016,3568.7,0.7727,51.351,0.0917,9.169,0,0
1764946091.032943,4.985,3,3,51.338,0.95076,0.008,0.983,57.021,3567.2,0.7726,51.338,0.0917,9.171,0,0
1764946091.218932,4.854,3,3,51.365,0.95039,0.008,0.983,57.023,3569.6,0.7729,51.365,0.0917,9.168,0,0
1764946091.374978,5.982,3,3,51.350,0.94979,0.008,0.983,57.011,3566.7,0.7737,51.350,0.0917,9.171,0,0
1764946091.532066,5.987,3,3,51.344,0.95003,0.008,0.983,57.008,3565.9,0.7734,51.344,0.0917,9.172,0,0
1764946091.696534,6.289,3,3,51.338,0.95060,0.008,0.983,57.005,3565.2,0.7732,51.338,0.0917,9.173,0,0
1764946091.872744,6.967,3,3,51.335,0.95032,0.008,0.983,56.998,3565.2,0.7733,51.335,0.0917,9.173,0,0
1764946092.085233,5.228,3,3,51.365,0.95059,0.008,0.983,56.991,3566.6,0.7733,51.365,0.0917,9.171,0,0
1764946092.250089,4.976,3,3,51.350,0.95063,0.008,0.983,56.989,3566.4,0.7735,51.350,0.0917,9.172,0,0
1764946092.414914,6.043,3,3,51.319,0.95037,0.008,0.983,56.993,3563.4,0.7733,51.319,0.0918,9.176,0,0
1764946092.591506,6.091,3,3,51.323,0.94951,0.008,0.983,56.994,3563.5,0.7736,51.323,0.0918,9.175,0,0
1764946092.766140,5.925,3,3,51.302,0.94924,0.008,0.983,57.000,3563.0,0.7736,51.302,0.0918,9.176,0,0
1764946092.952859,5.017,3,3,51.333,0.94950,0.008,0.983,57.004,3565.2,0.7735,51.333,0.0917,9.173,0,0
1764946093.127610,5.908,3,3,51.321,0.94928,0.008,0.983,57.006,3564.1,0.7735,51.321,0.0917,9.175,0,0
1764946093.266805,5.989,3,3,51.306,0.94930,0.008,0.983,57.017,3563.0,0.7738,51.306,0.0918,9.176,0,0
1764946093.421230,6.049,3,3,51.302,0.95082,0.008,0.983,57.020,3562.2,0.7727,51.302,0.0918,9.177,0,0
1764946093.564177,7.513,3,3,51.350,0.94895,0.008,0.983,57.012,3564.6,0.7742,51.350,0.0917,9.174,0,0
1764946093.703185,7.394,3,3,51.326,0.94989,0.008,0.983,57.011,3563.5,0.7735,51.326,0.0918,9.175,0,0
1764946093.926650,6.018,3,3,51.331,0.94917,0.008,0.983,57.007,3564.1,0.7739,51.331,0.0917,9.175,0,0
1764946094.106983,4.992,3,3,51.309,0.94837,0.008,0.983,57.021,3562.5,0.7735,51.309,0.0918,9.177,0,0
1764946094.282830,5.057,3,3,51.310,0.94988,0.008,0.983,57.024,3564.0,0.7728,51.310,0.0917,9.175,0,0
1764946094.452325,6.037,3,3,51.327,0.94968,0.008,0.983,57.030,3564.3,0.7729,51.327,0.0917,9.174,0,0
1764946094.672422,5.948,3,3,51.310,0.94949,0.008,0.983,57.026,3562.4,0.7736,51.310,0.0918,9.177,0,0
1764946094.918306,4.077,3,3,51.289,0.94987,0.008,0.983,57.028,3560.3,0.7734,51.289,0.0918,9.179,0,0
1764946095.102681,4.475,3,3,51.308,0.94858,0.008,0.983,57.029,3562.0,0.7738,51.308,0.0918,9.177,0,0
1764946095.281644,5.032,3,3,51.288,0.94932,0.008,0.983,57.034,3561.2,0.7734,51.288,0.0918,9.178,0,0
1764946095.430193,5.950,3,3,51.303,0.95007,0.008,0.983,57.029,3562.1,0.7733,51.303,0.0918,9.177,0,0
1764946095.557776,7.618,3,3,51.276,0.94932,0.008,0.983,57.031,3560.1,0.7735,51.276,0.0918,9.180,0,0
1764946095.686783,7.553,3,3,51.294,0.94878,0.008,0.983,57.035,3561.2,0.7733,51.294,0.0918,9.178,0,0
1764946095.838522,7.498,3,3,51.303,0.95024,0.008,0.983,57.042,3562.1,0.7729,51.303,0.0918,9.177,0,0
1764946096.087446,5.866,3,3,51.298,0.94817,0.008,0.983,57.057,3558.5,0.7738,51.298,0.0918,9.182,0,0
1764946096.263277,4.345,3,3,51.278,0.95084,0.008,0.983,57.073,3557.8,0.7725,51.278,0.0918,9.183,0,0
1764946096.418990,6.011,3,3,51.245,0.94998,0.008,0.983,57.085,3555.1,0.7732,51.245,0.0919,9.186,0,0
1764946096.588879,5.949,3,3,51.252,0.94935,0.008,0.983,57.093,3555.4,0.7728,51.252,0.0919,9.186,0,0
1764946096.753952,6.049,3,3,51.182,0.94863,0.008,0.983,57.104,3554.5,0.7722,51.182,0.0919,9.187,0,0
1764946096.902518,5.964,3,3,51.277,0.94971,0.008,0.983,57.083,3558.1,0.7732,51.277,0.0918,9.182,0,0
1764946097.069222,5.965,3,3,51.306,0.95126,0.008,0.983,57.062,3561.2,0.7731,51.306,0.0918,9.178,0,0
1764946097.209082,7.053,3,3,51.339,0.95054,0.008,0.983,57.049,3565.7,0.7732,51.339,0.0917,9.173,0,0
1764946097.358939,6.335,3,3,51.246,0.95072,0.008,0.983,57.063,3557.7,0.7728,51.246,0.0918,9.183,0,0
1764946097.486930,7.424,3,3,51.264,0.95064,0.008,0.983,57.058,3557.4,0.7729,51.264,0.0918,9.183,0,0
1764946097.619531,7.605,3,3,51.324,0.95009,0.008,0.983,57.050,3563.8,0.7732,51.324,0.0917,9.175,0,0
1764946097.792445,7.505,3,3,51.282,0.95016,0.008,0.983,57.050,3557.9,0.7731,51.282,0.0918,9.183,0,0
1764946098.000783,6.085,3,3,51.280,0.94943,0.008,0.983,57.047,3561.3,0.7731,51.280,0.0918,9.178,0,0
1764946098.189148,4.290,3,3,51.256,0.95038,0.008,0.983,57.048,3557.5,0.7730,51.256,0.0918,9.183,0,0
1764946098.364143,5.963,3,3,51.296,0.94876,0.008,0.983,57.045,3559.9,0.7735,51.296,0.0918,9.180,0,0
1764946098.563035,4.941,3,3,51.308,0.94936,0.008,0.983,57.040,3561.1,0.7736,51.308,0.0918,9.178,0,0
1764946098.753461,5.037,3,3,51.295,0.94997,0.008,0.983,57.038,3560.8,0.7732,51.295,0.0918,9.179,0,0
1764946098.926296,6.022,3,3,51.327,0.95021,0.008,0.983,57.025,3564.0,0.7731,51.327,0.0917,9.175,0,0
1764946099.081205,5.868,3,3,51.298,0.94943,0.008,0.983,57.030,3560.7,0.7733,51.298,0.0918,9.179,0,0
1764946099.235073,6.092,3,3,51.317,0.95054,0.008,0.983,57.018,3561.6,0.7734,51.317,0.0918,9.178,0,0
1764946099.388812,5.991,3,3,51.279,0.94971,0.008,0.983,57.023,3559.7,0.7733,51.279,0.0918,9.180,0,0
1764946099.521712,7.614,3,3,51.287,0.94974,0.008,0.983,57.028,3559.5,0.7733,51.287,0.0918,9.181,0,0
1764946099.666971,7.450,3,3,51.288,0.95015,0.008,0.983,57.032,3559.2,0.7731,51.288,0.0918,9.181,0,0
1764946099.906730,5.912,3,3,51.272,0.94982,0.008,0.983,57.037,3559.3,0.7728,51.272,0.0918,9.181,0,0
1764946100.102943,4.317,3,3,51.266,0.95008,0.008,0.983,57.045,3557.5,0.7736,51.266,0.0918,9.183,0,0
1764946100.281277,4.995,3,3,51.306,0.95095,0.008,0.983,57.050,3561.9,0.7730,51.306,0.0918,9.177,0,0
1764946100.457176,6.084,3,3,51.282,0.95036,0.008,0.983,57.052,3558.1,0.7729,51.282,0.0918,9.182,0,0
1764946100.629253,6.062,3,3,51.287,0.94833,0.008,0.983,57.053,3558.1,0.7734,51.287,0.0918,9.182,0,0
1764946100.794450,5.908,4,4,54.269,1.45074,0.005,0.978,56.974,3072.9,0.7235,54.269,0.0988,9.881,0,0
1764946100.924186,5.874,3,3,51.282,0.94953,0.008,0.983,56.986,3560.4,0.7738,51.282,0.0918,9.179,0,0
1764946101.044591,7.503,3,3,51.252,0.94901,0.008,0.983,57.002,3558.1,0.7735,51.252,0.0918,9.182,0,0
1764946101.169254,7.644,3,3,51.293,0.94827,0.008,0.983,57.019,3564.7,0.7729,51.293,0.0917,9.174,0,0
1764946101.306367,7.518,3,3,51.271,0.94941,0.008,0.983,57.025,3557.7,0.7737,51.271,0.0918,9.183,0,0
1764946101.492842,7.288,3,3,51.257,0.94912,0.008,0.983,57.040,3557.3,0.7734,51.257,0.0918,9.183,0,0
1764946101.685912,6.169,3,3,51.242,0.95069,0.008,0.983,57.043,3556.3,0.7727,51.242,0.0918,9.185,0,0
1764946101.901060,4.967,3,3,51.244,0.95082,0.008,0.983,57.046,3555.7,0.7730,51.244,0.0919,9.185,0,0
1764946102.170308,4.224,3,3,51.255,0.95005,0.008,0.983,57.050,3557.4,0.7729,51.255,0.0918,9.183,0,0
1764946102.369548,3.812,3,3,51.296,0.94848,0.008,0.983,57.045,3560.1,0.7735,51.296,0.0918,9.180,0,0
1764946102.582135,4.312,3,3,51.266,0.94939,0.008,0.983,57.045,3558.7,0.7733,51.266,0.0918,9.181,0,0
1764946102.767971,5.933,3,3,51.274,0.94973,0.008,0.983,57.043,3559.4,0.7733,51.274,0.0918,9.181,0,0
1764946102.952974,4.996,3,3,51.278,0.95019,0.008,0.983,57.049,3558.2,0.7724,51.278,0.0918,9.182,0,0
1764946103.114810,5.982,3,3,51.279,0.94961,0.008,0.983,57.043,3558.0,0.7732,51.279,0.0918,9.182,0,0
1764946103.271023,6.017,3,3,51.264,0.94972,0.008,0.983,57.041,3558.1,0.7732,51.264,0.0918,9.182,0,0
1764946103.451500,5.714,3,3,51.267,0.94994,0.008,0.983,57.041,3558.8,0.7728,51.267,0.0918,9.181,0,0
1764946103.608451,6.373,3,3,51.267,0.94965,0.008,0.983,57.045,3557.4,0.7728,51.267,0.0918,9.183,0,0
1764946103.834201,5.971,3,3,51.277,0.95035,0.008,0.983,57.046,3557.8,0.7730,51.277,0.0918,9.183,0,0
1764946104.024502,4.235,3,3,51.256,0.94997,0.008,0.983,57.051,3559.1,0.7731,51.256,0.0918,9.181,0,0
1764946104.215739,6.005,3,3,51.249,0.95023,0.008,0.983,57.052,3559.0,0.7729,51.249,0.0918,9.181,0,0
1764946104.408893,5.074,3,3,51.314,0.95039,0.008,0.983,57.045,3565.3,0.7731,51.314,0.0917,9.173,0,0
1764946104.648139,5.002,3,3,51.296,0.94895,0.008,0.983,57.043,3562.8,0.7737,51.296,0.0918,9.176,0,0
1764946104.822879,4.296,3,3,51.279,0.94997,0.008,0.983,57.042,3558.7,0.7736,51.279,0.0918,9.182,0,0
1764946105.013353,5.972,3,3,51.300,0.95072,0.008,0.983,57.034,3559.7,0.7735,51.300,0.0918,9.180,0,0
1764946105.186761,5.020,3,3,51.281,0.94963,0.008,0.983,57.034,3559.5,0.7736,51.281,0.0918,9.180,0,0
1764946105.332201,5.970,3,3,51.291,0.94970,0.008,0.983,57.035,3561.3,0.7734,51.291,0.0918,9.178,0,0
1764946105.463914,6.995,3,3,51.267,0.94970,0.008,0.983,57.037,3556.7,0.7734,51.267,0.0918,9.184,0,0
1764946105.587867,8.134,3,3,51.253,0.94968,0.008,0.983,57.041,3556.1,0.7733,51.253,0.0918,9.185,0,0
1764946105.750039,7.452,3,3,51.270,0.95081,0.008,0.983,57.039,3555.8,0.7734,51.270,0.0919,9.185,0,0
1764946105.966754,5.978,3,3,51.276,0.94898,0.008,0.983,57.042,3560.5,0.7735,51.276,0.0918,9.179,0,0
1764946106.175660,4.304,3,3,51.309,0.94908,0.008,0.983,57.041,3563.7,0.7729,51.309,0.0918,9.175,0,0
1764946106.362256,4.928,3,3,51.301,0.94956,0.008,0.983,57.042,3562.2,0.7729,51.301,0.0918,9.177,0,0
1764946106.553733,5.093,3,3,51.315,0.95068,0.008,0.983,57.040,3562.5,0.7725,51.315,0.0918,9.177,0,0
1764946106.735187,5.860,3,3,51.321,0.95078,0.008,0.983,57.038,3563.7,0.7724,51.321,0.0918,9.175,0,0
1764946106.934367,5.017,3,3,51.273,0.94892,0.008,0.983,57.042,3558.7,0.7736,51.273,0.0918,9.182,0,0
1764946107.142421,5.057,3,3,51.282,0.94923,0.008,0.983,57.041,3559.9,0.7734,51.282,0.0918,9.180,0,0
1764946107.311877,4.981,3,3,51.294,0.95050,0.008,0.983,57.046,3562.2,0.7731,51.294,0.0918,9.177,0,0
1764946107.472098,6.024,3,3,51.285,0.95011,0.008,0.983,57.045,3562.5,0.7732,51.285,0.0918,9.177,0,0
1764946107.660633,5.600,3,3,51.258,0.94883,0.008,0.983,57.047,3559.7,0.7734,51.258,0.0918,9.180,0,0
1764946107.851836,6.487,3,3,51.280,0.94999,0.008,0.983,57.043,3557.7,0.7733,51.280,0.0918,9.183,0,0
1764946108.048524,4.943,3,3,51.299,0.94847,0.008,0.983,57.047,3562.6,0.7738,51.299,0.0918,9.176,0,0
1764946108.280048,5.050,3,3,51.310,0.95126,0.008,0.984,57.046,3561.7,0.7727,51.310,0.0918,9.178,0,0
1764946108.454748,4.163,3,3,51.278,0.94958,0.008,0.983,57.049,3560.4,0.7729,51.278,0.0918,9.179,0,0
1764946108.641129,6.211,3,3,51.306,0.94973,0.008,0.983,57.040,3563.2,0.7739,51.306,0.0918,9.176,0,0
1764946108.831859,5.025,3,3,51.274,0.94990,0.008,0.983,57.036,3559.7,0.7732,51.274,0.0918,9.180,0,0
1764946109.033660,4.936,3,3,51.260,0.94969,0.008,0.983,57.037,3559.3,0.7732,51.260,0.0918,9.181,0,0
1764946109.229237,5.089,3,3,51.297,0.95106,0.008,0.983,57.030,3559.9,0.7733,51.297,0.0918,9.180,0,0
1764946109.411902,4.876,3,3,51.277,0.94971,0.008,0.983,57.030,3560.7,0.7735,51.277,0.0918,9.179,0,0
1764946109.566198,5.936,3,3,51.290,0.94862,0.008,0.983,57.037,3562.7,0.7731,51.290,0.0918,9.176,0,0
1764946109.734165,6.155,3,3,51.302,0.94944,0.008,0.983,57.038,3563.3,0.7732,51.302,0.0918,9.176,0,0
1764946109.960761,5.875,3,3,51.277,0.94857,0.008,0.983,57.041,3561.1,0.7736,51.277,0.0918,9.178,0,0
1764946110.197217,4.368,3,3,51.273,0.94982,0.008,0.983,57.038,3559.8,0.7735,51.273,0.0918,9.180,0,0
1764946138.771058,57.019,3,3,51.358,0.95353,0.008,0.984,56.972,3568.1,0.7721,51.358,0.0917,9.169,0,0
1764946139.188166,3.744,3,3,51.360,0.94928,0.008,0.983,56.994,3567.9,0.7726,51.360,0.0917,9.170,0,0
1764946139.419401,2.611,3,3,51.333,0.95192,0.008,0.984,57.011,3566.6,0.7718,51.333,0.0917,9.171,0,0
1764946139.631891,4.519,3,3,51.321,0.94977,0.008,0.983,57.030,3566.2,0.7726,51.321,0.0917,9.172,0,0
1764946139.817708,5.065,3,3,51.354,0.95122,0.008,0.983,57.032,3567.0,0.7725,51.354,0.0917,9.171,0,0
1764946140.039642,4.676,3,3,51.363,0.94901,0.008,0.983,57.040,3571.1,0.7735,51.363,0.0917,9.166,0,0
1764946140.261335,4.527,3,3,51.319,0.94974,0.008,0.983,57.050,3565.8,0.7727,51.319,0.0917,9.172,0,0
1764946140.512608,4.806,3,3,51.328,0.95009,0.008,0.983,57.055,3565.3,0.7727,51.328,0.0917,9.173,0,0
1764946140.980958,3.810,3,3,51.306,0.94830,0.008,0.983,57.063,3564.3,0.7734,51.306,0.0917,9.174,0,0
1764946141.241363,2.118,3,3,51.340,0.94917,0.008,0.983,57.071,3569.5,0.7723,51.340,0.0917,9.168,0,0
1764946141.423100,4.366,3,3,51.367,0.95008,0.008,0.983,57.070,3566.8,0.7726,51.367,0.0917,9.171,0,0
1764946141.608233,4.940,3,3,51.333,0.95094,0.008,0.983,57.072,3565.8,0.7722,51.333,0.0917,9.172,0,0
1764946141.756754,6.180,3,3,51.379,0.95103,0.008,0.983,57.068,3570.7,0.7723,51.379,0.0917,9.166,0,0
1764946141.938518,5.947,3,3,51.353,0.94933,0.008,0.983,57.075,3568.6,0.7723,51.353,0.0917,9.169,0,0
1764946142.142187,5.764,3,3,51.352,0.95026,0.008,0.983,57.079,3568.5,0.7723,51.352,0.0917,9.169,0,0
1764946142.351562,5.092,3,3,51.356,0.95064,0.008,0.983,57.076,3569.3,0.7726,51.356,0.0917,9.168,0,0
1764946142.563264,4.391,3,3,51.316,0.94893,0.008,0.983,57.075,3566.0,0.7733,51.316,0.0917,9.172,0,0
1764946142.764404,4.958,3,3,51.329,0.95089,0.008,0.984,57.071,3566.5,0.7726,51.329,0.0917,9.171,0,0
1764946143.000263,4.849,3,3,51.365,0.94980,0.008,0.984,57.069,3570.3,0.7726,51.365,0.0917,9.167,0,0
1764946143.236665,4.375,3,3,51.377,0.94977,0.008,0.983,57.067,3572.8,0.7725,51.377,0.0916,9.163,0,0
1764946143.452116,4.280,3,3,51.307,0.95039,0.008,0.984,57.073,3566.2,0.7727,51.307,0.0917,9.172,0,0
1764946143.669473,4.752,3,3,51.318,0.95113,0.008,0.984,57.075,3566.8,0.7721,51.318,0.0917,9.171,0,0
1764946143.856564,4.486,3,3,51.319,0.94885,0.008,0.983,57.081,3566.0,0.7733,51.319,0.0917,9.172,0,0
1764946144.044205,5.024,3,3,51.370,0.94906,0.008,0.983,57.079,3571.3,0.7731,51.370,0.0917,9.165,0,0
1764946144.300592,5.877,3,3,51.359,0.94940,0.008,0.983,57.073,3573.0,0.7730,51.359,0.0916,9.163,0,0
1764946144.555387,3.810,3,3,51.383,0.94980,0.008,0.983,57.067,3573.4,0.7728,51.383,0.0916,9.163,0,0
1764946144.758214,3.711,3,3,51.372,0.94956,0.008,0.983,57.060,3573.1,0.7730,51.372,0.0916,9.163,0,0
1764946145.016370,5.127,3,3,51.366,0.94941,0.008,0.983,57.062,3571.8,0.7726,51.366,0.0916,9.165,0,0
1764946145.301582,3.703,3,3,51.377,0.95031,0.008,0.983,57.056,3569.5,0.7726,51.377,0.0917,9.168,0,0
1764946145.529299,3.785,3,3,51.349,0.94986,0.008,0.983,57.061,3571.0,0.7723,51.349,0.0917,9.166,0,0
1764946145.889665,4.120,3,3,51.349,0.94888,0.008,0.983,57.063,3570.0,0.7735,51.349,0.0917,9.167,0,0
1764946146.172864,2.771,3,3,51.377,0.95041,0.008,0.984,57.061,3569.7,0.7725,51.377,0.0917,9.167,0,0
1764946146.366002,3.761,3,3,51.398,0.95097,0.008,0.983,57.054,3570.9,0.7724,51.398,0.0917,9.166,0,0
1764946146.566405,5.044,3,3,51.367,0.94988,0.008,0.983,57.052,3572.9,0.7728,51.367,0.0916,9.163,0,0
1764946147.337349,5.026,3,3,51.358,0.95104,0.008,0.983,57.049,3571.4,0.7728,51.358,0.0917,9.165,0,0
1764946147.816763,1.202,3,3,51.287,0.94886,0.008,0.983,57.060,3563.7,0.7727,51.287,0.0918,9.175,0,0
1764946148.169564,2.265,3,3,51.331,0.94978,0.008,0.983,57.065,3567.8,0.7725,51.331,0.0917,9.170,0,0
1764946149.191256,3.038,3,3,51.358,0.95045,0.008,0.984,57.065,3570.5,0.7727,51.358,0.0917,9.166,0,0
1764946149.465783,0.967,3,3,51.323,0.95013,0.008,0.983,57.064,3566.0,0.7726,51.323,0.0917,9.172,0,0
1764946149.913535,2.994,3,3,51.301,0.95043,0.008,0.984,57.072,3564.2,0.7732,51.301,0.0917,9.174,0,0
1764946150.217018,2.517,3,3,51.337,0.95013,0.008,0.983,57.071,3568.2,0.7724,51.337,0.0917,9.169,0,0
1764946150.455540,3.340,3,3,51.360,0.95105,0.008,0.983,57.066,3567.8,0.7722,51.360,0.0917,9.170,0,0
1764946150.733107,4.265,3,3,51.372,0.95163,0.008,0.984,57.061,3567.0,0.7725,51.372,0.0917,9.171,0,0
1764946151.128060,3.060,3,3,51.344,0.94871,0.008,0.983,57.067,3568.5,0.7729,51.344,0.0917,9.169,0,0
1764946151.469473,2.941,3,3,51.365,0.94955,0.008,0.983,57.061,3568.8,0.7729,51.365,0.0917,9.168,0,0
1764946151.683978,3.011,3,3,51.368,0.95013,0.008,0.984,57.059,3572.3,0.7728,51.368,0.0916,9.164,0,0
1764946151.922680,4.252,3,3,51.351,0.94991,0.008,0.983,57.057,3568.6,0.7727,51.351,0.0917,9.169,0,0
1764946152.199031,4.333,3,3,51.348,0.94978,0.008,0.983,57.057,3569.6,0.7729,51.348,0.0917,9.168,0,0
1764946152.453136,3.721,3,3,51.370,0.95067,0.008,0.983,57.059,3568.5,0.7722,51.370,0.0917,9.169,0,0
1764946152.805058,3.757,3,3,51.342,0.94967,0.008,0.983,57.064,3568.9,0.7726,51.342,0.0917,9.168,0,0
1764946153.103434,2.986,3,3,51.340,0.95051,0.008,0.984,57.064,3566.6,0.7725,51.340,0.0917,9.171,0,0
1764946153.372800,3.346,3,3,51.345,0.95034,0.008,0.983,57.061,3565.4,0.7736,51.345,0.0917,9.173,0,0
1764946153.681061,3.730,3,3,51.340,0.95075,0.008,0.984,57.063,3566.5,0.7728,51.340,0.0917,9.172,0,0
1764946154.112693,2.960,3,3,51.367,0.95171,0.008,0.984,57.061,3567.0,0.7726,51.367,0.0917,9.171,0,0
1764946154.398871,2.332,3,3,51.311,0.94826,0.008,0.983,57.068,3567.8,0.7735,51.311,0.0917,9.170,0,0
1764946154.962093,3.757,3,3,51.320,0.95096,0.008,0.983,57.064,3566.7,0.7727,51.320,0.0917,9.171,0,0
1764946155.705480,1.676,3,3,51.359,0.95182,0.008,0.983,57.050,3569.0,0.7724,51.359,0.0917,9.168,0,0
1764946156.003154,1.419,3,3,51.370,0.94915,0.008,0.983,57.051,3573.9,0.7726,51.370,0.0916,9.162,0,0
1764946156.210375,3.359,3,3,51.327,0.94880,0.008,0.983,57.060,3567.8,0.7731,51.327,0.0917,9.170,0,0
1764946156.449263,5.012,3,3,51.338,0.95060,0.008,0.983,57.058,3567.0,0.7723,51.338,0.0917,9.171,0,0
1764946156.695206,3.747,3,3,51.351,0.95137,0.008,0.984,57.060,3565.6,0.7723,51.351,0.0917,9.173,0,0
1764946156.908644,4.315,3,3,51.325,0.95018,0.008,0.983,57.067,3565.2,0.7726,51.325,0.0917,9.173,0,0
1764946157.121391,4.957,3,3,51.349,0.94983,0.008,0.983,57.067,3568.0,0.7726,51.349,0.0917,9.170,0,0
1764946157.398768,4.046,3,3,51.317,0.94979,0.008,0.983,57.071,3565.0,0.7720,51.317,0.0917,9.173,0,0
1764946157.637682,3.890,3,3,51.345,0.95090,0.008,0.984,57.070,3568.8,0.7728,51.345,0.0917,9.169,0,0
1764946157.898245,4.333,3,3,51.385,0.95188,0.008,0.984,57.067,3569.5,0.7722,51.385,0.0917,9.168,0,0
1764946158.320004,3.767,3,3,51.361,0.94923,0.008,0.984,57.068,3574.0,0.7727,51.361,0.0916,9.162,0,0
1764946158.557266,2.316,3,3,51.398,0.95156,0.008,0.984,57.061,3569.3,0.7724,51.398,0.0917,9.168,0,0
1764946158.823137,4.279,3,3,51.375,0.94969,0.008,0.984,57.058,3571.3,0.7726,51.375,0.0917,9.165,0,0
1764946159.197667,3.725,3,3,51.347,0.95081,0.008,0.983,57.057,3567.7,0.7724,51.347,0.0917,9.170,0,0
1764946159.491717,2.734,3,3,51.382,0.95085,0.008,0.984,57.049,3570.7,0.7728,51.382,0.0917,9.166,0,0
1764946159.744394,3.530,3,3,51.339,0.94921,0.008,0.983,57.051,3569.9,0.7734,51.339,0.0917,9.167,0,0
1764946159.953592,3.551,3,3,51.347,0.95088,0.008,0.983,57.047,3568.4,0.7728,51.347,0.0917,9.169,0,0
1764946160.177156,5.047,3,3,51.368,0.95010,0.008,0.983,57.048,3571.9,0.7728,51.368,0.0916,9.165,0,0
1764946160.407882,4.953,3,3,51.337,0.95018,0.008,0.983,57.053,3567.0,0.7724,51.337,0.0917,9.171,0,0
1764946160.725494,4.268,3,3,51.348,0.95052,0.008,0.984,57.055,3567.2,0.7727,51.348,0.0917,9.171,0,0
1764946160.997804,2.983,3,3,51.370,0.95097,0.008,0.984,57.052,3570.7,0.7722,51.370,0.0917,9.166,0,0
1764946161.175486,3.788,3,3,51.332,0.94919,0.008,0.983,57.057,3567.7,0.7727,51.332,0.0917,9.170,0,0
1764946161.343024,6.061,3,3,51.316,0.95067,0.008,0.983,57.060,3564.2,0.7723,51.316,0.0917,9.174,0,0
1764946161.556719,5.736,3,3,51.343,0.95049,0.008,0.983,57.059,3567.7,0.7724,51.343,0.0917,9.170,0,0
1764946161.786763,4.433,3,3,51.327,0.94969,0.008,0.983,57.064,3566.6,0.7725,51.327,0.0917,9.171,0,0
1764946162.040234,4.224,3,3,51.379,0.95214,0.008,0.984,57.057,3566.9,0.7720,51.379,0.0917,9.171,0,0
1764946162.282736,4.304,3,3,51.373,0.95230,0.008,0.984,57.057,3567.6,0.7718,51.373,0.0917,9.170,0,0
1764946162.516422,3.773,3,3,51.365,0.95200,0.008,0.984,57.057,3566.3,0.7721,51.365,0.0917,9.172,0,0
1764946162.766597,4.327,3,3,51.367,0.95105,0.008,0.984,57.053,3569.0,0.7727,51.367,0.0917,9.168,0,0
1764946442.714771,54.138,5,1,54.226,0.13829,1.000,1.000,0.000,3166.5,0.9495,54.226,0.1219,12.189,0,0
1764946442.993842,4.991,5,1,54.178,0.14293,1.000,1.000,0.000,3164.8,0.9484,54.178,0.1219,12.187,0,0
1764946443.293010,3.304,5,1,54.188,0.14367,1.000,1.000,0.000,3165.0,0.9479,54.188,0.1218,12.183,0,0
1764946443.539068,3.973,5,1,54.217,0.14054,1.000,1.000,0.000,3164.8,0.9489,54.217,0.1218,12.185,0,0
1764946443.763763,4.074,5,1,54.216,0.14206,1.000,1.000,0.000,3165.3,0.9499,54.216,0.1218,12.184,0,0
1764946443.980316,4.264,5,1,54.202,0.14910,1.000,1.000,0.000,3168.7,0.9470,54.202,0.1218,12.182,0,0
1764946444.168706,5.033,5,1,54.230,0.14160,1.000,1.000,0.000,3166.9,0.9503,54.230,0.1218,12.178,0,0
1764946444.365808,4.963,5,1,54.217,0.14514,1.000,1.000,0.000,3168.3,0.9485,54.217,0.1218,12.183,0,0
1764946444.537630,5.036,5,1,54.189,0.14468,1.000,1.000,0.000,3165.5,0.9484,54.189,0.1218,12.182,0,0
1764946444.699606,5.972,5,1,54.242,0.14438,1.000,1.000,0.000,3170.0,0.9491,54.242,0.1218,12.179,0,0
1764946444.865631,5.847,5,1,54.244,0.14309,1.000,1.000,0.000,3169.3,0.9486,54.244,0.1218,12.179,0,0
1764946445.007559,7.630,5,1,54.195,0.14651,1.000,1.000,0.000,3165.7,0.9478,54.195,0.1218,12.180,0,0
1764946445.222610,5.952,5,1,54.189,0.14711,1.000,1.000,0.000,3165.9,0.9484,54.189,0.1218,12.181,0,0
1764946445.434608,4.920,5,1,54.204,0.14706,1.000,1.000,0.000,3167.7,0.9477,54.204,0.1218,12.180,0,0
1764946445.623786,4.340,5,1,54.177,0.14789,1.000,1.000,0.000,3165.5,0.9480,54.177,0.1218,12.183,0,0
1764946445.806465,6.138,5,1,54.156,0.14710,1.000,1.000,0.000,3163.8,0.9483,54.156,0.1219,12.187,0,0
1764946445.991190,5.082,5,1,54.201,0.14335,1.000,1.000,0.000,3168.0,0.9487,54.201,0.1218,12.184,0,0
1764946446.172983,5.792,5,1,54.186,0.14699,1.000,1.000,0.000,3168.2,0.9481,54.186,0.1218,12.183,0,0
1764946446.356778,5.006,5,1,54.201,0.14921,1.000,1.000,0.000,3171.4,0.9467,54.201,0.1218,12.180,0,0
1764946446.528125,5.303,5,1,54.202,0.14703,1.000,1.000,0.000,3168.4,0.9504,54.202,0.1218,12.182,0,0
1764946446.663789,6.790,5,1,54.220,0.14486,1.000,1.000,0.000,3168.0,0.9493,54.220,0.1218,12.183,0,0
1764946446.793787,7.663,5,1,54.195,0.14899,1.000,1.000,0.000,3168.7,0.9469,54.195,0.1218,12.180,0,0
1764946446.937738,7.431,5,1,54.202,0.14442,1.000,1.000,0.000,3168.0,0.9475,54.202,0.1218,12.181,0,0
1764946447.170609,6.026,5,1,54.220,0.14379,1.000,1.000,0.000,3166.6,0.9484,54.220,0.1218,12.183,0,0
1764946447.379474,4.239,5,1,54.226,0.14412,1.000,1.000,0.000,3167.4,0.9477,54.226,0.1218,12.185,0,0
1764946447.568537,5.105,5,1,54.213,0.14303,1.000,1.000,0.000,3166.3,0.9475,54.213,0.1218,12.182,0,0
1764946447.760759,4.991,5,1,54.201,0.14316,1.000,1.000,0.000,3168.2,0.9477,54.201,0.1218,12.184,0,0
1764946447.950147,5.889,5,1,54.222,0.14629,1.000,1.000,0.000,3171.9,0.9464,54.222,0.1218,12.176,0,0
1764946448.147836,5.014,5,1,54.201,0.14919,1.000,1.000,0.000,3169.5,0.9471,54.201,0.1218,12.181,0,0
1764946448.337619,4.982,5,1,54.189,0.14973,1.000,1.000,0.000,3168.7,0.9476,54.189,0.1218,12.177,0,0
1764946448.514414,4.970,5,1,54.245,0.14867,1.000,1.000,0.000,3172.4,0.9466,54.245,0.1218,12.182,0,0
1764946448.664632,5.994,5,1,54.228,0.14697,1.000,1.000,0.000,3168.7,0.9492,54.228,0.1218,12.180,0,0
1764946448.821831,7.590,5,1,54.249,0.14728,1.000,1.000,0.000,3172.3,0.9474,54.249,0.1218,12.178,0,0
1764946449.057611,6.033,5,1,54.220,0.14635,1.000,1.000,0.000,3167.4,0.9487,54.220,0.1218,12.179,0,0
1764946449.296480,3.374,5,1,54.239,0.14604,1.000,1.000,0.000,3169.5,0.9483,54.239,0.1218,12.178,0,0
1764946449.457254,5.888,5,1,54.243,0.14892,1.000,1.000,0.000,3172.0,0.9474,54.243,0.1218,12.177,0,0
1764946449.635006,5.998,5,1,54.254,0.14958,1.000,1.000,0.000,3172.1,0.9485,54.254,0.1217,12.174,0,0
1764946449.835565,4.971,5,1,54.222,0.14632,1.000,1.000,0.000,3171.0,0.9477,54.222,0.1219,12.185,0,0
1764946450.052923,5.023,5,1,54.253,0.14308,1.000,1.000,0.000,3169.5,0.9510,54.253,0.1218,12.183,0,0
1764946450.248979,4.970,5,1,54.202,0.14411,1.000,1.000,0.000,3167.0,0.9495,54.202,0.1218,12.180,0,0
1764946450.425234,5.107,5,1,54.217,0.14622,1.000,1.000,0.000,3166.8,0.9471,54.217,0.1218,12.184,0,0
1764946450.564028,5.827,5,1,54.203,0.14098,1.000,1.000,0.000,3160.9,0.9494,54.203,0.1219,12.193,0,0
1764946450.692315,7.516,5,1,54.145,0.14844,1.000,1.000,0.000,3162.6,0.9487,54.145,0.1219,12.192,0,0
1764946450.840725,7.518,5,1,54.144,0.14885,1.000,1.000,0.000,3160.8,0.9491,54.144,0.1219,12.190,0,0
1764946451.008103,5.997,5,1,54.115,0.15884,1.000,1.000,0.000,3162.0,0.9474,54.115,0.1219,12.193,0,0
1764946451.195942,6.028,5,1,54.091,0.15172,1.000,1.000,0.000,3159.1,0.9482,54.091,0.1221,12.210,0,0
1764946451.378151,6.014,5,1,54.170,0.14747,1.000,1.000,0.000,3162.5,0.9476,54.170,0.1220,12.196,0,0
1764946451.572771,4.917,5,1,54.177,0.15378,1.000,1.000,0.000,3165.7,0.9492,54.177,0.1219,12.188,0,0
1764946451.749294,5.059,5,1,54.122,0.15028,1.000,1.000,0.000,3159.6,0.9490,54.122,0.1219,12.193,0,0
1764946451.952749,6.089,5,1,54.129,0.15279,1.000,1.000,0.000,3162.2,0.9475,54.129,0.1219,12.193,0,0
1764946452.157959,4.999,5,1,54.159,0.15166,1.000,1.000,0.000,3164.7,0.9494,54.159,0.1219,12.194,0,0
1764946452.353133,4.916,4,1,54.155,0.15408,1.000,1.000,0.000,3165.4,0.9476,54.155,0.1139,11.385,0,0
1764946452.524076,5.006,4,1,54.197,0.15486,1.000,1.000,0.000,3166.6,0.9490,54.197,0.1138,11.381,0,0
1764946452.673556,6.019,4,1,54.137,0.16238,1.000,1.000,0.000,3164.0,0.9478,54.137,0.1138,11.382,0,0
1764946452.833118,5.860,4,1,54.142,0.16525,1.000,1.000,0.000,3167.4,0.9494,54.142,0.1137,11.374,0,0
1764946452.966410,7.845,4,1,54.215,0.14800,1.000,1.000,0.000,3167.8,0.9463,54.215,0.1138,11.380,0,0
1764946453.105747,7.401,4,1,54.205,0.15935,1.000,1.000,0.000,3169.2,0.9490,54.205,0.1138,11.379,0,0
1764946453.353231,5.952,4,1,53.976,0.15604,1.000,1.000,0.000,3160.1,0.9414,53.976,0.1136,11.357,0,0
1764946453.544409,4.295,4,4,45.254,1.17035,0.013,0.956,65.383,2349.4,0.7447,45.254,0.1130,11.300,0,0
1764946453.723485,5.060,5,5,47.591,1.69602,0.012,0.902,64.595,2143.6,0.6555,47.591,0.1183,11.830,0,0
1764946453.890037,5.998,4,4,53.973,1.82667,0.085,0.322,64.595,2368.8,0.7447,53.973,0.1125,11.254,0,0
1764946454.070368,5.967,4,4,53.388,1.87908,0.080,0.329,64.595,2362.0,0.7436,53.388,0.1127,11.270,0,0
1764946454.254874,5.031,4,4,45.389,1.52626,0.017,0.937,64.163,2178.1,0.6798,45.389,0.1174,11.736,0,0
1764946454.417666,6.006,4,1,52.489,0.17003,1.000,1.000,64.163,3076.5,0.9179,52.489,0.1117,11.175,0,0
1764946454.583519,5.599,3,3,53.273,1.06694,0.312,0.353,72.859,2814.2,0.8442,53.273,0.1032,10.325,0,0
1764946454.848489,5.289,3,3,54.243,1.52055,0.231,0.393,78.617,2431.9,0.7282,54.243,0.1111,11.107,0,0
1764946455.029329,4.239,4,4,55.274,1.84449,0.142,0.349,81.196,2105.8,0.6333,55.274,0.1194,11.936,0,0
1764946455.292607,5.845,4,4,52.907,1.47294,0.165,0.408,81.971,2403.2,0.7176,52.907,0.1117,11.173,0,0
1764946455.460451,3.818,3,3,43.537,2.29567,0.005,0.988,43.068,2474.4,0.6681,43.537,0.1101,11.011,0,0
1764946455.625626,6.047,4,4,56.914,1.75347,0.102,0.339,43.068,2407.6,0.7430,56.914,0.1116,11.163,0,0
1764946455.805810,6.047,3,3,57.340,1.71010,0.132,0.457,43.068,2520.6,0.7374,57.340,0.1091,10.910,0,0
1764946456.002052,4.950,4,4,56.634,1.81447,0.101,0.330,43.068,2457.4,0.7428,56.634,0.1105,11.049,0,0
1764946456.167122,5.756,3,3,44.042,0.92692,0.004,0.991,43.068,2526.0,0.7121,44.042,0.1090,10.898,0,0
1764946456.326427,6.187,3,3,49.574,2.31120,0.050,0.896,43.068,2553.0,0.6828,49.574,0.1084,10.840,0,0
1764946456.493617,6.093,4,4,54.098,1.39101,0.142,0.523,43.068,2583.7,0.7336,54.098,0.1078,10.775,0,0
1764946456.659459,6.027,4,4,53.718,1.37664,0.129,0.581,43.068,2580.4,0.7395,53.718,0.1078,10.782,0,0
1764946456.806894,6.050,4,4,53.044,1.36411,0.091,0.699,43.068,2569.4,0.7455,53.044,0.1081,10.806,0,0
1764946456.958045,6.019,3,3,50.618,1.12422,0.069,0.852,43.068,2633.8,0.7222,50.618,0.1067,10.673,0,0
1764946457.093417,7.329,3,3,49.446,1.07910,0.044,0.908,43.068,2646.8,0.7366,49.446,0.1065,10.646,0,0
1764946457.246871,7.435,4,1,56.971,0.17094,1.000,1.000,43.068,3465.0,0.9073,56.971,0.1083,10.829,0,0
1764946457.481640,5.794,4,1,56.942,0.16194,1.000,1.000,43.068,3471.4,0.9133,56.942,0.1082,10.815,0,0
1764946457.672615,4.416,4,1,56.997,0.14958,1.000,1.000,43.068,3476.0,0.9136,56.997,0.1081,10.814,0,0
1764946457.871891,4.997,4,1,57.035,0.16974,1.000,1.000,43.068,3480.5,0.9107,57.035,0.1081,10.812,0,0
1764946458.039377,5.869,4,1,57.016,0.17035,1.000,1.000,43.068,3475.3,0.9140,57.016,0.1082,10.820,0,0
1764946458.213140,5.864,5,1,56.980,0.16726,1.000,1.000,43.068,3473.1,0.9140,56.980,0.1154,11.537,0,0
1764946458.407280,5.265,5,1,56.995,0.17261,1.000,1.000,43.068,3473.7,0.9111,56.995,0.1154,11.536,0,0
1764946458.597044,4.948,5,1,57.015,0.16955,1.000,1.000,43.068,3476.7,0.9124,57.015,0.1153,11.533,0,0
1764946458.749189,6.081,5,1,56.976,0.16918,1.000,1.000,43.068,3473.0,0.9123,56.976,0.1154,11.537,0,0
1764946458.916399,5.964,5,1,56.994,0.17315,1.000,1.000,43.068,3472.2,0.9122,56.994,0.1154,11.539,0,0
1764946459.086309,6.052,5,1,56.917,0.16754,1.000,1.000,43.068,3467.5,0.9134,56.917,0.1154,11.539,0,0
1764946459.286629,6.028,5,1,56.954,0.17456,1.000,1.000,43.068,3470.0,0.9113,56.954,0.1154,11.541,0,0
1764946459.474765,5.013,5,1,56.924,0.16686,1.000,1.000,43.068,3467.6,0.9137,56.924,0.1154,11.543,0,0
1764946459.658691,4.996,5,1,56.908,0.17905,1.000,1.000,43.068,3466.8,0.9157,56.908,0.1154,11.542,0,0
1764946459.825824,5.972,5,1,56.919,0.18141,1.000,1.000,43.068,3467.0,0.9166,56.919,0.1154,11.542,0,0
1764946460.009980,6.003,5,1,56.940,0.18874,1.000,1.000,43.068,3470.6,0.9151,56.940,0.1154,11.539,0,0
1764946460.201361,4.976,5,1,56.870,0.18187,1.000,1.000,43.068,3465.9,0.9152,56.870,0.1154,11.542,0,0
1764946460.389401,5.870,5,1,56.864,0.18418,1.000,1.000,43.068,3464.5,0.9148,56.864,0.1154,11.541,0,0
1764946460.563317,5.119,5,1,56.874,0.17592,1.000,1.000,43.068,3466.0,0.9119,56.874,0.1154,11.538,0,0
1764946460.719380,6.025,5,1,56.963,0.17655,1.000,1.000,43.068,3469.5,0.9144,56.963,0.1154,11.540,0,0
1764946460.884610,5.895,5,1,56.885,0.17614,1.000,1.000,43.068,3464.6,0.9157,56.885,0.1154,11.543,0,0
1764946461.049991,6.072,5,1,56.905,0.18731,1.000,1.000,43.068,3466.1,0.9169,56.905,0.1154,11.540,0,0
1764946461.278382,5.979,5,1,56.932,0.17162,1.000,1.000,43.068,3469.1,0.9166,56.932,0.1154,11.541,0,0
1764946461.531850,4.216,5,1,56.960,0.18112,1.000,1.000,43.068,3469.2,0.9156,56.960,0.1154,11.540,0,0
1764946461.752853,3.774,5,1,56.915,0.17995,1.000,1.000,43.068,3466.1,0.9144,56.915,0.1154,11.542,0,0
1764946461.940643,5.072,5,1,56.950,0.18668,1.000,1.000,43.068,3468.2,0.9143,56.950,0.1154,11.539,0,0
1764946462.143393,4.896,5,1,56.923,0.18740,1.000,1.000,43.068,3470.0,0.9159,56.923,0.1154,11.542,0,0
1764946462.343702,5.102,5,1,56.941,0.18420,1.000,1.000,43.068,3467.4,0.9154,56.941,0.1154,11.543,0,0
1764946462.528728,4.963,5,1,56.975,0.18341,1.000,1.000,43.068,3470.8,0.9133,56.975,0.1154,11.539,0,0
1764946462.680937,5.970,5,1,56.992,0.19238,1.000,1.000,43.068,3471.9,0.9099,56.992,0.1153,11.534,0,0
1764946462.841497,6.001,5,1,56.998,0.19390,1.000,1.000,43.068,3472.2,0.9121,56.998,0.1154,11.541,0,0
1764946462.978622,7.334,5,1,56.970,0.19428,1.000,1.000,43.068,3471.4,0.9140,56.970,0.1154,11.535,0,0
1764946463.162953,6.170,4,4,51.585,1.60729,0.010,0.929,43.068,2237.6,0.6525,51.585,0.1158,11.579,0,0
1764946463.405265,4.940,5,1,56.954,0.19140,1.000,1.000,43.068,3468.8,0.9115,56.954,0.1154,11.539,0,0
1764946463.625537,4.324,5,1,56.832,0.19149,1.000,1.000,43.068,3460.9,0.9131,56.832,0.1155,11.549,0,0
1764946463.858243,4.308,5,1,56.932,0.20028,1.000,1.000,43.068,3466.1,0.9090,56.932,0.1155,11.545,0,0
1764946464.034990,4.750,4,4,51.548,1.61452,0.010,0.927,43.068,2228.9,0.6505,51.548,0.1160,11.602,0,0
1764946464.174154,6.345,5,1,56.934,0.19383,1.000,1.000,43.068,3468.4,0.9093,56.934,0.1155,11.549,0,0
1764946464.345429,6.001,5,1,56.924,0.18172,1.000,1.000,43.068,3466.7,0.9164,56.924,0.1154,11.545,0,0
1764946464.525394,5.943,5,1,57.003,0.18632,1.000,1.000,43.068,3476.3,0.9074,57.003,0.1154,11.536,0,0
1764946464.677444,6.101,5,1,56.862,0.18415,1.000,1.000,43.068,3465.8,0.9169,56.862,0.1154,11.541,0,0
1764946464.825322,6.051,5,1,56.885,0.18982,1.000,1.000,43.068,3467.0,0.9124,56.885,0.1155,11.549,0,0
1764946464.952295,7.245,5,1,56.767,0.19486,1.000,1.000,43.068,3459.3,0.9114,56.767,0.1158,11.577,0,0
1764946465.083996,7.730,5,1,56.908,0.19922,1.000,1.000,43.068,3469.7,0.9102,56.908,0.1154,11.540,0,0
1764946465.217147,7.531,4,4,51.662,1.60135,0.010,0.927,43.068,2237.1,0.6518,51.662,0.1158,11.580,0,0
1764946465.414258,7.437,5,1,56.927,0.19311,1.000,1.000,43.068,3467.6,0.9130,56.927,0.1154,11.539,0,0
1764946465.597225,5.002,4,4,51.623,1.60995,0.010,0.927,43.068,2234.0,0.6515,51.623,0.1159,11.588,0,0
1764946465.920509,5.814,5,1,56.893,0.19350,1.000,1.000,43.068,3467.1,0.9127,56.893,0.1154,11.543,0,0
1764946466.138986,3.020,4,4,51.672,1.61138,0.010,0.928,43.068,2237.0,0.6517,51.672,0.1158,11.580,0,0
1764946466.339112,4.333,4,4,51.652,1.61215,0.010,0.929,43.068,2237.1,0.6514,51.652,0.1158,11.580,0,0
1764946466.695275,4.396,5,1,56.908,0.19271,1.000,1.000,43.068,3467.6,0.9125,56.908,0.1154,11.540,0,0
1764946466.939019,2.926,4,4,51.634,1.59658,0.010,0.928,43.068,2241.2,0.6528,51.634,0.1157,11.570,0,0
1764946467.153057,4.348,5,1,57.014,0.20108,1.000,1.000,43.068,3475.8,0.9096,57.014,0.1153,11.530,0,0
1764946467.322347,4.949,5,1,56.927,0.19617,1.000,1.000,43.068,3470.6,0.9107,56.927,0.1154,11.536,0,0
1764946467.475402,6.059,4,4,51.644,1.61849,0.010,0.929,43.068,2240.0,0.6504,51.644,0.1157,11.573,0,0
1764946467.611269,6.880,5,1,56.971,0.19669,1.000,1.000,43.068,3474.9,0.9104,56.971,0.1153,11.530,0,0
1764946467.776898,6.470,4,4,51.613,1.61496,0.011,0.928,43.068,2239.0,0.6515,51.613,0.1158,11.575,0,0
1764946468.016956,5.939,4,4,51.580,1.61688,0.011,0.928,43.068,2239.1,0.6516,51.580,0.1158,11.575,0,0
1764946468.282609,3.528,4,4,51.628,1.60081,0.010,0.928,43.068,2240.8,0.6510,51.628,0.1157,11.571,0,0
1764946468.482559,4.599,4,4,51.591,1.62569,0.011,0.929,43.068,2237.0,0.6508,51.591,0.1158,11.581,0,0
1764946468.664073,5.045,4,4,51.653,1.60792,0.010,0.927,43.068,2241.7,0.6525,51.653,0.1157,11.568,0,0
1764946468.832076,6.027,5,1,56.942,0.20251,1.000,1.000,43.068,3472.8,0.9093,56.942,0.1154,11.537,0,0
1764946468.999127,5.980,5,1,57.043,0.18277,1.000,1.000,43.068,3479.7,0.9121,57.043,0.1153,11.528,0,0
1764946469.163634,6.021,4,4,51.567,1.61813,0.011,0.926,43.068,2236.6,0.6531,51.567,0.1158,11.581,0,0
1764946469.350259,5.987,5,1,56.936,0.20573,1.000,1.000,43.068,3473.6,0.9101,56.936,0.1153,11.532,0,0
1764946469.518243,4.975,5,1,56.977,0.19517,1.000,1.000,43.068,3473.2,0.9092,56.977,0.1154,11.535,0,0
1764946469.680474,5.999,5,1,56.941,0.19584,1.000,1.000,43.068,3472.7,0.9102,56.941,0.1154,11.536,0,0
1764946469.846091,5.930,5,1,56.983,0.17486,1.000,1.000,43.068,3473.9,0.9162,56.983,0.1153,11.529,0,0
1764946470.023855,6.061,4,4,51.612,1.61783,0.011,0.928,43.068,2238.0,0.6515,51.612,0.1158,11.578,0,0
1764946470.239794,6.026,4,4,51.595,1.62228,0.011,0.928,43.068,2235.7,0.6506,51.595,0.1158,11.584,0,0
1764946470.440461,4.308,5,1,56.938,0.20044,1.000,1.000,43.068,3471.3,0.9129,56.938,0.1154,11.536,0,0
1764946470.653811,4.926,5,1,56.951,0.19325,1.000,1.000,43.068,3471.9,0.9131,56.951,0.1153,11.533,0,0
1764946470.852505,5.075,4,4,51.666,1.61364,0.010,0.928,43.068,2237.1,0.6518,51.666,0.1158,11.580,0,0
1764946471.042098,4.943,5,1,56.976,0.18664,1.000,1.000,43.068,3474.3,0.9108,56.976,0.1153,11.532,0,0
1764946471.238865,5.017,4,4,51.656,1.61261,0.010,0.927,43.068,2239.9,0.6517,51.656,0.1157,11.573,0,0
1764946471.438043,4.999,5,1,56.834,0.19476,1.000,1.000,43.068,3464.8,0.9145,56.834,0.1154,11.539,0,0
1764946471.615802,5.017,5,1,56.954,0.20327,1.000,1.000,43.068,3474.0,0.9108,56.954,0.1154,11.536,0,0
1764946471.781735,6.050,5,1,56.915,0.20170,1.000,1.000,43.068,3469.8,0.9134,56.915,0.1154,11.540,0,0
1764946471.992287,5.961,5,1,56.957,0.20355,1.000,1.000,43.068,3470.8,0.9089,56.957,0.1154,11.538,0,0
1764946472.218150,5.006,4,4,51.612,1.62005,0.010,0.930,43.068,2236.2,0.6506,51.612,0.1158,11.583,0,0
1764946472.395943,4.272,5,1,56.960,0.19677,1.000,1.000,43.068,3471.2,0.9092,56.960,0.1154,11.538,0,0
1764946472.574767,5.989,5,1,56.914,0.20395,1.000,1.000,43.068,3469.3,0.9091,56.914,0.1154,11.540,0,0
1764946472.779403,5.127,5,1,56.947,0.19718,1.000,1.000,43.068,3470.5,0.9099,56.947,0.1154,11.539,0,0
1764946472.965377,4.887,4,4,51.613,1.62011,0.011,0.929,43.068,2237.1,0.6503,51.613,0.1158,11.580,0,0
1764946473.142580,6.022,4,4,51.563,1.62484,0.011,0.928,43.068,2236.6,0.6513,51.563,0.1158,11.582,0,0
1764946473.332375,5.006,5,1,56.988,0.19620,1.000,1.000,43.068,3470.7,0.9092,56.988,0.1154,11.538,0,0
1764946473.482669,5.966,5,1,56.927,0.19212,1.000,1.000,43.068,3467.3,0.9116,56.927,0.1154,11.539,0,0
1764946473.646148,5.995,5,1,56.997,0.19902,1.000,1.000,43.068,3473.0,0.9092,56.997,0.1154,11.536,0,0
1764946473.805445,6.089,4,4,51.624,1.59724,0.010,0.928,43.068,2237.7,0.6516,51.624,0.1158,11.579,0,0
1764946473.998518,5.802,4,4,51.637,1.59843,0.010,0.928,43.068,2238.0,0.6514,51.637,0.1158,11.578,0,0
