#{"config": {"calib_path_resolved": "/Users/Andreas/Desktop/ptl24_marker/common/calib/calib.yaml", "cli_overrides": ["bench", "camera", "fps", "height", "rig", "save_poses", "v1_compat", "video", "width"], "config_path": "/Users/Andreas/Desktop/ptl24_marker/phase_b/config.yaml", "extrinsics_path_resolved": null, "rig_path_resolved": "/Users/Andreas/Desktop/ptl24_marker/phase_b/rigs/cyl_paper.yaml", "runtime": {"bench": {"print_every": 60}, "fuse": {"axis_len_m": 0.1, "ema_alpha": 0.3, "use_weighted_se3": false}, "health": {"max_tilt_jump_deg": 15.0}, "hud": {"enabled": true}, "logging": {"debug_metrics_csv": "phase_b/debug_metrics.csv", "poses_csv": "phase_b/poses_v1compat.csv"}, "ransac": {"A_ref_px2": 12000.0, "adaptive": false, "base_rot_deg": 5.0, "base_trans_m": 0.05, "min_inliers": 3, "rot_max_deg": 5.0, "trans_max_m": 0.05}, "video": {"device": "0", "fps": 30.0, "height": 1080, "width": 1920}}, "yaml": {"bench": {"print_every": 60}, "fuse": {"axis_len_m": 0.1, "ema_alpha": 0.3, "use_weighted_se3": true}, "health": {"max_tilt_jump_deg": 15}, "hud": {"enabled": true}, "logging": {"debug_metrics_csv": "phase_b/debug_metrics.csv", "poses_csv": "phase_b/poses.csv"}, "ransac": {"A_ref_px2": 12000, "adaptive": false, "base_rot_deg": 5, "base_trans_m": 0.05, "min_inliers": 3, "rot_max_deg": 5, "trans_max_m": 0.05}, "video": {"device": 2, "fps": 30, "height": 1080, "width": 1920}}}, "files": {"camera_calib": {"path": "/Users/Andreas/Desktop/ptl24_marker/common/calib/calib.yaml", "sha256": "a3583ec3b05ec4397f74222c4802234f7ee960b25f93061cb951120e268bc42f"}, "config": {"path": "/Users/Andreas/Desktop/ptl24_marker/phase_b/config.yaml", "sha256": "9c664548f0c4998345c599764857540af456008cc4bf230d90b575c908eaec28"}, "rig": {"path": "/Users/Andreas/Desktop/ptl24_marker/phase_b/rigs/cyl_paper.yaml", "sha256": "e4048a572421f174e4670fbb51050d61e65957319f0f3d120df78c66f49c0a91"}}, "git_commit": null, "timestamp": 1763047560.330883}
timestamp,frame,used_ids,decision_margins,rvec_cam_x,rvec_cam_y,rvec_cam_z,tvec_cam_x,tvec_cam_y,tvec_cam_z,rvec_world_x,rvec_world_y,rvec_world_z,tvec_world_x,tvec_world_y,tvec_world_z,tilt_cam_deg,tilt_world_deg
1763047560.696793,0,107;108;110;200;201;202,53.003;55.860;42.618;88.041;83.536;60.929,-0.07312411817986345,-0.4238525452084476,-2.734857870537969,-0.09086827978938147,0.2841449636098393,0.1781217832869841,,,,,,,17.563,
1763047561.095798,1,107;108;110;200;201;202,55.189;56.703;46.340;88.123;83.111;59.012,-0.07880659603053466,-0.42876632609087467,-2.732581196586272,-0.09069032387636108,0.28665814765042513,0.17650571829440423,,,,,,,17.809,
1763047561.316529,2,107;108;200;201;202,59.463;61.199;88.319;83.131;54.274,-0.05210899100576313,-0.43890825210612855,-2.7686338716681753,-0.10257311263633853,0.27584324880867583,0.19001918432617906,,,,,,,17.880,
1763047561.489534,3,107;108;200;201;202,59.463;61.199;88.319;83.131;54.274,-0.05210899100576313,-0.43890825210612855,-2.7686338716681753,-0.10257311263633853,0.27584324880867583,0.19001918432617906,,,,,,,17.880,
1763047561.658543,4,107;108;110;200;201;202,58.759;59.586;42.965;87.870;83.465;58.632,-0.06291454455441359,-0.4425129418419456,-2.7599295300481383,-0.10010229266036874,0.2823072820298853,0.18539875099932132,,,,,,,18.122,
1763047561.806105,5,107;108;110;200;201,58.994;61.182;44.672;91.799;82.098,-0.13029361855722582,-0.4932314155968605,-2.760183630123362,-0.11450773420990394,0.3060624257943074,0.16878761032364603,,,,,,,20.647,
1763047561.924167,6,107;108;110;200;201,56.450;60.188;40.979;94.236;83.624,-0.17246558011571955,-0.5285964641682835,-2.762280899562748,-0.12564177176767422,0.3196990173464978,0.1591779570462315,,,,,,,22.460,
1763047562.057932,7,107;108;110;200;201;202,55.471;58.857;46.119;88.909;83.484;49.848,-0.15513851582153387,-0.5093622660327943,-2.754990950116511,-0.11797376031981688,0.31442564634997705,0.16158365304076971,,,,,,,21.567,
1763047562.194051,8,107;108;110;200;201,56.757;60.947;44.001;86.021;81.774,-0.19540877710414592,-0.5360229043175585,-2.752628827514642,-0.1285163986289631,0.3304866965774899,0.15168800953806807,,,,,,,23.096,
1763047562.329551,9,107;108;110;200;201,56.757;60.947;44.001;86.021;81.774,-0.19540877710414592,-0.5360229043175585,-2.752628827514642,-0.1285163986289631,0.3304866965774899,0.15168800953806807,,,,,,,23.096,
1763047562.447733,10,107;108;110;200;201;202,60.368;60.412;45.017;86.120;83.248;48.100,-0.1762750852578169,-0.5169948925828958,-2.7485089203952984,-0.12114054257026066,0.3251880742373601,0.15513621062797237,,,,,,,22.153,
1763047562.549604,11,107;108;110;200;201;202,58.353;63.559;44.638;86.853;83.599;54.694,-0.15430080471997418,-0.5019745538142915,-2.749020616976556,-0.11511602282384242,0.31960657253256486,0.15928076305714015,,,,,,,21.309,
1763047562.679264,12,107;108;110;200;201;202,58.353;63.559;44.638;86.853;83.599;54.694,-0.15430080471997418,-0.5019745538142915,-2.749020616976556,-0.11511602282384242,0.31960657253256486,0.15928076305714015,,,,,,,21.309,
1763047562.825680,13,107;108;110;200;201;202,58.690;59.561;42.746;89.838;84.068;53.828,-0.13914589827186516,-0.48972170511432195,-2.7473231352626635,-0.11030400881189126,0.31308339827778287,0.1630618573937315,,,,,,,20.677,
1763047562.972294,14,107;108;110;200;201;202,59.450;61.961;38.957;90.061;80.560;57.637,-0.26528828892203443,-0.4866781501555686,-2.736683660093427,-0.11872228239585894,0.3071376277118279,0.17329837847953974,,,,,,,22.546,
1763047563.107828,15,107;108;110;200;201;202,58.632;59.929;49.647;85.360;80.802;53.684,-0.22116143050794485,-0.4816129675294571,-2.7353482707790313,-0.11151556357390352,0.3077883312592169,0.16916992786462204,,,,,,,21.581,
1763047563.238124,16,107;108;110;200;201;202,58.398;59.822;43.964;84.322;83.412;50.984,-0.1902695058222093,-0.4755031612609924,-2.735948371833779,-0.10883176867755527,0.30850065668016247,0.16883464982257604,,,,,,,20.863,
1763047563.462605,17,107;108;110;200;201;202,61.810;57.898;42.322;90.856;83.361;51.306,-0.1685961419009225,-0.47399804896958303,-2.7379288844531717,-0.10559688937220499,0.30618091959953464,0.16919120548810548,,,,,,,20.488,
1763047563.573048,18,107;108;110;200;201,59.889;60.060;43.169;84.678;82.644,-0.20876313336324182,-0.5114427855459021,-2.738723250231731,-0.12005374861852161,0.3258926488615041,0.15723528179288662,,,,,,,22.459,
1763047563.693844,19,107;108;110;200;201;202,58.182;61.951;41.963;90.495;82.506;54.637,-0.1741249049291941,-0.49999358353526197,-2.7457753333917236,-0.11376308102743074,0.31738270350331277,0.16148527619439054,,,,,,,21.500,
1763047563.784778,20,107;108;110;200;201,58.167;60.452;45.215;89.844;85.437,-0.20967531343012702,-0.5263349781071336,-2.7439019080459017,-0.12510844479090374,0.3309839473737009,0.1523006616118814,,,,,,,22.992,
1763047563.882992,21,107;108;110;200;201,58.648;62.266;42.208;85.012;85.768,-0.2350784164876691,-0.5443936830970763,-2.7421520209131667,-0.13512612607156524,0.3430775880752338,0.14679694510268432,,,,,,,24.055,
1763047563.983672,22,107;108;110;200;201;202,61.431;59.036;43.658;93.065;82.001;53.162,-0.19712630153497823,-0.5246018805799237,-2.7447632968128124,-0.12313872737099653,0.3295063755626005,0.15300868639444154,,,,,,,22.742,
1763047564.082627,23,107;108;110;200;201;202,60.541;59.855;40.954;88.216;81.620;51.022,-0.17100302326232528,-0.5116166315966328,-2.746701580957609,-0.11671647419027803,0.32189003142787354,0.15794164516168877,,,,,,,21.893,
1763047564.181400,24,107;108;110;200;201;202,56.171;59.744;41.719;84.369;83.490;54.777,-0.14926567266854338,-0.4935941842001487,-2.745253505852559,-0.11214678677249706,0.3158582382512413,0.16280342294809524,,,,,,,20.951,
1763047564.278991,25,107;108;110;200;201,60.556;56.877;44.502;94.989;76.476,-0.1929584723939247,-0.5364109251901695,-2.749987240960413,-0.12023140000548825,0.3267892298128395,0.1517342702244007,,,,,,,23.094,
1763047564.381737,26,107;108;110;200;201;202,56.997;59.151;47.456;85.231;84.762;56.698,-0.1674827406473836,-0.5088590405937493,-2.7421061110819096,-0.11277611483027083,0.31996794156207314,0.157096564262291,,,,,,,21.771,
1763047564.482345,27,107;108;110;200;201;202,61.389;62.095;39.727;90.374;79.500;52.924,-0.14846006704768278,-0.5043982035586673,-2.750484723513963,-0.10889844536158337,0.313940110049352,0.1610686680969036,,,,,,,21.326,
1763047564.579544,28,107;108;200;201;202,57.705;60.052;82.138;81.789;56.802,-0.26228899823541435,-0.4885359946246512,-2.761917889841513,-0.1293772584511384,0.29742771029712234,0.18795399321422512,,,,,,,22.402,
1763047564.685377,29,107;108;200;201;202,58.972;62.737;88.839;82.409;56.441,-0.17816000086829392,-0.48198004578726567,-2.794391611587043,-0.12899812368905206,0.2843654173207922,0.1973312646423475,,,,,,,20.602,
1763047564.779261,30,107;108;110;200;201,56.667;59.896;45.841;87.561;78.609,-0.21264192490386413,-0.5220736623472598,-2.7805676691140526,-0.13377285005112705,0.3098888778339152,0.17687508414031766,,,,,,,22.652,
1763047564.873267,31,107;108;110;200;201;202,57.911;61.559;44.926;85.964;82.701;49.372,-0.18455430534942896,-0.5089837370257813,-2.770206608177087,-0.12497989348025129,0.309564050969515,0.1728317616935242,,,,,,,21.833,
1763047564.975774,32,107;108;110;200;201;202,62.617;62.017;41.667;86.116;80.747;48.939,-0.16636718090528638,-0.5038537192649761,-2.7649394928781024,-0.11889713720995532,0.31035515853804335,0.17037181300557358,,,,,,,21.435,
1763047565.074568,33,107;108;110;200;201;202,59.796;55.801;41.213;84.698;78.143;55.035,-0.28808318031064883,-0.4926813070138633,-2.7397184747053545,-0.12231109373212755,0.3072605347799275,0.17773975449648347,,,,,,,23.184,
1763047565.169980,34,107;108;110;200;201,56.782;61.306;45.827;82.066;83.241,-0.29322526712065367,-0.5222591203476787,-2.737030645148466,-0.1326062680266701,0.3287859712332948,0.1635923396152396,,,,,,,24.326,
1763047565.270502,35,107;108;110;200;201;202,57.776;59.973;42.420;87.430;85.522;53.599,-0.2354097072540645,-0.5022607070694789,-2.7394417689750816,-0.12334564063222912,0.32000001475693335,0.16536519451916842,,,,,,,22.546,
1763047565.369176,36,107;108;110;200;201;202,58.825;56.516;42.428;87.292;83.591;61.362,-0.19067556347884862,-0.48169673570694244,-2.7369755518116055,-0.1135303881834252,0.31113855859225376,0.16807737238426368,,,,,,,21.094,
1763047565.466784,37,107;108;110;200;201,60.447;60.443;43.813;87.126;80.312,-0.2225228671588318,-0.522419799375633,-2.740736594805899,-0.12479390219155054,0.3286063682341727,0.15600845473350833,,,,,,,23.063,
1763047565.578357,38,107;108;110;200;201;202,61.520;58.084;38.314;93.679;78.008;53.946,-0.18518749084294364,-0.512942843634215,-2.7493046674478143,-0.11552233954990972,0.3166768993161101,0.16100363187534972,,,,,,,22.114,
1763047565.663053,39,107;108;110;200;201,58.798;58.788;41.345;90.027;80.347,-0.21591266578336796,-0.5424893594480537,-2.751793708697664,-0.12580354672993152,0.3291663160711507,0.15227359445768057,,,,,,,23.632,
1763047565.777668,40,107;108;110;200;201;202,59.469;62.651;40.477;92.975;81.310;52.207,-0.18051149424001972,-0.5272599219222127,-2.7578515911366805,-0.11863557176045852,0.3192852673149438,0.1576844182711978,,,,,,,22.538,
1763047565.865084,41,107;108;200;201,59.161;57.564;90.255;83.736,-0.1834137640988321,-0.5482690040426809,-2.7902687041757397,-0.1403345862636635,0.31689618220496996,0.16788454551870483,,,,,,,23.159,
1763047566.000537,42,107;108;110;200;201;202,56.656;59.400;41.557;82.962;82.379;51.008,-0.16092392467263153,-0.5200177431882355,-2.7760329419651706,-0.12933606862101554,0.3130528661604764,0.1685098683832273,,,,,,,21.915,
1763047566.162705,43,107;108;110;200;201;202,61.236;61.858;42.597;89.157;82.115;51.168,-0.1475333721025325,-0.5093308546816249,-2.7694204651530825,-0.12102458863726931,0.3109101378194037,0.16811760836883918,,,,,,,21.395,
1763047566.429036,44,107;108;110;200;201;202,59.259;61.161;45.369;92.400;79.562;52.106,-0.1358792293270709,-0.5057150646477483,-2.765995290254306,-0.11368894179152353,0.3076795354637227,0.16721822368855008,,,,,,,21.152,
1763047566.578269,45,107;108;110;200;201;202,60.365;56.346;45.833;87.262;79.527;51.436,-0.1326514032229802,-0.495450980701704,-2.7553021395284043,-0.10737751526592869,0.3068458729452276,0.16660699656967015,,,,,,,20.784,
1763047566.731746,46,107;108;110;200;201;202,54.124;58.300;38.806;91.989;80.737;53.132,-0.11732158954093762,-0.4876517745693468,-2.758323317536584,-0.10476386785767525,0.30052736671184016,0.16988477318278097,,,,,,,20.315,
1763047566.939461,47,107;108;110;200;201,56.428;62.075;40.223;87.274;84.594,-0.16601835131986933,-0.52016706649193,-2.7587590610743646,-0.12107326858101208,0.31951696083808545,0.15979517147174335,,,,,,,22.084,
1763047567.134509,48,107;108;110;200;201,59.174;58.303;47.527;85.235;85.393,-0.2091201719482011,-0.5365632135975802,-2.745219554375703,-0.12942926356043102,0.33553975689297644,0.14996601623666492,,,,,,,23.355,
1763047567.304394,49,107;108;110;200;201;202,59.588;54.355;41.996;92.911;82.268;53.865,-0.31231208446555997,-0.5141191978020494,-2.725684650140977,-0.12974116204096645,0.32202618764452107,0.16491609290073014,,,,,,,24.504,
1763047567.423098,50,107;108;110;200;201;202,59.303;56.734;38.161;91.298;80.631;53.006,-0.2486253207299664,-0.5017283245167783,-2.7354714737078916,-0.11969820627783381,0.31228786576823286,0.16669224972233612,,,,,,,22.780,
1763047567.512547,51,107;108;110;200;201;202,58.952;58.683;47.180;88.068;83.875;51.212,-0.21011959464004124,-0.48943166819564066,-2.7342020547645767,-0.11315717632249854,0.3106724446144327,0.16566002310412556,,,,,,,21.694,
1763047567.612892,52,107;108;110;200;201;202,58.082;60.596;46.090;92.456;83.708;51.358,-0.18121686763869943,-0.4856171752503979,-2.738357947661273,-0.10883809810188338,0.3076516789340322,0.16614373870541982,,,,,,,21.097,
1763047567.713691,53,107;108;110;200;201;202,58.957;58.104;41.149;86.891;81.438;52.219,-0.15879870343891891,-0.4791822761236709,-2.7400609637498796,-0.1058251922458066,0.30555608326708483,0.16737659481973804,,,,,,,20.545,
1763047567.811779,54,107;108;110;200;201,58.562;56.004;41.382;87.746;82.651,-0.19918359466914123,-0.5109546424338723,-2.7391167484944496,-0.11909868882342904,0.32158822574280244,0.1574224235085618,,,,,,,22.297,
1763047567.909281,55,107;108;110;200;201;202,54.454;57.040;41.140;88.531;85.769;49.151,-0.1719569488700768,-0.4925410492744704,-2.738340379842324,-0.11445345120660512,0.3140193234956015,0.16268926575353748,,,,,,,21.232,
1763047568.010608,56,107;108;110;200;201;202,57.884;60.082;45.119;87.410;86.006;53.794,-0.15338955639855043,-0.4803714635917915,-2.737068493474618,-0.11000343149473342,0.31103951482870645,0.16495301883267297,,,,,,,20.540,
1763047568.106199,57,107;108;110;200;201;202,57.553;58.667;42.997;80.954;83.344;55.916,-0.13969314527337454,-0.468366730994933,-2.7344328735743066,-0.10644332312398448,0.3096391606520192,0.1672462614821601,,,,,,,19.930,
1763047568.205485,58,107;108;110;200;201;202,55.341;61.226;42.251;89.592;82.545;51.308,-0.1275185057017818,-0.4699865641615527,-2.74097878137715,-0.10531582715879344,0.3059729381839645,0.1683483945770303,,,,,,,19.824,
1763047568.304437,59,107;108;110;200;201,56.290;60.929;39.294;92.700;79.567,-0.1700440134015425,-0.5162625555672938,-2.753041312675028,-0.11949331832365358,0.3187439836871013,0.15829467307596523,,,,,,,22.020,
1763047568.404409,60,107;108;110;200;201;202,59.580;58.625;43.574;87.518;79.536;54.327,-0.28824648398539465,-0.5053636911832162,-2.7341369195556635,-0.12375920799065898,0.3138661252935086,0.1682632911834046,,,,,,,23.661,
1763047568.503143,61,107;108;110;200;201;202,62.595;55.332;45.537;87.016;80.849;55.096,-0.23712354366871946,-0.4915911155390712,-2.732235749980429,-0.11366548046579235,0.31025963702272497,0.16681475850136193,,,,,,,22.233,
1763047568.601176,62,107;108;110;200;201;202,56.625;59.024;42.910;88.774;82.798;52.024,-0.1959616761211511,-0.4831233865613883,-2.7358659714706413,-0.10934582631803118,0.3069666331539503,0.16780953623844347,,,,,,,21.232,
1763047568.697338,63,107;108;110;200;201,59.734;56.877;45.474;89.050;81.091,-0.2283338937031905,-0.5177486066790993,-2.7342485254322155,-0.12029214088322818,0.3239802769596306,0.15626602749597585,,,,,,,23.024,
1763047568.800438,64,107;108;110;200;201;202,61.071;59.316;46.294;86.273;85.571;55.686,-0.19348901407862443,-0.4965566128448581,-2.731513152019616,-0.11309251647792412,0.3187329502829578,0.1595082560771035,,,,,,,21.721,
1763047568.897129,65,107;108;110;200;201;202,57.414;58.831;45.342;87.187;77.005;49.825,-0.16992409595935107,-0.4953829202914194,-2.7375628343207388,-0.10798478523096718,0.31497401552409243,0.16027635400877474,,,,,,,21.317,
1763047569.001849,66,107;108;110;200;201;202,56.636;58.012;38.937;87.301;83.725;51.555,-0.14873388372939425,-0.4835901553139329,-2.7396941204588328,-0.10634270053967237,0.30953186347172934,0.1646604693933682,,,,,,,20.593,
1763047569.098234,67,107;108;110;200;201;202,58.115;61.254;45.327;84.858;84.022;52.611,-0.13777837006828125,-0.47709996416566247,-2.738899866568387,-0.10498763252979561,0.3096335086900454,0.1655757854765691,,,,,,,20.222,
1763047569.196632,68,107;108;110;200;201;202,61.875;59.122;44.980;86.402;82.169;54.399,-0.1312972085809375,-0.47328734084193785,-2.737689250542924,-0.10215387136905815,0.3090175584644847,0.16588938198066627,,,,,,,20.010,
1763047569.294994,69,107;108;110;200;201,59.464;60.116;45.946;88.625;80.976,-0.18195128671856642,-0.5151522876755154,-2.740518673958582,-0.11614076847758927,0.32647145818666784,0.15384012783524562,,,,,,,22.206,
1763047569.395890,70,107;108;110;200;201;202,58.526;58.026;44.739;86.329;77.877;54.374,-0.16018347190299714,-0.5022188960750459,-2.742466441709887,-0.10897891433874675,0.31902943603364264,0.15737249639400913,,,,,,,21.427,
1763047569.491773,71,107;108;110;200;201;202,60.913;58.291;44.486;91.650;82.795;52.590,-0.1458400153111721,-0.4934353173262435,-2.7416766209158747,-0.10501543555921841,0.3131526921542191,0.160429318730485,,,,,,,20.926,
1763047569.593578,72,107;108;110;200;201,62.443;58.872;45.281;87.192;83.588,-0.1942813213466823,-0.5230496553951827,-2.737661644504512,-0.11803534977889119,0.33027517858717786,0.1501476887102611,,,,,,,22.688,
1763047569.689334,73,107;108;110;200;201;202,56.961;59.270;42.046;85.980;84.877;50.309,-0.16945976263608176,-0.5030837119988146,-2.7378067192414073,-0.11373588365690677,0.3224997508757154,0.15653545647203684,,,,,,,21.602,
1763047569.793313,74,107;108;110;200;201,61.317;52.983;45.334;85.576;83.137,-0.2120463761202129,-0.5228783308470252,-2.7275649606616255,-0.12281091084232876,0.33613483710037223,0.14799680524491482,,,,,,,23.000,
1763047569.890080,75,107;108;110;200;201,58.728;61.349;41.975;85.005;83.714,-0.23678715537585573,-0.5435172119261696,-2.7323448163950586,-0.13329947179893878,0.3460023420311736,0.1431409534074044,,,,,,,24.114,
1763047569.991402,76,107;108;200;201;202,55.027;61.502;86.971;76.083;53.335,-0.15838118719227115,-0.527681936239359,-2.779094751568436,-0.12937074286899497,0.31834233705984266,0.16657256152753402,,,,,,,22.157,
1763047570.088716,77,107;108;110;200;201;202,60.728;59.555;45.038;87.982;82.513;51.621,-0.14514729470123444,-0.51024498575161,-2.766048841376164,-0.11995325986362244,0.3143913145530655,0.1660863290854328,,,,,,,21.424,
1763047570.193318,78,107;108;110;200;201;202,56.776;58.688;47.815;85.709;83.139;48.503,-0.1405235923562234,-0.49739910534263315,-2.754255970412341,-0.11421197412299246,0.31344370479883643,0.1653222629265666,,,,,,,20.949,
1763047570.287519,79,107;108;110;200;201;202,56.194;58.725;45.927;91.067;83.545;52.333,-0.1296851447220685,-0.48742757051348273,-2.74978576142223,-0.10895011678528926,0.30871300008485114,0.1662511876461573,,,,,,,20.475,
1763047570.418420,80,107;108;110;200;201;202,61.408;58.405;42.065;86.968;80.690;50.085,-0.12714813292947846,-0.4836151780701901,-2.7473924887190724,-0.1060428815287648,0.30800358901097685,0.16655331731122777,,,,,,,20.314,
1763047570.516253,81,107;108;110;200;201,59.492;58.698;43.421;91.102;85.108,-0.17646993215553752,-0.5161666633895359,-2.744866579021109,-0.11919479501942984,0.3236998766463575,0.15657111963170722,,,,,,,22.146,
1763047570.618028,82,107;108;110;200;201,61.219;57.888;43.726;88.544;83.188,-0.2143099861624924,-0.5398149168012742,-2.7408078806660234,-0.12810323719259964,0.33602487165759515,0.1485558714007061,,,,,,,23.579,
1763047570.720710,83,107;108;110;200;201;202,57.900;58.620;38.068;85.833;84.490;52.051,-0.31393012164373274,-0.5137270873636617,-2.7244337853455223,-0.13241618887686468,0.32572653125656015,0.16473356758997706,,,,,,,24.532,
1763047570.823677,84,107;108;110;200;201;202,53.444;54.311;46.275;85.890;80.607;51.288,-0.2531520411752804,-0.49407170125727806,-2.725732467123781,-0.12086804411555703,0.31727501943929337,0.16459853857879597,,,,,,,22.647,
1763047570.943224,85,107;108;110;200;201;202,55.395;59.558;41.043;91.171;79.721;54.496,-0.20369269587606484,-0.4890172671784521,-2.7380666426603133,-0.11328940332915513,0.30930510158775343,0.16687126920180054,,,,,,,21.556,
1763047571.102600,86,107;108;200;201;202,56.161;59.983;84.467;75.978;49.276,-0.14039203825521934,-0.48854979089104733,-2.7793043565022297,-0.1176655891709365,0.29346506449196336,0.18247079472945732,,,,,,,20.468,
1763047571.225063,87,107;108;110;200;201;202,57.645;56.409;43.009;87.793;85.110;54.433,-0.12848645003055192,-0.4735271959296424,-2.7634140394553146,-0.11125546064371165,0.29370203657647775,0.17974397050532742,,,,,,,19.851,
1763047571.315356,88,107;108;110;200;201;202,58.360;55.656;38.151;90.248;82.995;49.261,-0.12160139701176045,-0.4700891655323769,-2.7585299127642813,-0.10807485428085148,0.29381163463510535,0.1783824617864242,,,,,,,19.674,
1763047571.411925,89,107;108;110;200;201;202,59.037;61.366;38.371;89.225;76.954;48.019,-0.11723043088329659,-0.4820129743652957,-2.763296716477469,-0.10698642126510981,0.2960011903494843,0.1754981560661683,,,,,,,20.068,
1763047571.504852,90,107;108;110;200;201,58.855;61.368;48.424;87.069;83.841,-0.17237389869192124,-0.5162243956811515,-2.754858741283076,-0.1194756335732223,0.3193216648234719,0.16048677479371268,,,,,,,22.037,
1763047571.606869,91,107;108;110;200;201;202,59.662;59.136;46.356;88.192;83.635;56.644,-0.15222286831221574,-0.49794444539821847,-2.7480909235027147,-0.11181386573614095,0.3139120545202633,0.1631106165675593,,,,,,,21.136,
1763047571.748166,92,107;108;200;201;202,57.478;61.696;89.040;79.142;51.446,-0.10210829584536293,-0.4959330118740625,-2.7867892957320857,-0.11690427607989887,0.2959350790193537,0.1803150436012392,,,,,,,20.347,
1763047571.847208,93,107;108;110;200;201;202,59.200;56.104;39.632;85.041;84.806;52.145,-0.10428319821891716,-0.4791100946358515,-2.7696239395332203,-0.11188473590427739,0.29704001486899756,0.17872503063234765,,,,,,,19.805,
1763047571.947678,94,107;108;110;200;201;202,56.733;59.284;41.731;83.385;79.658;44.602,-0.11135694454529645,-0.4805282198182289,-2.762724969010305,-0.11012924704752765,0.3019790479908679,0.17464621621246484,,,,,,,19.959,
1763047572.045004,95,107;108;110;200;201;202,59.079;57.116;45.605;88.844;80.013;52.470,-0.11185666069118946,-0.4779437701451555,-2.755091196974553,-0.10523866058479876,0.3015994540602407,0.17234161207378454,,,,,,,19.904,
1763047572.166197,96,107;108;110;200;201;202,59.558;59.343;42.638;88.074;82.331;51.975,-0.11131201613645263,-0.4748947188207909,-2.7523096994144045,-0.10341772335596659,0.3016856770244168,0.1712398437571421,,,,,,,19.796,
1763047572.313910,97,107;108;110;200;201;202,59.371;57.447;43.444;84.852;83.897;51.595,-0.11413030884517694,-0.46736480818671705,-2.7446961411247073,-0.10224562000260802,0.30301612244110937,0.17039171353003554,,,,,,,19.568,
1763047572.438064,98,107;108;110;200;201;202,57.741;57.363;45.815;90.599;80.291;53.151,-0.11189133945913553,-0.46809895285756237,-2.744333220886947,-0.0993427809116319,0.30128926680838874,0.16973795584080484,,,,,,,19.578,
1763047572.531863,99,107;108;110;200;201,59.223;58.185;42.707;83.948;81.124,-0.1678845648605495,-0.5050407739312758,-2.742867864628693,-0.1151886382667665,0.3216552218712318,0.1572271812313202,,,,,,,21.627,
1763047572.629150,100,107;108;110;200;201,58.508;57.250;40.252;90.430;81.049,-0.20338309813987387,-0.5347989420139685,-2.7451761620814024,-0.12558208634045778,0.33156424402010237,0.1506197165224488,,,,,,,23.208,
1763047572.726987,101,107;108;110;200;201;202,59.023;59.608;45.272;85.111;81.674;53.248,-0.17700744995562256,-0.5136057508425621,-2.7426404178166277,-0.1173965276716771,0.32436149737169834,0.15541585596729113,,,,,,,22.070,
1763047572.823693,102,107;108;110;200;201,58.068;58.182;42.977;93.945;81.176,-0.20995992864475455,-0.5430191553462016,-2.7456921766075824,-0.12606832840642518,0.33249955140879967,0.14842905476705076,,,,,,,23.604,
1763047572.926228,103,107;108;110;200;201;202,61.435;55.532;43.300;88.303;81.898;56.128,-0.17889957464772163,-0.515266438467159,-2.741751471355805,-0.11576463003581024,0.32166526381484273,0.1550154875972325,,,,,,,22.162,
1763047573.022224,104,107;108;110;200;201,61.974;57.517;43.185;84.273;78.858,-0.2178579452855002,-0.54210885533845,-2.739181223237332,-0.12543701785467926,0.3365892019476956,0.14591825944913214,,,,,,,23.727,
1763047573.122944,105,107;108;110;200;201;202,60.658;55.656;45.103;89.571;83.472;53.691,-0.18628691907936445,-0.514893733882709,-2.734964378333818,-0.11564174713394128,0.3253772154959602,0.15290955324815503,,,,,,,22.288,
1763047573.224599,106,107;108;110;200;201;202,60.500;57.159;45.826;83.378;84.265;56.190,-0.1652060438810262,-0.4923294584715985,-2.72958570433176,-0.10906806214109917,0.3201908074610685,0.1577149224895279,,,,,,,21.186,
1763047573.319042,107,107;108;110;200;201,61.067;61.142;43.062;91.335;78.265,-0.20312731065909184,-0.5351324260865711,-2.741364705519646,-0.12109900443121699,0.33225153043902195,0.14838279321165257,,,,,,,23.240,
1763047573.420375,108,107;108;110;200;201;202,56.898;58.251;43.419;86.999;82.548;53.195,-0.17330753057505485,-0.5119813013419571,-2.740340136947838,-0.11412275721660378,0.32280079232975545,0.15530530680053015,,,,,,,21.974,
1763047573.516423,109,107;108;110;200;201,59.670;61.523;45.486;88.384;82.627,-0.2115036089271413,-0.5402788545976166,-2.741662654899691,-0.12530344151143172,0.33627305313262246,0.14688762331899707,,,,,,,23.550,
1763047573.617405,110,107;108;110;200;201,61.636;59.065;43.379;92.284;78.238,-0.23698648198660752,-0.5672078699118505,-2.7462716181224187,-0.1309679905059919,0.34300525443925833,0.1408608535927845,,,,,,,24.891,
1763047573.714754,111,107;108;200;201;202,56.575;56.506;91.714;78.635;55.728,-0.15804406083005965,-0.5361122600424537,-2.782436020418739,-0.12555805293420125,0.31308601337742026,0.1665434329849327,,,,,,,22.452,
1763047573.814801,112,107;108;110;200;201,57.988;59.366;40.422;82.642;82.172,-0.20067438998958914,-0.5529733914768216,-2.770516145257808,-0.13440295718809392,0.3308809843427644,0.15634381948999063,,,,,,,23.685,
1763047573.914664,113,107;108;110;200;201,57.382;59.770;45.625;87.689;78.916,-0.22895327232883528,-0.5734849331504674,-2.7630878710899793,-0.13854767526457784,0.3417443510588038,0.14739297804738483,,,,,,,24.887,
1763047574.015523,114,107;108;110;200;201;202,57.994;59.039;45.856;89.179;83.599;51.784,-0.19473235032815028,-0.5401376933883714,-2.755224829429523,-0.12654444172969728,0.32977292754585863,0.153580195170514,,,,,,,23.224,
1763047574.109927,115,107;108;110;200;201,59.162;60.257;42.815;85.469;83.765,-0.22446264087842155,-0.5549012327987204,-2.749120171458312,-0.1348365174796315,0.3416809887476507,0.14661674823916443,,,,,,,24.232,
1763047574.213718,116,107;108;110;200;201;202,57.914;59.712;45.346;88.395;78.390;53.904,-0.18746092417908836,-0.5312013208426714,-2.750032546215434,-0.12260980280658852,0.3289893032560189,0.15247430432588974,,,,,,,22.825,
1763047574.311685,117,107;108;110;200;201;202,65.263;54.149;40.859;87.044;80.873;56.512,-0.3049511626664929,-0.5082106918947203,-2.725883736866463,-0.1249806502942985,0.32017911480838557,0.1659325489832951,,,,,,,24.149,
1763047574.412154,118,107;108;110;200;201;202,58.566;58.912;43.994;86.667;78.502;48.035,-0.2511508967825899,-0.5018987880759481,-2.7332440578407766,-0.11705980647042048,0.31620964057644646,0.16433832560119693,,,,,,,22.845,
1763047574.507444,119,107;108;200;201,60.089;62.180;86.083;80.024,-0.2349014094031992,-0.5420119526839399,-2.7795451336125288,-0.1403717977476737,0.3182929913046672,0.1719754115371351,,,,,,,23.723,
1763047574.609987,120,107;108;110;200;201;202,61.600;59.968;41.199;86.236;81.025;53.601,-0.19635219691131073,-0.5202444797571313,-2.770362130895562,-0.12797659983826468,0.3135452265085748,0.17054092321771633,,,,,,,22.413,
1763047574.708675,121,107;108;110;200;201;202,60.988;60.795;43.925;84.602;77.764;51.928,-0.17302051139125452,-0.5108965467781453,-2.7653254612878153,-0.11895145571860787,0.3127652521417643,0.1683228085744291,,,,,,,21.782,
1763047574.805687,122,107;108;200;201,59.972;59.135;89.614;79.738,-0.1781691506573655,-0.5470818492253502,-2.8010710882863057,-0.14042919700445972,0.31322907544188716,0.17401339802152002,,,,,,,22.982,
1763047574.905968,123,107;108;110;200;201;202,58.906;58.188;45.446;86.869;83.339;55.263,-0.1567399294642557,-0.5187123470927223,-2.7798419127357685,-0.1269974882732167,0.30885575690787004,0.17240341730616118,,,,,,,21.794,
1763047575.038224,124,107;108;110;200;201,58.261;58.006;42.780;87.849;81.210,-0.1977121426739503,-0.542853781032934,-2.768990914565703,-0.1332196018838788,0.32520188975782743,0.16010541118126462,,,,,,,23.279,
1763047575.133747,125,107;108;110;200;201,61.560;55.504;43.452;88.285;82.168,-0.23084414132777337,-0.5562192134127384,-2.755496460691981,-0.136629047197971,0.3365652198985358,0.15124297859341157,,,,,,,24.335,
1763047575.232712,126,107;108;110;200;201;202,61.792;61.088;43.706;86.348;81.453;49.428,-0.19890071895205433,-0.5333731131754366,-2.752820495520157,-0.12630464453259813,0.3291477218333533,0.15476532239035512,,,,,,,23.044,
1763047575.335217,127,107;108;110;200;201;202,59.335;57.773;41.476;87.112;81.964;50.196,-0.3019462870202566,-0.5147179493722531,-2.733115098916918,-0.1295541164115731,0.3217858068979938,0.1667369591214579,,,,,,,24.264,
1763047575.433239,128,107;108;110;200;201;202,59.335;57.773;41.476;87.112;81.964;50.196,-0.3019462870202566,-0.5147179493722531,-2.733115098916918,-0.1295541164115731,0.3217858068979938,0.1667369591214579,,,,,,,24.264,
1763047575.530240,129,107;108;200;201;202,57.483;59.058;91.558;79.213;52.210,-0.20786650886510458,-0.5045655317165625,-2.776183279789449,-0.12676667426959695,0.3000063958756764,0.1826102133840711,,,,,,,21.967,
1763047575.629847,130,107;108;110;200;201;202,60.793;57.280;41.080;87.750;80.511;52.985,-0.17815167105258553,-0.4950483355001428,-2.7665596357026088,-0.11781938371201178,0.2994963993412405,0.1783757220220244,,,,,,,21.247,
1763047575.731232,131,107;108;110;200;201;202,58.327;59.998;46.198;85.943;77.642;51.815,-0.29100763613903163,-0.49377732138502856,-2.7441884516768584,-0.12149685009429696,0.30249702604173095,0.18072507001311713,,,,,,,23.253,
1763047575.829332,132,107;108;110;200;201;202,57.505;62.607;45.609;88.231;83.206;51.433,-0.237635444607736,-0.489738278253233,-2.7455785993055475,-0.11610401250072411,0.3040406834356374,0.17586786996068157,,,,,,,22.096,
1763047575.930004,133,107;108;110;200;201;202,60.647;58.872;38.410;89.735;77.970;56.322,-0.1929487335274932,-0.4866507854261459,-2.7523790237511356,-0.10994056636048631,0.3002786734781618,0.17489664696103893,,,,,,,21.224,
1763047576.030566,134,107;108;110;200;201;202,53.004;60.992;39.500;86.244;81.652;48.984,-0.16476680792043524,-0.48282861934045784,-2.7552120220531062,-0.1091819921133326,0.3001991634666768,0.17443355466867055,,,,,,,20.676,
1763047576.129812,135,107;108;110;200;201;202,59.081;59.222;40.406;91.955;79.931;47.683,-0.1487617883370034,-0.48623761163563234,-2.7575648763248046,-0.1069407095075488,0.29989021229737844,0.17277543684564567,,,,,,,20.595,
1763047576.277470,136,107;108;110;200;201,56.247;58.987;44.228;90.843;78.693,-0.19004831038288905,-0.5266498183158644,-2.7585925894658234,-0.11899226977616655,0.3174672909613982,0.15996240644578946,,,,,,,22.636,
1763047576.394819,137,107;108;110;200;201,62.166;55.598;42.147;87.811;73.807,-0.22370675944804932,-0.5568603351363791,-2.7562559983444435,-0.12547783953192185,0.3308598541155848,0.14902970017631384,,,,,,,24.246,
1763047576.516956,138,107;108;110;200;201,60.049;60.976;44.002;86.244;83.586,-0.2474440463528959,-0.5704337786197471,-2.7510600687387496,-0.13377462003613652,0.343267338203061,0.14299562661325949,,,,,,,25.139,
1763047576.636935,139,107;108;110;200;201;202,58.564;58.471;43.828;85.922;81.909;56.308,-0.20310543707566564,-0.5351367385365771,-2.747707311475635,-0.1222914764933865,0.33042697684141126,0.15108900867219496,,,,,,,23.201,
1763047576.722153,140,107;108;110;200;201;202,61.084;60.317;44.416;91.743;84.681;49.966,-0.17880143046892058,-0.5177470342399537,-2.746772506579083,-0.11586616853784285,0.322661288093038,0.15591479091989294,,,,,,,22.225,
1763047576.821245,141,107;108;110;200;201;202,58.344;57.863;47.849;92.235;81.506;50.484,-0.2867798528223662,-0.5071372491067032,-2.72839913159394,-0.12033923954827734,0.316308871274569,0.16509328965832673,,,,,,,23.730,
1763047576.924640,142,107;108;110;200;201;202,58.256;61.425;46.957;88.565;83.650;50.543,-0.23708573846922132,-0.4969080858795859,-2.732899997843088,-0.11444615139238032,0.3138599033604621,0.16460615331119988,,,,,,,22.421,
1763047577.019038,143,107;108;110;200;201,56.498;60.100;45.806;87.400;84.513,-0.2541521660029638,-0.5244153124945589,-2.733650741298443,-0.12619257172896448,0.3296189167955843,0.15492213585990586,,,,,,,23.703,
1763047577.119088,144,107;108;110;200;201,59.433;57.458;44.758;87.396;79.768,-0.26837685125328636,-0.548903212412488,-2.7345973365414147,-0.13254449436837168,0.3406840649886499,0.1468339015095122,,,,,,,24.822,
1763047577.216228,145,107;108;110;200;201;202,59.314;57.148;42.994;86.947;81.358;55.034,-0.21889709009611213,-0.5215159242925093,-2.7363042189932547,-0.12112217480517551,0.3280393699395732,0.15349652740832853,,,,,,,23.001,
1763047577.315667,146,107;108;110;200;201;202,59.992;58.510;45.550;90.996;81.675;52.064,-0.18775202151246023,-0.5062603808728572,-2.7379167240290303,-0.11309176800841468,0.3199317557653374,0.15763257789755775,,,,,,,21.966,
1763047577.414318,147,107;108;110;200;201;202,57.800;57.937;40.655;86.899;81.577;51.910,-0.16263442613099638,-0.49321190593301906,-2.7402962397246475,-0.10913698898265674,0.3136767215836698,0.16178025604937663,,,,,,,21.126,
1763047577.511850,148,107;108;110;200;201,59.190;60.712;42.392;90.069;77.236,-0.20115344041950217,-0.5360510355064608,-2.748349066541216,-0.12114179292172161,0.3279162332351194,0.151652720696367,,,,,,,23.203,
1763047577.613068,149,107;108;110;200;201;202,56.996;59.631;45.214;86.440;77.614;52.227,-0.1735836889931258,-0.5218963397815156,-2.7489600071601212,-0.11373806450997342,0.3212525970495414,0.15583469741395403,,,,,,,22.302,
1763047577.709427,150,107;108;200;201,60.080;59.569;87.500;76.592,-0.1777212737780004,-0.5594895106097779,-2.7926771288019605,-0.13627606142902707,0.31953342008330154,0.16432391290105167,,,,,,,23.493,
1763047577.809230,151,107;108;110;200;201;202,58.582;59.460;41.046;88.277;77.257;48.648,-0.15827547554551383,-0.5418069187459492,-2.783627065032119,-0.12570082283322845,0.3139486625407685,0.1647188315923078,,,,,,,22.662,
1763047577.906550,152,107;108;110;200;201;202,57.291;59.217;40.961;85.717;78.262;44.506,-0.14771404117372675,-0.5275046958745252,-2.7764006015428264,-0.11951123829512898,0.3123342253173802,0.1647909341679183,,,,,,,22.049,
1763047578.007677,153,107;108;110;200;201,59.628;55.855;43.252;88.851;82.946,-0.1924360891655837,-0.5446906567501745,-2.761991292965338,-0.12723064839146828,0.3270778076792024,0.1548570274166533,,,,,,,23.321,
1763047578.120812,154,107;108;110;200;201;202,60.144;58.480;40.737;89.607;82.202;50.289,-0.16831509490496038,-0.5235249378762873,-2.7586319213442416,-0.11941872244306603,0.3191335100944421,0.15954763912625503,,,,,,,22.240,
1763047578.207010,155,107;108;110;200;201,58.213;57.797;43.855;87.779;81.390,-0.20609878608488325,-0.5449808914409214,-2.7528352000954417,-0.12803670111206542,0.332324486510549,0.15062031848890575,,,,,,,23.576,
1763047578.303689,156,107;108;110;200;201;202,58.315;56.881;43.579;85.862;80.616;52.421,-0.17815087052918935,-0.5204286686196608,-2.7482747798187868,-0.11858019092865212,0.3233052472452382,0.1562218704974538,,,,,,,22.309,
1763047578.406927,157,107;108;110;200;201;202,58.084;57.335;44.326;87.771;84.863;50.842,-0.15941819991213074,-0.49971781238280844,-2.742476189690231,-0.1127767241429481,0.31690116826531856,0.1602776837565866,,,,,,,21.322,
1763047578.501554,158,107;108;110;200;201,60.308;59.449;46.111;87.753;82.070,-0.20164829662435774,-0.5306792019871366,-2.7411314289442283,-0.12339478974631778,0.33283199901564153,0.15028042406488876,,,,,,,23.055,
1763047578.601640,159,107;108;110;200;201;202,60.299;58.487;43.301;89.185;80.014;56.686,-0.17048649316936232,-0.5118978923902558,-2.7433561732479896,-0.11391371326045777,0.322147573340127,0.15615112153012278,,,,,,,21.917,
1763047578.700812,160,107;108;200;201;202,59.381;57.019;83.881;81.763;54.812,-0.11757416618736387,-0.4921095031745322,-2.7722056201040273,-0.11660489765920064,0.3025704772488665,0.17648865596038615,,,,,,,20.414,
1763047578.799969,161,107;108;110;200;201;202,56.558;57.994;40.157;86.934;74.994;49.710,-0.11181970850388917,-0.4928892376608152,-2.7696344868529827,-0.11084898901865892,0.30134902077723935,0.17399673456163325,,,,,,,20.406,
1763047578.898104,162,107;108;110;200;201,56.360;56.899;42.625;88.786;84.583,-0.16443847909649587,-0.5182399617990346,-2.7595255136474277,-0.12255461579533891,0.3187825186067187,0.16227445617547856,,,,,,,21.987,
1763047578.997444,163,107;108;110;200;201;202,57.257;57.361;43.701;89.591;77.355;48.441,-0.15147570875039001,-0.5088261727204578,-2.758162185559495,-0.11471244898018577,0.31307693470562786,0.16324508702011087,,,,,,,21.486,
1763047579.095707,164,107;108;110;200;201;202,56.882;55.981;42.756;93.540;80.730;49.736,-0.13853888144495227,-0.4993653347556359,-2.754536481290403,-0.10901957135784043,0.30649828860518896,0.1655483727023284,,,,,,,21.001,
1763047579.196748,165,107;108;110;200;201;202,57.938;58.624;38.014;88.107;82.910;53.018,-0.12521839608169433,-0.4877419482713683,-2.753867237416188,-0.10678269565713312,0.30320324725433895,0.16896394842321366,,,,,,,20.419,
1763047579.293607,166,107;108;110;200;201;202,56.546;56.839;45.545;92.815;80.146;52.176,-0.2507657736095582,-0.4844008328760213,-2.7360410674592894,-0.11328847118896553,0.30019634572084697,0.17438644499606676,,,,,,,22.197,
1763047579.393111,167,107;108;110;200;201;202,61.187;57.039;44.857;87.819;80.719;53.141,-0.20998372220771416,-0.47836609997266494,-2.7357169684726546,-0.1073325371190188,0.3012639460792097,0.1717112701816158,,,,,,,21.276,
1763047579.490277,168,107;108;110;200;201,57.676;57.661;40.843;87.750;81.588,-0.2344545948804197,-0.5137130909448894,-2.7389756869210897,-0.12080982814571982,0.31857456219235825,0.16095388740287275,,,,,,,22.948,
1763047579.593865,169,107;108;110;200;201;202,57.197;59.953;41.383;90.075;82.516;53.487,-0.1933300434898238,-0.5001175221658145,-2.7437927523955645,-0.11403905949109838,0.31182000752341593,0.16450698962175192,,,,,,,21.781,
1763047579.722073,170,107;108;110;200;201;202,57.887;59.301;39.878;87.693;84.983;51.237,-0.16686896150761646,-0.486085889135979,-2.7440646425891195,-0.11098691649042601,0.30828830721504064,0.16741088422754852,,,,,,,20.888,
1763047579.825746,171,107;108;110;200;201;202,56.525;57.691;47.848;89.263;79.617;51.594,-0.15183864670908756,-0.4820616555763262,-2.742005052409868,-0.10558217920636921,0.3062251351603085,0.1666713689912181,,,,,,,20.558,
1763047579.977596,172,107;108;110;200;201;202,56.749;57.577;41.655;88.277;81.204;54.879,-0.1341674582842551,-0.47577513169100033,-2.7426139993834004,-0.10254295704649614,0.30254558142408744,0.16868145221897715,,,,,,,20.111,
1763047580.089112,173,107;108;110;200;201,56.234;54.568;44.175;82.699;78.955,-0.18420255195162294,-0.5099624896756892,-2.7377381617010643,-0.11591886010304331,0.32204742634250366,0.15641447131025005,,,,,,,22.057,
1763047580.189071,174,107;108;110;200;201,59.256;58.220;39.653;85.412;80.975,-0.21765257401010318,-0.5382162331401813,-2.7410065401705705,-0.1272679100254929,0.3349997292303479,0.14936718602188762,,,,,,,23.568,
1763047580.288388,175,107;108;110;200;201,59.442;57.738;44.258;86.893;81.802,-0.24233974198696875,-0.5543737815027304,-2.7386713324424727,-0.1337482757985649,0.34399773150745777,0.14321850833338612,,,,,,,24.557,
1763047580.385289,176,107;108;110;200;201,54.750;57.740;41.821;87.617;77.295,-0.25502104040541335,-0.5722307389676514,-2.7451246502067557,-0.13834490409570194,0.34790325685993645,0.1393029364044187,,,,,,,25.365,
1763047580.485152,177,107;108;110;200;201,54.033;62.408;45.443;91.121;75.566,-0.26207526087723304,-0.5937013562963005,-2.7545436621841732,-0.14104772235045882,0.35100464798050846,0.13516880983824403,,,,,,,26.187,
1763047580.581465,178,107;108;110;200;201,59.319;59.679;39.888;84.165;85.279,-0.271599911779645,-0.5892484325110509,-2.7479834949698483,-0.14629085799651378,0.3567045558411678,0.13573376335961343,,,,,,,26.228,
1763047580.683171,179,107;108;110;200;201;202,53.959;59.233;44.927;85.266;83.030;51.812,-0.22232548232975763,-0.5504254833214476,-2.7455678305011277,-0.1329771226407286,0.3404739987650461,0.1460300554067324,,,,,,,24.059,
1763047580.779616,180,107;108;110;200;201;202,58.810;58.417;44.464;91.260;79.137;52.845,-0.18867292766876878,-0.5297825898033784,-2.747613586097622,-0.1212079631243514,0.32750360364342374,0.15249157591360818,,,,,,,22.803,
1763047580.878011,181,107;108;110;200;201;202,57.706;58.540;42.173;87.195;79.761;46.566,-0.1679664398305046,-0.5161129950042177,-2.7483740559837133,-0.11548642090831734,0.3213849001103284,0.15664486540609815,,,,,,,22.016,
1763047580.977642,182,107;108;110;200;201;202,57.332;59.489;42.904;89.012;80.185;58.456,-0.2883247523126854,-0.5020458984043279,-2.731514774187861,-0.12120938630475937,0.3131590545502693,0.1690963703487212,,,,,,,23.564,
1763047581.080149,183,107;108;110;200;201,58.747;62.034;41.733;87.945;78.994,-0.28865551315330096,-0.5392404317844368,-2.741750019911416,-0.13116477958111372,0.32848794259506126,0.15804535901218386,,,,,,,24.799,
1763047581.174970,184,107;108;110;200;201;202,58.133;60.016;40.890;84.798;76.082;57.160,-0.22777126818472893,-0.5214198592651849,-2.7486764401556183,-0.12013550310091411,0.3193408437824006,0.16120897719219787,,,,,,,23.060,
1763047581.280400,185,107;108;110;200;201;202,57.731;59.537;43.901;90.578;73.490;50.904,-0.19138231365090508,-0.5175815172953699,-2.755894166234226,-0.1119127392989519,0.31307197157472205,0.16161707529868338,,,,,,,22.333,
1763047581.376272,186,107;108;110;200;201,57.539;59.689;45.439;83.159;83.637,-0.2253864740945362,-0.5380013143998728,-2.7477564181496312,-0.12421663696446764,0.3315966895161547,0.15140946672566175,,,,,,,23.635,
1763047581.486911,187,107;108;110;200;201;202,57.313;58.050;44.086;88.814;80.273;46.489,-0.1941138379741616,-0.5223368900863459,-2.746957613641413,-0.11724459209999087,0.32383515436120774,0.15518928402331902,,,,,,,22.602,
1763047581.607664,188,107;108;110;200;201;202,57.235;57.898;40.609;88.347;73.851;51.435,-0.3008749592795729,-0.5169222192139695,-2.736501921619874,-0.12195538473258834,0.31561792114043713,0.16642613135201254,,,,,,,24.296,
1763047581.894498,189,107;108;200;201;202,60.186;54.083;86.953;82.416;56.974,-0.2070293554013168,-0.4909806545092744,-2.765854677036339,-0.12016844233778039,0.2958742060286654,0.18343920529668875,,,,,,,21.518,
1763047582.058351,190,107;108;110;200;201,60.159;58.071;43.696;90.879;81.879,-0.23415108044501254,-0.5251358655440755,-2.7586940812784144,-0.12804839773308624,0.31558972406397207,0.16840963140080245,,,,,,,23.234,
1763047582.177551,191,107;108;110;200;201,55.630;55.685;42.448;84.632;79.703,-0.2516039266080076,-0.5439897680309403,-2.7507412737814443,-0.13446891838300315,0.3302278363908662,0.15789229416930775,,,,,,,24.253,
1763047582.271286,192,107;108;110;200;201;202,56.658;57.670;41.795;83.574;76.546;54.612,-0.3466306633624148,-0.5224224266419556,-2.7306637430012497,-0.13423481382364574,0.32175380304869516,0.1706087816857419,,,,,,,25.483,
1763047582.367031,193,107;108;110;200;201;202,56.760;58.386;43.883;86.829;80.647;54.830,-0.2724075170951525,-0.5043290239236866,-2.7358798904230435,-0.12279759431970923,0.31463455565498283,0.16899042144214133,,,,,,,23.307,
1763047582.462166,194,107;108;110;200;201;202,56.877;57.959;42.574;86.887;80.524;53.547,-0.2207944137416716,-0.49289303432824877,-2.738825740893781,-0.11502630949784805,0.3099964153429751,0.16909326382928513,,,,,,,21.966,
1763047582.561341,195,107;108;110;200;201;202,57.984;59.745;45.373;90.442;81.794;55.492,-0.18461993068116692,-0.48587165384125597,-2.7412847343377176,-0.10912105310468463,0.3065202826136757,0.1691108582186147,,,,,,,21.138,
1763047582.659530,196,107;108;200;201,58.789;57.137;84.272;76.735,-0.1878440389579817,-0.5289968602076401,-2.782678428009645,-0.13402113289298656,0.3101137539847085,0.17460345901979032,,,,,,,22.546,
1763047582.757215,197,107;108;110;200;201,59.948;58.729;43.389;88.401;77.858,-0.22037449649875016,-0.5570214926488579,-2.773050718214732,-0.137352611124228,0.32709962714618745,0.16072791187844765,,,,,,,24.093,
1763047582.857796,198,107;108;110;200;201;202,56.681;57.121;42.378;89.644;81.962;53.220,-0.3199551616572504,-0.5294425027023975,-2.7467353318451257,-0.13630254450309834,0.3176715333476235,0.17311155054872573,,,,,,,25.042,
1763047582.960236,199,107;108;110;200;201;202,60.371;58.621;43.162;90.151;75.795;53.818,-0.2543509416003282,-0.5201513531262337,-2.752639777838467,-0.1234302278618166,0.31153104651502206,0.16941879379416416,,,,,,,23.433,
1763047583.059924,200,107;108;110;200;201;202,57.923;54.422;45.007;87.711;83.663;54.204,-0.34648753261355836,-0.49730208724833525,-2.7244964286278837,-0.12504297404263448,0.307748102232478,0.17808330447197301,,,,,,,24.694,
1763047583.154761,201,107;108;110;200;201;202,58.219;60.276;44.101;85.623;79.849;51.723,-0.2762612993945272,-0.4915036319003088,-2.732679226474395,-0.11746468882850686,0.3071971622102496,0.1734152807669892,,,,,,,22.952,
1763047583.257381,202,107;108;110;200;201;202,59.544;58.644;44.330;85.736;83.384;51.527,-0.22883106306256237,-0.4812435084471115,-2.73227789160044,-0.11218831259062016,0.3069317369719538,0.17085806932806594,,,,,,,21.715,
1763047583.351471,203,107;108;110;200;201,61.525;56.531;42.143;90.030;83.940,-0.24887901478421284,-0.5122399916273035,-2.731862964004362,-0.12322970025979087,0.3229722391799847,0.1598597850616345,,,,,,,23.184,
1763047583.451119,204,107;108;110;200;201;202,58.927;59.610;43.645;85.722;80.868;51.131,-0.20856714856081854,-0.5003664830350567,-2.7355479592438647,-0.11608742947897102,0.31819706109365237,0.16151855930945674,,,,,,,22.065,
1763047583.551599,205,107;108;110;200;201;202,56.716;56.841;44.158;88.067;75.284;51.793,-0.17766469822500744,-0.49628252753691254,-2.740739446315773,-0.10866725590337305,0.3118664041703297,0.1624724781283717,,,,,,,21.436,
1763047583.650960,206,107;108;110;200;201;202,57.890;61.151;45.781;93.167;82.002;54.357,-0.1537395572673538,-0.490356275883292,-2.744749657859036,-0.1046822308205323,0.3071183838138058,0.16401392507262766,,,,,,,20.883,
1763047583.746273,207,107;108;110;200;201,58.888;56.823;39.398;86.497;77.302,-0.1948050456050468,-0.527960939374071,-2.748027271705038,-0.1183492853820918,0.32302460189822735,0.1542079559412552,,,,,,,22.815,
1763047583.847370,208,107;108;110;200;201;202,57.842;56.982;40.171;88.463;79.011;56.895,-0.3071735314108362,-0.5095055417540274,-2.731253519904457,-0.12313607479683154,0.3138268946377977,0.16824604611140243,,,,,,,24.204,
1763047583.943973,209,107;108;110;200;201,58.539;58.608;42.509;82.894;77.134,-0.30516039765172315,-0.5400813820422099,-2.735626001105241,-0.13168056478449275,0.3310872522050573,0.15606101979246112,,,,,,,25.186,
1763047584.044655,210,107;108;110;200;201,60.914;58.563;44.116;91.559;80.872,-0.3016062617814502,-0.5617554619773617,-2.7374627131495064,-0.13620218284941613,0.3402324116174397,0.14816396862034872,,,,,,,25.859,
1763047584.146222,211,107;108;110;200;201;202,61.305;63.778;42.647;84.198;84.759;50.276,-0.24779760319140112,-0.5356607656363311,-2.741016944417671,-0.12770845102958864,0.33302958527370696,0.15317400310148552,,,,,,,23.952,
1763047584.242083,212,107;108;110;200;201,62.454;56.077;44.761;85.256;85.007,-0.26794373566247937,-0.5472361401846488,-2.731786664450594,-0.1339137624664462,0.34464243813097534,0.1458540334811112,,,,,,,24.773,
1763047584.374758,213,107;108;110;200;201;202,58.022;58.954;46.371;85.345;78.311;53.147,-0.2211615195803188,-0.5259926924685344,-2.735244543278021,-0.12198737974125955,0.3330858742757733,0.15079414229223065,,,,,,,23.207,
1763047584.476388,214,107;108;110;200;201;202,61.774;59.308;42.895;86.270;79.779;53.879,-0.32339179647148614,-0.511727486065719,-2.7202251542281126,-0.1258290469788911,0.3253333739824846,0.16318514979669094,,,,,,,24.692,
1763047584.574844,215,107;108;110;200;201;202,61.774;59.308;42.895;86.270;79.779;53.879,-0.32339179647148614,-0.511727486065719,-2.7202251542281126,-0.1258290469788911,0.3253333739824846,0.16318514979669094,,,,,,,24.692,
1763047584.672291,216,107;108;110;200;201;202,61.012;60.632;42.499;86.353;82.271;51.272,-0.26103195355531156,-0.5002917098018042,-2.729465207726432,-0.11861434860649023,0.3201885921591867,0.16358834606043546,,,,,,,22.991,
1763047584.771175,217,107;108;110;200;201;202,61.301;57.979;45.155;86.292;82.276;50.696,-0.2207206429527726,-0.4891900989866588,-2.73064265800692,-0.11226463505570497,0.3165665922260364,0.16357421932190574,,,,,,,21.877,
1763047584.870333,218,107;108;110;200;201;202,60.143;59.202;41.096;89.179;76.905;50.265,-0.18808053760939727,-0.4902074682843388,-2.740546521290506,-0.10764780730284988,0.3119696005826328,0.16455913938459,,,,,,,21.354,
1763047584.971020,219,107;108;110;200;201;202,60.983;54.686;42.656;91.860;83.653;61.936,-0.15731527874102913,-0.4742981012008409,-2.7372909039879985,-0.10125747139741828,0.30425014373734266,0.16823494163117067,,,,,,,20.355,
1763047585.070146,220,107;108;110;200;201;202,60.838;58.688;44.540;86.073;77.381;53.747,-0.1445921240358479,-0.4767912290576191,-2.7396226911820394,-0.09891016096862344,0.30456958542741164,0.16727715840720433,,,,,,,20.283,
1763047585.167855,221,107;108;110;200;201,60.179;55.777;45.169;84.991;77.145,-0.19366664307678466,-0.5156835598327931,-2.7380021629593028,-0.11223758128957424,0.3239583142280027,0.15421984409858822,,,,,,,22.401,
1763047585.266257,222,107;108;110;200;201,56.723;60.757;43.932;89.616;77.756,-0.22089140315369715,-0.5490995225093803,-2.7459730758483527,-0.12325346828727927,0.3348602741403761,0.14627357665197474,,,,,,,23.986,
1763047585.367695,223,107;108;110;200;201,62.048;58.743;42.069;86.744;74.283,-0.24457923578064616,-0.5769263820963106,-2.7497858743830688,-0.1299401965479737,0.3445577896587878,0.13933594637076527,,,,,,,25.339,
1763047585.466295,224,107;108;110;200;201,60.150;63.963;43.822;87.127;78.764,-0.25843248580725536,-0.5938671463037893,-2.7532565410052263,-0.13673326898260735,0.35297647315423153,0.13531548826567902,,,,,,,26.145,
1763047585.565844,225,107;108;110;200;201,59.583;60.616;45.394;86.712;77.108,-0.2714889787230388,-0.6044484567370076,-2.7524983864766877,-0.13981834100849455,0.3580874738949775,0.13129726208075157,,,,,,,26.739,
1763047585.663719,226,107;108;110;200;201;202,54.923;58.814;42.448;89.472;83.806;48.949,-0.22181311778155025,-0.562326509503283,-2.7516955863575916,-0.12881227268082834,0.3402579496584995,0.14372376430458614,,,,,,,24.450,
1763047585.761991,227,107;108;110;200;201,64.053;61.731;43.605;92.780;82.059,-0.24345912702076022,-0.5801145189830295,-2.75190825681734,-0.13452547715140328,0.3473747974646992,0.13899312038530118,,,,,,,25.423,
1763047585.863699,228,107;108;110;200;201,58.498;61.279;44.379;91.613;80.511,-0.2561585734589595,-0.5920121785706725,-2.754307314084858,-0.13875116437701165,0.3510437844483897,0.13583208943667271,,,,,,,26.035,
1763047585.966049,229,107;108;110;200;201,57.591;62.938;38.843;87.772;79.869,-0.2635760523549023,-0.6016309060137541,-2.7609647992941326,-0.14391978134238334,0.35456352581641093,0.1352125403636479,,,,,,,26.451,
1763047586.260447,230,107;108;110;200;201;202,61.723;57.206;45.586;89.053;81.179;51.698,-0.22190861962844674,-0.5637346570518774,-2.7535278609600966,-0.12945701347463806,0.3393396845214074,0.14414562934029496,,,,,,,24.491,
1763047586.371125,231,107;108;110;200;201;202,62.988;62.679;44.750;88.890;80.932;52.684,-0.1907773913815882,-0.5412298502615571,-2.7526857109915053,-0.12027049179972096,0.3301818697288667,0.15011203893915742,,,,,,,23.228,
1763047586.469673,232,107;108;110;200;201,59.543;61.143;42.337;86.820;82.239,-0.22125557230087975,-0.5603878529698083,-2.7515817701369487,-0.13040032410358324,0.3417052478534486,0.14440062794428107,,,,,,,24.371,
1763047586.628097,233,107;108;110;200;201,61.406;56.675;42.410;86.903;77.540,-0.24532447744668426,-0.5770721788230515,-2.748565352820262,-0.13488183506264773,0.34870366099350275,0.1389798173131926,,,,,,,25.364,
1763047586.826739,234,107;108;110;200;201;202,59.169;60.905;38.700;86.592;79.883;52.090,-0.20163396938028375,-0.5471414350401087,-2.7537142400754484,-0.12473667798172157,0.3348979473496706,0.14897275226231535,,,,,,,23.589,
1763047586.978350,235,107;108;110;200;201;202,61.129;59.424;44.792;88.035;77.543;55.127,-0.17353541127005395,-0.5283296376232861,-2.752222582320883,-0.11481616638235048,0.32518164790353604,0.15383448827135243,,,,,,,22.525,
1763047587.098519,236,107;108;110;200;201;202,58.965;60.835;40.573;89.463;78.068;48.294,-0.15526346388999526,-0.5199540449628828,-2.7561921919101717,-0.11079465604600287,0.3183648590372294,0.15799613272742752,,,,,,,21.965,
1763047587.196763,237,107;108;110;200;201;202,60.321;59.388;41.781;91.820;80.409;48.130,-0.2672976702194,-0.51471123002833,-2.7422610080356864,-0.1185103033904321,0.313427355209463,0.16675555772040848,,,,,,,23.537,
1763047587.298563,238,107;108;110;200;201;202,62.910;59.739;41.305;83.931;76.398;50.242,-0.22384804803467126,-0.5086453510889932,-2.7461779695383357,-0.11259560252661382,0.3131280769921652,0.1652141256988629,,,,,,,22.546,
1763047587.424005,239,107;108;110;200;201,57.347;62.920;37.050;85.086;79.506,-0.24140117085542698,-0.5431554979003927,-2.755477091717783,-0.12722497314769232,0.3289738497402334,0.15645527153912053,,,,,,,24.024,
1763047587.526019,240,107;108;110;200;201,60.246;56.680;42.705;86.189;80.598,-0.25940721615025497,-0.559297971769401,-2.749224239115222,-0.13363688559965586,0.34015586390739694,0.14846328805789052,,,,,,,24.943,
1763047587.620809,241,107;108;110;200;201;202,61.741;58.000;42.560;86.482;83.910;52.959,-0.21715489885816017,-0.5272943511183311,-2.7451002914523017,-0.12320763348313368,0.3292412162460016,0.15450689644881407,,,,,,,23.132,
1763047587.718781,242,107;108;110;200;201;202,59.662;55.736;40.053;84.961;74.867;53.003,-0.1851667253218338,-0.5133864598122975,-2.746833797127794,-0.11379739405547372,0.3202690157506019,0.15869075839079513,,,,,,,22.145,
1763047587.809327,243,107;108;110;200;201;202,59.657;58.660;38.007;86.340;78.039;56.060,-0.30059899039775784,-0.5032308647607295,-2.732537472331049,-0.12061423525146622,0.3131687338875959,0.17047680705147253,,,,,,,23.846,
1763047587.909294,244,107;108;200;201;202,55.671;57.788;91.126;81.219;56.150,-0.205307712786936,-0.48881761511741256,-2.7726968937414602,-0.11958584664086629,0.29194768041151103,0.18726143600547476,,,,,,,21.373,
1763047588.006876,245,107;108;110;200;201;202,61.423;56.740;44.778;84.782;78.972;50.074,-0.18297730296795098,-0.4844942662678218,-2.760461573981799,-0.11218799618616794,0.2970201375147519,0.17967852349002236,,,,,,,20.955,
1763047588.108649,246,107;108;110;200;201;202,61.472;59.428;41.677;86.019;82.490;56.052,-0.15902173034207384,-0.4757885275950821,-2.7543020834369307,-0.10745801034481972,0.2983830461918546,0.17705468871234267,,,,,,,20.341,
1763047588.204151,247,107;108;110;200;201,60.549;60.193;46.329;89.552;74.389,-0.20142516630045573,-0.5277798313080718,-2.7573059531818247,-0.11794882314354853,0.3193458811941729,0.16073225429074853,,,,,,,22.844,
1763047588.303813,248,107;108;110;200;201,60.219;61.725;46.568;88.393;82.695,-0.23178501241343094,-0.5514881552935232,-2.752341481970645,-0.12737892205339316,0.3346264374428563,0.15044910492212027,,,,,,,24.197,
1763047588.401298,249,107;108;110;200;201,57.936;61.571;47.980;84.629;81.020,-0.2537478777002625,-0.5685931623804458,-2.7467592015561686,-0.13419628112509496,0.3471137418875504,0.1421014485636201,,,,,,,25.202,
1763047588.503381,250,107;108;110;200;201;202,62.518;61.106;45.457;90.220;81.208;50.169,-0.2154936845307591,-0.5442478304440406,-2.746673055283169,-0.12352730617097435,0.33562632163965456,0.14821166893390006,,,,,,,23.723,
1763047588.601277,251,107;108;110;200;201;202,59.940;59.378;47.462;86.337;85.676;48.821,-0.19159201412919227,-0.5188316156879654,-2.739310949188291,-0.11701462312227676,0.3289317586317726,0.15282543923873662,,,,,,,22.482,
1763047588.700068,252,107;108;110;200;201,63.999;60.882;44.213;87.067;77.119,-0.22612465027157067,-0.553749585892734,-2.7432050948661044,-0.126250885194524,0.3418270717940789,0.14369041981200578,,,,,,,24.254,
1763047588.800914,253,107;108;110;200;201;202,61.583;64.143;44.646;87.875;84.232;50.836,-0.19494680406475806,-0.5320708205921811,-2.7457799247107793,-0.11969628813478003,0.33314900086378296,0.1502719685719514,,,,,,,22.985,
1763047588.900892,254,107;108;110;200;201;202,60.999;61.048;45.470;85.040;78.875;50.754,-0.17368129399841434,-0.5198754225678105,-2.7456199935139787,-0.11331236210560802,0.32703878282704785,0.15349265618160457,,,,,,,22.246,
1763047589.031769,255,107;108;110;200;201;202,62.140;58.371;44.274;89.655;82.716;51.212,-0.28483699422915715,-0.5081221655652812,-2.727118370981632,-0.11952631646045515,0.32085333539570976,0.16369951348884199,,,,,,,23.734,
1763047589.130344,256,107;108;110;200;201;202,60.843;63.117;40.169;85.927;78.751;52.401,-0.23046956128751464,-0.5045293214261392,-2.7399781910600605,-0.11448485787638576,0.3168486328628593,0.16440273390255725,,,,,,,22.542,
1763047589.227789,257,107;108;110;200;201;202,61.242;59.779;44.787;88.565;81.375;62.491,-0.18853172058477483,-0.49022926910903075,-2.7405624390337855,-0.10688789702617495,0.3106816195367046,0.16641674929507883,,,,,,,21.361,
1763047589.327039,258,107;108;110;200;201,63.085;56.629;42.564;87.682;83.006,-0.22408627406465137,-0.5206718067232381,-2.7364591920845722,-0.11926027326097485,0.32763705591370984,0.1555819052974123,,,,,,,23.050,
1763047589.427153,259,107;108;110;200;201,60.116;60.082;41.174;83.697;73.885,-0.24595377369959237,-0.5565807343209349,-2.744436682371654,-0.12876145835104616,0.340882301068225,0.14638198530824648,,,,,,,24.657,
1763047589.524562,260,107;108;110;200;201,61.261;59.701;41.619;83.471;77.118,-0.2633098885096537,-0.5775417003341214,-2.7457155033132348,-0.13563181364295948,0.3508076926136993,0.14005340843663702,,,,,,,25.687,
1763047589.621427,261,107;108;110;200;201,64.568;57.818;43.120;86.381;83.803,-0.27755542979883163,-0.581018494884651,-2.73892192265208,-0.13957338133366554,0.3568623288689775,0.1365497731043503,,,,,,,26.098,
1763047589.764552,262,107;108;110;200;201,58.827;60.058;42.903;84.168;83.560,-0.2842522497157726,-0.584869067002169,-2.7376096581825946,-0.14428634695499318,0.36144306702806683,0.13488119319329647,,,,,,,26.360,
1763047589.858509,263,107;108;110;200;201;202,63.556;61.122;46.714;82.974;82.127;53.018,-0.23783474353936607,-0.5505577395155538,-2.7365193797078855,-0.13080382611093574,0.3483287226091729,0.14269619185219018,,,,,,,24.361,
1763047589.954286,264,107;108;110;200;201;202,63.237;55.246;43.967;88.220;80.417;51.122,-0.20462317011328304,-0.5263102861455967,-2.7354000584215696,-0.11955508337056386,0.33508316096894625,0.14959579708127757,,,,,,,22.970,
1763047590.062663,265,107;108;110;200;201;202,61.729;61.524;41.008;95.131;76.555;51.534,-0.17442416602203403,-0.5227103724741061,-2.748842131007862,-0.11246006681123714,0.3231720490022318,0.15484140000653818,,,,,,,22.344,
1763047590.156927,266,107;108;110;200;201,66.337;58.467;45.716;92.662;84.654,-0.21321739319806177,-0.5441776138818931,-2.742139384533085,-0.12196729326273167,0.33556549884938963,0.146486900181049,,,,,,,23.716,
1763047590.258706,267,107;108;110;200;201,66.337;58.467;45.716;92.662;84.654,-0.21321739319806177,-0.5441776138818931,-2.742139384533085,-0.12196729326273167,0.33556549884938963,0.146486900181049,,,,,,,23.716,
1763047590.353353,268,107;108;110;200;201;202,63.767;60.481;42.956;84.507;76.968;54.699,-0.1837099459276124,-0.5279580517869168,-2.7450548950922746,-0.11367165554454554,0.3279330336083587,0.1517391787049831,,,,,,,22.684,
1763047590.454881,269,107;108;110;200;201;202,63.767;60.481;42.956;84.507;76.968;54.699,-0.1837099459276124,-0.5279580517869168,-2.7450548950922746,-0.11367165554454554,0.3279330336083587,0.1517391787049831,,,,,,,22.684,
1763047590.554840,270,107;108;110;200;201,62.268;59.442;47.498;84.599;76.486,-0.2219499880502223,-0.5565440173441482,-2.742760389203695,-0.12289635409266535,0.34270700713152613,0.1413105749967407,,,,,,,24.297,
1763047590.649524,271,107;108;200;201,64.455;62.874;88.079;84.777,-0.2162984761580266,-0.5766244419965986,-2.78112648430371,-0.14399010531507161,0.3389775632165379,0.15495338305617473,,,,,,,24.700,
1763047590.749572,272,107;108;110;200;201;202,62.226;60.883;47.869;81.194;80.019;53.668,-0.19061713603816566,-0.545207819044647,-2.766914617632215,-0.12976526932133547,0.33237613793285964,0.15643288788744428,,,,,,,23.285,
1763047590.848269,273,107;108;200;201;202,61.321;58.570;84.925;80.412;47.934,-0.13846688157733697,-0.5246655433606192,-2.791857162243176,-0.13016310647274493,0.31277871669312435,0.1745921544420506,,,,,,,21.752,
1763047590.942241,274,107;108;110;200;201,62.106;59.768;44.869;88.388;85.143,-0.18867852954036426,-0.5462256950936404,-2.7737005493453446,-0.13558937905526233,0.3307123621485793,0.16119404394334302,,,,,,,23.255,
1763047591.045277,275,107;108;110;200;201;202,60.470;61.403;42.501;88.151;77.945;52.272,-0.1642391446001218,-0.5303555869916976,-2.77052211424248,-0.12466463436109436,0.3225551063401458,0.16258220122883188,,,,,,,22.378,
1763047591.141136,276,107;108;110;200;201;202,60.728;62.785;42.557;84.242;79.986;52.613,-0.1471475551777641,-0.5172521058915667,-2.765482925200925,-0.11802914829624536,0.31928703450165036,0.1635393415120019,,,,,,,21.717,
1763047591.239674,277,107;108;110;200;201,63.369;61.521;45.555;85.707;82.576,-0.19520932922930642,-0.5453034932839872,-2.757320910183307,-0.1274076870629926,0.33695153967264324,0.1512646483880513,,,,,,,23.410,
1763047591.370263,278,107;108;110;200;201,62.984;58.324;42.197;92.261;83.825,-0.22505710261200304,-0.5632528869436075,-2.751838247033084,-0.13344883105024385,0.3438534923549893,0.14526088652535268,,,,,,,24.530,
1763047591.474326,279,107;108;110;200;201;202,62.121;62.361;39.661;81.732;76.215;55.812,-0.18785942318216503,-0.5391606236646264,-2.755746174226407,-0.12271598339241233,0.33334571893569603,0.15200699982643037,,,,,,,23.093,
1763047591.569488,280,107;108;110;200;201;202,60.550;58.655;43.152;83.241;85.007;54.208,-0.1656071155382852,-0.5110439591636807,-2.7463972785783257,-0.11586245769204029,0.3262076901867006,0.15780822558289462,,,,,,,21.806,
1763047591.790640,281,107;108;110;200;201;202,57.751;58.035;37.714;90.170;81.777;52.140,-0.2775917506921049,-0.4998087824507204,-2.734385497696305,-0.12277432457016524,0.3159902690362606,0.17024931055264494,,,,,,,23.257,
1763047591.931798,282,107;108;110;200;201;202,62.172;59.744;43.392;85.948;80.411;52.844,-0.229500781312519,-0.49270180575234296,-2.736900660263504,-0.11537591737904045,0.3134998114470925,0.16833213088386814,,,,,,,22.115,
1763047592.044737,283,107;108;110;200;201;202,61.484;63.409;43.028;89.660;80.510;54.570,-0.1922232856114194,-0.4931111312430191,-2.744567162303284,-0.11043028673928287,0.31108485197694896,0.16788240779704658,,,,,,,21.499,
1763047592.140569,284,107;108;110;200;201,61.318;57.976;38.931;87.980;81.901,-0.22106002613129017,-0.5252935141095779,-2.7466872403941927,-0.12319386851615138,0.3264728489483115,0.15797824579299022,,,,,,,23.109,
1763047592.256064,285,107;108;110;200;201,57.667;62.391;44.654;87.502;79.115,-0.24253744130824872,-0.5554253266671726,-2.750016809810204,-0.13178803928708574,0.3389879844689384,0.1485084698540522,,,,,,,24.523,
1763047592.366758,286,107;108;110;200;201,61.371;53.446;46.377;87.693;75.360,-0.26456005868181887,-0.5720541966794851,-2.742726497239886,-0.13352092799104576,0.3464970704337605,0.14033684394694973,,,,,,,25.531,
1763047592.470249,287,107;108;110;200;201;202,62.072;60.879;43.855;83.489;77.258;47.174,-0.2259041775293767,-0.5504904364972575,-2.74483947790931,-0.12386601731602069,0.3381408624484989,0.14594462864678123,,,,,,,24.120,
1763047592.568479,288,107;108;110;200;201;202,61.562;63.744;45.664;87.673;76.105;54.746,-0.1897396840507059,-0.5364631146538209,-2.7510236633216083,-0.11525604715989556,0.32924934806029005,0.15038990537564378,,,,,,,23.046,
1763047592.659843,289,107;108;110;200;201,62.464;58.564;46.291;88.445;82.096,-0.2257693263554635,-0.5551755506015876,-2.7439591922394255,-0.12442987387342092,0.34096530526584073,0.1426149748221105,,,,,,,24.296,
1763047592.754309,290,107;108;110;200;201,59.816;55.984;45.704;85.139;76.929,-0.25128967810529207,-0.5722946387136747,-2.740618417570625,-0.13018648977699832,0.34941100859844026,0.1366144024738878,,,,,,,25.339,
1763047592.857991,291,107;108;110;200;201;202,60.035;60.902;43.313;87.626;82.323;54.560,-0.20793718589203736,-0.541599186089575,-2.7429229861403632,-0.12056882815831954,0.3360487255414952,0.14665118441876018,,,,,,,23.540,
1763047592.954801,292,107;108;110;200;201,59.581;60.049;44.571;85.977;80.900,-0.23516880597261616,-0.5616593850086425,-2.7426306371642575,-0.12968856692107417,0.34637637622810885,0.14060826466641943,,,,,,,24.685,
1763047593.060307,293,107;108;110;200;201;202,61.769;57.920;43.961;87.283;85.852;51.699,-0.20058394218226117,-0.528558714923314,-2.7372883383707864,-0.12085537723600444,0.33436501266927,0.149162988402406,,,,,,,22.984,
1763047593.155486,294,107;108;110;200;201,56.746;59.987;44.627;85.241;82.196,-0.22883227816204615,-0.5488462722562866,-2.736641889238206,-0.1304714263342763,0.3447664513468521,0.14304681262400107,,,,,,,24.157,
1763047593.253606,295,107;108;110;200;201,62.128;59.627;44.620;86.130;83.733,-0.25098531375841426,-0.5619950163420742,-2.7338805661101055,-0.13659551381280546,0.3530207723351951,0.13823518585135303,,,,,,,25.005,
1763047593.350126,296,107;108;110;200;201;202,62.914;60.228;46.703;81.094;76.908;49.965,-0.2179426940014257,-0.5410748440695398,-2.7348125476840863,-0.12481528321431036,0.3438246164045955,0.14378330298870487,,,,,,,23.718,
1763047593.452444,297,107;108;110;200;201;202,61.459;60.186;45.252;90.572;82.166;51.958,-0.189022674151295,-0.5233546011005369,-2.7382054255653943,-0.11638841197746234,0.33200869612500783,0.15034938834607503,,,,,,,22.624,
1763047593.546030,298,107;108;110;200;201,60.257;61.758;44.493;93.826;82.074,-0.21900164147593568,-0.5512999020394687,-2.7443600131347585,-0.12582296431008969,0.3397649133859863,0.14368307178807327,,,,,,,24.050,
1763047593.649073,299,107;108;110;200;201,61.643;56.322;44.362;89.182;80.784,-0.24379045443158115,-0.564424885517292,-2.739247553373843,-0.13142617045378754,0.34657780132718474,0.1389154778479084,,,,,,,24.943,
1763047593.750869,300,107;108;110;200;201;202,60.414;59.725;45.783;88.275;78.709;51.454,-0.20669148164265327,-0.5420166182068908,-2.7421580254970155,-0.12073299200664857,0.3347247889953493,0.14595990352948507,,,,,,,23.542,
1763047593.848456,301,107;108;110;200;201;202,62.051;63.571;47.374;88.965;78.621;47.022,-0.18499822606436594,-0.5335603966500718,-2.746463154077163,-0.11496141498199998,0.3298072615307816,0.1492543610391275,,,,,,,22.903,
1763047593.948423,302,107;108;110;200;201;202,63.122;59.406;44.451;87.838;76.633;53.579,-0.1644011540084318,-0.5208264392829192,-2.7474469126645706,-0.10846634917911746,0.3223019059613478,0.1533184788181013,,,,,,,22.157,
1763047594.049095,303,107;108;110;200;201;202,61.382;62.065;42.439;85.712;78.445;53.914,-0.14799175979613946,-0.5115331041112376,-2.750669020006708,-0.10540401890255639,0.3180869972185516,0.1574456491720396,,,,,,,21.594,
1763047594.143040,304,107;108;110;200;201;202,63.209;59.205;45.604;87.893;81.018;54.233,-0.13840105205939282,-0.4991832731347311,-2.7463871929672217,-0.10204843879908194,0.3146101636237302,0.1595309887097021,,,,,,,21.039,
1763047594.243316,305,107;108;110;200;201;202,63.552;58.869;44.220;84.113;82.321;48.581,-0.1382885441521743,-0.4915271200198574,-2.740786780059183,-0.1017840433616214,0.3154939379837753,0.16069524383704958,,,,,,,20.774,
1763047594.344637,306,107;108;110;200;201;202,60.003;56.404;41.204;86.290;80.999;54.418,-0.12859808497074132,-0.4811062059685044,-2.740046053188892,-0.09974644615121085,0.31079356086484633,0.1643820650937284,,,,,,,20.272,
1763047594.440323,307,107;108;200;201;202,63.009;60.668;82.815;78.637;54.595,-0.09066663929037701,-0.4800628658853012,-2.774668937503269,-0.1075614302889165,0.2966802506652113,0.18024467099081962,,,,,,,19.707,
1763047594.542656,308,107;108;110;200;201;202,62.376;61.705;45.817;86.869;79.619;53.002,-0.10022285987946018,-0.48288268516456195,-2.7658181043817662,-0.1042098858234001,0.3007708334029664,0.1751670906833293,,,,,,,19.939,
1763047594.639621,309,107;108;110;200;201;202,60.975;62.732;49.175;85.475;79.049;52.323,-0.10909171546690632,-0.4853855627299022,-2.7598396809689048,-0.1017624931717159,0.30540395245814456,0.17047527204062662,,,,,,,20.144,
1763047594.740265,310,107;108;110;200;201,58.852;62.172;41.621;92.954;76.365,-0.1597132830745832,-0.5351359280858493,-2.7683845635413515,-0.1157874315860962,0.3203087363851124,0.15763312426434026,,,,,,,22.520,
1763047594.838492,311,107;108;110;200;201;202,64.262;58.909;46.898;85.160;82.008;49.913,-0.15464001478193562,-0.5164742714815804,-2.7556662161525924,-0.11031872940334117,0.3190547173951785,0.15839888227046378,,,,,,,21.828,
1763047594.939322,312,107;108;200;201;202,63.327;60.549;88.536;79.099;58.430,-0.26902633929885456,-0.5046620450352323,-2.7688674918220686,-0.12757017120537958,0.30014603781634086,0.18479358016775996,,,,,,,23.048,
1763047595.036325,313,107;108;110;200;201;202,62.166;60.176;39.943;80.981;82.585;54.772,-0.22032819018412944,-0.48900571020999734,-2.7601552377271896,-0.11986252846294762,0.30228037907584954,0.17980698673827514,,,,,,,21.691,
1763047595.136053,314,107;108;110;200;201,62.543;60.746;42.926;86.172;80.678,-0.2445071906571629,-0.526092677488703,-2.755763549884102,-0.12908710772781606,0.32386858961039616,0.16460419530209217,,,,,,,23.458,
1763047595.232978,315,107;108;110;200;201,61.043;64.173;45.722;88.035;80.441,-0.2615854135163722,-0.557361751147293,-2.7556083585574074,-0.13579824267025598,0.33880365393562717,0.1528466386471096,,,,,,,24.867,
1763047595.336037,316,107;108;110;200;201;202,61.764;63.895;39.504;81.609;85.233;51.929,-0.21715241092644105,-0.529525420832052,-2.753603506171535,-0.12805411727787905,0.3314729416833295,0.15756409578672978,,,,,,,23.161,
1763047595.430166,317,107;108;110;200;201,62.617;58.704;45.323;88.924;78.669,-0.2421677738575362,-0.5555550550890962,-2.750483219641616,-0.13293205921992113,0.3423985396633121,0.14748222778104253,,,,,,,24.519,
1763047595.530880,318,107;108;110;200;201,58.268;57.861;44.978;87.909;85.154,-0.25897038967385033,-0.5619631226235593,-2.7423567570189165,-0.13816594613598188,0.348953775686925,0.1426722215288625,,,,,,,25.078,
1763047595.628311,319,107;108;110;200;201,61.901;57.057;44.439;86.893;79.501,-0.2731149723100102,-0.5760751092311002,-2.7394202348668353,-0.14066679372638238,0.3547221798108451,0.1376946791651854,,,,,,,25.842,
1763047595.729187,320,107;108;110;200;201;202,61.581;58.146;45.304;87.761;79.227;50.686,-0.2281637735613967,-0.5483107419909873,-2.740206411607977,-0.12716469233988348,0.340578632681621,0.14502286208170354,,,,,,,24.104,
1763047595.829190,321,107;108;110;200;201;202,63.688;61.581;44.424;85.341;80.895;56.684,-0.19311057700512715,-0.5250292873417425,-2.7415168567393806,-0.11761672731227198,0.33134365897696416,0.1512799443647013,,,,,,,22.722,
1763047595.930305,322,107;108;110;200;201;202,53.713;60.441;40.172;87.343;79.650;47.191,-0.16634481059747663,-0.5142639173869362,-2.7489790254874142,-0.11412253473138165,0.3224009927200196,0.15717180502175787,,,,,,,21.922,
1763047596.026239,323,107;108;110;200;201,65.390;61.546;38.193;85.598;82.727,-0.2043742181268234,-0.5423447675287754,-2.7501933624125536,-0.1269486831241473,0.33702426898963905,0.1493878617915876,,,,,,,23.471,
1763047596.123959,324,107;108;110;200;201,60.702;59.709;44.232;85.761;85.230,-0.23327887966165675,-0.554810432922145,-2.743438779268108,-0.13470046581114842,0.3472776062691196,0.1434947601484348,,,,,,,24.400,
1763047596.227652,325,107;108;110;200;201;202,64.428;59.683;41.243;82.662;78.581;50.951,-0.20034622124867835,-0.5332893315043101,-2.744729743628351,-0.12418838205180781,0.3376404708736891,0.1497257556334465,,,,,,,23.112,
1763047596.322855,326,107;108;110;200;201,63.881;56.919;41.044;81.961;79.551,-0.23421721966277254,-0.553236482500535,-2.7394884987672627,-0.13192442675222182,0.3491760108548623,0.1426665578960481,,,,,,,24.383,
1763047596.419016,327,107;108;110;200;201,60.135;58.921;46.759;86.232;75.877,-0.2559350024192259,-0.5753770481233998,-2.7400217734457297,-0.13542967375502218,0.35543691982298603,0.13555888433192723,,,,,,,25.529,
1763047596.520147,328,107;108;110;200;201,62.193;63.592;45.039;89.958;82.816,-0.2674450921457247,-0.5876923243964921,-2.7432154067388277,-0.1404069320759849,0.359528712143113,0.13264670190090397,,,,,,,26.138,
1763047596.613581,329,107;108;110;200;201,62.193;63.592;45.039;89.958;82.816,-0.2674450921457247,-0.5876923243964921,-2.7432154067388277,-0.1404069320759849,0.359528712143113,0.13264670190090397,,,,,,,26.138,
1763047596.717780,330,107;108;110;200;201;202,62.366;57.968;45.349;90.223;84.629;51.296,-0.34998317888929553,-0.550566038053833,-2.7219213609725172,-0.13898268132515848,0.3438828359193672,0.1518180200502179,,,,,,,26.555,
1763047596.818520,331,107;108;110;200;201;202,64.914;62.165;41.260;88.414;79.615;54.467,-0.2793221045180571,-0.5331159465580106,-2.7353243102179565,-0.1264813717568593,0.33265398301077864,0.15519260982890964,,,,,,,24.453,
1763047596.915364,332,107;108;110;200;201,60.531;63.381;44.010;82.460;78.985,-0.28671938746639236,-0.5604641498710532,-2.740541477559806,-0.13536042457460193,0.34681120715918884,0.1458064998883496,,,,,,,25.518,
1763047597.015819,333,107;108;110;200;201;202,62.983;58.255;41.623;83.411;80.115;52.588,-0.2357686242789485,-0.5332766555360057,-2.7401447618184362,-0.12424949037317533,0.3356395257701141,0.15164181494953355,,,,,,,23.674,
1763047597.116437,334,107;108;110;200;201,61.862;59.370;44.619;89.013;81.684,-0.2559872398220167,-0.5557013353254732,-2.7401035444780297,-0.13147183460416695,0.3450181899858871,0.14442937977540096,,,,,,,24.818,
1763047597.218991,335,107;108;110;200;201,61.862;59.370;44.619;89.013;81.684,-0.2559872398220167,-0.5557013353254732,-2.7401035444780297,-0.13147183460416695,0.3450181899858871,0.14442937977540096,,,,,,,24.818,
1763047597.313127,336,107;108;200;201,61.132;57.045;82.287;81.323,-0.24116267209309356,-0.5686396607910109,-2.774727085213956,-0.14929971462613448,0.3406044298950093,0.15773479878273702,,,,,,,24.815,
1763047597.411371,337,107;108;110;200;201;202,64.702;58.945;43.533;91.271;84.890;50.401,-0.20744411277927732,-0.5405903619219619,-2.7636457713388825,-0.13491799880023067,0.3293453467135629,0.16009980468456575,,,,,,,23.364,
1763047597.510017,338,107;108;110;200;201;202,61.086;62.283;42.296;90.494;80.888;56.145,-0.17361882975587195,-0.5224154240392535,-2.762655036704094,-0.12390782466731938,0.3201693685474956,0.16285228995530213,,,,,,,22.239,
1763047597.605877,339,107;108;200;201,63.853;59.781;85.639;81.568,-0.18333921404340586,-0.5516331101851686,-2.79332093039781,-0.14459226031125272,0.3225713111593327,0.1691136716261427,,,,,,,23.264,
1763047597.706315,340,107;108;200;201,63.853;59.781;85.639;81.568,-0.18333921404340586,-0.5516331101851686,-2.79332093039781,-0.14459226031125272,0.3225713111593327,0.1691136716261427,,,,,,,23.264,
1763047597.806645,341,107;108;110;200;201,60.386;57.906;43.860;87.348;79.263,-0.21950869585131805,-0.569141205385702,-2.77758109254063,-0.14460328135309977,0.33596306053665526,0.15698591058051342,,,,,,,24.495,
1763047597.905333,342,107;108;110;200;201,65.195;62.170;41.596;85.878;81.923,-0.24510937810167588,-0.5839803633331008,-2.7685220481165267,-0.14702229846818238,0.3481993360407731,0.14804137615291948,,,,,,,25.473,
1763047598.005515,343,107;108;110;200;201;202,63.545;58.167;45.596;84.179;78.251;49.375,-0.21224893973924477,-0.5533264879457506,-2.7580257075756918,-0.1322975548297768,0.3373907647769625,0.15129203145404216,,,,,,,23.939,
1763047598.103241,344,107;108;110;200;201,63.951;60.233;43.735;88.294;85.081,-0.2380885613550953,-0.5658626970846661,-2.7498267812798285,-0.13783163359497047,0.34747287492344603,0.1447808962747287,,,,,,,24.835,
1763047598.201989,345,107;108;110;200;201;202,58.071;55.169;46.626;88.538;78.540;54.279,-0.19856829201107265,-0.5353777431339473,-2.7455041781373986,-0.12311509794330781,0.3320318880333911,0.15109241717010674,,,,,,,23.160,
1763047598.298209,346,107;108;110;200;201,59.632;59.493;43.130;88.394;77.358,-0.2275785185598147,-0.5615046196254823,-2.748782745969346,-0.13055736653523276,0.3410957991325531,0.14355559241846874,,,,,,,24.524,
1763047598.396198,347,107;108;110;200;201;202,64.467;60.004;45.684;86.138;80.877;49.031,-0.20054437061960748,-0.5380323521946392,-2.7453557632334746,-0.12133085709399793,0.33325934336571383,0.14847138783547728,,,,,,,23.287,
1763047598.499951,348,107;108;110;200;201;202,62.241;61.678;44.249;88.007;79.484;55.672,-0.1720921822463148,-0.5231272737866831,-2.747579221590253,-0.11367856665306005,0.32492954916101313,0.15352655497152978,,,,,,,22.338,
1763047598.597584,349,107;108;110;200;201,59.704;58.309;41.035;86.540;75.863,-0.20878200856482385,-0.5545045246343349,-2.7514055271929454,-0.12388935128650762,0.3366176364328579,0.14545026059031274,,,,,,,23.977,
1763047598.701516,350,107;108;200;201;202,62.426;58.227;93.991;81.005;54.418,-0.14542409290083913,-0.5316269099194375,-2.7837625737284397,-0.12186069005905095,0.31071887987785773,0.16830504815866382,,,,,,,22.137,
1763047598.795710,351,107;108;110;200;201;202,63.174;62.027;42.176;86.770;71.684;55.259,-0.13248891528308854,-0.5269525187433309,-2.7810797306581136,-0.11312070647605761,0.30871249425433767,0.1669414887528816,,,,,,,21.845,
1763047598.897125,352,107;108;110;200;201;202,61.350;58.359;45.238;86.216;79.089;56.515,-0.1254118379082963,-0.5095211034678304,-2.768423480174943,-0.10668542379981025,0.3068704997318384,0.16693490452001888,,,,,,,21.181,
1763047598.995456,353,107;108;110;200;201;202,64.202;58.318;43.921;88.881;82.328;52.731,-0.12460176264247581,-0.49766400871627714,-2.758306720922297,-0.10349520947271909,0.3066417098082841,0.16681532354732068,,,,,,,20.772,
1763047599.094927,354,107;108;110;200;201;202,61.910;60.769;46.282;85.174;73.680;54.104,-0.2596670663873861,-0.5011165973780781,-2.7414241118692417,-0.11114482593646256,0.3074973233973935,0.17033470286371355,,,,,,,22.921,
1763047599.193948,355,107;108;110;200;201;202,61.620;58.047;43.601;90.942;74.011;55.797,-0.2121611584331363,-0.5003767680373097,-2.747355085547799,-0.10409518482101017,0.3039388804535147,0.168552454456552,,,,,,,22.052,
1763047599.295284,356,107;108;110;200;201;202,61.378;59.717;43.617;90.348;82.386;50.960,-0.18315078576626173,-0.4936053370494204,-2.746946139272504,-0.10256586128570581,0.30337729615110304,0.16778983009527232,,,,,,,21.375,
1763047599.390510,357,107;108;110;200;201;202,60.143;61.790;43.673;89.008;82.634;51.106,-0.1628354477816563,-0.490622848159522,-2.7471906977959977,-0.10232356352250337,0.30438889975510325,0.16735250850997802,,,,,,,20.991,
1763047599.490163,358,107;108;110;200;201;202,62.665;59.304;41.288;83.122;79.190;53.943,-0.1480589566858142,-0.4849247162647822,-2.7460009809723656,-0.1009505359678712,0.30567130164187944,0.16752531560079115,,,,,,,20.601,
1763047599.590296,359,107;108;110;200;201;202,59.203;57.328;43.087;87.786;83.919;55.530,-0.13534140386059157,-0.4745959892604343,-2.7420956214121914,-0.09926747842018499,0.30334015554181626,0.16916800443299232,,,,,,,20.081,
1763047599.690324,360,107;108;110;200;201;202,60.716;61.276;41.413;89.088;76.578;49.601,-0.2553290800489484,-0.48632695720940705,-2.7360094104505217,-0.10994407629341121,0.3033986719244356,0.17267264974481583,,,,,,,22.350,
1763047599.788060,361,107;108;200;201,63.390;63.050;83.740;78.671,-0.24125675709856195,-0.5347956812616115,-2.7813294803500375,-0.13598102218272629,0.31197690461170796,0.17665787090568186,,,,,,,23.553,
1763047599.894728,362,107;108;110;200;201;202,63.861;56.634;42.135;84.952;84.885;54.367,-0.20466887398585648,-0.5078180341406516,-2.7638807145711812,-0.12459083841883267,0.30876217329170486,0.1742703803843841,,,,,,,22.113,
1763047599.996241,363,107;108;110;200;201;202,65.654;62.312;45.941;85.132;76.567;51.559,-0.181022625285286,-0.5073815136409981,-2.758908148096343,-0.11628848705187196,0.31145757992213347,0.16879853741773104,,,,,,,21.792,
1763047600.094756,364,107;108;110;200;201;202,62.188;57.039;47.079;84.221;85.476;55.622,-0.1633289931601373,-0.48711327140944316,-2.744141296538831,-0.10972374051606103,0.3107216086999662,0.16844892397773878,,,,,,,20.881,
1763047600.307917,365,107;108;200;201;202,58.432;62.302;85.597;80.536;52.640,-0.11263615578778308,-0.4838466197556088,-2.780465608242625,-0.11584500036318533,0.2952733140961073,0.18422719510885874,,,,,,,20.003,
1763047600.437662,366,107;108;110;200;201;202,60.864;62.010;45.425;90.928;80.874;52.224,-0.11370956533682386,-0.4862053797529898,-2.7719415367369495,-0.11064080448875271,0.29811031986886743,0.1788534101281399,,,,,,,20.151,
1763047600.558712,367,107;108;200;201,63.179;63.840;87.789;81.086,-0.13831018872666886,-0.532735525694207,-2.8067112682866626,-0.13679004938801856,0.3065642642933493,0.17988836576097553,,,,,,,21.968,
1763047600.680851,368,107;108;110;200;201;202,62.458;60.552;42.944;88.105;79.932;51.620,-0.1320898745973432,-0.5201983327452926,-2.7897235563658564,-0.1254006940034628,0.30624005827186607,0.17560466172424982,,,,,,,21.531,
1763047600.785528,369,107;108;110;200;201;202,62.877;53.873;45.405;88.386;82.074;49.313,-0.2590858254047085,-0.5031348813173587,-2.7533677023829766,-0.12492775425411479,0.3064486095048093,0.1788854675816264,,,,,,,22.908,
1763047600.881223,370,107;108;110;200;201;202,64.510;60.941;43.568;90.003;83.514;52.066,-0.21804423694755048,-0.49538595996773405,-2.750533084188114,-0.11741375347585299,0.3059661633517465,0.17447755753398494,,,,,,,21.943,
1763047600.981196,371,107;108;110;200;201;202,65.089;60.321;46.312;89.081;83.198;56.330,-0.1877046946681797,-0.4865171096784741,-2.745020836779509,-0.11023834022920892,0.3059614470112568,0.17120254255577422,,,,,,,21.185,
1763047601.078282,372,107;108;110;200;201;202,62.475;59.660;41.552;91.112;81.179;51.611,-0.16457606908867092,-0.48615093821456146,-2.7475264572161184,-0.10645712305030441,0.30465412786943263,0.17015003282853017,,,,,,,20.842,
1763047601.176613,373,107;108;110;200;201;202,60.906;59.189;42.542;88.453;82.717;54.628,-0.14832003532261512,-0.480135381345527,-2.7459443101115246,-0.10386212107780861,0.30350498842384926,0.17043969768459694,,,,,,,20.421,
1763047601.273550,374,107;108;110;200;201;202,64.233;57.084;41.657;88.260;74.597;54.391,-0.13747781906431517,-0.4840239956413764,-2.747135992005967,-0.09941669375351926,0.30267674425281516,0.16909496145836325,,,,,,,20.440,
1763047601.375451,375,107;108;110;200;201;202,63.234;59.017;41.556;85.943;78.446;51.906,-0.13302365327228355,-0.48359663515058793,-2.747308262898103,-0.09884080746524887,0.304291168546516,0.16824419361649523,,,,,,,20.375,
1763047601.472658,376,107;108;110;200;201;202,62.414;58.400;43.473;86.884;80.564;54.835,-0.12634386933307346,-0.4778404327924131,-2.7442133383005762,-0.09735955499811047,0.3041500644537111,0.16814022038480417,,,,,,,20.099,
1763047601.569864,377,107;108;110;200;201;202,61.200;58.291;39.801;88.623;80.454;56.190,-0.11696206007893627,-0.4737405473138198,-2.745155421658448,-0.09653745026664187,0.3013328825362792,0.16982957393781054,,,,,,,19.842,
1763047601.671464,378,107;108;200;201;202,61.927;59.403;87.874;80.962;54.931,-0.08228814528363186,-0.47144328897981824,-2.7766170805337556,-0.10500289434005049,0.28701696689340594,0.18506953146774738,,,,,,,19.300,
1763047601.767703,379,107;108;110;200;201;202,62.706;55.575;40.357;89.054;81.230;54.597,-0.09007415412279927,-0.4676577262609162,-2.764882011435273,-0.10115175202940666,0.28968873155009844,0.18115947103927896,,,,,,,19.269,
1763047601.919808,380,107;108;110;200;201,63.825;62.802;46.066;89.683;78.754,-0.15510758543234388,-0.5186072873077634,-2.7634195193687474,-0.11458437925753504,0.3147034853784723,0.16385858293365252,,,,,,,21.869,
1763047602.087903,381,107;108;110;200;201;202,60.600;60.619;42.118;85.560;81.657;56.982,-0.2807735090275658,-0.5040124846058264,-2.7418682864571458,-0.12135544645681264,0.31155732647558526,0.17315565269029803,,,,,,,23.419,
1763047602.215877,382,107;108;110;200;201;202,62.435;59.743;42.950;83.815;83.346;54.717,-0.23130019843579808,-0.4904146072461527,-2.739073141651452,-0.11455908885287266,0.31086307747379777,0.1710848343710709,,,,,,,22.050,
1763047602.348335,383,107;108;110;200;201;202,62.747;60.276;43.196;83.351;82.949;56.327,-0.19520803473625145,-0.4814002073215778,-2.737009863562474,-0.10959766482625938,0.31040505948206965,0.17024799346225422,,,,,,,21.150,
1763047602.470852,384,107;108;110;200;201;202,61.261;63.039;46.297;87.610;83.010;54.736,-0.17075626767076568,-0.4814101473436945,-2.73942191651218,-0.10649041558803862,0.3097352585281595,0.16857129006288013,,,,,,,20.789,
1763047602.560788,385,107;108;110;200;201;202,62.987;57.471;43.196;84.067;82.408;51.142,-0.1577806673040892,-0.4745329212440503,-2.7358864030855856,-0.10388397606962729,0.3102025437909301,0.16770298910716977,,,,,,,20.378,
1763047602.656328,386,107;108;110;200;201,63.683;60.616;46.159;88.552;77.465,-0.20246595812834067,-0.5215057382270426,-2.740393659582713,-0.11623427258266979,0.3283851283456723,0.15386351810492568,,,,,,,22.729,
1763047602.759597,387,107;108;200;201,61.301;58.761;83.441;78.835,-0.20253704212274884,-0.5528879169267044,-2.7792826272987106,-0.13907057982140686,0.3277012613563867,0.16342414630852006,,,,,,,23.650,
1763047602.857688,388,107;108;110;200;201;202,58.914;60.814;40.504;90.265;82.282;53.467,-0.1699759126732077,-0.5297017620578914,-2.7744003921686655,-0.12780583252220243,0.31768048105325974,0.16572666115566245,,,,,,,22.398,
1763047602.956624,389,107;108;110;200;201,63.054;59.070;45.046;85.798;83.081,-0.21289020889917898,-0.5501647933155526,-2.7601740938636166,-0.13392712110301963,0.3349159166080612,0.15444377607853985,,,,,,,23.817,
1763047603.056782,390,107;108;200;201;202,61.072;57.585;87.231;78.154;52.671,-0.1486056217284109,-0.5267746029822219,-2.789328179334754,-0.13016626026383032,0.31149494540611944,0.17370629330907322,,,,,,,21.953,
1763047603.149728,391,107;108;110;200;201,62.961;59.740;48.115;86.218;80.300,-0.20012368377274709,-0.5530046148998627,-2.771510409390679,-0.13350317695262692,0.33116356385071305,0.1582411753124104,,,,,,,23.672,
1763047603.250489,392,107;108;110;200;201;202,59.134;61.853;41.664;89.393;78.559;54.077,-0.16903823604561802,-0.533829294810737,-2.7696814397660865,-0.12302512308337618,0.32092241110302655,0.16160222831411364,,,,,,,22.571,
1763047603.348020,393,107;108;110;200;201,62.811;59.166;42.035;83.615;80.208,-0.21226594194494103,-0.5566116712120062,-2.760103759312137,-0.13133079716686852,0.3372512368546473,0.15121182978521733,,,,,,,24.047,
1763047603.448129,394,107;108;110;200;201,61.146;62.275;42.417;86.764;83.909,-0.2381890535755774,-0.570156387412113,-2.755710247215965,-0.13855691057888578,0.34719150932410103,0.14501446834355258,,,,,,,24.954,
1763047603.548635,395,107;108;200;201;202,63.734;60.345;84.602;75.640;52.894,-0.3228783849762337,-0.548787243848389,-2.770009214760309,-0.1473165913622866,0.32421222162015895,0.1765513699946201,,,,,,,25.596,
1763047603.645564,396,107;108;110;200;201,64.048;61.067;45.256;92.920;82.447,-0.3151719992019009,-0.5683684213150658,-2.762177850304256,-0.14689659262392715,0.33585388997533056,0.16166857664031453,,,,,,,26.170,
1763047603.749784,397,107;108;200;201;202,60.603;60.908;89.827;81.741;57.100,-0.21624202374908885,-0.5377233094030899,-2.7942640286074494,-0.13919289199184326,0.3116136479374256,0.17892965235834665,,,,,,,23.190,
1763047603.845704,398,107;108;110;200;201;202,61.495;56.531;46.752;88.661;78.857;55.287,-0.18628926565737924,-0.5170986679423626,-2.77621244787216,-0.12382184475143485,0.3072400946184851,0.17423152052180896,,,,,,,22.123,
1763047603.943427,399,107;108;110;200;201,62.576;57.176;43.103;93.060;77.026,-0.219853960874962,-0.5507787024194549,-2.769584100413679,-0.12856780550365882,0.3223952169119381,0.16022105321492608,,,,,,,23.879,
1763047604.048817,400,107;108;110;200;201;202,63.510;58.212;45.671;88.671;82.550;53.045,-0.19138897307951008,-0.5260379936058944,-2.758712896489015,-0.11852663356215613,0.3170281272255704,0.16174251522331276,,,,,,,22.631,
1763047604.145863,401,107;108;110;200;201;202,64.665;60.470;42.170;90.524;82.448;50.453,-0.17085841717577094,-0.5137264729474543,-2.7557589116506005,-0.11299506117773324,0.31379408356785904,0.1630311807938439,,,,,,,21.918,
1763047604.244678,402,107;108;110;200;201;202,61.717;58.855;45.969;80.453;77.071;48.845,-0.16188779740949436,-0.5058734974924929,-2.749425642387838,-0.1082342424924745,0.3159697082705875,0.16170695987918954,,,,,,,21.546,
1763047604.342952,403,107;108;110;200;201,64.641;59.552;46.532;90.858;79.999,-0.20494008652141643,-0.5397162614597978,-2.7470472025958643,-0.11856681647139626,0.33163310284471614,0.14963991395859422,,,,,,,23.401,
1763047604.437287,404,107;108;110;200;201;202,60.752;60.570;44.467;90.081;77.857;54.077,-0.17594970192883214,-0.524743455733615,-2.750764696540497,-0.11112349697469492,0.3224133444446321,0.15468020913512553,,,,,,,22.428,
1763047604.539199,405,107;108;110;200;201,62.552;59.255;40.740;85.044;77.186,-0.2123780874841559,-0.5552580863364718,-2.7518784130844702,-0.12285590633601533,0.33663823501999107,0.14579012502997446,,,,,,,24.052,
1763047604.639215,406,107;108;110;200;201;202,60.545;61.176;44.605;85.798;80.488;51.222,-0.1854735501065674,-0.533969901316424,-2.750531014121441,-0.11614730252536482,0.32894176468441233,0.1515113335211909,,,,,,,22.900,
1763047604.736916,407,107;108;110;200;201;202,62.861;61.096;42.874;86.864;79.493;48.428,-0.16809254374263352,-0.5235975768170836,-2.7510801028932486,-0.11180680015998065,0.32471083185020294,0.15510336552780526,,,,,,,22.285,
1763047604.836965,408,107;108;110;200;201;202,61.474;57.612;40.894;88.916;77.855;55.192,-0.1479222219351353,-0.5104173068165789,-2.751065180899646,-0.10622961135047514,0.31609676265112385,0.1599541482239227,,,,,,,21.548,
1763047604.935416,409,107;108;110;200;201;202,63.920;56.941;43.314;87.330;83.356;50.846,-0.1429777035354806,-0.4961117955693493,-2.7438898865797667,-0.10362317729053533,0.31345926764595045,0.162225539928023,,,,,,,20.985,
1763047605.036201,410,107;108;110;200;201;202,64.604;56.956;44.066;86.655;81.757;52.333,-0.2692309626665327,-0.4891889462678168,-2.7237812156694283,-0.11194082236853009,0.3122286650166367,0.1685738452698457,,,,,,,22.789,
1763047605.135871,411,107;108;110;200;201,61.540;60.964;42.773;90.882;73.964,-0.27746410478772326,-0.5387077555698019,-2.7391687201035766,-0.1221730129055466,0.3270947419383485,0.15590685776314392,,,,,,,24.591,
1763047605.230008,412,107;108;110;200;201,60.913;59.195;44.780;93.386;76.996,-0.28237718406499873,-0.5677912937129412,-2.745423501796464,-0.12837747577378023,0.3358556300252691,0.1470273940252759,,,,,,,25.666,
1763047605.330787,413,107;108;110;200;201,60.913;59.195;44.780;93.386;76.996,-0.28237718406499873,-0.5677912937129412,-2.745423501796464,-0.12837747577378023,0.3358556300252691,0.1470273940252759,,,,,,,25.666,
1763047605.428102,414,107;108;110;200;201,62.772;58.863;46.547;88.463;78.393,-0.29027595492489705,-0.5840791935927466,-2.742663303448291,-0.13294817520792382,0.3460162911276516,0.13961153379825847,,,,,,,26.401,
1763047605.528739,415,107;108;110;200;201;202,60.321;59.336;46.980;87.825;82.583;52.614,-0.23922644801442336,-0.5489614518774474,-2.7414773766326,-0.12203369188607403,0.3338582311078956,0.146741652686369,,,,,,,24.292,
1763047605.628331,416,107;108;110;200;201;202,62.951;57.806;44.634;90.127;83.421;48.934,-0.2056709096795815,-0.5258749076603119,-2.739843198046615,-0.11498888993252057,0.32562315403057795,0.1519891369055345,,,,,,,22.942,
1763047605.729491,417,107;108;110;200;201,59.131;61.744;42.525;90.381;83.821,-0.22942769868600518,-0.5496388591300635,-2.744375146527444,-0.12648612656834976,0.33628132969378355,0.14637191134331287,,,,,,,24.145,
1763047605.824225,418,107;108;110;200;201,64.287;57.943;43.768;90.899;83.741,-0.2517963929163941,-0.5639765274714588,-2.740412684635421,-0.13251025245716613,0.34442702868158087,0.14118169843601494,,,,,,,25.046,
1763047605.924864,419,107;108;110;200;201,61.012;57.203;44.141;89.118;76.712,-0.267053080736088,-0.582401008651863,-2.742179749340252,-0.13594606947886947,0.3500383037697619,0.13643597534072052,,,,,,,25.949,
1763047606.024369,420,107;108;110;200;201;202,63.087;56.225;44.571;87.955;74.648;48.045,-0.2269807312840391,-0.5580925689802847,-2.744637118676111,-0.12291273449941775,0.33741755938472145,0.14303457641983905,,,,,,,24.417,
1763047606.125821,421,107;108;110;200;201;202,64.312;62.023;45.576;90.666;80.018;52.483,-0.19551738823137255,-0.5383782022610933,-2.747655541794131,-0.11462159611701113,0.328917323887732,0.1489419086655685,,,,,,,23.217,
1763047606.219116,422,107;108;110;200;201,62.402;59.961;42.912;85.642;77.670,-0.2272601388568802,-0.5636698800294059,-2.7483645881715075,-0.1248516913073642,0.3417054305272495,0.14160590382982674,,,,,,,24.601,
1763047606.321499,423,107;108;110;200;201;202,60.715;58.329;44.192;84.121;81.331;52.875,-0.1945853537574566,-0.5344138762827381,-2.7443253669486225,-0.11646422320256768,0.33221445902259267,0.14916603888995458,,,,,,,23.076,
1763047606.421391,424,107;108;110;200;201;202,62.770;58.986;42.052;85.105;77.691;48.873,-0.17496711666248232,-0.5223290049574575,-2.744834008912947,-0.11137065096268348,0.32637138719075914,0.15337683430768442,,,,,,,22.360,
1763047606.515958,425,107;108;200;201,63.288;58.832;86.246;81.829,-0.18394226148294435,-0.5508789433203329,-2.7809222259479753,-0.135402800240899,0.32554847911503676,0.16264993875128955,,,,,,,23.323,
1763047606.617045,426,107;108;110;200;201;202,62.091;61.455;41.125;82.862;81.472;53.109,-0.16305517225426103,-0.5264787455314516,-2.771112189811237,-0.1254305935942676,0.3209173590151843,0.16433620824703513,,,,,,,22.214,
1763047606.717560,427,107;108;110;200;201,60.270;63.006;45.541;90.639;81.102,-0.20098788302919626,-0.5556410100909798,-2.767023400663113,-0.1323543073716129,0.3346082669341403,0.1529312801219428,,,,,,,23.811,
1763047606.814166,428,107;108;110;200;201;202,64.466;58.738;43.172;85.566;80.824;50.177,-0.17963032363103645,-0.5321643775882182,-2.757548292238222,-0.12243876550405411,0.3274873948086969,0.15622029028563886,,,,,,,22.713,
1763047606.917462,429,107;108;200;201;202,60.448;61.097;84.045;83.564;55.155,-0.12485136564779442,-0.5079528034199269,-2.7847779814180744,-0.1242449930396129,0.3081582977132607,0.17584389114686705,,,,,,,21.021,
1763047607.014201,430,107;108;110;200;201,64.530;61.134;41.318;88.847;78.725,-0.17777865932663622,-0.5443569751936977,-2.7778390098230203,-0.1311428188347962,0.326639507002893,0.16107528055451004,,,,,,,23.022,
1763047607.113099,431,107;108;110;200;201,62.340;60.895;41.613;87.746;84.349,-0.21330079495565443,-0.5613708107751145,-2.7673788428125436,-0.1375847124668481,0.33936236264502306,0.15225489715879345,,,,,,,24.189,
1763047607.219711,432,107;108;110;200;201;202,61.175;59.718;37.776;86.115;79.800;51.504,-0.18155059890867167,-0.5364614681053627,-2.7653740595592478,-0.12706674466326076,0.3279212489253951,0.1579787500420743,,,,,,,22.851,
1763047607.309866,433,107;108;110;200;201,63.986;59.828;41.510;90.262;82.343,-0.21644572948568674,-0.558459064617709,-2.7596097433836095,-0.13380020000690987,0.3391132693094592,0.14966251492219015,,,,,,,24.178,
1763047607.409523,434,107;108;110;200;201;202,62.806;58.445;45.753;86.878;80.949;57.477,-0.18453110957139704,-0.5304170274673363,-2.7512637808097575,-0.12115977883650643,0.3282986792525865,0.15481030361530798,,,,,,,22.749,
1763047607.509834,435,107;108;110;200;201;202,60.295;56.591;38.930;90.658;78.347;62.914,-0.1488936607004607,-0.5099277100438026,-2.752794053215421,-0.11083631576466553,0.3145469363487826,0.1617258498717534,,,,,,,21.530,
1763047607.606727,436,107;108;110;200;201,61.132;60.347;46.975;90.409;80.814,-0.1936600310206053,-0.5399058919709593,-2.7509292041722238,-0.1209655808025895,0.3296227520048693,0.1500024953755602,,,,,,,23.228,
1763047607.708790,437,107;108;110;200;201;202,62.434;59.746;40.763;84.371;81.910;54.456,-0.16881588201568096,-0.5172577564942181,-2.7481329605734257,-0.11443083746744458,0.3225898545753472,0.1560588516176552,,,,,,,22.071,
1763047607.808129,438,107;108;110;200;201;202,61.347;57.130;40.951;85.348;84.514;57.283,-0.14864075846769306,-0.49370950455400586,-2.7420174850820844,-0.10882981442143821,0.315354766500512,0.16144112220966406,,,,,,,20.967,
1763047607.907931,439,107;108;200;201;202,64.258;59.162;90.315;79.426;50.756,-0.1088329176030268,-0.49207695315836913,-2.7765966076961717,-0.1134260491316171,0.29827823581580926,0.17783034849016316,,,,,,,20.310,
1763047608.003658,440,107;108;110;200;201,62.939;56.960;42.995;89.218;81.576,-0.16638480905357453,-0.5246824929411616,-2.7650838370339734,-0.12244023722192303,0.31862775105758356,0.16324131642617493,,,,,,,22.221,
1763047608.104992,441,107;108;110;200;201;202,63.239;60.665;46.349;87.918;84.376;52.103,-0.15546673785744736,-0.5084776469872545,-2.7549267398626234,-0.11553832652922132,0.3163408785745881,0.163797628088612,,,,,,,21.537,
1763047608.219562,442,107;108;110;200;201;202,62.587;59.638;42.644;92.331;79.865;54.159,-0.14064405954117534,-0.5021508470021635,-2.75455930649453,-0.10902868314973459,0.31059917596687053,0.16498875629208157,,,,,,,21.131,
1763047608.314649,443,107;108;110;200;201;202,64.512;59.897;42.524;85.392;72.552;51.803,-0.13353210869879206,-0.5057104847439794,-2.756440446436461,-0.10447243672857837,0.3105492112202328,0.16346341112074084,,,,,,,21.183,
1763047608.424694,444,107;108;110;200;201;202,60.776;58.034;41.523;88.791;80.631;52.025,-0.12689723125582664,-0.496364251729629,-2.753735370051158,-0.10233406977816283,0.30756583800354076,0.16574347874337503,,,,,,,20.770,
1763047608.562414,445,107;108;200;201;202,60.318;62.146;90.467;81.878;58.277,-0.24402181176057178,-0.4895692604168345,-2.7698986491133337,-0.12302632186611093,0.2898126513609697,0.18977773925694538,,,,,,,22.057,
1763047608.689883,446,107;108;110;200;201;202,62.982;60.825;42.243;90.519;82.386;55.306,-0.20117836389034263,-0.48436842444736483,-2.76396641743126,-0.11532247174632022,0.292564900465343,0.1826755174707378,,,,,,,21.197,
1763047608.828559,447,107;108;110;200;201;202,61.023;59.923;46.713;91.787;78.042;53.589,-0.17526504140343735,-0.4879727698015733,-2.7605066747702405,-0.10844242177886369,0.29520575609328203,0.17698292116018513,,,,,,,20.978,
1763047608.945747,448,107;108;110;200;201;202,63.014;60.819;45.425;89.725;87.297;57.853,-0.2936655390572936,-0.47881053241760946,-2.7349448795541615,-0.11565468958355725,0.2983422790721422,0.18179290853859778,,,,,,,22.853,
1763047609.071235,449,107;108;110;200;201;202,60.231;59.300;36.713;85.358;81.714;55.667,-0.23227007740628164,-0.47322267938452994,-2.7420544429419116,-0.11128878658705957,0.2978673036777195,0.1794648357446959,,,,,,,21.429,
1763047609.159261,450,107;108;110;200;201,62.117;62.316;39.193;90.138;85.074,-0.2477330612998885,-0.5128051993557124,-2.7467981358172553,-0.12502425788768065,0.31751085175689997,0.16716266025480006,,,,,,,23.092,
1763047609.260272,451,107;108;110;200;201;202,56.501;61.213;45.532;87.300;80.488;53.497,-0.204510316600656,-0.5014789809363244,-2.7485438694604656,-0.1170195976162031,0.31305011996186594,0.16632386280803443,,,,,,,21.968,
1763047609.356290,452,107;108;110;200;201,60.068;62.171;42.706;88.709;77.848,-0.231404111393362,-0.5423610773331138,-2.754027885728685,-0.12708224617615013,0.3294703655055772,0.1547995801752053,,,,,,,23.847,
1763047609.454988,453,107;108;110;200;201;202,65.232;59.019;45.832;86.344;81.641;56.433,-0.19802810915126604,-0.5186702128145415,-2.747464445320068,-0.11687456701680411,0.3228779042889373,0.15758347068637749,,,,,,,22.517,
1763047609.554880,454,107;108;110;200;201;202,64.046;58.835;42.291;88.447;84.455;48.482,-0.17823542691938335,-0.5043945906143227,-2.7437895485015167,-0.11256267128623819,0.3189471626209375,0.16020185567339687,,,,,,,21.732,
1763047609.654361,455,107;108;110;200;201;202,64.593;60.548;43.923;87.327;83.412;55.085,-0.16087193753282755,-0.4917785445947906,-2.741712355736872,-0.10790768893632656,0.3160101123336439,0.16245723204138385,,,,,,,21.042,
1763047609.754870,456,107;108;110;200;201;202,61.014;57.298;44.563;89.560;77.847;51.947,-0.14746081110413603,-0.48989331583632684,-2.7426559928973475,-0.10317629852313037,0.3118003238677566,0.16330785312202006,,,,,,,20.803,
1763047609.850754,457,107;108;110;200;201,63.290;60.139;38.282;86.869;79.224,-0.1912289100813113,-0.5300063686214306,-2.748651600518967,-0.11838865734352594,0.32798587692105324,0.15351792756820504,,,,,,,22.839,
1763047609.949844,458,107;108;110;200;201;202,61.379;62.342;45.770;89.996;78.596;51.377,-0.16976375207198036,-0.520777442964711,-2.751191211115561,-0.11228069680010584,0.3217403607011038,0.1560974897137133,,,,,,,22.198,
1763047610.051067,459,107;108;110;200;201,64.621;56.393;41.820;90.726;84.229,-0.20816359318122915,-0.5403786981155082,-2.7447290113139076,-0.12264473910565611,0.33332105033675685,0.14873942051061745,,,,,,,23.486,
1763047610.149707,460,107;108;200;201;202,61.302;58.955;85.465;82.768;55.473,-0.14454759698214914,-0.5132536638922337,-2.775138291942769,-0.12261049239238554,0.31178340034860036,0.17107400594434402,,,,,,,21.479,
1763047610.248552,461,107;108;110;200;201,62.573;59.487;44.820;91.396;78.680,-0.1917807776832814,-0.5465332975777117,-2.7678625992993555,-0.1283969595383909,0.32734056598631917,0.1572452617494827,,,,,,,23.344,
1763047610.350438,462,107;108;110;200;201,59.307;58.703;43.534;86.525;83.835,-0.2244294839500133,-0.5599448374231403,-2.756321443654177,-0.13521234635365048,0.33946114920592,0.14966326772211264,,,,,,,24.370,
1763047610.445974,463,107;108;110;200;201,61.809;61.971;42.102;90.572;83.455,-0.24402536473734196,-0.574380859494287,-2.7553971480117756,-0.14026078919973073,0.34680656184243935,0.14369612109596375,,,,,,,25.199,
1763047610.550959,464,107;108;110;200;201;202,60.691;57.924;47.077;85.890;75.612;52.356,-0.2073704926295576,-0.5491675516809505,-2.751201019665212,-0.12590443283221955,0.3350648041154951,0.14822937906423714,,,,,,,23.760,
1763047610.651596,465,107;108;110;200;201;202,59.128;56.241;45.183;89.110;79.226;52.322,-0.1799583584578607,-0.5270978739640056,-2.747264300256455,-0.11595515511701458,0.3243341422206644,0.15380657885679652,,,,,,,22.590,
1763047610.753605,466,107;108;110;200;201;202,63.142;60.356;43.698;94.680;82.558;52.660,-0.16039827189609102,-0.5146196892714809,-2.7483421883015633,-0.11001585759762045,0.3167923979164339,0.15798678142382855,,,,,,,21.868,
1763047610.845564,467,107;108;110;200;201;202,62.191;59.336;44.008;84.163;84.388;53.903,-0.1484673466717151,-0.49643749950670085,-2.7416251607405577,-0.10667763558628628,0.31499905588939175,0.16112583831534183,,,,,,,21.072,
1763047610.997958,468,107;108;200;201;202,62.743;60.846;88.245;73.568;53.232,-0.2581424917463079,-0.5031969138185954,-2.766096523295661,-0.12456931140003408,0.29678966494796666,0.184456364805636,,,,,,,22.815,
1763047611.105380,469,107;108;110;200;201,64.137;63.447;41.043;88.478;78.503,-0.26990982447391265,-0.5440380417163146,-2.7669490035402444,-0.1328543737061159,0.3196588434404958,0.16812461698295741,,,,,,,24.460,
1763047611.206488,470,107;108;110;200;202,59.997;59.822;41.703;89.245;53.222,-0.20547872534338754,-0.6516499806304055,-2.8349827769750817,-0.09989015812886896,0.30612759367131465,0.14580770153163347,,,,,,,26.926,
1763047611.305395,471,107;108;110;200;201,61.495;60.009;42.438;93.390;78.540,-0.2312745167845057,-0.6457775798144803,-2.813681144204418,-0.11273076203523774,0.3217603791527238,0.14000832581594788,,,,,,,27.191,
1763047611.404044,472,107;108;110;200;201;202,60.147;58.670;44.158;89.954;76.487;59.513,-0.18892795559099373,-0.595890272135401,-2.79711505283354,-0.10518207522945013,0.31252637155168944,0.14870874550913607,,,,,,,24.953,
1763047611.504074,473,107;108;110;200;201;202,57.568;56.558;40.920;87.076;81.008;55.561,-0.1598498241284674,-0.5522777341454664,-2.7819113333282703,-0.10198703471962599,0.30649395346953523,0.15642395181867713,,,,,,,23.087,
1763047611.602156,474,107;108;200;201;202,60.956;59.915;89.359;83.862;50.725,-0.1149069246747816,-0.5261399588822296,-2.803280865096551,-0.11084109855424656,0.2925505651007484,0.17599715550452738,,,,,,,21.523,
1763047611.700065,475,107;108;110;200;201;202,59.683;61.991;40.389;90.230;77.731;48.887,-0.11325559183558066,-0.5205679122769931,-2.793962796112021,-0.10832055975557922,0.2952978457694043,0.17348085511901323,,,,,,,21.350,
1763047611.801249,476,107;108;200;201;202,61.018;61.052;89.092;74.684;53.476,-0.07504591454699064,-0.5151650661660776,-2.819899163533473,-0.11358581713765023,0.28309462986058365,0.18632194513474185,,,,,,,20.722,
1763047611.897672,477,107;108;110;200;201,62.172;58.091;43.900;83.845;81.790,-0.1479553608908106,-0.539349881034629,-2.7924690221887856,-0.12212212599415873,0.3117282145757671,0.16833351970451046,,,,,,,22.404,
1763047611.997393,478,107;108;110;200;201,60.539;59.162;39.581;85.540;82.700,-0.19286615293321213,-0.5562821711831134,-2.7783576725241113,-0.1311956958417618,0.328471083118364,0.15734947730857116,,,,,,,23.654,
1763047612.098217,479,107;108;110;200;201;202,62.952;61.379;35.050;88.229;82.054;58.839,-0.1591055008405609,-0.5284293299887164,-2.7749247350246486,-0.12188591501295912,0.3179472430521304,0.163801574282861,,,,,,,22.219,
1763047612.198919,480,107;108;110;200;201;202,62.574;61.101;44.850;89.360;84.687;52.949,-0.14659169723729884,-0.5104191908154048,-2.764984032174549,-0.1150913905221455,0.3145095370397599,0.1643985037567107,,,,,,,21.452,
1763047612.295339,481,107;108;110;200;201;202,62.574;61.101;44.850;89.360;84.687;52.949,-0.14659169723729884,-0.5104191908154048,-2.764984032174549,-0.1150913905221455,0.3145095370397599,0.1643985037567107,,,,,,,21.452,
1763047612.392830,482,107;108;110;200;201,64.247;57.775;44.343;90.345;83.184,-0.1930353972870997,-0.5368619920319312,-2.75491379636975,-0.12399560864415572,0.330022895598216,0.15317392603355198,,,,,,,23.081,
1763047612.492210,483,107;108;110;200;201;202,62.986;60.562;45.474;91.475;81.747;52.187,-0.17191642300787294,-0.5221437446859882,-2.752452475181163,-0.11595188126068695,0.32260668731072645,0.156660092312899,,,,,,,22.269,
1763047612.593748,484,107;108;110;200;201;202,63.564;63.299;44.335;90.570;78.082;48.072,-0.15925931633632104,-0.5216874408857041,-2.756290776539687,-0.11160117194575483,0.31941612160398347,0.1575903100679871,,,,,,,22.076,
1763047612.689547,485,107;108;110;200;201;202,59.899;57.027;43.010;89.417;83.698;59.025,-0.13990772145251368,-0.49788187617952623,-2.7499940649070123,-0.10550650705913273,0.3114129916389858,0.16310843821222337,,,,,,,20.985,
1763047612.789161,486,107;108;110;200;201;202,59.334;59.020;44.730;89.266;83.710;54.885,-0.2655912355957961,-0.4888345329073649,-2.7304016307846903,-0.11410943539136403,0.3082878684980371,0.170941968201379,,,,,,,22.666,
1763047612.887597,487,107;108;110;200;201;202,62.784;60.380;45.111;88.701;81.644;51.881,-0.22303824795368454,-0.4873191312898664,-2.7343993787825114,-0.10915802081712506,0.30839847050635516,0.1683420519829144,,,,,,,21.825,
1763047612.985584,488,107;108;110;200;201,64.725;55.372;38.461;87.044;77.739,-0.24608805643064913,-0.5243681162981572,-2.7373927505990387,-0.12045642929464474,0.32482840212063613,0.15729569957707198,,,,,,,23.539,
1763047613.085019,489,107;108;110;200;201,62.523;61.223;46.251;86.869;81.115,-0.2631973129064519,-0.5509070350398859,-2.7373111181908016,-0.1292544173779962,0.33964370384313025,0.1472692010452439,,,,,,,24.786,
1763047613.186417,490,107;108;110;200;201;202,63.532;57.688;43.863;90.231;83.062;58.853,-0.21565786840335086,-0.5217739416774346,-2.737435075137188,-0.11753552002220055,0.32624520263582957,0.15417030182075947,,,,,,,22.953,
1763047613.285442,491,107;108;110;200;201;202,61.532;60.864;40.341;88.596;76.315;55.882,-0.17851491276845277,-0.5139137246284553,-2.7471531931030233,-0.11077069256279835,0.3176808926886526,0.15813885505052971,,,,,,,22.074,
1763047613.384355,492,107;108;110;200;201;202,60.719;58.688;39.545;88.231;84.330;53.038,-0.15627549787411255,-0.4965109321112422,-2.7459745229443224,-0.10775513941368398,0.31219461009295185,0.1629998779177579,,,,,,,21.142,
1763047613.482678,493,107;108;110;200;201;202,61.132;59.091;38.440;93.270;85.875;56.362,-0.13702196180215254,-0.48483836128704233,-2.7472161806808475,-0.10506710391182349,0.3053265884793456,0.16740144662537687,,,,,,,20.466,
1763047613.584213,494,107;108;110;200;201;202,61.437;59.432;41.889;89.484;76.385;53.928,-0.2629620772324522,-0.49035626285900963,-2.736418739141355,-0.11318116878548655,0.30351004918542923,0.17336787386803645,,,,,,,22.633,
1763047613.680916,495,107;108;110;200;201;202,57.708;59.407;44.235;90.975;83.537;52.476,-0.21735502209732607,-0.4833607667677454,-2.739200603983237,-0.10894860239771116,0.3015707245512444,0.1718681094740908,,,,,,,21.559,
1763047613.779724,496,107;108;110;200;201;202,64.230;60.536;45.923;88.830;84.823;58.417,-0.1842427009493738,-0.4752995024895378,-2.737147805473956,-0.10442762755514937,0.30243812779210966,0.17050211258119957,,,,,,,20.760,
1763047613.875368,497,107;108;110;200;201,61.534;58.576;45.149;89.894;75.546,-0.22065571734296835,-0.5234336634112945,-2.7424574213437154,-0.11615234078850432,0.3207833526148198,0.1567043828531742,,,,,,,23.060,
1763047613.975268,498,107;108;110;200;201,61.371;58.776;39.415;87.763;80.204,-0.24226245769922755,-0.5505652704193725,-2.7462533988108317,-0.12719059812651481,0.3333028174184358,0.1497432577655582,,,,,,,24.367,
1763047614.075967,499,107;108;110;200;201,63.307;61.343;45.365;84.679;73.896,-0.2618719516104328,-0.5805529494193954,-2.7482918695410867,-0.13265340135455653,0.34670372037626795,0.13973585293268054,,,,,,,25.754,
1763047614.176334,500,107;108;110;200;201;202,60.710;57.619;41.207;90.949;77.424;50.746,-0.21627980576737077,-0.5546305719951153,-2.752457095264757,-0.12133432265247251,0.3320321462448446,0.147886912925861,,,,,,,24.081,
1763047614.274824,501,107;108;110;200;201;202,61.456;59.295;44.355;88.166;77.386;58.488,-0.18080969308325265,-0.5320320701116167,-2.7515991084438243,-0.11179141005926199,0.32202281753511414,0.15338536250736223,,,,,,,22.760,
1763047614.373800,502,107;108;110;200;201,63.233;61.168;47.882;89.719;80.135,-0.21891404125876823,-0.557315596246999,-2.748628583992196,-0.12156788822511737,0.3360359964720621,0.14384310229033484,,,,,,,24.243,
1763047614.471609,503,107;108;110;200;201,63.233;61.168;47.882;89.719;80.135,-0.21891404125876823,-0.557315596246999,-2.748628583992196,-0.12156788822511737,0.3360359964720621,0.14384310229033484,,,,,,,24.243,
1763047614.571325,504,107;108;110;200;201;202,62.514;61.032;40.940;89.983;80.920;50.214,-0.18712259845049473,-0.5368502327503436,-2.752044439659117,-0.1154326688239184,0.32653677480844645,0.15059846078520772,,,,,,,23.020,
1763047614.665316,505,107;108;200;201;202,62.310;58.844;87.454;75.633;52.193,-0.1318780692783633,-0.5246797840363321,-2.786691919816642,-0.11692113515873005,0.3062582945365698,0.17068378924654876,,,,,,,21.719,
1763047614.770990,506,107;108;200;201;202,64.652;59.183;91.600;79.646;54.258,-0.09261924608621072,-0.5115389888948129,-2.8079090090034295,-0.11912487872709228,0.29093606035120734,0.1844680290181486,,,,,,,20.761,
1763047614.867345,507,107;108;110;200;201;202,66.300;58.256;43.787;90.135;78.306;53.628,-0.1011101793952368,-0.5059862144947727,-2.788486105316715,-0.11066189670268169,0.29486112822935656,0.17853531671732684,,,,,,,20.720,
1763047614.965091,508,107;108;110;200;201,63.480;59.224;43.984;88.564;81.469,-0.1618189864184679,-0.5379233949471615,-2.774531517136964,-0.12072764168999388,0.3178755186264305,0.1630126811674053,,,,,,,22.612,
1763047615.066506,509,107;108;110;200;201;202,62.887;58.295;42.507;85.335;77.919;52.682,-0.14855143815679786,-0.5202546698757219,-2.7646396633016335,-0.11294974530543173,0.3145965626041988,0.16379553574418684,,,,,,,21.852,
1763047615.165337,510,107;108;110;200;201;202,60.812;58.610;42.720;92.486;80.504;61.079,-0.1298021173687311,-0.5038654802470758,-2.7607518213760116,-0.10595119823871547,0.3065419986162482,0.16676278491390076,,,,,,,21.049,
1763047615.261460,511,107;108;110;200;201,62.049;60.710;42.244;93.074;78.407,-0.17749800478377378,-0.543699295327659,-2.763083153348323,-0.11780820302271577,0.32181225664808766,0.1549752139678179,,,,,,,23.087,
1763047615.360799,512,107;108;110;200;201,59.398;61.797;40.984;88.083;87.527,-0.21063517347424093,-0.5562455979129614,-2.7573421782629377,-0.1297767707552646,0.3346342789177358,0.149088660526963,,,,,,,24.028,
1763047615.462543,513,107;108;110;200;201;202,62.685;57.836;42.497;88.555;76.812;59.484,-0.1760840189296717,-0.5315990819202957,-2.7562627698167335,-0.1171793188152582,0.3226513008415238,0.15500265789777654,,,,,,,22.655,
1763047615.562885,514,107;108;110;200;201;202,62.209;60.673;44.823;87.012;76.315;55.859,-0.1551403886974821,-0.5200825628168227,-2.7554693479749433,-0.10975489811839531,0.31713662872989273,0.1574235424967498,,,,,,,21.973,
1763047615.657109,515,107;108;110;200;201,58.937;58.184;44.158;90.927;82.519,-0.195126084059614,-0.5444413454290371,-2.7503757450195083,-0.12097047377981812,0.3300928295716115,0.14907391815093413,,,,,,,23.421,
1763047615.757434,516,107;108;110;200;201,61.536;56.948;46.112;92.150;83.694,-0.2281810266113723,-0.5593126627508341,-2.7437049172273964,-0.1279366581611063,0.3390791190780415,0.1428285069557463,,,,,,,24.486,
1763047615.857086,517,107;108;110;200;201;202,62.940;56.085;42.426;88.755;79.437;55.179,-0.19196667727968295,-0.5324856830392706,-2.7434420678913303,-0.11692801952089424,0.32698367503078185,0.1505210542822812,,,,,,,22.974,
1763047615.956595,518,107;108;110;200;201,61.429;56.664;46.596;88.350;82.216,-0.22672575110279852,-0.5509778960067014,-2.7376454753497463,-0.12549013858789237,0.33876918676462475,0.14294535642353162,,,,,,,24.197,
1763047616.056346,519,107;108;110;200;201;202,63.309;59.133;42.301;93.215;79.292;55.645,-0.18859202510778483,-0.5307429828630438,-2.7431258113627215,-0.11524836019626256,0.3257121045243086,0.1504888830957405,,,,,,,22.865,
1763047616.155903,520,107;108;200;201;202,62.541;61.539;88.768;85.163;55.450,-0.13197880411961202,-0.5088265062822193,-2.7743452804658,-0.11856449359179555,0.3061335420768123,0.1719731324694165,,,,,,,21.184,
1763047616.256127,521,107;108;110;200;201,60.328;57.545;45.779;87.724;83.574,-0.18416212988947633,-0.5321003808106962,-2.7593448814453243,-0.12645222322860558,0.32467100700822743,0.15884513571964837,,,,,,,22.758,
1763047616.351793,522,107;108;110;200;201,63.308;59.284;39.125;94.373;80.504,-0.213826631550692,-0.558635605618015,-2.761461996471901,-0.13280298806570554,0.3329236191446404,0.15109410600084,,,,,,,24.135,
1763047616.450756,523,107;108;110;200;201,61.160;59.164;43.773;91.002;82.219,-0.23881632649675857,-0.5734470719276614,-2.756284269568991,-0.1373247798892991,0.3413912997960877,0.1447465852313183,,,,,,,25.079,
1763047616.553744,524,107;108;110;200;201;202,63.266;60.856;46.749;86.481;81.940;56.599,-0.20059036743632563,-0.540849554105849,-2.7498000094162833,-0.12441919397627964,0.3312998479355968,0.15027213418353474,,,,,,,23.365,
1763047616.649974,525,107;108;110;200;201;202,67.448;56.671;39.954;89.686;81.570;53.363,-0.17676697071272054,-0.5188303067464795,-2.7466692595191984,-0.1153845371858386,0.32242342395508145,0.15615170812657628,,,,,,,22.240,
1763047616.747673,526,107;108;110;200;201,59.961;58.945;43.632;85.346;84.657,-0.21369099605282224,-0.5387130963494432,-2.7410629877682076,-0.1264734943629131,0.3366947400380306,0.14787069459644867,,,,,,,23.528,
1763047616.844197,527,107;108;110;200;201,61.031;60.681;45.750;93.301;81.742,-0.2388118850103537,-0.562740559649252,-2.743832691319138,-0.13246671284283604,0.3438812729144818,0.1417472579782045,,,,,,,24.773,
1763047616.948783,528,107;108;110;200;201;202,60.427;59.951;43.604;83.061;76.686;51.230,-0.20305602364532815,-0.5401561214487953,-2.7462317418251114,-0.12188682744436509,0.3345222296205221,0.14788508845492424,,,,,,,23.396,
1763047617.045472,529,107;108;110;200;201,65.994;59.564;40.686;86.704;83.324,-0.2331546741889433,-0.5577803474207825,-2.7434822794219373,-0.13087081609068593,0.3456431139761898,0.1423751155868874,,,,,,,24.506,
1763047617.142645,530,107;108;110;200;201,58.994;60.866;45.195;85.585;76.867,-0.253597262212209,-0.5781922100550683,-2.7464688272696187,-0.13627482740549995,0.3530277270486769,0.13648950385394049,,,,,,,25.549,
1763047617.248773,531,107;108;110;200;201;202,62.500;59.726;42.619;87.789;83.762;53.204,-0.2111009029597253,-0.5436243171550343,-2.7454653632724026,-0.12517565104977316,0.3384727423143337,0.14620600961145738,,,,,,,23.644,
1763047617.341651,532,107;108;200;201,63.746;54.268;88.520;75.223,-0.21104201389005614,-0.571152666428841,-2.7827927356068094,-0.14088187281945835,0.3314323686555924,0.156987131572572,,,,,,,24.416,
1763047617.440979,533,107;108;110;200;201,62.996;62.563;41.153;90.154;80.903,-0.23563424317644935,-0.5885260524657525,-2.776134427141917,-0.1438954107681184,0.34180524854749766,0.1486993197156513,,,,,,,25.444,
1763047617.541250,534,107;108;110;200;201;202,61.485;60.342;43.395;85.037;80.838;51.867,-0.2016438327251644,-0.5536765403857222,-2.766181743907265,-0.13082380600624569,0.33164151529967556,0.15357116292125061,,,,,,,23.752,
1763047617.642864,535,107;108;110;200;201;202,62.923;59.267;40.621;90.376;79.502;56.459,-0.17111479811450142,-0.5301722182117289,-2.763446476770338,-0.1196075140389292,0.32091573566620196,0.15877150153778705,,,,,,,22.496,
1763047617.738352,536,107;108;110;200;201,62.705;62.091;42.363;87.407;81.930,-0.20916165780794205,-0.554953843557949,-2.7598436202413295,-0.12937057126725207,0.33578203294481657,0.14926248234779493,,,,,,,23.944,
1763047617.842584,537,107;108;110;200;201;202,61.884;61.042;42.469;89.367;77.749;54.405,-0.17782295915138788,-0.5372159064171087,-2.7608244294889692,-0.11935983320203428,0.3255311779500786,0.15424990644432754,,,,,,,22.861,
1763047617.936565,538,107;108;110;200;201;202,58.913;64.183;40.358;88.521;78.514;57.519,-0.1489522481584625,-0.5237090494847871,-2.764289812769713,-0.11316633836664534,0.317212787339633,0.15963679003485434,,,,,,,21.990,
1763047618.040937,539,107;108;110;200;201;202,64.352;59.683;42.244;90.860;78.905;52.076,-0.1408388422539058,-0.5166671740119916,-2.760883515480165,-0.10790761034333932,0.313397792754859,0.16191837143337193,,,,,,,21.654,
1763047618.138167,540,107;108;110;200;201;202,62.794;56.594;44.589;92.166;83.169;56.031,-0.13127715592682707,-0.4981651625939421,-2.752271920321268,-0.10269401291193608,0.30820085273919545,0.1643664457768188,,,,,,,20.892,
1763047618.236343,541,107;108;110;200;201;202,61.714;60.584;42.775;84.606;82.860;56.849,-0.12432098871095662,-0.4859038054651327,-2.7484152767377537,-0.10136309262142737,0.3072361172620957,0.16617502870615988,,,,,,,20.369,
1763047618.331538,542,107;108;110;200;201,64.925;58.231;38.152;91.895;84.325,-0.17432266015705095,-0.5193920608036589,-2.7487969992514043,-0.11629928641449318,0.32207481848357616,0.15676901680188368,,,,,,,22.217,
1763047618.431755,543,107;108;110;200;201,61.181;60.333;42.633;89.178;84.648,-0.2113795298169319,-0.5429426202369757,-2.746499965339201,-0.12715975204068886,0.3350240809562031,0.1494475427576619,,,,,,,23.616,
1763047618.528858,544,107;108;110;200;201,63.446;56.603;44.514;86.202;79.762,-0.24047718478264157,-0.559809496132141,-2.7400855917222815,-0.13242957763423618,0.34517972022789495,0.14180334459164623,,,,,,,24.717,
1763047618.629083,545,107;108;110;200;201,61.787;57.363;43.015;90.387;78.767,-0.25626718254097053,-0.5757999436807659,-2.7421605891969936,-0.13616033768551555,0.3492014842594084,0.1373263983487445,,,,,,,25.535,
1763047618.727865,546,107;108;110;200;201;202,63.171;61.872;41.539;91.772;81.322;51.497,-0.213208128944299,-0.5509430240206156,-2.7477749274929915,-0.1252275119648597,0.33557399751340455,0.1462541009781933,,,,,,,23.931,
1763047618.824615,547,107;108;200;201,64.475;59.453;86.960;83.051,-0.2121034274441589,-0.5691889470692573,-2.781004444279467,-0.14442664385388918,0.33308796118487227,0.15806539708465678,,,,,,,24.370,
1763047618.927410,548,107;108;200;201;202,62.706;58.638;88.748;84.458;54.211,-0.14843485896720024,-0.5346953962393985,-2.79932458633197,-0.13925916144113487,0.31124897766935855,0.17680216003954943,,,,,,,22.190,
1763047619.027212,549,107;108;110;200;201,63.720;57.788;41.642;93.064;80.221,-0.1927002655729764,-0.5602286533534082,-2.7855853428961455,-0.14014589249664425,0.3257335318411689,0.16311847102846702,,,,,,,23.751,
1763047619.125150,550,107;108;110;200;201,61.876;60.127;42.809;92.783;83.942,-0.2223587577901385,-0.5738230056044026,-2.7746389572433166,-0.14241547046003822,0.3362941837822766,0.15395399667945706,,,,,,,24.726,
1763047619.224344,551,107;108;110;200;201,60.561;60.822;42.896;88.569;78.242,-0.24526087185452333,-0.5908391186330092,-2.7702353696064033,-0.14422452501509986,0.3452605009838299,0.14555682996260488,,,,,,,25.712,
1763047619.321964,552,107;108;110;200;201;202,63.866;60.061;43.476;92.705;85.549;56.018,-0.20345304875105719,-0.5532618955274593,-2.7616177478054147,-0.13021240496110853,0.33094292517913537,0.15291095857578907,,,,,,,23.791,
1763047619.419167,553,107;108;110;200;201,62.732;60.586;43.537;92.410;76.867,-0.23092723997446815,-0.5801705983638538,-2.763353884254239,-0.13438987836905456,0.33990147932325443,0.14434952162877043,,,,,,,25.159,
1763047619.518021,554,107;108;110;200;201,66.069;56.810;47.042;88.445;84.801,-0.25594191522256016,-0.5811661881255048,-2.747088394371471,-0.13722727087054631,0.349699344588178,0.13843346640820714,,,,,,,25.690,
1763047619.617577,555,107;108;110;200;201,64.352;57.686;37.281;89.734;82.398,-0.265762924912623,-0.5876915725255698,-2.7480728648532518,-0.14153594948318002,0.3526922807226578,0.1374185364324428,,,,,,,26.076,
1763047619.719591,556,107;108;110;200;201,62.484;61.460;39.681;87.526;83.702,-0.2727092872479286,-0.5920117720310685,-2.748882672906301,-0.14574890292094825,0.35692225358552265,0.13612531213893672,,,,,,,26.339,
1763047619.815635,557,107;108;110;200;201;202,63.888;62.944;44.252;86.175;78.997;53.814,-0.2263142020740488,-0.5615453502737764,-2.7503452703829394,-0.13133414201738824,0.3433863065461634,0.1439269758783132,,,,,,,24.496,
1763047619.915153,558,107;108;110;200;201;202,60.322;60.184;43.999;93.868;81.622;55.357,-0.18724461136362194,-0.5371639777218866,-2.7521823879688814,-0.1202147676348838,0.32878020877718034,0.1516531434446137,,,,,,,23.033,
1763047620.026117,559,107;108;110;200;201;202,64.964;64.270;42.269;91.718;77.609;55.984,-0.16162753793889575,-0.5274372432414148,-2.7586188414907404,-0.11285051895944843,0.3207861450241584,0.15589494761901543,,,,,,,22.309,
1763047620.120324,560,107;108;110;200;201;202,65.399;60.222;44.027;89.052;82.516;53.027,-0.1490861539600556,-0.5116823740359396,-2.752240246681246,-0.1079322787584098,0.3168519738337167,0.15871943530179172,,,,,,,21.602,
1763047620.215012,561,107;108;110;200;201,61.803;60.551;41.160;90.072;78.437,-0.19129900764544056,-0.547092591788825,-2.7561704652771173,-0.12029466825098489,0.33037137619348783,0.14944589749943385,,,,,,,23.433,
1763047620.316083,562,107;108;110;200;201;202,60.609;60.835;43.457;86.265;78.421;52.564,-0.16660010529001287,-0.5284138120866093,-2.755197403619239,-0.11348635130458797,0.3232066885594943,0.15419115342883366,,,,,,,22.425,
1763047620.415345,563,107;108;110;200;201;202,62.256;58.844;43.464;87.634;84.069;56.456,-0.2875729720882999,-0.5062349304574439,-2.7324434821028345,-0.12006525011125957,0.31715209271472133,0.16579639077249989,,,,,,,23.689,
1763047620.517633,564,107;108;110;200;201;202,65.558;57.269;42.489;91.289;79.526;59.265,-0.23074843955503005,-0.4950043865741505,-2.736355431475898,-0.11015454798614721,0.31004279517471534,0.1660200344423277,,,,,,,22.223,
1763047620.615313,565,107;108;110;200;201;202,64.342;59.969;46.120;92.560;81.277;55.538,-0.3299716667609054,-0.49174298795357524,-2.7211406636769544,-0.11571103468451552,0.3075002969147347,0.17281411078801534,,,,,,,24.160,
1763047620.712085,566,107;108;110;200;201;202,64.870;60.910;42.805;89.236;74.292;61.544,-0.2589523218396416,-0.49297121488376094,-2.7365671359239983,-0.10710313923559996,0.3045933220602328,0.1697475476729466,,,,,,,22.650,
1763047620.813920,567,107;108;110;200;201;202,63.802;59.325;44.868;85.996;83.090;59.553,-0.21290933792298192,-0.48109627700204877,-2.7351417554601944,-0.1027484228740682,0.3046316047889347,0.16908148095502676,,,,,,,21.427,
1763047620.917004,568,107;108;110;200;201,61.469;59.990;44.918;91.103;82.426,-0.23924778535536712,-0.5195408695130047,-2.7373721253705865,-0.11660765593912176,0.3222599874977285,0.15738834631567888,,,,,,,23.249,
1763047621.012232,569,107;108;110;200;201,62.592;62.639;47.871;91.016;84.746,-0.2575468185314238,-0.546185305485966,-2.737525063915998,-0.1263948038801135,0.33633180917910444,0.14823350247138212,,,,,,,24.518,
1763047621.111173,570,107;108;110;200;201;202,65.250;60.317;40.867;90.998;79.088;55.492,-0.21271714771991723,-0.5300008623124475,-2.744987599863234,-0.11670142358840405,0.32526406112943584,0.15374782409560028,,,,,,,23.166,
1763047621.205782,571,107;108;110;200;201,62.627;60.113;43.748;90.841;75.964,-0.2374283686339291,-0.5631037754036309,-2.7493962340516234,-0.1250098556739847,0.3366824777527393,0.1449290574977856,,,,,,,24.727,
1763047621.304118,572,107;108;110;200;201;202,60.200;60.556;44.530;89.114;80.478;55.734,-0.333792801365281,-0.5380926303212075,-2.731432675733537,-0.12790660512986174,0.3264707045783779,0.1602722592108384,,,,,,,25.726,
1763047621.405215,573,107;108;110;200;201;202,63.206;56.908;38.072;88.559;83.447;49.554,-0.27038676564950753,-0.5160801876050553,-2.73636603986284,-0.11981430560726068,0.3188846135071193,0.1630233322108126,,,,,,,23.680,
1763047621.498337,574,107;108;110;200;201;202,65.806;59.404;39.227;88.445;82.178;56.059,-0.21951915924758922,-0.5024374438333199,-2.7399979350306913,-0.11284539757561579,0.313445783783,0.16475387133028216,,,,,,,22.287,
1763047621.603502,575,107;108;110;200;201;202,65.328;61.607;44.087;87.056;83.584;53.545,-0.190743003272143,-0.4940095448949996,-2.740601343912611,-0.10903567289785303,0.3130868108042116,0.16453450928800092,,,,,,,21.534,
1763047621.698193,576,107;108;110;200;201;202,62.828;61.050;42.950;90.772;76.349;53.887,-0.2989702069664085,-0.49765181968612254,-2.7309203128800004,-0.1154896297817367,0.3093596142374751,0.1712251442862298,,,,,,,23.632,
1763047621.796587,577,107;108;200;201;202,61.676;57.958;92.598;81.211;54.981,-0.36347356995142904,-0.49111429600305795,-2.7482130163978997,-0.12928501561427877,0.29204177429402695,0.19662665946566882,,,,,,,24.730,
1763047621.894504,578,107;108;110;200;201;202,57.450;60.117;46.949;90.751;75.526;60.398,-0.2799996998893043,-0.48832831941592586,-2.753350100847673,-0.11727658847419842,0.2910420473198139,0.18522666264716642,,,,,,,22.789,
1763047622.049898,579,107;108;110;200;201;202,64.676;61.307;43.242;89.351;80.915;51.911,-0.23276186043247482,-0.48927239637902736,-2.752836459122503,-0.11196565457289281,0.29610391112554985,0.17843826909760777,,,,,,,21.952,
1763047622.160374,580,107;108;200;201;202,64.160;59.538;89.414;79.756;58.150,-0.32281797070022017,-0.4847487443679133,-2.7634709816618304,-0.12739734172194958,0.28389586517946575,0.200134709137871,,,,,,,23.498,
1763047622.269602,581,107;108;110;200;201;202,64.475;59.861;47.420;89.242;81.251;55.187,-0.3952497414964735,-0.4835037650397973,-2.735510928145114,-0.12630351548592939,0.2917804256943186,0.19742493194845914,,,,,,,25.352,
1763047622.366122,582,107;108;110;200;201;202,68.716;61.427;40.285;82.749;79.664;55.099,-0.31317332165589196,-0.4836257309972838,-2.740916767355196,-0.11887480513481104,0.2982448277185223,0.18576495190029746,,,,,,,23.394,
1763047622.461971,583,107;108;110;200;201,60.460;59.208;43.918;89.937;84.384,-0.3080118804887747,-0.5170842801571603,-2.7392301321733394,-0.12857538143427824,0.3183903217343299,0.17068975466444986,,,,,,,24.428,
1763047622.555411,584,107;108;110;200;201,60.149;60.902;40.854;88.874;81.099,-0.30327961775663004,-0.5460060850901833,-2.744646370477935,-0.13624887381604364,0.3320313453406545,0.15976689668832603,,,,,,,25.293,
1763047622.653665,585,107;108;110;200;201;202,63.922;57.872;41.381;88.462;80.127;58.125,-0.2422038739154871,-0.5221644980077331,-2.746081995101916,-0.12301881652484185,0.3209451759693797,0.1622147662012214,,,,,,,23.339,
1763047622.753352,586,107;108;110;200;201,62.940;59.318;45.342;88.346;83.358,-0.26011147652874306,-0.5443668734437613,-2.741041921270343,-0.13066133454429707,0.3358635073121319,0.15197301577034455,,,,,,,24.474,
1763047622.853938,587,107;108;110;200;201,64.756;60.967;43.035;90.559;84.410,-0.27185211940080733,-0.5628184090346523,-2.740296535504207,-0.13646952201570942,0.3453395583998226,0.14533263764676713,,,,,,,25.341,
1763047622.951328,588,107;108;110;200;201,62.650;62.559;44.006;89.231;79.530,-0.2779908506751391,-0.5823666243759557,-2.7456769440184323,-0.14047718539748058,0.35234163408267954,0.13925288716035789,,,,,,,26.106,
1763047623.056524,589,107;108;110;200;201;202,61.571;59.561;44.727;86.989;80.870;60.765,-0.22216151780765117,-0.5451458416724325,-2.7454284652145953,-0.1256682261615454,0.3362263996781738,0.1480770848875872,,,,,,,23.863,
1763047623.151257,590,107;108;110;200;201;202,65.152;59.037;42.882;93.198;82.531;55.424,-0.1887883214188282,-0.5244608095641677,-2.7465593263062344,-0.11612530513308571,0.32478443335377527,0.15434021403799236,,,,,,,22.611,
1763047623.252783,591,107;108;110;200;201;202,64.388;57.680;44.143;90.349;82.023;62.094,-0.16113278225587802,-0.5037582582896326,-2.7426755464786257,-0.10749298421297376,0.3157571291653644,0.1594844683894879,,,,,,,21.496,
1763047623.349705,592,107;108;110;200;201,66.746;57.870;40.325;85.704;81.324,-0.20577306418165744,-0.5335445346877743,-2.740316108791296,-0.1201162071205271,0.33242965462382434,0.15009787559014406,,,,,,,23.226,
1763047623.451177,593,107;108;110;200;201;202,64.277;63.589;46.536;89.078;77.689;54.799,-0.17877768771582123,-0.5242398117607456,-2.7454960552156913,-0.11229873738572993,0.32559536957829854,0.153078314843464,,,,,,,22.477,
1763047623.545027,594,107;108;110;200;201,64.330;63.182;42.916;87.743;79.986,-0.21530276588437108,-0.5554603962078405,-2.749179042375971,-0.12410635094847611,0.33921182688397733,0.1444347480357424,,,,,,,24.119,
1763047623.647723,595,107;108;110;200;201;202,64.496;56.726;44.495;88.528;77.693;61.400,-0.18088600688288248,-0.5273370253956563,-2.7468057562464328,-0.11208907135620802,0.3265734016209585,0.15171138351660973,,,,,,,22.613,
1763047623.744867,596,107;108;110;200;201;202,61.434;66.400;43.298;83.386;81.317;52.602,-0.16047249742762465,-0.5160430655319868,-2.7505773249290937,-0.1102281751583659,0.3236384988424772,0.15543510844518404,,,,,,,21.910,
1763047623.847858,597,107;108;110;200;201;202,64.218;63.465;42.550;94.707;83.269;55.734,-0.14251817135847178,-0.5063026037404127,-2.7546491843014795,-0.106463666459334,0.31605819500504534,0.15956929207679663,,,,,,,21.310,
1763047623.942492,598,107;108;110;200;201,62.331;62.636;44.625;93.548;76.232,-0.1871631271330591,-0.5495108741228087,-2.76075837291916,-0.11778372741679466,0.3292666091028949,0.14833227443762062,,,,,,,23.441,
1763047624.043251,599,107;108;110;200;201;202,62.380;58.036;40.841;86.164;81.633;59.403,-0.15933721465152545,-0.520235476515527,-2.7548563850210646,-0.11036011988708999,0.3197283853779811,0.1563021597612243,,,,,,,22.031,
1763047624.142557,600,107;108;200;201;202,61.502;60.673;89.213;76.161;56.426,-0.10731148234443486,-0.5117146995924251,-2.7895500297205307,-0.11291474350203055,0.2992856771756371,0.17520079761519466,,,,,,,20.985,
1763047624.240597,601,107;108;110;200;201;202,59.844;58.924;44.517;90.415;83.265;55.407,-0.106273372376792,-0.49666638107934036,-2.7741604668094135,-0.10748140675346345,0.2982753000472883,0.1735836987420635,,,,,,,20.480,
1763047624.334788,602,107;108;110;200;201,63.712;61.648;43.746;92.057;84.691,-0.16314488411032116,-0.5294033861533358,-2.7667833994323554,-0.119562648368213,0.3184366344845062,0.16032198860289387,,,,,,,22.352,
1763047624.435682,603,107;108;200;201;202,64.770;59.744;89.425;81.345;50.994,-0.26429407490719364,-0.5164758524581637,-2.777137066706216,-0.13476711614889658,0.30275846192182804,0.18486004924866897,,,,,,,23.323,
1763047624.534428,604,107;108;110;200;201,62.827;58.103;46.061;88.574;82.206,-0.27777445432680326,-0.5395949354562901,-2.7616907693738764,-0.13744023538056113,0.3225218294213353,0.16800630050602422,,,,,,,24.478,
1763047624.634498,605,107;108;110;200;201,63.466;61.416;47.217;84.868;77.261,-0.2892100341137958,-0.5672316700829239,-2.756219767133794,-0.14019644947470217,0.3396751041515203,0.15360741589907767,,,,,,,25.692,
1763047624.734196,606,107;108;110;200;201;202,64.488;58.298;47.311;91.462;85.355;56.829,-0.23654713480118983,-0.5340753558250781,-2.747475546598575,-0.12582567455170116,0.3275361394231495,0.156807898163765,,,,,,,23.669,
1763047624.830434,607,107;108;110;200;201,63.335;59.638;40.677;91.125;83.110,-0.25397163972079284,-0.5561193130120978,-2.748418560720753,-0.13334825475666756,0.3378774919386711,0.1497084981789623,,,,,,,24.744,
1763047624.930335,608,107;108;110;200;201,61.635;61.481;44.426;94.955;81.617,-0.2637913468586312,-0.5764318083529808,-2.7513448614899123,-0.13732555971107974,0.34395242170539897,0.14351137812010314,,,,,,,25.616,
1763047625.034824,609,107;108;110;200;201,62.569;59.739;44.805;94.583;80.777,-0.27217625039706395,-0.5903514643246354,-2.750347878803198,-0.1392881435183309,0.34834502534366946,0.1387555647529147,,,,,,,26.261,
1763047625.128716,610,107;108;110;200;201,63.870;61.171;44.708;88.528;76.526,-0.28248371504271425,-0.6055676580013322,-2.751475577866603,-0.1409736503336997,0.35495124248449894,0.13352117309207923,,,,,,,26.967,
1763047625.230625,611,107;108;110;200;201;202,63.610;59.967;44.928;89.742;84.073;58.295,-0.22874592711060954,-0.5617947604670427,-2.7479277767121846,-0.12680891102586372,0.33853473677948487,0.14431866101984642,,,,,,,24.557,
1763047625.326282,612,107;108;110;200;201,63.133;59.240;49.740;83.976;80.633,-0.25737662853373533,-0.5743147764794634,-2.739010594973638,-0.13224340541207347,0.35100441628941,0.13613909508530467,,,,,,,25.521,
1763047625.427881,613,107;108;110;200;201,62.588;64.417;48.032;93.522;78.076,-0.2696291379471344,-0.5971885856192213,-2.7458969867045853,-0.13597914239486103,0.35584530674654413,0.1312032886337342,,,,,,,26.496,
1763047625.526552,614,107;108;110;200;201;202,64.582;59.946;40.151;86.709;79.920;51.711,-0.22391502878369526,-0.5644976573806262,-2.748268148705435,-0.12505556623681743,0.3415231421763129,0.14175767862455124,,,,,,,24.583,
1763047625.626478,615,107;108;110;200;201;202,63.295;60.856;43.610;92.812;83.219;58.128,-0.18554362148759676,-0.5357349042885526,-2.7498810395717586,-0.11555042540888855,0.32803409337124356,0.1504751298038878,,,,,,,22.971,
1763047625.721428,616,107;108;110;200;201,62.264;62.677;45.013;91.069;77.765,-0.21794835847025312,-0.5674285279131686,-2.754025637760857,-0.12503288396576806,0.3393883530875694,0.14204750317902276,,,,,,,24.567,
1763047625.835598,617,107;108;110;200;201;202,62.240;59.381;43.649;86.909;85.494;53.587,-0.18770020625521275,-0.5338708887610266,-2.7472002425384607,-0.11758177881603114,0.3292980589006994,0.15044389790041487,,,,,,,22.946,
1763047625.925612,618,107;108;200;201;202,62.910;62.980;93.057;84.919;58.069,-0.2856908378011563,-0.5157672307723286,-2.7627457272462403,-0.1333120637764464,0.30689347945984174,0.18048209767409257,,,,,,,23.788,
1763047626.024373,619,107;108;110;200;201;202,60.032;61.094;44.236;91.824;80.054;59.377,-0.37057487425955976,-0.5048597648849181,-2.741117853258044,-0.1316652742643934,0.3036429838660608,0.18682313051148536,,,,,,,25.384,
1763047626.119981,620,107;108;110;200;201,61.444;61.694;44.850;93.360;73.239,-0.3484355294843462,-0.5524267084375436,-2.7525199750557756,-0.1357926316114893,0.32122365773187,0.16826789595110556,,,,,,,26.366,
1763047626.221056,621,107;108;110;200;201;202,62.729;58.962;47.896;88.588;73.824;55.474,-0.27794853842251277,-0.5368245791107142,-2.75332832094616,-0.121303089516221,0.315442465326421,0.16373044324738348,,,,,,,24.440,
1763047626.317985,622,107;108;110;200;201;202,64.062;58.059;44.978;90.445;85.416;56.759,-0.22877918224022117,-0.5116571336983999,-2.74676610171962,-0.11300415750403296,0.31056601405291084,0.16486091560264504,,,,,,,22.732,
1763047626.420852,623,107;108;110;200;201;202,65.516;61.812;40.789;88.919;76.168;54.710,-0.19260655035884144,-0.5081315571807887,-2.7532379264045566,-0.10759223924079156,0.30835624007956663,0.16495841898880498,,,,,,,22.013,
1763047626.514896,624,107;108;110;200;201,61.849;62.296;46.109;93.637;76.839,-0.22286955653696414,-0.5498236753540519,-2.758333781153376,-0.1183646483885896,0.3242025552790488,0.1525321718114259,,,,,,,23.962,
1763047626.616544,625,107;108;110;200;201;202,62.178;61.086;42.315;93.242;85.183;57.222,-0.18404352184570213,-0.523591267585031,-2.757355815632061,-0.11187673927395851,0.31532310093265814,0.15814955884710952,,,,,,,22.449,
1763047626.713687,626,107;108;110;200;201;202,63.605;60.969;48.320;90.958;78.008;57.200,-0.16228200379626825,-0.5129605102141996,-2.755077469648367,-0.1049207557360364,0.3118339910942875,0.1591680235777174,,,,,,,21.787,
1763047626.813578,627,107;108;110;200;201,59.529;62.795;44.225;91.332;80.240,-0.1985549624695537,-0.5480283136239891,-2.7588486506766734,-0.11842116235360715,0.3271668726344614,0.14929495345912278,,,,,,,23.547,
1763047626.911641,628,107;108;110;200;201;202,64.594;61.085;44.105;88.796;82.021;54.767,-0.1748151752855621,-0.527323058306194,-2.754257327665462,-0.11177669596707751,0.32111252160363146,0.15412157477705693,,,,,,,22.490,
1763047627.013093,629,107;108;110;200;201,65.232;58.323;45.336;90.892;79.292,-0.21355463668476565,-0.5545130515615151,-2.749572029991516,-0.12077406884368797,0.3345679896466606,0.14473565990482892,,,,,,,24.056,
1763047627.271520,630,107;108;110;200;201,65.975;59.305;42.388;87.605;83.010,-0.24128867642708998,-0.5682333295555455,-2.744133483107364,-0.12936932164257697,0.3452665921974503,0.1397114984888403,,,,,,,25.010,
1763047627.376229,631,107;108;110;200;201;202,66.665;59.710;42.808;91.275;85.040;53.680,-0.3344578636248518,-0.5404371884469377,-2.7242567435322065,-0.13139137245815535,0.33417007703056567,0.15645775271864562,,,,,,,25.869,
1763047627.473540,632,107;108;110;200;201;202,62.442;61.328;48.146;86.956;79.730;59.221,-0.40970775999730674,-0.5210703023690821,-2.708760466165067,-0.13060262443709264,0.3260248137913166,0.16778724714488003,,,,,,,27.066,
1763047627.573863,633,107;108;110;200;201;202,64.984;58.742;43.318;92.442;79.970;52.701,-0.32272250664537244,-0.512036639626764,-2.723535484383323,-0.1198467359192578,0.3182752838358458,0.16495847589684973,,,,,,,24.666,
1763047627.672661,634,107;108;110;200;201;202,63.059;60.931;47.529;91.706;78.129;54.089,-0.26188239878666186,-0.5081073155964998,-2.7331403166792105,-0.11162631131363496,0.3142372032662253,0.16302033956732623,,,,,,,23.261,
1763047627.768504,635,107;108;110;200;201,62.572;59.691;45.141;86.254;77.302,-0.2767005584514729,-0.5427810872729459,-2.735844662758184,-0.12234762144642132,0.33168246967577386,0.15132308642082734,,,,,,,24.744,
1763047627.870507,636,107;108;110;200;201;202,61.635;58.042;45.728;91.639;79.943;52.906,-0.22863165570456373,-0.5240991495922136,-2.738963269734816,-0.11340960910235577,0.3221845662137564,0.15502584767336697,,,,,,,23.232,
1763047627.967285,637,107;108;110;200;201,61.178;62.543;48.661;91.279;76.402,-0.24976058395708262,-0.5609946680210843,-2.744732538089218,-0.12248286461532056,0.3358062219735048,0.14438585094017925,,,,,,,24.876,
1763047628.071341,638,107;108;110;200;201,64.819;61.919;43.711;94.166;82.432,-0.2637462414508213,-0.5807531660067053,-2.7473188744760226,-0.1300892765899492,0.3438449445476272,0.13980932021103332,,,,,,,25.799,
1763047628.167362,639,107;108;110;200;201,64.673;57.063;43.974;91.235;78.347,-0.27564152529785757,-0.5920707846807582,-2.7449600090313075,-0.13361227176351453,0.3493008096560322,0.13546084331607638,,,,,,,26.418,
1763047628.268446,640,107;108;110;200;201;202,63.762;60.409;45.379;93.284;82.809;56.228,-0.2257907643925618,-0.5571074171091587,-2.7453107293975765,-0.12140916372890721,0.3346809205316603,0.14490660535742517,,,,,,,24.358,
1763047628.362806,641,107;108;110;200;201,64.321;63.192;43.107;86.778;76.616,-0.24896972463410275,-0.5828758424585578,-2.750859827015676,-0.12990059764595396,0.3463008456381562,0.13801997441481464,,,,,,,25.616,
1763047628.465235,642,107;108;110;200;201;202,64.386;58.258;46.793;89.478;84.223;53.488,-0.21192689685019622,-0.5475045587415494,-2.7444008854015283,-0.11961481972038686,0.334438321958236,0.1460713096488869,,,,,,,23.807,
1763047628.559871,643,107;108;110;200;201,62.256;58.205;44.631;92.599;82.029,-0.23727407602006367,-0.5662352480055298,-2.743059133908189,-0.12724304729861338,0.3423684750654855,0.14080937985144318,,,,,,,24.882,
1763047628.659727,644,107;108;110;200;201,65.497;58.551;44.800;89.466;84.742,-0.2577544913235081,-0.5738793345903911,-2.737175780845206,-0.13336348780267318,0.35041534137190256,0.13693862363511886,,,,,,,25.524,
1763047628.758356,645,107;108;110;200;201,64.591;59.880;42.146;92.578;75.685,-0.26882995148445465,-0.595584728783006,-2.7456803575430073,-0.13625964036912233,0.35328464465708026,0.1329497766213137,,,,,,,26.427,
1763047628.860369,646,107;108;110;200;201;202,63.244;64.856;39.046;91.449;81.308;51.263,-0.21953368048444333,-0.5671420762241478,-2.755295638209126,-0.1265925304110339,0.3387082103643281,0.14371137587679778,,,,,,,24.571,
1763047628.957172,647,107;108;110;200;201;202,61.773;64.110;47.922;90.124;80.610;56.441,-0.18551933394649117,-0.5433915025635978,-2.7550462462787055,-0.11706011432915475,0.3289131028298966,0.14945722962718067,,,,,,,23.226,
1763047629.060181,648,107;108;110;200;201,63.023;55.602;45.770;89.934;80.269,-0.2228555101528972,-0.5612389614179074,-2.746665077746498,-0.12423388972327039,0.33940362788615075,0.14204910679294558,,,,,,,24.458,
1763047629.156547,649,107;108;110;200;201;202,62.750;61.330;47.882;90.195;81.486;50.671,-0.1953427266573659,-0.5396340032896433,-2.746178980642228,-0.1161543247009516,0.3307989603989962,0.14760220166056798,,,,,,,23.271,
1763047629.256438,650,107;108;110;200;201,64.770;60.925;38.786;93.001;77.968,-0.22332182675035805,-0.5714499809131376,-2.7549095675884,-0.1259281058739003,0.3387447003118219,0.1424130947214213,,,,,,,24.786,
1763047629.354137,651,107;108;110;200;201;202,62.934;59.175;41.985;91.835;75.909;54.419,-0.18824560074071844,-0.5491782173390122,-2.7583725742715757,-0.11551735699863572,0.32631260260917605,0.14965048642082912,,,,,,,23.457,
1763047629.453979,652,107;108;110;200;201;202,60.685;57.449;45.993;88.176;75.982;56.881,-0.1623887075565643,-0.5295510278390149,-2.754301532171598,-0.10702951118875166,0.3179237040500106,0.15405171100864093,,,,,,,22.424,
1763047629.555638,653,107;108;110;200;201;202,64.511;54.738;44.048;91.234;81.865;53.712,-0.1499281792855522,-0.5115950516775768,-2.7469404927690313,-0.10205762174202675,0.312698170455632,0.1584407162251806,,,,,,,21.639,
1763047629.652588,654,107;108;110;200;201;202,62.854;58.566;46.423;91.454;73.280;51.101,-0.14220788855458413,-0.5127368523590636,-2.749544737791503,-0.09804229367420206,0.31016608948096736,0.15872461584545916,,,,,,,21.583,
1763047629.752505,655,107;108;110;200;201;202,63.367;60.561;45.019;89.204;76.796;54.703,-0.13279836102466264,-0.5081195023405403,-2.750962556744904,-0.09630889427638016,0.30840081221604493,0.160066521467879,,,,,,,21.300,
1763047629.846986,656,107;108;110;200;201,64.188;62.138;46.440;91.726;72.172,-0.18355212223940684,-0.5572340721087641,-2.758694664496039,-0.10982501257633695,0.32598966291001197,0.1468911329724322,,,,,,,23.699,
1763047629.946764,657,107;108;110;200;201,65.362;60.126;42.171;88.531;82.992,-0.21966753905131264,-0.5713224411236018,-2.753045183743265,-0.12190367505911304,0.33865337593881145,0.14101256865315298,,,,,,,24.742,
1763047630.050232,658,107;108;110;200;201;202,65.304;58.516;43.565;89.671;78.668;54.425,-0.18841392702248697,-0.5445762380922284,-2.7517202394925695,-0.11296645219060872,0.3279590221005065,0.1483462093185911,,,,,,,23.329,
1763047630.144750,659,107;108;110;200;201,61.914;59.720;43.060;92.911;82.735,-0.21891536946394383,-0.5642048284558209,-2.750582105957689,-0.12333017698982704,0.33716099137818356,0.14292580700395885,,,,,,,24.485,
1763047630.255123,660,107;108;110;200;201,63.837;60.946;38.994;89.752;78.350,-0.23904300245152899,-0.5848897295380054,-2.755274391048514,-0.13147755015431506,0.34492585785564256,0.13853704272824865,,,,,,,25.507,
1763047630.344877,661,107;108;110;200;201,64.283;63.436;39.803;87.052;79.566,-0.255410602939612,-0.5983932889778408,-2.7588509275089197,-0.13829673856888894,0.3525102445229404,0.13509471642926657,,,,,,,26.222,
1763047630.448811,662,107;108;110;200;201,64.305;59.644;41.512;84.675;83.481,-0.2710264710907817,-0.5988234362816771,-2.749996921296129,-0.14265658907940026,0.35937227901229635,0.13309313310388832,,,,,,,26.548,
1763047630.546132,663,107;108;200;201;202,63.488;60.758;92.935;82.163;52.916,-0.3399285168558289,-0.5653331492524681,-2.7649993726459283,-0.14988485950481542,0.33099620578393607,0.1701331394353611,,,,,,,26.532,
1763047630.641809,664,107;108;200;201;202,63.788;60.130;92.704;79.627;56.112,-0.23585331575733562,-0.541059748096704,-2.7978171325429018,-0.14054597616227585,0.3078821209797299,0.18296679561984727,,,,,,,23.585,
1763047630.743152,665,107;108;110;200;201,59.366;62.800;45.070;89.422;82.344,-0.2524208266409023,-0.5636958962719577,-2.7837401523791034,-0.14299954313387836,0.3264779340744681,0.1669394179983049,,,,,,,24.752,
1763047630.843077,666,107;108;110;200;201,64.828;63.500;43.779;85.820;78.453,-0.26726139506244545,-0.5847900709765143,-2.7739672478383723,-0.1450182437486338,0.3423191495368865,0.15383502806479024,,,,,,,25.813,
1763047630.970226,667,107;108;110;200;201,61.634;63.542;44.291;90.711;78.106,-0.27579264201328185,-0.6030154776766146,-2.7720875782865333,-0.14613235756420806,0.34981385965538647,0.14492573142078113,,,,,,,26.615,
1763047631.082054,668,107;108;110;200;201;202,63.087;61.319;47.451;88.511;82.820;54.180,-0.22885824038819835,-0.5636505743502497,-2.7625622249855675,-0.13130077231018314,0.3369739729151281,0.14995989640748128,,,,,,,24.530,
1763047631.174624,669,107;108;110;200;201;202,62.570;63.423;41.647;87.841;82.549;55.961,-0.19174970303998795,-0.5379832445493585,-2.7617283511793467,-0.1220119347570479,0.3274675691346336,0.15599027659359385,,,,,,,23.063,
1763047631.270168,670,107;108;110;200;201,63.181;61.422;45.016;91.049;79.197,-0.22442369213235605,-0.5663947081475104,-2.7600075764873817,-0.1291779328994282,0.33929328857440005,0.14654825603300942,,,,,,,24.582,
1763047631.366417,671,107;108;110;200;201;202,62.755;62.667;44.549;87.267;85.555;58.728,-0.18786423143919506,-0.5327248048868973,-2.7539697487855466,-0.11992960931895477,0.32899577519602835,0.15375775678583206,,,,,,,22.863,
1763047631.464655,672,107;108;200;201,64.651;57.632;91.602;81.587,-0.19175704650025596,-0.559383360306553,-2.7878879665492686,-0.13926688099611986,0.3250278571919851,0.16337767779092033,,,,,,,23.693,
1763047631.615067,673,107;108;110;200;201;202,65.107;61.969;45.505;89.631;76.269;52.934,-0.17063529989254253,-0.5449787081017954,-2.778986613126094,-0.12578345011998454,0.3197465856358552,0.16220778327068175,,,,,,,22.952,
1763047631.699460,674,107;108;110;200;201,63.572;61.298;43.236;92.177;77.135,-0.20743994050712838,-0.5740188641044266,-2.7744108519092534,-0.13128408945807032,0.3330789249094389,0.1508717124050239,,,,,,,24.530,
1763047631.799429,675,107;108;110;200;201,64.948;57.083;43.884;86.767;79.240,-0.2393574913251934,-0.584925967493247,-2.761067070811371,-0.13481494515867734,0.34459740581649756,0.14290088652736757,,,,,,,25.473,
1763047631.899441,676,107;108;110;200;201;202,65.828;61.977;41.343;91.566;81.976;52.742,-0.2026578122773904,-0.5561799640502295,-2.7602170046185157,-0.12427299347445706,0.3326027573712743,0.15042798338486651,,,,,,,23.897,
1763047632.045886,677,107;108;110;200;201;202,61.089;58.142;42.997;90.653;77.797;52.526,-0.17446251481309702,-0.5364318261745504,-2.758954190884587,-0.1150878417625295,0.3222077842765317,0.15517990385589167,,,,,,,22.801,
1763047632.159322,678,107;108;110;200;201,66.127;61.376;44.790;92.440;77.653,-0.21304198833452415,-0.5683077097027515,-2.759727380537821,-0.12331603615777549,0.3353987015016836,0.1448321685999339,,,,,,,24.493,
1763047632.260565,679,107;108;110;200;201;202,63.384;60.751;41.054;89.881;78.239;51.971,-0.18198469653591978,-0.5475045515373719,-2.7614029075784834,-0.11567896962752308,0.32552474950992794,0.15144122977963206,,,,,,,23.296,
1763047632.359447,680,107;108;110;200;201;202,62.565;60.372;44.941;91.398;78.877;58.016,-0.15721919549170407,-0.5284383835406131,-2.7590837385757285,-0.10816994555474892,0.3172267704991375,0.15648470698614203,,,,,,,22.293,
1763047632.458330,681,107;108;110;200;201;202,61.847;62.989;44.913;88.770;84.566;53.517,-0.14462923051139243,-0.51315122230774,-2.754599127929974,-0.10619895954109645,0.3145126769102008,0.15950081685603007,,,,,,,21.596,
1763047632.556734,682,107;108;110;200;201;202,63.579;62.792;40.571;93.054;80.960;54.967,-0.266738092893546,-0.5078417954512331,-2.743391788997998,-0.11520262209076293,0.30953583286022557,0.16845909208282897,,,,,,,23.277,
1763047632.657914,683,107;108;110;200;201;202,63.786;61.819;47.664;89.900;78.116;58.291,-0.21833484512934534,-0.5026105075120749,-2.745865590462389,-0.10762490853073096,0.30827097627825223,0.1662937576724347,,,,,,,22.240,
1763047632.752428,684,107;108;110;200;201;202,60.334;63.431;48.653;92.190;78.504;50.027,-0.19079107729788142,-0.5053877633726624,-2.750313118479608,-0.10468455691549412,0.3083945773158433,0.16416014545890062,,,,,,,21.903,
1763047632.854911,685,107;108;110;200;201;202,62.673;62.006;40.189;93.142;79.207;55.587,-0.16209054273068346,-0.5033308712630504,-2.7572865506393223,-0.10246649097274628,0.30436465453548245,0.16602254814093384,,,,,,,21.407,
1763047632.948900,686,107;108;110;200;201;202,64.874;60.681;42.144;88.181;79.934;51.601,-0.27911699801033785,-0.5007193421093964,-2.7405639725640785,-0.11221339241087329,0.3057758290241653,0.1714928066406608,,,,,,,23.280,
1763047633.050871,687,107;108;110;200;201,61.049;62.342;45.794;90.484;79.044,-0.2840477527715071,-0.5410579021286457,-2.7458529004569185,-0.12299734570968934,0.3244541232668911,0.1580963128106368,,,,,,,24.750,
1763047633.148993,688,107;108;110;200;201;202,65.423;62.060;44.427;92.595;83.020;50.742,-0.23603965504453592,-0.5263709075543124,-2.7488438480697117,-0.11609572688728349,0.31924813697372983,0.15921362507950354,,,,,,,23.372,
1763047633.249854,689,107;108;110;200;201;202,64.838;62.882;43.659;89.110;80.643;56.330,-0.19727709577702093,-0.5145328464333366,-2.7506448454643855,-0.11024763160050143,0.3152261277049235,0.16122499951457017,,,,,,,22.333,
1763047633.346161,690,107;108;110;200;201,65.613;59.536;42.817;94.331;80.626,-0.2263572123496068,-0.5481353907607058,-2.7516657664222506,-0.12057394226989902,0.32856776627436174,0.1514590983508217,,,,,,,23.996,
1763047633.448534,691,107;108;110;200;201;202,63.239;59.600;47.244;91.765;82.326;61.733,-0.33452661705424347,-0.5224735217781086,-2.728213219055656,-0.12308086210318314,0.31942823342427873,0.1650691377835692,,,,,,,25.239,
1763047633.544003,692,107;108;200;201;202,65.628;59.871;88.530;82.826;51.292,-0.24009825548120908,-0.5080192109260079,-2.7665205222779,-0.12327987289497817,0.30371505530611576,0.17969917902518084,,,,,,,22.667,
1763047633.645430,693,107;108;110;200;201,64.093;59.256;45.406;89.490;78.569,-0.2610033989628876,-0.5420002427498729,-2.7595828450600983,-0.1294177341958409,0.32343711246653617,0.16363849636778685,,,,,,,24.282,
1763047633.742616,694,107;108;110;200;201;202,59.627;60.132;47.207;91.279;80.501;46.715,-0.2228061821186855,-0.5290144209668945,-2.7564967628016688,-0.12026797473982112,0.31895361115963133,0.16217231896340772,,,,,,,23.210,
1763047633.844437,695,107;108;200;201;202,63.481;60.452;84.594;82.463;52.074,-0.1598893828228303,-0.5097159291630555,-2.7839040839182827,-0.12291671369828944,0.3037718000740866,0.17888617083361913,,,,,,,21.467,
1763047633.941108,696,107;108;110;200;201;202,64.911;61.953;48.535;88.233;79.794;50.423,-0.15180176435437046,-0.5065944185787885,-2.770556112474983,-0.1148064665227242,0.30752006149814504,0.17234609666872597,,,,,,,21.332,
1763047634.040967,697,107;108;110;200;201,63.014;56.729;47.123;88.419;73.547,-0.20082552633630105,-0.5453146778280026,-2.7630839450363536,-0.1213000738976231,0.3260553698035878,0.15618482738227477,,,,,,,23.450,
1763047634.146949,698,107;108;200;201,65.778;63.560;92.142;77.899,-0.19986533267156859,-0.5814925824326225,-2.8036913935454786,-0.14081030117643004,0.32427582481134726,0.16327272698031892,,,,,,,24.509,
1763047634.241591,699,107;108;110;200;201;202,64.231;62.578;48.713;87.773;77.393;53.999,-0.31161999084314423,-0.5584171278511461,-2.770263046858931,-0.13688490323314334,0.3217444968504113,0.17036837720340112,,,,,,,25.703,
1763047634.336970,700,107;108;110;200;201;202,63.513;60.161;46.510;92.671;83.077;49.631,-0.25660748964939634,-0.5365659855910584,-2.7628494445822507,-0.1256631410854221,0.3160700177716231,0.16679731926817415,,,,,,,23.992,
1763047634.436010,701,107;108;110;200;201;202,64.190;62.284;46.021;90.778;74.897;50.873,-0.3441572344569671,-0.5331917888626253,-2.745813395307354,-0.1262894380789964,0.3145523338228473,0.17162711671721978,,,,,,,25.682,
1763047634.535413,702,107;108;110;200;201;202,59.614;63.055;40.516;88.800;76.460;58.611,-0.4124635755132468,-0.5227107638494488,-2.734188653294534,-0.12836243327959704,0.3096167887670919,0.1810749321287451,,,,,,,27.000,
1763047634.637534,703,107;108;200;201;202,63.157;58.977;87.960;76.314;51.561,-0.44196405416204665,-0.5156372267006141,-2.7532812645795297,-0.1377515843927405,0.2965885518953125,0.20296211884137483,,,,,,,27.382,
1763047634.729727,704,107;108;110;200;201,65.223;61.696;40.327;93.834;81.473,-0.39687027824416093,-0.5499900218908338,-2.7571821151244897,-0.14238719878602993,0.3164559960570727,0.1821776135501467,,,,,,,27.318,
1763047634.834831,705,107;108;110;200;201;202,65.293;63.164;44.850;88.404;76.317;55.202,-0.3112174032049193,-0.5360817247011125,-2.759985270099455,-0.12838464991441317,0.3129067813555612,0.17316804948996142,,,,,,,25.002,
1763047634.931695,706,107;108;110;200;201;202,62.646;61.389;41.149;87.209;82.046;50.394,-0.2524909200103843,-0.521781235084636,-2.7585271781318834,-0.121017658518882,0.3114849903451639,0.17049984300581772,,,,,,,23.421,
1763047635.032983,707,107;108;110;200;201;202,64.330;59.949;45.670;89.520;79.743;55.949,-0.21102229907922423,-0.5091623658503432,-2.755072209047881,-0.11253581583579592,0.3087924518639657,0.16778665063283216,,,,,,,22.311,
1763047635.129036,708,107;108;110;200;201;202,64.805;63.630;45.250;90.506;79.711;55.932,-0.18054452239934055,-0.5068388999630365,-2.7562368408789575,-0.1074252745992797,0.3079070026512292,0.1661787557411242,,,,,,,21.781,
1763047635.229511,709,107;108;110;200;201;202,58.220;63.329;46.616;92.624;78.497;54.073,-0.1567426126738985,-0.5049834765357267,-2.759206672903492,-0.10386397379016214,0.305634735789876,0.16586536783815983,,,,,,,21.394,
1763047635.331245,710,107;108;110;200;201;202,64.676;63.629;41.941;90.099;80.243;54.685,-0.14215956376024097,-0.5017141858923928,-2.7601899634638043,-0.10221979270492416,0.3052990512441528,0.1661123330139613,,,,,,,21.098,
1763047635.426720,711,107;108;200;201;202,63.205;60.568;91.691;83.104;59.087,-0.09475369083837483,-0.48873889505706286,-2.7878212408683485,-0.10804966414803907,0.2888115038298389,0.1832491313251039,,,,,,,20.005,
1763047635.525746,712,107;108;110;200;201,62.810;62.368;44.024;93.145;81.805,-0.1548935043018725,-0.5299502086813181,-2.7803749039106327,-0.1193929767217622,0.3116023053244515,0.16708608160409147,,,,,,,22.196,
1763047635.656219,713,107;108;110;200;201;202,63.740;60.334;45.361;91.872;76.962;57.010,-0.1402581676370258,-0.5195464116328474,-2.7732611866609442,-0.11041812501423966,0.3073369659828472,0.16588602892309356,,,,,,,21.685,
1763047635.757824,714,107;108;110;200;201;202,63.267;59.797;45.748;88.191;83.715;54.817,-0.13184375740741278,-0.5038820881506773,-2.7611378086537144,-0.1059197588918663,0.3072983353941627,0.16608121258732897,,,,,,,21.068,
1763047635.857085,715,107;108;110;200;201;202,66.340;61.601;48.029;88.108;78.621;53.253,-0.13073546735230998,-0.5007913410206858,-2.755384448914641,-0.10220568893758762,0.3095603051346515,0.16382160262923695,,,,,,,20.970,
1763047635.953109,716,107;108;110;200;201,63.762;57.825;37.861;89.827;74.641,-0.179313248022365,-0.5434212811812714,-2.7601844433822964,-0.11531445363027547,0.32413541457914347,0.15299897403959753,,,,,,,23.117,
1763047636.053318,717,107;108;110;200;201,61.668;61.237;42.726;87.196;83.668,-0.21452765250657482,-0.5604670717328375,-2.754699064531223,-0.12665371408010948,0.3379852451456199,0.1459675319131,,,,,,,24.257,
1763047636.152171,718,107;108;110;200;201;202,64.390;62.168;45.446;88.397;82.632;50.232,-0.18940613597351358,-0.5394767095434806,-2.7515991367930965,-0.11917180803309911,0.3307275757360192,0.15071873136586286,,,,,,,23.151,
1763047636.251497,719,107;108;110;200;201;202,58.577;62.033;45.532;90.625;83.867;57.859,-0.1607699657558835,-0.5161210853698212,-2.750254284053421,-0.11224476288763972,0.3209169325226517,0.15673823503820808,,,,,,,21.918,
1763047636.350393,720,107;108;110;200;201;202,64.294;58.163;43.961;89.978;77.831;53.233,-0.14741130191430904,-0.507813893161076,-2.749300770970905,-0.10593651264049837,0.3153160601252445,0.1591418915247462,,,,,,,21.452,
1763047636.450502,721,107;108;110;200;201,63.910;59.745;45.650;92.335;79.460,-0.1941381954918349,-0.5419517272426051,-2.7496921380232067,-0.11706104688282429,0.3295545138540099,0.14867952757977676,,,,,,,23.319,
1763047636.545037,722,107;108;110;200;201,65.950;60.876;44.281;83.852;83.167,-0.23028292179808893,-0.5590339626745813,-2.743424372348412,-0.12754543823550196,0.34476894771654615,0.14139781097177337,,,,,,,24.509,
1763047636.648957,723,107;108;110;200;201,66.119;63.755;40.953;88.856;76.923,-0.25189015096655387,-0.587170841234084,-2.7519545605515767,-0.13441504016786884,0.3522630921634627,0.1362165648771095,,,,,,,25.809,
1763047636.745443,724,107;108;110;200;201;202,62.112;61.518;44.537;88.930;82.001;53.660,-0.20966313334242145,-0.5544868398355475,-2.751720691670732,-0.12348981739155018,0.33816005628424534,0.14490204666194537,,,,,,,23.986,
1763047636.843630,725,107;108;110;200;201,62.915;61.081;44.176;91.481;79.424,-0.2349112455196515,-0.577766373191069,-2.7523530167357677,-0.13042447489250786,0.3458732071466845,0.139139801775109,,,,,,,25.205,
1763047636.942551,726,107;108;110;200;201,63.936;65.847;44.515;92.452;81.378,-0.2516253157017858,-0.5953462229184777,-2.7565683465709108,-0.13633462399998506,0.35219758366433823,0.13473706800433435,,,,,,,26.069,
1763047637.045618,727,107;108;110;200;201;202,64.619;64.118;44.869;89.986;76.338;54.246,-0.20977540853320206,-0.5706665197635379,-2.761008095965277,-0.12389031090706638,0.3392110837287036,0.14255624883238088,,,,,,,24.527,
1763047637.142522,728,107;108;110;200;201,64.562;61.597;39.989;89.409;81.082,-0.23568192061457943,-0.5860792297041885,-2.7604889879743766,-0.13231708830971867,0.34733641346659255,0.13846191068257516,,,,,,,25.465,
1763047637.247975,729,107;108;110;200;201;202,66.022;62.689;42.361;87.842;77.240;55.030,-0.19862387207875531,-0.5591501459436994,-2.7616850534756243,-0.12111218890792826,0.33564392581663405,0.14605005066668209,,,,,,,23.944,
1763047637.339134,730,107;108;110;200;201,64.022;63.682;37.668;88.236;81.926,-0.22655441425829106,-0.5785146214074361,-2.7631522224359384,-0.13198473766073465,0.34520363818823613,0.14199019560085524,,,,,,,25.037,
1763047637.441511,731,107;108;110;200;201;202,61.587;59.375;43.314;90.830;78.845;52.651,-0.190357581037177,-0.5516717070075124,-2.761115631761666,-0.12072525365493213,0.33184450480329225,0.14925227398120322,,,,,,,23.561,
1763047637.537879,732,107;108;200;201;202,64.642;64.301;89.678;81.236;57.985,-0.12998864990684675,-0.5311323626396334,-2.793389593779365,-0.12128773127019578,0.3109014782770485,0.16986059754891528,,,,,,,21.907,
1763047637.638096,733,107;108;110;200;201;202,63.129;65.429;37.934;93.252;80.682;57.586,-0.11520548158882628,-0.5209016009040479,-2.789839852050716,-0.11511199951493314,0.30549879919661505,0.17082194502150086,,,,,,,21.403,
1763047637.734898,734,107;108;110;200;201;202,66.631;61.007;44.371;92.312;77.814;54.129,-0.11555691958819662,-0.5149919977948924,-2.779715295481348,-0.10841733236609448,0.3048202791351137,0.16825976570595932,,,,,,,21.238,
1763047637.838472,735,107;108;110;200;201;202,63.846;62.393;43.546;87.733;82.823;56.483,-0.11307775465247628,-0.5023900683402003,-2.769546682993934,-0.10512817175259018,0.3052852947687515,0.16832901088738642,,,,,,,20.786,
1763047637.967233,736,107;108;110;200;201;202,63.166;64.703;42.144;88.760;80.648;52.255,-0.1129693435792859,-0.5011850462793553,-2.7678158265052604,-0.10436804490709474,0.30653620124481673,0.1673602258792667,,,,,,,20.748,
1763047638.070746,737,107;108;110;200;201,64.766;66.525;41.843;89.439;83.800,-0.16652617147590346,-0.5382214982827693,-2.7676491398489094,-0.11979392968991906,0.32644531383856135,0.15529369399097095,,,,,,,22.720,
1763047638.162768,738,107;108;110;200;201,62.866;62.009;43.581;87.186;77.968,-0.20737657516853109,-0.5661594691210655,-2.7646275119765207,-0.1283919318991876,0.3398642587627516,0.14559567273704485,,,,,,,24.303,
1763047638.268848,739,107;108;110;200;201,64.908;61.895;43.864;90.461;80.292,-0.23510201333913375,-0.5841674140221252,-2.7602604976919616,-0.13398435979805026,0.34843823771395066,0.13898966343027022,,,,,,,25.388,
1763047638.363898,740,107;108;110;200;201,61.394;63.331;46.836;86.769;80.375,-0.25514860496873365,-0.5949872134568353,-2.75675341570275,-0.1386368004727489,0.35613923353027666,0.13363989247303515,,,,,,,26.109,
1763047638.462104,741,107;108;110;200;201;202,67.173;61.359;42.444;89.613;78.273;57.030,-0.2115984864024154,-0.5644080554989004,-2.757894860347165,-0.12485051184116246,0.3405280968111555,0.1434416621927722,,,,,,,24.341,
1763047638.559945,742,107;108;110;200;201;202,65.580;64.446;47.316;86.579;85.712;55.399,-0.18617259703416597,-0.5369573462693368,-2.7514055270965083,-0.11746212468876009,0.333337636465068,0.1494450740240996,,,,,,,23.016,
1763047638.661281,743,107;108;110;200;201;202,63.385;62.037;41.669;87.439;75.826;58.707,-0.15761318966050814,-0.5234796249972749,-2.7562871008517877,-0.10979309471833663,0.32340277856415084,0.15485954748297845,,,,,,,22.126,
1763047638.759583,744,107;108;110;200;201,64.759;63.567;44.122;87.979;80.991,-0.20031051863402607,-0.5549834039144793,-2.755896769606518,-0.12196527374542715,0.3385573791277339,0.14550635385635427,,,,,,,23.849,
1763047638.861406,745,107;108;110;200;201;202,64.501;62.158;43.085;91.468;81.128;57.260,-0.17079709490779765,-0.5341617136849137,-2.7558178507889157,-0.11373281892834367,0.32751161145888336,0.15248127518415194,,,,,,,22.690,
1763047638.957901,746,107;108;110;200;201;202,62.354;60.187;41.707;88.028;82.312;54.993,-0.1505065817755095,-0.5148817061035865,-2.7522084771723696,-0.10902227920573676,0.31980907328668423,0.1575884637498688,,,,,,,21.741,
1763047639.058496,747,107;108;110;200;201;202,63.467;61.161;44.785;90.225;79.899;53.130,-0.14006370873234347,-0.5072810570521973,-2.752573504975999,-0.10511218597832206,0.31562309652364307,0.15964804562637006,,,,,,,21.333,
1763047639.155789,748,107;108;110;200;201,65.051;62.528;41.447;93.401;83.322,-0.18550870793774926,-0.5396397249017494,-2.755109556721416,-0.11861244090068285,0.3292050899015059,0.1503566372304268,,,,,,,23.085,
1763047639.255619,749,107;108;200;201;202,64.878;62.380;88.161;84.525;55.499,-0.13119262327008654,-0.5164915290911871,-2.7828418947734366,-0.12093414428605334,0.30979631302735094,0.171202839614134,,,,,,,21.421,
1763047639.351180,750,107;108;110;200;201,63.038;60.005;44.136;90.583;80.465,-0.18140060828286417,-0.5467759259612793,-2.7728888545519563,-0.1281137799656066,0.3268912529024414,0.15792234770408292,,,,,,,23.189,
1763047639.452143,751,107;108;110;200;201,64.258;61.044;44.573;93.947;79.518,-0.21723393615691036,-0.5731661792485727,-2.7683407574287147,-0.13268420754834018,0.3377800734403257,0.14835617592238004,,,,,,,24.673,
1763047639.549737,752,107;108;110;200;201,64.572;66.794;43.994;93.114;84.143,-0.23942055348679334,-0.5906643785633008,-2.767392802837542,-0.13865485003032138,0.3470372993775464,0.14199568607575008,,,,,,,25.639,
1763047639.652331,753,107;108;110;200;201;202,63.760;65.454;43.178;93.721;79.093;54.733,-0.19800127000925846,-0.5665904807977118,-2.7707338097517638,-0.12654065587440375,0.33322581372193405,0.14862396865889324,,,,,,,24.154,
1763047639.750152,754,107;108;110;200;201;202,61.338;63.030;47.052;86.811;83.856;55.417,-0.17289472232149405,-0.5363999235287082,-2.7624936820574018,-0.11814888888183463,0.32573771206059887,0.15364521507497544,,,,,,,22.759,
1763047639.847681,755,107;108;110;200;201;202,63.431;60.190;44.130;95.153;73.578;50.089,-0.15728922340404464,-0.5330697744014405,-2.7657816340986154,-0.11021805425081868,0.31764571030876326,0.1556570289237204,,,,,,,22.430,
1763047639.946116,756,107;108;110;200;201,64.688;65.489;40.960;92.440;83.344,-0.19662660294146753,-0.5617708449615482,-2.7674556043467593,-0.12363458627576876,0.3317982294250658,0.14806790317473428,,,,,,,23.978,
1763047640.047407,757,107;108;110;200;201,63.772;61.857;45.183;94.505;82.980,-0.2262198455672132,-0.5784965645261805,-2.7630931679180555,-0.13047494952647082,0.3405983744995578,0.1417741915143337,,,,,,,25.032,
1763047640.144267,758,107;108;110;200;201;202,61.995;59.879;42.934;90.616;80.250;52.806,-0.1922097688150786,-0.5505105308501214,-2.7606277747271015,-0.12051608782007586,0.32872334689535054,0.14942884211142507,,,,,,,23.544,
1763047640.248607,759,107;108;110;200;201;202,65.721;64.418;41.019;89.121;79.431;54.883,-0.16611525332163782,-0.5357344129692099,-2.762988355821048,-0.11433256568474916,0.32224804353717645,0.15457820253654705,,,,,,,22.649,
1763047640.345247,760,107;108;110;200;201;202,62.915;63.635;45.705;93.171;78.587;50.444,-0.15227444056094333,-0.528043578020288,-2.7639325518749347,-0.10945702546520426,0.31752431926550473,0.15647954754263946,,,,,,,22.194,
1763047640.440595,761,107;108;110;200;201,63.520;60.766;49.025;90.837;80.721,-0.19931604233419145,-0.555961676432839,-2.7569348018694684,-0.11928963969861946,0.33323491310749526,0.14541624370828493,,,,,,,23.866,
1763047640.546364,762,107;108;110;200;201,64.486;63.061;42.073;91.845;83.072,-0.2270328669901821,-0.5748550489589794,-2.756990796511939,-0.12930361820713418,0.34283751983710126,0.14073522986654116,,,,,,,24.951,
1763047640.641215,763,107;108;110;200;201,64.364;61.081;45.685;90.754;77.597,-0.25074517063254,-0.5943167995955062,-2.756272192353004,-0.13377389466188302,0.3506133259671021,0.13491536154655548,,,,,,,26.020,
1763047640.743850,764,107;108;110;200;201;202,64.777;63.016;43.431;93.274;76.915;51.897,-0.21072301134433638,-0.5712958205577676,-2.761407283251937,-0.12224402790651656,0.336808010733456,0.14324875644959603,,,,,,,24.560,
1763047640.846648,765,107;108;110;200;201;202,64.872;62.415;46.511;93.324;82.845;53.332,-0.18210685793012363,-0.5469366022002854,-2.7580930287064995,-0.11444019252175985,0.3273838940290826,0.14914725423722763,,,,,,,23.297,
1763047640.948332,766,107;108;110;200;201;202,64.146;66.348;46.807;82.725;85.516;55.629,-0.16462069807052535,-0.5233672689805274,-2.7523047822327507,-0.11093436157304515,0.3251977809519321,0.15333343042761788,,,,,,,22.227,
1763047641.041059,767,107;108;110;200;201,62.499;60.734;47.088;83.909;80.459,-0.20979573480207309,-0.548970686568029,-2.7458242484086024,-0.12203884333925366,0.34170537081941765,0.14311116095627457,,,,,,,23.821,
1763047641.138686,768,107;108;110;200;201;202,62.666;62.589;45.931;90.781;80.885;58.550,-0.17673280233125974,-0.5280130702528734,-2.7487022760981024,-0.1131921311881568,0.3296270012968628,0.15046230272009334,,,,,,,22.574,
1763047641.241376,769,107;108;110;200;201;202,60.636;61.604;45.617;85.269;82.868;53.735,-0.15937412997113037,-0.5113178040025945,-2.745241921714289,-0.10931872339359092,0.32404084774961894,0.15540141592496196,,,,,,,21.748,
1763047641.336477,770,107;108;110;200;201;202,65.110;60.488;41.549;87.163;83.167;52.850,-0.1471061101975284,-0.5002084239646535,-2.7441367889772654,-0.10667837719151195,0.3196267261497476,0.15903483773184468,,,,,,,21.187,
1763047641.431426,771,107;108;110;200;201,66.449;62.365;39.288;87.394;80.305,-0.1933136088279301,-0.5382192662714157,-2.7495871128141616,-0.12086551667091995,0.3344361440898333,0.1494574771233544,,,,,,,23.169,
1763047641.532086,772,107;108;110;200;201;202,62.210;59.959;38.240;85.105;72.704;55.757,-0.30844327714808756,-0.5284466683248229,-2.73848138304916,-0.12507576561350198,0.32479022618267706,0.1629489078679451,,,,,,,24.831,
1763047641.631980,773,107;108;110;200;201,62.687;62.264;45.215;90.517;78.587,-0.30556352757997307,-0.5600328091177217,-2.7444337910683476,-0.13204982161551737,0.3374927154366232,0.15167886090839836,,,,,,,25.824,
1763047641.730329,774,107;108;110;200;201,60.786;62.884;46.528;91.331;77.118,-0.3018488077090325,-0.5854340516105679,-2.750922624957247,-0.1362820993225426,0.34599135157366284,0.14288401555129035,,,,,,,26.595,
1763047641.827689,775,107;108;110;200;201,65.449;63.271;45.443;91.823;81.572,-0.3026209253862173,-0.598778207082753,-2.7513036714528134,-0.13983650119357474,0.35335508910544616,0.13734257060603505,,,,,,,27.074,
1763047641.929246,776,107;108;110;200;201;202,66.097;62.152;46.287;89.722;82.611;54.104,-0.24969084506849415,-0.5635838381816981,-2.7496235128517306,-0.12700360635456437,0.3400853799483744,0.1448013145779911,,,,,,,24.936,
1763047642.029785,777,107;108;110;200;201;202,65.829;65.242;44.423;84.545;78.873;52.680,-0.21173329573822455,-0.5451105781600368,-2.752642692824427,-0.11935952707219183,0.3335864187027403,0.14894750166111428,,,,,,,23.662,
1763047642.126209,778,107;108;110;200;201;202,67.637;61.710;44.147;86.885;78.315;54.461,-0.1855348140441,-0.5296887969883616,-2.751929002989081,-0.11185860331222758,0.3271708498792763,0.15267565799688104,,,,,,,22.731,
1763047642.227386,779,107;108;110;200;201;202,67.637;61.710;44.147;86.885;78.315;54.461,-0.1855348140441,-0.5296887969883616,-2.751929002989081,-0.11185860331222758,0.3271708498792763,0.15267565799688104,,,,,,,22.731,
1763047642.325594,780,107;108;110;200;201;202,61.506;61.125;40.802;92.600;79.631;57.575,-0.1563846896775969,-0.5156833874263933,-2.7566791630440792,-0.10663052315956165,0.3168722597323157,0.15881203733330815,,,,,,,21.812,
1763047642.422657,781,107;108;110;200;201;202,60.868;66.516;43.111;85.483;82.538;50.358,-0.14538516550882458,-0.5090483218647001,-2.757933314787544,-0.10709401922012478,0.31664216001784123,0.1606312046708717,,,,,,,21.428,
1763047642.521184,782,107;108;110;200;201;202,59.784;65.640;43.251;88.628;80.214;53.483,-0.13193520703616568,-0.505301076471456,-2.7621913639830917,-0.1058214676972896,0.31374634825646014,0.16273767678996182,,,,,,,21.118,
1763047642.618380,783,107;108;110;200;201;202,65.404;62.157;46.715;92.235;85.666;54.343,-0.12898493139230885,-0.497232678348451,-2.755589196211943,-0.10341060693369658,0.31222368158393765,0.16378472764720164,,,,,,,20.814,
1763047642.719186,784,107;108;110;200;201;202,63.421;65.611;48.476;85.908;80.564;59.410,-0.12403617044193939,-0.4935434068486049,-2.7526004459433397,-0.10088208534695564,0.3124223262215737,0.16338948803963796,,,,,,,20.639,
1763047642.818744,785,107;108;110;200;201;202,63.748;62.763;45.382;89.563;82.607;51.944,-0.12533466670286617,-0.49176290336720535,-2.7511338763785864,-0.10063059550938519,0.31194498076066085,0.16364525497853982,,,,,,,20.591,
1763047642.915077,786,107;108;110;200;201;202,58.987;59.366;41.973;90.228;81.439;52.729,-0.11923404186299737,-0.487141287968472,-2.750671174507909,-0.09987757913172865,0.30804337262229975,0.16613567457017636,,,,,,,20.355,
1763047643.058429,787,107;108;110;200;201;202,66.793;59.243;43.984;87.663;79.447;52.654,-0.12255166779818988,-0.4862844334833396,-2.7473726220015466,-0.09844300429183922,0.30877262875990386,0.16535127040406294,,,,,,,20.372,
1763047643.149128,788,107;108;110;200;201;202,64.358;58.907;42.410;83.137;82.876;52.492,-0.12455237489361687,-0.47870999820394233,-2.741908917303248,-0.09876903120997683,0.3100993872931704,0.16568561476158497,,,,,,,20.127,
1763047643.247859,789,107;108;110;200;201;202,62.959;65.523;41.535;88.705;77.810;50.024,-0.12194495518904871,-0.48982544075018897,-2.752546542475683,-0.10030847106344644,0.31021490783380024,0.16506580135593493,,,,,,,20.475,
1763047643.345654,790,107;108;110;200;201;202,65.265;61.540;42.743;87.131;75.223;52.347,-0.12145922257942085,-0.494811103962224,-2.755280520280421,-0.09885437791958131,0.3101028228315699,0.16388534564100005,,,,,,,20.649,
1763047643.444516,791,107;108;110;200;201;202,65.332;61.235;46.960;88.199;82.667;58.239,-0.259840996329727,-0.4886062670930687,-2.733594709369239,-0.10853523186039891,0.3094351090740296,0.16944241671640528,,,,,,,22.530,
1763047643.545904,792,107;108;110;200;201;202,61.114;62.283;44.021;85.826;82.362;47.584,-0.22152392010670197,-0.4887740932575986,-2.737773673182014,-0.10783718132051379,0.3115690761301069,0.1675184397995887,,,,,,,21.834,
1763047643.646206,793,107;108;110;200;201;202,62.681;61.474;45.317;86.676;81.292;52.087,-0.19207479576012712,-0.4862555317296932,-2.7392784571414843,-0.10492032402861462,0.3117878568987107,0.16619640832632257,,,,,,,21.272,
1763047643.745848,794,107;108;110;200;201;202,64.315;61.782;43.997;91.455;82.539;49.976,-0.17234505105133804,-0.4879229314462771,-2.742645562539401,-0.10383692262312683,0.31104499188372414,0.1655919762017715,,,,,,,21.038,
1763047643.844309,795,107;108;110;200;201;202,62.855;63.520;43.651;88.731;82.351;56.092,-0.15258375293585383,-0.48445998003949253,-2.7462394556850627,-0.10236734584740032,0.3091865223048501,0.16616164571833691,,,,,,,20.636,
1763047643.940757,796,107;108;200;201,61.443;64.386;93.567;80.145,-0.16132073860311696,-0.5344663557315614,-2.794308378612885,-0.12899343574744918,0.30878106133825406,0.171582923975488,,,,,,,22.353,
1763047644.044132,797,107;108;110;200;201;202,62.188;63.123;42.216;93.406;84.719;53.519,-0.14440600918792304,-0.5178069794908681,-2.783251383815328,-0.12066869817731922,0.3056534500801784,0.1710995683803198,,,,,,,21.603,
1763047644.138158,798,107;108;110;200;201,63.207;63.915;44.751;88.729;81.384,-0.19123176635133254,-0.5505349325614517,-2.7751215691752833,-0.12921747256756855,0.3259464732328209,0.157525573381215,,,,,,,23.440,
1763047644.238081,799,107;108;110;200;201,62.069;61.125;44.295;86.649;80.965,-0.2252242145258313,-0.5697836395637471,-2.7658222454351797,-0.13534097896484473,0.3401289386395003,0.14791456121370625,,,,,,,24.679,
1763047644.334846,800,107;108;110;200;201,63.630;63.841;48.683;90.718;82.610,-0.24822224296736073,-0.5844856234556315,-2.7597190306656407,-0.13890630687600836,0.3496530288790887,0.14005849582327026,,,,,,,25.601,
1763047644.438054,801,107;108;110;200;201;202,63.037;63.259;45.674;88.989;80.786;57.157,-0.20546663632244516,-0.55406235348983,-2.758345814098921,-0.12606429513869824,0.336186507201612,0.1474496300513757,,,,,,,23.869,
1763047644.533931,802,107;108;110;200;201;202,63.674;60.977;40.379;84.520;76.533;54.387,-0.1765767330193804,-0.5342501800439394,-2.7590720207400996,-0.1170458561044232,0.3274356501774767,0.15316976275291033,,,,,,,22.744,
1763047644.633425,803,107;108;110;200;201,63.225;66.040;44.801;84.328;81.727,-0.2147958574764386,-0.5606409108323436,-2.7574738608113187,-0.12841142188007057,0.3435788308248231,0.14385842000947804,,,,,,,24.249,
1763047644.734686,804,107;108;110;200;201;202,62.072;66.426;43.828;91.983;82.151;53.840,-0.1821274718516059,-0.5432117147366757,-2.761291297877549,-0.12032444105458474,0.33245779786559054,0.1507188965041016,,,,,,,23.137,
1763047644.832768,805,107;108;110;200;201;202,62.205;64.397;46.882;91.606;81.015;51.774,-0.16312542025680013,-0.5294995622620929,-2.7596633568058175,-0.11401052500935308,0.32532501656810175,0.1538100086902132,,,,,,,22.398,
1763047644.962386,806,107;108;110;200;201,63.257;59.877;44.414;87.352;78.262,-0.20634277776570611,-0.5582564616315112,-2.7553810886564376,-0.12364864337723035,0.3390737725596091,0.14454984216096126,,,,,,,24.056,
1763047645.063888,807,107;108;200;201;202,61.003;60.311;86.057;84.122;54.565,-0.14457731073130137,-0.5270850057690943,-2.7829635394226755,-0.12433126056479654,0.3164004203735405,0.16820653734133073,,,,,,,21.960,
1763047645.162482,808,107;108;110;200;201;202,65.063;60.598;45.764;88.341;78.405;55.347,-0.1359274433460688,-0.5150164833490846,-2.7722318287062464,-0.11478073439344444,0.313292798821801,0.16651392962081188,,,,,,,21.474,
1763047645.259390,809,107;108;110;200;201;202,62.150;65.295;43.893;89.214;80.992;57.873,-0.12329567048207533,-0.5063011518270424,-2.7696225050287984,-0.10960245764698935,0.310397708890197,0.1666215723634159,,,,,,,21.030,
1763047645.360746,810,107;108;110;200;201;202,63.172;60.939;46.927;90.554;81.015;51.032,-0.124348723551452,-0.5021389890200532,-2.762216640399936,-0.10587867722361101,0.30995327051154936,0.16519888457606224,,,,,,,20.921,
1763047645.458237,811,107;108;110;200;201,65.208;61.046;42.506;84.667;77.102,-0.1807212066743636,-0.5413046998831225,-2.7593098465805976,-0.1185851135280643,0.3302065839633495,0.1519727231856118,,,,,,,23.060,
1763047645.556774,812,107;108;110;200;201,65.287;61.523;46.787;85.189;81.693,-0.22134977515708115,-0.5620100432917492,-2.7510208174328903,-0.12762159213190027,0.34540229006431156,0.1425716660522797,,,,,,,24.436,
1763047645.653727,813,107;108;110;200;201;202,61.780;62.601;43.517;86.522;80.854;56.567,-0.18464078395570785,-0.5374236865272578,-2.7514006754675417,-0.11859036294156103,0.3337488444412021,0.14981041879409784,,,,,,,23.013,
1763047645.755657,814,107;108;110;200;201;202,61.780;62.601;43.517;86.522;80.854;56.567,-0.18464078395570785,-0.5374236865272578,-2.7514006754675417,-0.11859036294156103,0.3337488444412021,0.14981041879409784,,,,,,,23.013,
1763047645.852679,815,107;108;110;200;201;202,63.326;62.713;46.484;93.210;81.648;55.697,-0.16196967917652932,-0.5227411688736001,-2.751987464916755,-0.11137446103716249,0.32434373217015894,0.15437321560743683,,,,,,,22.174,
1763047645.953505,816,107;108;200;201;202,62.868;62.055;88.221;82.244;53.788,-0.1131343770890817,-0.5089287379810552,-2.7826775384449287,-0.116131504180309,0.30587048326478006,0.17402606544845042,,,,,,,20.965,
1763047646.058419,817,107;108;110;200;201;202,62.471;62.485;42.983;86.679;75.339;51.440,-0.11371498761717745,-0.5091094300374384,-2.776979301976574,-0.11059781001967732,0.3069909718563569,0.1703697865203153,,,,,,,21.010,
1763047646.152806,818,107;108;110;200;201;202,63.973;59.554;43.863;86.741;85.008;48.817,-0.12064314716757718,-0.49612044442865144,-2.7631689169373566,-0.10800862490689649,0.30876259635027425,0.16871764098916392,,,,,,,20.648,
1763047646.251275,819,107;108;110;200;201;202,63.547;63.151;48.435;88.442;82.354;52.134,-0.12321469933725049,-0.4934456352549156,-2.75679546501447,-0.10499675145644703,0.3103335797683548,0.16596908309365482,,,,,,,20.604,
1763047646.351325,820,107;108;200;201;202,64.390;62.153;90.308;81.684;55.821,-0.08624972260629134,-0.4885007498403161,-2.7869395765830993,-0.11114971766335871,0.2942634471843194,0.1811941647411778,,,,,,,19.939,
1763047646.448045,821,107;108;110;200;201;202,61.935;62.030;43.402;85.378;81.547;48.333,-0.09920171403524046,-0.4879064529113565,-2.775300071633037,-0.10881823510671877,0.3007078686789727,0.17588605674650803,,,,,,,20.076,
1763047646.546756,822,107;108;110;200;201;202,64.661;57.200;46.263;88.247;85.333;58.398,-0.104133498151212,-0.47390636282694865,-2.758085024787815,-0.103146604640325,0.3013745957056256,0.1739370170574866,,,,,,,19.663,
1763047646.644767,823,107;108;110;200;201,63.056;64.471;39.843;86.859;85.382,-0.16032913745232677,-0.5131761939562101,-2.758592622618032,-0.12001847744632682,0.3229181860760131,0.16136137299390688,,,,,,,21.752,
1763047646.749805,824,107;108;110;200;201;202,60.968;62.372;44.809;86.087;82.616;56.924,-0.14414541760620592,-0.5013415248797991,-2.7543753983358474,-0.11341379940085347,0.3180888507800085,0.16327076578665903,,,,,,,21.139,
1763047646.842697,825,107;108;110;200;201;202,60.902;63.315;41.952;89.048;83.130;51.284,-0.1347254840993462,-0.4967963472431614,-2.7556128237291055,-0.11056505841900935,0.3147809144045287,0.16504745124143777,,,,,,,20.856,
1763047646.944458,826,107;108;110;200;201,65.091;60.285;42.906;87.953;85.807,-0.18499749348897312,-0.5246598154984234,-2.748373264310156,-0.12272187307187589,0.3316149703282721,0.15412779457610803,,,,,,,22.557,
1763047647.045143,827,107;108;110;200;201;202,61.842;58.993;41.522;93.616;76.813;53.942,-0.15990123460069677,-0.5167298198567998,-2.7545563373067887,-0.11364523948222835,0.32012758200996355,0.15793108970177916,,,,,,,21.906,
1763047647.138660,828,107;108;110;200;201,61.352;63.605;48.078;89.515;82.880,-0.20277371348259615,-0.5469618931182885,-2.751816887968791,-0.12414033184118363,0.33580485652354813,0.14725733273520755,,,,,,,23.610,
1763047647.244793,829,107;108;110;200;201;202,67.187;64.256;45.626;85.641;79.335;52.204,-0.3101337108460282,-0.5352460327943788,-2.734817788290729,-0.12791522149998538,0.33164316048209075,0.15761277355047196,,,,,,,25.123,
1763047647.337490,830,107;108;110;200;201,63.795;62.660;50.405;84.102;81.709,-0.3139582303334694,-0.5574488463022904,-2.7308834790218914,-0.13419359403396225,0.34753933774303425,0.14592734374069097,,,,,,,25.991,
1763047647.438670,831,107;108;110;200;201;202,65.516;61.220;42.053;85.355;86.643;54.757,-0.255263790608854,-0.5278230922777375,-2.7331780909921517,-0.12426946517353758,0.336627937306072,0.15235503706013723,,,,,,,23.847,
1763047647.536195,832,107;108;110;200;201;202,66.962;57.645;45.835;91.278;81.946;50.699,-0.21963373686003954,-0.5134211500443764,-2.7326226560039277,-0.11512583424531787,0.3282333866003026,0.15491532056592516,,,,,,,22.737,
1763047647.634458,833,107;108;110;200;201;202,62.822;62.336;46.770;87.619;82.762;56.544,-0.187502362534145,-0.5000428182518495,-2.734577060908878,-0.10930010104375264,0.3222875261112414,0.15773678004742628,,,,,,,21.748,
1763047647.734955,834,107;108;110;200;201;202,64.133;61.388;46.488;87.141;79.721;58.419,-0.1639737880663749,-0.4929600212893666,-2.7365994162968588,-0.10386783343085619,0.3178774110849694,0.15947298979890867,,,,,,,21.154,
1763047647.833251,835,107;108;110;200;201;202,65.193;62.024;43.760;90.416;81.401;53.502,-0.15070769742924633,-0.49134391160682517,-2.741597275477941,-0.10201418472352008,0.31456120763139406,0.16116656148933267,,,,,,,20.903,
1763047647.929566,836,107;108;110;200;201;202,63.979;64.128;43.759;88.099;84.849;47.274,-0.1465311891410925,-0.490753134218462,-2.7436109487780542,-0.10366797574926986,0.31553660039377474,0.16167438996771288,,,,,,,20.820,
1763047648.036149,837,107;108;110;200;201,64.579;62.997;43.362;91.566;81.466,-0.19112171464837233,-0.5320996935191141,-2.7497227197688985,-0.11750361091908938,0.33054340591596193,0.15090016562795494,,,,,,,22.909,
1763047648.131231,838,107;108;110;200;201;202,64.779;61.790;47.255;88.627;83.386;64.289,-0.16184773337768057,-0.5090672469868702,-2.7454661533927225,-0.1090644063888852,0.3214008730914991,0.15589896214892418,,,,,,,21.690,
1763047648.228819,839,107;108;110;200;201,64.235;62.785;44.086;89.389;80.702,-0.20285886623371202,-0.5434172443363656,-2.7487959916379867,-0.12116143058049489,0.33595356947516586,0.14628816181676368,,,,,,,23.498,
1763047648.329755,840,107;108;110;200;201;202,59.159;58.921;45.925;87.273;84.359;55.194,-0.17439226166880772,-0.5147866640319597,-2.743268429491865,-0.11360234165979355,0.3257745952243753,0.15287183465392198,,,,,,,22.077,
1763047648.426129,841,107;108;110;200;201;202,65.876;61.398;40.734;89.080;84.974;58.937,-0.15298340781964095,-0.49900870522041346,-2.7434802294597005,-0.10870083067844931,0.3185645883535247,0.15884460643178297,,,,,,,21.212,
1763047648.534683,842,107;108;110;200;201;202,61.082;65.896;47.007;88.835;80.416;52.782,-0.1424212483023653,-0.49848150106234923,-2.748576206462954,-0.10618053751493658,0.31628286381451304,0.15944700382078308,,,,,,,21.043,
1763047648.632040,843,107;108;110;200;201;202,63.453;59.292;47.483;86.678;82.611;53.433,-0.13747501225094655,-0.48958284643993694,-2.7411503103551498,-0.10279225226886778,0.31517388729361134,0.160339194538034,,,,,,,20.688,
1763047648.735613,844,107;108;110;200;201;202,59.721;60.774;44.949;87.448;77.340;56.126,-0.12678253476450047,-0.4886148067830911,-2.744828989238882,-0.09992443335147899,0.3111179327072584,0.16184146242496214,,,,,,,20.518,
1763047648.833241,845,107;108;110;200;201;202,64.118;61.502;44.289;88.742;81.010;54.985,-0.12325824497620806,-0.4861000332214751,-2.7459144995803384,-0.09878811058495443,0.3098923467016333,0.16310348272309358,,,,,,,20.380,
1763047648.955885,846,107;108;110;200;201;202,63.686;64.988;43.469;91.726;86.271;55.604,-0.11771341632680751,-0.4817311543571353,-2.748359210048094,-0.09967400604654607,0.30819587242654994,0.1651001379207965,,,,,,,20.143,
1763047649.072254,847,107;108;110;200;201;202,63.686;64.988;43.469;91.726;86.271;55.604,-0.11771341632680751,-0.4817311543571353,-2.748359210048094,-0.09967400604654607,0.30819587242654994,0.1651001379207965,,,,,,,20.143,
1763047649.158215,848,107;108;110;200;201;202,60.637;59.907;41.797;87.771;85.294;54.393,-0.24961792453106535,-0.47473286074926396,-2.7308836972973993,-0.1114119238633892,0.3059803024158732,0.17217563088099103,,,,,,,21.863,
1763047649.250533,849,107;108;110;200;201,62.205;62.631;43.962;88.055;86.730,-0.26474915548603073,-0.5113433431586366,-2.732894314676089,-0.12485960840773849,0.32593625489554706,0.1606004974284406,,,,,,,23.430,
1763047649.353092,850,107;108;110;200;201;202,61.706;61.184;45.488;83.769;79.845;54.615,-0.22107747131314262,-0.5006076782654713,-2.736291255203922,-0.11641922638045522,0.3216524623523639,0.16082342483731413,,,,,,,22.267,
1763047649.447722,851,107;108;110;200;201;202,61.706;61.184;45.488;83.769;79.845;54.615,-0.22107747131314262,-0.5006076782654713,-2.736291255203922,-0.11641922638045522,0.3216524623523639,0.16082342483731413,,,,,,,22.267,
1763047649.549189,852,107;108;110;200;201,64.758;57.510;49.580;89.595;81.879,-0.24962994226969137,-0.5311292660660574,-2.730610691526909,-0.12368638900684281,0.33654855994725974,0.1490924644903361,,,,,,,23.886,
1763047649.645585,853,107;108;110;200;201;202,59.852;61.863;49.077;85.134;84.840;55.661,-0.208874010632028,-0.5092583863249174,-2.7303507072855346,-0.11568692551148103,0.328973516008527,0.15308640984929145,,,,,,,22.430,
1763047649.745981,854,107;108;110;200;201;202,65.026;62.855;45.313;84.733;86.653;54.827,-0.18463481014565525,-0.4946507464490543,-2.7305799833535733,-0.11129067267587732,0.32506475672698626,0.1568525199543343,,,,,,,21.529,
1763047649.848031,855,107;108;110;200;201;202,62.245;62.913;45.852;85.640;86.845;50.825,-0.16734938604122163,-0.48591569380281235,-2.7310708364532785,-0.10944836831412255,0.3226055890260057,0.15903340497453639,,,,,,,20.961,
1763047649.944893,856,107;108;110;200;201;202,65.166;58.234;46.938;85.763;82.705;50.561,-0.15964534839860076,-0.4803376671808155,-2.7282776125922963,-0.10566814380134854,0.320271109493705,0.15949963893085017,,,,,,,20.665,
1763047650.045257,857,107;108;110;200;201;202,61.992;61.225;46.310;86.864;83.462;58.118,-0.1439414414569289,-0.473714113333662,-2.73063464660734,-0.10217311937271098,0.3158914489516439,0.16180993303930527,,,,,,,20.206,
1763047650.142015,858,107;108;200;201;202,64.096;61.009;87.927;82.660;57.686,-0.1007246758441499,-0.4690876886249204,-2.765470974083344,-0.1080472511376373,0.2982261587700411,0.17946172051548245,,,,,,,19.407,
1763047650.280263,859,107;108;110;200;201;202,64.366;62.812;47.953;87.110;82.815;55.667,-0.10608784681838762,-0.47171907681665254,-2.7570097323562073,-0.10428361139270008,0.3026429053559973,0.17410851936670113,,,,,,,19.600,
1763047650.375662,860,107;108;110;200;201;202,64.366;62.812;47.953;87.110;82.815;55.667,-0.10608784681838762,-0.47171907681665254,-2.7570097323562073,-0.10428361139270008,0.3026429053559973,0.17410851936670113,,,,,,,19.600,
1763047650.476092,861,107;108;110;200;201;202,61.653;62.537;47.418;86.760;81.863;57.709,-0.10658017111113756,-0.47239743845316656,-2.751630685406066,-0.10138830566002632,0.30423656610198674,0.17144314360948648,,,,,,,19.659,
1763047650.576324,862,107;108;110;200;201;202,63.775;61.292;47.326;93.066;80.742;50.700,-0.11281890071162877,-0.4799779057719062,-2.75030158116334,-0.09961889693421266,0.3051908028481356,0.1681974413907779,,,,,,,20.018,
1763047650.675188,863,107;108;110;200;201,66.429;63.766;43.900;91.378;85.113,-0.1689004105525142,-0.5202701988879395,-2.7504014182686265,-0.11518856333745116,0.32501847849463156,0.15564279505039197,,,,,,,22.173,
1763047650.776644,864,107;108;110;200;201;202,62.780;61.917;46.990;88.415;81.723;51.797,-0.15584407759837796,-0.5087378471967812,-2.748842398727733,-0.1101582336027495,0.3212367746836124,0.15753114043755725,,,,,,,21.587,
1763047650.873658,865,107;108;110;200;201;202,63.481;62.459;45.753;94.978;84.362;53.183,-0.14308769575197364,-0.501113048396554,-2.749518827530956,-0.10651989667192216,0.3156787807536179,0.1599307240778508,,,,,,,21.146,
1763047650.975717,866,107;108;110;200;201;202,66.579;61.970;40.416;84.919;82.843;54.440,-0.13461719433504238,-0.49226595827303204,-2.7476346807411183,-0.10486250591446915,0.314482445374897,0.1621432333086207,,,,,,,20.725,
1763047651.071044,867,107;108;110;200;201;202,66.088;61.179;47.477;89.853;85.646;55.228,-0.13123431502341618,-0.48550091732698014,-2.7418529299985948,-0.1022274140892806,0.3134688683985063,0.16289672728694565,,,,,,,20.460,
1763047651.173757,868,107;108;110;200;201;202,63.212;64.131;43.884;92.354;80.160;54.394,-0.12434378646397098,-0.4892301545720513,-2.7493228967966994,-0.10085370432825418,0.3100003192331756,0.16342999613439407,,,,,,,20.493,
1763047651.269301,869,107;108;110;200;201;202,64.561;62.011;44.347;86.158;84.195;53.519,-0.12366517573934206,-0.4833776009873987,-2.74610468406398,-0.10081905248171799,0.3113731977114069,0.16403681803249404,,,,,,,20.277,
1763047651.364598,870,107;108;110;200;201,62.192;57.756;42.063;90.146;81.500,-0.17545866006073643,-0.5205788611291535,-2.745280283431853,-0.11473739604273993,0.3260540190715582,0.15335741350556725,,,,,,,22.298,
1763047651.464239,871,107;108;110;200;201;202,62.453;62.323;49.762;88.534;86.265;53.460,-0.1611734685465505,-0.5034977359806524,-2.7400096978289055,-0.10991278377919407,0.3222141082006002,0.15599296686308223,,,,,,,21.502,
1763047651.562171,872,107;108;110;200;201;202,60.264;60.510;47.310;85.874;80.766;52.196,-0.15003482600109458,-0.49601482458926915,-2.7384384798403714,-0.10602036554452388,0.3192155257745403,0.1577772563775066,,,,,,,21.092,
1763047651.659618,873,107;108;110;200;201;202,61.649;62.906;46.026;92.777;86.618;57.539,-0.13674924959593607,-0.48607817122415664,-2.7401588637286585,-0.10317186310834867,0.31353247640376586,0.16157406964743373,,,,,,,20.550,
1763047651.761446,874,107;108;110;200;201;202,61.281;64.205;44.584;85.194;86.842;54.638,-0.12889957625409368,-0.4777344686944109,-2.7405673309776,-0.10357426053076418,0.3132788321604454,0.16375649299422457,,,,,,,20.141,
1763047651.861745,875,107;108;110;200;201;202,64.717;63.610;43.922;92.297;83.577;51.509,-0.12626313448458878,-0.48194972688464244,-2.7442687054186568,-0.1028611603612976,0.3115938087363221,0.16417081628035746,,,,,,,20.258,
1763047651.957814,876,107;108;110;200;201;202,64.172;63.085;47.996;86.422;82.245;58.917,-0.12139924826796729,-0.4799159203598788,-2.742696563358566,-0.1001284029543259,0.3113876603107997,0.16408566705920077,,,,,,,20.138,
1763047652.058857,877,107;108;110;200;201;202,63.608;62.632;45.654;89.174;83.478;58.651,-0.11654908723688517,-0.4753612817402793,-2.7429245864965752,-0.0985315111831808,0.3095598990666902,0.16536264762821698,,,,,,,19.913,
1763047652.156907,878,107;108;110;200;201;202,57.764;62.066;49.731;87.021;82.521;56.356,-0.11519894895175632,-0.47279004807196123,-2.7408795720879615,-0.09730717105824807,0.3087325169486355,0.1649083341882053,,,,,,,19.810,
1763047652.257527,879,107;108;110;200;201;202,63.517;64.600;48.802;90.373;82.284;54.940,-0.11683830672449828,-0.4772955160572496,-2.7426834939428444,-0.0972572679931817,0.30930888878945995,0.1640000416453471,,,,,,,19.992,
1763047652.354653,880,107;108;110;200;201;202,64.982;61.525;42.859;87.298;84.566;49.480,-0.1217848970120589,-0.47773013686391996,-2.742211288609926,-0.09926562870457604,0.31106085185471216,0.16441731586558014,,,,,,,20.060,
1763047652.453166,881,107;108;200;201;202,64.532;65.124;93.894;83.416;53.141,-0.0855312343158079,-0.48270996940422256,-2.7800598849728066,-0.10811161042511681,0.2946361026605431,0.17991407983182173,,,,,,,19.745,
1763047652.552899,882,107;108;110;200;201;202,65.213;61.610;42.196;88.184;77.682;58.100,-0.09040388463892093,-0.4856766039888884,-2.7736370068166276,-0.10384739378106597,0.297266482247124,0.17619685263935195,,,,,,,19.931,
1763047652.650607,883,107;108;110;200;201;202,62.588;60.781;42.420;85.641;83.268;57.733,-0.0936100093722532,-0.4777147355599339,-2.7640206062287964,-0.10183503532354723,0.2992064188525921,0.17443447829723938,,,,,,,19.695,
1763047652.747250,884,107;108;110;200;201,63.893;60.515;42.713;86.586;81.186,-0.15634929507415493,-0.5186087789059266,-2.758801663629047,-0.11603708055097062,0.3213878620598614,0.15973905304984626,,,,,,,21.911,
1763047652.847959,885,107;108;110;200;201;202,63.715;59.014;44.311;84.711;84.156;56.891,-0.1444432110903493,-0.4983383371352704,-2.748838610640841,-0.10976960425710716,0.31752892203562855,0.16235760616634135,,,,,,,21.058,
1763047652.947482,886,107;108;110;200;201;202,62.622;61.890;49.103;83.985;83.585;54.165,-0.1394602511216147,-0.4887148508766401,-2.7419246268171054,-0.10609392517778514,0.3175374145896672,0.16200592935097066,,,,,,,20.672,
1763047653.046906,887,107;108;110;200;201,64.135;63.210;41.235;89.337;82.634,-0.18540505671953947,-0.5276533251428928,-2.747755097631565,-0.12039243777704434,0.3323651429573612,0.15194292271249793,,,,,,,22.678,
1763047653.148552,888,107;108;110;200;201;202,65.652;63.037;39.723;87.796;77.778;57.294,-0.16017290905585857,-0.5179893909920051,-2.7540037880766612,-0.11305076428149373,0.3239010876555737,0.15683713151717885,,,,,,,21.960,
1763047653.246521,889,107;108;110;200;201;202,61.981;62.419;46.522;78.758;86.260;53.524,-0.15185037730103648,-0.4976048258057292,-2.743127861740979,-0.11022270596260178,0.32347150919628126,0.15912499654100282,,,,,,,21.147,
1763047653.344176,890,107;108;110;200;201;202,59.939;64.166;41.026;94.598;78.986;54.930,-0.1330792423925909,-0.49991766921156183,-2.7545035960199615,-0.10657087585128903,0.31430080965497925,0.16235396824477732,,,,,,,20.966,
1763047653.444014,891,107;108;110;200;201;202,63.299;61.101;48.926;83.757;83.160;54.756,-0.13228861463587377,-0.4902934306940786,-2.745270022692402,-0.10362562818326147,0.3152610026198842,0.1620961334779536,,,,,,,20.637,
1763047653.541144,892,107;108;110;200;201;202,62.882;62.708;48.016;87.603;79.846;56.777,-0.1264421628981385,-0.48863508448733833,-2.745411015648749,-0.10067753929223273,0.31351952857778115,0.1621885865082776,,,,,,,20.512,
1763047653.642922,893,107;108;110;200;201;202,66.193;67.103;44.375;89.723;88.211;56.671,-0.12216837008841405,-0.48362963529667596,-2.7456149203480615,-0.1017666419869878,0.3128918833322005,0.16388435682568803,,,,,,,20.275,
1763047653.738707,894,107;108;110;200;201;202,61.296;62.223;41.844;93.378;79.900;53.456,-0.11621012345088581,-0.4880037447276189,-2.7520801985267997,-0.10052373998866204,0.30831175188472193,0.16515973596223477,,,,,,,20.353,
1763047653.838644,895,107;108;110;200;201;202,62.242;60.182;47.045;87.639;85.600;54.927,-0.1174699449324366,-0.4778918650824458,-2.7441680637278445,-0.09945420176777206,0.3082107905845428,0.16552874871069875,,,,,,,20.013,
1763047653.939883,896,107;108;110;200;201;202,63.666;63.425;43.067;87.186;83.958;57.298,-0.11344941232384978,-0.47554748650383766,-2.74555282261943,-0.09938302108965574,0.3078037838495308,0.16642964390681503,,,,,,,19.877,
1763047654.037889,897,107;108;110;200;201,64.560;62.717;42.402;90.613;83.177,-0.16730870008051169,-0.5178698392245324,-2.749264905916491,-0.11514279715565542,0.32543600122675,0.1546020201366121,,,,,,,22.069,
1763047654.134643,898,107;108;200;201;202,63.125;60.921;90.787;85.362;59.304,-0.114618935388159,-0.49641233703782467,-2.7785177054006747,-0.11675383226986155,0.3034433251911213,0.17516851175966944,,,,,,,20.518,
1763047654.271808,899,107;108;110;200;201;202,62.171;63.832;45.256;86.304;81.244;44.062,-0.12386316189844182,-0.4988624726377925,-2.7708475967725836,-0.11409355044256833,0.30897418757285305,0.1701539182258323,,,,,,,20.741,
1763047654.363317,900,107;108;110;200;201,61.643;59.771;49.494;93.775;80.990,-0.1786720019546201,-0.5363570091777518,-2.7625276059438906,-0.1217935924406084,0.3255649212424766,0.1559899376693899,,,,,,,22.828,
1763047654.467482,901,107;108;110;200;201,61.643;59.771;49.494;93.775;80.990,-0.1786720019546201,-0.5363570091777518,-2.7625276059438906,-0.1217935924406084,0.3255649212424766,0.1559899376693899,,,,,,,22.828,
1763047654.564199,902,107;108;110;200;201;202,65.529;59.168;44.191;88.358;84.243;51.063,-0.1642754704712646,-0.515168824974647,-2.752978854442891,-0.11487933997960319,0.32111149813302553,0.15875496919183393,,,,,,,21.908,
1763047654.662674,903,107;108;110;200;201;202,59.601;61.618;43.588;90.148;83.594;53.658,-0.14544587142606524,-0.5019824422754681,-2.7519547151347306,-0.11038352817054076,0.31518209964780963,0.161769389116967,,,,,,,21.192,
1763047654.762088,904,107;108;200;201,61.587;64.360;87.753;82.475,-0.15932332757358417,-0.5417179888894439,-2.792286531655276,-0.13667152980946876,0.31741411691794225,0.16859264762970463,,,,,,,22.617,
1763047654.862377,905,107;108;110;200;201;202,65.737;62.410;46.574;83.816;88.744;55.288,-0.15000168988734866,-0.5131399902859896,-2.7701403206193156,-0.1258487344248204,0.31657862942240894,0.16772035912573044,,,,,,,21.564,
1763047654.963161,906,107;108;110;200;201;202,61.078;61.687;47.978;85.656;82.359;55.531,-0.13980591238647072,-0.49958380454605583,-2.75958311754257,-0.11700211882133732,0.31445638403836484,0.1662960861317585,,,,,,,20.995,
1763047655.061546,907,107;108;110;200;201;202,64.230;63.426;41.485;87.941;82.770;51.092,-0.13362495254827017,-0.4958250405946225,-2.7575994479578534,-0.11318267762107038,0.31306349276501766,0.16617032125073627,,,,,,,20.796,
1763047655.159298,908,107;108;110;200;201;202,63.212;60.300;41.089;86.957;87.691;56.060,-0.26317292452081753,-0.4829098870061406,-2.734370842415504,-0.12101199408436068,0.31076602349165955,0.1745768554585977,,,,,,,22.388,
1763047655.257708,909,107;108;110;200;201;202,63.528;63.296;43.820;87.819;82.869;55.298,-0.21746143684911776,-0.4814826657634695,-2.738606393083705,-0.11488047141177463,0.3097617549512576,0.17159023561623027,,,,,,,21.496,
1763047655.357155,910,107;108;110;200;201,61.405;62.740;47.078;90.846;85.541,-0.24135338239179985,-0.5161330590695606,-2.7380382057074764,-0.12536663933947226,0.3274117062231333,0.15881898126637206,,,,,,,23.157,
1763047655.454738,911,107;108;110;200;202,62.954;59.322;43.894;93.444;52.225,-0.1908927641407252,-0.6302472919692574,-2.8121710863334832,-0.09252533838146869,0.31140760782381915,0.13915797184090478,,,,,,,26.144,
1763047655.552395,912,107;108;110;200;201;202,64.310;66.489;49.078;94.212;80.573;58.424,-0.16595863703180813,-0.5917504410968477,-2.798004052406242,-0.092835299783736,0.30909848940019885,0.14577653645946226,,,,,,,24.536,
1763047655.652882,913,107;108;110;200;201;202,63.787;62.587;43.651;87.361;87.079;52.162,-0.15267432578774817,-0.5521410783969163,-2.7807303102797034,-0.09577391380583603,0.30994782017243644,0.15184753398661505,,,,,,,23.012,
1763047655.752015,914,107;108;110;200;201;202,64.092;65.619;47.645;84.574;85.184;54.195,-0.1454803039125134,-0.5280188899301713,-2.767747162278959,-0.09739452452698501,0.31297814135586627,0.15454535920670776,,,,,,,22.097,
1763047655.852833,915,107;108;110;200;201;202,62.813;63.381;42.797;89.774;84.909;53.826,-0.13384327181960484,-0.5121999135968809,-2.762696889698704,-0.09873049708967796,0.31081270040611997,0.15860631063188432,,,,,,,21.400,
1763047655.951563,916,107;108;110;200;201;202,63.381;64.250;46.672;87.230;84.696;58.106,-0.1266301686029238,-0.49819918460631385,-2.755825032840183,-0.09837835461393751,0.31017284759924707,0.16092764813886243,,,,,,,20.827,
1763047656.188485,917,107;108;110;200;201;202,62.677;62.194;47.305;90.733;82.123;54.225,-0.12472729087580134,-0.49471608788512655,-2.7527121743166743,-0.09777688177804601,0.30930378377939904,0.16175882422310414,,,,,,,20.691,
1763047656.283627,918,107;108;110;200;201;202,64.149;62.673;43.240;90.603;82.482;59.237,-0.11708078042494288,-0.4880841248030558,-2.7526883639117252,-0.0968735139208253,0.30657650868975017,0.16399555235031435,,,,,,,20.360,
1763047656.382033,919,107;108;110;200;201;202,61.908;64.565;47.453;88.915;84.261;58.836,-0.1129669459304082,-0.4831316766335688,-2.750204158089898,-0.09667934744154175,0.30649522121565487,0.16472720647640587,,,,,,,20.143,
1763047656.479714,920,107;108;110;200;201;202,64.388;62.715;45.325;85.777;82.224;50.948,-0.11859978293049807,-0.48279760921297465,-2.7484968078248406,-0.09804106471086887,0.30955064753847306,0.16380368295168551,,,,,,,20.192,
1763047656.615104,921,107;108;110;200;201;202,63.081;61.565;46.669;89.008;84.643;45.575,-0.12707435646045584,-0.48388011493970573,-2.7456026760410843,-0.09994504802412643,0.3121677960038508,0.1626304963789527,,,,,,,20.333,
1763047656.709736,922,107;108;110;200;201;202,64.601;61.956;42.156;88.229;84.354;54.398,-0.12271833251714517,-0.48026787151684514,-2.7457786930265162,-0.10004740700543754,0.31073427559564676,0.16442015419999403,,,,,,,20.148,
1763047656.808262,923,107;108;110;200;201,61.496;59.285;46.250;91.379;80.228,-0.1745343543629103,-0.5200197237348921,-2.7456196340620025,-0.11315455939847116,0.326344819875778,0.15228104198368356,,,,,,,22.263,
1763047656.908240,924,107;108;110;200;201;202,62.863;60.462;46.680;96.475;86.410;50.770,-0.1597662888443685,-0.5073268490440186,-2.7442512282785465,-0.10864743937413279,0.3190792833590506,0.15665082892874893,,,,,,,21.606,
1763047657.006116,925,107;108;110;200;201;202,60.498;58.735;48.168;89.860;81.822;55.969,-0.14621224193076846,-0.4948045553665795,-2.741415513367409,-0.10330961988018851,0.3139188941011832,0.15917493514615572,,,,,,,20.984,
1763047657.109110,926,107;108;110;200;201;202,61.830;65.320;46.351;92.060;85.870;49.722,-0.13982974106168422,-0.49423914171431205,-2.7442851027226802,-0.1040593628884865,0.3129411798362489,0.16057835142871582,,,,,,,20.876,
1763047657.207641,927,107;108;110;200;201;202,63.464;62.656;41.739;89.244;81.090;58.970,-0.1260305759859884,-0.48892788082510996,-2.7482836443464884,-0.10170249809846146,0.309014178174493,0.16371855979460123,,,,,,,20.504,
1763047657.304758,928,107;108;110;200;201;202,65.056;61.893;47.342;87.281;81.004;55.684,-0.12458784253130732,-0.4863292379218455,-2.745700243719026,-0.09957404823620586,0.3099370860104179,0.16325665215273946,,,,,,,20.403,
1763047657.406281,929,107;108;110;200;201;202,63.444;64.381;42.529;89.511;86.883;56.497,-0.11882503439904282,-0.4800382027832467,-2.7463136189706736,-0.10032105587969059,0.30857874541062696,0.16583528017348376,,,,,,,20.099,
1763047657.502626,930,107;108;110;200;201;202,61.307;61.309;46.252;82.615;85.015;53.393,-0.12051571873609551,-0.47317156645999386,-2.739990840568154,-0.10059379390440291,0.3107978870294101,0.165526631219519,,,,,,,19.882,
1763047657.600780,931,107;108;110;200;201;202,63.442;60.440;46.538;91.499;81.303;57.557,-0.1165628596253534,-0.47327180772685945,-2.741480682674476,-0.09779023771484191,0.30746803695682406,0.16580861776343034,,,,,,,19.839,
1763047657.698538,932,107;108;200;201,61.337;61.050;89.096;82.761,-0.14007818625056614,-0.5177941682760372,-2.782656755281717,-0.12702033681838443,0.3091064886598382,0.17135504458784237,,,,,,,21.561,
1763047657.799524,933,107;108;110;200;201;202,65.748;62.617;46.953;90.033;82.132;55.574,-0.1337668965365568,-0.5069670413645657,-2.771090774400498,-0.11731309848651467,0.3088569123153697,0.1686765203055405,,,,,,,21.149,
1763047657.897544,934,107;108;110;200;201;202,64.075;60.136;46.853;85.979;87.298;53.821,-0.13295381375614937,-0.48989696606502425,-2.755561857721347,-0.11158449347909283,0.3098459787759269,0.1675443994333078,,,,,,,20.572,
1763047657.996700,935,107;108;110;200;201;202,63.425;63.963;47.445;89.222;88.503;55.663,-0.1280826705159292,-0.48066374547119467,-2.748909636969288,-0.1083762507652636,0.3100341629486051,0.16711662304052946,,,,,,,20.201,
1763047658.095862,936,107;108;110;200;201;202,63.037;60.400;47.419;92.133;86.118;59.657,-0.12162657127277406,-0.4733177264605501,-2.7431044285149535,-0.10346772638190342,0.30683144278744656,0.16765043910242072,,,,,,,19.882,
1763047658.196754,937,107;108;110;200;201;202,58.756;61.186;44.751;88.923;79.367;50.374,-0.11908406720670751,-0.47897358560595404,-2.746389045364425,-0.10206542701855875,0.3066232519968338,0.16654048628062298,,,,,,,20.059,
1763047658.294528,938,107;108;110;200;201;202,64.284;61.477;44.343;92.302;84.435;59.602,-0.2540921181705804,-0.47646351529533415,-2.730130716587753,-0.11105593589093513,0.3041140291794132,0.1729834171351272,,,,,,,22.013,
1763047658.395311,939,107;108;110;200;201;202,66.841;60.012;42.127;91.295;85.525;60.479,-0.2083363492248997,-0.470577782284061,-2.733175693782385,-0.10572194186565084,0.30238433728707276,0.17225583548369927,,,,,,,20.978,
1763047658.490442,940,107;108;110;200;201;202,62.131;62.435;42.224;92.573;83.447;50.376,-0.17969902970786492,-0.47593802746832714,-2.7400516327474684,-0.10468351466570712,0.3026425771237085,0.17065906724114252,,,,,,,20.702,
1763047658.589789,941,107;108;110;200;201;202,64.532;63.176;47.571;90.352;85.968;57.464,-0.15973685366456078,-0.47364963103084634,-2.7385284679109194,-0.1023172519919912,0.3043765212664806,0.16911850854514143,,,,,,,20.355,
1763047658.688379,942,107;108;110;200;201;202,60.931;61.966;47.194;88.950;84.555;53.222,-0.1479730224715845,-0.4722081519731516,-2.737919687313657,-0.10134411450715718,0.30545770773992814,0.1680796267019999,,,,,,,20.157,
1763047658.790244,943,107;108;110;200;201;202,63.841;61.673;47.515;93.304;79.113;59.359,-0.2762105127344145,-0.48024043064459515,-2.7257088256288386,-0.10889509585358213,0.3031831976033622,0.17262137587824794,,,,,,,22.601,
1763047658.888165,944,107;108;110;200;201;202,64.002;59.769;41.874;89.207;85.167;52.831,-0.2279402470102122,-0.47592536019259724,-2.7300227802464034,-0.1062180648536421,0.3035046808386248,0.17100705556440482,,,,,,,21.520,
1763047658.986071,945,107;108;110;200;201;202,66.811;61.928;47.380;85.014;86.771;59.200,-0.33494914873992004,-0.47037932045167996,-2.7081407539895572,-0.11420010555767733,0.306840446786582,0.17626031440215276,,,,,,,23.651,
1763047659.084725,946,107;108;110;200;201;202,65.896;62.249;45.707;92.716;85.849;58.527,-0.26753487587422975,-0.47027928333483526,-2.719469785219872,-0.10847516307995382,0.3052497098258321,0.17269362829771148,,,,,,,22.118,
1763047659.182931,947,107;108;110;200;201;202,62.802;58.901;44.568;89.308;83.868;59.353,-0.21790242047712846,-0.46496297435541156,-2.7243901675918436,-0.10344254391974798,0.3033401447199308,0.1715650097743041,,,,,,,20.981,
1763047659.285106,948,107;108;110;200;201;202,63.962;61.887;44.539;86.864;87.500;56.189,-0.1871036044028081,-0.4617821913516491,-2.72659087956689,-0.10248519861931298,0.3053518703445168,0.17047366730578117,,,,,,,20.355,
1763047659.383033,949,107;108;110;200;201;202,63.502;63.365;46.251;82.123;86.765;53.238,-0.16986051474945105,-0.45905973453468885,-2.7264345096907108,-0.1029248092814,0.3099345258232791,0.1685722651098992,,,,,,,20.002,
1763047659.480162,950,107;108;110;200;201;202,61.878;56.781;48.136;87.164;87.576;52.938,-0.15877056567731795,-0.45323206875934635,-2.720544908451334,-0.10085511382153224,0.30976610111363023,0.16775765148617078,,,,,,,19.660,
1763047659.580361,951,107;108;110;200;201;202,65.064;64.153;41.685;94.545;86.626;54.542,-0.14319331545748595,-0.46110210844595817,-2.7315738516642933,-0.10108797518102108,0.30705034517404717,0.16868237070908837,,,,,,,19.707,
1763047659.677335,952,107;108;110;200;201;202,62.181;60.842;47.390;90.367;81.662;55.207,-0.13437935570616716,-0.4667251211211768,-2.733973337417463,-0.09889282491904952,0.306435833105595,0.16720629132553896,,,,,,,19.809,
1763047659.778490,953,107;108;110;200;201;202,65.594;60.305;45.828;91.485;87.149;52.775,-0.1309482228971152,-0.4659327363158767,-2.7327131467902266,-0.09861161987887822,0.3071303917420727,0.1668146624129696,,,,,,,19.747,
1763047659.875697,954,107;108;110;200;201,62.727;63.362;44.518;84.568;87.742,-0.18434949901196454,-0.5018390394642059,-2.732789889578087,-0.116452488037118,0.3280242400625726,0.15525984226215506,,,,,,,21.782,
1763047659.982191,955,107;108;110;200;201;202,62.201;58.773;47.537;86.886;82.796;60.680,-0.159538237414658,-0.48521247556801067,-2.7305986515730645,-0.10815301370333821,0.32033555772497396,0.15882123011777047,,,,,,,20.837,
1763047660.075163,956,107;108;110;200;201,62.844;63.722;42.541;89.195;83.530,-0.19945215295482868,-0.5234884813226038,-2.738771132308244,-0.12217076428439341,0.3344169627815473,0.14994140386413363,,,,,,,22.770,
1763047660.178334,957,107;108;110;200;201;202,62.551;60.748;39.765;92.005;81.975;58.358,-0.16625891590715752,-0.5083008607145719,-2.745328458742766,-0.11378323890910745,0.32204312631985804,0.15741142248907153,,,,,,,21.716,
1763047660.278655,958,107;108;110;200;201;202,62.454;59.366;42.291;88.348;87.423;57.173,-0.14761322427828713,-0.4886193613797055,-2.7404227967357238,-0.10914682591480258,0.3155485366846858,0.16217734837140607,,,,,,,20.769,
1763047660.377196,959,107;108;110;200;201;202,63.775;61.908;44.846;91.883;79.848;59.494,-0.1327077957991008,-0.4868643605865948,-2.744299164633809,-0.10370386421563209,0.31021312080794805,0.1637113809304222,,,,,,,20.514,
1763047660.472210,960,107;108;110;200;201;202,67.306;60.530;47.098;90.537;87.826;57.398,-0.12962199894408477,-0.47718863540712775,-2.737631981122848,-0.10085699371016017,0.3093755614774398,0.16438750163500407,,,,,,,20.143,
1763047660.569633,961,107;108;110;200;201,65.964;63.928;46.487;91.875;87.158,-0.18213790008666608,-0.5149418249378365,-2.738633726904339,-0.1155382764228564,0.32732088928963343,0.15269452643027845,,,,,,,22.212,
1763047660.672905,962,107;108;110;200;201;202,64.460;62.295;45.328;86.173;87.930;56.234,-0.16215631519638557,-0.4954235899196158,-2.7352957361195425,-0.11097407907176757,0.32256708648143434,0.15708594470043394,,,,,,,21.233,
1763047660.772849,963,107;108;110;200;201;202,65.178;62.265;43.497;87.285;81.974;56.077,-0.14693891376187188,-0.48898431689937066,-2.7384996980137672,-0.10673916514078431,0.3184737626043862,0.15976709520144625,,,,,,,20.785,
1763047660.872010,964,107;108;110;200;201;202,64.711;60.319;45.577;90.421;86.533;57.422,-0.13524379597673744,-0.4786146498310059,-2.7352801571501097,-0.10320332192069405,0.3140414013095178,0.16205471088065887,,,,,,,20.272,
1763047661.030781,965,107;108;110;200;201;202,65.697;64.351;46.381;92.350;83.235;58.842,-0.12606604684446307,-0.47999127030008104,-2.7399471455300706,-0.10055170312541116,0.3114390234688945,0.16287113082434365,,,,,,,20.203,
1763047661.135445,966,107;108;110;200;201;202,63.483;63.924;47.188;83.513;86.123;61.232,-0.12010796867828363,-0.4702349605488652,-2.7362116042205544,-0.09943520384491389,0.3119031838341329,0.16451028412296326,,,,,,,19.783,
1763047661.266126,967,107;108;110;200;201;202,64.858;62.163;41.523;97.376;87.676;55.348,-0.11437965412481192,-0.4719970695831094,-2.741268497707609,-0.09945390843738511,0.3068389978578679,0.16678818286025346,,,,,,,19.770,
1763047661.366116,968,107;108;110;200;201,61.169;61.717;44.760;85.310;81.397,-0.17102853836012918,-0.5126712761459697,-2.742227321147111,-0.11504798903731621,0.3270186658562431,0.15404521356666367,,,,,,,21.960,
1763047661.463380,969,107;108;110;200;201;202,60.927;61.155;49.208;87.078;85.658;54.636,-0.15571510194781515,-0.4966092755823572,-2.737050386621427,-0.10951656127083065,0.3224278999688692,0.15697412825302542,,,,,,,21.189,
1763047661.563728,970,107;108;110;200;201;202,64.755;61.715;45.430;93.868;84.331;53.566,-0.14529620492687503,-0.4917686362104388,-2.740651932623313,-0.10579754918665733,0.3165377653127287,0.15958433836866578,,,,,,,20.862,
1763047661.660200,971,107;108;110;200;201;202,65.543;59.756;45.650;92.925;83.450;57.558,-0.1349153915116173,-0.4842880448347031,-2.740021041058202,-0.10159584985637955,0.3117135466665696,0.16183628387954346,,,,,,,20.462,
1763047661.759025,972,107;108;110;200;201;202,63.363;61.863;46.014;89.076;84.015;61.041,-0.26892964364896554,-0.4790012354781285,-2.722251383320152,-0.11103504242967292,0.3087784799527015,0.16945336536086422,,,,,,,22.435,
1763047661.886376,973,107;108;110;200;201;202,60.764;60.227;46.290;86.036;87.394;48.142,-0.2292295523876338,-0.4728998024590033,-2.7219809155843238,-0.10903243643017899,0.3108565508238068,0.16750734888781313,,,,,,,21.479,
1763047661.995697,974,107;108;110;200;201,62.524;60.524;42.131;89.164;88.606,-0.24806939835873423,-0.5037982681399417,-2.725166490617228,-0.1230592982926103,0.3272880868637602,0.15831559539705828,,,,,,,22.908,
1763047662.090716,975,107;108;110;200;201;202,61.624;61.010;44.517;87.245;84.225;56.468,-0.20606549897437532,-0.4908591693060403,-2.7286404138496283,-0.11526467394534312,0.32073423898370546,0.16119384074936366,,,,,,,21.715,
1763047662.186095,976,107;108;110;200;201,61.351;62.519;45.376;89.783;85.069,-0.23238602925419274,-0.5239919663354371,-2.73325675803806,-0.12657682613189644,0.33455292902729616,0.15153739793713242,,,,,,,23.324,
1763047662.286382,977,107;108;110;200;201;202,63.712;63.123;41.036;91.566;85.014;54.693,-0.19462548346099315,-0.5089947852112698,-2.7396978268854735,-0.11883008426205278,0.3250570799082422,0.15724257848716733,,,,,,,22.155,
1763047662.385675,978,107;108;110;200;201;202,63.473;63.153;43.366;91.110;83.454;56.460,-0.16734061733471703,-0.4987350111885179,-2.743366270118658,-0.11237052732251893,0.31806088266042,0.16069582479593716,,,,,,,21.378,
1763047662.484667,979,107;108;200;201;202,64.419;62.529;90.386;85.071;53.348,-0.12030791548043065,-0.4899865803794469,-2.775785492844315,-0.1169835029828901,0.3012732307639849,0.1781494233308685,,,,,,,20.337,
1763047662.581332,980,107;108;110;200;201,63.342;61.818;46.733;91.199;82.797,-0.17394672712302248,-0.5270296349492487,-2.7665698149145967,-0.12515004390920292,0.3218164190444775,0.162381301972331,,,,,,,22.393,
1763047662.678289,981,107;108;110;200;201,63.376;60.785;41.658;93.409;83.890,-0.208297747637102,-0.5516002226086363,-2.7631287863135845,-0.13237735301505887,0.3331899057763601,0.15319937567785138,,,,,,,23.786,
1763047662.781119,982,107;108;110;200;201;202,62.209;57.479;44.830;88.608;84.366;55.405,-0.18063187359215027,-0.5210326744724377,-2.7526063849733267,-0.12096724295291547,0.3231882794467692,0.1580343346278367,,,,,,,22.337,
1763047662.878518,983,107;108;200;201,63.254;60.880;92.065;86.697,-0.18455902248253658,-0.5441139788536936,-2.7857667960688866,-0.14209520965578823,0.32116650684894926,0.1671872721254606,,,,,,,23.047,
1763047662.979838,984,107;108;110;200;201;202,63.749;59.321;44.040;95.309;87.692;59.802,-0.15876987438890344,-0.5171470946599354,-2.7706979317449987,-0.12767675692120753,0.31184370631295066,0.1692245100136132,,,,,,,21.813,
1763047663.078625,985,107;108;110;200;201;202,65.628;57.573;46.946;86.170;84.818;58.052,-0.14696008115863368,-0.4957693840748406,-2.753240350361927,-0.11666775673288683,0.3103067974788139,0.16825992766190007,,,,,,,20.963,
1763047663.178760,986,107;108;110;200;201;202,64.144;63.686;39.517;88.562;82.724;54.357,-0.1341131035240652,-0.4915075170380475,-2.7551678511108046,-0.11262753456790044,0.30866799549380136,0.16837304148574134,,,,,,,20.648,
1763047663.276438,987,107;108;110;200;201;202,62.036;62.209;50.129;85.438;87.403;59.956,-0.1276115753795739,-0.47718884452321786,-2.7436291557591255,-0.10734592170196475,0.3091661698470898,0.1674850365399462,,,,,,,20.090,
1763047663.375967,988,107;108;110;200;201,64.473;60.521;44.157;90.348;85.664,-0.17929756086506232,-0.5123566367345221,-2.7424652129351457,-0.12001129526536383,0.3265847519627506,0.15559490658074984,,,,,,,22.054,
1763047663.473242,989,107;108;110;200;201;202,63.233;61.633;48.888;89.984;87.426;54.893,-0.16208155104489064,-0.49606498011686484,-2.7376568925218243,-0.11320400560613587,0.32138193405800386,0.15811202052107795,,,,,,,21.243,
1763047663.608256,990,107;108;110;200;201;202,62.549;64.270;44.291;90.260;83.255;52.795,-0.14824911477589695,-0.49533809982742655,-2.742799272545618,-0.10978104325954555,0.3175375275099021,0.16055515522166147,,,,,,,21.020,
1763047663.703144,991,107;108;110;200;201;202,60.010;61.369;45.688;90.822;85.232;61.627,-0.1303668053683392,-0.48249734796946303,-2.7420524979199032,-0.10465571373399953,0.3106835955792336,0.16385070627228515,,,,,,,20.333,
1763047663.802945,992,107;108;110;200;201;202,63.032;59.151;43.238;92.030;87.140;54.820,-0.12387159647304641,-0.4730782638510428,-2.740146994865549,-0.10251383909171057,0.30709387980062225,0.1660894131128466,,,,,,,19.911,
1763047663.898672,993,107;108;110;200;201;202,66.681;61.916;44.850;91.088;83.033;57.925,-0.12060186581825015,-0.473351851278232,-2.7412265803891027,-0.09990307007227979,0.30632390273103216,0.16630964497382528,,,,,,,19.883,
1763047664.000755,994,107;108;200;201,64.108;62.145;89.900;81.682,-0.1418958084598024,-0.5211682166623701,-2.783859160684213,-0.1278048258364093,0.30911058535778674,0.17080977383934015,,,,,,,21.701,
1763047664.097820,995,107;108;110;200;201;202,63.386;58.240;43.423;92.730;85.713;57.816,-0.13020371099106556,-0.5002629726111931,-2.769655204642268,-0.11744791842990938,0.30438469568350424,0.1712315251572005,,,,,,,20.864,
1763047664.199341,996,107;108;110;200;201;202,63.531;59.815;46.529;90.386;85.310;54.860,-0.1254714346062899,-0.48792293824938077,-2.7581821947202902,-0.11086774850551517,0.3045577695117479,0.169558683975466,,,,,,,20.405,
1763047664.298359,997,107;108;110;200;201;202,64.039;63.066;44.829;90.731;84.476;56.952,-0.11906213919645281,-0.4826938850334978,-2.7538098055637903,-0.10695504964516016,0.30430814929879885,0.16880281898196478,,,,,,,20.164,
1763047664.397607,998,107;108;110;200;201;202,62.126;63.198;42.305;91.001;85.758;54.132,-0.1144128635754564,-0.47905501804837286,-2.7530651646338686,-0.10559596032963416,0.3036525819222328,0.169125790176675,,,,,,,19.982,
1763047664.494488,999,107;108;110;200;201;202,61.253;60.512;46.883;84.718;84.576;55.248,-0.11565961832977721,-0.4726100605197431,-2.7453923550667767,-0.10312255905170763,0.3058494961985718,0.16771513498259988,,,,,,,19.784,
1763047664.594214,1000,107;108;200;201;202,64.333;59.302;84.795;87.385;58.531,-0.08009992519984065,-0.4588758413641578,-2.768153164172522,-0.1099785911631164,0.2923848286890275,0.18390488340962247,,,,,,,18.835,
1763047664.695606,1001,107;108;110;200;201;202,64.764;61.398;48.724;92.541;88.423;52.351,-0.09522822619806015,-0.4607565281935124,-2.7558285129032485,-0.1062840690717391,0.2977540572974878,0.1781073599600729,,,,,,,19.085,
1763047664.791897,1002,107;108;110;200;201;202,61.191;60.226;45.388;91.049;87.003;56.385,-0.09867709639447805,-0.45921981233203535,-2.7490615224667234,-0.10342588326746532,0.29832107794118284,0.17586009709633627,,,,,,,19.088,
1763047664.893285,1003,107;108;110;200;201;202,60.812;61.757;47.035;90.132;84.645;52.682,-0.10508684494194898,-0.46380129417844107,-2.7463377054493905,-0.10200801026049217,0.3007679894850628,0.17257807593412056,,,,,,,19.337,
1763047664.993425,1004,107;108;110;200;201;202,61.553;63.877;44.611;84.188;84.560;53.986,-0.10804808209989267,-0.4646344200405032,-2.7441233823768,-0.10240369694071069,0.30464961704363913,0.17069967042764492,,,,,,,19.408,
1763047665.091517,1005,107;108;110;200;201;202,61.718;56.325;43.881;86.975;88.457;48.260,-0.11660765056264033,-0.45822170531398415,-2.7348186975282185,-0.10237043178264364,0.3067000671352777,0.16987703451499211,,,,,,,19.287,
1763047665.191920,1006,107;108;110;200;201;202,64.650;64.072;47.138;94.318;83.892;60.953,-0.1110075274991365,-0.4645563613239296,-2.7395210621446555,-0.09925655769229637,0.30460699695507343,0.16894911264093845,,,,,,,19.456,
1763047665.287869,1007,107;108;110;200;201;202,58.782;64.825;44.179;85.195;82.904;56.350,-0.10722313149073467,-0.4677837110828908,-2.743900183126365,-0.10012701464971012,0.3055405005278354,0.16861546470250655,,,,,,,19.525,
1763047665.387859,1008,107;108;110;200;201;202,64.134;63.661;46.094;92.381;86.452;56.227,-0.10881464303459375,-0.4684997089517767,-2.7430805302107557,-0.09966865891795397,0.30508704655210345,0.16803611927592277,,,,,,,19.572,
1763047665.487461,1009,107;108;110;200;201;202,64.790;58.331;47.804;86.535;86.121;55.286,-0.11581384301215313,-0.46102661985493076,-2.7344214701881593,-0.09776499207667828,0.3069627916830362,0.16731232225967882,,,,,,,19.391,
1763047665.586145,1010,107;108;110;200;201,64.814;63.640;47.834;90.343;79.677,-0.17293959249267737,-0.5119926411397112,-2.7405370370923814,-0.11229774539576287,0.3262613965967352,0.15267963715617594,,,,,,,21.969,
1763047665.685733,1011,107;108;110;200;201;202,64.790;61.757;46.542;94.711;82.111;51.208,-0.1593096699793749,-0.5074319265103822,-2.7426459148085205,-0.10749283648911245,0.3202841165885137,0.155773611507186,,,,,,,21.614,
1763047665.783248,1012,107;108;110;200;201;202,61.171;61.540;48.356;85.158;84.507;50.907,-0.1518488837832968,-0.49509295834884326,-2.7375883491693185,-0.10536424202994464,0.31900714496154187,0.15720441414442088,,,,,,,21.082,
1763047665.915027,1013,107;108;110;200;201;202,64.715;63.697;47.235;92.816;84.955;54.276,-0.1418383793844779,-0.49103897893092857,-2.739804454117241,-0.10308726749384811,0.31551637719280834,0.15885024469160508,,,,,,,20.799,
1763047666.019001,1014,107;108;110;200;201;202,60.885;60.546;41.333;88.580;88.200;53.485,-0.13159498134225517,-0.4782158160212767,-2.7384697635594732,-0.10316533641639083,0.31142229961074774,0.16291210214808255,,,,,,,20.200,
1763047666.115045,1015,107;108;110;200;201;202,64.861;63.060;46.465;91.574;85.570;53.071,-0.12865511793590076,-0.4783703933871665,-2.7396371218418416,-0.10210706942896615,0.3110478654013973,0.16326053511366884,,,,,,,20.168,
1763047666.214182,1016,107;108;110;200;201;202,60.302;59.159;46.677;94.545;88.167;58.123,-0.25780228540288125,-0.46972669062929034,-2.721266261109245,-0.11109949511750726,0.30561657306631296,0.17128364928339487,,,,,,,21.897,
1763047666.313942,1017,107;108;110;200;201;202,63.780;61.912;43.215;89.522;87.619;59.212,-0.21003471113821723,-0.46463019945166534,-2.7268321143632126,-0.10716448629529353,0.30404079955988217,0.17083005891818373,,,,,,,20.823,
1763047666.412617,1018,107;108;110;200;201;202,63.288;62.371;45.276;89.768;85.230;56.762,-0.17993545757799165,-0.466107869206523,-2.7309906432726025,-0.10448826488780714,0.30474303725990637,0.16952445490232795,,,,,,,20.387,
1763047666.511451,1019,107;108;110;200;201;202,62.836;61.624;47.386;88.903;81.549;57.698,-0.1575022899785834,-0.4679817099735547,-2.7334119816195592,-0.10102506389704148,0.30521080771103115,0.16772675833509268,,,,,,,20.138,
1763047666.610686,1020,107;108;110;200;201;202,62.090;59.785;45.671;93.569;85.751;60.147,-0.13791559032885586,-0.46381229805482455,-2.7336458621520174,-0.09815594434217607,0.3019675109935921,0.16892781473061116,,,,,,,19.738,
1763047666.708368,1021,107;108;110;200;201;202,64.351;60.631;45.173;96.229;87.526;57.574,-0.12830947102842002,-0.4633553367446391,-2.7352016702845168,-0.09701851179578808,0.3003774036564156,0.16938657421107703,,,,,,,19.606,
1763047666.806350,1022,107;108;110;200;201;202,64.743;61.663;45.185;85.610;88.971;57.908,-0.12493160454036988,-0.4576898859784302,-2.7311339747878987,-0.09770213215662035,0.303404925152582,0.1694496577655842,,,,,,,19.371,
1763047666.905031,1023,107;108;110;200;201;202,63.107;59.427;49.275;89.567;86.719;56.910,-0.12450740334488443,-0.4545682713227576,-2.726937945457694,-0.09619800039349734,0.30414643048020795,0.16812270907612056,,,,,,,19.266,
1763047667.008043,1024,107;108;110;200;201;202,62.766;63.728;43.975;91.296;81.831;55.490,-0.11821209292231977,-0.4652836115555491,-2.736556367990625,-0.09683064063772553,0.303698233409929,0.16756643675682148,,,,,,,19.569,
1763047667.104040,1025,107;108;110;200;201;202,64.556;60.329;44.543;86.101;89.636;52.018,-0.121754518649531,-0.46008155869349937,-2.73091815712236,-0.09880559556528594,0.30691740694879494,0.16745027171397794,,,,,,,19.432,
1763047667.202210,1026,107;108;110;200;201;202,63.751;61.651;40.629;90.060;84.429;60.163,-0.11182875993028862,-0.46020360622106965,-2.7367619641689553,-0.09800397120962699,0.30388858520565315,0.16926625819337335,,,,,,,19.308,
1763047667.301206,1027,107;108;110;200;201;202,67.489;61.934;42.429;90.274;84.723;56.725,-0.11163216138248495,-0.46350862309931834,-2.738926547212045,-0.09799990142927578,0.30434985597415126,0.16889758512917433,,,,,,,19.424,
1763047667.401772,1028,107;108;110;200;201;202,64.919;59.960;44.121;89.134;83.303;52.625,-0.11486295620112155,-0.4667991746180632,-2.7376205391828865,-0.09784150816987318,0.3053408100161737,0.16776091581964414,,,,,,,19.590,
1763047667.498690,1029,107;108;110;200;201,65.000;64.725;44.472;90.272;79.200,-0.16920269558058804,-0.5185249453804467,-2.7476621103395393,-0.11355792299653741,0.3246249314641422,0.1540949252819957,,,,,,,22.127,
1763047667.597785,1030,107;108;110;200;201;202,63.605;62.075;47.306;92.564;80.622;51.635,-0.15597076159717538,-0.5121290106748151,-2.748221588217586,-0.10837142000543995,0.31943795137669617,0.15597397764969304,,,,,,,21.721,
1763047667.695622,1031,107;108;110;200;201;202,63.926;62.776;44.826;90.575;87.679;52.298,-0.1464993034343331,-0.4986674223258877,-2.745445624179507,-0.10665250278295739,0.3160596034708048,0.15897361322204212,,,,,,,21.113,
1763047667.797565,1032,107;108;110;200;201;202,64.327;59.444;45.131;92.085;84.395;53.569,-0.13841043032541406,-0.48965071531488974,-2.7428224502428575,-0.10349771678434,0.31188689527090957,0.16114637485280514,,,,,,,20.691,
1763047667.896241,1033,107;108;110;200;201;202,62.787;64.799;42.972;90.325;87.864;57.693,-0.12610887231575565,-0.48018737700794784,-2.7443285664696524,-0.10278562482084165,0.30945398452767237,0.1644313387195143,,,,,,,20.187,
1763047667.994897,1034,107;108;110;200;201;202,62.585;59.787;47.255;86.432;84.012;55.027,-0.1244761530065004,-0.47392903864454283,-2.73885701821413,-0.10054793366029591,0.3096546745772038,0.1646616980729889,,,,,,,19.957,
1763047668.095977,1035,107;108;110;200;201;202,63.951;64.233;43.108;89.419;87.122;61.928,-0.11437589521592768,-0.46763703529945494,-2.74024659430491,-0.09963311434336168,0.3071730028761821,0.16713352015399752,,,,,,,19.605,
1763047668.193956,1036,107;108;110;200;201;202,66.060;59.077;41.377;83.762;87.592;50.532,-0.12097223890545186,-0.4626200783715222,-2.7342976272642394,-0.10122579706722903,0.30976185454478006,0.1677234091367142,,,,,,,19.505,
1763047668.292887,1037,107;108;110;200;201;202,62.029;62.566;43.663;86.967;85.849;54.234,-0.11734726106239014,-0.4626214912865359,-2.7356476366797184,-0.10132652928207576,0.3096463361417668,0.1677501728000302,,,,,,,19.462,
1763047668.392651,1038,107;108;110;200;201;202,63.162;63.021;39.686;90.909;84.842;54.353,-0.11180053176054187,-0.46586242490646734,-2.742442649050371,-0.10169984617912828,0.30692539042978856,0.16878134351775345,,,,,,,19.499,
1763047668.488353,1039,107;108;110;200;201,66.249;64.264;44.202;95.964;82.310,-0.1653438528992947,-0.514641039060256,-2.750187318294099,-0.11537583668323444,0.3228986350648939,0.15567804736887295,,,,,,,21.917,
1763047668.590070,1040,107;108;110;200;201;202,62.266;58.110;44.664;90.978;85.605;59.029,-0.1466750578803741,-0.49574998651192664,-2.7440672670447,-0.10843923245407525,0.3151303372203823,0.16064425362465495,,,,,,,21.011,
1763047668.689145,1041,107;108;110;200;201;202,66.172;61.349;44.097;86.621;83.250;58.625,-0.13475974212324904,-0.4847938878523181,-2.7416385936072496,-0.1042917339474729,0.3125522607497613,0.1623454219932473,,,,,,,20.471,
1763047668.788639,1042,107;108;110;200;201;202,61.458;59.900;45.596;85.385;86.881;57.387,-0.12914814282598888,-0.47220205097408097,-2.73565798477051,-0.10198065411632296,0.3107874514448471,0.1646392783250902,,,,,,,19.956,
1763047668.887403,1043,107;108;110;200;201;202,60.046;62.690;43.713;92.761;84.491;57.677,-0.11835111074745445,-0.4711147850618565,-2.741432186290151,-0.10051141873939239,0.3062506421159177,0.166810066415356,,,,,,,19.772,
1763047668.984427,1044,107;108;110;200;201;202,65.384;63.723;43.408;89.802;88.653;54.339,-0.11789229166376088,-0.4687971488744111,-2.7404757615638893,-0.1015070013640023,0.3070698329951107,0.16711022442912427,,,,,,,19.683,
1763047669.084012,1045,107;108;110;200;201;202,62.449;60.892;43.746;92.846;84.692;55.544,-0.11421329500807789,-0.46802234864488396,-2.741299246223105,-0.09989537549409644,0.3042796862452563,0.16792749272563132,,,,,,,19.613,
1763047669.181220,1046,107;108;110;200;201,65.509;64.836;46.345;87.145;85.798,-0.1719974405837915,-0.5096214098329322,-2.7408485853258227,-0.11600510069111063,0.32693317786704673,0.15468261478012216,,,,,,,21.865,
1763047669.283274,1047,107;108;110;200;201;202,64.133;56.532;42.531;87.695;87.038;58.095,-0.15288032686913972,-0.4867863822507389,-2.7340391444675265,-0.10951687125007858,0.3184689428865018,0.16016232504733727,,,,,,,20.796,
1763047669.380135,1048,107;108;110;200;201,60.589;60.103;47.699;83.466;80.955,-0.20028757712232848,-0.5215420371614955,-2.732072586751594,-0.12138776249500098,0.3363312019312529,0.14822431472599887,,,,,,,22.750,
1763047669.478922,1049,107;108;110;200;201;202,66.418;61.869;47.704;92.560;85.884;54.336,-0.17763891954566957,-0.5080464009133774,-2.7329729644357372,-0.11400343432070402,0.3282269630704711,0.1526742474134269,,,,,,,21.925,
1763047669.579305,1050,107;108;110;200;201;202,64.847;63.460;42.748;87.847;80.895;54.183,-0.15896264540940672,-0.5021504393593501,-2.7400780718507907,-0.10975081283154205,0.32254627521367973,0.15627157330052588,,,,,,,21.423,
1763047669.679030,1051,107;108;110;200;201;202,61.495;59.730;43.522;93.435;87.627;60.235,-0.1391971533249313,-0.4859767239409536,-2.739348804399088,-0.10505591488260341,0.31337478160866045,0.16203859260914585,,,,,,,20.577,
1763047669.778766,1052,107;108;110;200;201;202,60.256;60.842;43.619;90.944;85.587;59.900,-0.1251385618577084,-0.4757693548702092,-2.740616757190089,-0.10203861028313915,0.3072900315127716,0.16564201086065272,,,,,,,20.026,
1763047669.879738,1053,107;108;110;200;201,62.065;62.236;46.250;90.923;83.306,-0.17616947286426168,-0.5153903011018213,-2.742559178219028,-0.11604057464728494,0.3250963559364766,0.15347167635301562,,,,,,,22.127,
1763047669.991850,1054,107;108;110;200;201;202,65.225;59.444;42.801;83.519;88.455;56.251,-0.15757335019085147,-0.48954632329493253,-2.734336807651933,-0.11121480914746526,0.32093350067245424,0.15844740611409183,,,,,,,20.957,
1763047670.094590,1055,107;108;110;200;201;202,62.084;59.299;46.015;90.955;89.750;53.442,-0.144732201097715,-0.47590871791898953,-2.7304174400549295,-0.10750718007648737,0.31602866178925637,0.1613477186423277,,,,,,,20.301,
1763047670.217155,1056,107;108;110;200;201;202,61.598;61.768;45.209;87.008;86.288;58.098,-0.1332622226655047,-0.4681463603307907,-2.7319689082711736,-0.10443780275680134,0.31251046626070905,0.16392187966755745,,,,,,,19.862,
1763047670.431507,1057,107;108;110;200;201;202,66.284;61.558;47.352;92.742;89.251;61.416,-0.12487548852793424,-0.46282543949890975,-2.730785164416369,-0.10101647141313141,0.30919909866626005,0.16542065922854118,,,,,,,19.572,
1763047670.542690,1058,107;108;110;200;201;202,63.931;57.949;43.532;85.910;86.432;60.533,-0.11761143916376794,-0.45404905857837974,-2.727678447193434,-0.09875188204670775,0.30705113494894487,0.1672304834826921,,,,,,,19.170,
1763047670.642124,1059,107;108;110;200;201;202,62.537;60.894;41.210;92.297;85.737;60.222,-0.10804837043446573,-0.45513960218385263,-2.7331134973261566,-0.09775869111588953,0.30284828632072563,0.16972362660018833,,,,,,,19.093,
1763047670.734758,1060,107;108;110;200;201;202,63.822;61.243;46.314;92.469;87.674;59.536,-0.10629767820986312,-0.4534064067396814,-2.7324865320678153,-0.09663673690913213,0.3018780739051265,0.16969659520571806,,,,,,,19.011,
1763047670.841819,1061,107;108;110;200;201;202,63.105;61.398;46.022;89.318;80.884;55.689,-0.10826813940432982,-0.4609748942958478,-2.736225461029615,-0.09595184907734763,0.3028715770148827,0.16808141701863225,,,,,,,19.308,
1763047670.935829,1062,107;108;110;200;201;202,65.434;61.770;46.218;94.209;83.720;53.373,-0.11191806357311548,-0.46776797511249646,-2.7392878488883254,-0.09617669449078885,0.3033522307878461,0.1666929345112305,,,,,,,19.592,
1763047671.033298,1063,107;108;110;200;201;202,64.880;61.659;44.202;89.383;80.160;63.151,-0.10580498128251083,-0.4682406775059056,-2.742322420626523,-0.09402464363704414,0.3019146368065206,0.1674842139749205,,,,,,,19.538,
1763047671.136258,1064,107;108;110;200;201;202,62.615;62.869;48.837;89.517;85.016;54.017,-0.1109269492449656,-0.4697533851753405,-2.740150771760163,-0.09522398414217803,0.3047386506856744,0.16595289803694063,,,,,,,19.655,
1763047671.231945,1065,107;108;110;200;201;202,65.697;62.736;44.940;89.219;84.817;55.158,-0.11308276605081227,-0.4704466652331553,-2.7395297607225855,-0.0962037659045639,0.3061156892716499,0.1657191752965204,,,,,,,19.706,
1763047671.335597,1066,107;108;110;200;201;202,63.406;58.749;46.115;89.818;86.316;56.786,-0.11319153370040536,-0.4649902649221123,-2.73438928971405,-0.09553553537282813,0.30536510954886736,0.166506470911859,,,,,,,19.520,
1763047671.432729,1067,107;108;110;200;201;202,64.116;59.510;44.529;88.813;87.092;55.802,-0.11376462202331375,-0.4619945853397434,-2.731363591217652,-0.09614735271446297,0.3055100329741922,0.1671357342222746,,,,,,,19.424,
1763047671.527472,1068,107;108;110;200;201;202,61.902;62.399;46.832;91.016;86.322;56.969,-0.11190235048835581,-0.4631578075691139,-2.733475561527691,-0.09625867831564278,0.30485077597263405,0.16689293202251831,,,,,,,19.441,
1763047671.629445,1069,107;108;110;200;201;202,64.436;61.454;47.021;89.537;84.070;58.504,-0.11081717959751895,-0.46335387318787497,-2.7334825561355673,-0.09537317689380123,0.30510147593665793,0.1665662085319589,,,,,,,19.439,
1763047671.724077,1070,107;108;110;200;201;202,62.380;60.989;40.995;88.135;87.761;59.071,-0.10570063700210319,-0.45687528150704737,-2.7351072165542285,-0.09647108088064162,0.3032014548168069,0.16936601514592817,,,,,,,19.129,
1763047671.821121,1071,107;108;110;200;201,64.204;60.422;46.516;92.716;85.738,-0.1644416899787563,-0.4984498483367806,-2.73519081009157,-0.11149509331444135,0.32159812129607995,0.15622396692169335,,,,,,,21.377,
1763047671.921197,1072,107;108;110;200;201;202,63.355;64.638;44.223;88.659;83.604;55.265,-0.14910114260824883,-0.49276554320570964,-2.7403030558534556,-0.10810739074090348,0.3177549966636975,0.15946096970098902,,,,,,,20.946,
1763047672.019586,1073,107;108;200;201;202,60.156;62.079;94.636;87.079;56.785,-0.09913452860094686,-0.48118522123354085,-2.774665041352901,-0.11295989373766445,0.2965824567168674,0.17872864957452383,,,,,,,19.817,
1763047672.169678,1074,107;108;110;200;201;202,64.828;64.781;46.204;90.432;86.139;56.931,-0.10282459547808748,-0.47858291853160234,-2.765724714503044,-0.10879932496248228,0.2999249899939941,0.17520546545560367,,,,,,,19.793,
1763047672.268553,1075,107;108;110;200;201;202,59.746;61.354;43.477;88.542;84.824;59.312,-0.09895049424958695,-0.4712993219972951,-2.75823477442521,-0.1050588836341054,0.29926018835381285,0.17429924592729165,,,,,,,19.516,
1763047672.390108,1076,107;108;110;200;201;202,61.976;64.361;44.519;90.028;88.719;56.754,-0.1018549184317253,-0.4675364739010373,-2.753655630081817,-0.10395012201339542,0.3008459551412331,0.17311833108323285,,,,,,,19.417,
1763047672.489026,1077,107;108;110;200;201;202,63.914;61.192;51.217;91.544;82.612;54.127,-0.11019764168518985,-0.47070646334856875,-2.7480998476227265,-0.10050142169127275,0.30356870740703895,0.16908762970580893,,,,,,,19.644,
1763047672.579984,1078,107;108;110;200;201;202,60.618;59.299;43.872;91.547;83.736;53.826,-0.110210033149546,-0.4697213530647736,-2.74607177264164,-0.09947346461369486,0.30212274143790535,0.1694613119017558,,,,,,,19.616,
1763047672.679998,1079,107;108;110;200;201;202,63.788;60.714;47.647;84.574;86.443;53.388,-0.11746731764432651,-0.46497160874010746,-2.7377221934257494,-0.09927488563055327,0.3064402199722146,0.16750046418644515,,,,,,,19.544,
1763047672.780759,1080,107;108;110;200;201;202,62.553;62.046;42.374;89.775;86.992;53.245,-0.11528256736364131,-0.4647351160612461,-2.7390561327197913,-0.10033872019446735,0.3057505803699812,0.1680328014114311,,,,,,,19.506,
1763047672.910781,1081,107;108;110;200;201;202,62.409;61.288;43.093;94.605;88.445;56.718,-0.11077233420550513,-0.46172182095152914,-2.739524266370662,-0.09966203679151547,0.3024518156856004,0.16952357422996586,,,,,,,19.343,
1763047673.011735,1082,107;108;110;200;201;202,62.863;60.799;42.677;91.141;86.858;56.166,-0.10843049458376602,-0.4596889166378394,-2.739523257014318,-0.0992516387091894,0.30164734508101915,0.17017238580051494,,,,,,,19.242,
1763047673.108185,1083,107;108;200;201;202,64.358;59.822;87.739;82.505;61.322,-0.0723535041467906,-0.4576991730685739,-2.7694308896908315,-0.10525216171830816,0.286872075707566,0.18548579544830784,,,,,,,18.731,
1763047673.210441,1084,107;108;110;200;201;202,63.786;63.458;46.577;86.517;87.837;55.597,-0.08560114591376788,-0.4582770750002663,-2.756872866821798,-0.10363206970312487,0.29496735486045167,0.17990914363429633,,,,,,,18.908,
1763047673.307601,1085,107;108;110;200;201;202,63.389;62.346;41.740;87.493;89.784;55.126,-0.0926476456343923,-0.4547095079124435,-2.749659289662486,-0.10368214194727012,0.2985081749727701,0.17744785963476245,,,,,,,18.858,
1763047673.407773,1086,107;108;110;200;201;202,64.235;59.583;44.510;96.296;88.075;56.638,-0.09731933473557781,-0.45563817298176545,-2.7461496154622655,-0.10104561434244021,0.2975485931914794,0.1755427350871604,,,,,,,18.951,
1763047673.503077,1087,107;108;110;200;201;202,63.684;57.249;47.250;86.668;85.005;56.130,-0.1042655929052479,-0.4526785278312594,-2.73575463398059,-0.09829309355977578,0.3008091297055392,0.17273686275980568,,,,,,,18.948,
1763047673.604218,1088,107;108;110;200;201;202,64.475;62.962;42.455;87.474;84.023;57.104,-0.24326114312931996,-0.45965249172978073,-2.723937564900625,-0.10993171215633357,0.30225840405895127,0.17614744572465874,,,,,,,21.248,
1763047673.703855,1089,107;108;110;200;201;202,63.764;61.121;46.609;88.668;85.460;58.624,-0.20282471598237165,-0.4578225564680376,-2.726383990385292,-0.10543501130741856,0.3030562290587274,0.1731356732461675,,,,,,,20.456,
1763047673.801689,1090,107;108;200;201;202,66.279;56.937;91.063;78.212;56.598,-0.1421245297840534,-0.4632053095969862,-2.7638759217680304,-0.10780829021874547,0.28733418202960376,0.18601709363239616,,,,,,,19.604,
1763047673.899700,1091,107;108;110;200;201;202,63.022;63.215;44.457;88.192;86.935;58.091,-0.26886881328696893,-0.462605050977093,-2.74064850497553,-0.11580370701145275,0.2932304873657465,0.1874744887856034,,,,,,,21.754,
1763047674.001887,1092,107;108;110;200;201;202,64.049;61.855;44.946;94.266;79.305;57.347,-0.21812612040540819,-0.47185153011141345,-2.7470388645562074,-0.10893566273285085,0.29440903014364056,0.1801451701209704,,,,,,,21.108,
1763047674.100467,1093,107;108;110;200;201;202,64.049;61.855;44.946;94.266;79.305;57.347,-0.21812612040540819,-0.47185153011141345,-2.7470388645562074,-0.10893566273285085,0.29440903014364056,0.1801451701209704,,,,,,,21.108,
1763047674.204821,1094,107;108;200;201;202,63.299;61.577;90.316;81.704;53.891,-0.15272548391473917,-0.47281084394521655,-2.7810987514045005,-0.11432458865893458,0.2832335341928196,0.19116320449132537,,,,,,,20.003,
1763047674.297867,1095,107;108;200;201;202,67.630;60.373;89.560;84.102;58.916,-0.10632668293022206,-0.4665565547917527,-2.7985084409597456,-0.1174102424262929,0.27585534111593696,0.19856694229584207,,,,,,,19.183,
1763047674.398578,1096,107;108;110;200;201;202,64.777;58.316;49.081;86.353;87.477;54.940,-0.11325811142841213,-0.4606104341566551,-2.7713664332372887,-0.10967323514181905,0.28687229334639724,0.1883893810703936,,,,,,,19.158,
1763047674.496739,1097,107;108;200;201;202,63.425;63.158;85.442;80.551;55.894,-0.07808834200301845,-0.4640443322981373,-2.7974120013137402,-0.1160181222770087,0.279430287324832,0.19621924064546195,,,,,,,18.874,
1763047674.596809,1098,107;108;110;200;201;202,63.390;58.589;47.703;91.786;87.846;58.289,-0.08788035927201127,-0.4579816455862456,-2.774150684771495,-0.10811467068913533,0.28521519946078056,0.1881244400864209,,,,,,,18.825,
1763047674.691676,1099,107;108;110;200;201;202,63.907;62.644;48.308;91.115;87.172;57.990,-0.09452912605832027,-0.45822940953765695,-2.760756908892567,-0.10412942283064845,0.29144750321378027,0.18154975614908697,,,,,,,18.955,
1763047674.795186,1100,107;108;110;200;201;202,65.903;60.363;43.544;89.222;87.060;57.695,-0.09791505433254392,-0.45559907500005964,-2.751982708882669,-0.10155098860852725,0.29520628957433054,0.17794506194948714,,,,,,,18.925,
1763047674.892235,1101,107;108;110;200;201;202,62.709;66.334;46.364;86.553;87.608;60.673,-0.09918724590800575,-0.45609470903715904,-2.74856332861379,-0.10111999928659093,0.29944334955309393,0.17516700859805878,,,,,,,18.972,
1763047674.994484,1102,107;108;110;200;201;202,64.420;61.316;43.599;90.491;81.837;58.011,-0.10097195934228459,-0.4609982333674154,-2.749059785085847,-0.09886579649736423,0.29946578208240887,0.1729357491460017,,,,,,,19.177,
1763047675.090447,1103,107;108;110;200;201;202,63.776;59.509;44.005;91.411;83.961;54.728,-0.10369466730244101,-0.46247867891740174,-2.7463190653461482,-0.09788949279332844,0.3001048985176306,0.17132350929795115,,,,,,,19.273,
1763047675.191933,1104,107;108;110;200;201;202,66.705;63.152;45.864;91.606;87.578;59.019,-0.1049295351316042,-0.46188627547458405,-2.7428864012487737,-0.09732850803029436,0.3015877741643622,0.17013695426632058,,,,,,,19.279,
1763047675.287756,1105,107;108;200;201;202,61.085;61.422;87.952;80.895;58.721,-0.06749293156953723,-0.46203004278858545,-2.776807361696319,-0.10496606131370885,0.2862539580575606,0.18502980619539683,,,,,,,18.835,
1763047675.386592,1106,107;108;110;200;201;202,61.992;62.799;41.963;86.174;86.160;58.440,-0.07494358982106289,-0.4590201948836891,-2.7653055762674272,-0.10336352236586972,0.29195410772634595,0.18104384276419552,,,,,,,18.821,
1763047675.487728,1107,107;108;110;200;201;202,63.792;58.573;44.466;95.682;84.888;55.767,-0.08489138563492155,-0.4617397094100159,-2.7576793416189997,-0.10026539406981237,0.29284303868867173,0.1779128534840727,,,,,,,19.035,
1763047675.583685,1108,107;108;110;200;201;202,59.768;60.054;48.197;92.764;87.080;53.731,-0.22359780985966393,-0.46353921102310774,-2.73573445852731,-0.10924468823157352,0.29578172872714936,0.17920882364914048,,,,,,,20.964,
1763047675.686384,1109,107;108;110;200;201;202,65.691;60.220;46.085;92.341;82.716;53.685,-0.19309831791485954,-0.46982023056719807,-2.737637596106309,-0.10517561927019908,0.2987781706916767,0.1742446288045378,,,,,,,20.685,
1763047675.782366,1110,107;108;110;200;201;202,63.038;60.185;43.891;87.527;88.788;52.405,-0.17172471810940643,-0.4640423981936895,-2.734039058719019,-0.10452058209827048,0.30188492338871675,0.17237791753687381,,,,,,,20.176,
1763047675.883769,1111,107;108;110;200;201;202,62.751;60.523;50.062;89.480;87.771;61.845,-0.15318716789030679,-0.4576320123425115,-2.729616893373302,-0.10051346733459389,0.3022417767632647,0.17096344119892112,,,,,,,19.707,
1763047675.981524,1112,107;108;110;200;201;202,67.563;59.936;45.835;91.820;84.857;62.759,-0.1375294937575802,-0.45740425542654756,-2.7306424744086932,-0.09703941486199336,0.30123419950940217,0.1699556732100301,,,,,,,19.502,
1763047676.080780,1113,107;108;110;200;201;202,62.041;60.428;46.172;91.328;84.979;60.632,-0.1255971710562429,-0.45599889813964,-2.7319858658652145,-0.09547658675631991,0.300033841817435,0.17006314801256017,,,,,,,19.308,
1763047676.178916,1114,107;108;110;200;201;202,63.619;60.467;45.986;87.888;87.695;53.658,-0.1240901313553957,-0.45505283223042003,-2.729190215295376,-0.09680843431200388,0.30306992934137705,0.16899124236539192,,,,,,,19.269,
1763047676.280780,1115,107;108;110;200;201;202,62.457;64.009;45.071;91.871;80.697;60.153,-0.11461411250102284,-0.46430969357844315,-2.7383496329509605,-0.09580389475527794,0.301729715665878,0.16886093822147327,,,,,,,19.487,
1763047676.379005,1116,107;108;110;200;201;202,62.244;60.655;48.150;91.068;88.444;55.901,-0.24890364947179872,-0.4624732860420891,-2.7196391771236317,-0.10681612391500912,0.3025209203189316,0.17283184076177305,,,,,,,21.479,
1763047676.478768,1117,107;108;110;200;201;202,64.898;61.809;45.855;92.861;86.467;54.690,-0.2103835088407442,-0.46412368780346525,-2.7256373281754422,-0.10392312888567547,0.30296629252980123,0.170515104414805,,,,,,,20.816,
1763047676.575662,1118,107;108;110;200;201;202,65.724;61.145;43.361;88.006;87.451;55.089,-0.18188742559805646,-0.46155211221656794,-2.7272216578421733,-0.10277289681124005,0.30459986402774647,0.1696097205980177,,,,,,,20.265,
1763047676.675331,1119,107;108;110;200;201;202,61.681;62.848;49.813;90.563;89.166;61.603,-0.15800383591121175,-0.4553534235707816,-2.7267139927553727,-0.1001183370535483,0.30407765355571087,0.16907330191398726,,,,,,,19.698,
1763047676.775027,1120,107;108;110;200;201;202,67.049;59.780;44.806;92.947;86.497;58.264,-0.14381202538196666,-0.4556789467464615,-2.7279854479168586,-0.09783175352304106,0.30310420899816753,0.16921409320708264,,,,,,,19.524,
1763047676.872047,1121,107;108;110;200;201;202,64.589;62.762;46.697;92.901;81.125;55.273,-0.13458008740729643,-0.4658466248161398,-2.7344995108897474,-0.0967459812404378,0.30344031138774447,0.16701464920292589,,,,,,,19.775,
1763047676.971576,1122,107;108;110;200;201;202,64.057;61.233;39.645;88.690;86.582;55.117,-0.12497221987342676,-0.4649462707415895,-2.7369183615756647,-0.09849291964044295,0.30342340919898264,0.16841516630287182,,,,,,,19.623,
1763047677.071974,1123,107;108;110;200;201;202,65.849;61.157;43.385;92.749;84.425;56.340,-0.11986218954129528,-0.4687748772146007,-2.738900145965124,-0.09789928470384482,0.3029169085891758,0.1684225210852658,,,,,,,19.710,
1763047677.173543,1124,107;108;110;200;201;202,62.542;62.192;42.327;90.570;86.274;53.752,-0.11678546772542195,-0.4687257547960686,-2.7408725373010077,-0.09904620960440061,0.3032678227376785,0.16882482619513345,,,,,,,19.667,
1763047677.274997,1125,107;108;110;200;201;202,63.743;59.816;47.867;87.934;86.380;59.801,-0.11438940611598147,-0.4616175379069379,-2.733896988960234,-0.09721551872271633,0.3036945412915439,0.16836935960900504,,,,,,,19.403,
1763047677.366615,1126,107;108;110;200;201;202,62.448;59.401;45.011;91.066;85.362;62.653,-0.10740070114011656,-0.45614321960331244,-2.7336950895965653,-0.0951636221128643,0.3007196514757016,0.16980703657646826,,,,,,,19.123,
1763047677.469599,1127,107;108;110;200;201;202,63.376;63.863;42.488;92.664;85.303;56.694,-0.24107127349997015,-0.4640049297905004,-2.7253138485566666,-0.10785576409999476,0.30014169469267593,0.174257779325918,,,,,,,21.354,
1763047677.563938,1128,107;108;110;200;201;202,62.466;58.998;44.174;94.522;86.406;56.744,-0.19980921251155312,-0.461860083714187,-2.729312882826148,-0.10385317787488393,0.2983184270183808,0.17280885064972987,,,,,,,20.540,
1763047677.663914,1129,107;108;110;200;201;202,65.348;61.728;40.957;91.942;85.950;56.975,-0.17012717375698339,-0.4625956885343876,-2.7355919472826247,-0.10197414242193525,0.29865932354660457,0.1722662977370784,,,,,,,20.090,
1763047677.760353,1130,107;108;110;200;201;202,65.487;57.449;45.018;97.451;81.229;55.039,-0.15250266242832192,-0.4685069034090666,-2.7379538534954047,-0.09814227628425645,0.29722277227239946,0.17039845752761248,,,,,,,20.070,
1763047677.862523,1131,107;108;110;200;201;202,64.350;63.196;48.715;89.914;84.756;51.712,-0.1464593408431623,-0.4718794112747978,-2.737033622159475,-0.09842188043722114,0.3024709239598826,0.16754071880685956,,,,,,,20.131,
1763047677.959464,1132,107;108;110;200;201;202,64.182;62.840;40.336;90.778;84.713;54.249,-0.1335393188234544,-0.47305925965473083,-2.742842290742679,-0.0995646422050323,0.302508843633772,0.16801555277908414,,,,,,,19.998,
1763047678.059476,1133,107;108;110;200;201;202,63.726;58.350;45.424;91.218;86.803;55.813,-0.12685514923348,-0.46557870182090927,-2.7374248536169516,-0.09804088174402084,0.3021421334944237,0.16847870694367126,,,,,,,19.665,
1763047678.158030,1134,107;108;110;200;201,64.454;60.337;48.075;88.146;86.680,-0.18208346879774578,-0.5019883713251468,-2.731989545919075,-0.11319171482909529,0.3238362798965949,0.15539193831563575,,,,,,,21.761,
1763047678.259235,1135,107;108;110;200;201;202,69.126;61.308;42.877;91.326;88.499;59.422,-0.15991333820102044,-0.4871755631307116,-2.732180826304014,-0.10801749405765149,0.31762810626019405,0.15975872965434992,,,,,,,20.908,
1763047678.355943,1136,107;108;110;200;201;202,69.126;61.308;42.877;91.326;88.499;59.422,-0.15991333820102044,-0.4871755631307116,-2.732180826304014,-0.10801749405765149,0.31762810626019405,0.15975872965434992,,,,,,,20.908,
1763047678.456878,1137,107;108;110;200;201;202,62.295;62.714;47.853;92.806;80.924;60.074,-0.1414008994376435,-0.48423095763714846,-2.737894077887209,-0.1025669712715208,0.31217956231501537,0.16173000828479348,,,,,,,20.543,
1763047678.555867,1138,107;108;110;200;201;202,65.780;59.085;45.160;88.210;88.704;57.024,-0.1340782145536971,-0.4714564240113111,-2.7314360490583924,-0.10078874366304594,0.3106548165721369,0.164006986898228,,,,,,,20.002,
1763047678.653375,1139,107;108;110;200;201,62.499;62.137;48.967;85.229;87.670,-0.18838392096668494,-0.5044809320769916,-2.7272383773661972,-0.11660189239708924,0.3313526065959855,0.15186815199965065,,,,,,,21.970,
1763047678.752273,1140,107;108;110;200;201;202,65.722;63.826;45.540;86.158;88.886;59.754,-0.1637717527615173,-0.48882648688719355,-2.727165611992255,-0.11154843312360256,0.32575338539178444,0.15659823289507566,,,,,,,21.047,
1763047678.853847,1141,107;108;110;200;201;202,65.271;61.269;47.207;88.704;87.060;56.890,-0.15070757806701127,-0.4804909671074877,-2.7268788012011322,-0.10706774690007852,0.32120533237678917,0.15923227262804496,,,,,,,20.568,
1763047678.948476,1142,107;108;110;200;201;202,63.034;61.769;46.748;94.523;86.815;52.901,-0.1409023812852855,-0.4783755997451137,-2.7316908286795814,-0.10437957959459224,0.31617692732272923,0.16139327758873181,,,,,,,20.345,
1763047679.048438,1143,107;108;110;200;201;202,65.132;62.338;49.546;91.240;85.617;55.436,-0.1358919292883164,-0.4770880519269551,-2.731396021917897,-0.10190362516460143,0.3140652176964575,0.16167636029989677,,,,,,,20.241,
1763047679.149320,1144,107;108;110;200;201;202,64.729;63.071;44.551;92.817;84.505;61.879,-0.12205263763322798,-0.4738791316177666,-2.7364155673440504,-0.09927260165396956,0.30914408606876714,0.1641389823190747,,,,,,,19.943,
1763047679.249038,1145,107;108;110;200;201;202,64.394;58.837;48.955;92.400;86.167;51.270,-0.12564170494362037,-0.4704507078228794,-2.732202060407012,-0.09806335067665871,0.3088705801508281,0.16370620974899053,,,,,,,19.869,
1763047679.348270,1146,107;108;110;200;201;202,65.119;62.103;44.179;89.006;87.331;58.706,-0.11921979691316399,-0.4655999165783174,-2.7326377885407585,-0.09786074957821239,0.30772907341680844,0.1654313233593404,,,,,,,19.612,
1763047679.446079,1147,107;108;200;201;202,64.539;59.906;90.482;86.707;58.150,-0.08144868321321357,-0.4576895832328882,-2.763139540448797,-0.10505660202836588,0.2912701398579083,0.18207222350845437,,,,,,,18.823,
1763047679.546635,1148,107;108;110;200;201;202,63.000;60.506;44.820;91.348;86.669;60.946,-0.08485705873308075,-0.4538966257975841,-2.7543283679936397,-0.10135367547779722,0.29280872477756364,0.17883265455339264,,,,,,,18.743,
1763047679.642494,1149,107;108;110;200;201;202,64.407;62.293;48.518;91.243;82.634;59.355,-0.0917794426310503,-0.46036900342670867,-2.7500540719642084,-0.09827067307151954,0.29643831715036134,0.17454517914595444,,,,,,,19.072,
1763047679.745250,1150,107;108;110;200;201;202,64.452;59.545;47.822;90.189;87.487;59.957,-0.09679611397110027,-0.45692250664747613,-2.7406608117591045,-0.09630452587419062,0.29844603857733515,0.17265719827726347,,,,,,,19.025,
1763047679.841218,1151,107;108;110;200;201;202,62.894;57.644;42.092;90.105;86.327;57.306,-0.09959834651858185,-0.45393951189563936,-2.7370870554784936,-0.09595992351215056,0.2981129215278271,0.17302349605866962,,,,,,,18.949,
1763047679.940842,1152,107;108;110;200;201;202,64.002;59.133;48.831;89.767;87.575;60.461,-0.10298213046360068,-0.449203405025615,-2.730952368222921,-0.09422278531539935,0.29938596073090257,0.17142749939109217,,,,,,,18.824,
1763047680.042267,1153,107;108;110;200;201;202,66.002;63.674;40.310;88.935;86.915;58.859,-0.10202589411595872,-0.4519914001862924,-2.7354025769260435,-0.0961944103599982,0.3005000887871975,0.17204177908318424,,,,,,,18.902,
1763047680.138489,1154,107;108;110;200;201;202,65.643;61.172;39.295;84.602;85.136;58.879,-0.10089931077262568,-0.4520577781291447,-2.736540914736751,-0.09722593420880173,0.30197220341137426,0.17187256893038824,,,,,,,18.889,
1763047680.239104,1155,107;108;110;200;201,63.172;63.835;45.041;88.792;85.511,-0.1597114885927278,-0.49766319993339486,-2.7397471597160408,-0.11406461873599315,0.3226293308739104,0.15815896255484538,,,,,,,21.263,
1763047680.334510,1156,107;108;200;201;202,62.837;59.972;93.596;85.443;59.379,-0.10753219147044546,-0.48413907910103526,-2.7712661045095794,-0.11546432515222367,0.30033580491560524,0.17751772757084097,,,,,,,20.020,
1763047680.438914,1157,107;108;110;200;201;202,64.991;61.313;48.541;88.570;88.193;59.370,-0.10929341503008894,-0.47154601352335207,-2.7556274335508406,-0.10895760317279991,0.30190715206467156,0.1739438180940431,,,,,,,19.629,
1763047680.533342,1158,107;108;110;200;201;202,66.656;60.220;39.720;86.829;87.685;53.748,-0.11161359229220218,-0.4654060421850125,-2.7483396261047552,-0.10693849178798555,0.3041478725255358,0.17302623342673432,,,,,,,19.449,
1763047680.633634,1159,107;108;110;200;201;202,61.562;62.732;40.021;92.168;88.817;59.496,-0.1032609176147271,-0.46144083912181855,-2.7484467105807964,-0.10500748097641732,0.30066627424742376,0.1743185818875014,,,,,,,19.218,
1763047680.736335,1160,107;108;110;200;201;202,64.849;64.329;43.453;89.719;84.895;58.147,-0.10248455181448393,-0.46469058016197445,-2.7489134592358324,-0.10337709468430421,0.30183211265241056,0.1723021543393023,,,,,,,19.336,
1763047680.833841,1161,107;108;110;200;201;202,62.661;61.295;44.332;87.350;85.861;58.066,-0.10217273785539091,-0.4604741875261771,-2.744363364540573,-0.10154745243702419,0.30241071643985246,0.17140041994028696,,,,,,,19.191,
1763047680.937168,1162,107;108;110;200;201;202,64.460;62.971;45.657;89.234;84.086;60.176,-0.10266218913527822,-0.4615031118856252,-2.742729543700692,-0.09946579651732194,0.30277180412432986,0.17051191814532143,,,,,,,19.244,
1763047681.037630,1163,107;108;200;201,62.271;62.919;88.069;82.514,-0.12921921029290098,-0.5121717393912103,-2.7839895272289947,-0.12869669116110988,0.307495265426961,0.17407543603296308,,,,,,,21.230,
1763047681.134241,1164,107;108;110;200;201;202,63.626;59.850;45.285;84.069;86.004;61.040,-0.2699181991947334,-0.4902216149669009,-2.7482901079554978,-0.1293589034264349,0.30759693474090793,0.18072025783971435,,,,,,,22.689,
1763047681.234173,1165,107;108;110;200;201;202,65.763;63.915;48.487;89.947;86.577;57.932,-0.2237086961039184,-0.4830999566251569,-2.7450488566022133,-0.11987900376028598,0.3078094464225233,0.17483529328698758,,,,,,,21.621,
1763047681.332589,1166,107;108;110;200;201;202,64.716;60.592;40.666;88.340;86.938;54.494,-0.19094753170566275,-0.47629514731521044,-2.7426987486455747,-0.11447923806062288,0.3069673299018571,0.17367037501634372,,,,,,,20.865,
1763047681.428979,1167,107;108;110;200;201;202,62.001;65.514;37.782;94.372;89.289;55.736,-0.1617740013307278,-0.4750043702602462,-2.7510508714363966,-0.11251482764823795,0.3037136543044052,0.17478133859342027,,,,,,,20.364,
1763047681.528233,1168,107;108;110;200;201;202,65.141;59.684;46.386;89.591;79.593;57.540,-0.14639703833168133,-0.4763904383585946,-2.7478922694202237,-0.10591821235519268,0.30358170689561487,0.17120612437798927,,,,,,,20.244,
1763047681.625822,1169,107;108;110;200;201;202,63.805;57.027;44.984;90.583;82.158;57.819,-0.1349049539549655,-0.47135855178406555,-2.7429615721038267,-0.1010058067251458,0.3016320462722641,0.1700039496485394,,,,,,,19.946,
1763047681.728050,1170,107;108;110;200;201;202,65.390;65.806;39.437;87.229;86.109;56.800,-0.12429597690994545,-0.4712179721969647,-2.747045666311055,-0.1023208755860924,0.3036350110781946,0.17053666335525589,,,,,,,19.806,
1763047681.821794,1171,107;108;110;200;201;202,64.054;63.516;43.730;88.834;86.690;58.276,-0.11777243002656049,-0.46841487018307426,-2.7450272293515137,-0.10151235079466922,0.30427726439601693,0.1706133779695606,,,,,,,19.643,
1763047681.919804,1172,107;108;110;200;201;202,63.692;62.223;45.514;93.756;87.411;56.355,-0.2483331282880657,-0.4681797642344702,-2.7289471070457405,-0.11125671713413685,0.3031449456454558,0.17515238988426593,,,,,,,21.617,
1763047682.021211,1173,107;108;110;200;201;202,65.721;61.221;44.272;91.424;81.451;61.089,-0.20297605948694622,-0.4711976222359811,-2.7358898995897865,-0.10509424160177494,0.3018504184210619,0.1722577242604533,,,,,,,20.899,
1763047682.118158,1174,107;108;200;201;202,64.323;59.082;88.910;86.056;51.982,-0.2924126193663209,-0.4669107015768436,-2.7487305165177105,-0.12448606930565813,0.28966465840668004,0.19374195859873206,,,,,,,22.339,
1763047682.220166,1175,107;108;110;200;201;202,64.273;65.503;48.282;90.884;84.985;60.284,-0.23522868838253613,-0.468291169764746,-2.74856073859538,-0.11602837304983726,0.29408484794108153,0.1837167655016973,,,,,,,21.268,
1763047682.318740,1176,107;108;110;200;201;202,66.917;60.783;38.832;90.107;83.109;55.313,-0.19585150785912822,-0.47101355631896097,-2.7502585687918337,-0.11118863067610125,0.29630699412359757,0.1789863739140637,,,,,,,20.701,
1763047682.416439,1177,107;108;110;200;201;202,65.048;61.703;46.643;94.579;85.785;53.245,-0.17356225065947725,-0.4716379530608258,-2.747851990013975,-0.10700084521237498,0.29858348999764145,0.17442780040024433,,,,,,,20.412,
1763047682.515852,1178,107;108;110;200;201;202,65.111;58.488;46.361;93.755;87.952;58.156,-0.15434395060841966,-0.4644934177704697,-2.7406893445211824,-0.10268472255278911,0.2982008578339236,0.17252037922783878,,,,,,,19.926,
1763047682.614710,1179,107;108;110;200;201;202,65.518;64.994;45.129;84.372;84.105;54.823,-0.27741152479390857,-0.4686831882431251,-2.724714198149825,-0.11327799854635733,0.30404183531685497,0.17553466995411812,,,,,,,22.231,
1763047682.712956,1180,107;108;110;200;201;202,62.121;65.465;48.390;92.118;86.671;55.294,-0.22886383465517166,-0.4708912422106319,-2.732035403263619,-0.10943342245408269,0.3054797432219887,0.17139552805678343,,,,,,,21.343,
1763047682.809418,1181,107;108;110;200;201,65.910;59.514;47.597;92.767;86.876,-0.2526600490911696,-0.5058464830389774,-2.729082570446224,-0.12019343984644236,0.32342993721228847,0.1582950097309826,,,,,,,23.039,
1763047682.911398,1182,107;108;110;200;201;202,61.675;59.998;46.883;90.510;88.839;57.089,-0.20951278388921482,-0.4865979379858017,-2.7283658999678977,-0.11293226607938,0.3167746404541221,0.16090230754199164,,,,,,,21.614,
1763047683.010260,1183,107;108;110;200;201;202,65.029;63.458;45.429;93.560;82.861;59.157,-0.17617801543151929,-0.4847051963685635,-2.735837818573192,-0.10694711668498139,0.31207666626155905,0.16240209483461485,,,,,,,21.007,
1763047683.213653,1184,107;108;200;201;202,64.247;63.551;90.412;85.976;53.661,-0.273148287560385,-0.48203779929251844,-2.7545721136201164,-0.1269372346153006,0.296907081567144,0.18616553275369022,,,,,,,22.429,
1763049826.292655,0,103;107;108;200;201;202,17.032;21.662;9.145;56.429;49.869;32.609,-0.3755636865780267,1.1597301919013445,-0.4066409970081552,-0.26751361885769853,0.3666846495412545,0.3374978974426451,,,,,,,69.282,
1763049826.484393,1,103;107;108;200;201;202,17.032;21.662;9.145;56.429;49.869;32.609,-0.3755636865780267,1.1597301919013445,-0.4066409970081552,-0.26751361885769853,0.3666846495412545,0.3374978974426451,,,,,,,69.282,
1763049827.365741,2,103;107;108;200;201;202,17.032;21.662;9.145;56.429;49.869;32.609,-0.3755636865780267,1.1597301919013445,-0.4066409970081552,-0.26751361885769853,0.3666846495412545,0.3374978974426451,,,,,,,69.282,
1763049827.578358,3,103;107;108;200;201;202,17.032;21.662;9.145;56.429;49.869;32.609,-0.3755636865780267,1.1597301919013445,-0.4066409970081552,-0.26751361885769853,0.3666846495412545,0.3374978974426451,,,,,,,69.282,
1763049828.034054,4,103;107;108;200;201;202,17.032;21.662;9.145;56.429;49.869;32.609,-0.3755636865780267,1.1597301919013445,-0.4066409970081552,-0.26751361885769853,0.3666846495412545,0.3374978974426451,,,,,,,69.282,
1763049828.581084,5,103;107;108;200;201;202,17.032;21.662;9.145;56.429;49.869;32.609,-0.3755636865780267,1.1597301919013445,-0.4066409970081552,-0.26751361885769853,0.3666846495412545,0.3374978974426451,,,,,,,69.282,
1763049828.830003,6,103;107;108;200;201;202,17.032;21.662;9.145;56.429;49.869;32.609,-0.3755636865780267,1.1597301919013445,-0.4066409970081552,-0.26751361885769853,0.3666846495412545,0.3374978974426451,,,,,,,69.282,
1763049829.020077,7,103;107;108;200;201;202,17.032;21.662;9.145;56.429;49.869;32.609,-0.3755636865780267,1.1597301919013445,-0.4066409970081552,-0.26751361885769853,0.3666846495412545,0.3374978974426451,,,,,,,69.282,
1763049829.194433,8,103;107;108;200;201;202,17.032;21.662;9.145;56.429;49.869;32.609,-0.3755636865780267,1.1597301919013445,-0.4066409970081552,-0.26751361885769853,0.3666846495412545,0.3374978974426451,,,,,,,69.282,
1763049829.368532,9,103;107;108;200;201;202,17.032;21.662;9.145;56.429;49.869;32.609,-0.3755636865780267,1.1597301919013445,-0.4066409970081552,-0.26751361885769853,0.3666846495412545,0.3374978974426451,,,,,,,69.282,
1763049829.492902,10,103;107;108;200;201;202,17.032;21.662;9.145;56.429;49.869;32.609,-0.3755636865780267,1.1597301919013445,-0.4066409970081552,-0.26751361885769853,0.3666846495412545,0.3374978974426451,,,,,,,69.282,
1763049829.631333,11,103;107;108;200;201;202,17.032;21.662;9.145;56.429;49.869;32.609,-0.3755636865780267,1.1597301919013445,-0.4066409970081552,-0.26751361885769853,0.3666846495412545,0.3374978974426451,,,,,,,69.282,
1763049829.807884,12,103;107;108;200;201;202,17.032;21.662;9.145;56.429;49.869;32.609,-0.3755636865780267,1.1597301919013445,-0.4066409970081552,-0.26751361885769853,0.3666846495412545,0.3374978974426451,,,,,,,69.282,
1763049830.037608,13,103;107;108;200;201;202,17.032;21.662;9.145;56.429;49.869;32.609,-0.3755636865780267,1.1597301919013445,-0.4066409970081552,-0.26751361885769853,0.3666846495412545,0.3374978974426451,,,,,,,69.282,
1763049830.199694,14,103;107;108;200;201;202,17.032;21.662;9.145;56.429;49.869;32.609,-0.3755636865780267,1.1597301919013445,-0.4066409970081552,-0.26751361885769853,0.3666846495412545,0.3374978974426451,,,,,,,69.282,
1763049830.318362,15,103;107;108;200;201;202,17.032;21.662;9.145;56.429;49.869;32.609,-0.3755636865780267,1.1597301919013445,-0.4066409970081552,-0.26751361885769853,0.3666846495412545,0.3374978974426451,,,,,,,69.282,
1763049830.435916,16,103;107;108;200;201;202,17.032;21.662;9.145;56.429;49.869;32.609,-0.3755636865780267,1.1597301919013445,-0.4066409970081552,-0.26751361885769853,0.3666846495412545,0.3374978974426451,,,,,,,69.282,
1763049830.535518,17,103;107;108;200;201;202,17.032;21.662;9.145;56.429;49.869;32.609,-0.3755636865780267,1.1597301919013445,-0.4066409970081552,-0.26751361885769853,0.3666846495412545,0.3374978974426451,,,,,,,69.282,
1763049830.641889,18,103;107;108;200;201;202,17.032;21.662;9.145;56.429;49.869;32.609,-0.3755636865780267,1.1597301919013445,-0.4066409970081552,-0.26751361885769853,0.3666846495412545,0.3374978974426451,,,,,,,69.282,
1763049830.736974,19,103;107;108;200;201;202,17.032;21.662;9.145;56.429;49.869;32.609,-0.3755636865780267,1.1597301919013445,-0.4066409970081552,-0.26751361885769853,0.3666846495412545,0.3374978974426451,,,,,,,69.282,
1763049830.852686,20,103;107;108;200;201;202,17.032;21.662;9.145;56.429;49.869;32.609,-0.3755636865780267,1.1597301919013445,-0.4066409970081552,-0.26751361885769853,0.3666846495412545,0.3374978974426451,,,,,,,69.282,
1763049830.984974,21,103;107;108;200;201;202,17.032;21.662;9.145;56.429;49.869;32.609,-0.3755636865780267,1.1597301919013445,-0.4066409970081552,-0.26751361885769853,0.3666846495412545,0.3374978974426451,,,,,,,69.282,
1763049831.105169,22,103;107;108;200;201;202,17.032;21.662;9.145;56.429;49.869;32.609,-0.3755636865780267,1.1597301919013445,-0.4066409970081552,-0.26751361885769853,0.3666846495412545,0.3374978974426451,,,,,,,69.282,
1763049831.196484,23,103;107;108;200;201;202,17.032;21.662;9.145;56.429;49.869;32.609,-0.3755636865780267,1.1597301919013445,-0.4066409970081552,-0.26751361885769853,0.3666846495412545,0.3374978974426451,,,,,,,69.282,
1763049831.295232,24,103;107;108;200;201;202,17.032;21.662;9.145;56.429;49.869;32.609,-0.3755636865780267,1.1597301919013445,-0.4066409970081552,-0.26751361885769853,0.3666846495412545,0.3374978974426451,,,,,,,69.282,
1763049831.427892,25,103;107;108;200;201;202,17.032;21.662;9.145;56.429;49.869;32.609,-0.3755636865780267,1.1597301919013445,-0.4066409970081552,-0.26751361885769853,0.3666846495412545,0.3374978974426451,,,,,,,69.282,
1763049831.523350,26,103;107;108;200;201;202,17.032;21.662;9.145;56.429;49.869;32.609,-0.3755636865780267,1.1597301919013445,-0.4066409970081552,-0.26751361885769853,0.3666846495412545,0.3374978974426451,,,,,,,69.282,
1763049831.623980,27,103;107;108;200;201;202,17.032;21.662;9.145;56.429;49.869;32.609,-0.3755636865780267,1.1597301919013445,-0.4066409970081552,-0.26751361885769853,0.3666846495412545,0.3374978974426451,,,,,,,69.282,
1763049831.725457,28,103;107;108;200;201;202,17.032;21.662;9.145;56.429;49.869;32.609,-0.3755636865780267,1.1597301919013445,-0.4066409970081552,-0.26751361885769853,0.3666846495412545,0.3374978974426451,,,,,,,69.282,
1763049831.820190,29,103;107;108;200;201;202,17.032;21.662;9.145;56.429;49.869;32.609,-0.3755636865780267,1.1597301919013445,-0.4066409970081552,-0.26751361885769853,0.3666846495412545,0.3374978974426451,,,,,,,69.282,
1763049831.927336,30,103;107;108;200;201;202,17.032;21.662;9.145;56.429;49.869;32.609,-0.3755636865780267,1.1597301919013445,-0.4066409970081552,-0.26751361885769853,0.3666846495412545,0.3374978974426451,,,,,,,69.282,
1763049832.020192,31,103;107;108;200;201;202,17.032;21.662;9.145;56.429;49.869;32.609,-0.3755636865780267,1.1597301919013445,-0.4066409970081552,-0.26751361885769853,0.3666846495412545,0.3374978974426451,,,,,,,69.282,
1763049832.121431,32,103;107;108;200;201;202,17.032;21.662;9.145;56.429;49.869;32.609,-0.3755636865780267,1.1597301919013445,-0.4066409970081552,-0.26751361885769853,0.3666846495412545,0.3374978974426451,,,,,,,69.282,
1763049832.222296,33,103;107;108;200;201;202,17.032;21.662;9.145;56.429;49.869;32.609,-0.3755636865780267,1.1597301919013445,-0.4066409970081552,-0.26751361885769853,0.3666846495412545,0.3374978974426451,,,,,,,69.282,
1763049832.324815,34,103;107;108;200;201;202,17.032;21.662;9.145;56.429;49.869;32.609,-0.3755636865780267,1.1597301919013445,-0.4066409970081552,-0.26751361885769853,0.3666846495412545,0.3374978974426451,,,,,,,69.282,
1763049832.462659,35,103;107;108;200;201;202,17.032;21.662;9.145;56.429;49.869;32.609,-0.3755636865780267,1.1597301919013445,-0.4066409970081552,-0.26751361885769853,0.3666846495412545,0.3374978974426451,,,,,,,69.282,
1763049832.585633,36,103;107;108;200;201;202,17.032;21.662;9.145;56.429;49.869;32.609,-0.3755636865780267,1.1597301919013445,-0.4066409970081552,-0.26751361885769853,0.3666846495412545,0.3374978974426451,,,,,,,69.282,
1763049832.683781,37,103;107;108;200;201;202,17.032;21.662;9.145;56.429;49.869;32.609,-0.3755636865780267,1.1597301919013445,-0.4066409970081552,-0.26751361885769853,0.3666846495412545,0.3374978974426451,,,,,,,69.282,
1763049832.784990,38,103;107;108;200;201;202,17.032;21.662;9.145;56.429;49.869;32.609,-0.3755636865780267,1.1597301919013445,-0.4066409970081552,-0.26751361885769853,0.3666846495412545,0.3374978974426451,,,,,,,69.282,
1763049832.880865,39,103;107;108;200;201;202,17.032;21.662;9.145;56.429;49.869;32.609,-0.3755636865780267,1.1597301919013445,-0.4066409970081552,-0.26751361885769853,0.3666846495412545,0.3374978974426451,,,,,,,69.282,
1763049832.978367,40,103;107;108;200;201;202,17.032;21.662;9.145;56.429;49.869;32.609,-0.3755636865780267,1.1597301919013445,-0.4066409970081552,-0.26751361885769853,0.3666846495412545,0.3374978974426451,,,,,,,69.282,
1763049833.078135,41,103;107;108;200;201;202,17.032;21.662;9.145;56.429;49.869;32.609,-0.3755636865780267,1.1597301919013445,-0.4066409970081552,-0.26751361885769853,0.3666846495412545,0.3374978974426451,,,,,,,69.282,
1763049833.178015,42,103;107;108;200;201;202,17.032;21.662;9.145;56.429;49.869;32.609,-0.3755636865780267,1.1597301919013445,-0.4066409970081552,-0.26751361885769853,0.3666846495412545,0.3374978974426451,,,,,,,69.282,
1763049833.275873,43,103;107;108;200;201;202,17.032;21.662;9.145;56.429;49.869;32.609,-0.3755636865780267,1.1597301919013445,-0.4066409970081552,-0.26751361885769853,0.3666846495412545,0.3374978974426451,,,,,,,69.282,
1763049833.375500,44,103;107;108;200;201;202,17.032;21.662;9.145;56.429;49.869;32.609,-0.3755636865780267,1.1597301919013445,-0.4066409970081552,-0.26751361885769853,0.3666846495412545,0.3374978974426451,,,,,,,69.282,
1763049833.471544,45,103;107;108;200;201;202,17.032;21.662;9.145;56.429;49.869;32.609,-0.3755636865780267,1.1597301919013445,-0.4066409970081552,-0.26751361885769853,0.3666846495412545,0.3374978974426451,,,,,,,69.282,
1763049833.761691,46,103;107;108;200;201;202,17.032;21.662;9.145;56.429;49.869;32.609,-0.3755636865780267,1.1597301919013445,-0.4066409970081552,-0.26751361885769853,0.3666846495412545,0.3374978974426451,,,,,,,69.282,
1763049833.916204,47,103;107;108;200;201;202,17.032;21.662;9.145;56.429;49.869;32.609,-0.3755636865780267,1.1597301919013445,-0.4066409970081552,-0.26751361885769853,0.3666846495412545,0.3374978974426451,,,,,,,69.282,
1763049834.050978,48,103;107;108;200;201;202,17.032;21.662;9.145;56.429;49.869;32.609,-0.3755636865780267,1.1597301919013445,-0.4066409970081552,-0.26751361885769853,0.3666846495412545,0.3374978974426451,,,,,,,69.282,
1763049834.167223,49,103;107;108;200;201;202,17.032;21.662;9.145;56.429;49.869;32.609,-0.3755636865780267,1.1597301919013445,-0.4066409970081552,-0.26751361885769853,0.3666846495412545,0.3374978974426451,,,,,,,69.282,
1763049834.270625,50,103;107;108;200;201;202,17.032;21.662;9.145;56.429;49.869;32.609,-0.3755636865780267,1.1597301919013445,-0.4066409970081552,-0.26751361885769853,0.3666846495412545,0.3374978974426451,,,,,,,69.282,
1763049834.370102,51,103;107;108;200;201;202,17.032;21.662;9.145;56.429;49.869;32.609,-0.3755636865780267,1.1597301919013445,-0.4066409970081552,-0.26751361885769853,0.3666846495412545,0.3374978974426451,,,,,,,69.282,
1763049834.464770,52,103;107;108;200;201;202,17.032;21.662;9.145;56.429;49.869;32.609,-0.3755636865780267,1.1597301919013445,-0.4066409970081552,-0.26751361885769853,0.3666846495412545,0.3374978974426451,,,,,,,69.282,
1763049834.565135,53,103;107;108;200;201;202,17.032;21.662;9.145;56.429;49.869;32.609,-0.3755636865780267,1.1597301919013445,-0.4066409970081552,-0.26751361885769853,0.3666846495412545,0.3374978974426451,,,,,,,69.282,
1763049834.660377,54,103;107;108;200;201;202,17.032;21.662;9.145;56.429;49.869;32.609,-0.3755636865780267,1.1597301919013445,-0.4066409970081552,-0.26751361885769853,0.3666846495412545,0.3374978974426451,,,,,,,69.282,
1763049834.758776,55,103;107;108;200;201;202,17.032;21.662;9.145;56.429;49.869;32.609,-0.3755636865780267,1.1597301919013445,-0.4066409970081552,-0.26751361885769853,0.3666846495412545,0.3374978974426451,,,,,,,69.282,
1763049834.862282,56,103;107;108;200;201;202,17.032;21.662;9.145;56.429;49.869;32.609,-0.3755636865780267,1.1597301919013445,-0.4066409970081552,-0.26751361885769853,0.3666846495412545,0.3374978974426451,,,,,,,69.282,
1763049834.964269,57,103;107;108;200;201;202,17.032;21.662;9.145;56.429;49.869;32.609,-0.3755636865780267,1.1597301919013445,-0.4066409970081552,-0.26751361885769853,0.3666846495412545,0.3374978974426451,,,,,,,69.282,
1763049835.060520,58,103;107;108;200;201;202,17.032;21.662;9.145;56.429;49.869;32.609,-0.3755636865780267,1.1597301919013445,-0.4066409970081552,-0.26751361885769853,0.3666846495412545,0.3374978974426451,,,,,,,69.282,
1763049835.162306,59,103;107;108;200;201;202,17.032;21.662;9.145;56.429;49.869;32.609,-0.3755636865780267,1.1597301919013445,-0.4066409970081552,-0.26751361885769853,0.3666846495412545,0.3374978974426451,,,,,,,69.282,
1763049835.288260,60,103;107;108;200;201;202,17.032;21.662;9.145;56.429;49.869;32.609,-0.3755636865780267,1.1597301919013445,-0.4066409970081552,-0.26751361885769853,0.3666846495412545,0.3374978974426451,,,,,,,69.282,
1763049835.384999,61,103;107;108;200;201;202,17.032;21.662;9.145;56.429;49.869;32.609,-0.3755636865780267,1.1597301919013445,-0.4066409970081552,-0.26751361885769853,0.3666846495412545,0.3374978974426451,,,,,,,69.282,
1763049835.486325,62,103;107;108;200;201;202,17.032;21.662;9.145;56.429;49.869;32.609,-0.3755636865780267,1.1597301919013445,-0.4066409970081552,-0.26751361885769853,0.3666846495412545,0.3374978974426451,,,,,,,69.282,
1763049835.586190,63,103;107;108;200;201;202,17.032;21.662;9.145;56.429;49.869;32.609,-0.3755636865780267,1.1597301919013445,-0.4066409970081552,-0.26751361885769853,0.3666846495412545,0.3374978974426451,,,,,,,69.282,
1763049835.683091,64,103;107;108;200;201;202,17.032;21.662;9.145;56.429;49.869;32.609,-0.3755636865780267,1.1597301919013445,-0.4066409970081552,-0.26751361885769853,0.3666846495412545,0.3374978974426451,,,,,,,69.282,
1763049835.782756,65,103;107;108;200;201;202,17.032;21.662;9.145;56.429;49.869;32.609,-0.3755636865780267,1.1597301919013445,-0.4066409970081552,-0.26751361885769853,0.3666846495412545,0.3374978974426451,,,,,,,69.282,
1763049835.891731,66,103;107;108;200;201;202,17.032;21.662;9.145;56.429;49.869;32.609,-0.3755636865780267,1.1597301919013445,-0.4066409970081552,-0.26751361885769853,0.3666846495412545,0.3374978974426451,,,,,,,69.282,
1763049836.033981,67,103;107;108;200;201;202,17.032;21.662;9.145;56.429;49.869;32.609,-0.3755636865780267,1.1597301919013445,-0.4066409970081552,-0.26751361885769853,0.3666846495412545,0.3374978974426451,,,,,,,69.282,
1763049836.303090,68,103;107;108;200;201;202,17.032;21.662;9.145;56.429;49.869;32.609,-0.3755636865780267,1.1597301919013445,-0.4066409970081552,-0.26751361885769853,0.3666846495412545,0.3374978974426451,,,,,,,69.282,
1763049836.492909,69,103;107;108;200;201;202,17.032;21.662;9.145;56.429;49.869;32.609,-0.3755636865780267,1.1597301919013445,-0.4066409970081552,-0.26751361885769853,0.3666846495412545,0.3374978974426451,,,,,,,69.282,
1763049836.629815,70,103;107;108;200;201;202,17.032;21.662;9.145;56.429;49.869;32.609,-0.3755636865780267,1.1597301919013445,-0.4066409970081552,-0.26751361885769853,0.3666846495412545,0.3374978974426451,,,,,,,69.282,
1763049836.766289,71,103;107;108;200;201;202,17.032;21.662;9.145;56.429;49.869;32.609,-0.3755636865780267,1.1597301919013445,-0.4066409970081552,-0.26751361885769853,0.3666846495412545,0.3374978974426451,,,,,,,69.282,
1763049836.929404,72,103;107;108;200;201;202,17.032;21.662;9.145;56.429;49.869;32.609,-0.3755636865780267,1.1597301919013445,-0.4066409970081552,-0.26751361885769853,0.3666846495412545,0.3374978974426451,,,,,,,69.282,
1763049837.079356,73,103;107;108;200;201;202,17.032;21.662;9.145;56.429;49.869;32.609,-0.3755636865780267,1.1597301919013445,-0.4066409970081552,-0.26751361885769853,0.3666846495412545,0.3374978974426451,,,,,,,69.282,
1763049837.271195,74,103;107;108;200;201;202,17.032;21.662;9.145;56.429;49.869;32.609,-0.3755636865780267,1.1597301919013445,-0.4066409970081552,-0.26751361885769853,0.3666846495412545,0.3374978974426451,,,,,,,69.282,
1763049837.380644,75,103;107;108;200;201;202,17.032;21.662;9.145;56.429;49.869;32.609,-0.3755636865780267,1.1597301919013445,-0.4066409970081552,-0.26751361885769853,0.3666846495412545,0.3374978974426451,,,,,,,69.282,
1763049837.502123,76,103;107;108;200;201;202,17.032;21.662;9.145;56.429;49.869;32.609,-0.3755636865780267,1.1597301919013445,-0.4066409970081552,-0.26751361885769853,0.3666846495412545,0.3374978974426451,,,,,,,69.282,
1763049837.603990,77,103;107;108;200;201;202,17.032;21.662;9.145;56.429;49.869;32.609,-0.3755636865780267,1.1597301919013445,-0.4066409970081552,-0.26751361885769853,0.3666846495412545,0.3374978974426451,,,,,,,69.282,
1763049837.705716,78,103;107;108;200;201;202,17.032;21.662;9.145;56.429;49.869;32.609,-0.3755636865780267,1.1597301919013445,-0.4066409970081552,-0.26751361885769853,0.3666846495412545,0.3374978974426451,,,,,,,69.282,
1763049837.817553,79,103;107;108;200;201;202,17.032;21.662;9.145;56.429;49.869;32.609,-0.3755636865780267,1.1597301919013445,-0.4066409970081552,-0.26751361885769853,0.3666846495412545,0.3374978974426451,,,,,,,69.282,
1763049837.958931,80,103;107;108;200;201;202,17.032;21.662;9.145;56.429;49.869;32.609,-0.3755636865780267,1.1597301919013445,-0.4066409970081552,-0.26751361885769853,0.3666846495412545,0.3374978974426451,,,,,,,69.282,
1763049838.082550,81,103;107;108;200;201;202,17.032;21.662;9.145;56.429;49.869;32.609,-0.3755636865780267,1.1597301919013445,-0.4066409970081552,-0.26751361885769853,0.3666846495412545,0.3374978974426451,,,,,,,69.282,
1763049838.201416,82,103;107;108;200;201;202,17.032;21.662;9.145;56.429;49.869;32.609,-0.3755636865780267,1.1597301919013445,-0.4066409970081552,-0.26751361885769853,0.3666846495412545,0.3374978974426451,,,,,,,69.282,
1763049838.322010,83,103;107;108;200;201;202,17.032;21.662;9.145;56.429;49.869;32.609,-0.3755636865780267,1.1597301919013445,-0.4066409970081552,-0.26751361885769853,0.3666846495412545,0.3374978974426451,,,,,,,69.282,
1763049838.416757,84,103;107;108;200;201;202,17.032;21.662;9.145;56.429;49.869;32.609,-0.3755636865780267,1.1597301919013445,-0.4066409970081552,-0.26751361885769853,0.3666846495412545,0.3374978974426451,,,,,,,69.282,
1763049838.514373,85,103;107;108;200;201;202,17.032;21.662;9.145;56.429;49.869;32.609,-0.3755636865780267,1.1597301919013445,-0.4066409970081552,-0.26751361885769853,0.3666846495412545,0.3374978974426451,,,,,,,69.282,
1763049838.613715,86,103;107;108;200;201;202,17.032;21.662;9.145;56.429;49.869;32.609,-0.3755636865780267,1.1597301919013445,-0.4066409970081552,-0.26751361885769853,0.3666846495412545,0.3374978974426451,,,,,,,69.282,
1763049838.712691,87,103;107;108;200;201;202,17.032;21.662;9.145;56.429;49.869;32.609,-0.3755636865780267,1.1597301919013445,-0.4066409970081552,-0.26751361885769853,0.3666846495412545,0.3374978974426451,,,,,,,69.282,
1763049838.811792,88,103;107;108;200;201;202,17.032;21.662;9.145;56.429;49.869;32.609,-0.3755636865780267,1.1597301919013445,-0.4066409970081552,-0.26751361885769853,0.3666846495412545,0.3374978974426451,,,,,,,69.282,
1763049838.913030,89,103;107;108;200;201;202,17.032;21.662;9.145;56.429;49.869;32.609,-0.3755636865780267,1.1597301919013445,-0.4066409970081552,-0.26751361885769853,0.3666846495412545,0.3374978974426451,,,,,,,69.282,
1763049839.011865,90,103;107;108;200;201;202,17.032;21.662;9.145;56.429;49.869;32.609,-0.3755636865780267,1.1597301919013445,-0.4066409970081552,-0.26751361885769853,0.3666846495412545,0.3374978974426451,,,,,,,69.282,
1763049839.106354,91,103;107;108;200;201;202,17.032;21.662;9.145;56.429;49.869;32.609,-0.3755636865780267,1.1597301919013445,-0.4066409970081552,-0.26751361885769853,0.3666846495412545,0.3374978974426451,,,,,,,69.282,
1763049839.206451,92,103;107;108;200;201;202,17.032;21.662;9.145;56.429;49.869;32.609,-0.3755636865780267,1.1597301919013445,-0.4066409970081552,-0.26751361885769853,0.3666846495412545,0.3374978974426451,,,,,,,69.282,
1763049839.304628,93,103;107;108;200;201;202,17.032;21.662;9.145;56.429;49.869;32.609,-0.3755636865780267,1.1597301919013445,-0.4066409970081552,-0.26751361885769853,0.3666846495412545,0.3374978974426451,,,,,,,69.282,
1763049839.411761,94,103;107;108;200;201;202,17.032;21.662;9.145;56.429;49.869;32.609,-0.3755636865780267,1.1597301919013445,-0.4066409970081552,-0.26751361885769853,0.3666846495412545,0.3374978974426451,,,,,,,69.282,
1763049839.508713,95,103;107;108;200;201;202,17.032;21.662;9.145;56.429;49.869;32.609,-0.3755636865780267,1.1597301919013445,-0.4066409970081552,-0.26751361885769853,0.3666846495412545,0.3374978974426451,,,,,,,69.282,
1763049839.605836,96,103;107;108;200;201;202,17.032;21.662;9.145;56.429;49.869;32.609,-0.3755636865780267,1.1597301919013445,-0.4066409970081552,-0.26751361885769853,0.3666846495412545,0.3374978974426451,,,,,,,69.282,
1763049839.706262,97,103;107;108;200;201;202,17.032;21.662;9.145;56.429;49.869;32.609,-0.3755636865780267,1.1597301919013445,-0.4066409970081552,-0.26751361885769853,0.3666846495412545,0.3374978974426451,,,,,,,69.282,
1763049839.808416,98,103;107;108;200;201;202,17.032;21.662;9.145;56.429;49.869;32.609,-0.3755636865780267,1.1597301919013445,-0.4066409970081552,-0.26751361885769853,0.3666846495412545,0.3374978974426451,,,,,,,69.282,
1763049839.912534,99,103;107;108;200;201;202,17.032;21.662;9.145;56.429;49.869;32.609,-0.3755636865780267,1.1597301919013445,-0.4066409970081552,-0.26751361885769853,0.3666846495412545,0.3374978974426451,,,,,,,69.282,
1763049840.029788,100,103;107;108;200;201;202,17.032;21.662;9.145;56.429;49.869;32.609,-0.3755636865780267,1.1597301919013445,-0.4066409970081552,-0.26751361885769853,0.3666846495412545,0.3374978974426451,,,,,,,69.282,
1763049840.208770,101,103;107;108;200;201;202,17.032;21.662;9.145;56.429;49.869;32.609,-0.3755636865780267,1.1597301919013445,-0.4066409970081552,-0.26751361885769853,0.3666846495412545,0.3374978974426451,,,,,,,69.282,
1763049840.370357,102,103;107;108;200;201;202,17.032;21.662;9.145;56.429;49.869;32.609,-0.3755636865780267,1.1597301919013445,-0.4066409970081552,-0.26751361885769853,0.3666846495412545,0.3374978974426451,,,,,,,69.282,
1763049840.483073,103,103;107;108;200;201;202,17.032;21.662;9.145;56.429;49.869;32.609,-0.3755636865780267,1.1597301919013445,-0.4066409970081552,-0.26751361885769853,0.3666846495412545,0.3374978974426451,,,,,,,69.282,
1763049840.609556,104,103;107;108;200;201;202,17.032;21.662;9.145;56.429;49.869;32.609,-0.3755636865780267,1.1597301919013445,-0.4066409970081552,-0.26751361885769853,0.3666846495412545,0.3374978974426451,,,,,,,69.282,
1763049840.746850,105,103;107;108;200;201;202,17.032;21.662;9.145;56.429;49.869;32.609,-0.3755636865780267,1.1597301919013445,-0.4066409970081552,-0.26751361885769853,0.3666846495412545,0.3374978974426451,,,,,,,69.282,
1763049840.874262,106,103;107;108;200;201;202,17.032;21.662;9.145;56.429;49.869;32.609,-0.3755636865780267,1.1597301919013445,-0.4066409970081552,-0.26751361885769853,0.3666846495412545,0.3374978974426451,,,,,,,69.282,
1763049841.015452,107,103;107;108;200;201;202,17.032;21.662;9.145;56.429;49.869;32.609,-0.3755636865780267,1.1597301919013445,-0.4066409970081552,-0.26751361885769853,0.3666846495412545,0.3374978974426451,,,,,,,69.282,
1763049841.151091,108,103;107;108;200;201;202,17.032;21.662;9.145;56.429;49.869;32.609,-0.3755636865780267,1.1597301919013445,-0.4066409970081552,-0.26751361885769853,0.3666846495412545,0.3374978974426451,,,,,,,69.282,
1763049841.265284,109,103;107;108;200;201;202,17.032;21.662;9.145;56.429;49.869;32.609,-0.3755636865780267,1.1597301919013445,-0.4066409970081552,-0.26751361885769853,0.3666846495412545,0.3374978974426451,,,,,,,69.282,
1763049841.355615,110,103;107;108;200;201;202,17.032;21.662;9.145;56.429;49.869;32.609,-0.3755636865780267,1.1597301919013445,-0.4066409970081552,-0.26751361885769853,0.3666846495412545,0.3374978974426451,,,,,,,69.282,
1763049841.459040,111,103;107;108;200;201;202,17.032;21.662;9.145;56.429;49.869;32.609,-0.3755636865780267,1.1597301919013445,-0.4066409970081552,-0.26751361885769853,0.3666846495412545,0.3374978974426451,,,,,,,69.282,
1763049841.553142,112,103;107;108;200;201;202,17.032;21.662;9.145;56.429;49.869;32.609,-0.3755636865780267,1.1597301919013445,-0.4066409970081552,-0.26751361885769853,0.3666846495412545,0.3374978974426451,,,,,,,69.282,
1763049841.642194,113,103;107;108;200;201;202,17.032;21.662;9.145;56.429;49.869;32.609,-0.3755636865780267,1.1597301919013445,-0.4066409970081552,-0.26751361885769853,0.3666846495412545,0.3374978974426451,,,,,,,69.282,
1763049841.744395,114,103;107;108;200;201;202,17.032;21.662;9.145;56.429;49.869;32.609,-0.3755636865780267,1.1597301919013445,-0.4066409970081552,-0.26751361885769853,0.3666846495412545,0.3374978974426451,,,,,,,69.282,
1763049841.842773,115,103;107;108;200;201;202,17.032;21.662;9.145;56.429;49.869;32.609,-0.3755636865780267,1.1597301919013445,-0.4066409970081552,-0.26751361885769853,0.3666846495412545,0.3374978974426451,,,,,,,69.282,
1763049841.939914,116,103;107;108;200;201;202,17.032;21.662;9.145;56.429;49.869;32.609,-0.3755636865780267,1.1597301919013445,-0.4066409970081552,-0.26751361885769853,0.3666846495412545,0.3374978974426451,,,,,,,69.282,
1763049842.039299,117,103;107;108;200;201;202,17.032;21.662;9.145;56.429;49.869;32.609,-0.3755636865780267,1.1597301919013445,-0.4066409970081552,-0.26751361885769853,0.3666846495412545,0.3374978974426451,,,,,,,69.282,
1763049842.138739,118,103;107;108;200;201;202,17.032;21.662;9.145;56.429;49.869;32.609,-0.3755636865780267,1.1597301919013445,-0.4066409970081552,-0.26751361885769853,0.3666846495412545,0.3374978974426451,,,,,,,69.282,
1763049842.237287,119,103;107;108;200;201;202,17.032;21.662;9.145;56.429;49.869;32.609,-0.3755636865780267,1.1597301919013445,-0.4066409970081552,-0.26751361885769853,0.3666846495412545,0.3374978974426451,,,,,,,69.282,
1763049842.337453,120,103;107;108;200;201;202,17.032;21.662;9.145;56.429;49.869;32.609,-0.3755636865780267,1.1597301919013445,-0.4066409970081552,-0.26751361885769853,0.3666846495412545,0.3374978974426451,,,,,,,69.282,
1763049842.435769,121,103;107;108;200;201;202,17.032;21.662;9.145;56.429;49.869;32.609,-0.3755636865780267,1.1597301919013445,-0.4066409970081552,-0.26751361885769853,0.3666846495412545,0.3374978974426451,,,,,,,69.282,
1763049842.535959,122,103;107;108;200;201;202,17.032;21.662;9.145;56.429;49.869;32.609,-0.3755636865780267,1.1597301919013445,-0.4066409970081552,-0.26751361885769853,0.3666846495412545,0.3374978974426451,,,,,,,69.282,
1763049842.635769,123,103;107;108;200;201;202,17.032;21.662;9.145;56.429;49.869;32.609,-0.3755636865780267,1.1597301919013445,-0.4066409970081552,-0.26751361885769853,0.3666846495412545,0.3374978974426451,,,,,,,69.282,
1763049842.733856,124,103;107;108;200;201;202,17.032;21.662;9.145;56.429;49.869;32.609,-0.3755636865780267,1.1597301919013445,-0.4066409970081552,-0.26751361885769853,0.3666846495412545,0.3374978974426451,,,,,,,69.282,
1763049842.834739,125,103;107;108;200;201;202,17.032;21.662;9.145;56.429;49.869;32.609,-0.3755636865780267,1.1597301919013445,-0.4066409970081552,-0.26751361885769853,0.3666846495412545,0.3374978974426451,,,,,,,69.282,
1763049842.933479,126,103;107;108;200;201;202,17.032;21.662;9.145;56.429;49.869;32.609,-0.3755636865780267,1.1597301919013445,-0.4066409970081552,-0.26751361885769853,0.3666846495412545,0.3374978974426451,,,,,,,69.282,
1763049843.032173,127,103;107;108;200;201;202,17.032;21.662;9.145;56.429;49.869;32.609,-0.3755636865780267,1.1597301919013445,-0.4066409970081552,-0.26751361885769853,0.3666846495412545,0.3374978974426451,,,,,,,69.282,
1763049843.128338,128,103;107;108;200;201;202,17.032;21.662;9.145;56.429;49.869;32.609,-0.3755636865780267,1.1597301919013445,-0.4066409970081552,-0.26751361885769853,0.3666846495412545,0.3374978974426451,,,,,,,69.282,
1763049843.225631,129,103;107;108;200;201;202,17.032;21.662;9.145;56.429;49.869;32.609,-0.3755636865780267,1.1597301919013445,-0.4066409970081552,-0.26751361885769853,0.3666846495412545,0.3374978974426451,,,,,,,69.282,
1763049843.327443,130,103;107;108;200;201;202,17.032;21.662;9.145;56.429;49.869;32.609,-0.3755636865780267,1.1597301919013445,-0.4066409970081552,-0.26751361885769853,0.3666846495412545,0.3374978974426451,,,,,,,69.282,
1763049843.425346,131,103;107;108;200;201;202,17.032;21.662;9.145;56.429;49.869;32.609,-0.3755636865780267,1.1597301919013445,-0.4066409970081552,-0.26751361885769853,0.3666846495412545,0.3374978974426451,,,,,,,69.282,
1763049843.524756,132,103;107;108;200;201;202,17.032;21.662;9.145;56.429;49.869;32.609,-0.3755636865780267,1.1597301919013445,-0.4066409970081552,-0.26751361885769853,0.3666846495412545,0.3374978974426451,,,,,,,69.282,
1763049843.624924,133,103;107;108;200;201;202,17.032;21.662;9.145;56.429;49.869;32.609,-0.3755636865780267,1.1597301919013445,-0.4066409970081552,-0.26751361885769853,0.3666846495412545,0.3374978974426451,,,,,,,69.282,
1763049843.723522,134,103;107;108;200;201;202,17.032;21.662;9.145;56.429;49.869;32.609,-0.3755636865780267,1.1597301919013445,-0.4066409970081552,-0.26751361885769853,0.3666846495412545,0.3374978974426451,,,,,,,69.282,
1763049843.822351,135,103;107;108;200;201;202,17.032;21.662;9.145;56.429;49.869;32.609,-0.3755636865780267,1.1597301919013445,-0.4066409970081552,-0.26751361885769853,0.3666846495412545,0.3374978974426451,,,,,,,69.282,
1763049843.924515,136,103;107;108;200;201;202,17.032;21.662;9.145;56.429;49.869;32.609,-0.3755636865780267,1.1597301919013445,-0.4066409970081552,-0.26751361885769853,0.3666846495412545,0.3374978974426451,,,,,,,69.282,
1763049844.021919,137,103;107;108;200;201;202,17.032;21.662;9.145;56.429;49.869;32.609,-0.3755636865780267,1.1597301919013445,-0.4066409970081552,-0.26751361885769853,0.3666846495412545,0.3374978974426451,,,,,,,69.282,
1763049844.124376,138,103;107;108;200;201;202,17.032;21.662;9.145;56.429;49.869;32.609,-0.3755636865780267,1.1597301919013445,-0.4066409970081552,-0.26751361885769853,0.3666846495412545,0.3374978974426451,,,,,,,69.282,
1763049844.220826,139,103;107;108;200;201;202,17.032;21.662;9.145;56.429;49.869;32.609,-0.3755636865780267,1.1597301919013445,-0.4066409970081552,-0.26751361885769853,0.3666846495412545,0.3374978974426451,,,,,,,69.282,
1763049844.321276,140,103;107;108;200;201;202,17.032;21.662;9.145;56.429;49.869;32.609,-0.3755636865780267,1.1597301919013445,-0.4066409970081552,-0.26751361885769853,0.3666846495412545,0.3374978974426451,,,,,,,69.282,
1763049844.418911,141,103;107;108;200;201;202,17.032;21.662;9.145;56.429;49.869;32.609,-0.3755636865780267,1.1597301919013445,-0.4066409970081552,-0.26751361885769853,0.3666846495412545,0.3374978974426451,,,,,,,69.282,
1763049844.521122,142,103;107;108;200;201;202,17.032;21.662;9.145;56.429;49.869;32.609,-0.3755636865780267,1.1597301919013445,-0.4066409970081552,-0.26751361885769853,0.3666846495412545,0.3374978974426451,,,,,,,69.282,
1763049844.617095,143,103;107;108;200;201;202,17.032;21.662;9.145;56.429;49.869;32.609,-0.3755636865780267,1.1597301919013445,-0.4066409970081552,-0.26751361885769853,0.3666846495412545,0.3374978974426451,,,,,,,69.282,
1763049844.717371,144,103;107;108;200;201;202,17.032;21.662;9.145;56.429;49.869;32.609,-0.3755636865780267,1.1597301919013445,-0.4066409970081552,-0.26751361885769853,0.3666846495412545,0.3374978974426451,,,,,,,69.282,
1763049844.816929,145,103;107;108;200;201;202,17.032;21.662;9.145;56.429;49.869;32.609,-0.3755636865780267,1.1597301919013445,-0.4066409970081552,-0.26751361885769853,0.3666846495412545,0.3374978974426451,,,,,,,69.282,
1763049844.932139,146,103;107;108;200;201;202,17.032;21.662;9.145;56.429;49.869;32.609,-0.3755636865780267,1.1597301919013445,-0.4066409970081552,-0.26751361885769853,0.3666846495412545,0.3374978974426451,,,,,,,69.282,
1763049845.021085,147,103;107;108;200;201;202,17.032;21.662;9.145;56.429;49.869;32.609,-0.3755636865780267,1.1597301919013445,-0.4066409970081552,-0.26751361885769853,0.3666846495412545,0.3374978974426451,,,,,,,69.282,
1763049845.111115,148,103;107;108;200;201;202,17.032;21.662;9.145;56.429;49.869;32.609,-0.3755636865780267,1.1597301919013445,-0.4066409970081552,-0.26751361885769853,0.3666846495412545,0.3374978974426451,,,,,,,69.282,
1763049845.209399,149,103;107;108;200;201;202,17.032;21.662;9.145;56.429;49.869;32.609,-0.3755636865780267,1.1597301919013445,-0.4066409970081552,-0.26751361885769853,0.3666846495412545,0.3374978974426451,,,,,,,69.282,
1763049845.353942,150,103;107;108;200;201;202,17.032;21.662;9.145;56.429;49.869;32.609,-0.3755636865780267,1.1597301919013445,-0.4066409970081552,-0.26751361885769853,0.3666846495412545,0.3374978974426451,,,,,,,69.282,
1763049845.442135,151,103;107;108;200;201;202,17.032;21.662;9.145;56.429;49.869;32.609,-0.3755636865780267,1.1597301919013445,-0.4066409970081552,-0.26751361885769853,0.3666846495412545,0.3374978974426451,,,,,,,69.282,
1763049845.538856,152,103;107;108;200;201;202,17.032;21.662;9.145;56.429;49.869;32.609,-0.3755636865780267,1.1597301919013445,-0.4066409970081552,-0.26751361885769853,0.3666846495412545,0.3374978974426451,,,,,,,69.282,
1763049845.635966,153,103;107;108;200;201;202,17.032;21.662;9.145;56.429;49.869;32.609,-0.3755636865780267,1.1597301919013445,-0.4066409970081552,-0.26751361885769853,0.3666846495412545,0.3374978974426451,,,,,,,69.282,
1763049845.735797,154,103;107;108;200;201;202,17.032;21.662;9.145;56.429;49.869;32.609,-0.3755636865780267,1.1597301919013445,-0.4066409970081552,-0.26751361885769853,0.3666846495412545,0.3374978974426451,,,,,,,69.282,
1763049845.834866,155,103;107;108;200;201;202,17.032;21.662;9.145;56.429;49.869;32.609,-0.3755636865780267,1.1597301919013445,-0.4066409970081552,-0.26751361885769853,0.3666846495412545,0.3374978974426451,,,,,,,69.282,
1763049845.942659,156,103;107;108;200;201;202,17.032;21.662;9.145;56.429;49.869;32.609,-0.3755636865780267,1.1597301919013445,-0.4066409970081552,-0.26751361885769853,0.3666846495412545,0.3374978974426451,,,,,,,69.282,
1763049846.036036,157,103;107;108;200;201;202,17.032;21.662;9.145;56.429;49.869;32.609,-0.3755636865780267,1.1597301919013445,-0.4066409970081552,-0.26751361885769853,0.3666846495412545,0.3374978974426451,,,,,,,69.282,
1763049846.133151,158,103;107;108;200;201;202,17.032;21.662;9.145;56.429;49.869;32.609,-0.3755636865780267,1.1597301919013445,-0.4066409970081552,-0.26751361885769853,0.3666846495412545,0.3374978974426451,,,,,,,69.282,
1763049846.233389,159,103;107;108;200;201;202,17.032;21.662;9.145;56.429;49.869;32.609,-0.3755636865780267,1.1597301919013445,-0.4066409970081552,-0.26751361885769853,0.3666846495412545,0.3374978974426451,,,,,,,69.282,
1763049846.328387,160,103;107;108;200;201;202,17.032;21.662;9.145;56.429;49.869;32.609,-0.3755636865780267,1.1597301919013445,-0.4066409970081552,-0.26751361885769853,0.3666846495412545,0.3374978974426451,,,,,,,69.282,
1763049846.429665,161,103;107;108;200;201;202,17.032;21.662;9.145;56.429;49.869;32.609,-0.3755636865780267,1.1597301919013445,-0.4066409970081552,-0.26751361885769853,0.3666846495412545,0.3374978974426451,,,,,,,69.282,
1763049846.525613,162,103;107;108;200;201;202,17.032;21.662;9.145;56.429;49.869;32.609,-0.3755636865780267,1.1597301919013445,-0.4066409970081552,-0.26751361885769853,0.3666846495412545,0.3374978974426451,,,,,,,69.282,
1763049846.626408,163,103;107;108;200;201;202,17.032;21.662;9.145;56.429;49.869;32.609,-0.3755636865780267,1.1597301919013445,-0.4066409970081552,-0.26751361885769853,0.3666846495412545,0.3374978974426451,,,,,,,69.282,
1763049846.727749,164,103;107;108;200;201;202,17.032;21.662;9.145;56.429;49.869;32.609,-0.3755636865780267,1.1597301919013445,-0.4066409970081552,-0.26751361885769853,0.3666846495412545,0.3374978974426451,,,,,,,69.282,
1763049846.828048,165,103;107;108;200;201;202,17.032;21.662;9.145;56.429;49.869;32.609,-0.3755636865780267,1.1597301919013445,-0.4066409970081552,-0.26751361885769853,0.3666846495412545,0.3374978974426451,,,,,,,69.282,
1763049846.931023,166,103;107;108;200;201;202,17.032;21.662;9.145;56.429;49.869;32.609,-0.3755636865780267,1.1597301919013445,-0.4066409970081552,-0.26751361885769853,0.3666846495412545,0.3374978974426451,,,,,,,69.282,
1763049847.023575,167,103;107;108;200;201;202,17.032;21.662;9.145;56.429;49.869;32.609,-0.3755636865780267,1.1597301919013445,-0.4066409970081552,-0.26751361885769853,0.3666846495412545,0.3374978974426451,,,,,,,69.282,
1763049847.122627,168,103;107;108;200;201;202,17.032;21.662;9.145;56.429;49.869;32.609,-0.3755636865780267,1.1597301919013445,-0.4066409970081552,-0.26751361885769853,0.3666846495412545,0.3374978974426451,,,,,,,69.282,
1763049847.219901,169,103;107;108;200;201;202,17.032;21.662;9.145;56.429;49.869;32.609,-0.3755636865780267,1.1597301919013445,-0.4066409970081552,-0.26751361885769853,0.3666846495412545,0.3374978974426451,,,,,,,69.282,
1763049847.320799,170,103;107;108;200;201;202,17.032;21.662;9.145;56.429;49.869;32.609,-0.3755636865780267,1.1597301919013445,-0.4066409970081552,-0.26751361885769853,0.3666846495412545,0.3374978974426451,,,,,,,69.282,
1763049847.417731,171,103;107;108;200;201;202,17.032;21.662;9.145;56.429;49.869;32.609,-0.3755636865780267,1.1597301919013445,-0.4066409970081552,-0.26751361885769853,0.3666846495412545,0.3374978974426451,,,,,,,69.282,
1763049847.516676,172,103;107;108;200;201;202,17.032;21.662;9.145;56.429;49.869;32.609,-0.3755636865780267,1.1597301919013445,-0.4066409970081552,-0.26751361885769853,0.3666846495412545,0.3374978974426451,,,,,,,69.282,
1763049847.613797,173,103;107;108;200;201;202,17.032;21.662;9.145;56.429;49.869;32.609,-0.3755636865780267,1.1597301919013445,-0.4066409970081552,-0.26751361885769853,0.3666846495412545,0.3374978974426451,,,,,,,69.282,
1763049847.711265,174,103;107;108;200;201;202,17.032;21.662;9.145;56.429;49.869;32.609,-0.3755636865780267,1.1597301919013445,-0.4066409970081552,-0.26751361885769853,0.3666846495412545,0.3374978974426451,,,,,,,69.282,
1763049847.812249,175,103;107;108;200;201;202,17.032;21.662;9.145;56.429;49.869;32.609,-0.3755636865780267,1.1597301919013445,-0.4066409970081552,-0.26751361885769853,0.3666846495412545,0.3374978974426451,,,,,,,69.282,
1763049847.915448,176,103;107;108;200;201;202,17.032;21.662;9.145;56.429;49.869;32.609,-0.3755636865780267,1.1597301919013445,-0.4066409970081552,-0.26751361885769853,0.3666846495412545,0.3374978974426451,,,,,,,69.282,
1763049848.010547,177,103;107;108;200;201;202,17.032;21.662;9.145;56.429;49.869;32.609,-0.3755636865780267,1.1597301919013445,-0.4066409970081552,-0.26751361885769853,0.3666846495412545,0.3374978974426451,,,,,,,69.282,
1763049848.110763,178,103;107;108;200;201;202,17.032;21.662;9.145;56.429;49.869;32.609,-0.3755636865780267,1.1597301919013445,-0.4066409970081552,-0.26751361885769853,0.3666846495412545,0.3374978974426451,,,,,,,69.282,
1763049848.209847,179,103;107;108;200;201;202,17.032;21.662;9.145;56.429;49.869;32.609,-0.3755636865780267,1.1597301919013445,-0.4066409970081552,-0.26751361885769853,0.3666846495412545,0.3374978974426451,,,,,,,69.282,
1763049848.308801,180,103;107;108;200;201;202,17.032;21.662;9.145;56.429;49.869;32.609,-0.3755636865780267,1.1597301919013445,-0.4066409970081552,-0.26751361885769853,0.3666846495412545,0.3374978974426451,,,,,,,69.282,
1763049848.406479,181,103;107;108;200;201;202,17.032;21.662;9.145;56.429;49.869;32.609,-0.3755636865780267,1.1597301919013445,-0.4066409970081552,-0.26751361885769853,0.3666846495412545,0.3374978974426451,,,,,,,69.282,
1763049848.508754,182,103;107;108;200;201;202,17.032;21.662;9.145;56.429;49.869;32.609,-0.3755636865780267,1.1597301919013445,-0.4066409970081552,-0.26751361885769853,0.3666846495412545,0.3374978974426451,,,,,,,69.282,
1763049848.607421,183,103;107;108;200;201;202,17.032;21.662;9.145;56.429;49.869;32.609,-0.3755636865780267,1.1597301919013445,-0.4066409970081552,-0.26751361885769853,0.3666846495412545,0.3374978974426451,,,,,,,69.282,
1763049848.704404,184,103;107;108;200;201;202,17.032;21.662;9.145;56.429;49.869;32.609,-0.3755636865780267,1.1597301919013445,-0.4066409970081552,-0.26751361885769853,0.3666846495412545,0.3374978974426451,,,,,,,69.282,
1763049848.800545,185,103;107;108;200;201;202,17.032;21.662;9.145;56.429;49.869;32.609,-0.3755636865780267,1.1597301919013445,-0.4066409970081552,-0.26751361885769853,0.3666846495412545,0.3374978974426451,,,,,,,69.282,
1763049848.904878,186,103;107;108;200;201;202,17.032;21.662;9.145;56.429;49.869;32.609,-0.3755636865780267,1.1597301919013445,-0.4066409970081552,-0.26751361885769853,0.3666846495412545,0.3374978974426451,,,,,,,69.282,
1763049849.004044,187,103;107;108;200;201;202,17.032;21.662;9.145;56.429;49.869;32.609,-0.3755636865780267,1.1597301919013445,-0.4066409970081552,-0.26751361885769853,0.3666846495412545,0.3374978974426451,,,,,,,69.282,
1763049849.101832,188,103;107;108;200;201;202,17.032;21.662;9.145;56.429;49.869;32.609,-0.3755636865780267,1.1597301919013445,-0.4066409970081552,-0.26751361885769853,0.3666846495412545,0.3374978974426451,,,,,,,69.282,
1763049849.201884,189,103;107;108;200;201;202,17.032;21.662;9.145;56.429;49.869;32.609,-0.3755636865780267,1.1597301919013445,-0.4066409970081552,-0.26751361885769853,0.3666846495412545,0.3374978974426451,,,,,,,69.282,
1763049849.298679,190,103;107;108;200;201;202,17.032;21.662;9.145;56.429;49.869;32.609,-0.3755636865780267,1.1597301919013445,-0.4066409970081552,-0.26751361885769853,0.3666846495412545,0.3374978974426451,,,,,,,69.282,
1763049849.397022,191,103;107;108;200;201;202,17.032;21.662;9.145;56.429;49.869;32.609,-0.3755636865780267,1.1597301919013445,-0.4066409970081552,-0.26751361885769853,0.3666846495412545,0.3374978974426451,,,,,,,69.282,
1763049849.532474,192,103;107;108;200;201;202,17.032;21.662;9.145;56.429;49.869;32.609,-0.3755636865780267,1.1597301919013445,-0.4066409970081552,-0.26751361885769853,0.3666846495412545,0.3374978974426451,,,,,,,69.282,
1763049867.376120,0,107;108;200;201;202,62.071;40.169;95.721;84.763;57.967,0.00983860718395519,-0.3770770478290868,-2.7825339384462016,-0.10134109062740097,0.22053904740414007,0.22475913708511477,,,,,,,15.225,
1763049867.641854,1,107;108;200;201;202,70.141;43.970;92.585;77.978;47.011,-0.007308772149829622,-0.3995170162416371,-2.7900298820359697,-0.10431901152220632,0.2297467223061104,0.22196991701717061,,,,,,,16.087,
1763049867.787789,2,107;108;200;201;202,69.994;49.786;90.799;78.129;44.617,-0.021171464670376804,-0.42163683677278896,-2.8016656005796,-0.10946171398662755,0.23966966076282736,0.21903238507587725,,,,,,,16.934,
1763049867.928060,3,107;108;200;201,69.323;47.339;87.014;71.014,-0.08520811603342514,-0.4861171273585138,-2.818726683062543,-0.12799213196384535,0.26417230234072947,0.20732860452611793,,,,,,,19.666,
1763049868.047975,4,107;108;200;201;202,72.806;50.354;82.342;79.738;53.588,-0.22875455643386342,-0.47436125016056985,-2.799018326435928,-0.13490567558530295,0.2676163057663456,0.21769372617569585,,,,,,,21.080,
1763049868.149480,5,107;108;200;201,67.025;47.347;89.403;84.667,-0.22658551591280723,-0.4991380326063095,-2.8031549462431005,-0.1474410761727878,0.2830613243836229,0.21047158339167157,,,,,,,21.902,
1763049868.254333,6,107;108;200;201;202,70.303;47.738;88.118;73.226;53.722,-0.16609498913552917,-0.4899213146430376,-2.811555908929522,-0.13545380939867246,0.2742876388378958,0.21046243936821124,,,,,,,20.641,
1763049868.363688,7,107;108;200;201;202,68.227;44.637;87.132;79.272;46.755,-0.1319942123984905,-0.47309155371969985,-2.8087859339783745,-0.1292703531842606,0.2688998700920823,0.21175831677669302,,,,,,,19.627,
1763049868.485141,8,107;108;200;201;202,71.679;47.755;86.301;81.759;48.259,-0.10945189318933267,-0.4627937506320276,-2.806379628283815,-0.12556570245156695,0.2680878639687327,0.21253625974254647,,,,,,,19.024,
1763049868.585018,9,107;108;200;201;202,67.773;45.697;85.874;80.327;54.816,-0.08521384514062735,-0.4475731996218727,-2.803508859691805,-0.12064349489281484,0.2632400118314086,0.21484663956802894,,,,,,,18.251,
1763049868.721729,10,107;108;200;201;202,65.720;46.074;86.043;81.979;50.683,-0.06993777023907632,-0.43798240359113405,-2.8013132270587873,-0.11900117363999446,0.26026944281316133,0.21656961976054018,,,,,,,17.783,
1763049868.846958,11,107;108;200;201;202,71.895;47.898;86.538;78.168;53.469,-0.06082232597552894,-0.43886138241762623,-2.8036843941037968,-0.11628416556204135,0.25997984551725994,0.215951951126228,,,,,,,17.752,
1763049868.964838,12,107;108;200;201,70.233;47.145;88.702;75.190,-0.11244992632339143,-0.4903558589530378,-2.8159957489611633,-0.13236909712424189,0.2783773675186211,0.20566257748466438,,,,,,,20.057,
1763049869.091211,13,107;108;200;201;202,71.856;47.620;83.583;75.913;51.817,-0.09127073766671653,-0.4775862442469117,-2.8147332566587155,-0.12597575330965802,0.27404973631423013,0.20768251662149423,,,,,,,19.401,
1763049869.227255,14,107;108;200;201,70.752;47.451;88.889;78.924,-0.13521420542285215,-0.511132751301499,-2.8183417073417685,-0.13948033753275257,0.28873258271290897,0.2001753155204013,,,,,,,21.049,
1763049869.347850,15,107;108;200;201;202,72.911;47.155;84.200;77.375;52.367,-0.1086376526164152,-0.4894605918343451,-2.814002987522581,-0.13066621900664588,0.2812907167717869,0.20413045564993798,,,,,,,20.000,
1763049869.463162,16,107;108;200;201;202,72.571;47.267;85.052;84.138;48.845,-0.093928257435385,-0.4689389515305528,-2.8057355300495685,-0.12674462960802504,0.27739670484658635,0.20754046411338767,,,,,,,19.134,
1763049869.568289,17,107;108;110;200;201,69.331;49.225;15.208;81.021;72.621,-0.15053612702521263,-0.5120323537804353,-2.801476564965035,-0.13530586973485395,0.30069606470228294,0.19238152491079794,,,,,,,21.343,
1763049869.657926,18,107;108;200;201;202,76.764;48.936;85.506;77.497;51.088,-0.12403514164202441,-0.4973802048465091,-2.8028062042919957,-0.12821339297268983,0.2924028898822081,0.19809348505417398,,,,,,,20.505,
1763049869.757553,19,107;108;200;201,72.772;46.452;82.860;66.504,-0.16136393284512723,-0.5435457728393768,-2.8165977249668783,-0.13891572894381402,0.3044752585025871,0.1902094374701419,,,,,,,22.556,
1763049869.854547,20,107;108;200;201,71.695;52.041;80.760;71.667,-0.18666288753385285,-0.5710728470217021,-2.8278237131012807,-0.1500968817499731,0.3165506617412629,0.1852989624037358,,,,,,,23.799,
1763049869.955533,21,107;108;110;200;201;202,74.581;47.916;15.091;82.955;68.709;40.707,-0.1690598258011779,-0.5548854418414796,-2.816498664974413,-0.13616431800012324,0.311014500176366,0.18479347591086745,,,,,,,23.067,
1763049870.052474,22,107;108;200;201;202,68.842;49.834;84.857;70.761;43.279,-0.13557036924039156,-0.5388604177980683,-2.8246874491494003,-0.13074735640382612,0.29893677414521497,0.1918241783263784,,,,,,,22.063,
1763049870.154302,23,107;108;200;201,70.804;47.973;80.797;71.184,-0.16914421509187408,-0.5646734417893036,-2.828382002224557,-0.14293333432287775,0.3111867939536052,0.1870235731061867,,,,,,,23.355,
1763049870.251882,24,107;108;200;201,73.154;45.767;78.997;76.306,-0.19592108736266098,-0.5683681978720246,-2.8207035427679625,-0.15132239564723707,0.3210185625824893,0.18457209485309042,,,,,,,23.861,
1763049870.349242,25,107;108;200;201,69.752;45.786;79.586;80.137,-0.2147617093268509,-0.5652882472317945,-2.8128254631986573,-0.15866730755965675,0.3266324079321503,0.1848300680944894,,,,,,,24.051,
1763049870.448074,26,107;108;200;202,71.302;46.397;80.441;48.226,-0.1445954038805616,-0.6731313789229477,-2.897616997116831,-0.11838440014316233,0.29971725166519975,0.17036051477795267,,,,,,,26.641,
1763049870.548705,27,107;108;200;201;202,71.459;44.629;81.725;69.645;45.481,-0.11785083310277641,-0.6137942529091615,-2.8746767807906446,-0.1159808029275562,0.2907842442891219,0.18244975568212493,,,,,,,24.408,
1763049870.646668,28,107;108;200;201;202,73.712;48.700;88.878;72.259;44.315,-0.10198606392303226,-0.5795306157403468,-2.862754230489254,-0.11553437438144237,0.2842586836026292,0.19032335457026062,,,,,,,23.090,
1763049870.745533,29,107;108;200;201,68.965;47.441;83.896;73.670,-0.1429934544216147,-0.5884866685846275,-2.85557974615372,-0.13217060052310706,0.298172627252592,0.18655692783176842,,,,,,,23.797,
1763049870.842253,30,107;108;200;201,69.365;46.379;81.517;72.148,-0.17375934381172875,-0.5953256998364016,-2.848942936846147,-0.1435378428026782,0.30927552586073315,0.18422990790192026,,,,,,,24.402,
1763049870.944869,31,107;108;200;201,73.767;48.092;80.682;69.973,-0.1997635318482682,-0.607348679626197,-2.8450797480756385,-0.1511157617920099,0.3195466402218187,0.1807442599034746,,,,,,,25.167,
1763049871.042144,32,107;108;200;202,69.475;49.589;78.657;47.208,-0.13273477413497975,-0.709756599293016,-2.923401930668156,-0.11650869664520122,0.29536289267298066,0.1681563753959494,,,,,,,27.688,
1763049871.144565,33,107;108;200;201;202,68.999;46.857;85.167;69.505;45.508,-0.10661739102054911,-0.643382414130841,-2.897934225088733,-0.11568463374607584,0.285969088953838,0.1813217015308031,,,,,,,25.271,
1763049871.238428,34,107;108;200;202,70.658;47.902;79.358;45.200,-0.06824175114547831,-0.7368405661077239,-2.9561168110506624,-0.09478793025023372,0.27046517268375797,0.1725601125722878,,,,,,,28.076,
1763049871.340460,35,107;108;200;201;202,72.040;45.006;77.004;75.501;48.428,-0.0661750930998841,-0.6413860013685831,-2.90788430586315,-0.09867966801289513,0.272143470379104,0.18364003087654218,,,,,,,24.920,
1763049871.436634,36,107;108;200;201,72.256;49.192;86.736;75.495,-0.11972959549962452,-0.6343016563100873,-2.887596213396517,-0.11951357663237658,0.2912982198232136,0.18071146473382788,,,,,,,25.095,
1763049871.538835,37,107;108;200;201;202,71.553;46.575;79.874;79.655;39.852,-0.10971400745366809,-0.5776406944488246,-2.859428793396185,-0.1209566292040982,0.28929480347957254,0.18912850291062563,,,,,,,23.093,
1763049871.637507,38,107;108;200;201;202,72.089;50.800;85.326;77.802;41.626,-0.10065321707043717,-0.5487679866731817,-2.8485763226243566,-0.12246151375764829,0.2865490433220296,0.19513167885758398,,,,,,,22.003,
1763049871.734985,39,107;108;200;201,70.969;47.465;84.453;65.997,-0.14333109899194374,-0.5832010714764625,-2.8524604918525025,-0.13513425987116598,0.2996544976025601,0.1882092949726991,,,,,,,23.624,
1763049871.833918,40,107;108;200;201,73.990;44.820;82.166;68.535,-0.1794349901000335,-0.598222549829934,-2.8448182309199344,-0.14313593849393924,0.3110266584012928,0.18369670259900006,,,,,,,24.600,
1763049871.932610,41,107;108;200;201,73.990;44.820;82.166;68.535,-0.1794349901000335,-0.598222549829934,-2.8448182309199344,-0.14313593849393924,0.3110266584012928,0.18369670259900006,,,,,,,24.600,
1763049872.033333,42,107;108;200;201,72.151;47.401;80.428;70.384,-0.20156805103512512,-0.606245577179237,-2.841338158885251,-0.15079204502174257,0.3202019983872518,0.18070544465677824,,,,,,,25.175,
1763049872.131967,43,107;108;200;201;202,71.410;47.699;86.630;74.558;47.327,-0.15606481367133354,-0.5653482464087314,-2.836425436580348,-0.13975116440048604,0.30308027714413166,0.1898065971307728,,,,,,,23.187,
1763049872.231030,44,107;108;200;201;202,70.719;46.848;79.268;68.365;46.352,-0.12646573093017816,-0.5419251813485394,-2.8335673660853025,-0.13151159179566757,0.29420013578441007,0.1954757642427728,,,,,,,22.041,
1763049872.329684,45,107;108;200;201,71.082;48.147;84.395;77.171,-0.1613972796158736,-0.5599201317008694,-2.831345030280903,-0.1440564692009902,0.3065601751609965,0.1914798360346262,,,,,,,23.074,
1763049872.458527,46,107;108;200;201,71.082;48.147;84.395;77.171,-0.1613972796158736,-0.5599201317008694,-2.831345030280903,-0.1440564692009902,0.3065601751609965,0.1914798360346262,,,,,,,23.074,
1763049872.559782,47,107;108;200;201,73.457;46.214;82.792;70.015,-0.18846585609275984,-0.5806208997711543,-2.8319068966773417,-0.15061271099130663,0.315840957972983,0.18633908371260025,,,,,,,24.144,
1763049872.660068,48,107;108;200;201;202,73.318;47.746;86.679;74.695;48.131,-0.14760192401259373,-0.5475829318550997,-2.8288446443805118,-0.13927425945654137,0.30062834340243433,0.1934874492162381,,,,,,,22.484,
1763049872.758018,49,107;108;200;201,68.118;46.982;88.309;73.619,-0.17265095587920154,-0.5688648693016604,-2.8345277736802856,-0.14822721420813223,0.3060772958288393,0.19038865760047224,,,,,,,23.509,
1763049872.856386,50,107;108;200;202,70.646;45.757;83.543;44.333,-0.11794005117587915,-0.6814400657673486,-2.914368919436873,-0.1134605823116228,0.2839395101910918,0.1755268113123617,,,,,,,26.626,
1763049872.958081,51,107;108;200;201,69.623;46.202;81.097;73.334,-0.15868715192345928,-0.6570962231356735,-2.8866761089176647,-0.12963206546726605,0.3004715092802182,0.1752883824362743,,,,,,,26.255,
1763049873.057285,52,107;108;200;201;202,70.411;45.882;80.116;76.016;43.267,-0.132070965093757,-0.5949230836543357,-2.861893339713585,-0.12665436991280596,0.2931463182008405,0.1863060512288114,,,,,,,23.900,
1763049873.152995,53,107;108;200;201,68.301;49.057;86.606;68.506,-0.16333588596000842,-0.6148561240155712,-2.8637661380637054,-0.1393934469177084,0.3032195344355707,0.18370289464611134,,,,,,,24.912,
1763049873.253296,54,107;108;200;201,72.585;47.143;81.845;71.914,-0.19155660230342467,-0.6175053977943544,-2.853706439970108,-0.14830773410901837,0.3146320108817872,0.1817131822609487,,,,,,,25.380,
1763049873.350599,55,107;108;200;201,74.852;47.307;84.581;73.113,-0.2114829544446453,-0.618858414059026,-2.8463403846085944,-0.15361069097381394,0.3211118728263133,0.18007724686282914,,,,,,,25.720,
1763049873.448929,56,107;108;200;202,71.326;47.021;84.450;45.201,-0.14425325777354692,-0.7188396059196894,-2.923254767326994,-0.11700216910206601,0.29432706786207485,0.1675652180727337,,,,,,,28.101,
1763049873.552205,57,107;108;200;201;202,68.925;47.067;84.215;71.969;48.151,-0.26763214483202014,-0.6468970016351024,-2.879783536113479,-0.1275386307472229,0.2889623353140711,0.19008592899105142,,,,,,,27.217,
1763049873.649074,58,107;108;200;201,72.457;44.278;80.741;70.780,-0.2645413333526087,-0.6362533834030321,-2.861123692450425,-0.1380449211180319,0.3036740452642503,0.1856576679645408,,,,,,,26.946,
1763049873.745669,59,107;108;200;201,72.917;49.519;79.127;71.147,-0.1308427126255447,-0.6536343548976998,-2.7734842651534626,-0.13598033798141132,0.3149832101660073,0.18176282055490806,,,,,,,26.742,
1763049873.844882,60,107;108;200;201;202,72.999;44.857;83.827;70.391;47.930,-0.10993118786905377,-0.5999798734602246,-2.7872978345950634,-0.12705726217156585,0.30073520937729037,0.19168434534997142,,,,,,,24.428,
1763049873.946000,61,107;108;200;201,71.193;49.234;82.683;70.753,-0.14918058300487078,-0.6091299799889812,-2.806024659674221,-0.14030770324258376,0.3108314277831418,0.1860328791917064,,,,,,,24.970,
1763049874.044923,62,107;108;110;200;201,71.330;49.028;14.138;76.562;69.146,-0.19297461818680717,-0.6146716537415138,-2.801531625066436,-0.14505352939481458,0.3268167124103344,0.17557893404632582,,,,,,,25.667,
1763049874.142977,63,107;108;200;201,67.353;49.687;84.796;77.538,-0.20501484210322532,-0.6106894397500069,-2.8118539627885824,-0.1548981365982268,0.32796776561669916,0.17847249709147395,,,,,,,25.591,
1763049874.240412,64,107;108;200;201,71.698;49.754;87.842;74.227,-0.2161253590174226,-0.6154160501211443,-2.822018238775339,-0.15944418843780503,0.3283880522477037,0.17861070430442996,,,,,,,25.830,
1763049874.341238,65,107;108;200;201,71.666;45.997;80.601;69.694,-0.228775519559051,-0.6198296616148217,-2.8250506634126493,-0.16202903907534838,0.33139792543069824,0.17774506495977735,,,,,,,26.133,
1763049874.447293,66,107;108;200;201,70.156;49.693;77.085;70.732,-0.23682524214672712,-0.6223812630607899,-2.8300693744669467,-0.166350841918704,0.3367203826787907,0.1772961311602607,,,,,,,26.297,
1763049874.544110,67,107;108;200;201,71.060;44.849;78.243;76.816,-0.2442122180500939,-0.6086862953397607,-2.8201417369036808,-0.16855592818567713,0.33858633643896946,0.17904204420011757,,,,,,,25.982,
1763049874.641545,68,107;108;200;201,71.651;48.499;82.713;75.521,-0.24607700851463346,-0.6077308499245886,-2.822275934090008,-0.1700281210583854,0.3386638412053561,0.17932218466391253,,,,,,,25.959,
1763049874.740853,69,107;108;200;202,71.580;44.720;79.911;43.059,-0.1747066177088147,-0.7112149068415506,-2.9029975742317347,-0.12707113423720703,0.309862689831222,0.16413174471880185,,,,,,,28.239,
1763049874.841586,70,107;108;200;201,73.167;45.353;83.427;68.182,-0.19871093174946217,-0.690228453938972,-2.883134042585625,-0.13741523565949212,0.3176233177072824,0.16653543725955483,,,,,,,27.875,
1763049874.938605,71,107;108;200;201,71.821;47.799;87.180;71.345,-0.2120683048832528,-0.6745300571328702,-2.871672119017736,-0.14594390064340668,0.32133155523404605,0.1695228698352333,,,,,,,27.546,
1763049875.041389,72,107;108;200;201;202,72.874;46.526;81.362;69.985;44.944,-0.16883146756176948,-0.616531478151789,-2.8582312193222874,-0.1360251625138902,0.30676430575428015,0.181179487248639,,,,,,,25.068,
1763049875.138358,73,107;108;200;201,68.146;49.908;88.852;74.713,-0.1863984843701212,-0.6186488994607567,-2.857088613779975,-0.14693607750823334,0.31188590222082185,0.18144979833119868,,,,,,,25.340,
1763049875.237688,74,107;108;200;201,70.374;46.826;80.358;76.281,-0.20485743328823813,-0.6093318087837651,-2.844650796372217,-0.15496542912659272,0.32090211092036625,0.18134596456312602,,,,,,,25.304,
1763049875.335745,75,107;108;200;201,70.374;46.826;80.358;76.281,-0.20485743328823813,-0.6093318087837651,-2.844650796372217,-0.15496542912659272,0.32090211092036625,0.18134596456312602,,,,,,,25.304,
1763049875.435081,76,107;108;200;201;202,72.876;46.774;80.798;67.538;42.631,-0.1653340887738792,-0.578589098765413,-2.8414147132211203,-0.14273688293288592,0.3077935367671057,0.18795094969479298,,,,,,,23.744,
1763049875.530423,77,107;108;200;201,70.266;48.693;83.419;68.217,-0.18804191857138142,-0.6005748989595496,-2.8467394554500847,-0.15053196847940467,0.31572603842722785,0.18387305981390004,,,,,,,24.770,
1763049875.628174,78,107;108;200;201,69.454;50.384;83.579;75.810,-0.20487449494299195,-0.6044883706172318,-2.8448016613638183,-0.15811176134463073,0.3219598693279466,0.18302904713064302,,,,,,,25.127,
1763049875.727655,79,107;108;200;201,69.529;49.469;79.762;76.750,-0.21896405381047124,-0.6033828752866246,-2.839297104119701,-0.16417276824880214,0.3286213611916736,0.18283932644254344,,,,,,,25.306,
1763049875.826722,80,107;108;200;201,72.692;49.135;79.381;72.677,-0.2315776337413537,-0.6077147154848832,-2.8362528801120415,-0.16688952077414154,0.3340818903324656,0.18068477852410203,,,,,,,25.653,
1763049875.928924,81,107;108;200;201,72.899;48.940;76.680;69.762,-0.24105626321706633,-0.6148329720004978,-2.8349978392747337,-0.16862840287162867,0.339712591416449,0.178413363693239,,,,,,,26.049,
1763049876.023395,82,107;108;200;201,71.645;47.876;76.236;73.562,-0.2488232225127533,-0.6099735739736185,-2.8291109273606536,-0.17056955776795552,0.34307311529070655,0.17834472385866748,,,,,,,26.029,
1763049876.125410,83,107;108;200;201;202,73.650;45.774;83.334;73.354;40.732,-0.20093644572166297,-0.5713089051899404,-2.8253160766452208,-0.15497099504974698,0.32304426499036754,0.18693919096811032,,,,,,,24.002,
1763049876.222433,84,107;108;200;201,73.291;49.084;81.143;71.963,-0.21764709622740622,-0.5874132028930826,-2.8285212831335325,-0.1597521340135447,0.3293102732580689,0.1835849478474452,,,,,,,24.786,
1763049876.320066,85,107;108;200;201,69.735;44.910;85.740;71.728,-0.2244327466580557,-0.5961123707111613,-2.830120076309495,-0.16157319214966323,0.3280687990419723,0.1826051731387824,,,,,,,25.181,
1763049876.420240,86,107;108;200;201,70.202;47.084;81.025;69.199,-0.2318421582977635,-0.6069296819162731,-2.8337747212664923,-0.16386683475891115,0.33069616788491635,0.18085143815802016,,,,,,,25.646,
1763049876.522515,87,107;108;200;201;202,72.264;46.471;77.156;67.552;46.603,-0.3311653376674593,-0.5724135868069503,-2.8118194606706246,-0.15926941919205972,0.3171019652269451,0.20068742082386265,,,,,,,26.254,
1763049876.624654,88,107;108;200;201,73.395;44.872;79.834;72.821,-0.3107572883306732,-0.5811631352523066,-2.81229174754297,-0.16194706319301397,0.32456887734671985,0.19433160126428548,,,,,,,26.163,
1763049876.719170,89,107;108;200;201,71.012;46.608;83.567;73.127,-0.2922132135689031,-0.5903238629063693,-2.817333633988578,-0.16385817574190492,0.3267026367193953,0.18973934224465375,,,,,,,26.112,
1763049876.817101,90,107;108;200;201,67.600;51.293;85.547;70.188,-0.2735029196827922,-0.6093429494453751,-2.832439034723012,-0.16659403213899626,0.32794161151482015,0.18633060221510392,,,,,,,26.356,
1763049876.922386,91,107;108;200;201;202,67.950;46.610;84.354;71.108;40.049,-0.2118320182009041,-0.5770596156444836,-2.834680966599023,-0.1526745572425033,0.31037576556073765,0.19278794320772166,,,,,,,24.291,
1763049877.015914,92,107;108;200;201,72.068;47.568;81.780;74.995,-0.22486850965618105,-0.5848320453900846,-2.8304340925607154,-0.15845873847930766,0.31944555392297075,0.18888678084392935,,,,,,,24.778,
1763049877.147595,93,107;108;200;201;202,70.973;47.420;76.571;74.089;44.318,-0.17911455122361955,-0.546911633255567,-2.82415632467597,-0.14709615080429006,0.3079566863917561,0.19494272678022273,,,,,,,22.840,
1763049877.245350,94,107;108;200;201,72.330;43.703;82.658;70.044,-0.20074157494475545,-0.5674680408832311,-2.824884140836991,-0.15183349254879094,0.3150905589884671,0.18946127298216803,,,,,,,23.862,
1763049877.345220,95,107;108;200;201;202,68.962;46.232;83.898;76.623;45.549,-0.15890976234172444,-0.532559626655914,-2.821077124959188,-0.1413278881224513,0.30032001219734666,0.19689793864203575,,,,,,,22.090,
1763049877.444299,96,107;108;200;201,67.278;51.019;79.727;70.250,-0.1834411294301639,-0.5638887447991722,-2.832191217795453,-0.1522297808502917,0.3123382590848642,0.19105555606276314,,,,,,,23.466,
1763049877.541132,97,107;108;200;201,70.709;47.382;78.495;70.995,-0.2067666266596531,-0.5817656026916609,-2.830904038194735,-0.15839688620028317,0.32217598444010065,0.18670139531640131,,,,,,,24.421,
1763049877.640599,98,107;108;200;202,66.766;48.405;80.415;44.692,-0.13733284703337417,-0.6934811477359799,-2.916852631171869,-0.12088492915161474,0.2957782762431663,0.1714667386299396,,,,,,,27.179,
1763049877.739960,99,107;108;200;201,73.750;51.010;82.994;70.598,-0.17194761547749723,-0.6802683048849716,-2.8972523877541554,-0.13519171670673558,0.31093579598995724,0.1708520320389475,,,,,,,27.138,
1763049877.840633,100,107;108;200;201;202,73.546;46.043;79.123;77.570;42.250,-0.14641054212188176,-0.6097727961729923,-2.8671352392964318,-0.1307881416357435,0.302195526638134,0.1824864527625909,,,,,,,24.541,
1763049877.935219,101,107;108;200;201,71.778;46.583;83.768;76.210,-0.17758557017492166,-0.6050033822456593,-2.8524727294133987,-0.14221146730059023,0.31196077912578996,0.18175905344780866,,,,,,,24.776,
1763049878.035829,102,107;108;200;201,68.683;53.598;76.886;74.241,-0.19727701946962642,-0.610062513715657,-2.850580261771138,-0.15455954124822324,0.3245624561732096,0.18006292814387642,,,,,,,25.197,
1763049878.134603,103,107;108;200;201,73.225;46.942;87.110;73.378,-0.2125724723478476,-0.6127507672634691,-2.8454864089627425,-0.15793325932179614,0.32592853085776374,0.1797329850287546,,,,,,,25.518,
1763049878.235640,104,107;108;200;201;202,68.515;49.399;84.903;75.445;41.161,-0.1686488048956726,-0.5744878679046128,-2.841264630648052,-0.14793650453820636,0.30966244086362543,0.18889470457714885,,,,,,,23.629,
1763049878.333153,105,107;108;200;201,71.641;46.633;84.598;78.643,-0.19324034912019802,-0.5774249256357186,-2.833261794850989,-0.1550963443240686,0.3166818260773409,0.1869936242326554,,,,,,,24.076,
1763049878.431951,106,107;108;200;201,72.982;43.404;83.807;71.365,-0.21275140867449094,-0.589092660874513,-2.8280148173858812,-0.15749242683350695,0.32116351594111414,0.18453387252426753,,,,,,,24.786,
1763049878.530477,107,107;108;200;201,70.313;46.834;80.611;79.758,-0.2259883435397302,-0.5838573046037563,-2.820162572630742,-0.1632082847205541,0.32667035322936117,0.18462111982422905,,,,,,,24.830,
1763049878.632724,108,107;108;110;200;201,70.596;50.510;15.141;76.104;76.229,-0.24633720538437326,-0.5867271107384145,-2.805610212154908,-0.16305425909915894,0.3386314207878544,0.17644449115655736,,,,,,,25.331,
1763049878.812669,109,107;108;200;201;202,72.777;46.502;77.687;78.747;41.008,-0.1995500629207821,-0.5440224730193417,-2.8015489681206036,-0.15106251764749157,0.32290315141996345,0.18623254900558797,,,,,,,23.139,
1763049878.899218,110,107;108;110;200;201;202,70.626;47.690;12.725;73.268;76.654;50.965,-0.1664858294473918,-0.5093081323705395,-2.788422315457578,-0.13716151684869865,0.31378104277561714,0.18913651929252695,,,,,,,21.504,
1763049878.995466,111,107;108;200;201;202,70.871;49.577;78.001;78.691;40.831,-0.14254251919362265,-0.4938848292509445,-2.7929697150180366,-0.1344722254487752,0.3061306442866792,0.1952644172408046,,,,,,,20.618,
1763049879.090080,112,107;108;200;201,70.296;47.085;80.624;75.864,-0.17458773857084128,-0.5222822775373411,-2.8007278279136556,-0.14619048972278112,0.3151451705791033,0.190711066155665,,,,,,,22.016,
1763049879.190673,113,107;108;200;201,68.749;45.835;78.241;78.710,-0.19714710023385243,-0.5316846404782408,-2.7994274740392147,-0.15538440489708316,0.3222284708207375,0.18900286408905226,,,,,,,22.666,
1763049879.288980,114,107;108;200;201,68.749;45.835;78.241;78.710,-0.19714710023385243,-0.5316846404782408,-2.7994274740392147,-0.15538440489708316,0.3222284708207375,0.18900286408905226,,,,,,,22.666,
1763049879.387660,115,107;108;200;201,68.749;45.835;78.241;78.710,-0.19714710023385243,-0.5316846404782408,-2.7994274740392147,-0.15538440489708316,0.3222284708207375,0.18900286408905226,,,,,,,22.666,
1763049879.487655,116,107;108;200;201,69.504;46.159;84.318;78.682,-0.2115705568400509,-0.5462348522562498,-2.8034529568153905,-0.16062986070065444,0.32455700065727294,0.18809646518128856,,,,,,,23.374,
1763049879.592623,117,107;108;200;201;202,72.397;47.408;83.574;78.646;47.137,-0.30785791381709804,-0.5176716944265106,-2.7857440354309566,-0.15777564009301204,0.3103578374546675,0.2062992488148561,,,,,,,24.137,
1763049879.687217,118,107;108;200;201;202,68.761;47.697;77.502;77.701;46.399,-0.23533593426570432,-0.4948520515107083,-2.793034425932786,-0.14663741426867122,0.30007979083788966,0.20753773358329167,,,,,,,21.955,
1763049879.785965,119,107;108;200;201,74.312;47.810;81.807;79.088,-0.2419386814794913,-0.5200099815371726,-2.7971745840509668,-0.15485284091174908,0.3127243395386008,0.19968742768964928,,,,,,,22.935,
1763049879.884060,120,107;108;200;201,70.655;47.736;83.465;79.990,-0.24383125129935423,-0.5386056025268763,-2.8013787482988235,-0.16139565209785342,0.3197151149888625,0.19571066709345952,,,,,,,23.601,
1763049879.982513,121,107;108;200;201;202,64.390;46.658;82.044;76.018;45.102,-0.18358087329521203,-0.51104094695429,-2.807222882467452,-0.1484335487127922,0.30246249227099026,0.20136831202741476,,,,,,,21.675,
1763049880.079735,122,107;108;200;201,70.813;45.992;80.349;75.927,-0.2040830644436313,-0.5340271499517667,-2.8083165643825443,-0.15573500364124893,0.3134102654577703,0.19566594203900822,,,,,,,22.792,
1763049880.180277,123,107;108;200;201,67.496;49.356;82.427;79.051,-0.21310966439188797,-0.5479782695465968,-2.8128980499186107,-0.16275354624609323,0.3199300731563326,0.19247037878921427,,,,,,,23.398,
1763049880.281096,124,107;108;200;201,72.154;43.577;81.073;77.757,-0.22669542286115466,-0.5541027462970491,-2.8074746207522723,-0.16486455015610876,0.3248769758741162,0.19004358573120397,,,,,,,23.852,
1763049880.383136,125,107;108;200;201;202,69.153;46.905;82.817;79.823;48.181,-0.17394489415931433,-0.517983380446341,-2.805968110182945,-0.15070862600556403,0.3073326222368682,0.19769484623630335,,,,,,,21.816,
1763049880.476768,126,107;108;200;201,66.561;48.033;83.814;80.217,-0.19198595882498426,-0.5343814737100114,-2.809962455774338,-0.1589001448199885,0.31386088707724646,0.19520205224457673,,,,,,,22.630,
1763049880.584343,127,107;108;200;201,71.542;48.580;80.592;73.481,-0.20977741640242856,-0.5580452148051966,-2.8173399363468485,-0.16306101702310968,0.3221146012365142,0.1898434900934721,,,,,,,23.688,
1763049880.676103,128,107;108;200;201,73.337;43.663;84.462;71.650,-0.22334337609008265,-0.5741718011333019,-2.8183573222781293,-0.16289543885208346,0.32410205640614875,0.18616584695261862,,,,,,,24.455,
1763049880.775039,129,107;108;200;201,73.337;43.663;84.462;71.650,-0.22334337609008265,-0.5741718011333019,-2.8183573222781293,-0.16289543885208346,0.32410205640614875,0.18616584695261862,,,,,,,24.455,
1763049880.874041,130,107;108;200;201,71.055;45.962;75.523;75.497,-0.23673869042302959,-0.575567164784724,-2.813937678437684,-0.16666953888474184,0.3316847442409487,0.18446718037672685,,,,,,,24.729,
1763049880.973841,131,107;108;200;201,71.259;49.422;87.046;76.614,-0.2368558782711914,-0.5861516723800717,-2.820449389592602,-0.16817215224840693,0.33136982769865736,0.18347433077663444,,,,,,,25.066,
1763049881.072812,132,107;108;200;201,71.639;48.229;84.598;75.825,-0.23963703589530597,-0.5911688277552134,-2.823123902012979,-0.16903261844102918,0.33184705771445594,0.18258388672000167,,,,,,,25.267,
1763049881.176039,133,107;108;110;200;201,69.943;48.114;14.479;82.104;77.850,-0.2526464541196337,-0.5886200029257093,-2.8070772387299123,-0.16581929184515973,0.337828435265957,0.1765899039142922,,,,,,,25.484,
1763049881.271312,134,107;108;200;201;202,68.104;45.658;78.428;73.044;38.665,-0.1994877871438573,-0.5537137416651827,-2.80950302389292,-0.15298624074419656,0.3206176002376632,0.1859251203433016,,,,,,,23.443,
1763049881.371058,135,107;108;200;201;202,70.077;46.557;81.757;74.048;47.019,-0.1556587589953372,-0.5244973851969877,-2.81143608367811,-0.1413625682993058,0.3050662200289737,0.19379608230624115,,,,,,,21.810,
1763049881.468280,136,107;108;200;201,67.935;48.370;82.293;73.138,-0.18092354057703955,-0.5515272469460974,-2.820404945359243,-0.15124994898249744,0.3134347497343917,0.19028118015173107,,,,,,,23.056,
1763049881.568917,137,107;108;200;201,71.894;48.501;84.758;74.957,-0.20043488173770052,-0.5688683375977738,-2.824285931324195,-0.1572791009965467,0.31943794020554717,0.18732221962142973,,,,,,,23.913,
1763049881.665870,138,107;108;200;201,72.297;49.260;84.659;76.007,-0.21492705894834532,-0.5820102191410436,-2.825514333991452,-0.16187179820471198,0.3249494625537302,0.1853627255618783,,,,,,,24.575,
1763049881.980902,139,107;108;200;201;202,69.988;47.694;76.259;64.802;45.367,-0.16768974490257138,-0.5584279125594298,-2.829842348438438,-0.14713675050836858,0.3110691374456583,0.1908132311216064,,,,,,,23.097,
1763049882.096682,140,107;108;200;201,72.024;47.512;85.293;75.927,-0.19179283751576018,-0.5709729114868376,-2.828529672510058,-0.15370962657505516,0.3172425142826737,0.1875882446511283,,,,,,,23.853,
1763049882.210512,141,107;108;200;201,66.422;50.250;73.894;73.094,-0.20928590257853696,-0.5818909003566888,-2.829657579366482,-0.1627196306300798,0.3276900555163472,0.1853389950160107,,,,,,,24.467,
1763049882.309373,142,107;108;200;201,67.071;43.751;80.232;70.941,-0.22032388484853488,-0.5884881898619678,-2.82893164696214,-0.16476068802776658,0.32847098035678685,0.18442564990495477,,,,,,,24.858,
1763049882.414104,143,107;108;200;201;202,71.783;48.292;85.130;67.828;47.944,-0.16971645313773734,-0.5629244596729477,-2.8336727067108103,-0.14814238265645033,0.3093249133828139,0.19124454507870622,,,,,,,23.262,
1763049882.531588,144,107;108;200;201;202,70.489;46.063;76.535;70.336;44.507,-0.1383086969966511,-0.534363370568833,-2.827498033740509,-0.138552209928521,0.2999424668128196,0.19625408780142736,,,,,,,21.902,
1763049882.633540,145,107;108;200;201,70.304;48.481;89.391;69.532,-0.16509518662684908,-0.5702925659133563,-2.8383337047059887,-0.14689267828687125,0.3069754303307171,0.19083031516434668,,,,,,,23.454,
1763049882.762181,146,107;108;200;201,67.094;49.351;82.085;71.203,-0.18614179641135206,-0.586105164575273,-2.8425531563514617,-0.1552649671953729,0.3147620586530415,0.18747673034630313,,,,,,,24.246,
1763049882.882498,147,107;108;200;201,70.880;44.367;79.384;78.258,-0.2093828454172347,-0.5795095511269148,-2.8275802775650307,-0.1602443769623748,0.32232534835624366,0.1866091695785399,,,,,,,24.396,
1763049883.030937,148,107;108;200;201;202,66.870;47.796;81.188;73.393;43.390,-0.16338312739363328,-0.5469949675637784,-2.827697825812067,-0.14857174481838598,0.30685740372842985,0.19400984318932418,,,,,,,22.637,
1763049883.133001,149,107;108;200;201,68.784;48.393;75.645;70.432,-0.19077437053598972,-0.5689037580989078,-2.829959414569,-0.15694198385785452,0.31951254296509807,0.18910607858892978,,,,,,,23.755,
1763049883.223489,150,107;108;200;201,71.729;48.969;83.611;73.248,-0.2065738912116723,-0.5860228755409553,-2.8321796439873763,-0.16133082983268165,0.32526964308691236,0.1860608455399163,,,,,,,24.565,
1763049883.314329,151,107;108;200;201,70.285;49.439;79.795;70.428,-0.2199113990206302,-0.6000008661598278,-2.8349549912379013,-0.16474991595147143,0.33061525735303715,0.18295481676713085,,,,,,,25.227,
1763049883.415592,152,107;108;200;201,66.719;47.580;77.580;68.449,-0.22693360402272936,-0.6085512980661926,-2.8376514424244825,-0.16734178696030952,0.33327618513841234,0.1814763916221735,,,,,,,25.610,
1763049883.513559,153,107;108;200;201,66.719;47.580;77.580;68.449,-0.22693360402272936,-0.6085512980661926,-2.8376514424244825,-0.16734178696030952,0.33327618513841234,0.1814763916221735,,,,,,,25.610,
1763049883.615463,154,107;108;200;201,69.864;49.020;79.320;75.853,-0.23404459525189225,-0.6064297768432835,-2.8337407767842366,-0.17039383403125205,0.33653671537414137,0.18127464964981752,,,,,,,25.659,
1763049883.715142,155,107;108;200;201,69.864;49.020;79.320;75.853,-0.23404459525189225,-0.6064297768432835,-2.8337407767842366,-0.17039383403125205,0.33653671537414137,0.18127464964981752,,,,,,,25.659,
1763049883.811176,156,107;108;200;201,71.549;50.074;82.521;74.864,-0.23764792481268596,-0.6092175839837174,-2.8342106632356487,-0.17161927760606507,0.338135433541333,0.18067413790281728,,,,,,,25.806,
1763049883.915219,157,107;108;200;201,72.682;43.523;75.753;74.775,-0.2482391704377981,-0.5995740208875378,-2.8208554456259605,-0.17150866432984727,0.3411298966330287,0.1805267358164635,,,,,,,25.710,
1763049884.008131,158,107;108;200;201,72.682;43.523;75.753;74.775,-0.2482391704377981,-0.5995740208875378,-2.8208554456259605,-0.17150866432984727,0.3411298966330287,0.1805267358164635,,,,,,,25.710,
1763049884.107313,159,107;108;200;201,70.683;48.856;81.767;74.862,-0.24806639533529787,-0.600206285962837,-2.823548251407422,-0.17214346385938462,0.3406493733023856,0.1804626981098766,,,,,,,25.710,
1763049884.209893,160,107;108;200;201,69.591;49.252;81.596;77.337,-0.2476334170830635,-0.5984520517614963,-2.822966047035844,-0.17368046388224467,0.34042260562624577,0.18122571943164892,,,,,,,25.646,
1763049884.306821,161,107;108;200;201,70.001;43.409;77.694;69.728,-0.2513412707091047,-0.6010061174514478,-2.820577820399499,-0.17176062544451318,0.3400133228044967,0.18023084033871153,,,,,,,25.809,
1763049884.407576,162,107;108;200;201;202,71.051;48.609;84.046;77.598;50.702,-0.3417735977037971,-0.5582913839618316,-2.7999068382105827,-0.16596691796989996,0.320773201399965,0.2038143238471658,,,,,,,26.081,
1763049884.505923,163,107;108;200;201,67.912;48.621;84.568;71.717,-0.31034241339329083,-0.5789528345075454,-2.816442939555063,-0.1679561462358622,0.32333265689203494,0.19682135345805177,,,,,,,26.049,
1763049884.604012,164,107;108;200;201,69.963;48.951;83.443;77.125,-0.2915648708299617,-0.5838044063222253,-2.8196657548081543,-0.1701207967166763,0.3272020838136738,0.19270525018172635,,,,,,,25.859,
1763049884.704800,165,107;108;200;201;202,71.806;48.445;75.908;69.012;48.415,-0.22160455869641146,-0.5520241184706381,-2.8227158007916837,-0.15309445833519283,0.31241668458639305,0.1959394519615955,,,,,,,23.601,
1763049884.806494,166,107;108;200;201,71.016;47.777;77.652;74.715,-0.23313354700892494,-0.5649745742681587,-2.8203429132625057,-0.1599341892100685,0.3232051569427363,0.19127599309699259,,,,,,,24.252,
1763049884.905560,167,107;108;200;201,68.910;48.195;77.074;73.743,-0.23782296842724815,-0.575434672312958,-2.8215861253993753,-0.16528320796261248,0.32998704664361844,0.18787207488226487,,,,,,,24.688,
1763049885.004385,168,107;108;200;201,69.309;47.421;77.325;70.943,-0.24271896106644344,-0.5863563613961361,-2.824728511777807,-0.16787845453328326,0.3340461920466847,0.18479831164080643,,,,,,,25.129,
1763049885.102529,169,107;108;200;201,69.772;47.664;78.148;71.435,-0.2467935977383264,-0.595079239380363,-2.8266940529447204,-0.16966147671105164,0.3367948841755149,0.1826728725004789,,,,,,,25.486,
1763049885.201171,170,107;108;200;201,69.772;47.664;78.148;71.435,-0.2467935977383264,-0.595079239380363,-2.8266940529447204,-0.16966147671105164,0.3367948841755149,0.1826728725004789,,,,,,,25.486,
1763049885.307252,171,107;108;200;201;202,72.459;49.680;84.619;68.506;44.370,-0.18998744143349508,-0.5704897356857134,-2.8334591112372025,-0.15316339437898577,0.3178268149905052,0.188895191612782,,,,,,,23.780,
1763049885.399130,172,107;108;200;201;202,72.459;49.680;84.619;68.506;44.370,-0.18998744143349508,-0.5704897356857134,-2.8334591112372025,-0.15316339437898577,0.3178268149905052,0.188895191612782,,,,,,,23.780,
1763049885.495195,173,107;108;200;201,73.901;47.196;84.415;72.501,-0.20909604121866368,-0.5871072260962646,-2.8332847650525945,-0.1574462922769792,0.32352834577991946,0.18522839388911885,,,,,,,24.629,
1763049885.592762,174,107;108;200;201,69.979;45.405;85.594;70.860,-0.22034523979481602,-0.5985750450667937,-2.8340339814076647,-0.16004633920355,0.3243793099262026,0.1838072843834959,,,,,,,25.188,
1763049885.691575,175,107;108;110;200;201,72.550;48.355;16.840;83.670;73.143,-0.24136377378067136,-0.6028562249194548,-2.8173821532829497,-0.15714474090516553,0.33305086228435843,0.17473732507000564,,,,,,,25.752,
1763049885.793540,176,107;108;200;201;202,69.921;50.705;83.422;69.328;43.845,-0.18601326071417548,-0.5754932185139159,-2.827596883543115,-0.14523086779897548,0.31567503152772214,0.18414326139685935,,,,,,,23.955,
1763049885.889389,177,107;108;200;201,72.759;45.365;83.712;71.980,-0.20611599904215733,-0.5876284218163242,-2.8269650940790574,-0.1512936048372951,0.3208018484798589,0.18212422649462912,,,,,,,24.654,
1763049885.989202,178,107;108;200;201,72.759;45.365;83.712;71.980,-0.20611599904215733,-0.5876284218163242,-2.8269650940790574,-0.1512936048372951,0.3208018484798589,0.18212422649462912,,,,,,,24.654,
1763049886.086420,179,107;108;200;201,68.709;44.257;78.575;73.045,-0.22056774101354804,-0.5896680594712435,-2.8221613334207896,-0.1571553397631585,0.32596539510402506,0.1819501901145007,,,,,,,24.952,
1763049886.186665,180,107;108;200;201,69.892;42.665;83.465;70.813,-0.2301621993917223,-0.5954225661312051,-2.821899215544253,-0.15907218202650972,0.3259790175961417,0.18174547078121972,,,,,,,25.294,
1763049886.284750,181,107;108;200;201,72.059;49.246;84.037;70.879,-0.23385082749572875,-0.6065878729415771,-2.8300112993772224,-0.16189634905661668,0.3287846042032986,0.1797762633884397,,,,,,,25.689,
1763049886.390364,182,107;108;200;201;202,70.328;49.839;77.861;72.223;41.736,-0.18588913107920646,-0.5712549277760253,-2.8292749198111937,-0.15049961965795158,0.3156737073389979,0.18766368146629128,,,,,,,23.786,
1763049886.485625,183,107;108;200;201,70.419;48.371;77.683;78.286,-0.20745771336605395,-0.5731313468224379,-2.8234745621510213,-0.15901510340920297,0.32535112319824006,0.18590135195143836,,,,,,,24.166,
1763049886.583782,184,107;108;200;201,67.905;46.757;82.590;69.775,-0.21698065031571767,-0.5909254875239911,-2.830351881323934,-0.16233151429168563,0.3269974082743957,0.18397783346468655,,,,,,,24.892,
1763049886.682376,185,107;108;200;201,71.926;49.117;82.695;73.942,-0.22669241146487865,-0.5999398413582148,-2.831513968913705,-0.1653780863580855,0.3310666799957121,0.18237134891923468,,,,,,,25.340,
1763049886.784875,186,107;108;200;201;202,67.796;47.317;76.411;71.309;43.635,-0.17708094519421388,-0.5605035712746698,-2.8285553768383047,-0.1521510210868452,0.314627809157081,0.1905221622197916,,,,,,,23.290,
1763049886.879824,187,107;108;200;201,68.387;49.809;84.936;74.892,-0.19458307659625582,-0.578145157239266,-2.833244943953321,-0.1591263718257781,0.32029106799214424,0.18789261625434497,,,,,,,24.119,
1763049886.978917,188,107;108;200;201,70.254;49.305;73.904;65.057,-0.21555860020864898,-0.6021267859649817,-2.8378088499908394,-0.16347662168078333,0.3305200997368307,0.18233845053749412,,,,,,,25.226,
1763049887.077864,189,107;108;200;201,69.162;48.524;86.197;74.183,-0.22071195629495008,-0.6085417576438944,-2.8391223169796733,-0.16586243180726343,0.3303382454454719,0.1825190957531423,,,,,,,25.516,
1763049887.177169,190,107;108;200;201,69.345;46.327;78.464;69.914,-0.23147985870193583,-0.6121519544056162,-2.837055197554984,-0.16736978414693,0.3334398869659531,0.18108691920550493,,,,,,,25.805,
1763049887.274447,191,107;108;200;201,69.345;46.327;78.464;69.914,-0.23147985870193583,-0.6121519544056162,-2.837055197554984,-0.16736978414693,0.3334398869659531,0.18108691920550493,,,,,,,25.805,
1763049887.375427,192,107;108;200;201,67.189;49.691;86.100;69.708,-0.22906485214715888,-0.6230534654033729,-2.845622395075588,-0.16847097097306415,0.33153720494287314,0.18059071765677573,,,,,,,26.101,
1763049887.475404,193,107;108;200;201;202,68.187;46.305;84.041;78.827;44.511,-0.1784697555165706,-0.5697369120608824,-2.8347178222105116,-0.15450042806248818,0.31136555848084463,0.19128650111527293,,,,,,,23.607,
1763049887.572389,194,107;108;200;201,71.095;46.278;77.344;69.101,-0.2031564265371067,-0.5863574091751278,-2.8330667609275153,-0.1590992756546353,0.3215692559472347,0.1865031526129985,,,,,,,24.527,
1763049887.676688,195,107;108;200;201;202,72.470;44.526;84.221;76.060;41.206,-0.29449601200671427,-0.550814249990886,-2.809426736475713,-0.15631622109988988,0.30886981665864044,0.20361424250107735,,,,,,,24.848,
1763049887.772554,196,107;108;200;201;202,73.945;46.548;79.082;65.587;47.151,-0.22481355739109368,-0.5348727213622719,-2.8171817926600577,-0.14162355480911742,0.2987078428196903,0.20249890652958746,,,,,,,23.067,
1763049887.871085,197,107;108;200;201,72.104;44.747;78.716;68.602,-0.2352591647036386,-0.5618264359570198,-2.8184840573591132,-0.14945799705937293,0.3119331999074406,0.1949677161943415,,,,,,,24.183,
1763049887.968481,198,107;108;200;201,72.104;44.747;78.716;68.602,-0.2352591647036386,-0.5618264359570198,-2.8184840573591132,-0.14945799705937293,0.3119331999074406,0.1949677161943415,,,,,,,24.183,
1763049888.069724,199,107;108;200;201,69.401;47.133;80.499;69.858,-0.23963906346735817,-0.5824841150751071,-2.8255020633809296,-0.15591993152433978,0.3195448818704195,0.19005959768436184,,,,,,,24.939,
1763049888.174416,200,107;108;200;201;202,73.180;48.874;75.909;69.771;42.023,-0.19337873051161603,-0.5557037725514336,-2.825194150574843,-0.14511417302721535,0.3105382007882683,0.1935775101386106,,,,,,,23.334,
1763049888.266354,201,107;108;200;201,69.664;51.043;82.371;66.942,-0.2076053035980983,-0.5878964384411918,-2.839049414659749,-0.15320496309178547,0.3184449578022995,0.18735448808728491,,,,,,,24.599,
1763049888.364614,202,107;108;200;201,72.960;48.206;81.858;72.959,-0.22202150260999448,-0.59697568688584,-2.836281300955824,-0.15853719777679195,0.32501900643488624,0.1840691923568176,,,,,,,25.136,
1763049888.467316,203,107;108;200;201,68.698;46.912;79.051;78.193,-0.22956088630065621,-0.5884201651563734,-2.827511771251648,-0.16413394948749815,0.32937775029777,0.18444013411591154,,,,,,,24.993,
1763049888.562941,204,107;108;200;201,66.756;47.183;78.315;72.141,-0.23402705309323474,-0.5936588201933537,-2.828071901327136,-0.1675602080895256,0.3323524685619107,0.18339652564672826,,,,,,,25.241,
1763049888.662080,205,107;108;200;201,68.688;48.777;79.420;75.556,-0.23677381338430917,-0.5938526472902681,-2.8267268201389353,-0.17049278633266066,0.33497344715086913,0.1830321409235399,,,,,,,25.296,
1763049888.792931,206,107;108;200;201,71.354;46.326;82.535;74.938,-0.24030195281749323,-0.5950235000657037,-2.8246545723416565,-0.17057943373949858,0.3355375781478751,0.18258976816780811,,,,,,,25.404,
1763049888.896824,207,107;108;200;201,69.490;47.301;77.859;67.755,-0.24514884439459497,-0.6079895410261663,-2.8293121617745065,-0.17071074286570223,0.33786978012691726,0.18021663315861688,,,,,,,25.904,
1763049888.991681,208,107;108;200;201,71.210;47.513;81.391;71.846,-0.24719874443932394,-0.6112208515254651,-2.8299687841533236,-0.17079291548103825,0.3383763918669007,0.17977392065842152,,,,,,,26.044,
1763049889.093432,209,107;108;200;201,71.551;47.427;81.434;77.264,-0.24812255440206854,-0.6032496490246618,-2.8243462455213493,-0.17186063498954304,0.3389676383949117,0.1806790529033655,,,,,,,25.814,
1763049889.191180,210,107;108;200;201,71.266;45.486;81.616;66.643,-0.24927519379104557,-0.6160603430296032,-2.829821599516211,-0.16964448268671875,0.33788472014476073,0.1786330333758052,,,,,,,26.248,
1763049889.291036,211,107;108;200;201,72.106;49.080;80.099;72.238,-0.2500896429516122,-0.6200997090579902,-2.8310989984614676,-0.17081042211232614,0.34035967430655245,0.17802937471841698,,,,,,,26.394,
1763049889.388698,212,107;108;200;201,72.106;49.080;80.099;72.238,-0.2500896429516122,-0.6200997090579902,-2.8310989984614676,-0.17081042211232614,0.34035967430655245,0.17802937471841698,,,,,,,26.394,
1763049889.488495,213,107;108;200;201;202,66.157;48.822;76.427;77.844;41.599,-0.3278500072883713,-0.5692395886807484,-2.807773707852143,-0.16848421301206976,0.32517634940039875,0.19975797768598,,,,,,,26.113,
1763049889.587792,214,107;108;200;201,71.688;44.390;78.568;76.265,-0.30990755232138867,-0.5710547791894456,-2.804518458918876,-0.16952086489842216,0.33053334664865225,0.1945974930459589,,,,,,,25.859,
1763049889.686062,215,107;108;200;201,70.694;45.066;82.959;72.369,-0.2929856891844863,-0.583328670228053,-2.8114853694193753,-0.16905361106915365,0.33119553216041014,0.19058234332589835,,,,,,,25.926,
1763049889.784870,216,107;108;200;201,68.488;45.869;81.842;73.616,-0.2787890887812829,-0.5880855303114314,-2.8150528323512796,-0.16982028835784987,0.3315220694166186,0.18824877789785655,,,,,,,25.825,
1763049889.885145,217,107;108;200;201,67.259;45.389;80.698;71.547,-0.26836836295486516,-0.5926619953466616,-2.8192544438564315,-0.17013781468266684,0.33161712233284885,0.18614485641661405,,,,,,,25.786,
1763049889.984087,218,107;108;200;201,72.523;47.902;83.830;70.055,-0.26348247581828,-0.606640863293698,-2.826017872877677,-0.16910717668303357,0.3322884973624451,0.18281919653115497,,,,,,,26.153,
1763049890.082686,219,107;108;200;201,72.204;48.514;76.448;72.995,-0.263111899525006,-0.607085739605963,-2.8237060436048655,-0.1708762870375544,0.33776909277176836,0.1807963224068898,,,,,,,26.180,
1763049890.180431,220,107;108;200;201,70.663;49.267;85.241;77.836,-0.2580913897216393,-0.6052698836505066,-2.824288332376554,-0.17200041437260277,0.33689800370832995,0.18188317091432235,,,,,,,26.035,
1763049890.283265,221,107;108;200;201,71.116;47.377;83.449;71.772,-0.2550760606237973,-0.610609760379169,-2.8276897760683988,-0.17112404237154935,0.3359509651937774,0.18099942704406624,,,,,,,26.154,
1763049890.378812,222,107;108;200;201,72.392;49.739;86.462;80.458,-0.25095578315392897,-0.6037349589463504,-2.8259161739586722,-0.17206999335622425,0.33550825343755775,0.18171470346779234,,,,,,,25.862,
1763049890.479069,223,107;108;200;201,71.129;46.856;78.414;73.453,-0.2530375611592803,-0.6032537207336199,-2.823862327236949,-0.17239139158334332,0.33803494481248825,0.1811026498752155,,,,,,,25.890,
1763049890.573990,224,107;108;200;201,71.129;46.856;78.414;73.453,-0.2530375611592803,-0.6032537207336199,-2.823862327236949,-0.17239139158334332,0.33803494481248825,0.1811026498752155,,,,,,,25.890,
1763049890.678534,225,107;108;200;201;202,69.328;46.124;76.816;77.492;45.291,-0.19797074850115376,-0.5541988054905441,-2.815628859924717,-0.15699447997193802,0.3194968840587275,0.1910305698677533,,,,,,,23.401,
1763049890.778821,226,107;108;200;201,72.201;45.872;82.596;75.864,-0.21430849359832616,-0.565768880309261,-2.8149600219306743,-0.16084990473073016,0.3245142031426741,0.18797928561498753,,,,,,,24.048,
1763049890.874588,227,107;108;200;201,67.246;46.246;77.524;71.927,-0.22560408545464414,-0.5774638769314882,-2.817779289729341,-0.16508450476649814,0.3294412136924571,0.1860696156570461,,,,,,,24.610,
1763049890.969776,228,107;108;200;201,67.246;46.246;77.524;71.927,-0.22560408545464414,-0.5774638769314882,-2.817779289729341,-0.16508450476649814,0.3294412136924571,0.1860696156570461,,,,,,,24.610,
1763049891.107070,229,107;108;200;201;202,69.087;48.066;78.935;73.532;42.008,-0.17982493794502769,-0.5468431709855577,-2.818990320293973,-0.1521354609390839,0.3143928255178883,0.19276594863304275,,,,,,,22.879,
1763049891.201058,230,107;108;200;201;202,69.087;48.066;78.935;73.532;42.008,-0.17982493794502769,-0.5468431709855577,-2.818990320293973,-0.1521354609390839,0.3143928255178883,0.19276594863304275,,,,,,,22.879,
1763049891.302790,231,107;108;200;201,72.808;46.989;78.556;75.356,-0.20580954053363054,-0.5604189522284173,-2.8161641481250417,-0.15850807235562486,0.323878897479071,0.18862420687486708,,,,,,,23.729,
1763049891.400725,232,107;108;200;201,68.775;44.642;82.378;77.214,-0.21852977247266542,-0.5645884850140254,-2.813751550777327,-0.16260639875910882,0.3256645319441621,0.1881156738316409,,,,,,,24.072,
1763049891.501961,233,107;108;200;201,67.436;46.159;81.315;76.762,-0.22607991098421984,-0.5686523203947129,-2.813908057060461,-0.16624307684652118,0.32752122119575167,0.18720642052426376,,,,,,,24.325,
1763049891.599070,234,107;108;200;201,69.998;47.293;82.164;73.292,-0.23372405824115192,-0.5809312847742449,-2.818992090909336,-0.16809623946158897,0.3299273439909858,0.18541865307099809,,,,,,,24.843,
1763049891.698678,235,107;108;200;201,67.141;48.049;78.972;68.932,-0.23736668830401336,-0.5966771663807277,-2.8269905667375084,-0.16978056932987007,0.332605730185207,0.18336052949749543,,,,,,,25.404,
1763049891.833889,236,107;108;200;201,70.688;48.659;82.498;72.219,-0.24117239574717778,-0.6056723713954212,-2.830265401450076,-0.1704003507204788,0.33437642814469615,0.18148812826818306,,,,,,,25.757,
1763049891.928531,237,107;108;200;201,69.250;47.863;82.927;75.939,-0.2413923422497777,-0.6031611377247253,-2.8296489210992526,-0.171320336733976,0.33422744353252565,0.18199786858249964,,,,,,,25.675,
1763049892.027215,238,107;108;200;201,70.035;50.370;78.405;70.003,-0.24242474028239214,-0.6124607025065995,-2.8346736813646674,-0.1722596396153918,0.33786704777645454,0.1796865374159214,,,,,,,25.985,
1763049892.127693,239,107;108;200;201;202,66.210;45.911;82.492;73.354;41.638,-0.18805168558407445,-0.5693317115279092,-2.8324298851779015,-0.15667582565490173,0.3163449964083788,0.1897533777224125,,,,,,,23.721,
1763049892.225920,240,107;108;200;201,62.720;46.656;80.375;71.320,-0.20090047225257296,-0.5821692351542243,-2.8358074272578313,-0.16255530725815026,0.3199133377941137,0.18808782615519093,,,,,,,24.327,
1763049892.324735,241,107;108;200;201,73.855;47.043;83.545;78.263,-0.21729732876536703,-0.5822927710740324,-2.8266476752798693,-0.1649089055878593,0.3255972218822009,0.18621491316951894,,,,,,,24.609,
1763049892.424397,242,107;108;200;201,69.663;46.611;77.162;72.547,-0.22896210984377974,-0.5878432299265285,-2.82441141413851,-0.16769950467243136,0.3314015192673474,0.1841488793540343,,,,,,,24.986,
1763049892.524110,243,107;108;200;201,70.119;50.457;82.772;64.163,-0.2337707970803305,-0.6179190862050181,-2.841129125087499,-0.16787332336719302,0.33325158164377566,0.18024454290140587,,,,,,,26.013,
1763049892.623165,244,107;108;200;201,73.163;47.929;83.933;65.317,-0.2399700966095106,-0.6346670747233543,-2.8473695359694147,-0.16667625401513525,0.3340860288122218,0.1775580882332274,,,,,,,26.650,
1763049892.720289,245,107;108;200;201,71.212;47.309;80.413;71.713,-0.24295869079027396,-0.6301421083033905,-2.8418815923847975,-0.16785012628259008,0.3360541728323442,0.17752034209381057,,,,,,,26.571,
1763049892.819877,246,107;108;200;201,71.863;45.489;81.060;69.974,-0.2464283803122933,-0.6292650026788503,-2.8381019834685235,-0.1674496387129021,0.33673518523803053,0.17723589544319682,,,,,,,26.616,
1763049892.920194,247,107;108;200;201,68.576;46.673;82.394;72.634,-0.24583358235742542,-0.6236561009644611,-2.835977248560492,-0.16844742317084907,0.3355051414771484,0.17867311026857352,,,,,,,26.424,
1763049893.024042,248,107;108;200;201,68.015;43.876;83.571;72.902,-0.24413059587833025,-0.6147232669813024,-2.831913321709815,-0.16811970037871943,0.33234258385797977,0.18034197119645357,,,,,,,26.111,
1763049893.116517,249,107;108;200;201,74.041;48.344;77.943;72.891,-0.12340614857974909,-0.6317631692227628,-2.7500442204494906,-0.15955622634224975,0.3340892074479437,0.17735636726393247,,,,,,,26.012,
1763049893.218101,250,107;108;200;201,72.362;50.598;79.614;73.062,-0.16155263364324957,-0.6307106454884432,-2.7758328045362264,-0.1640685595274042,0.3375137052690908,0.1762916853924078,,,,,,,26.117,
1763049893.318264,251,107;108;200;201,71.638;50.521;86.752;72.498,-0.18503849635154795,-0.6338363182631672,-2.799055248485576,-0.1656363429208181,0.33547637582672724,0.1765858954464734,,,,,,,26.309,
1763049893.448912,252,107;108;200;201,73.785;46.958;79.426;68.234,-0.20837466829616474,-0.6353176640833091,-2.810093946440959,-0.1660506016612806,0.3380165022520948,0.17509886545154454,,,,,,,26.550,
1763049893.545351,253,107;108;200;201;202,71.891;50.207;78.861;67.988;44.798,-0.16475172195747848,-0.597112287445967,-2.819826412570972,-0.15136002326679282,0.3216070565023527,0.18418790108223398,,,,,,,24.575,
1763049893.649894,254,107;108;200;201,68.185;46.569;81.351;68.961,-0.18883172008715784,-0.6082189374234548,-2.8278684233894857,-0.15689364139328518,0.3249127714541959,0.18239857581409644,,,,,,,25.193,
1763049893.746808,255,107;108;200;201;202,68.226;45.940;71.660;75.047;39.341,-0.1598029856410943,-0.5603166513721841,-2.817835680254568,-0.14811867679453677,0.3149590606572947,0.1910704081329367,,,,,,,23.159,
1763049893.841202,256,107;108;200;201;202,68.226;45.940;71.660;75.047;39.341,-0.1598029856410943,-0.5603166513721841,-2.817835680254568,-0.14811867679453677,0.3149590606572947,0.1910704081329367,,,,,,,23.159,
1763049893.943536,257,107;108;200;201;202,73.214;46.402;81.280;72.709;40.395,-0.13908585643022528,-0.5377255379321041,-2.817578155645106,-0.13933554850133723,0.30513601012848973,0.19583833848252433,,,,,,,22.098,
1763049894.041237,258,107;108;200;201,69.045;49.020;80.092;70.470,-0.17072213944736617,-0.5647128925455889,-2.825617650407643,-0.14969056935299485,0.31537934853950145,0.1901815600966433,,,,,,,23.392,
1763049894.138881,259,107;108;200;201,70.541;51.302;86.473;73.240,-0.1902779789726495,-0.5852723257299405,-2.835901527283047,-0.15652518001021531,0.3201922259144165,0.18664835228051496,,,,,,,24.310,
1763049894.241148,260,107;108;110;200;201,69.979;49.778;15.676;81.465;70.037,-0.22027499235413817,-0.5990344694363429,-2.824997029975191,-0.15561104249776794,0.33074675549989463,0.17673126843179163,,,,,,,25.268,
1763049894.337727,261,107;108;200;201;202,69.630;49.907;84.235;66.508;41.762,-0.17442843369609087,-0.577951651276507,-2.835674207122978,-0.1438173834971079,0.31331556969779173,0.18493661740576514,,,,,,,23.858,
1763049894.436529,262,107;108;200;201;202,69.630;49.907;84.235;66.508;41.762,-0.17442843369609087,-0.577951651276507,-2.835674207122978,-0.1438173834971079,0.31331556969779173,0.18493661740576514,,,,,,,23.858,
1763049894.535746,263,107;108;200;201,68.471;47.489;75.721;74.183,-0.19863046239789606,-0.581372155560076,-2.829656475777935,-0.15412902539790185,0.32385704227213297,0.183611420526513,,,,,,,24.312,
1763049894.636590,264,107;108;200;201,73.826;49.678;79.818;76.533,-0.21760299047559994,-0.587788615475917,-2.8263529664322107,-0.16034730983860165,0.33134990654775764,0.18204124677438774,,,,,,,24.814,
1763049894.734901,265,107;108;200;201,73.826;49.678;79.818;76.533,-0.21760299047559994,-0.587788615475917,-2.8263529664322107,-0.16034730983860165,0.33134990654775764,0.18204124677438774,,,,,,,24.814,
1763049894.838987,266,107;108;200;201;202,70.873;47.772;80.194;70.566;48.518,-0.1666684650746832,-0.5544213676389391,-2.8267306687350984,-0.14612520792657735,0.31348928276850496,0.19029522332296347,,,,,,,22.957,
1763049894.937008,267,107;108;200;201,72.273;48.362;83.311;73.664,-0.19332981819133443,-0.5738231842289274,-2.828406195739068,-0.1534622070969427,0.3205563253681319,0.18666013294141146,,,,,,,23.977,
1763049895.034168,268,107;108;200;201,73.943;45.780;77.175;69.051,-0.2162650234785176,-0.5885884328789565,-2.8268508837346236,-0.15781073427061032,0.328725870277018,0.1824183459787535,,,,,,,24.822,
1763049895.132944,269,107;108;200;201,73.864;51.029;81.286;66.939,-0.22797023888436674,-0.6137963518193614,-2.836779601079026,-0.16143096041067312,0.334160305037339,0.1787781290217345,,,,,,,25.819,
1763049895.231650,270,107;108;200;201,73.864;51.029;81.286;66.939,-0.22797023888436674,-0.6137963518193614,-2.836779601079026,-0.16143096041067312,0.334160305037339,0.1787781290217345,,,,,,,25.819,
1763049895.333356,271,107;108;200;201;202,68.592;49.042;82.101;72.577;35.150,-0.18627263475580388,-0.5827525375712045,-2.836799346177986,-0.15196371964362124,0.3193401986732659,0.18660298270669434,,,,,,,24.164,
1763049895.429285,272,107;108;200;201,71.898;48.732;79.694;71.506,-0.20832799338072105,-0.5958191596236265,-2.8368252743919324,-0.15797644701456987,0.3266351448514601,0.1826884725096758,,,,,,,24.911,
1763049895.526129,273,107;108;200;201,71.898;48.732;79.694;71.506,-0.20832799338072105,-0.5958191596236265,-2.8368252743919324,-0.15797644701456987,0.3266351448514601,0.1826884725096758,,,,,,,24.911,
1763049895.626060,274,107;108;200;201,69.523;50.056;76.847;71.945,-0.22169276838242735,-0.6038858519548467,-2.837142029018555,-0.1637857305609946,0.3335573858311556,0.18072792264516083,,,,,,,25.375,
1763049895.723359,275,107;108;200;201,71.516;42.504;76.382;75.500,-0.23749684517631767,-0.5936008812911387,-2.8207872268269134,-0.16591622692385366,0.3369577978840655,0.18148941708365615,,,,,,,25.340,
1763049895.821957,276,107;108;200;201,69.349;51.535;79.457;67.775,-0.2401763430852344,-0.6133936100754845,-2.8345376143673686,-0.16861406300238546,0.33957913066903617,0.17916914649056714,,,,,,,25.988,
1763049896.090925,277,107;108;200;201,68.944;48.475;79.822;68.190,-0.24353182833858,-0.6225989195885826,-2.8394209381997784,-0.169165691773743,0.3395342070684056,0.17805777616306986,,,,,,,26.328,
1763049896.185336,278,107;108;200;201,71.136;47.576;82.877;70.577,-0.24546276986238214,-0.6249253095581911,-2.8394424343658597,-0.16919494995350384,0.3386408853934012,0.1779963682956332,,,,,,,26.438,
1763049896.285169,279,107;108;200;201,70.657;49.489;74.222;65.227,-0.24952859148706916,-0.636311480869859,-2.843073322374721,-0.17046692884940992,0.3440292875780254,0.17524225877275162,,,,,,,26.873,
1763049896.381490,280,107;108;200;201,70.626;48.352;77.175;74.784,-0.2503075389272752,-0.6238083415980242,-2.8362193739739925,-0.17219999440707437,0.3453229400689599,0.17659830116902492,,,,,,,26.491,
1763049896.483745,281,107;108;200;201,70.337;51.176;72.578;65.987,-0.25209872140730427,-0.633822141637071,-2.8406430297041885,-0.17348323711030342,0.35003760112865034,0.17433184704325272,,,,,,,26.839,
1763049896.582291,282,107;108;200;201;202,68.458;48.664;80.913;75.311;44.962,-0.19222924324306268,-0.5818549598029562,-2.8350535983475105,-0.15818792295551068,0.3266088491766334,0.1856311189328752,,,,,,,24.214,
1763049896.680634,283,107;108;200;201,69.434;43.559;86.411;73.719,-0.2082007462543596,-0.5870359050583593,-2.8309621618342944,-0.16033651273131677,0.3252013595722675,0.18524614393242736,,,,,,,24.631,
1763049896.780490,284,107;108;200;201,70.678;48.593;76.466;73.239,-0.2227186667563129,-0.59282577136448,-2.827119658763837,-0.16502096939596297,0.3325347213477384,0.18253186001045882,,,,,,,25.061,
1763049896.875469,285,107;108;200;201,70.678;48.593;76.466;73.239,-0.2227186667563129,-0.59282577136448,-2.827119658763837,-0.16502096939596297,0.3325347213477384,0.18253186001045882,,,,,,,25.061,
1763049896.976865,286,107;108;200;201,69.858;48.707;87.753;76.151,-0.22676444429964052,-0.5978023461073921,-2.8307279287497895,-0.16708196397853856,0.3309437151990386,0.1828554954675697,,,,,,,25.270,
1763049897.079035,287,107;108;200;201;202,72.909;47.502;79.872;72.419;49.128,-0.1750031745678332,-0.5580827732894673,-2.8265800120772493,-0.15078328291253326,0.3135188838738222,0.19098867429204971,,,,,,,23.189,
1763049897.174579,288,107;108;200;201;202,72.909;47.502;79.872;72.419;49.128,-0.1750031745678332,-0.5580827732894673,-2.8265800120772493,-0.15078328291253326,0.3135188838738222,0.19098867429204971,,,,,,,23.189,
1763049897.274934,289,107;108;200;201;202,71.023;48.788;84.588;69.980;43.155,-0.14371255618216533,-0.544351495645572,-2.8312234952963724,-0.14074746741977812,0.301759895604612,0.1962315353302206,,,,,,,22.309,
1763049897.373038,290,107;108;200;201,70.429;49.753;75.710;78.717,-0.17733616851010822,-0.5543686425103337,-2.8236285326409694,-0.15279429888491167,0.31709732784965616,0.19119472550934935,,,,,,,23.098,
1763049897.470586,291,107;108;200;201,69.391;48.013;86.486;72.568,-0.19567207874975848,-0.5762883277891061,-2.830424250405842,-0.15788364961387585,0.3199806304057418,0.18805134936824494,,,,,,,24.083,
1763049897.574591,292,107;108;200;201,71.328;49.135;77.413;69.450,-0.21532116328841383,-0.5935947233795575,-2.832767235147473,-0.1623298147691285,0.3286271067236113,0.1837962868866036,,,,,,,24.950,
1763049897.669752,293,107;108;200;201;202,70.257;47.292;87.337;70.547;44.510,-0.30576932654672473,-0.5671489885899134,-2.8181017669280677,-0.15813394681460136,0.3115826550439323,0.20286160426160565,,,,,,,25.552,
1763049897.770013,294,107;108;200;201;202,68.828;45.173;80.237;74.937;41.493,-0.2368899988146461,-0.5349430798953934,-2.815202462358401,-0.14688190693564782,0.30020894213609145,0.20465947265949652,,,,,,,23.269,
1763049897.869340,295,107;108;200;201,72.260;48.408;78.308;77.311,-0.24546009901066945,-0.5512914012240143,-2.812772647576024,-0.15583100356897472,0.3152665338371086,0.19794718024988356,,,,,,,24.003,
1763049897.966264,296,107;108;200;201,72.260;48.408;78.308;77.311,-0.24546009901066945,-0.5512914012240143,-2.812772647576024,-0.15583100356897472,0.3152665338371086,0.19794718024988356,,,,,,,24.003,
1763049898.099057,297,107;108;200;201,68.549;47.996;86.594;73.875,-0.24229453312751004,-0.5695974097617497,-2.821838509392896,-0.16046001922980696,0.3183370796543337,0.19349005441556974,,,,,,,24.544,
1763049898.195529,298,107;108;200;201,68.549;47.996;86.594;73.875,-0.24229453312751004,-0.5695974097617497,-2.821838509392896,-0.16046001922980696,0.3183370796543337,0.19349005441556974,,,,,,,24.544,
1763049898.298666,299,107;108;200;201;202,69.678;47.351;83.135;70.694;40.774,-0.19175693290528892,-0.5488503760881178,-2.8251590395485167,-0.14813441083117004,0.3048965649451932,0.197183020719152,,,,,,,23.062,
1763049898.397402,300,107;108;200;201,73.328;48.649;79.076;78.202,-0.2127182953003977,-0.5607369100594821,-2.820561055408412,-0.15669159326033402,0.3182954164242625,0.1921955643147697,,,,,,,23.805,
1763049898.495813,301,107;108;200;201,67.075;45.284;84.215;72.510,-0.21979556813281817,-0.5755521044251969,-2.8249831066092805,-0.1604898412302104,0.32033970341205187,0.18953893061509175,,,,,,,24.410,
1763049898.592092,302,107;108;200;202,71.378;50.108;80.315;44.862,-0.15140859213447194,-0.6911907890858382,-2.9099386919316785,-0.12307481179266971,0.2980562815634459,0.17190895111709392,,,,,,,27.258,
1763049898.692592,303,107;108;200;201,69.831;46.384;79.053;67.173,-0.1825297619549474,-0.6754209852421461,-2.8898153064863172,-0.13590090695892434,0.31103326634698486,0.1715611959590585,,,,,,,27.122,
1763049898.792320,304,107;108;200;201,70.884;46.352;78.088;67.838,-0.2059717491461671,-0.6633435067723411,-2.874087709352449,-0.14555850085703617,0.321183056126174,0.17184739410469008,,,,,,,27.054,
1763049898.894277,305,107;108;200;201,70.432;44.393;86.023;75.155,-0.21885126298929586,-0.6420889408487587,-2.8579362423618946,-0.15175777390113565,0.3224331147436599,0.1749906146557923,,,,,,,26.564,
1763049898.990336,306,107;108;200;201,69.779;51.291;78.035;67.432,-0.22761710050047437,-0.6473083835299435,-2.8588862429212587,-0.15857101873669477,0.3304279910024428,0.1739664093623064,,,,,,,26.853,
1763049899.088924,307,107;108;200;202,71.876;48.182;83.830;40.694,-0.1638882627890829,-0.7484742353731225,-2.9322316846610748,-0.12211915626823014,0.30352141415701944,0.16147940235341363,,,,,,,29.242,
1763049899.188483,308,107;108;200;201,63.999;50.657;84.574;71.251,-0.18130894562199867,-0.7145363162290915,-2.9133615650536635,-0.13792347839701155,0.3117319212921367,0.16652358259682132,,,,,,,28.332,
1763049899.287304,309,107;108;200;201,69.386;48.728;80.097;70.708,-0.20084317844078603,-0.6894964444939923,-2.8920416503292445,-0.14794192456530275,0.3212155476556371,0.16897806265221252,,,,,,,27.798,
1763049899.386348,310,107;108;200;201,69.704;52.315;79.868;72.445,-0.21383252500522174,-0.6742582548385131,-2.87982215653316,-0.1567391120870922,0.3293964252633571,0.17103743038598546,,,,,,,27.491,
1763049899.482928,311,107;108;200;201,71.213;46.461;79.165;74.453,-0.22747126420632943,-0.6503841508289321,-2.8605277219366623,-0.16111305387139926,0.3331420441268935,0.17322110838206084,,,,,,,26.949,
1763049899.583262,312,107;108;200;201,66.327;49.479;82.154;70.105,-0.23014101553830146,-0.6474401109354618,-2.858981830725222,-0.16520337562206222,0.33342287486237276,0.1751354745343463,,,,,,,26.889,
1763049899.683147,313,107;108;110;200;201,71.521;45.572;12.671;75.991;69.203,-0.25221723793806794,-0.6384079665872673,-2.8355227743425,-0.16188950397209892,0.3409662135875669,0.1694736598198242,,,,,,,27.043,
1763049899.781868,314,107;108;200;201;202,68.373;47.795;84.401;69.815;45.406,-0.19128378380865924,-0.5943569231332714,-2.8372034210897517,-0.14773369470586353,0.3181158772104311,0.18195600978870577,,,,,,,24.646,
1763049899.883335,315,107;108;200;201,68.128;45.314;82.778;73.691,-0.2078390871083706,-0.5969716851693918,-2.8337195458476514,-0.15488300537246105,0.3217750337471223,0.18254433777793197,,,,,,,24.969,
1763049899.983299,316,107;108;200;201;202,65.834;45.886;77.328;72.711;44.969,-0.16039901704399356,-0.5543580086039412,-2.828051006017086,-0.1440602214154063,0.3064398829623049,0.19213444423653311,,,,,,,22.877,
1763049900.082911,317,107;108;200;201,69.938;47.193;77.936;71.003,-0.18886654755924664,-0.5722897801497654,-2.828942839353346,-0.1528979248457983,0.31758613310630907,0.18757065382764967,,,,,,,23.863,
1763049900.176817,318,107;108;200;201,69.938;47.193;77.936;71.003,-0.18886654755924664,-0.5722897801497654,-2.828942839353346,-0.1528979248457983,0.31758613310630907,0.18757065382764967,,,,,,,23.863,
1763049900.281330,319,107;108;200;201;202,69.519;46.257;86.262;76.177;40.928,-0.15480341120471122,-0.5426980231399029,-2.825848949380326,-0.14325736869548608,0.30314201488921166,0.195200936070179,,,,,,,22.395,
1763049900.407860,320,107;108;200;201,72.034;50.507;76.387;74.688,-0.18665847324205964,-0.5621094001713483,-2.824922177063017,-0.15402567534457562,0.31882044559102707,0.18951092635765168,,,,,,,23.488,
1763049900.509400,321,107;108;200;201,71.467;45.756;78.447;72.294,-0.20869951908661058,-0.5747981859194938,-2.8219120519323484,-0.15912009140459496,0.3264602080612692,0.18636588059939632,,,,,,,24.254,
1763049900.606853,322,107;108;200;201,67.666;51.140;78.241;75.783,-0.22005181495971793,-0.582836317129723,-2.8250991938047423,-0.1659970883318582,0.33252443262453174,0.18498999530336308,,,,,,,24.677,
1763049900.706346,323,107;108;200;201,67.703;50.004;86.570;76.768,-0.22234576496876005,-0.5909088642584499,-2.8312503189473177,-0.16882510776181409,0.33128678174321,0.18495253491704955,,,,,,,24.957,
1763049900.802126,324,107;108;200;201,66.540;47.475;79.880;72.459,-0.22665443547401629,-0.5954406355973585,-2.832702340589366,-0.17061240322003945,0.33255116718703653,0.18380952602783865,,,,,,,25.169,
1763049900.903994,325,107;108;200;201,72.957;50.368;78.982;72.561,-0.2358545630917051,-0.6037560207562983,-2.8334258102164136,-0.17162859438104683,0.3376966748724538,0.18097139479302088,,,,,,,25.590,
1763049901.002897,326,107;108;200;202,70.258;48.747;78.663;42.486,-0.16531249370352363,-0.7123814358942474,-2.9169190748280025,-0.13014196021880592,0.311140445517745,0.16499365290355728,,,,,,,28.085,
1763049901.104214,327,107;108;200;201,68.281;48.481;80.281;68.208,-0.18927158587105097,-0.6924770828577371,-2.8975494969297895,-0.1423384025503662,0.3200150140471926,0.16775028263591926,,,,,,,27.743,
1763049901.204982,328,107;108;200;201,70.342;50.155;76.721;69.762,-0.208965004631729,-0.6738103598394378,-2.881393506380103,-0.15205383224828745,0.3294244204616428,0.1689619324383348,,,,,,,27.407,
1763049901.301597,329,107;108;200;201,70.796;47.895;82.700;69.132,-0.2196743728077247,-0.6636456187264791,-2.87100841940563,-0.15705369698094931,0.3315579757112075,0.17094711276718774,,,,,,,27.248,
1763049901.401458,330,107;108;200;201,69.069;46.833;80.951;79.133,-0.2292386759447345,-0.6348579767066216,-2.8520831593537177,-0.16260731666428185,0.33321584650666614,0.17528031868664185,,,,,,,26.479,
1763049901.499001,331,107;108;200;201,72.090;47.174;83.141;73.041,-0.23530012062271294,-0.628790775539527,-2.845014406714109,-0.16450567036864777,0.3339686741702671,0.17603936610207127,,,,,,,26.395,
1763049901.599015,332,107;108;200;201;202,65.322;50.160;82.490;65.664;47.140,-0.1734802975476563,-0.5915520780890698,-2.8515663281045978,-0.14938419317371093,0.31233539732664756,0.18584758254238307,,,,,,,24.242,
1763049901.697098,333,107;108;200;201,73.558;51.358;76.737;68.596,-0.20101776602683818,-0.6101115857714559,-2.8504318962712554,-0.1566654233168385,0.32559654176498365,0.1807180190236031,,,,,,,25.244,
1763049901.793919,334,107;108;200;201;202,71.420;49.061;82.010;68.516;44.598,-0.1579671286416051,-0.5788607050036586,-2.8476965619894496,-0.14446869412775812,0.30978603733736315,0.18827625224428757,,,,,,,23.636,
1763049901.898222,335,107;108;200;201,72.797;49.462;79.592;69.486,-0.18780336499449876,-0.5973644687172607,-2.8469823268278454,-0.15249608736687803,0.32080547650259034,0.18362553912152654,,,,,,,24.648,
1763049901.990692,336,107;108;200;201,70.179;48.612;78.523;67.643,-0.20754464402359482,-0.6119027572569066,-2.8470810663447335,-0.15825372743851138,0.3279321702925354,0.18048266686692763,,,,,,,25.413,
1763049902.091366,337,107;108;200;201,70.179;48.612;78.523;67.643,-0.20754464402359482,-0.6119027572569066,-2.8470810663447335,-0.15825372743851138,0.3279321702925354,0.18048266686692763,,,,,,,25.413,
1763049902.193299,338,107;108;200;201,73.296;50.135;80.396;70.542,-0.2231293568558608,-0.6200834579881496,-2.845482693396297,-0.16220755207995013,0.3335797580674764,0.1783204679333122,,,,,,,25.918,
1763049902.291127,339,107;108;200;201,74.482;49.335;83.542;75.698,-0.23346454831793706,-0.6178008244507114,-2.840049121687173,-0.1649192581646384,0.33617251404193005,0.17808845366147566,,,,,,,26.013,
1763049902.389050,340,107;108;200;201,69.380;46.199;73.880;71.658,-0.24423062051515737,-0.6126990668714308,-2.8321758265833528,-0.16814368626323015,0.3407003895501406,0.1783651889547761,,,,,,,26.038,
1763049902.487019,341,107;108;200;201,70.409;48.495;82.004;73.045,-0.24309881750912213,-0.6126567568262804,-2.8333531716732994,-0.16947684754746098,0.3396187880007101,0.17842066629303618,,,,,,,26.012,
1763049902.587624,342,107;108;200;201;202,67.521;48.815;78.252;68.462;46.373,-0.1843779862277328,-0.5754288757495266,-2.836353314077201,-0.15370014674781154,0.3192645237177727,0.18738937805324107,,,,,,,23.875,
1763049902.686488,343,107;108;200;201,70.925;47.192;79.525;71.275,-0.20437849573476868,-0.5875718764236786,-2.833889401520307,-0.1589191927463231,0.3257456473232614,0.18420092720548883,,,,,,,24.581,
1763049902.869182,344,107;108;200;201,72.838;43.864;79.988;78.304,-0.22317980492672618,-0.5793838475057079,-2.820560352138614,-0.16199858076200818,0.33001404298042736,0.1837307682424046,,,,,,,24.626,
1763049902.950808,345,107;108;200;201,69.665;51.278;76.955;71.874,-0.23164877436272324,-0.5937202147359539,-2.826958374887112,-0.16694206917333765,0.33640845570370975,0.18120316822998242,,,,,,,25.217,
1763049903.048552,346,107;108;200;201,69.824;48.846;81.615;73.494,-0.23685514813283645,-0.600079034204117,-2.8299511400850665,-0.16896465024605248,0.3369834503809319,0.18100071576750396,,,,,,,25.498,
1763049903.147578,347,107;108;200;201,72.606;49.576;77.452;68.594,-0.2435947121414942,-0.6133902082022632,-2.8333153157848963,-0.1697800378741433,0.3412515687135034,0.17805539868331252,,,,,,,26.045,
1763049903.246556,348,107;108;200;201,70.728;50.669;80.710;75.850,-0.2445297821504475,-0.6125352781194364,-2.832766788864847,-0.17223033357714101,0.34253855152898627,0.1787483684420429,,,,,,,26.032,
1763049903.347098,349,107;108;200;201,70.728;50.669;80.710;75.850,-0.2445297821504475,-0.6125352781194364,-2.832766788864847,-0.17223033357714101,0.34253855152898627,0.1787483684420429,,,,,,,26.032,
1763049903.445528,350,107;108;200;201,72.261;47.066;76.263;72.876,-0.2505570527948303,-0.6109704368658132,-2.827109204043048,-0.17281021180384012,0.34532357148870974,0.17824005150381883,,,,,,,26.105,
1763049903.545688,351,107;108;200;201,69.325;48.047;83.225;69.354,-0.2481801565996944,-0.6196550625617001,-2.8341099860096475,-0.17149887815260725,0.3416940397103031,0.17746960321019506,,,,,,,26.328,
1763049903.643041,352,107;108;200;201,69.325;48.047;83.225;69.354,-0.2481801565996944,-0.6196550625617001,-2.8341099860096475,-0.17149887815260725,0.3416940397103031,0.17746960321019506,,,,,,,26.328,
1763049903.742098,353,107;108;200;201,69.325;48.047;83.225;69.354,-0.2481801565996944,-0.6196550625617001,-2.8341099860096475,-0.17149887815260725,0.3416940397103031,0.17746960321019506,,,,,,,26.328,
1763049903.839806,354,107;108;200;201,69.325;48.047;83.225;69.354,-0.2481801565996944,-0.6196550625617001,-2.8341099860096475,-0.17149887815260725,0.3416940397103031,0.17746960321019506,,,,,,,26.328,
1763049903.941043,355,107;108;200;201,70.455;51.825;81.617;72.231,-0.2474143004163315,-0.6250045282114863,-2.8392447559245504,-0.172658543442797,0.34208829163604404,0.1772580498615903,,,,,,,26.469,
1763049904.039960,356,107;108;200;201,70.818;53.038;82.342;67.128,-0.24471637011688915,-0.6405906813406311,-2.850688825986302,-0.17264571186604327,0.3425856168949158,0.17537460384501746,,,,,,,26.900,
1763049904.138100,357,107;108;200;201,69.222;50.281;74.518;72.103,-0.24656106335728137,-0.6326854632345704,-2.845434656055139,-0.17488505411562386,0.34657684547654527,0.1758213634926852,,,,,,,26.684,
1763049904.238009,358,107;108;200;201,72.132;45.419;84.575;73.321,-0.24673980564184916,-0.6253004796068318,-2.838719481722992,-0.17266889947844874,0.34166802528376766,0.1770944496469078,,,,,,,26.474,
1763049904.338325,359,107;108;200;201;202,69.909;50.266;81.573;69.408;48.672,-0.1854546357803475,-0.5861982074943859,-2.841132806721527,-0.15519357127341493,0.3201753255185897,0.18633179310508316,,,,,,,24.251,
1763049904.435559,360,107;108;200;201,73.207;51.067;79.267;69.584,-0.20684932870805986,-0.6055088353954311,-2.8442971903205247,-0.16057089468996494,0.32917371201643086,0.18252782690830877,,,,,,,25.192,
1763049904.533590,361,107;108;200;201,73.207;51.067;79.267;69.584,-0.20684932870805986,-0.6055088353954311,-2.8442971903205247,-0.16057089468996494,0.32917371201643086,0.18252782690830877,,,,,,,25.192,
1763049904.636673,362,107;108;200;201,67.928;48.783;78.099;79.633,-0.21810257499195643,-0.5935390406942245,-2.8334645819184896,-0.1665218847822924,0.333568589975226,0.18330003545839166,,,,,,,24.980,
1763049904.734958,363,107;108;200;201,65.224;50.243;79.380;73.865,-0.22311911924113345,-0.5979487637492213,-2.836099521239549,-0.17070946536112472,0.3352434560737002,0.18312037585327856,,,,,,,25.187,
1763049904.831429,364,107;108;200;201,68.655;47.296;75.236;69.633,-0.23436964050717324,-0.6045455968089154,-2.8350453151141135,-0.17190392784017616,0.33889871594563115,0.18087063728371394,,,,,,,25.586,
1763049904.941030,365,107;108;200;201,68.655;47.296;75.236;69.633,-0.23436964050717324,-0.6045455968089154,-2.8350453151141135,-0.17190392784017616,0.33889871594563115,0.18087063728371394,,,,,,,25.586,
1763049905.032593,366,107;108;200;201,72.844;49.639;83.078;70.168,-0.23919170530124587,-0.6165111561187464,-2.8396083925274125,-0.17111742048588832,0.3391786736890873,0.17873447241155166,,,,,,,26.049,
1763049905.141439,367,107;108;200;201,74.263;45.636;79.436;75.034,-0.24704458556037626,-0.6087653994116985,-2.829978009089288,-0.17090789323089572,0.3409054414674679,0.17859311367557168,,,,,,,25.954,
1763049905.238284,368,107;108;200;201,72.980;48.797;80.922;68.220,-0.24911038914876207,-0.6219465671688288,-2.834318113764079,-0.17021922797696373,0.34193764670739185,0.17681990230070713,,,,,,,26.421,
1763049905.348380,369,107;108;200;201,68.824;49.624;77.704;70.504,-0.2493830609002303,-0.6260959032856198,-2.8373059017541875,-0.17191597680982257,0.34344210705424993,0.17660589736315424,,,,,,,26.551,
1763049905.481605,370,107;108;200;201,67.761;50.190;81.194;72.043,-0.2463299986241849,-0.6254143934166182,-2.840370059180072,-0.17293261285091635,0.3418472020179502,0.17739027320012934,,,,,,,26.460,
1763049905.585112,371,107;108;200;201;202,67.828;50.516;83.936;71.298;45.036,-0.18652200861713278,-0.5856699277274621,-2.843082690947685,-0.15692525582885739,0.31981498985500834,0.18714211601800868,,,,,,,24.231,
1763049905.704705,372,107;108;200;201;202,67.148;50.180;78.948;69.757;39.129,-0.15155749949644295,-0.5619026179545548,-2.842761909705857,-0.14774528965009232,0.30836266700717896,0.19254995094984845,,,,,,,22.971,
1763049905.798511,373,107;108;200;201,72.443;46.485;81.990;76.034,-0.18257803052862231,-0.5702151476081552,-2.8339350203268507,-0.15456427116860091,0.3176037664295489,0.1888862538243754,,,,,,,23.678,
1763049905.900167,374,107;108;200;202,73.510;50.363;84.727;43.963,-0.128155229130466,-0.6900927464305816,-2.9170173226129315,-0.11871243719314659,0.29511807754856023,0.17218199995985875,,,,,,,26.990,
1763049905.993184,375,107;108;110;200;201,72.248;50.530;14.428;74.360;69.588,-0.18262603858251497,-0.6724588922320767,-2.8789170283628915,-0.12858147399491848,0.31862554747698557,0.16416268446051313,,,,,,,27.101,
1763049906.085892,376,107;108;200;201,71.569;48.238;78.158;73.048,-0.20503666139945775,-0.6534462453670101,-2.8635569642838266,-0.14184939364415128,0.32732913215107284,0.16716368422163333,,,,,,,26.768,
1763049906.184110,377,107;108;200;201,65.833;49.913;82.686;70.727,-0.21235822920144026,-0.649392038405663,-2.8621804243191784,-0.152076605364459,0.32935303666759974,0.17094259464547068,,,,,,,26.716,
1763049906.287579,378,107;108;200;201;202,69.451;46.201;79.220;73.056;42.960,-0.16887593404873,-0.5934531289050435,-2.849147986914847,-0.14234318412984545,0.3129139778622688,0.18289196395575055,,,,,,,24.280,
1763049906.391435,379,107;108;200;201,66.923;48.025;81.724;71.315,-0.19026672881504975,-0.6027084604830568,-2.848101465476471,-0.1518855084442513,0.3192374529155214,0.18263649700310428,,,,,,,24.864,
1763049906.494916,380,107;108;200;201,68.552;48.152;79.347;73.122,-0.20757695004965582,-0.6047039968457046,-2.8428716740684945,-0.15876576799140305,0.3257646126212798,0.1817613248307505,,,,,,,25.182,
1763049906.599132,381,107;108;200;201,66.021;47.393;78.770;67.411,-0.21786583519428604,-0.6138118627414773,-2.8456151006243977,-0.16296538113585998,0.32877935303321293,0.1806182938829542,,,,,,,25.623,
1763049906.714906,382,107;108;200;201,69.906;49.010;85.870;72.217,-0.22303549572221637,-0.6198389404052579,-2.8471085072151454,-0.16517373337624386,0.3293610621133166,0.18007013099644203,,,,,,,25.896,
1763049906.908970,383,107;108;200;201,67.910;47.636;76.640;68.690,-0.23147538920322733,-0.6226950332494458,-2.8446254222932663,-0.16785209134612858,0.33413591157837874,0.17915841807389038,,,,,,,26.128,
1763049907.045552,384,107;108;200;201;202,70.631;49.039;83.398;74.228;44.749,-0.18166893408270263,-0.5798337051362279,-2.8411801810441575,-0.15353798344403127,0.31575151843635635,0.18860020379030623,,,,,,,23.973,
1763049907.151841,385,107;108;200;201;202,70.223;47.372;77.406;74.479;44.490,-0.14863875675354685,-0.5427993345852311,-2.83157158060352,-0.1434495009962611,0.3047524029249971,0.19519699193886372,,,,,,,22.298,
1763049907.250328,386,107;108;200;201;202,73.450;46.574;81.353;73.767;44.254,-0.12675316024487665,-0.5210289248828729,-2.8247167134820512,-0.1350293887301321,0.29653529497079706,0.1992917026466436,,,,,,,21.305,
1763049907.342756,387,107;108;200;201,70.859;50.336;77.863;76.300,-0.1641882171620198,-0.543718374554272,-2.8244157820988844,-0.1484338358459977,0.31245189356756264,0.19316795719369442,,,,,,,22.545,
1763049907.439555,388,107;108;110;200;201;202,67.302;48.736;15.596;81.144;73.121;41.826,-0.14760939593199193,-0.525743046107331,-2.811891898077454,-0.13668111336187241,0.30623211160384356,0.19234454880253696,,,,,,,21.767,
1763049907.536687,389,107;108;200;201,71.406;44.736;81.389;69.505,-0.179414235763452,-0.5545142268679822,-2.8173858661523643,-0.14549350739034808,0.31452928363254173,0.18762000196790535,,,,,,,23.168,
1763049907.636769,390,107;108;200;201,70.930;49.050;85.141;66.229,-0.1969637101918031,-0.5887052761688475,-2.832240640270552,-0.15156473524241043,0.3192137477066227,0.18296855543530066,,,,,,,24.542,
1763049907.735989,391,107;108;200;201,73.358;49.321;82.022;70.777,-0.215527469164138,-0.60467936226336,-2.835660146709866,-0.1570548691016087,0.326130868308736,0.1804080432247632,,,,,,,25.334,
1763049907.833278,392,107;108;200;201,73.358;49.321;82.022;70.777,-0.215527469164138,-0.60467936226336,-2.835660146709866,-0.1570548691016087,0.326130868308736,0.1804080432247632,,,,,,,25.334,
1763049907.935100,393,107;108;200;201;202,67.438;46.786;80.334;73.630;48.796,-0.1628323499321649,-0.5598237684897469,-2.831040722603935,-0.14452798639830128,0.3078008559026611,0.19120255930749325,,,,,,,23.088,
1763049908.032717,394,107;108;200;201,69.199;48.728;83.049;73.517,-0.18582648790478398,-0.5762608792857093,-2.833514395247981,-0.1532778397792425,0.3156173558941548,0.18782015998189922,,,,,,,23.942,
1763049908.130516,395,107;108;200;201,75.336;47.463;76.493;68.999,-0.21155304479193904,-0.5928521428993712,-2.831731920598435,-0.15822927413938606,0.3271027779712027,0.18244983493194233,,,,,,,24.881,
1763049908.232776,396,107;108;200;201;202,70.645;47.254;76.191;69.076;39.739,-0.1737352181984989,-0.5623584093028823,-2.829254238815167,-0.1471615750252052,0.31490607665198483,0.18894773945440937,,,,,,,23.315,
1763049908.327157,397,107;108;200;201,72.809;48.539;86.243;70.866,-0.1950833405564875,-0.5846935027110138,-2.834810050573275,-0.15309401131365497,0.3199695153304786,0.18498595829190653,,,,,,,24.354,
1763049908.429048,398,107;108;200;201;202,68.192;49.311;87.256;72.834;45.443,-0.1500914696666333,-0.5553550602287572,-2.837559381274615,-0.14222249868584785,0.3025904757142621,0.19266851921277767,,,,,,,22.745,
1763049908.529185,399,107;108;200;201;202,68.607;46.538;85.984;71.798;44.366,-0.12128961274849333,-0.5331798574144423,-2.8353536106189194,-0.13405040454440809,0.2904024166590101,0.19816410471549342,,,,,,,21.653,
1763049908.627436,400,107;108;110;200;201,71.213;47.730;16.955;78.680;69.627,-0.1757198819989077,-0.5610501560142197,-2.819278845841668,-0.1386215521982811,0.3123431671173921,0.18398004381996688,,,,,,,23.355,
1763049908.724570,401,107;108;200;201,70.681;47.026;72.202;72.771,-0.20504477305611335,-0.570110052035557,-2.81588891393043,-0.15036437733217578,0.32560610462224576,0.18165818550274007,,,,,,,24.075,
1763049908.826241,402,107;108;200;201;202,72.059;44.699;79.171;72.220;43.059,-0.16682653113775445,-0.5392098177632089,-2.813687442709654,-0.13960867497642973,0.31108625701198267,0.18961907089375418,,,,,,,22.474,
1763049908.925006,403,107;108;200;201;202,72.487;46.625;75.822;69.269;41.640,-0.14051020424356672,-0.5238023178468307,-2.8148582222530134,-0.1330893823679958,0.3037726179661493,0.19393359300963162,,,,,,,21.602,
1763049909.019931,404,107;108;200;201,70.703;46.726;77.272;74.963,-0.17596008855233497,-0.5458828300872614,-2.8140661488151566,-0.14577722272803564,0.3166500919402541,0.18978875193409664,,,,,,,22.828,
1763049909.121835,405,107;108;200;201,70.569;48.014;78.798;65.050,-0.19832959890582297,-0.5803123849358278,-2.8269586519086003,-0.15256368830464279,0.32429390129704233,0.18426452865954507,,,,,,,24.287,
1763049909.216738,406,107;108;200;201,71.858;48.718;81.340;71.080,-0.21443137441995272,-0.5950541894195522,-2.8308590369421527,-0.15802231753879104,0.32916845510005743,0.18143043043631085,,,,,,,25.004,
1763049909.298738,407,107;108;200;201;202,69.306;46.800;77.504;75.222;40.164,-0.17412905257197311,-0.5549453436644542,-2.8239338917545553,-0.14800119322869731,0.3152284726628166,0.18990299447899286,,,,,,,23.079,
1763049909.385344,408,107;108;200;201;202,72.674;50.434;76.778;70.849;44.317,-0.1439458659843995,-0.5350683036227107,-2.824436018306181,-0.13981344610444002,0.30669239677742327,0.1942209703521131,,,,,,,22.004,
1763049909.483090,409,107;108;200;201;202,72.674;50.434;76.778;70.849;44.317,-0.1439458659843995,-0.5350683036227107,-2.824436018306181,-0.13981344610444002,0.30669239677742327,0.1942209703521131,,,,,,,22.004,
1763049909.582204,410,107;108;200;201,69.522;50.097;84.012;72.650,-0.17077059554482174,-0.5615217650852067,-2.8313731135340605,-0.1499520670644207,0.3147270229340652,0.18937179663909942,,,,,,,23.237,
1763049909.687304,411,107;108;200;201,72.036;47.617;81.785;70.597,-0.19623456949525922,-0.5828748941205082,-2.833279790409574,-0.1557813201930449,0.32210306503869174,0.18519005881066924,,,,,,,24.312,
1763049909.782365,412,107;108;200;201;202,70.156;49.188;79.860;74.562;40.118,-0.16069255249264286,-0.5517718589924916,-2.8306875886512586,-0.1466720799863867,0.3104403542670097,0.19197800522006161,,,,,,,22.767,
1763049909.882270,413,107;108;200;201,65.995;50.833;79.930;70.028,-0.1813981830152029,-0.5766488608996264,-2.8398203952767163,-0.15614818146369025,0.31862718400704176,0.18790949605371604,,,,,,,23.861,
1763049909.980889,414,107;108;200;201,75.323;50.284;85.786;67.758,-0.20292715288894336,-0.6041848883411121,-2.8456200207199944,-0.15884699549072606,0.3243682130504105,0.18261191529217707,,,,,,,25.086,
1763049910.075068,415,107;108;200;201,75.323;50.284;85.786;67.758,-0.20292715288894336,-0.6041848883411121,-2.8456200207199944,-0.15884699549072606,0.3243682130504105,0.18261191529217707,,,,,,,25.086,
1763049910.179930,416,107;108;200;201;202,72.137;45.996;75.751;68.706;43.130,-0.16680700672809784,-0.567270369997646,-2.8374349691454754,-0.14594293931817923,0.3117198446299216,0.18951269868640502,,,,,,,23.366,
1763049910.275891,417,107;108;200;201;202,72.137;45.996;75.751;68.706;43.130,-0.16680700672809784,-0.567270369997646,-2.8374349691454754,-0.14594293931817923,0.3117198446299216,0.18951269868640502,,,,,,,23.366,
1763049910.376148,418,107;108;200;201,69.220;48.590;76.903;70.220,-0.19202518125197604,-0.5841857943053276,-2.837659177154511,-0.15475158699100242,0.3220037111775674,0.18537404879877759,,,,,,,24.279,
1763049910.472011,419,107;108;200;201,71.563;44.420;77.197;75.589,-0.21493426665952337,-0.5819702338593278,-2.8258670552673713,-0.1598726310810602,0.3287423192947159,0.18408330779542742,,,,,,,24.571,
1763049910.572029,420,107;108;200;201,70.596;51.137;86.711;73.168,-0.2208956605892375,-0.5972041603234144,-2.834886725392092,-0.1634850386919215,0.3296886323075137,0.18254567107073358,,,,,,,25.139,
1763049910.675727,421,107;108;200;201,70.851;46.340;80.298;72.286,-0.2305059767369856,-0.6007498777749208,-2.831532549974598,-0.16557988739637375,0.3325636423396966,0.1814442803515124,,,,,,,25.422,
1763049910.771974,422,107;108;200;201,68.568;45.161;84.356;76.512,-0.23285218407390806,-0.5958131735879559,-2.8276829626980855,-0.167272080429682,0.33086278126285135,0.18286500714484466,,,,,,,25.304,
1763049910.870101,423,107;108;200;201,73.900;52.953;83.916;70.154,-0.23765284284993107,-0.6151117139224711,-2.8380424748306297,-0.16878419063152017,0.33486328622318184,0.17937264866576963,,,,,,,25.989,
1763049910.969463,424,107;108;200;201;202,70.170;49.865;82.017;70.310;47.151,-0.18102968760894217,-0.5780088011126707,-2.839007545452192,-0.15276719908998457,0.31590839402161397,0.18794747738266157,,,,,,,23.913,
1763049911.067292,425,107;108;200;201,69.520;46.060;80.136;71.570,-0.20288514751482253,-0.5889993497056021,-2.8357082795348143,-0.1582317927464869,0.3224187219584876,0.18545507180420717,,,,,,,24.602,
1763049911.166624,426,107;108;200;201,69.111;50.802;83.645;77.631,-0.21376753452862512,-0.5920225365659979,-2.8357322406882606,-0.1639975922350159,0.3264496858104401,0.1846376926944496,,,,,,,24.851,
1763049911.267792,427,107;108;200;201,72.079;45.106;86.401;68.749,-0.2236119970618517,-0.6075424011406664,-2.8378350787624798,-0.1634088891854451,0.3266341198347175,0.18240882306016967,,,,,,,25.528,
1763049911.365737,428,107;108;200;201,70.028;47.356;76.173;69.895,-0.2331401594460358,-0.6117358120351325,-2.8354101277762958,-0.16630705073050359,0.33331321452355095,0.18038114903584188,,,,,,,25.825,
1763049911.465948,429,107;108;200;201,70.310;49.808;79.737;65.447,-0.23805293775851252,-0.6299712184378607,-2.843855475636118,-0.1675300515751781,0.33664951223042655,0.17783197648146773,,,,,,,26.483,
1763049911.565207,430,107;108;200;201,69.530;46.989;84.220;69.211,-0.23739637211766704,-0.6321727036147177,-2.844984084180507,-0.16752983685038436,0.3345157488857124,0.17788356469281402,,,,,,,26.544,
1763049911.662730,431,107;108;200;201,74.645;48.423;83.122;66.072,-0.24371479653728767,-0.6422914634363251,-2.8475388352247895,-0.1665701189269348,0.3362059848368195,0.17541729315597024,,,,,,,26.971,
1763049911.763451,432,107;108;200;201,72.824;46.990;83.703;63.824,-0.24563818690267192,-0.6525370625732632,-2.8506818673658674,-0.16503577610950176,0.3356713172906566,0.1738199733473174,,,,,,,27.338,
1763049911.860799,433,107;108;200;201,69.621;46.956;82.115;73.321,-0.24566945613820582,-0.6404510566050556,-2.84416573074939,-0.167095961962974,0.3357277445037104,0.1760130156658582,,,,,,,26.958,
1763049911.960594,434,107;108;200;201;202,69.019;48.037;78.098;73.361;41.019,-0.19429290729830354,-0.5910622744888913,-2.836720695749453,-0.15450502324988735,0.31899880965178984,0.18560840510141555,,,,,,,24.565,
1763049912.091316,435,107;108;200;201;202,70.321;48.379;78.517;76.376;44.630,-0.1565841467933106,-0.5508893639358176,-2.829376210256128,-0.14480896950295186,0.30716936910171233,0.19319129110920838,,,,,,,22.698,
1763049912.192181,436,107;108;200;201;202,68.906;49.122;84.314;73.811;43.950,-0.1266815707195894,-0.531109179114014,-2.8307320426777594,-0.13736668110758557,0.2960233961441999,0.19827000850022278,,,,,,,21.650,
1763049912.328953,437,107;108;200;201,69.690;48.554;79.728;75.984,-0.16286286019127674,-0.5504018749269661,-2.8281642823805457,-0.14910670297081954,0.30980473539257747,0.19272691866911212,,,,,,,22.755,
1763049912.424593,438,107;108;200;201,70.692;47.131;85.805;77.468,-0.18592259434244027,-0.5615779747374242,-2.8266974725955425,-0.15554190162450318,0.3152667489343852,0.1899880142587102,,,,,,,23.447,
1763049912.519314,439,107;108;200;201,71.181;48.165;84.908;71.992,-0.20284101277280803,-0.5816856807954744,-2.8318611957018724,-0.15964196870474823,0.3203908564883514,0.18641346587952337,,,,,,,24.361,
1763049912.619159,440,107;108;200;201;202,72.385;47.972;80.059;74.417;43.401,-0.16383564879607654,-0.5474046042831608,-2.826331834882252,-0.14779714449734704,0.3076783265679595,0.19254338348207653,,,,,,,22.666,
1763049912.720576,441,107;108;200;201,72.950;47.893;77.964;77.512,-0.19383448268462064,-0.5586316117468683,-2.8197994473340695,-0.15627187560277359,0.320170129836083,0.18884818663699382,,,,,,,23.483,
1763049912.814824,442,107;108;200;201,71.602;48.064;82.295;72.734,-0.20992708982757083,-0.5769322897505067,-2.8237194884304055,-0.1608409459898574,0.32575476752757737,0.18566798343599394,,,,,,,24.336,
1763049912.918401,443,107;108;200;201,70.130;44.793;80.247;74.498,-0.2242040695624297,-0.5818537699501978,-2.8203548114292833,-0.1638441851136181,0.3289073826236613,0.18468145264742336,,,,,,,24.731,
1763049913.014517,444,107;108;200;201,70.130;44.793;80.247;74.498,-0.2242040695624297,-0.5818537699501978,-2.8203548114292833,-0.1638441851136181,0.3289073826236613,0.18468145264742336,,,,,,,24.731,
1763049913.113751,445,107;108;200;201,69.403;48.083;83.888;74.266,-0.22969092793460444,-0.5930919135609629,-2.825042951331017,-0.16655049772796318,0.3303242821513564,0.18390081404571737,,,,,,,25.181,
1763049913.214112,446,107;108;200;201,71.631;46.312;77.797;69.666,-0.23948145016321207,-0.6035812839857884,-2.82581788296089,-0.16763113089298007,0.33486767467587114,0.1813784789725492,,,,,,,25.690,
1763049913.313291,447,107;108;200;201,69.030;49.816;84.436;75.014,-0.23697580939550894,-0.6075920108649298,-2.8308125495909224,-0.16947031070544272,0.33460324334279895,0.1815235514259346,,,,,,,25.763,
1763049913.410578,448,107;108;200;201;202,69.435;44.941;79.236;66.742;48.428,-0.18090727519495237,-0.569694465836667,-2.8306674512542336,-0.151006300981236,0.31372417914487455,0.19002690735360714,,,,,,,23.661,
1763049913.510060,449,107;108;200;201,68.207;49.194;82.598;67.569,-0.1969953319028499,-0.5951948663773715,-2.840729064915351,-0.15707270225217634,0.3195155048450195,0.1859121078757953,,,,,,,24.721,
1763049913.607721,450,107;108;200;201,70.120;47.924;74.031;69.595,-0.21615417987393476,-0.6030340691515689,-2.836360796309858,-0.16237698841180845,0.32934428826985046,0.18222125050846633,,,,,,,25.277,
1763049913.707477,451,107;108;200;201,67.824;50.049;81.910;69.047,-0.22274398632679668,-0.6172215445291852,-2.843558038965159,-0.1657103036425102,0.3314238012027482,0.18088904093898153,,,,,,,25.824,
1763049913.808637,452,107;108;200;201,70.945;45.706;76.173;68.931,-0.23592857015837537,-0.6199322433119123,-2.837843908502324,-0.1670875631428203,0.3362043193443516,0.17911865926890816,,,,,,,26.139,
1763049913.905445,453,107;108;200;201,68.195;47.183;79.626;70.736,-0.2384541895949102,-0.6199390944678325,-2.837464992745334,-0.1688488303716931,0.33697043047406305,0.17873869724744684,,,,,,,26.177,
1763049914.006146,454,107;108;200;201;202,73.478;50.036;75.846;71.607;37.413,-0.1972501111102227,-0.5843179473592572,-2.8339091978959257,-0.15650490778478612,0.32515515680096135,0.18507819824789737,,,,,,,24.373,
1763049914.105024,455,107;108;200;201,69.215;44.469;83.654;71.088,-0.2119115848564812,-0.5955980267310329,-2.8335173568812353,-0.15955126719205048,0.32609501215853715,0.18360146862498658,,,,,,,24.973,
1763049914.201839,456,107;108;200;201,71.822;46.973;78.060;72.732,-0.2271676387730943,-0.6004995194953522,-2.829361029093422,-0.16342994708585307,0.3323858596617813,0.18186073452157425,,,,,,,25.382,
1763049914.303249,457,107;108;200;201,70.437;50.397;79.307;65.765,-0.23319681308250226,-0.6213768589268158,-2.840272851051505,-0.1656658832780215,0.33610416171734386,0.1784414886877276,,,,,,,26.136,
1763049914.401314,458,107;108;200;201,67.919;45.242;79.835;78.111,-0.2370303211047334,-0.6024102742094045,-2.8283629416168172,-0.1685149518762728,0.33558682531437467,0.1807028115247585,,,,,,,25.595,
1763049914.501907,459,107;108;200;201;202,70.664;50.133;78.960;73.997;43.691,-0.18565435636444966,-0.5649151911832528,-2.826770408317372,-0.1547838127955052,0.3191030989813644,0.18837216178073016,,,,,,,23.567,
1763049914.602764,460,107;108;200;201;202,70.664;50.133;78.960;73.997;43.691,-0.18565435636444966,-0.5649151911832528,-2.826770408317372,-0.1547838127955052,0.3191030989813644,0.18837216178073016,,,,,,,23.567,
1763049914.697721,461,107;108;200;201,72.174;44.944;78.577;75.759,-0.2086269931198924,-0.5702812953299845,-2.818891083287964,-0.15987437906564492,0.3264423645911479,0.18608060520212508,,,,,,,24.109,
1763049914.798330,462,107;108;200;201,70.649;50.197;79.691;77.122,-0.22130469568791275,-0.5782385808884749,-2.8200627537364493,-0.1655271228016499,0.33234063030510375,0.1846566422360214,,,,,,,24.562,
1763049914.897167,463,107;108;200;201;202,69.769;51.211;80.982;73.416;42.532,-0.17599867182421297,-0.5526332743060476,-2.8246233686774005,-0.15307601816499547,0.3170964816213738,0.19191485178314197,,,,,,,23.011,
1763049915.000420,464,107;108;200;201;202,69.879;47.530;78.819;78.151;41.437,-0.14697621477242837,-0.5208494697237623,-2.8178541349923973,-0.14473555927534343,0.3066788257952259,0.1977326338926736,,,,,,,21.540,
1763049915.099454,465,107;108;200;201;202,69.497;48.416;82.104;75.975;41.985,-0.12424264779896697,-0.5043604009096755,-2.8167954592487914,-0.13833904310468292,0.29746449404230263,0.2016989916036949,,,,,,,20.694,
1763049915.197384,466,107;108;200;201,70.610;49.240;80.715;73.860,-0.16188178308612003,-0.5378230724160251,-2.8222465270796824,-0.14938278128359683,0.310402578455926,0.19470369770139828,,,,,,,22.313,
1763049915.295687,467,107;108;200;201;202,71.893;48.779;81.182;73.291;44.109,-0.13375543940440415,-0.5208271740027804,-2.821741372058556,-0.14025510661421547,0.3009298034306557,0.19899233591323895,,,,,,,21.381,
1763049915.394429,468,107;108;200;201,69.662;44.866;78.839;71.680,-0.1694803081782978,-0.5474733060091108,-2.8210600223550597,-0.14922072292537378,0.3125195008030656,0.19313896574089984,,,,,,,22.766,
1763049915.492847,469,107;108;200;201,68.302;50.951;82.484;78.164,-0.19080985464833422,-0.5633552558768002,-2.824812906028876,-0.15871295673736974,0.32047933355031893,0.1906230251652523,,,,,,,23.585,
1763049915.593283,470,107;108;200;201,72.140;50.459;82.353;74.482,-0.20786392229588935,-0.5821207478089635,-2.82885770803336,-0.16354912093654217,0.3272038711756792,0.18689120636609488,,,,,,,24.462,
1763049915.693007,471,107;108;200;201,71.003;48.528;82.598;74.101,-0.21966442884541632,-0.59174192792945,-2.829578735371872,-0.16616170011150722,0.33035905711551206,0.18468239766597366,,,,,,,24.963,
1763049915.788746,472,107;108;200;201,71.003;48.528;82.598;74.101,-0.21966442884541632,-0.59174192792945,-2.829578735371872,-0.16616170011150722,0.33035905711551206,0.18468239766597366,,,,,,,24.963,
1763049915.884528,473,107;108;200;201,65.646;48.969;78.502;74.495,-0.22551792926363468,-0.5952579517343857,-2.830654955105233,-0.17035452965980644,0.3336244530541464,0.1844288595080247,,,,,,,25.162,
1763049915.985136,474,107;108;200;201,71.742;46.208;85.198;73.848,-0.23496261555873926,-0.6009338288583446,-2.829599272165968,-0.16966571892321916,0.3330130430593423,0.18358465136150634,,,,,,,25.504,
1763049916.083515,475,107;108;200;201;202,70.167;51.923;79.522;73.143;45.613,-0.3242331573132644,-0.567544931775642,-2.8129611352940045,-0.1660695440110393,0.3198708627395167,0.20275379589926631,,,,,,,25.949,
1763049916.183196,476,107;108;200;201,70.657;46.583;83.420;77.345,-0.30110473648748015,-0.5736399380739874,-2.814251506521624,-0.16806188289445004,0.32373158107797606,0.19700598606523342,,,,,,,25.716,
1763049916.282723,477,107;108;200;201;202,74.118;45.109;82.440;72.710;42.032,-0.2365056174892805,-0.5449537028086736,-2.814742969681883,-0.1523764708418946,0.30888974848464396,0.19855894086955106,,,,,,,23.623,
1763049916.383934,478,107;108;200;201;202,73.121;47.782;78.636;73.646;41.934,-0.19178382296804078,-0.5241972862414164,-2.8146300195521894,-0.14273533035493866,0.3015987041691667,0.20041987724857274,,,,,,,22.224,
1763049916.477858,479,107;108;200;201,69.423;50.792;80.113;73.013,-0.20750701150897488,-0.5539416857119058,-2.823273054396506,-0.15324737272396569,0.31405751252981234,0.1940511486094608,,,,,,,23.469,
1763049916.579744,480,107;108;200;201,69.803;43.683;74.931;73.417,-0.22410813617659997,-0.5611982658950389,-2.815624356220377,-0.15899375485017256,0.32360594573936874,0.19014337550711008,,,,,,,24.016,
1763049916.680062,481,107;108;200;201,68.338;50.326;81.536;74.178,-0.22927023803671714,-0.5771992816556677,-2.8239821583032083,-0.16452874677736645,0.32827023938490046,0.18737808504261594,,,,,,,24.610,
1763049916.773781,482,107;108;200;201,68.338;50.326;81.536;74.178,-0.22927023803671714,-0.5771992816556677,-2.8239821583032083,-0.16452874677736645,0.32827023938490046,0.18737808504261594,,,,,,,24.610,
1763049916.873928,483,107;108;200;201,67.274;48.332;83.328;74.069,-0.2310501698188706,-0.5871298608995863,-2.8275502727895687,-0.16724660114833967,0.32908008294934343,0.18597382916961483,,,,,,,24.968,
1763049916.976705,484,107;108;200;201,73.127;46.483;80.280;72.981,-0.11690479495301055,-0.6108214001835414,-2.7484729608547736,-0.15878173923382177,0.3298141422111914,0.18191960362211276,,,,,,,25.161,
1763049917.071640,485,107;108;200;202,71.315;45.723;78.142;43.900,-0.08312438859084881,-0.7107861125482009,-2.8507950579205494,-0.11759012851380649,0.30477690697966286,0.16927436291049522,,,,,,,28.036,
1763049917.171969,486,107;108;200;201,70.153;45.336;81.866;68.894,-0.1330672688639944,-0.6858435953641896,-2.847367034409399,-0.13193259991960585,0.31294730033631235,0.16962149798491782,,,,,,,27.417,
1763049917.272259,487,107;108;200;201;202,70.281;49.092;82.732;71.848;42.489,-0.11295639657607884,-0.6275136210398217,-2.8444360705222165,-0.1286154776112129,0.3016287729212233,0.18175663987909393,,,,,,,25.104,
1763049917.371124,488,107;108;200;201;202,67.654;50.094;80.237;67.319;43.677,-0.09424105015990832,-0.5937687622362774,-2.847016554269008,-0.12609035879041583,0.2934911317898695,0.18956184657050282,,,,,,,23.685,
1763049917.468185,489,107;108;200;201,66.121;47.491;84.676;76.525,-0.1351508530073222,-0.5938656265410194,-2.843234083773627,-0.14055528464907405,0.30322011052599895,0.18754980815734026,,,,,,,24.014,
1763049917.568268,490,107;108;200;201,71.986;47.823;83.479;73.861,-0.16943190648023132,-0.600008952483874,-2.839678120772909,-0.14941080637940068,0.3130195142345245,0.18436713550963788,,,,,,,24.594,
1763049917.665297,491,107;108;200;201,66.646;50.746;76.127;69.944,-0.19122202130763805,-0.6091369128087589,-2.842477392802178,-0.15853143146736048,0.3234810360309836,0.18194313659836894,,,,,,,25.151,
1763049917.765336,492,107;108;200;201,72.321;49.522;82.054;75.263,-0.20958863076971437,-0.6093270064240448,-2.838851741261781,-0.16320273236652721,0.32898348720988035,0.18092551910355154,,,,,,,25.404,
1763049917.864163,493,107;108;200;201,72.614;44.666;84.387;75.638,-0.2240959948700174,-0.6043162592051424,-2.8304935266416846,-0.1644647505239084,0.3296874171157004,0.18131451367435522,,,,,,,25.471,
1763049917.962876,494,107;108;200;201,73.464;48.935;82.656;71.392,-0.23210577619292302,-0.613383816977097,-2.832336705029841,-0.1657399142685829,0.3330099927289217,0.1793217959129135,,,,,,,25.892,
1763049918.060836,495,107;108;200;201,70.897;45.269;78.918;74.261,-0.24066309385198614,-0.6063863792217964,-2.825500413024863,-0.16735728905860778,0.3352802293212945,0.17955603668283576,,,,,,,25.810,
1763049918.161845,496,107;108;200;201,72.527;49.649;81.075;72.782,-0.24354411478935267,-0.6110708764199,-2.828009691189045,-0.168906544911942,0.3377340238351428,0.1785019860460702,,,,,,,26.001,
1763049918.259558,497,107;108;200;201,71.950;44.601;74.482;68.969,-0.25357767793000113,-0.6123723210375389,-2.824531403639485,-0.16908467070796632,0.34146298508422973,0.17734504279962218,,,,,,,26.218,
1763049918.360548,498,107;108;200;201,73.725;50.285;82.793;70.234,-0.2520110272355448,-0.6235331985285885,-2.831294633332168,-0.1692864016461367,0.3418497674558132,0.1759918660120525,,,,,,,26.542,
1763049918.457414,499,107;108;200;201,73.725;50.285;82.793;70.234,-0.2520110272355448,-0.6235331985285885,-2.831294633332168,-0.1692864016461367,0.3418497674558132,0.1759918660120525,,,,,,,26.542,
1763049918.558594,500,107;108;200;201,72.069;46.968;77.938;76.291,-0.25606951413323153,-0.6114440069524397,-2.824275258895553,-0.1709395857671182,0.34338646398910044,0.1773209623990983,,,,,,,26.224,
1763049918.660605,501,107;108;200;201;202,67.998;46.076;81.190;65.751;45.479,-0.34213961185921177,-0.5791848898824347,-2.8101474243736986,-0.16379446352300367,0.3225321079006776,0.1995350782414964,,,,,,,26.707,
1763049918.756596,502,107;108;200;201,67.758;50.617;83.423;70.755,-0.3094710120645236,-0.5962737048155443,-2.825999742884166,-0.16695376997441444,0.3257293589302071,0.19302478523432937,,,,,,,26.554,
1763049918.855160,503,107;108;200;201,71.105;50.305;79.424;73.180,-0.2932223123375167,-0.6034548034992849,-2.8283847122635826,-0.16971838287908847,0.332110290490604,0.1883181580875324,,,,,,,26.502,
1763049918.952716,504,107;108;200;201,71.105;50.305;79.424;73.180,-0.2932223123375167,-0.6034548034992849,-2.8283847122635826,-0.16971838287908847,0.332110290490604,0.1883181580875324,,,,,,,26.502,
1763049919.086859,505,107;108;200;201,69.642;49.032;86.046;75.065,-0.2761712766077259,-0.6064851309251224,-2.8321599077618043,-0.17060636436447404,0.33141322124155614,0.18639099193031416,,,,,,,26.300,
1763049919.187942,506,107;108;200;201;202,70.945;49.401;80.867;73.608;45.767,-0.2117992793039632,-0.5679678052438971,-2.832125459601313,-0.15518760922853644,0.31416296811738653,0.192745512805762,,,,,,,23.978,
1763049919.282285,507,107;108;200;201,69.921;47.786;85.902;76.475,-0.22007912690272838,-0.5781044808398794,-2.830817612216231,-0.16007520727851424,0.31852916270935056,0.18979202551380067,,,,,,,24.467,
1763049919.382157,508,107;108;200;201,69.091;50.814;75.349;70.697,-0.23179758012238472,-0.5952254933179255,-2.8341675233902452,-0.16590083656518473,0.32900423835415704,0.18571594042300818,,,,,,,25.222,
1763049919.478800,509,107;108;200;201,73.110;45.845;79.520;76.849,-0.2417222053372222,-0.5921575130024153,-2.824460053506922,-0.16779724267516485,0.33331711290966,0.18423018956264883,,,,,,,25.323,
1763049919.580207,510,107;108;200;201,73.110;45.845;79.520;76.849,-0.2417222053372222,-0.5921575130024153,-2.824460053506922,-0.16779724267516485,0.33331711290966,0.18423018956264883,,,,,,,25.323,
1763049919.682315,511,107;108;200;201,70.917;47.676;81.069;68.680,-0.24370905290929523,-0.6067593465528138,-2.8302958291304234,-0.16808960607578488,0.33495684051443914,0.18136080936788376,,,,,,,25.832,
1763049919.780049,512,107;108;200;201,71.533;50.824;85.031;71.502,-0.24235555226816863,-0.6169448704124026,-2.837431838790364,-0.16889912014670866,0.335378178827804,0.17983521376597006,,,,,,,26.124,
1763049919.877225,513,107;108;200;201,72.339;49.812;80.463;76.308,-0.2458009439001701,-0.612236995769747,-2.8334030846910916,-0.1709496094753685,0.3389202412155224,0.1796272419759331,,,,,,,26.035,
1763049919.976579,514,107;108;200;201;202,69.525;49.167;82.430;71.836;49.864,-0.1837590011766208,-0.5712978111112135,-2.834307160084824,-0.15401119419843112,0.31624922631149655,0.18865964938580448,,,,,,,23.729,
1763049920.075879,515,107;108;200;201;202,69.525;49.167;82.430;71.836;49.864,-0.1837590011766208,-0.5712978111112135,-2.834307160084824,-0.15401119419843112,0.31624922631149655,0.18865964938580448,,,,,,,23.729,
1763049920.177339,516,107;108;200;201;202,72.107;47.927;82.255;71.510;46.719,-0.14609667144318994,-0.5445280162964187,-2.8320352007633156,-0.14187178990435123,0.3029965256869822,0.19466203039670263,,,,,,,22.334,
1763049920.275828,517,107;108;200;201,73.355;49.657;76.724;72.747,-0.18142100729851485,-0.5672322074630287,-2.8301855934238653,-0.15187187754108922,0.3182704126320391,0.18841416867605906,,,,,,,23.579,
1763049920.372603,518,107;108;200;201,70.331;48.236;75.350;72.467,-0.20539766724753042,-0.579250936940609,-2.827816138148664,-0.15933660083777754,0.3282384764082405,0.18499187978879172,,,,,,,24.333,
1763049920.470536,519,107;108;200;201,71.077;48.195;83.073;70.476,-0.21845868920280542,-0.596072035623019,-2.832716047560051,-0.16227892481192427,0.3304902781280274,0.18246522181950453,,,,,,,25.081,
1763049920.570078,520,107;108;200;201,68.422;48.913;78.184;77.136,-0.2276340051424179,-0.5923575636490865,-2.827885327325792,-0.16746560077401482,0.33436515431586905,0.18256221543035905,,,,,,,25.106,
1763049920.672761,521,107;108;200;201,72.147;49.063;85.144;74.328,-0.23278450362456923,-0.6011156760886651,-2.8309803476236737,-0.16868609857041747,0.334790879884907,0.181983308935894,,,,,,,25.470,
1763049920.768648,522,107;108;200;201,70.405;48.112;83.293;70.972,-0.2354317248268099,-0.6100782581131814,-2.8346406198481064,-0.16899254119889467,0.3347533056603378,0.18060318975328446,,,,,,,25.802,
1763049920.866396,523,107;108;200;201,70.576;46.695;83.191;72.231,-0.23935012905459557,-0.6117961352356307,-2.833163215646156,-0.16898143021132345,0.3343383185339822,0.18020587321500903,,,,,,,25.929,
1763049920.966848,524,107;108;200;201,70.993;49.713;76.201;71.164,-0.24589780105562237,-0.6157297860679799,-2.83347821949003,-0.1712605560745386,0.3400063919605399,0.17874745950791557,,,,,,,26.160,
1763049921.065407,525,107;108;200;201,70.182;45.810;80.491;76.855,-0.24844619838287943,-0.6048511939537103,-2.8260067906753883,-0.17176132277802533,0.33881263757485447,0.18009064893850854,,,,,,,25.864,
1763049921.165652,526,107;108;200;201;202,69.071;46.423;81.951;71.997;48.373,-0.18721943555812884,-0.5631781109151646,-2.8255411799096706,-0.15407711687378745,0.31583688952807226,0.18926568842642852,,,,,,,23.530,
1763049921.263346,527,107;108;200;201,70.332;46.770;81.523;74.491,-0.20627362780847983,-0.5758723539549112,-2.8238590710820937,-0.1595446479727451,0.32228403523120264,0.1867512068969556,,,,,,,24.248,
1763049921.395949,528,107;108;200;201;202,67.985;44.822;84.933;76.282;49.723,-0.1566876424523624,-0.5357049245041743,-2.8193157954684493,-0.14530287562919617,0.3022963519037538,0.19580354563421387,,,,,,,22.194,
1763049921.494154,529,107;108;200;201,68.800;47.840;86.633;78.395,-0.1801762036151007,-0.5515003680268552,-2.8213848992745705,-0.1537547422629147,0.3090945533049724,0.19215874258799992,,,,,,,23.040,
1763049921.594761,530,107;108;200;201;202,70.917;47.847;83.889;78.428;49.464,-0.14127281847207696,-0.5196151256093964,-2.8177362348691677,-0.14221360322704138,0.2960209759511017,0.1986087029584615,,,,,,,21.434,
1763049921.693783,531,107;108;200;201;202,66.891;46.668;82.692;72.372;47.129,-0.111878713022299,-0.502963115702703,-2.820063708372843,-0.13385180942542874,0.2855145312176073,0.20279460503653535,,,,,,,20.511,
1763049921.793322,532,107;108;200;201;202,70.077;47.754;83.670;78.643;54.295,-0.08833731006874418,-0.4792914455830807,-2.814789256217625,-0.1267509276385341,0.277525440389388,0.2071774049423283,,,,,,,19.445,
1763049921.893848,533,107;108;200;201;202,72.056;47.264;84.237;77.467;41.587,-0.08626661494257004,-0.4767519946892224,-2.8127362040376296,-0.12543964910853728,0.2773104741575796,0.20753438431053825,,,,,,,19.343,
1763049921.990941,534,107;108;200;201;202,64.843;47.704;78.388;75.612;52.808,-0.06853694315345005,-0.46350203515712085,-2.810956553888282,-0.1222616547412946,0.27258054263626386,0.21122287507543952,,,,,,,18.724,
1763049922.088095,535,107;108;200;201;202,71.219;46.164;82.888;77.310;46.974,-0.0665682862799884,-0.45788343679849997,-2.807534847346847,-0.12021988345649993,0.2715061684547527,0.21168807644774537,,,,,,,18.510,
1763049922.189994,536,107;108;200;201;202,72.011;49.613;87.437;75.900;49.392,-0.06135423660071902,-0.46246228393259786,-2.8130224693560395,-0.11836364943992625,0.2694907703625047,0.21173102354139953,,,,,,,18.633,
1763049922.288961,537,107;108;200;201;202,70.685;46.468;84.660;72.366;47.336,-0.057666744824357304,-0.4645317229413059,-2.8152035337623764,-0.11618676866834013,0.26735645615853276,0.21154173314005115,,,,,,,18.684,
1763049922.384719,538,107;108;200;201,72.713;43.220;84.276;77.808,-0.11651567914275479,-0.49740710183888714,-2.810797374487806,-0.13114607255020436,0.286029509840707,0.20205599445081837,,,,,,,20.392,
1763049922.484596,539,107;108;200;201,71.813;49.319;86.998;79.056,-0.1540975889812496,-0.5270310104172207,-2.8149577116996016,-0.1436765426844402,0.2993100839045803,0.19626125824311058,,,,,,,21.867,
1763049922.585049,540,107;108;200;201,67.289;49.145;88.537;74.803,-0.17503223965345135,-0.5540803674309451,-2.8259309094441702,-0.1522290744320554,0.3056890719660919,0.1920779089612746,,,,,,,23.045,
1763049922.685318,541,107;108;200;201;202,70.332;49.033;79.488;76.959;47.771,-0.28589929335863706,-0.5243801459700084,-2.8040320692844927,-0.15313672097933415,0.29880438415232613,0.2085262013122145,,,,,,,23.819,
1763049922.817062,542,107;108;200;201,69.493;48.249;85.502;72.704,-0.2718634799927916,-0.5542365492579563,-2.815805013853381,-0.15867830602751,0.30784190732721656,0.2003314645811469,,,,,,,24.521,
1763049922.910884,543,107;108;200;201,70.774;48.058;85.204;72.019,-0.2620658797216819,-0.5752804207286254,-2.8237859106988474,-0.16148379633260687,0.3143190527003975,0.19339969988538006,,,,,,,25.041,
1763049923.015731,544,107;108;200;201;202,72.513;48.639;86.718;72.548;48.428,-0.19831521931765111,-0.5489585769624175,-2.8273370658989525,-0.14661722073084474,0.29946537751815366,0.19702328726904328,,,,,,,23.137,
1763049923.114110,545,107;108;200;201;202,72.513;48.639;86.718;72.548;48.428,-0.19831521931765111,-0.5489585769624175,-2.8273370658989525,-0.14661722073084474,0.29946537751815366,0.19702328726904328,,,,,,,23.137,
1763049923.212316,546,107;108;200;201,72.030;51.243;90.244;73.415,-0.20787269385208904,-0.5776618568605032,-2.836454280371049,-0.15351425589162318,0.3076284936000927,0.1914552993161007,,,,,,,24.248,
1763049923.314814,547,107;108;110;200;201;202,70.570;50.283;14.817;91.215;75.923;47.502,-0.17079318404725702,-0.5483258887026172,-2.8249243274307463,-0.13871875512085913,0.29760264507278084,0.19162602315928853,,,,,,,22.788,
1763049923.409334,548,107;108;200;201,68.644;48.151;85.829;73.055,-0.18824757609944986,-0.5690036138015302,-2.8305689191479297,-0.14833970746821312,0.30614292544068417,0.18816314373031368,,,,,,,23.723,
1763049923.509713,549,107;108;200;201;202,69.505;46.378;86.957;74.013;47.396,-0.14590685667527933,-0.5373941367751143,-2.828328135619815,-0.13760270213373038,0.2915335434560477,0.19541143490326848,,,,,,,22.087,
1763049923.610212,550,107;108;200;201;202,72.285;50.504;86.457;77.245;44.425,-0.12123904856729636,-0.5192006666004365,-2.826790089695464,-0.13250803248161808,0.28596253169074337,0.1991070479353826,,,,,,,21.173,
1763049923.741347,551,107;108;200;201;202,74.305;48.216;85.746;76.502;48.829,-0.24791989226749675,-0.5061982898421903,-2.8076207485281395,-0.13732881297769892,0.28281625349686473,0.21095936711715946,,,,,,,22.482,
1763049923.838634,552,107;108;200;201;202,67.743;48.401;88.737;75.583;50.099,-0.18384102553840978,-0.4931036014698887,-2.8150521911805724,-0.1296835479803751,0.2739183412921674,0.21145954491835936,,,,,,,20.972,
1763049923.937683,553,107;108;200;201,68.410;47.131;82.225;76.069,-0.20181572201301803,-0.5231945778377004,-2.817682091403648,-0.14312758784463914,0.2915258906238859,0.20366035954546646,,,,,,,22.306,
1763049924.035824,554,107;108;200;201,71.788;50.916;89.949;76.384,-0.21183009729981853,-0.5533866010814523,-2.826228644674266,-0.15149197327872038,0.3020291763953165,0.19696065787171793,,,,,,,23.489,
1763049924.136014,555,107;108;200;201;202,72.341;44.808;82.836;73.852;43.220,-0.16904744259501175,-0.5268862350996594,-2.821050533744567,-0.14053888974606993,0.29242827075919303,0.19975608787884278,,,,,,,21.995,
1763049924.234778,556,107;108;200;201,68.914;49.717;87.857;73.011,-0.18592383574157154,-0.5590689886187725,-2.8321186934095706,-0.15008420760305494,0.30240417076474635,0.19401445082951674,,,,,,,23.319,
1763049924.330457,557,107;108;200;201,68.914;49.717;87.857;73.011,-0.18592383574157154,-0.5590689886187725,-2.8321186934095706,-0.15008420760305494,0.30240417076474635,0.19401445082951674,,,,,,,23.319,
1763049924.431032,558,107;108;200;201,69.869;49.352;82.370;71.504,-0.20310369956660448,-0.5792868403534887,-2.835602839079586,-0.15665678030244004,0.31247559973084693,0.18915981274339866,,,,,,,24.251,
1763049924.532927,559,107;108;200;201;202,73.003;49.091;85.454;74.607;56.438,-0.15163863695875882,-0.5432330516112495,-2.8315225393357517,-0.1418506660179663,0.29635166768710186,0.19632872574711807,,,,,,,22.346,
1763049924.631536,560,107;108;110;200;201,70.804;42.331;13.066;92.024;72.864,-0.18785511999208224,-0.563058192802192,-2.817896315221559,-0.14230675378076968,0.30481529068940333,0.1870658761334748,,,,,,,23.584,
1763049924.729641,561,107;108;200;201;202,70.740;49.804;85.212;77.834;41.824,-0.1528631118108258,-0.5361413488427659,-2.818569155637754,-0.13679815615098728,0.29571697151810966,0.1938141985738828,,,,,,,22.173,
1763049924.828713,562,107;108;200;201;202,72.928;50.452;81.701;73.760;43.844,-0.12859848384654057,-0.5201930386591641,-2.820123146503423,-0.13176036160178836,0.2912821237266305,0.1973236612442303,,,,,,,21.318,
1763049924.930245,563,107;108;200;201,70.787;48.399;84.354;75.063,-0.16233879246907915,-0.546710302827451,-2.8243090177662884,-0.14396581693954585,0.30383491052918427,0.19197398284662287,,,,,,,22.636,
1763049925.025599,564,107;108;200;201,70.316;47.501;83.260;70.291,-0.18639122377216286,-0.5728588367997852,-2.8287447892274327,-0.15142632038638734,0.3123870726486102,0.18733902730977103,,,,,,,23.855,
1763049925.129669,565,107;108;200;201;202,71.315;49.983;90.920;78.242;47.755,-0.14366021086203765,-0.5424980191298486,-2.829613222577342,-0.14117153972168028,0.29702344836534134,0.19477935630781423,,,,,,,22.249,
1763049925.229349,566,107;108;200;201,70.145;48.576;87.900;77.675,-0.17109200146418116,-0.5591780959128404,-2.83012361578638,-0.15034218680350803,0.3056547978813983,0.1911382925751394,,,,,,,23.161,
1763049925.328787,567,107;108;200;201,67.928;48.792;84.228;71.718,-0.18963359073708116,-0.5804078759330599,-2.836986309421261,-0.1570431431046898,0.3127140804959708,0.18756085852710244,,,,,,,24.116,
1763049925.426884,568,107;108;200;201,67.713;48.998;89.987;74.530,-0.19940615669853956,-0.5947270516153653,-2.842420050029659,-0.16119485444573994,0.3150887902797629,0.18648701829522848,,,,,,,24.721,
1763049925.527063,569,107;108;200;201;202,72.192;51.116;83.182;76.592;46.609,-0.1581987452218848,-0.5584684118778086,-2.837520646826716,-0.14920513435160593,0.3030306672444148,0.1930971208063306,,,,,,,22.946,
1763049925.626342,570,107;108;200;201;202,71.115;43.162;85.258;75.590;46.309,-0.12798334650652882,-0.524970339876199,-2.826702796169301,-0.13792296220211323,0.2906498426460807,0.19916753372051327,,,,,,,21.454,
1763049925.723908,571,107;108;200;201,70.936;45.387;75.641;68.809,-0.16929283581160848,-0.5519065211733235,-2.8260834356216535,-0.14771343496374578,0.30730922496729945,0.19168971121598916,,,,,,,22.897,
1763049925.823042,572,107;108;200;201,71.683;50.019;82.854;68.905,-0.19150186389822393,-0.5813829041497817,-2.834934629489373,-0.15440219640200048,0.3162839766562928,0.1861982990268572,,,,,,,24.188,
1763049925.920479,573,107;108;200;201;202,68.145;49.445;86.988;74.348;52.021,-0.14305242517940103,-0.5459270347245523,-2.835360021203665,-0.14178354736785562,0.29785579618055985,0.1947664586380991,,,,,,,22.336,
1763049926.049917,574,107;108;200;201,69.930;48.159;88.758;72.115,-0.1696965453889789,-0.5721043288288256,-2.839842656457263,-0.14940934090788247,0.3050967831618513,0.18996686817506991,,,,,,,23.561,
1763049926.147971,575,107;108;200;201,72.877;47.896;87.840;71.212,-0.192691256612555,-0.591892763886518,-2.842126460314681,-0.1540341313470269,0.3119244127856239,0.18579473249656256,,,,,,,24.538,
1763049926.247935,576,107;108;200;201,67.684;50.286;81.045;79.631,-0.20834076594692683,-0.5884864965169588,-2.8364633321973676,-0.16212268909387284,0.3204322605774219,0.18546231461952575,,,,,,,24.647,
1763049926.347332,577,107;108;200;201;202,73.352;48.350;86.540;71.130;47.764,-0.16243797453701528,-0.5592404609294382,-2.83618326730373,-0.14673971656774937,0.3039332197458914,0.19160923657358622,,,,,,,23.028,
1763049926.446242,578,107;108;200;201,70.293;46.891;81.766;76.765,-0.1883857723753508,-0.5666263679700176,-2.829943930171645,-0.15449785785827383,0.31347038318438625,0.18849008178933332,,,,,,,23.642,
1763049926.544320,579,107;108;200;201,72.147;47.055;82.043;76.041,-0.20670734328637586,-0.5750869548248058,-2.825754281900575,-0.15962958037085104,0.32104971114917663,0.18575399629002481,,,,,,,24.212,
1763049926.645150,580,107;108;200;201;202,72.282;48.938;85.552;74.029;52.228,-0.15537659700213416,-0.543076966800886,-2.8256893945234483,-0.14493294878218888,0.3034624796112014,0.19283219981196117,,,,,,,22.416,
1763049926.741482,581,107;108;200;201,71.344;50.508;81.189;79.010,-0.18421257373511643,-0.5555765717243782,-2.824281971182663,-0.15486655141087105,0.31478878852190073,0.1888315542431833,,,,,,,23.221,
1763049926.842740,582,107;108;200;201;202,70.292;49.306;82.454;75.796;43.709,-0.1490363785870472,-0.5296386333874813,-2.8235080804582013,-0.1447444214556506,0.30311962149595356,0.19512516439682331,,,,,,,21.858,
1763049926.939026,583,107;108;200;202,71.490;49.971;85.060;45.302,-0.09951692515664351,-0.656406960544806,-2.912341798949434,-0.11147213182146126,0.2827367175341079,0.17772060501173348,,,,,,,25.606,
1763049927.041502,584,107;108;200;201;202,70.394;49.913;85.074;78.120;44.420,-0.08810072456504378,-0.5992304274568974,-2.885643367813386,-0.11455420190762695,0.28009641091283055,0.18753725389688822,,,,,,,23.596,
1763049927.140684,585,107;108;200;201;202,68.881;47.581;83.232;71.236;50.686,-0.071946737658337,-0.5594389808462844,-2.8684280463000893,-0.113510788942226,0.27424491459335043,0.19497232973585035,,,,,,,22.115,
1763049927.239174,586,107;108;200;201;202,70.496;48.117;84.040;74.766;42.533,-0.07170319043512324,-0.5356877757839699,-2.8544963900422093,-0.11563920275279967,0.27410512353913624,0.19953064084397956,,,,,,,21.291,
1763049927.338692,587,107;108;110;200;201,71.376;47.934;16.751;84.208;78.214,-0.13710685154850744,-0.5497852411862322,-2.8291108122008937,-0.12558240281567887,0.2977161922124126,0.18675780461224067,,,,,,,22.463,
1763049927.437647,588,107;108;200;201;202,68.901;46.916;84.308;75.525;52.907,-0.10613059974967715,-0.5162006144516105,-2.8253831421634277,-0.1204386771563518,0.28576234463618544,0.19606958629664822,,,,,,,20.940,
1763049927.535383,589,107;108;200;201,63.822;49.517;83.510;74.594,-0.14128598055169134,-0.544398430096107,-2.832646206939321,-0.13827670126593375,0.2979542752651936,0.19239006134304948,,,,,,,22.278,
1763049927.636841,590,107;108;200;201;202,72.504;45.940;87.148;73.878;44.875,-0.1175426126020716,-0.5243489768197682,-2.827971896911063,-0.13073189630026655,0.2880339235250016,0.19732506139913078,,,,,,,21.330,
1763049927.731147,591,107;108;200;201,72.398;50.104;82.705;71.525,-0.15665416648657912,-0.5576257940232334,-2.834160302213789,-0.14303064631806256,0.3034871279354456,0.19024188654256005,,,,,,,22.920,
1763049927.832334,592,107;108;200;201,73.835;48.571;84.944;77.098,-0.18441352237575337,-0.5709531044714261,-2.8310611540954467,-0.15123852591445885,0.31344903491502146,0.18669682600465257,,,,,,,23.746,
1763049927.930207,593,107;108;200;201,72.064;49.030;79.594;74.379,-0.2057626433114931,-0.5826969091929877,-2.829661015179152,-0.15819998936247087,0.32319451347860717,0.1833921329638297,,,,,,,24.451,
1763049928.031521,594,107;108;200;201;202,71.818;52.188;81.139;74.973;50.048,-0.15814744436764994,-0.5505263522589068,-2.8293073862968416,-0.14640639540821412,0.308702436303147,0.19090860738622858,,,,,,,22.702,
1763049928.128097,595,107;108;200;201;202,73.317;47.730;90.564;73.300;49.592,-0.12467412257776272,-0.5306852201875517,-2.829838608321316,-0.1348676327955236,0.2935428033873945,0.19678559036220605,,,,,,,21.622,
1763049928.229793,596,107;108;200;201;202,68.239;48.052;85.226;77.848;46.832,-0.10247690838969009,-0.5068588712448716,-2.825876593718788,-0.1299247009063348,0.2846619584243739,0.2022770128378303,,,,,,,20.551,
1763049928.327184,597,107;108;200;201;202,70.747;49.105;80.812;74.612;47.747,-0.088274635470454,-0.4934122907915487,-2.8228275574017734,-0.12620089698482548,0.2810348023070354,0.20467496816185943,,,,,,,19.947,
1763049928.426374,598,107;108;200;201;202,71.483;44.270;81.932;75.791;48.648,-0.22869627704813447,-0.4813430906486212,-2.7996415056683586,-0.13219156891269218,0.27813696117291586,0.2149386105710411,,,,,,,21.323,
1763049928.525160,599,107;108;200;201;202,73.641;48.797;86.825;73.348;42.999,-0.1830336781934927,-0.48664638032218627,-2.8095217799248364,-0.12812776304334586,0.27672606184156806,0.21161882667349843,,,,,,,20.755,
1763049928.625123,600,107;108;200;201;202,71.213;49.504;82.097;81.635;51.398,-0.2923222987347574,-0.47089164346917894,-2.7885567573948764,-0.1352297422697385,0.276187865888652,0.22165580185354927,,,,,,,22.230,
1763049928.720492,601,107;108;200;201,68.708;48.376;80.229;80.318,-0.27856978683506367,-0.49948276796722557,-2.7945612058848983,-0.1489858826001535,0.29525660720858016,0.21189623015271536,,,,,,,22.887,
1763049928.820787,602,107;108;200;201;202,70.431;47.278;84.866;80.421;48.641,-0.21033257383618292,-0.47980166505498467,-2.798090129741224,-0.1394267251764991,0.2857233334302264,0.2112130052375219,,,,,,,20.976,
1763049928.919173,603,107;108;200;201;202,71.376;47.927;84.789;72.547;48.378,-0.16198158595321396,-0.47939130065678653,-2.806361030404487,-0.13130925022354145,0.2796801095287107,0.20992714007140298,,,,,,,20.226,
1763049929.018506,604,107;108;200;201,72.581;45.475;83.862;66.221,-0.18870515022732753,-0.5316092290915445,-2.820092898368056,-0.1410708642912805,0.2951084321602203,0.19930307787624252,,,,,,,22.422,
1763049929.119673,605,107;108;200;201;202,69.084;49.502;83.030;80.798;50.286,-0.1449613201905451,-0.5024903041673541,-2.817074684504628,-0.13438289888188334,0.2864041640744767,0.20369230924412937,,,,,,,20.831,
1763049929.215105,606,107;108;200;201;202,69.084;49.502;83.030;80.798;50.286,-0.1449613201905451,-0.5024903041673541,-2.817074684504628,-0.13438289888188334,0.2864041640744767,0.20369230924412937,,,,,,,20.831,
1763049929.313477,607,107;108;200;201,70.702;44.680;89.731;75.175,-0.17159747015055493,-0.5312681572828309,-2.820584495158938,-0.14325144210135865,0.29565739806611335,0.19741886354129531,,,,,,,22.192,
1763049929.415056,608,107;108;200;201;202,71.409;44.327;85.540;75.476;48.068,-0.13580688886007206,-0.5045928605263689,-2.8156888389167016,-0.13297804831169696,0.28463270747550096,0.20170201373933266,,,,,,,20.822,
1763049929.514717,609,107;108;200;201;202,72.825;48.247;87.086;80.009;46.719,-0.25215280171150545,-0.4910571102644834,-2.7986803920417045,-0.13825005071637558,0.2809566191422818,0.21296340550947407,,,,,,,22.080,
1763049929.611346,610,107;108;200;201,68.677;50.712;85.359;79.561,-0.2478178989298504,-0.5208415067849589,-2.808295204599821,-0.15065483906136462,0.2961694669855134,0.20512025247791948,,,,,,,22.991,
1763049929.712867,611,107;108;200;201;202,69.455;47.944;82.649;73.472;49.728,-0.18649424412530166,-0.503499717873491,-2.8125343405618253,-0.13915949670526567,0.2861548472022786,0.20600641845272508,,,,,,,21.405,
1763049929.813058,612,107;108;200;201;202,71.991;47.359;83.544;77.147;42.852,-0.1521043480842414,-0.49159499873517454,-2.810650061192157,-0.13334262104872918,0.2825296750932305,0.20629278106445456,,,,,,,20.539,
1763049929.911348,613,107;108;200;201;202,73.098;46.776;94.007;76.373;49.925,-0.11969460047821806,-0.4850843177364043,-2.814731457428593,-0.12580737351926993,0.27352905125420274,0.20806374665957988,,,,,,,19.928,
1763049930.009404,614,107;108;200;201,69.803;46.375;89.008;81.514,-0.15394819496353715,-0.5104767909799556,-2.8138184582822716,-0.1395069730720543,0.28767825242002765,0.20166655521283414,,,,,,,21.250,
1763049930.109357,615,107;108;200;201,68.073;48.250;86.896;77.325,-0.1768497073708124,-0.5357998051730888,-2.8197693987419856,-0.14987890024298042,0.2985712479992916,0.19630917291483518,,,,,,,22.428,
1763049930.207938,616,107;108;200;201;202,72.193;49.614;93.533;77.084;49.524,-0.13578496110087554,-0.5172742048169628,-2.8237719955568243,-0.13851559582606232,0.28555607916950637,0.20038866885946366,,,,,,,21.255,
1763049930.309386,617,107;108;200;201,68.924;50.694;82.989;78.298,-0.16566816091132638,-0.5398593871997366,-2.826756509560186,-0.1504779397153859,0.3005212372708322,0.19464527827433262,,,,,,,22.403,
1763049930.406361,618,107;108;200;201;202,71.930;49.039;88.308;72.450;49.239,-0.1288530792646933,-0.5238186877040439,-2.828968571435544,-0.13858247910238022,0.28843351194220546,0.19875879532717589,,,,,,,21.405,
1763049930.506231,619,107;108;200;201;202,72.856;49.442;83.503;78.614;47.887,-0.10983578828193542,-0.5037125366992071,-2.8225201807746645,-0.1323580862654567,0.2834855854750194,0.2024992430330886,,,,,,,20.509,
1763049930.604569,620,107;108;200;201;202,73.176;49.330;83.962;77.401;46.377,-0.09774491380321068,-0.4932467444973944,-2.819811142281213,-0.1282659523160048,0.2807155156772785,0.20465023677635572,,,,,,,20.026,
1763049930.839383,621,107;108;200;201,71.453;48.521;91.094;77.867,-0.13830928337384935,-0.5268831601714841,-2.82558692653139,-0.14037696002701475,0.29241430667681,0.197790011787003,,,,,,,21.632,
1763049930.936136,622,107;108;200;201;202,69.673;50.106;83.407;73.117;49.199,-0.10992604688185503,-0.5111643479698548,-2.827538602916741,-0.13261513396100985,0.2845419761967406,0.20145198028492392,,,,,,,20.766,
1763049931.034140,623,107;108;200;201,70.549;47.822;87.890;75.795,-0.146256589652104,-0.5407351999039334,-2.8308138330741537,-0.1438225462801679,0.2967006509348387,0.1951106806091663,,,,,,,22.201,
1763049931.130849,624,107;108;110;200;201,68.423;48.445;13.282;88.819;79.903,-0.18190598536512645,-0.5526585106972343,-2.8174279451932946,-0.14792473445271256,0.3084132964672498,0.18669466320210645,,,,,,,23.129,
1763049931.234087,625,107;108;200;201;202,73.003;50.242;81.785;78.435;43.571,-0.15066452971630154,-0.5266049513585517,-2.8155249471426522,-0.1406989987504279,0.3003632034775795,0.1929440475399629,,,,,,,21.810,
1763049931.330285,626,107;108;200;201;202,71.434;46.862;86.947;72.888;50.339,-0.1178833449572381,-0.5101015233998283,-2.8179280546397116,-0.13089596583015708,0.28801491987092936,0.1982973086506628,,,,,,,20.849,
1763049931.427469,627,107;108;200;201,73.972;44.829;85.435;80.205,-0.1588577507096003,-0.5267403665220047,-2.8116244594397912,-0.14174878016544135,0.30050176434224574,0.1930778722360886,,,,,,,21.929,
1763049931.527634,628,107;108;200;201;202,71.398;45.836;87.241;73.365;47.288,-0.12651054039232362,-0.5089537006207274,-2.813502319827279,-0.1321165111419576,0.2880687140069176,0.19796054067044258,,,,,,,20.909,
1763049931.625536,629,107;108;200;201,71.537;50.144;86.352;78.116,-0.16112717083636668,-0.5361485413056897,-2.81960635932014,-0.14470063292328741,0.3008346391016249,0.19262065882612536,,,,,,,22.258,
1763049931.723493,630,107;108;200;201,73.410;49.072;89.064;81.274,-0.18702775547258196,-0.5503498177005918,-2.8193475814471554,-0.152803352556845,0.3090443228969937,0.18964117170803027,,,,,,,23.095,
1763049931.825681,631,107;108;110;200;201,68.213;45.446;14.346;85.249;79.029,-0.21388942024988342,-0.556285330272586,-2.802300316519669,-0.1534510075033827,0.3183304444466766,0.182890927602219,,,,,,,23.781,
1763049931.924966,632,107;108;200;201;202,68.790;47.953;88.325;81.183;48.081,-0.16358475564590594,-0.5213019132893489,-2.8041770333968192,-0.14267566476457647,0.3004518896850466,0.1926364625349722,,,,,,,21.825,
1763049932.025062,633,107;108;200;201;202,72.670;50.374;89.537;78.852;51.543,-0.12716613131760146,-0.5033256251564309,-2.8099479434936168,-0.1338820640102724,0.28919481336791986,0.1983120591470812,,,,,,,20.722,
1763049932.118402,634,107;108;200;201,66.948;52.344;82.887;80.260,-0.15935552291029598,-0.5282833686856888,-2.817247890615268,-0.14864553694782243,0.302771630325786,0.1938423767199171,,,,,,,21.958,
1763049932.221344,635,107;108;200;201;202,68.400;44.309;85.544;78.178;50.524,-0.12209243894515241,-0.4976338046999806,-2.8120510348627863,-0.13727401227864755,0.28804057303472264,0.20064538899597614,,,,,,,20.444,
1763049932.318189,636,107;108;200;201,70.854;47.955;91.452;80.636,-0.15582853109556075,-0.5240816779049726,-2.815776606427178,-0.1473378380573085,0.29732643884113985,0.1959981752582461,,,,,,,21.770,
1763049932.416866,637,107;108;200;201,71.393;48.507;88.423;79.533,-0.1810391791088603,-0.5433803708062669,-2.8187053685423646,-0.15467468942111545,0.3061045163239143,0.1923172130823103,,,,,,,22.767,
1763049932.515492,638,107;108;200;201,67.968;48.380;82.605;75.878,-0.19872873493665932,-0.5599433043913112,-2.8209430780365277,-0.16102928905196462,0.3140617026977795,0.18932456871776995,,,,,,,23.587,
1763049932.618498,639,107;108;200;201;202,71.127;49.583;88.470;70.491;43.986,-0.15621773741595218,-0.5461581582859856,-2.8291085070185034,-0.14743439697072108,0.2999481335170879,0.19376542572897923,,,,,,,22.519,
1763049932.714971,640,107;108;200;201;202,72.247;46.932;85.012;77.796;52.015,-0.12262715755044142,-0.5136594315842642,-2.822205577370659,-0.13638133900142763,0.28812854876902727,0.1997531556308705,,,,,,,21.002,
1763049932.812747,641,107;108;200;201,71.005;51.786;83.236;78.703,-0.15973328495097713,-0.5396938410547465,-2.824666970132146,-0.1491585390774113,0.3035008760344665,0.19416273471197087,,,,,,,22.343,
1763049932.912479,642,107;108;200;201;202,72.090;48.932;91.248;70.877;50.182,-0.27244778014413057,-0.5289443359423687,-2.814420171773318,-0.14748071985846564,0.29106550785694535,0.20919815638493622,,,,,,,23.662,
1763049933.043334,643,107;108;200;201,68.793;49.419;89.507;78.985,-0.2587528832610733,-0.5489408863265973,-2.8200075766042,-0.15551853320311546,0.30039782561571715,0.2021934892544843,,,,,,,24.086,
1763049933.143301,644,107;108;200;201;202,70.457;46.899;86.151;82.860;47.790,-0.1974138786326215,-0.5117638925875142,-2.8136673296943777,-0.14401906508669893,0.2885228984649046,0.20513845733498523,,,,,,,21.852,
1763049933.240507,645,107;108;200;201,72.066;47.800;80.842;78.223,-0.21561440476202773,-0.5325725458710563,-2.8131000323968087,-0.15319172979958226,0.3039051194314846,0.19799411947122383,,,,,,,22.874,
1763049933.343257,646,107;108;200;201;202,69.753;46.484;83.936;80.586;51.597,-0.16289116385420593,-0.499296312141035,-2.807516334851914,-0.14152481108797688,0.2906973507104721,0.20320240377198087,,,,,,,20.974,
1763049933.441559,647,107;108;200;201,68.834;52.061;85.438;74.534,-0.18228764823201954,-0.5377721100062114,-2.8220889114594176,-0.15215609123143908,0.3029620842865051,0.19600885718546415,,,,,,,22.554,
1763049933.538734,648,107;108;200;201,71.911;46.010;87.385;73.965,-0.20064572738329212,-0.5601829382812048,-2.8249959555843405,-0.15634178530157633,0.30953412996097507,0.19118776070005405,,,,,,,23.594,
1763049933.637353,649,107;108;200;201,69.561;50.200;91.002;81.171,-0.20793330617406014,-0.5704698044199377,-2.8262404136664423,-0.16184301360853223,0.3135050808008357,0.1898297309427095,,,,,,,24.057,
1763049933.738203,650,107;108;200;201;202,71.238;49.850;87.200;78.381;44.150,-0.2987557896813148,-0.544329966201884,-2.808971374290352,-0.1597673740162434,0.30307417825578487,0.20654908557825943,,,,,,,24.708,
1763049933.869403,651,107;108;200;201;202,74.829;49.048;87.813;73.812;47.509,-0.22627598404050128,-0.5280795912467126,-2.816098706900427,-0.14581280405500585,0.29235772609465094,0.20501569448582135,,,,,,,22.853,
1763049933.970290,652,107;108;200;201,71.684;48.580;84.099;78.894,-0.23273233518537056,-0.545684715605171,-2.8170463937593206,-0.1542719966243415,0.30510156415998024,0.19837326524709897,,,,,,,23.576,
1763049934.066870,653,107;108;200;201,72.375;47.377;87.535;72.187,-0.23603648957676435,-0.5705759515846316,-2.82450648683978,-0.15769231642060524,0.3112738320993085,0.19231487647064033,,,,,,,24.467,
1763049934.169294,654,107;108;110;200;201;202,72.164;48.291;15.320;83.899;81.579;47.859,-0.1965425795405384,-0.5308678944124182,-2.8057409224623417,-0.1421524175797152,0.3029617141662542,0.19217317236751222,,,,,,,22.589,
1763049934.267436,655,107;108;200;201;202,69.599;48.815;88.839;78.311;54.685,-0.14448805581026172,-0.5036143116369377,-2.809567657969091,-0.13226159905671817,0.28761211780940427,0.1993919776999983,,,,,,,20.912,
1763049934.367759,656,107;108;200;201,71.573;50.619;89.395;78.651,-0.1693788385755795,-0.5341204391382648,-2.8192162988373974,-0.14456171517021035,0.2991537747640155,0.1940043373575811,,,,,,,22.280,
1763049934.464551,657,107;108;200;201,68.819;48.818;82.791;75.562,-0.19077164752127396,-0.5548611635388271,-2.8236650656466096,-0.1540110099799559,0.30968677816463364,0.1902362110920082,,,,,,,23.280,
1763049934.566147,658,107;108;200;201;202,67.991;46.559;84.618;75.996;48.358,-0.29436850594166464,-0.5245572328014981,-2.803268167181024,-0.15302164617654923,0.296884337143806,0.20855450147874732,,,,,,,23.990,
1763049934.664445,659,107;108;200;201,70.527;47.008;87.161;76.369,-0.27857216670538165,-0.5479153631430866,-2.8107905008703815,-0.15829992540309884,0.30546956593625946,0.20104163203212314,,,,,,,24.452,
1763049934.764743,660,107;108;200;201;202,70.328;49.628;90.873;80.684;52.676,-0.20439922064679278,-0.5167114221230007,-2.8150566381017277,-0.1449530347154002,0.28943670576088926,0.2039323982619939,,,,,,,22.123,
1763049934.860192,661,107;108;200;201,70.401;50.027;84.044;78.714,-0.21557175513122642,-0.5405679344685467,-2.818788771402268,-0.1546070605968227,0.3034174221010953,0.19745811276710198,,,,,,,23.126,
1763049934.963375,662,107;108;200;201;202,72.135;47.283;86.640;80.055;47.846,-0.3110986627474397,-0.5149796634187918,-2.797139636651328,-0.15274425333665775,0.2935688430291514,0.2126284541513701,,,,,,,24.036,
1763049935.061362,663,107;108;200;201,68.731;45.935;85.017;80.512,-0.28976625785267773,-0.5292204041348894,-2.800381097995085,-0.15921095848181716,0.3033050193570956,0.20552445868141156,,,,,,,24.081,
1763049935.162984,664,107;108;200;201;202,68.927;48.916;89.751;77.674;47.724,-0.21630928122443407,-0.511062032420407,-2.8103517148149724,-0.14628183841314477,0.28975317364215325,0.20629910781026187,,,,,,,22.124,
1763049935.264025,665,107;108;200;201;202,70.649;51.245;80.832;78.923;46.395,-0.16950363118340264,-0.49388319721572804,-2.8115615024286473,-0.13956345976283863,0.28611399314821756,0.20690393867686938,,,,,,,20.831,
1763049935.393931,666,107;108;200;201;202,71.006;49.011;86.192;80.829;49.110,-0.13527340567073182,-0.48042704559146826,-2.8100754221888056,-0.13334739290773756,0.27994106777795486,0.20899495333431822,,,,,,,19.933,
1763049935.515199,667,107;108;200;201,70.920;45.069;87.275;80.085,-0.1693232004995247,-0.5075218855098952,-2.80893315805233,-0.14428066030833753,0.29276671231027984,0.20213237738175108,,,,,,,21.351,
1763049935.633176,668,107;108;200;201;202,71.458;49.446;90.282;76.289;46.087,-0.13556986072361363,-0.49850379574863785,-2.8157919607518065,-0.13566620623473746,0.2837030766949406,0.20410497411459194,,,,,,,20.589,
1763049935.722375,669,107;108;200;201,71.746;46.045;85.591;73.217,-0.17002990142443586,-0.533711646748438,-2.8210229394766855,-0.14511270973351573,0.29682192331703805,0.19686977744340758,,,,,,,22.261,
1763049935.822290,670,107;108;200;201;202,72.655;47.619;85.023;81.294;48.152,-0.13837967223132816,-0.5041381759295815,-2.81388878248529,-0.1365970066062386,0.28789421849118085,0.20174903371948397,,,,,,,20.842,
1763049935.915904,671,107;108;200;201,70.696;51.294;88.790;73.129,-0.16504487114648,-0.5446295204099008,-2.8287142194410824,-0.14705686353390077,0.29924372397117316,0.19424951889579972,,,,,,,22.561,
1763049936.016643,672,107;108;200;201,70.454;47.734;81.039;80.223,-0.19035596907905078,-0.5510956986284617,-2.821088250418882,-0.15571828534843196,0.3112509209909404,0.19092871886616816,,,,,,,23.153,
1763049936.112821,673,107;108;200;201;202,72.213;46.348;91.089;73.904;51.845,-0.14423956194802734,-0.5264550869672854,-2.8233140336821405,-0.14062689590402044,0.2933486201065837,0.19718200127759147,,,,,,,21.689,
1763049936.214889,674,107;108;200;201;202,72.290;46.585;85.700;81.753;47.784,-0.11849823631072665,-0.4975492725485788,-2.8153784214374924,-0.1333868038615649,0.28495954811557755,0.20224182938222732,,,,,,,20.389,
1763049936.313626,675,107;108;200;201;202,73.828;50.030;82.847;80.932;40.551,-0.10914237602973413,-0.4876462480870752,-2.8114268639954982,-0.1315911345009343,0.28520179416270713,0.20364676400358933,,,,,,,19.949,
1763049936.411945,676,107;108;200;201,71.874;49.844;87.097;77.806,-0.14922001165107332,-0.5225406231824786,-2.8193943551064504,-0.14398810418643956,0.29850263554791673,0.19653435003141084,,,,,,,21.618,
1763049936.510310,677,107;108;110;200;201,70.723;50.480;15.706;84.141;79.357,-0.18890613738128498,-0.5419741919539622,-2.806931728916324,-0.14824803360775296,0.3149854841077084,0.18604934094450692,,,,,,,22.889,
1763049936.609085,678,107;108;200;201,70.516;46.869;90.317;72.794,-0.20117770441074248,-0.5658356577572357,-2.818535302547873,-0.15308516391239635,0.3156759905903973,0.18386204765293643,,,,,,,23.850,
1763049936.706831,679,107;108;200;201;202,66.280;48.435;91.586;80.253;45.640,-0.1522941526136048,-0.533079357198525,-2.8201021895115,-0.1431411575928829,0.2973523116629042,0.19380686280299264,,,,,,,22.043,
1763049936.808156,680,107;108;200;201;202,68.948;51.080;86.615;80.427;44.867,-0.12340769593375729,-0.5105234614664153,-2.820216806368317,-0.1374139964400253,0.2890182532818786,0.1990564906750399,,,,,,,20.901,
1763049936.907787,681,107;108;200;201;202,71.506;50.751;89.388;77.532;44.103,-0.10562566678322867,-0.5018878716000371,-2.8236301885305464,-0.13229575911108205,0.2825330819003055,0.20222476998088923,,,,,,,20.398,
1763049937.006240,682,107;108;200;201,66.593;47.928;84.519;79.169,-0.14236848506008204,-0.5240059343268466,-2.8237160158792687,-0.1452873721806686,0.2955135181286573,0.1966973380112872,,,,,,,21.575,
1763049937.101714,683,107;108;200;201,68.039;52.224;87.823;75.609,-0.16732553709151882,-0.5534136751411198,-2.834258297865426,-0.15459771988953683,0.3047489262264617,0.19206373356562764,,,,,,,22.878,
1763049937.202821,684,107;108;200;201,72.317;46.614;88.943;82.745,-0.18868433240796262,-0.5558569632951891,-2.8253603428206078,-0.15906147766100096,0.3102216707801387,0.1896939578122965,,,,,,,23.279,
1763049937.301678,685,107;108;200;201,68.709;46.696;88.492;78.240,-0.20248695385393636,-0.5658280797744271,-2.825195301196012,-0.16251273353474863,0.3133727283986485,0.1887506759959404,,,,,,,23.823,
1763049937.401757,686,107;108;200;201,70.264;46.262;88.033;77.207,-0.2132269130604192,-0.574428467191002,-2.824262640071748,-0.16434803557474517,0.3164120502288109,0.1873417531948207,,,,,,,24.285,
1763049937.498574,687,107;108;200;201,73.841;47.709;86.266;71.963,-0.22493965955302475,-0.5910338204291428,-2.8276343104451485,-0.16463504815006688,0.32108011989276525,0.1837643470728282,,,,,,,25.023,
1763049937.599512,688,107;108;200;201,71.125;49.500;88.117;81.704,-0.23000576215982932,-0.5878414763564493,-2.8258031483231556,-0.1673465307303976,0.3229443435488203,0.18406484935821646,,,,,,,24.991,
1763049937.730714,689,107;108;200;201,69.957;47.110;85.609;73.793,-0.23422830536985323,-0.594754913217161,-2.8283859655928616,-0.1679647730387981,0.3238568252200404,0.18314207218430809,,,,,,,25.281,
1763049937.831203,690,107;108;200;201,67.287;49.389;86.427;81.100,-0.23283070342567846,-0.5888408258409209,-2.827336413678191,-0.17055631826290424,0.3242263978214627,0.18396291968474274,,,,,,,25.056,
1763049937.928412,691,107;108;200;201,67.287;49.389;86.427;81.100,-0.23283070342567846,-0.5888408258409209,-2.827336413678191,-0.17055631826290424,0.3242263978214627,0.18396291968474274,,,,,,,25.056,
1763049938.026860,692,107;108;200;201,68.752;48.011;82.847;79.780,-0.23508972334234077,-0.5849066729686595,-2.822858844920608,-0.17232070548192385,0.32701080275244,0.18446672291204197,,,,,,,24.978,
1763049938.126945,693,107;108;200;201;202,74.473;45.923;92.243;78.767;47.587,-0.18214641575958518,-0.5474097439081403,-2.8194140054347776,-0.15423087994782855,0.3060816644477058,0.19243933611461814,,,,,,,22.925,
1763049938.225127,694,107;108;200;201,67.933;47.888;87.482;73.423,-0.19787610798354752,-0.5682569202299905,-2.8282568756740805,-0.15900102652608228,0.3102002406624195,0.18915315341600722,,,,,,,23.831,
1763049938.320837,695,107;108;200;201,73.688;48.607;87.123;82.380,-0.21324235553448828,-0.5695277118747601,-2.8214621610131543,-0.16305720026648277,0.3167360311063376,0.1874629260861145,,,,,,,24.126,
1763049938.423578,696,107;108;200;201,70.990;46.916;84.498;78.600,-0.22295862529528457,-0.5741076745903246,-2.818608965964941,-0.1659841235789637,0.321558897061758,0.18629245628275512,,,,,,,24.446,
1763049938.524795,697,107;108;200;201;202,72.557;48.387;83.419;79.331;46.026,-0.17639031971290803,-0.5373213862801518,-2.8143880554967233,-0.15212005968772016,0.30673724849062983,0.19335220460707028,,,,,,,22.513,
1763049938.624057,698,107;108;200;201;202,68.351;47.090;85.298;72.705;46.514,-0.13651715066539097,-0.5178900801740421,-2.817876984150991,-0.14055805388553796,0.2928913687213976,0.19854134701811352,,,,,,,21.320,
1763049938.724968,699,107;108;200;201,68.819;47.606;89.465;78.662,-0.16429410238587555,-0.5389495398051827,-2.822417834711574,-0.14966585901246574,0.3004070855673102,0.19433773316021366,,,,,,,22.381,
1763049938.822488,700,107;108;200;201;202,69.528;50.573;87.503;77.489;46.602,-0.1295177507850282,-0.5184845975046057,-2.824212709346455,-0.1407830845067024,0.29004862081042576,0.19948306978425012,,,,,,,21.237,
1763049938.918212,701,107;108;200;201,71.371;51.207;86.227;70.360,-0.16150982000495795,-0.5584858801894642,-2.8368390089077162,-0.14966282291027527,0.30223588843264587,0.19183734870705388,,,,,,,22.986,
1763049939.017843,702,107;108;200;201,68.966;48.904;89.709;79.662,-0.18261734652588074,-0.5683856545924035,-2.8357523673798433,-0.15651596727551523,0.3078147501359465,0.18965511968940582,,,,,,,23.599,
1763049939.116446,703,107;108;200;201,72.822;45.748;83.549;72.290,-0.20425807999025308,-0.5826815640594826,-2.8325719743465587,-0.15923882624942293,0.3154346000813897,0.18565424556082072,,,,,,,24.411,
1763049939.218674,704,107;108;200;201;202,72.830;47.138;88.535;73.741;43.768,-0.16404141729495544,-0.5556260472645755,-2.8310265182433816,-0.14590065356108842,0.300321089344179,0.19196508463925782,,,,,,,22.945,
1763049939.314159,705,107;108;200;201;202,70.448;48.206;82.470;80.453;46.472,-0.2752206233575976,-0.5214664604557298,-2.8060613320171006,-0.148311168098219,0.29338376320392484,0.20787965976400574,,,,,,,23.508,
1763049939.414285,706,107;108;200;201,72.882;45.599;85.062;75.181,-0.26784449043503955,-0.5433455137746741,-2.809476402421165,-0.15383438191477675,0.30420651380199437,0.19964061003467667,,,,,,,24.115,
1763049939.514657,707,107;108;200;201;202,72.531;48.757;92.905;76.598;48.116,-0.20129390207005404,-0.5233081477679935,-2.8164544514937884,-0.1413716588079722,0.29004083108560813,0.2019753745575683,,,,,,,22.311,
1763049939.611301,708,107;108;200;202,74.146;49.004;85.799;41.198,-0.144670423957708,-0.6568853476917974,-2.9058180353144207,-0.11127277657128769,0.27585357625679313,0.18109417285612148,,,,,,,25.982,
1763049939.712616,709,107;108;200;201;202,68.852;50.745;81.165;81.585;48.727,-0.11535301574230432,-0.5899449644103072,-2.876654759249261,-0.11432121729483559,0.275280209404531,0.19081118290643842,,,,,,,23.483,
1763049939.811203,710,107;108;200;201,69.460;49.599;85.741;73.174,-0.15112833286803543,-0.6013034578026923,-2.868621054991348,-0.13137231832442822,0.29208672658407736,0.18662689726291853,,,,,,,24.260,
1763049939.907935,711,107;108;200;201,70.047;47.903;87.905;74.968,-0.1772972720848173,-0.6042391510033226,-2.859179081824941,-0.14236380397872317,0.3016194016840221,0.184263234709466,,,,,,,24.697,
1763049940.041037,712,107;108;200;201,73.959;49.999;94.258;74.035,-0.1932650123051103,-0.6165129003867549,-2.858501847127048,-0.14900541885547447,0.3072468916186219,0.18200667040741902,,,,,,,25.329,
1763049940.140493,713,107;108;200;201;202,73.411;47.964;91.891;79.195;43.689,-0.28624798014225317,-0.5746856939057335,-2.831303528188662,-0.14935540125537886,0.29653914249269153,0.20003963776435899,,,,,,,25.368,
1763049940.238663,714,107;108;200;201,70.382;49.138;91.203;77.090,-0.2694043875886085,-0.5852021555886262,-2.8348036887489756,-0.15540385825747213,0.30364343485314454,0.1949352264333048,,,,,,,25.428,
1763049940.338589,715,107;108;200;201,73.243;47.056;84.374;78.413,-0.26535475270289255,-0.5830458501748779,-2.8269743424533145,-0.15974738239782926,0.312522367332899,0.19063465842840127,,,,,,,25.344,
1763049940.439314,716,107;108;110;200;201,75.596;45.343;13.542;88.811;75.747,-0.271560229425172,-0.5885552173449115,-2.8110775918996107,-0.1563110122987981,0.3206866344331214,0.18182863489348225,,,,,,,25.751,
1763049940.534266,717,107;108;200;201,71.225;47.877;89.600;79.386,-0.26100768572059824,-0.5880288802543335,-2.8151294588122293,-0.16032553571247135,0.32094510139437854,0.18222299622924537,,,,,,,25.535,
1763049940.635651,718,107;108;200;201,69.114;48.968;87.188;79.977,-0.25323556019262977,-0.5875276060246141,-2.8176186996781842,-0.16460358365151292,0.3228884546850598,0.18350128378403216,,,,,,,25.379,
1763049940.757765,719,107;108;200;201,68.605;45.073;85.338;75.697,-0.24936565839549366,-0.5892911856142689,-2.8185702778044632,-0.16586023492086385,0.3228780047283566,0.18346263477992494,,,,,,,25.376,
1763049940.835865,720,107;108;200;201,67.984;48.562;89.674;75.594,-0.24349147082555705,-0.596364750990229,-2.826056903851237,-0.16717391038610654,0.3213463044609177,0.18339579770727185,,,,,,,25.488,
1763049940.929247,721,107;108;200;201,71.086;50.217;89.050;76.747,-0.24042448173797637,-0.6027169528655882,-2.8313768781493467,-0.16829286955856185,0.3230262915062584,0.18244683508987003,,,,,,,25.633,
1763049941.034300,722,107;108;200;201;202,66.593;48.606;83.514;78.733;52.413,-0.3338950725860802,-0.5523665351352686,-2.80681332034709,-0.16413440186784378,0.3062015883445449,0.20660945835303246,,,,,,,25.676,
1763049941.128713,723,107;108;200;201,72.299;52.265;86.287;72.725,-0.3055353501661003,-0.5798679597670805,-2.8219107933135805,-0.166755581160847,0.314839782774745,0.19719897975368866,,,,,,,25.953,
1763049941.233663,724,107;108;200;201;202,72.352;44.206;85.231;77.104;46.967,-0.23227618707930428,-0.539916827548175,-2.8166822749386387,-0.15048285877507875,0.2986867187766348,0.20062560573945953,,,,,,,23.365,
1763049941.327935,725,107;108;200;201;202,74.687;50.610;89.337;70.373;50.496,-0.17602892036027257,-0.5290969625258424,-2.825443107068181,-0.13800985069469934,0.28771928749274833,0.20132641761668774,,,,,,,22.135,
1763049941.429966,726,107;108;200;201;202,72.895;46.500;87.658;83.706;43.432,-0.145583409993736,-0.5013276570856386,-2.8150681359191267,-0.13246960272132005,0.2815832120038832,0.20432850192001556,,,,,,,20.806,
1763049941.523343,727,107;108;200;201,70.911;48.311;88.345;74.606,-0.1733305706332593,-0.5354844084957944,-2.8226617239948637,-0.14355754351629108,0.29434769163904095,0.1971218146007664,,,,,,,22.356,
1763049941.625189,728,107;108;200;201,68.102;46.265;91.312;79.155,-0.18884849518479135,-0.549631942875668,-2.8243523861093895,-0.15115973011534295,0.2996883168811819,0.1943782405444733,,,,,,,23.059,
1763049941.801781,729,107;108;200;201,71.735;47.491;89.747;81.796,-0.2051317747842509,-0.5587915882557787,-2.8217107465769677,-0.15703350808306504,0.30692573355936337,0.19168651636288284,,,,,,,23.624,
1763049941.958615,730,107;108;200;201,68.006;48.764;92.084;75.903,-0.20864101065499666,-0.5753120187217242,-2.829395910243486,-0.16052148645271633,0.30897666840500093,0.18918147100584642,,,,,,,24.221,
1763049942.060078,731,107;108;200;201,71.096;51.048;86.431;77.200,-0.2171347429172553,-0.5861661056890191,-2.832401723115027,-0.16462718907136392,0.31620134326424804,0.18646199097720678,,,,,,,24.707,
1763049942.159003,732,107;108;200;201;202,71.623;47.555;88.931;74.580;42.520,-0.17343724909286842,-0.5569462417105168,-2.830990414555508,-0.1504919658245479,0.30060580900377454,0.19293623997860093,,,,,,,23.100,
1763049942.256542,733,107;108;200;201,71.609;47.838;84.657;79.966,-0.1964908654196689,-0.5630580706465976,-2.824830079833024,-0.15719477400668352,0.3102968039780186,0.1898276805180126,,,,,,,23.646,
1763049942.356141,734,107;108;200;201,72.678;49.604;86.996;74.567,-0.21162873178463693,-0.5818965098199229,-2.829212256575456,-0.1608183918867084,0.3164433895965848,0.18618868285883464,,,,,,,24.501,
1763049942.455640,735,107;108;200;201,72.041;53.755;89.405;77.950,-0.21846136634687832,-0.5925496023744009,-2.8354495237342436,-0.16477608880313802,0.3206443383378857,0.1841624568185424,,,,,,,24.935,
1763049942.562449,736,107;108;200;201;202,69.999;51.011;90.693;77.006;48.238,-0.1640630396347694,-0.5571547916812349,-2.8367226024583596,-0.15051916322479075,0.302354965863415,0.1922644910359202,,,,,,,22.965,
1763049942.648237,737,107;108;200;201,70.713;48.804;85.613;79.837,-0.188546849476655,-0.5648130338666182,-2.8309693741605275,-0.15737954329259563,0.3107495657146139,0.18928507835128833,,,,,,,23.570,
1763049942.749194,738,107;108;200;201;202,70.249;48.404;80.782;80.740;48.426,-0.14985400421826875,-0.5240966274107945,-2.8210507928996025,-0.14626161672039223,0.2987242145215474,0.19659952511494758,,,,,,,21.673,
1763049942.845207,739,107;108;200;201,72.716;47.488;87.375;75.915,-0.1786815308532695,-0.5485533514325447,-2.8233482237355965,-0.15269547657271015,0.30766539740676074,0.19152753623112495,,,,,,,22.900,
1763049942.945775,740,107;108;200;201;202,73.097;45.875;84.606;73.311;46.518,-0.14410413010037645,-0.5247675635654379,-2.8209259684287353,-0.14030972317525356,0.2952017400675537,0.19646776154281737,,,,,,,21.639,
1763049943.043111,741,107;108;200;201,70.410;50.607;85.237;75.200,-0.17157175537439917,-0.5535151902887039,-2.828037972186576,-0.15077220383328643,0.30686872480428923,0.19170608875433787,,,,,,,22.970,
1763049943.189316,742,107;108;200;201;202,70.231;53.180;88.404;73.526;46.281,-0.1342405508253396,-0.5382049450223014,-2.835574160756335,-0.14135894740111288,0.2948934277713222,0.1963113374965546,,,,,,,21.959,
1763049943.273640,743,107;108;200;201,70.544;44.068;85.429;76.982,-0.16858198729281723,-0.5499901824420302,-2.828309400845017,-0.14892114041957447,0.3036816908000987,0.19212504531599198,,,,,,,22.803,
1763049943.372242,744,107;108;200;201,70.544;44.068;85.429;76.982,-0.16858198729281723,-0.5499901824420302,-2.828309400845017,-0.14892114041957447,0.3036816908000987,0.19212504531599198,,,,,,,22.803,
1763049943.471010,745,107;108;200;201,70.191;50.605;85.073;76.149,-0.18829118838315295,-0.5690833023802655,-2.8326521017380664,-0.15655147314878112,0.3126031868495745,0.18807542755341006,,,,,,,23.713,
1763049943.573302,746,107;108;200;201;202,70.214;50.406;90.800;73.156;57.189,-0.13534731502731534,-0.5390572314431797,-2.835431192487755,-0.14129020409579052,0.2929475263576646,0.1956474726725958,,,,,,,22.002,
1763049943.672095,747,107;108;200;202,72.991;48.569;86.404;43.304,-0.09398084771203634,-0.664611096075555,-2.917063718240203,-0.11001393328783439,0.27557733821595987,0.17862831230559545,,,,,,,25.844,
1763049943.769511,748,107;108;200;201;202,69.622;49.727;89.009;75.507;47.517,-0.07862120386328285,-0.6068046045314647,-2.8925285042025095,-0.11165176262028668,0.27094143068561866,0.18853240561594775,,,,,,,23.785,
1763049943.870868,749,107;108;200;201;202,71.067;51.087;87.914;75.745;47.413,-0.06996115589463273,-0.569302041173941,-2.875446509349272,-0.11339881667317346,0.269211500678888,0.19474537844686424,,,,,,,22.437,
1763049943.965984,750,107;108;200;201,71.021;45.463;85.749;76.952,-0.12190052440334202,-0.573658500577167,-2.8584207071111076,-0.12901497285257132,0.28669864759339836,0.18984540740041922,,,,,,,23.042,
1763049944.067613,751,107;108;200;201,71.987;48.741;87.977;76.875,-0.1587648768879715,-0.586283370903076,-2.850968516527419,-0.14127586366650272,0.2995321996453747,0.18673108404821628,,,,,,,23.898,
1763049944.163542,752,107;108;200;201,72.474;49.740;89.031;76.002,-0.18414083042838292,-0.596577635195766,-2.8472799177522328,-0.15007272241854216,0.3082240577337639,0.1846046333425481,,,,,,,24.575,
1763049944.265693,753,107;108;200;201,71.323;47.059;80.762;74.911,-0.20508290236509283,-0.5958385484707642,-2.83837274700538,-0.15644740548319327,0.31731195426413045,0.18295935869832772,,,,,,,24.860,
1763049944.362920,754,107;108;200;201,71.889;44.116;86.152;78.324,-0.21906995638749732,-0.5890974452243298,-2.827712496098572,-0.15958608129143173,0.3196139324937013,0.18338586532070764,,,,,,,24.872,
1763049944.463472,755,107;108;200;201;202,71.747;48.112;88.812;75.704;45.315,-0.17092886270171873,-0.5568153887626024,-2.827652015733186,-0.14652921462400503,0.3027117977387717,0.19102221907887454,,,,,,,23.088,
1763049944.560115,756,107;108;200;201,72.362;49.959;91.979;81.439,-0.1899708539478444,-0.5672106289717559,-2.8282155145284174,-0.15396261154879448,0.30845956786583667,0.1889923206127288,,,,,,,23.694,
1763049944.692848,757,107;108;200;201,69.039;49.025;92.252;70.490,-0.2013257387770899,-0.592264529254749,-2.8399198462399147,-0.1572138048059882,0.31008119885223345,0.18606523898743324,,,,,,,24.672,
1763049944.792289,758,107;108;200;201,68.623;50.631;90.771;76.436,-0.20834776169250618,-0.6008037124951304,-2.8431193161020243,-0.16169708678448444,0.31298829639012204,0.1850601104677711,,,,,,,25.048,
1763049944.890218,759,107;108;200;201,71.866;48.364;89.187;73.606,-0.21738260347610072,-0.6080669372371085,-2.8431451178099545,-0.16324984890162267,0.31654740065609477,0.18305762483267168,,,,,,,25.427,
1763049944.991339,760,107;108;200;201,73.423;44.730;90.706;77.060,-0.22789586598553743,-0.6049426523463383,-2.836567264968739,-0.16323166307866274,0.31746384982030235,0.18291126420434267,,,,,,,25.501,
1763049945.092771,761,107;108;200;202,70.164;49.771;85.903;42.712,-0.15703700118783276,-0.7141000749014548,-2.921489283232972,-0.1251106188324192,0.2926040634177427,0.16735521691195415,,,,,,,28.041,
1763049945.185396,762,107;108;200;201,70.390;50.591;85.643;77.824,-0.18325667770609833,-0.6790431898051434,-2.897013715626469,-0.13894342012130842,0.305229462072175,0.16982236741728252,,,,,,,27.203,
1763049945.294512,763,107;108;200;201;202,72.082;47.328;87.190;75.989;45.398,-0.14751299980344623,-0.614565981596625,-2.8752933807309473,-0.13212338340388133,0.2927983606826076,0.18216778690986307,,,,,,,24.671,
1763049945.387990,764,107;108;200;201;202,72.754;45.998;86.537;80.940;53.169,-0.11610015331029759,-0.5565868016344346,-2.8507800250821895,-0.12522216074317558,0.28191994150986943,0.19249443245454503,,,,,,,22.401,
1763049945.486419,765,107;108;200;201,68.136;47.989;84.807;81.422,-0.15446696828164538,-0.5598298224140993,-2.839651289575533,-0.14023622373704098,0.29594496156187644,0.1900042605533007,,,,,,,22.944,
1763049945.585133,766,107;108;200;201,71.269;51.467;93.356;74.122,-0.1750457956712492,-0.5847166341295587,-2.8465216027823046,-0.1485858311573595,0.3029418742831683,0.1865820499920884,,,,,,,24.042,
1763049945.813959,767,107;108;200;201;202,69.687;48.068;81.643;79.412;50.786,-0.2897090690434122,-0.5395822587863056,-2.8159881884053033,-0.15031323433014238,0.2945392385042472,0.20623889994512637,,,,,,,24.330,
1763049945.928447,768,107;108;200;201,72.789;46.415;92.484;78.408,-0.2740834854127077,-0.5576572974720754,-2.818290865769339,-0.154932890393968,0.30175188698928257,0.1995160627995068,,,,,,,24.661,
1763049946.022269,769,107;108;200;201;202,72.783;50.762;91.390;80.281;47.907,-0.20652111816884278,-0.530338871441521,-2.8207426664786355,-0.14379331311617227,0.2898512735479018,0.20185324511486877,,,,,,,22.613,
1763049946.120742,770,107;108;200;201;202,70.687;52.725;83.184;78.926;45.683,-0.16266540888839315,-0.5119774454320425,-2.8215601116785356,-0.1382364017158839,0.2860400904642282,0.20364355406832155,,,,,,,21.362,
1763049946.214678,771,107;108;200;201;202,73.511;48.303;90.210;79.975;48.771,-0.13039222623334043,-0.4947674447233786,-2.8190225835605047,-0.13105731816679755,0.27865166547540654,0.20573386614669179,,,,,,,20.376,
1763049946.310925,772,107;108;200;201;202,70.558;48.762;86.487;78.458;48.612,-0.10657146108674832,-0.4822687697292996,-2.818160282416583,-0.12658645233671023,0.27397735655471833,0.2077083066478018,,,,,,,19.684,
1763049946.410140,773,107;108;200;201,70.202;49.625;89.521;79.981,-0.14359164894259013,-0.5145529086828655,-2.8227161879052494,-0.14072716780410008,0.28867864607810917,0.20030235522665965,,,,,,,21.238,
1763049946.510200,774,107;108;200;201,73.704;47.925;84.250;79.179,-0.17746861908300463,-0.5344925884370848,-2.819525596717598,-0.1498839021744797,0.30275600590963087,0.19453602177779034,,,,,,,22.389,
1763049946.609077,775,107;108;200;201;202,72.006;45.593;89.255;76.569;50.235,-0.13741253561166264,-0.5099989225654158,-2.817447214247788,-0.13753369795406212,0.28815583097191827,0.19987487638924809,,,,,,,21.033,
1763049946.707238,776,107;108;200;201,72.286;45.375;91.349;80.505,-0.16819893355639576,-0.5303267897147768,-2.8168056391774057,-0.14616046346440117,0.2970774678284975,0.19537931857963353,,,,,,,22.139,
1763049946.806449,777,107;108;200;201;202,70.702;48.269;94.095;77.531;47.375,-0.2704917377812723,-0.5153913433618279,-2.8051029467710142,-0.1465607696752233,0.2858473035558443,0.21025970832309215,,,,,,,23.218,
1763049946.904586,778,107;108;200;201;202,70.121;45.384;90.931;74.731;46.749,-0.20616011786061686,-0.5022655886873695,-2.810515075651604,-0.13580215712407515,0.2759780706567336,0.2097654076265594,,,,,,,21.652,
1763049947.035789,779,107;108;200;201,71.036;46.619;88.145;76.360,-0.21645570727319124,-0.5327153065024954,-2.8165490654548,-0.14590369828383934,0.2901888677413038,0.2017288016004824,,,,,,,22.869,
1763049947.134919,780,107;108;200;201,70.729;50.221;88.449;79.907,-0.2220289651166135,-0.5513349207470338,-2.8208339456119327,-0.1544510212747946,0.3012448699296614,0.1963627456785521,,,,,,,23.595,
1763049947.234784,781,107;108;200;201;202,74.531;52.315;85.394;78.231;51.917,-0.1688728648750454,-0.5242352649438237,-2.821112073014715,-0.1428199201623366,0.2920393164576359,0.19988579910391543,,,,,,,21.894,
1763049947.334125,782,107;108;200;201,69.871;48.059;85.573;79.153,-0.19054088654984777,-0.5410801890357299,-2.819801220738547,-0.1518953561437656,0.30282545752678336,0.19517165448746232,,,,,,,22.795,
1763049947.431339,783,107;108;200;201;202,72.601;47.764;94.191;81.268;47.994,-0.1500433162959445,-0.5161437778038364,-2.8186283946857973,-0.14056569227005683,0.2887776356369559,0.2002534153011374,,,,,,,21.391,
1763049947.536273,784,107;108;200;201;202,73.371;47.206;87.704;75.776;57.426,-0.1138292629925669,-0.4947005467697293,-2.8159813907069076,-0.12934965771378004,0.27800566727797044,0.20456272981065465,,,,,,,20.235,
1763049947.630751,785,107;108;200;201;202,73.508;52.134;93.209;73.618;50.662,-0.09074041742579438,-0.49642248019028834,-2.8251935428426194,-0.12412737204635177,0.2719655175817347,0.20565312775648473,,,,,,,20.067,
1763049947.729036,786,107;108;200;201,72.858;47.883;90.778;76.925,-0.1344039316134972,-0.530301779856954,-2.828420010644161,-0.13692360364875547,0.2868821182939879,0.19774288578946175,,,,,,,21.706,
1763049947.827850,787,107;108;200;201,70.826;48.845;88.142;78.487,-0.16468522228591329,-0.550683154883455,-2.828835511954535,-0.14714927519065232,0.2987388573145059,0.19321963556632638,,,,,,,22.782,
1763049947.929829,788,107;108;200;201;202,72.659;46.593;89.200;76.149;51.824,-0.12957763195858255,-0.5223651657964883,-2.8243367015345027,-0.13554171418031652,0.28580039218235614,0.19921866739862543,,,,,,,21.384,
1763049948.026882,789,107;108;110;200;201,71.741;48.891;14.106;89.171;74.622,-0.17385983114613113,-0.5519695018117983,-2.816274019572471,-0.14012918064592347,0.30224848680785316,0.18756978227013144,,,,,,,23.015,
1763049948.126166,790,107;108;200;201,69.159;50.942;85.907;75.832,-0.1912867221754685,-0.5722459754507168,-2.825033991946609,-0.15052486420865688,0.3104349186709645,0.18552045837586156,,,,,,,23.917,
1763049948.223541,791,107;108;200;201;202,72.996;46.848;91.070;77.193;44.221,-0.15428073891433658,-0.542377201545089,-2.823883041167455,-0.13980159299954312,0.2963382978001895,0.19266649090657348,,,,,,,22.389,
1763049948.327442,792,107;108;200;201;202,72.568;52.586;95.074;81.308;45.863,-0.12407913568598965,-0.5239746975078701,-2.8257664371338143,-0.13423099886697518,0.28622461907587327,0.19779110074944445,,,,,,,21.386,
1763049948.420290,793,107;108;200;201,67.225;46.296;93.055;78.866,-0.15257445373870607,-0.54417203477416,-2.8279172339274994,-0.14453329296409875,0.2929137774390549,0.19408219083776235,,,,,,,22.413,
1763049948.523470,794,107;108;110;200;201,73.560;47.509;16.865;91.957;71.520,-0.19075367958435535,-0.5719654079170873,-2.818770611184423,-0.1438448809276705,0.30622754448790723,0.18207330864162455,,,,,,,23.942,
1763049948.619795,795,107;108;200;201;202,72.207;49.485;90.906;84.764;47.977,-0.15165502975369205,-0.5317425882996046,-2.815374337032973,-0.13625755953374882,0.29318550761682954,0.19174988728051262,,,,,,,22.015,
1763049948.720114,796,107;108;200;201;202,71.372;48.791;87.849;78.284;46.341,-0.12246846805151292,-0.5100616302213098,-2.816528270202312,-0.13034097320555446,0.2849087840462706,0.19740742239819575,,,,,,,20.896,
1763049948.816815,797,107;108;200;201,74.469;53.231;91.814;76.917,-0.15700113144147507,-0.5469309808266815,-2.828552233424849,-0.1427054345893735,0.2975717268469071,0.19159475936172568,,,,,,,22.560,
1763049948.918051,798,107;108;200;201;202,70.951;48.324;87.531;83.252;40.661,-0.13286551295802163,-0.5191033721091323,-2.820706643621948,-0.13773761003675264,0.2902720049162931,0.19740800463513442,,,,,,,21.313,
1763049949.018667,799,107;108;200;201;202,70.594;49.686;94.379;81.378;50.000,-0.10386357836183807,-0.49912705404924834,-2.8203790872347447,-0.13101661022806046,0.2788318787927025,0.2025716583558865,,,,,,,20.296,
1763049949.118712,800,107;108;110;200;201,74.750;48.930;14.251;92.073;73.780,-0.15557216088940556,-0.5386009600870314,-2.815619642443333,-0.13603782018613123,0.2965306428701402,0.18926908916319904,,,,,,,22.313,
1763049949.215230,801,107;108;200;201;202,74.525;49.296;91.018;73.986;56.127,-0.11717170762651839,-0.5176005078247652,-2.8194832385792057,-0.12623341478951344,0.2837767726528163,0.19569072507483073,,,,,,,21.120,
1763049949.317051,802,107;108;200;201;202,70.482;44.295;84.817;79.770;50.116,-0.09769716208052108,-0.48867152611101955,-2.8097781989314083,-0.1215869371656638,0.2762162399472286,0.2021331555222703,,,,,,,19.905,
1763049949.414191,803,107;108;200;201;202,70.586;48.458;90.172;81.773;49.550,-0.08214367293789038,-0.47534738269962945,-2.8086259655659465,-0.11965328453402442,0.27074018890699225,0.2061243628003941,,,,,,,19.282,
1763049949.512557,804,107;108;200;201;202,72.483;49.917;86.638;81.609;47.066,-0.07627437047464612,-0.4666195996319817,-2.8074936028027424,-0.11980087247597784,0.27021408901472715,0.2077020826002483,,,,,,,18.910,
1763049949.607797,805,107;108;200;201,71.438;49.429;87.592;76.116,-0.12426739768234274,-0.5097644759191866,-2.816926935441268,-0.1351913353460282,0.2871812979721674,0.19903350844814133,,,,,,,20.899,
1763049949.709023,806,107;108;200;201,73.088;47.846;88.084;80.051,-0.16160846594356112,-0.5321586877263175,-2.817744086672838,-0.1457374230264566,0.29931055152480907,0.19357483910250434,,,,,,,22.126,
1763049949.808431,807,107;108;200;201;202,72.413;49.988;91.335;72.942;47.369,-0.1266480960611038,-0.5213645416751237,-2.8245703343483513,-0.13560257037149268,0.28730446593297204,0.19701441277994122,,,,,,,21.317,
1763049949.910718,808,107;108;200;201;202,72.601;48.523;91.374;74.538;41.008,-0.11105092743025781,-0.5166924604466097,-2.8267784258929316,-0.13041580658455,0.2813590830400823,0.19956201446620114,,,,,,,20.990,
1763049950.008322,809,107;108;200;201;202,71.980;48.608;85.630;80.360;54.314,-0.24663300187167872,-0.4935286854498262,-2.802915173041407,-0.13591194394923178,0.2770995601217597,0.2132477043554971,,,,,,,22.043,
1763049950.107358,810,107;108;110;200;201;202,73.320;48.011;14.925;94.381;79.684;47.687,-0.20027890026488418,-0.48565696421428095,-2.795854812921122,-0.12567318558145257,0.27551613514753054,0.2063242718840229,,,,,,,21.047,
1763049950.203679,811,107;108;200;201;202,73.906;50.396;88.485;77.800;51.037,-0.30052537886649794,-0.48066905993553316,-2.7854932250585547,-0.13235511591397858,0.27351941021605986,0.2170659410545808,,,,,,,22.747,
1763049950.306374,812,107;108;200;201;202,70.769;50.510;90.777;82.369;50.450,-0.22564764509247046,-0.4708826215505798,-2.7960396567386816,-0.12771361676524806,0.2692965522303349,0.21576607965685576,,,,,,,20.920,
1763049950.402422,813,107;108;200;201;202,73.374;47.321;89.250;81.016;52.079,-0.1718372055652806,-0.46104424993764215,-2.7984740948146216,-0.12268698779240678,0.2657665957485926,0.21449733830208623,,,,,,,19.717,
1763049950.502442,814,107;108;200;201;202,67.307;46.054;91.285;76.557;46.996,-0.13211508112024428,-0.4609068983065423,-2.805321661098711,-0.11974365621648973,0.26108405866452694,0.2141638109833733,,,,,,,19.184,
1763049950.601705,815,107;108;200;201;202,72.309;49.850;90.782;79.405;52.843,-0.1034067161921509,-0.4585286783637304,-2.809082032770262,-0.1172542038868427,0.2599127853607293,0.21375760940713076,,,,,,,18.793,
1763049950.702007,816,107;108;200;201;202,73.974;42.422;84.462;78.272;44.824,-0.09784453907326111,-0.45361200453406203,-2.8019529977303343,-0.11531231944425094,0.26236461547421663,0.21308186778485555,,,,,,,18.592,
1763049950.796182,817,107;108;200;201,71.664;48.144;90.116;81.920,-0.13929027320335244,-0.4896580952048521,-2.8078284615268068,-0.1322050869042208,0.2798740190343829,0.20441594621582126,,,,,,,20.338,
1763049950.895705,818,107;108;200;201,71.908;48.313;89.054;75.741,-0.16955900438503038,-0.5267901935723265,-2.8171132087222786,-0.14314206369577778,0.2929379511782647,0.1972362227210617,,,,,,,22.022,
1763049950.996925,819,107;108;200;201,72.497;48.270;92.440;75.776,-0.18707132985466585,-0.5548217752857255,-2.824654324989048,-0.14993000541419205,0.30070877982273897,0.19203072391106116,,,,,,,23.226,
1763049951.096409,820,107;108;200;201;202,72.497;51.868;91.865;73.910;49.703,-0.14328010245527736,-0.5389444186190463,-2.8312981004568027,-0.13893573870750192,0.28906300096660786,0.19679104201894765,,,,,,,22.101,
1763049951.196024,821,107;108;200;201;202,72.715;49.587;89.373;76.496;48.914,-0.11515332284149579,-0.5184680097797234,-2.830153272822561,-0.13132621708736972,0.28065998119982194,0.2006099291240909,,,,,,,21.073,
1763049951.294379,822,107;108;200;201;202,71.153;47.785;90.181;75.622;50.961,-0.09204636769135692,-0.5036615789651422,-2.8281505263174647,-0.1250322123913089,0.2726804023763451,0.20403137475841984,,,,,,,20.338,
1763049951.391980,823,107;108;200;201;202,73.218;45.804;92.666;77.430;46.669,-0.08299283514426015,-0.4934830022213904,-2.8238091370196963,-0.1209168263503161,0.2679428808673735,0.20636721112429546,,,,,,,19.908,
1763049951.496277,824,107;108;200;201;202,72.750;48.030;86.901;76.699;49.518,-0.07337453650109363,-0.48306513850919036,-2.8205064981535846,-0.11832674094200797,0.2664086751326283,0.20771803887895232,,,,,,,19.463,
1763049951.589706,825,107;108;200;201,71.422;48.058;91.721;73.886,-0.11864461689864368,-0.52543498338157,-2.8297440342353437,-0.13250027201968076,0.28155890499428915,0.1989975215879711,,,,,,,21.370,
1763049951.692866,826,107;108;200;201;202,73.291;47.014;88.927;75.225;47.152,-0.09984781858492857,-0.5087342920236481,-2.8255731079936215,-0.12604658841952562,0.2755707669241538,0.20193904175199676,,,,,,,20.604,
1763049951.788434,827,107;108;200;201;202,72.798;49.900;91.766;80.585;49.093,-0.08515247237862529,-0.4940399011670063,-2.8218377298632764,-0.12290037029600914,0.27104268921423974,0.20512303192904088,,,,,,,19.955,
1763049951.890621,828,107;108;200;201;202,68.270;46.115;90.934;80.123;50.733,-0.07077458976596375,-0.47526794015263685,-2.817573342019057,-0.119406015619169,0.26412267510691223,0.20863289428112264,,,,,,,19.160,
1763049951.988422,829,107;108;200;201;202,73.649;45.476;87.065;76.619;51.872,-0.06374031698818503,-0.46750132964920776,-2.813010536199428,-0.11557102030998573,0.26255620541229113,0.2099507338946315,,,,,,,18.843,
1763049952.085118,830,107;108;200;201;202,72.026;47.695;82.245;78.827;46.962,-0.06351887258631421,-0.45962676895088317,-2.8080053798981326,-0.11617299299956672,0.26567324047743995,0.21010334537036449,,,,,,,18.559,
1763049952.184405,831,107;108;200;201,73.551;49.986;89.443;83.089,-0.11584194660621285,-0.49493806193587175,-2.8125339855271654,-0.13321856033051246,0.2840255018053302,0.20146042154925153,,,,,,,20.281,
1763049952.282817,832,107;108;200;201,72.065;49.554;88.437;78.808,-0.15362846805257552,-0.5257833436356812,-2.818118468490415,-0.1448052342258704,0.29717507782264746,0.19531196262247835,,,,,,,21.796,
1763049952.382278,833,107;108;200;201;202,69.245;47.149;90.538;75.649;53.881,-0.1149798388007132,-0.5033776007396863,-2.820160714494558,-0.13317315014164194,0.2820908388017352,0.20091299910471042,,,,,,,20.553,
1763049952.481319,834,107;108;200;201,72.621;44.805;92.995;74.636,-0.15264756327287565,-0.5369543104165321,-2.8251015333328224,-0.1414768707989099,0.2913127854815338,0.19490938728148202,,,,,,,22.161,
1763049952.578279,835,107;108;200;201,72.004;47.306;91.854;77.667,-0.17678359717762385,-0.556093756908556,-2.827058197477631,-0.1489879162611117,0.2992329199498897,0.19110139881336305,,,,,,,23.133,
1763049952.683980,836,107;108;200;201;202,73.914;49.466;90.470;80.289;52.760,-0.13605615016623995,-0.5251512507666661,-2.8226151798104975,-0.13802439507425796,0.2872149290476772,0.19747735226388635,,,,,,,21.562,
1763049952.778036,837,107;108;200;201,71.027;49.020;92.273;76.143,-0.16354208329933162,-0.5537434090011383,-2.8296106882024534,-0.14711428773186783,0.29637746499669876,0.19286609516470288,,,,,,,22.878,
1763049952.879949,838,107;108;200;202,70.709;50.712;86.039;47.036,-0.1044351144480385,-0.673138476930363,-2.914726910641952,-0.11426297587148593,0.2770216942081848,0.1766774275765987,,,,,,,26.235,
1763049952.978426,839,107;108;200;201;202,71.409;47.896;83.079;71.227;57.400,-0.07992186317816936,-0.6068167190640686,-2.88895874523433,-0.11061233443339329,0.27073580102376965,0.18795557957675832,,,,,,,23.816,
1763049953.079198,840,107;108;200;201;202,73.735;47.375;91.262;80.720;50.930,-0.07051014755565377,-0.5568630313768638,-2.8638265587403353,-0.11057063004240553,0.26683430005387676,0.19579568787202475,,,,,,,22.039,
1763049953.173737,841,107;108;200;201,72.103;53.156;90.698;83.366,-0.11820739540852847,-0.5662639557762543,-2.8556259091758847,-0.12976480608772592,0.28528291771121506,0.19063690948690198,,,,,,,22.753,
1763049953.275499,842,107;108;200;201,69.839;46.453;92.133;79.573,-0.15069735612405188,-0.5716404063341577,-2.8465502182675086,-0.14098389419011506,0.2943518100529905,0.1888629095813302,,,,,,,23.302,
1763049953.373733,843,107;108;200;201;202,71.502;49.369;88.655;84.476;50.299,-0.12025603097658912,-0.5286258361162914,-2.8325991916238458,-0.13404938063607727,0.2843840509160519,0.19705069293892635,,,,,,,21.488,
1763049953.475562,844,107;108;200;201;202,70.413;47.409;91.791;77.680;43.806,-0.2335703481091802,-0.5149419843066464,-2.8155688336218465,-0.138598172163173,0.27842900334003545,0.20908253281530012,,,,,,,22.502,
1763049953.570787,845,107;108;200;201,74.875;49.299;91.110;81.461,-0.23673465130085844,-0.5368756026755322,-2.816467082652133,-0.14802121781718297,0.29298497106474536,0.2015673267405445,,,,,,,23.327,
1763049953.673017,846,107;108;200;201;202,73.827;46.961;92.139;80.286;48.776,-0.18078013451886085,-0.5126782161489991,-2.8143323068122514,-0.13718075041916764,0.2820242979755413,0.20365506117492904,,,,,,,21.656,
1763049953.808776,847,107;108;200;201,74.448;49.574;93.583;78.742,-0.2002309325946612,-0.5421269320130668,-2.8203502222276176,-0.14653208264232914,0.29393152348016616,0.19740158867639432,,,,,,,22.958,
1763049953.899139,848,107;108;200;201;202,72.445;50.713;88.198;76.930;48.622,-0.15522930278136846,-0.5221573153603757,-2.822580256421017,-0.13749872501457922,0.28532211457122497,0.20080128535330938,,,,,,,21.650,
1763049954.000249,849,107;108;200;201;202,72.855;48.986;89.357;72.321;49.085,-0.12173174660481134,-0.5125858806306768,-2.825839649126247,-0.1291344800464127,0.27764133669532637,0.2025951485810041,,,,,,,20.932,
1763049954.099826,850,107;108;200;201;202,71.980;45.476;85.927;74.825;52.964,-0.09757613269032349,-0.4932739581108425,-2.820272051599233,-0.12230660450959858,0.2709884973336283,0.2056603041053242,,,,,,,20.023,
1763049954.198114,851,107;108;200;201;202,73.891;46.928;86.464;76.925;47.981,-0.08765469966852836,-0.48297530205020556,-2.8163262202678028,-0.11930436053176109,0.269543692880575,0.20688515989433043,,,,,,,19.575,
1763049954.296993,852,107;108;200;201,73.045;46.960;90.193;77.451,-0.13375776531383254,-0.51815531947114,-2.819746478671355,-0.13356474479953234,0.2850257174035581,0.19899853165839376,,,,,,,21.292,
1763049954.395252,853,107;108;200;201;202,71.974;48.945;87.239;74.813;47.094,-0.10828127601750076,-0.5057229851324294,-2.821963071220145,-0.12794307841242253,0.2791741660741515,0.20164321707187519,,,,,,,20.576,
1763049954.497334,854,107;108;200;201;202,73.869;45.514;86.932;81.428;51.520,-0.24161132186040488,-0.48555382077192755,-2.7961449912344727,-0.13349454001250818,0.27587230058435835,0.21439800858705088,,,,,,,21.715,
1763049954.595442,855,107;108;200;201;202,74.926;47.821;89.679;78.332;51.171,-0.3326416965555746,-0.4783310777204552,-2.78253233115783,-0.13608163605816317,0.27306675069547864,0.22341361209769112,,,,,,,23.385,
1763049954.693439,856,107;108;200;201,68.878;49.096;89.996;79.155,-0.30233340370671213,-0.5125413709807879,-2.798867022865899,-0.14769852247594648,0.287367894107401,0.2130401837452202,,,,,,,23.767,
1763049954.790446,857,107;108;200;201;202,71.588;43.982;92.508;76.194;46.419,-0.22899040483367958,-0.4973327715045114,-2.8052532662430383,-0.13611370492599809,0.27638312655951897,0.21123894456278725,,,,,,,21.864,
1763049954.891960,858,107;108;200;201;202,71.344;48.314;93.880;75.923;52.056,-0.17045498049227759,-0.4881975705860768,-2.813628273348755,-0.12757904456584102,0.26807313778635955,0.21086474527081686,,,,,,,20.620,
1763049954.990238,859,107;108;200;201,70.198;49.971;94.060;76.916,-0.1863035867156899,-0.5276036556028826,-2.8252723673080884,-0.14005379611532756,0.28186490326031055,0.20281407221009548,,,,,,,22.211,
1763049955.091480,860,107;108;200;201;202,73.061;47.795;89.110;77.473;50.417,-0.29253318620086255,-0.5096989187720029,-2.804322209865468,-0.14161631709738007,0.27738498253531213,0.21567636347529567,,,,,,,23.443,
1763049955.189539,861,107;108;200;201;202,71.546;52.263;89.483;81.653;50.078,-0.21852496059408924,-0.49507614851813464,-2.8105840516060936,-0.13507922128568986,0.2732988195366058,0.2136383939787823,,,,,,,21.582,
1763049955.289832,862,107;108;200;201;202,74.086;50.355;87.464;76.259;53.340,-0.16691239341327133,-0.4854477896138132,-2.814951631376767,-0.12763680757064164,0.2701251431067975,0.21215331210410884,,,,,,,20.465,
1763049955.390250,863,107;108;200;201;202,71.607;48.934;93.473;80.841;47.359,-0.26812005797120664,-0.4808304449858871,-2.8003802366210473,-0.13353397910421513,0.2678125738140638,0.2209593534092452,,,,,,,22.012,
1763049955.488196,864,107;108;200;201;202,72.517;47.819;87.396;71.730;48.505,-0.20355348003357224,-0.48204891989305076,-2.8106575377698495,-0.12661108064346915,0.2660705685450685,0.21613276113563715,,,,,,,20.880,
1763049955.588047,865,107;108;110;200;201,68.034;42.492;14.599;90.446;78.199,-0.22331068702480317,-0.5078163396803093,-2.7961767182906736,-0.13256251474081823,0.2844223368648935,0.20170059987333738,,,,,,,22.203,
1763049955.688668,866,107;108;200;201;202,71.617;43.707;92.271;78.701;44.882,-0.17344866613563148,-0.4901476467322187,-2.798143540839991,-0.12591265355877965,0.27568535323071264,0.20460304566822757,,,,,,,20.820,
1763049955.784027,867,107;108;110;200;201;202,72.406;47.319;15.840;90.851;74.977;52.881,-0.14547324597348832,-0.4840185259153537,-2.7929723568242952,-0.1159994287473192,0.2743977695699818,0.20116716820142394,,,,,,,20.276,
1763049955.887019,868,107;108;200;201;202,72.733;47.229;86.150;74.699;50.326,-0.117208000324773,-0.4772780814279154,-2.7990461853561595,-0.11388017720338893,0.2707643820326201,0.20400557672413414,,,,,,,19.692,
1763049955.983582,869,107;108;200;201;202,72.702;48.477;91.393;73.112;49.727,-0.095546904196405,-0.48107109496869416,-2.808860799537559,-0.11224285021195551,0.2665115966221413,0.20585336208820784,,,,,,,19.599,
1763049956.082593,870,107;108;200;201;202,72.708;46.243;92.144;74.434;42.219,-0.08765646404798609,-0.4834760374500795,-2.81451790155288,-0.11280691964208446,0.2650495200021855,0.20653329757152258,,,,,,,19.604,
1763049956.177750,871,107;108;200;201,71.218;49.037;89.846;79.357,-0.13164111429012484,-0.5171579500041553,-2.8203257015301264,-0.13065526476571776,0.2822317047044676,0.1992871670993259,,,,,,,21.230,
1763049956.278000,872,107;108;200;201,71.130;50.146;89.642;77.603,-0.1625671856381218,-0.5443257656909845,-2.8264836075046618,-0.1430966937505138,0.29499624290047693,0.19403563576688843,,,,,,,22.536,
1763049956.376064,873,107;108;200;201;202,72.163;48.324;88.765;80.941;47.824,-0.27053482845141413,-0.516718555287274,-2.8043756986409463,-0.14514239579742508,0.2873575527624279,0.20918143206317594,,,,,,,23.269,
1763049956.478285,874,107;108;110;200;201;202,69.356;47.195;14.104;93.863;79.864;52.999,-0.20828778642861975,-0.4962082993245825,-2.798288499649458,-0.13120283861307114,0.2789104417034589,0.2051621488676801,,,,,,,21.537,
1763049956.574471,875,107;108;200;201,70.114;48.589;93.019;73.027,-0.2147528337600365,-0.5390053294581839,-2.816711680056572,-0.14190607455208443,0.28956484809702243,0.1984327567388037,,,,,,,23.071,
1763049956.674949,876,107;108;200;201,70.726;50.376;83.773;70.130,-0.22419993194669424,-0.5704901033001418,-2.828069183458844,-0.15078027648092457,0.30290175485476417,0.19168999841746132,,,,,,,24.268,
1763049956.774789,877,107;108;200;201;202,72.448;44.738;90.315;77.603;53.629,-0.1673709711703412,-0.5297862314149078,-2.822939829525472,-0.13678116278261054,0.28665786022746964,0.19830201747656762,,,,,,,22.072,
1763049956.870560,878,107;108;200;201;202,72.732;42.671;87.645;79.442;47.570,-0.27682355186787866,-0.5020261896072264,-2.7956502808361643,-0.13857538326711077,0.27994427374243436,0.21202904117504265,,,,,,,22.935,
1763049956.969669,879,107;108;200;201,70.200;45.777;85.775;74.665,-0.26735188152356537,-0.5312029091679324,-2.804693494981575,-0.1476590405017085,0.2933864574172929,0.20306875494805707,,,,,,,23.714,
1763049957.068868,880,107;108;200;201;202,74.682;49.839;89.231;81.579;45.191,-0.206538274881996,-0.5113468631511431,-2.8075798023066016,-0.13918225653442562,0.2864665281999656,0.20366487095515565,,,,,,,22.005,
1763049957.169122,881,107;108;200;201;202,71.258;50.990;91.532;81.645;57.273,-0.15025525607708914,-0.49027010418512806,-2.811509929243333,-0.13038133915372216,0.2760158938701074,0.20707336428349538,,,,,,,20.463,
1763049957.266716,882,107;108;200;201,73.619;47.012;90.626;72.999,-0.1762332350946891,-0.5298271586377754,-2.820197948252486,-0.14026012285494316,0.28930209172514426,0.19826708038690202,,,,,,,22.197,
1763049957.367771,883,107;108;200;201;202,69.842;51.283;91.785;77.642;55.320,-0.12955674543283557,-0.5089795733761017,-2.823915286570863,-0.1312969684492771,0.27776465512193554,0.20275020234450913,,,,,,,20.879,
1763049957.466609,884,107;108;200;201;202,73.001;50.392;84.773;81.246;48.365,-0.10904537070634246,-0.49136934419414574,-2.817612882250342,-0.12774788215231603,0.2761164576250964,0.20506918403279278,,,,,,,20.057,
1763049957.567083,885,107;108;200;201,73.113;50.103;93.574;83.117,-0.14534181409903016,-0.518813423741633,-2.8206985760231365,-0.1406055690853883,0.2890272857377519,0.19854804346316957,,,,,,,21.429,
1763049957.662705,886,107;108;200;201;202,71.762;50.243;90.363;73.790;47.768,-0.11654453772765463,-0.5113417610012019,-2.825358904906982,-0.13262830143518017,0.2807770393358414,0.201476820808225,,,,,,,20.841,
1763049957.764299,887,107;108;200;201;202,69.902;49.719;91.185;80.966;53.100,-0.09140574153591749,-0.49035400076809654,-2.8229565708364586,-0.12683375353418885,0.2720061100835064,0.20553230389680052,,,,,,,19.850,
1763049957.862485,888,107;108;200;201,68.532;48.018;85.613;75.775,-0.13504536774179524,-0.5249688431105985,-2.826211046905576,-0.14068373450253058,0.2883180077835076,0.1985009670418941,,,,,,,21.524,
1763049957.959401,889,107;108;200;201;202,72.975;46.387;91.981;79.483;50.751,-0.10817833405325158,-0.5014060780056427,-2.8207862440527887,-0.1311554749963702,0.2775741356746829,0.20271516651715143,,,,,,,20.417,
1763049958.059341,890,107;108;200;201;202,71.814;49.475;91.007;77.341;51.848,-0.08867097288278969,-0.49082663448477387,-2.821805444462529,-0.12525797078409412,0.27115489188822123,0.20568276694343254,,,,,,,19.855,
1763049958.161247,891,107;108;200;201;202,71.797;48.612;90.271;77.760;46.402,-0.21679677511976556,-0.4871592491934033,-2.808214676631795,-0.1323173412245548,0.2697590303953976,0.21455447398318858,,,,,,,21.285,
1763049958.258463,892,107;108;200;201;202,71.999;50.338;89.227;74.311;50.407,-0.16357707321182624,-0.48520837654826154,-2.816000872799724,-0.12628897809397682,0.26683753655378445,0.2123135593931335,,,,,,,20.408,
1763049958.358502,893,107;108;200;201;202,72.063;46.799;90.357;69.658;49.735,-0.1278650785664639,-0.4861203452768236,-2.822734613477861,-0.12009495046354313,0.2629104839677316,0.21093227735168776,,,,,,,20.002,
1763049958.453750,894,107;108;200;201,73.310;50.058;92.350;84.434,-0.1592623048836294,-0.5148485959005283,-2.8216109648686323,-0.1358660645643996,0.2813946464252085,0.20296862790970238,,,,,,,21.429,
1763049958.556691,895,107;108;200;201;202,74.886;46.535;93.823;80.662;53.113,-0.1245140885778827,-0.49324804072378164,-2.8167395771802117,-0.12712055399852565,0.27257099617945313,0.20627027038290233,,,,,,,20.274,
1763049958.686081,896,107;108;200;201;202,74.055;46.721;92.063;80.260;51.445,-0.10233685225739428,-0.4807809502701718,-2.8130446122592954,-0.12182347488909985,0.26767296695906034,0.20863304287078807,,,,,,,19.619,
1763049958.788158,897,107;108;200;201,75.101;47.802;89.841;80.498,-0.14831908416421202,-0.5136615077256478,-2.8139096690507226,-0.13582641384627434,0.28544244989354595,0.20099335689056597,,,,,,,21.307,
1763049958.884485,898,107;108;200;201;202,71.301;49.819;91.925;75.659;49.581,-0.11600002342748855,-0.5035268419360439,-2.8193455335113438,-0.12886332144580856,0.27650321313034165,0.20392936108263854,,,,,,,20.573,
1763049958.981051,899,107;108;200;201,70.501;46.143;87.436;77.674,-0.15309505460352207,-0.5305491757561761,-2.820454775385304,-0.14095815252159652,0.290533662483143,0.1972738236242346,,,,,,,21.954,
1763049959.082243,900,107;108;200;201,71.579;50.778;88.855;79.949,-0.17788115010704977,-0.5508396771735168,-2.824244307103918,-0.150772814887331,0.3019045002450983,0.1924985951654622,,,,,,,22.969,
1763049959.181810,901,107;108;200;201,72.743;47.301;87.987;76.888,-0.19830723637777833,-0.5653814494723455,-2.8249565881190213,-0.15601051632316296,0.30899227613982755,0.18880706233411337,,,,,,,23.754,
1763049959.280628,902,107;108;200;201;202,71.581;48.497;86.052;75.406;49.757,-0.15280321452950166,-0.5349359650674318,-2.8238735405049162,-0.14304757299650242,0.2950451252787855,0.19508800420148864,,,,,,,22.095,
1763049959.378427,903,107;108;200;201;202,71.841;47.052;94.258;73.287;51.237,-0.11814842096313966,-0.5188329763655324,-2.826663837951983,-0.13181341391608878,0.28093950139347906,0.2000761645361545,,,,,,,21.133,
1763049959.478526,904,107;108;200;201;202,73.628;48.796;93.197;79.405;49.338,-0.09774321631706974,-0.5022820195786801,-2.823839971859345,-0.126190907333014,0.27385688319507895,0.20382432966885294,,,,,,,20.351,
1763049959.579368,905,107;108;200;201;202,73.870;48.546;92.486;70.320;48.951,-0.08250497377015975,-0.5024285059781181,-2.82897482418434,-0.12037733834509427,0.2686727683353916,0.20514888266922224,,,,,,,20.222,
1763049959.679449,906,107;108;200;201;202,71.621;48.655;94.716;74.566;50.693,-0.06908603562536972,-0.49751382469495714,-2.8301618118964806,-0.1168470768086921,0.26299061495081133,0.20714168637203856,,,,,,,19.947,
1763049959.779161,907,107;108;200;201;202,73.009;48.090;90.732;77.250;50.533,-0.20769668606983702,-0.4885091620455968,-2.8127719878703337,-0.1252231082066581,0.26281836618015636,0.2157567741673692,,,,,,,21.164,
1763049959.871607,908,107;108;200;201,72.346;52.609;91.934;78.168,-0.2133560406088942,-0.5284956083375324,-2.8233789533797102,-0.13988237902603007,0.2818090635361877,0.20601226049828136,,,,,,,22.628,
1763049959.981239,909,107;108;200;201,72.346;52.609;91.934;78.168,-0.2133560406088942,-0.5284956083375324,-2.8233789533797102,-0.13988237902603007,0.2818090635361877,0.20601226049828136,,,,,,,22.628,
1763049960.076607,910,107;108;200;201,70.632;48.251;93.874;74.308,-0.2182110117981143,-0.5581523892714086,-2.831852833417826,-0.1474912244705373,0.29130366059194707,0.19885270663687674,,,,,,,23.713,
1763049960.173580,911,107;108;200;201;202,72.509;49.395;90.746;79.041;51.764,-0.1652276715023597,-0.5289895937933495,-2.828854262784435,-0.13702405190812506,0.2810461816141456,0.20238399701881443,,,,,,,21.981,
1763049960.272653,912,107;108;200;201;202,73.167;48.044;92.465;79.605;45.229,-0.1345947535302119,-0.5105003729565791,-2.8251911161121135,-0.13076844692692235,0.2748499190440855,0.20427420909852365,,,,,,,20.978,
1763049960.374184,913,107;108;200;201;202,72.146;49.817;94.130;77.630;49.792,-0.24915713991773675,-0.501677547594217,-2.81072911679199,-0.13534924194485817,0.2705685537977822,0.21536934612474903,,,,,,,22.325,
1763049960.469215,914,107;108;200;201;202,71.811;49.027;88.440;78.015;51.445,-0.1880491885359905,-0.4878449286719503,-2.813174722060297,-0.12843813259393685,0.26709944942452996,0.21364151549563634,,,,,,,20.848,
1763049960.564257,915,107;108;200;201,71.505;46.373;94.325;79.833,-0.20123388899123032,-0.5184112306469184,-2.8176665536601275,-0.13960226763135447,0.2804420008807445,0.20535056190352988,,,,,,,22.124,
1763049960.668546,916,107;108;200;201;202,73.539;48.686;91.408;79.050;50.701,-0.15403018730533954,-0.4998400500738459,-2.8174896200958903,-0.1312270157784258,0.2736601067996421,0.20659288527340158,,,,,,,20.831,
1763049960.765936,917,107;108;200;201,73.300;47.076;94.150;81.573,-0.1780654609103823,-0.5256661297858235,-2.818083843710956,-0.14195150331666326,0.28684050826148927,0.20015323416983732,,,,,,,22.079,
1763049960.867036,918,107;108;110;200;201;202,70.242;50.651;16.039;89.060;74.955;51.531,-0.14762489352400093,-0.5109052890429661,-2.809633317935893,-0.12905527683572124,0.2832653947254515,0.19723962961273808,,,,,,,21.221,
1763049960.963587,919,107;108;200;201,74.509;49.672;91.517;78.358,-0.17590215142183185,-0.540876907632969,-2.8174117213508,-0.14070957033944442,0.2953421064238284,0.19179879491748406,,,,,,,22.620,
1763049961.060926,920,107;108;200;201,69.223;48.909;83.869;75.019,-0.1959745710894264,-0.5612738990213569,-2.82208963123413,-0.1507626207134448,0.3058657898234496,0.18881891585565747,,,,,,,23.592,
1763049961.162503,921,107;108;200;201;202,73.956;48.641;93.015;83.612;49.509,-0.15318813834616662,-0.5254014811929353,-2.818460011147925,-0.1398397256090384,0.29200103459205534,0.1962116916051883,,,,,,,21.774,
1763049961.259518,922,107;108;200;201;202,70.956;48.549;91.638;76.044;51.409,-0.11785804072466319,-0.507610989373685,-2.8209976765215714,-0.13075728919827503,0.2799146069073322,0.20085588061871307,,,,,,,20.735,
1763049961.359512,923,107;108;110;200;201;202,72.827;51.377;15.386;93.181;73.213;54.782,-0.10010065076612804,-0.5013491849912842,-2.815390858282193,-0.11980465146837065,0.27700477971628423,0.19820920445581602,,,,,,,20.381,
1763049961.458209,924,107;108;200;201;202,74.208;50.234;93.077;82.214;47.099,-0.08810159597425903,-0.48936452074916026,-2.8162453474082776,-0.11932162759776063,0.2727148140197359,0.2017119724643544,,,,,,,19.825,
1763049961.554928,925,107;108;200;201;202,75.703;51.699;93.867;79.730;50.777,-0.077861038564659,-0.485367423934138,-2.818910088143753,-0.11784513724397179,0.269655098762771,0.20437312539400113,,,,,,,19.588,
1763049961.660635,926,107;108;200;201;202,70.277;44.704;93.437;78.160;49.735,-0.06728350398980576,-0.4753319509509477,-2.8158492555035717,-0.11495235021717401,0.26309640121492617,0.2077069725348702,,,,,,,19.152,
1763049961.754261,927,107;108;200;201;202,73.467;46.901;90.488;78.536;49.649,-0.06330760475239829,-0.4681135293425624,-2.8143414782354625,-0.11349028944554934,0.26168835914828237,0.2089033776385609,,,,,,,18.857,
1763049961.855211,928,107;108;200;201;202,74.648;50.202;93.118;82.763;59.542,-0.05116393196235955,-0.45682913175187895,-2.812296733249575,-0.1114968207094934,0.25872203056307813,0.2109587595040896,,,,,,,18.367,
1763049961.953093,929,107;108;200;201;202,70.852;45.533;91.737;80.003;53.789,-0.045936290537490494,-0.45034592627729436,-2.809948260843814,-0.10997077979694753,0.2554380460796351,0.2129814859482812,,,,,,,18.102,
1763049962.049445,930,107;108;200;201;202,74.506;46.541;90.571;73.237;47.763,-0.05097847018081193,-0.4600727879027174,-2.813886153477224,-0.10930276174028655,0.25669965453397775,0.21164050539535656,,,,,,,18.486,
1763049962.148241,931,107;108;200;201,74.060;47.667;85.663;77.957,-0.11090547796998967,-0.5000488354922885,-2.816435652567563,-0.12752196609548094,0.27958771805396476,0.20139748378141253,,,,,,,20.412,
1763049962.249749,932,107;108;200;201;202,72.784;47.088;90.887;82.111;53.113,-0.09063440340398426,-0.4801284934185134,-2.810858469426395,-0.12209598352073779,0.2723486860430846,0.20620283195815042,,,,,,,19.515,
1763049962.349205,933,107;108;200;201;202,75.581;49.021;89.139;74.857;56.991,-0.07277069906306274,-0.473914873290259,-2.8130435618704563,-0.11666413312298571,0.26766212505559195,0.2074715674086003,,,,,,,19.144,
1763049962.447633,934,107;108;200;201;202,68.481;45.926;93.960;80.006;53.357,-0.05851598105606024,-0.46072983729284683,-2.8120039194523248,-0.11366981387101933,0.25977475487160795,0.21107131778145402,,,,,,,18.556,
1763049962.547948,935,107;108;200;201;202,72.218;49.457;87.555;79.375;52.998,-0.053671378593171636,-0.45625001256503106,-2.811368128728191,-0.1132360177494081,0.26010661448886657,0.211909065261333,,,,,,,18.361,
1763049962.645075,936,107;108;110;200;201,72.632;46.034;11.422;92.395;74.379,-0.11613865274413256,-0.5044914860580945,-2.8086320022217,-0.12394173190309711,0.2809806816380746,0.19752648369093373,,,,,,,20.672,
1763049962.745947,937,107;108;200;201;202,70.418;47.178;86.526;76.834;49.681,-0.09442153637002344,-0.4884922480561551,-2.8098180250353835,-0.12039118009388504,0.2745306958959333,0.2021907675495129,,,,,,,19.872,
1763049962.841449,938,107;108;200;201,70.934;46.901;87.663;76.596,-0.13876095845591274,-0.5213043032381758,-2.815754729794392,-0.13523504180955542,0.28901407737032375,0.1956703748363142,,,,,,,21.485,
1763049962.941571,939,107;108;200;201;202,72.183;50.398;91.352;79.858;48.750,-0.11189904313119932,-0.5037406983340079,-2.817971027344878,-0.1293605659109689,0.2808889909531004,0.20043883966938686,,,,,,,20.553,
1763049963.041839,940,107;108;200;201;202,73.749;50.067;93.886;75.818;48.069,-0.09397126761186878,-0.5001005476404046,-2.822489920497511,-0.12429557309789384,0.2743041215344393,0.202699823752683,,,,,,,20.247,
1763049963.141083,941,107;108;200;201;202,72.375;47.679;94.381;80.711;50.589,-0.22319121709806392,-0.4871811660456417,-2.8044347570522694,-0.13059721558603085,0.2689503182614706,0.21426649013859803,,,,,,,21.411,
1763049963.242603,942,107;108;200;201;202,70.134;47.147;85.198;75.968;50.971,-0.32055705415275315,-0.4771472163742457,-2.7886800069044835,-0.13491552610007268,0.26789108262966455,0.22402448978646017,,,,,,,23.039,
1763049963.339395,943,107;108;200;201;202,71.946;47.318;91.194;81.016;52.382,-0.23628768890972965,-0.4661242097572034,-2.7950300048356023,-0.1277181837176309,0.2631674685501173,0.21952017274438967,,,,,,,20.943,
1763049963.438195,944,107;108;200;201;202,71.194;46.802;91.357;76.543;41.862,-0.1849455756693081,-0.4708924362567565,-2.803039558970498,-0.12464499949556881,0.2627579643476661,0.21569871171569974,,,,,,,20.240,
1763049963.536409,945,107;108;200;201;202,74.221;50.408;89.435;78.629;48.031,-0.2868835940052519,-0.47310746530779063,-2.7924066205112754,-0.13164808389314747,0.2654807072590665,0.22230329132191642,,,,,,,22.169,
1763049963.635186,946,107;108;200;201;202,71.598;48.442;88.729;74.801;48.892,-0.36019374247994895,-0.4761435726179,-2.783680207987128,-0.13525586692027644,0.26585807996603644,0.22966041282656777,,,,,,,23.944,
1763049963.738072,947,107;108;200;201;202,68.791;47.344;89.055;77.972;45.182,-0.40338372782760357,-0.4722269034718214,-2.77504758183041,-0.13825049838605732,0.2650937931518442,0.23505969364163137,,,,,,,24.946,
1763049963.832261,948,107;108;200;201;202,74.061;48.472;92.971;84.748;53.907,-0.2956867346572544,-0.4612571582830506,-2.7863583782213888,-0.13071929239649563,0.26141539364071203,0.22642596777880905,,,,,,,21.993,
1763049963.934001,949,107;108;200;201;202,72.324;46.261;91.809;78.348;49.907,-0.22243003682938076,-0.46018475350282023,-2.7955723183784023,-0.12480495432621237,0.25922306953880253,0.22120781745087242,,,,,,,20.487,
1763049964.029502,950,107;108;200;201,75.730;48.921;89.116;78.143,-0.22955232089760377,-0.5024945440715785,-2.8047610124125697,-0.13812779704615763,0.28036910464497733,0.20938752636452906,,,,,,,22.060,
1763049964.129746,951,107;108;200;201;202,74.688;49.132;92.714;73.083;50.668,-0.3214068828266496,-0.5019336309714927,-2.795823704619752,-0.13896684703037337,0.27535318478822624,0.21962809985408216,,,,,,,23.825,
1763049964.275490,952,107;108;200;201;202,72.809;49.382;91.774;80.571;51.473,-0.23829309525089956,-0.48673545462108964,-2.804384664478954,-0.1310386325651739,0.26913488186208095,0.2159471250781766,,,,,,,21.650,
1763049964.361986,953,107;108;200;201,72.218;48.578;93.416;76.543,-0.2362998422719344,-0.5263291561422689,-2.8156573469775585,-0.1419954367095665,0.28339484478729954,0.20639902282124478,,,,,,,22.950,
1763049964.460972,954,107;108;110;200;201,71.271;48.173;16.154;88.577;77.952,-0.24965897842202067,-0.5454365910021707,-2.8028049724644344,-0.14475944628706391,0.3008107113400574,0.19280846763677198,,,,,,,23.929,
1763049964.566590,955,107;108;200;201;202,73.845;49.361;89.332;78.220;57.120,-0.18407604724520796,-0.5166892427985953,-2.8078788283968623,-0.1332244129228694,0.2872619228704523,0.19829816712393347,,,,,,,21.886,
1763049964.667540,956,107;108;200;201,71.586;52.047;90.769;77.754,-0.19897854003034857,-0.5472357570298046,-2.8209668841349678,-0.14522665494220718,0.2983035663742469,0.19300703869637206,,,,,,,23.124,
1763049964.755914,957,107;108;200;201,73.534;50.846;93.820;77.346,-0.20941997992608594,-0.5706376825125934,-2.8287943581030772,-0.15204759180363703,0.30509193812920216,0.18934368197709908,,,,,,,24.065,
1763049964.862072,958,107;108;200;201;202,72.663;48.143;90.972;82.306;56.347,-0.15586321284401114,-0.5281984065129014,-2.821842630527414,-0.13902240571708296,0.28872810514233116,0.19746310475389098,,,,,,,21.888,
1763049964.957095,959,107;108;200;201;202,73.083;45.555;91.236;79.102;51.553,-0.12254383979095612,-0.504048389137341,-2.8164516487450966,-0.12981020194109222,0.2780808759089447,0.202242083785334,,,,,,,20.668,
1763049965.057396,960,107;108;110;200;201;202,73.859;50.755;15.213;94.813;76.751;48.957,-0.11267202995871439,-0.49989515463266504,-2.8101525303291828,-0.12099489042132242,0.27711907243394834,0.19915229038201027,,,,,,,20.457,
1763049965.152998,961,107;108;200;201;202,71.689;43.666;89.974;81.949;51.517,-0.09288226847684547,-0.4753149577861686,-2.8028847975918936,-0.1171768315872994,0.2695289347777311,0.20451630131032011,,,,,,,19.388,
1763049965.263083,962,107;108;200;201,74.279;51.445;95.505;85.947,-0.13510752983055527,-0.5079955935295101,-2.810695198248376,-0.13398283582980686,0.28453097600796096,0.1983396467536753,,,,,,,20.973,
1763049965.356227,963,107;108;200;201;202,70.141;52.334;92.025;80.968;51.956,-0.10413788849663057,-0.4932607951809851,-2.8157513679808677,-0.12874458520022566,0.27639726566119044,0.2030630313412309,,,,,,,20.099,
1763049965.453574,964,107;108;200;201;202,73.311;46.739;92.022;74.955;51.664,-0.08552251748664777,-0.48589955740532026,-2.8170425518307134,-0.12168403155117584,0.2693428829066398,0.20571634596031046,,,,,,,19.669,
1763049965.551780,965,107;108;200;201,74.514;47.992;91.575;75.429,-0.13215612545945313,-0.5272859218733567,-2.8244437447956163,-0.13465022712682562,0.28513825081745897,0.19715465534782714,,,,,,,21.594,
1763049965.688168,966,107;108;200;201;202,72.122;47.820;88.922;72.080;49.318,-0.10526146713545204,-0.5143375967292907,-2.8266352412086104,-0.1266849783375799,0.277052835172174,0.200674344417125,,,,,,,20.855,
1763049965.783072,967,107;108;200;201,73.463;49.492;89.774;73.631,-0.1460056227094434,-0.5500113192429757,-2.83364609876998,-0.1388218729914091,0.2915040057608063,0.19334638121511702,,,,,,,22.529,
1763049965.884830,968,107;108;200;201;202,71.493;47.786;84.092;78.941;55.197,-0.2750137282569798,-0.515110826673389,-2.806130333301901,-0.14197399790937504,0.28428465492718813,0.2106774824023743,,,,,,,23.284,
1763049965.984231,969,107;108;200;201;202,71.136;46.161;94.021;74.117;50.105,-0.20322413393674785,-0.5026240851402308,-2.8143448402848508,-0.1312216036327459,0.2732274793513924,0.20984959870762407,,,,,,,21.599,
1763049966.079514,970,107;108;200;201;202,70.465;50.129;85.097;76.690;52.777,-0.30896810507851286,-0.4898751778369878,-2.797680997453056,-0.13639948767564963,0.2717424683513604,0.22132076563060368,,,,,,,23.152,
1763049966.180513,971,107;108;200;201,70.552;48.825;95.875;76.742,-0.2848366701122431,-0.5306301860230382,-2.8146482153746732,-0.14604145660424322,0.28384604976537503,0.21092722415109877,,,,,,,23.943,
1763049966.278456,972,107;108;200;201;202,75.467;46.248;96.231;76.561;49.862,-0.21470648087522973,-0.5135951070707984,-2.817630627873063,-0.13406406051953457,0.2736457680808839,0.20938143374084306,,,,,,,22.146,
1763049966.376820,973,107;108;200;201;202,72.821;51.294;90.321;83.920;54.249,-0.1607913114279226,-0.4902842610197473,-2.8152583276546856,-0.12827615393815447,0.26904120622686134,0.21054695440647933,,,,,,,20.567,
1763049966.474865,974,107;108;200;201;202,73.390;45.620;90.909;77.204;56.100,-0.1211256964525641,-0.47669984092291506,-2.8121870624213274,-0.12053079001132212,0.2629117160056314,0.21130191042914762,,,,,,,19.636,
1763049966.571630,975,107;108;200;201;202,76.544;51.203;88.338;80.580;45.417,-0.10741324604950728,-0.47575012202092887,-2.812403126895095,-0.12057159837099765,0.267124424312854,0.21023692563759447,,,,,,,19.472,
1763049966.678655,976,107;108;200;201,72.980;50.224;96.346;81.200,-0.14301020784172183,-0.5145259699126313,-2.8213198846083616,-0.13507462658222633,0.2812018578668475,0.20209450109669327,,,,,,,21.239,
1763049966.781325,977,107;108;200;201;202,71.881;51.301;91.783;73.994;50.925,-0.11024175852665453,-0.5069374991867428,-2.827541579264316,-0.1282583811601044,0.27423971995027235,0.20400168368008587,,,,,,,20.607,
1763049966.872435,978,107;108;200;201;202,71.700;51.147;89.884;79.692;52.639,-0.23771977891706525,-0.4930124782720355,-2.810608179575891,-0.13480657115453865,0.27149714473832176,0.21551804862814858,,,,,,,21.824,
1763049966.977155,979,107;108;200;201;202,70.679;45.599;88.461;78.104;50.469,-0.17954390579224372,-0.4778226829993543,-2.8102188264936956,-0.12732545816047602,0.26662035805680045,0.21456548818048118,,,,,,,20.378,
1763049967.067857,980,107;108;200;201;202,71.476;50.433;87.517;81.071;54.783,-0.1350438844236296,-0.4647245185403498,-2.811326947930776,-0.12293478976405553,0.2641376537933931,0.2145026751383983,,,,,,,19.329,
1763049967.168129,981,107;108;200;201;202,71.628;45.510;90.013;65.471;51.560,-0.10433098541859408,-0.47663760220259777,-2.820971556761149,-0.11612219238281724,0.2596549886354528,0.21270846508384475,,,,,,,19.434,
1763049967.265806,982,107;108;110;200;201;202,70.499;50.852;15.908;94.789;80.467;48.800,-0.09662777773214298,-0.47392617106601886,-2.810709791515497,-0.11228076655273395,0.2637563600785442,0.20730343036283186,,,,,,,19.322,
1763049967.363601,983,107;108;200;201;202,70.749;46.183;94.771;81.262;56.545,-0.07472256913430311,-0.46007298388560763,-2.8099750976641658,-0.10973150225298983,0.2572091256051325,0.2109837738821187,,,,,,,18.632,
1763049967.463740,984,107;108;200;201;202,71.845;47.915;92.670;81.668;51.711,-0.2122392469132723,-0.4565984791956101,-2.7949435327635164,-0.12057238957076882,0.2573255516468554,0.21890604363121602,,,,,,,20.191,
1763049967.561161,985,107;108;200;201;202,74.772;45.569;90.281;79.576;50.211,-0.16579327523458362,-0.4542677077373375,-2.7968163071291974,-0.11719795725764161,0.2575059951613856,0.21668665645449683,,,,,,,19.392,
1763049967.664770,986,107;108;200;201,72.610;48.232;90.144;75.589,-0.18707196006099,-0.5026219056448361,-2.8086227479331733,-0.13268562407779494,0.27730707076370525,0.20639213314593507,,,,,,,21.404,
1763049967.766428,987,107;108;200;201,72.610;48.232;90.144;75.589,-0.18707196006099,-0.5026219056448361,-2.8086227479331733,-0.13268562407779494,0.27730707076370525,0.20639213314593507,,,,,,,21.404,
1763049967.860764,988,107;108;200;201;202,71.718;48.183;84.201;79.341;46.130,-0.1503124597823057,-0.48685861249710843,-2.806765343045396,-0.12852061917612084,0.27542772790135883,0.2074198229450278,,,,,,,20.362,
1763049967.993756,989,107;108;110;200;201;202,72.470;47.682;17.281;94.211;73.493;49.196,-0.13303696298702739,-0.48749199139682037,-2.801101537610741,-0.11837907464579536,0.27433114281486176,0.20198919208535018,,,,,,,20.228,
1763049968.089916,990,107;108;200;201,69.730;47.257;86.327;74.489,-0.16609999431298395,-0.524052522913155,-2.8121394838477958,-0.13414970416102265,0.28887380070337243,0.1956904274268717,,,,,,,21.909,
1763049968.191858,991,107;108;200;201;202,72.394;45.417;93.322;80.005;58.878,-0.12359384103260021,-0.4955786679111079,-2.809748447454711,-0.1241535078903353,0.2751066611100513,0.20240301169358169,,,,,,,20.393,
1763049968.291095,992,107;108;200;201;202,73.410;51.798;94.923;76.424;46.696,-0.10340464998312417,-0.49737264313512447,-2.818984144427157,-0.12150760464739582,0.2707060640805219,0.203953425126102,,,,,,,20.233,
1763049968.387859,993,107;108;200;201;202,72.804;49.883;92.850;80.033;54.547,-0.08158296564507027,-0.48389600076779704,-2.818497453281416,-0.1180395495328868,0.26576176690589914,0.2072114804328791,,,,,,,19.557,
1763049968.486048,994,107;108;200;201;202,70.257;46.425;85.143;75.909;53.405,-0.22636089704500006,-0.47275066909625163,-2.7987991736824225,-0.12592170407482495,0.26439023668805783,0.21712213473467284,,,,,,,20.983,
1763049968.584766,995,107;108;200;201,70.743;47.999;89.295;80.841,-0.2292496047585779,-0.5054759389212982,-2.805535280273298,-0.1402192039083574,0.28207179221833745,0.20859604748248836,,,,,,,22.157,
1763049968.685992,996,107;108;110;200;201;202,71.717;47.567;14.439;87.856;83.784;51.338,-0.18588489547644405,-0.48266132672601186,-2.7915045910219787,-0.12911455999062293,0.27963044248394364,0.20497603297168648,,,,,,,20.751,
1763049968.783228,997,107;108;200;201;202,73.187;48.294;92.955;77.425;54.312,-0.1404815509617843,-0.47637370885701436,-2.8011004082575015,-0.12219574096121533,0.27131905637449977,0.20713861085333654,,,,,,,19.886,
1763049968.883332,998,107;108;200;201;202,74.533;47.713;90.707;77.079;51.044,-0.11344845419224579,-0.47199133869810606,-2.80542919397849,-0.11812262698578231,0.267018927798446,0.2078431089659697,,,,,,,19.419,
1763049968.982379,999,107;108;200;201;202,73.396;49.956;91.430;74.637;54.210,-0.08838151692327524,-0.47314106810981504,-2.812807855784958,-0.11489432596906551,0.26337988070634716,0.2090035652273618,,,,,,,19.218,
1763049969.079043,1000,107;108;200;201;202,73.564;49.687;92.117;72.324;53.358,-0.06931723029148028,-0.47671125171370765,-2.82018328100261,-0.11228842513304546,0.26023803030717335,0.20889461553636818,,,,,,,19.194,
1763049969.182485,1001,107;108;200;201;202,72.795;47.284;89.996;75.040;52.333,-0.05944369414250321,-0.47187546363082084,-2.8185919638798285,-0.11065028169034116,0.2584809084552785,0.2098452150106793,,,,,,,18.962,
1763049969.279325,1002,107;108;200;201;202,74.515;48.830;90.520;79.523;53.113,-0.05667689615821301,-0.46576954218633576,-2.8166360332657345,-0.11034819184506554,0.2588130345213506,0.21094798447830387,,,,,,,18.720,
1763049969.380176,1003,107;108;200;201;202,71.364;49.765;91.030;76.675;53.679,-0.04721103236983151,-0.46481620058836465,-2.8196593951664894,-0.1102013060788167,0.2572424568748614,0.2115836264758343,,,,,,,18.626,
1763049969.477392,1004,107;108;200;201;202,73.670;49.258;90.438;71.212;50.009,-0.0454252934113318,-0.47489123799350924,-2.8251929818008406,-0.10974500576715503,0.2579627157195704,0.21045597217099452,,,,,,,18.985,
1763049969.574095,1005,107;108;200;201,70.817;49.240;87.622;70.895,-0.10274748840692809,-0.5255718943440684,-2.8354007712696894,-0.12740681751793836,0.2778178471325327,0.19993176697800166,,,,,,,21.214,
1763049969.676073,1006,107;108;200;201,72.964;50.460;94.342;79.388,-0.14142634640181073,-0.5505424907434584,-2.8372881792582674,-0.13966164018361454,0.29019612721935323,0.19409437533110754,,,,,,,22.481,
1763049969.775556,1007,107;108;200;201;202,68.374;48.067;95.325;81.956;51.313,-0.10729909152820098,-0.5196469900440852,-2.8314794475759784,-0.131809638625294,0.2769112894774251,0.20125771334916,,,,,,,21.046,
1763049969.875242,1008,107;108;110;200;201;202,71.681;50.502;10.993;91.708;80.431;58.473,-0.09076954887924565,-0.49611308157954825,-2.8184555317757414,-0.12208009854246621,0.2721351715155618,0.20220452255117952,,,,,,,20.093,
1763049969.969836,1009,107;108;200;201,73.224;52.147;93.657;78.108,-0.1318801557167606,-0.5361369687070474,-2.829098286032631,-0.1368958445762704,0.28686255023417223,0.19531047679735308,,,,,,,21.898,
1763049970.071832,1010,107;108;200;201;202,72.469;51.057;88.883;78.068;49.127,-0.10693115969979734,-0.5159946299013215,-2.8279743271286053,-0.13063957854806307,0.280145953173481,0.19967959274622443,,,,,,,20.924,
1763049970.171047,1011,107;108;200;201;202,70.971;49.116;93.917;74.625;49.943,-0.08541860610124219,-0.505823723984704,-2.8306868535891385,-0.12464086887296215,0.27133680013684536,0.20310686255396854,,,,,,,20.362,
1763049970.268924,1012,107;108;200;201;202,72.189;47.950;94.363;76.886;51.307,-0.07169660591987048,-0.4953181969012012,-2.8288201526122414,-0.11990268936359967,0.2651212548846939,0.20636250932578873,,,,,,,19.883,
1763049970.368142,1013,107;108;200;201;202,74.845;47.259;86.497;78.314;50.851,-0.06680180080196756,-0.48038793250879486,-2.8217281789479967,-0.11691816052500238,0.2649592832991531,0.2078081457629728,,,,,,,19.315,
1763049970.466013,1014,107;108;200;201,71.753;48.852;87.843;72.420,-0.11746910182599213,-0.5263822464089628,-2.8305516327644735,-0.13225880918299007,0.28290480664249956,0.19831726794527246,,,,,,,21.391,
1763049970.566292,1015,107;108;200;201;202,71.501;51.711;90.257;85.148;50.359,-0.09615985623592944,-0.5009700152057368,-2.824376092344856,-0.128866007459135,0.27677589089987553,0.2033027582806302,,,,,,,20.285,
1763049970.666195,1016,107;108;200;201;202,68.849;47.119;95.086;72.977;47.797,-0.07753786913486219,-0.4979428970730864,-2.8288834007335977,-0.12301118298071785,0.2675935709809531,0.2058601255412857,,,,,,,20.018,
1763049970.766802,1017,107;108;200;201;202,70.875;48.579;93.349;75.654;50.058,-0.2122865073393103,-0.4946393588916849,-2.8156733537817153,-0.1297362756606592,0.26449354938806013,0.21564746963169057,,,,,,,21.439,
1763049970.860292,1018,107;108;200;201;202,73.946;47.906;94.085;82.969;52.269,-0.16153082670112032,-0.47925938766902004,-2.813006916888833,-0.12409244428035457,0.26097646552304804,0.21457921565325572,,,,,,,20.178,
1763049970.963421,1019,107;108;200;201;202,70.555;45.877;94.168;75.535;51.564,-0.27313310431655796,-0.47626068495923296,-2.800113822748519,-0.12862357374401637,0.2577029515861224,0.22364733841337603,,,,,,,21.954,
1763049971.062928,1020,107;108;200;201;202,73.827;48.329;90.933;77.127;55.538,-0.3592720884084951,-0.47162353502790766,-2.7853802458072336,-0.1317601229199984,0.25823453585032113,0.23148312611014596,,,,,,,23.770,
1763049971.160220,1021,107;108;200;201;202,75.216;50.170;93.408;78.436;54.701,-0.26353772170944784,-0.46977471673692206,-2.7999952478500316,-0.12529873248534779,0.25697173420808056,0.22307970904419164,,,,,,,21.547,
1763049971.258823,1022,107;108;200;201;202,75.063;48.705;91.464;80.676;56.206,-0.1952941878167059,-0.4620307927024471,-2.8038295212699462,-0.11999735568465499,0.25610089719984885,0.2192555050132727,,,,,,,20.066,
1763049971.359522,1023,107;108;200;201;202,72.137;49.328;95.777;79.139;54.551,-0.14578168179514023,-0.46148263223164104,-2.8111824019994427,-0.1164676890963678,0.25348264169887713,0.21739535195184043,,,,,,,19.330,
1763049971.455528,1024,107;108;200;201;202,73.024;50.279;87.574;79.419;57.260,-0.10977468146471642,-0.4546610515777444,-2.8118846598104867,-0.11422023017502127,0.2550327743252655,0.21637476820520565,,,,,,,18.687,
1763049971.555457,1025,107;108;200;201;202,71.991;49.022;91.800;77.911;52.651,-0.0885020397729656,-0.4575716545943017,-2.8145420534864884,-0.1133122467668776,0.25481273678374944,0.2158197634512292,,,,,,,18.607,
1763049971.654151,1026,107;108;200;201;202,68.952;47.288;94.009;80.736;47.778,-0.07491528974895184,-0.4550917027986061,-2.8141012944067123,-0.11360278117970965,0.25345555473851306,0.2155707346481291,,,,,,,18.418,
1763049971.752490,1027,107;108;200;201,76.569;50.525;93.748;75.575,-0.1254588710547675,-0.5100613299221107,-2.8251378051930014,-0.12936139819034204,0.27452290179821687,0.20394315029390467,,,,,,,20.874,
1763049971.851859,1028,107;108;200;201;202,68.566;48.270;87.794;78.666;50.614,-0.09921457858641375,-0.49128113949460683,-2.8225632775205183,-0.12495199478464789,0.2691458273146056,0.20710395032344692,,,,,,,19.946,
1763049971.952016,1029,107;108;200;201,72.763;51.271;89.916;78.080,-0.14013051908636542,-0.528037423006819,-2.8276963156501034,-0.13896971523559284,0.28687482866999636,0.1987469054616831,,,,,,,21.681,
1763049972.047994,1030,107;108;200;201,76.791;49.144;87.973;76.161,-0.17247021473621954,-0.5545059844308481,-2.8274075485654837,-0.14728175382672914,0.3007614938024029,0.19198922836800314,,,,,,,23.021,
1763049972.148160,1031,107;108;200;201,73.665;45.926;94.617;81.593,-0.19214578027545343,-0.5627861522290287,-2.824048266217116,-0.1525326444609199,0.30447846891080027,0.1897149468527597,,,,,,,23.586,
1763049972.248880,1032,107;108;200;201;202,74.641;52.010;92.156;76.277;45.004,-0.1530495796357042,-0.5454014810815863,-2.8292406763792624,-0.14239957253995314,0.2940092189614932,0.1943464438884622,,,,,,,22.456,
1763049972.349321,1033,107;108;200;201;202,72.748;50.802;95.283;84.767;51.550,-0.1202857361740104,-0.5169412644743213,-2.825694698521551,-0.13469587873014768,0.282170742063938,0.20045678371249695,,,,,,,21.085,
1763049972.446325,1034,107;108;200;201;202,72.817;50.044;92.844;77.313;50.514,-0.09687541919642316,-0.5031897198805289,-2.8269847191569784,-0.12782928655734702,0.2744561136469041,0.2039596122595384,,,,,,,20.361,
1763049972.548358,1035,107;108;200;201;202,71.546;46.687;93.140;75.930;46.716,-0.08366854147309598,-0.4953617865019191,-2.8258894871939906,-0.12305855647021925,0.26859652353770147,0.20633324398811376,,,,,,,19.974,
1763049972.842918,1036,107;108;200;201,72.337;49.849;92.681;75.874,-0.12845305349963757,-0.5344465084357182,-2.8330459650511486,-0.13661549806491327,0.283697524516662,0.1984023583464578,,,,,,,21.779,
1763049972.940487,1037,107;108;200;201;202,72.053;49.845;92.793;76.324;49.066,-0.10241127659943561,-0.518479752809431,-2.8330348295238164,-0.12971026383492937,0.2754530335832725,0.2023766576177407,,,,,,,20.954,
1763049973.041757,1038,107;108;200;201;202,70.467;48.695;88.408;75.517;54.522,-0.24048024524820288,-0.5031472056511348,-2.8142377717684037,-0.13451378083516485,0.27074335041548786,0.21516638793769982,,,,,,,22.206,
1763049973.141014,1039,107;108;200;201;202,72.355;48.032;91.387;73.136;56.492,-0.17510179764882103,-0.4931208390275604,-2.8195990079247975,-0.12481698174195388,0.26395586308396823,0.213470981398393,,,,,,,20.829,
1763049973.241470,1040,107;108;200;201;202,71.531;43.493;87.462;76.480;52.733,-0.13329053488655718,-0.4749941572720303,-2.8130819332448675,-0.11852048579086447,0.2599294516309422,0.2132838377060928,,,,,,,19.690,
1763049973.338706,1041,107;108;200;201;202,73.304;49.600;93.879;75.315;45.883,-0.10938944973270025,-0.479531634242692,-2.8192846947295163,-0.11715137963324422,0.2598517162108612,0.21156851741766441,,,,,,,19.597,
1763049973.437467,1042,107;108;200;201,74.665;45.159;92.225;78.519,-0.14965740531440702,-0.5133848430006666,-2.819438177974061,-0.1307477960431401,0.27733333326994436,0.202615077697177,,,,,,,21.279,
1763049973.536172,1043,107;108;200;201;202,71.031;50.905;92.526;76.498;52.961,-0.11374095922484856,-0.5004718086202662,-2.8241732738139165,-0.12463084081415479,0.2703072693353845,0.20550705949735837,,,,,,,20.409,
1763049973.633765,1044,107;108;200;201,74.568;49.941;93.296;85.343,-0.15188375498621992,-0.5232215962163904,-2.8221601948752295,-0.13855559210231674,0.2862528588462222,0.19924751323133444,,,,,,,21.656,
1763049973.734133,1045,107;108;200;201;202,72.881;51.160;88.879;75.169;54.732,-0.11563231386454853,-0.5082431069372627,-2.825711260519398,-0.12978081835343253,0.27764902848888745,0.2025022501288601,,,,,,,20.713,
1763049973.834870,1046,107;108;200;201;202,75.096;52.079;90.075;79.237;52.357,-0.09389620577810275,-0.4976747602089026,-2.824396810379118,-0.1252154508930192,0.274112293842058,0.2049029656524005,,,,,,,20.142,
1763049973.931573,1047,107;108;200;201,73.532;50.583;93.703;79.441,-0.134322974201359,-0.5305094522386485,-2.828647640211075,-0.13839303828416577,0.28817720593161283,0.19756713024473183,,,,,,,21.711,
1763049974.033686,1048,107;108;200;201;202,73.176;45.771;93.953;78.837;50.475,-0.10805584998675966,-0.5078451259153688,-2.823480536553464,-0.12932595295534524,0.27699913241974117,0.20256747379581236,,,,,,,20.647,
1763049974.127959,1049,107;108;200;201,71.935;50.266;92.074;80.143,-0.14423376807821656,-0.5370143417924343,-2.8274170874132105,-0.14209781039010783,0.2906053944227294,0.19634866810571994,,,,,,,22.062,
1763049974.228147,1050,107;108;200;201,69.503;46.724;89.035;78.540,-0.17103261161749955,-0.5520271502602481,-2.826047514889378,-0.15028306234280003,0.2991587244561655,0.1925354856918183,,,,,,,22.922,
1763049974.326176,1051,107;108;200;201,70.796;50.261;94.034;78.838,-0.18685049782061605,-0.5708510010457547,-2.8320145903404557,-0.1561031251069186,0.30469980469776536,0.1895628887776501,,,,,,,23.765,
1763049974.494898,1052,107;108;200;201;202,71.021;49.693;93.922;75.963;55.253,-0.1368556331129683,-0.5386304388496534,-2.833919335849345,-0.141239929028203,0.2870558096599181,0.19670887093184383,,,,,,,22.010,
1763049974.591448,1053,107;108;200;201;202,72.321;46.494;94.460;78.164;49.567,-0.10931297070306568,-0.5146808343515006,-2.8290790294920276,-0.1315273563769603,0.2760126127131697,0.20161236331989923,,,,,,,20.886,
1763049974.691442,1054,107;108;200;201;202,70.819;48.217;87.006;79.358;55.137,-0.0866678389193147,-0.4899930671352413,-2.822347795594002,-0.12513052908881425,0.2697637789720719,0.20640508489163542,,,,,,,19.806,
1763049974.787820,1055,107;108;200;201,70.861;44.703;93.769;82.093,-0.13039826471878077,-0.5142358149460292,-2.820233135551861,-0.13733046084501252,0.28196541125892055,0.2004146371549117,,,,,,,21.108,
1763049974.887245,1056,107;108;200;201,70.070;50.858;94.168;78.142,-0.15760510898478694,-0.5451220852090461,-2.8302407090279016,-0.14750825827485195,0.2920151903825968,0.19495095121720082,,,,,,,22.488,
1763049974.988829,1057,107;108;200;201;202,73.641;49.559;93.240;78.484;56.462,-0.11895437648441887,-0.5175251697990462,-2.8287866545239537,-0.13531877468670497,0.2791231624660661,0.20019826927510914,,,,,,,21.077,
1763049975.086697,1058,107;108;200;201;202,69.971;49.308;95.701;83.471;47.704,-0.23344623010969515,-0.5010642656602584,-2.8113517706756403,-0.1398923301955567,0.2732182947461404,0.21337216510567583,,,,,,,22.033,
1763049975.186164,1059,107;108;200;201,74.055;47.932;93.149;80.431,-0.23572014691699886,-0.5298174441435466,-2.8153886780005033,-0.14830551478266923,0.28756792594934594,0.20480973990551365,,,,,,,23.067,
1763049975.283180,1060,107;108;200;201;202,74.172;45.044;92.450;78.453;53.984,-0.1768098461588358,-0.5036406711098037,-2.812423306318726,-0.13488418348692108,0.27550571770552806,0.20633304856379425,,,,,,,21.282,
1763049975.386072,1061,107;108;200;201;202,75.303;49.136;94.968;74.515;51.833,-0.13556001275039212,-0.49898101735658573,-2.8193157761876675,-0.12636075071810404,0.2687072337220724,0.20676827596306588,,,,,,,20.587,
1763049975.480286,1062,107;108;200;201;202,74.053;48.239;92.596;78.091;50.687,-0.10758682231750184,-0.4880423268274941,-2.817841080681559,-0.1212534383804471,0.2646185026334797,0.20748187045564462,,,,,,,19.916,
1763049975.583110,1063,107;108;200;201;202,74.969;49.814;95.095;78.222;52.335,-0.08770500520232107,-0.48388516301024914,-2.820015113624124,-0.11760291664814339,0.2614816621694073,0.20835357942040608,,,,,,,19.590,
1763049975.683106,1064,107;108;200;201,69.419;50.403;92.501;77.380,-0.12804336338910471,-0.52207896742693,-2.82968095155625,-0.13375534971112643,0.2774553063171603,0.20056096201425452,,,,,,,21.327,
1763049975.783532,1065,107;108;200;201;202,73.876;50.201;95.133;79.742;52.667,-0.1009032559379113,-0.5045116975598258,-2.8284307473232886,-0.12676221751607572,0.27036171375599516,0.20407921097275122,,,,,,,20.434,
1763049975.882374,1066,107;108;200;201;202,73.944;50.560;89.715;78.308;52.678,-0.08324178901681643,-0.4918404488860641,-2.8252231368761764,-0.1224062644789209,0.2675479845979285,0.2059652764537674,,,,,,,19.839,
1763049975.980817,1067,107;108;200;201;202,72.177;51.076;94.765;83.511;56.283,-0.06555001754172134,-0.4756603534004756,-2.8214175018675305,-0.11893724586241979,0.2622093659780952,0.20930570449295932,,,,,,,19.126,
1763049976.078716,1068,107;108;200;201;202,74.181;49.878;93.368;79.790;57.576,-0.054352189529911304,-0.4675917968926908,-2.8197915160327467,-0.11530701683983366,0.25878945386946334,0.21089032229733526,,,,,,,18.764,
1763049976.175945,1069,107;108;200;201;202,70.831;47.808;95.625;79.314;50.380,-0.048044773344980966,-0.4654949093718864,-2.819639532475986,-0.11401321940248947,0.2557582256261121,0.21182322655959004,,,,,,,18.656,
1763049976.275937,1070,107;108;200;201;202,75.883;46.925;95.220;75.532;54.127,-0.045365652203696066,-0.466559914651873,-2.8205710577629066,-0.11051228329778777,0.2535084051213535,0.21169311265946963,,,,,,,18.682,
1763049976.378283,1071,107;108;200;201;202,72.312;47.029;90.228;79.633;51.811,-0.04453348644327909,-0.4604196247004229,-2.8165914190611474,-0.11041874688938966,0.2543194138776627,0.21245619622191642,,,,,,,18.459,
1763049976.475117,1072,107;108;200;201;202,75.239;48.469;95.105;75.418;52.746,-0.04369325831761433,-0.4659930162448109,-2.8201200085710734,-0.1091448057756378,0.2538663416156154,0.21205307019418715,,,,,,,18.656,
1763049976.570386,1073,107;108;200;201,71.777;53.296;93.312;79.654,-0.09913852081634653,-0.5123465729698446,-2.830979479646322,-0.12916021147663706,0.27438004651941766,0.20257489372062645,,,,,,,20.707,
1763049976.670969,1074,107;108;200;201,70.504;47.856;90.125;75.351,-0.1409318008674071,-0.5422022555543229,-2.833936379828703,-0.14054635668732374,0.2877779929280501,0.1957990371352824,,,,,,,22.184,
1763049976.770159,1075,107;108;200;201;202,69.982;49.335;88.857;74.789;49.825,-0.1115049291382465,-0.52178655617977,-2.833520350755354,-0.13219342424845756,0.27878041658215097,0.2006039366187827,,,,,,,21.149,
1763049976.865975,1076,107;108;200;201,71.043;50.897;93.390;82.593,-0.1465382185521388,-0.5418707048901461,-2.8338757921540894,-0.144266234884481,0.29089900352016085,0.1956307155417978,,,,,,,22.227,
1763049976.967951,1077,107;108;200;201;202,69.385;48.471;88.776;78.440;52.177,-0.2670500571697713,-0.5160538131416145,-2.812387012459997,-0.14581168290183502,0.282560831448998,0.21177350537785616,,,,,,,23.132,
1763049977.063796,1078,107;108;200;201;202,73.664;49.892;93.333;82.702;49.056,-0.2025965782477473,-0.49729311620519273,-2.8135414494225253,-0.13693009661541963,0.27513521945386726,0.21075169357480886,,,,,,,21.401,
1763049977.165998,1079,107;108;200;201;202,68.917;50.115;93.966;76.876;51.063,-0.15087220657893996,-0.4883898919603783,-2.820748033410919,-0.12932233102835566,0.2670956951114563,0.2112865925682892,,,,,,,20.347,
1763049977.263288,1080,107;108;200;201;202,72.864;47.546;91.169;71.025;51.131,-0.1169745899630313,-0.48826201792671464,-2.825798358048977,-0.12226291451530337,0.2630930258244535,0.2104366283250505,,,,,,,19.963,
1763049977.362289,1081,107;108;110;200;201,72.362;48.605;14.367;95.161;81.382,-0.16293353750284473,-0.5189707327204693,-2.814105400193264,-0.13084920012293833,0.28358264895652546,0.19706151653841553,,,,,,,21.670,
1763049977.462797,1082,107;108;200;201;202,74.248;49.608;92.484;70.747;45.697,-0.1322699036850917,-0.5188845626724038,-2.823356674323831,-0.12503629523866883,0.27706154991314197,0.1990509472862011,,,,,,,21.284,
1763049977.560505,1083,107;108;200;201;202,73.319;51.269;95.862;77.932;52.077,-0.2513863547877519,-0.5099595048606242,-2.811312510618127,-0.13167554248611668,0.2719031337969769,0.21147056110092935,,,,,,,22.650,
1763049977.664698,1084,107;108;200;201;202,76.031;45.493;94.403;80.078;57.186,-0.34454929431672776,-0.4894260765794436,-2.7878962060867294,-0.13301128799715614,0.26648593821711386,0.22362783296583846,,,,,,,23.976,
1763049977.761795,1085,107;108;200;201;202,72.023;51.310;89.674;85.743;52.352,-0.2531540238138497,-0.47230755561825327,-2.7948334202389993,-0.12885064542374447,0.26450081414755344,0.21905581424782986,,,,,,,21.468,
1763049977.860504,1086,107;108;200;201;202,71.198;48.391;95.982;75.698;49.086,-0.18907910328989663,-0.47546798136239826,-2.808263349365485,-0.12327459684277797,0.26017281054117164,0.21563040943882486,,,,,,,20.438,
1763049977.969066,1087,107;108;200;201;202,73.420;47.278;86.598;81.278;57.072,-0.30575446027625736,-0.4620231739276349,-2.784312141104868,-0.12910371714991126,0.26108161012988323,0.22590325373587072,,,,,,,22.247,
1763049978.057074,1088,107;108;200;201;202,73.133;49.531;91.745;73.696;49.436,-0.22727795093567243,-0.4714476716346268,-2.801416942018312,-0.12420677021558307,0.26034355902273376,0.21934287017997242,,,,,,,20.937,
1763049978.153760,1089,107;108;200;201,71.893;49.468;91.968;78.362,-0.22898864512433517,-0.5117650312674592,-2.812803773258211,-0.13830956342374606,0.27853707782627857,0.2090953542580517,,,,,,,22.332,
1763049978.255096,1090,107;108;200;201;202,75.646;47.238;94.954;84.404;50.360,-0.17639210884171455,-0.49029020958826663,-2.8090649752150343,-0.1303604452099066,0.2715054592522172,0.20985131156028425,,,,,,,20.802,
1763049978.357308,1091,107;108;200;201;202,74.157;52.097;89.881;77.404;53.192,-0.13590765574921143,-0.48415623871578956,-2.8155136556837435,-0.1249395513886545,0.26828607691740336,0.20965217946675482,,,,,,,20.051,
1763049978.454274,1092,107;108;200;201;202,69.304;49.848;96.700;73.158;47.523,-0.10609823987599919,-0.49121365753613067,-2.826641414785645,-0.12123148783649457,0.26222911963819534,0.2096234557067215,,,,,,,19.976,
1763049978.550000,1093,107;108;200;201;202,74.075;46.643;95.698;83.817;50.736,-0.2322457731464476,-0.4785289165888522,-2.804736915497356,-0.12788988175410265,0.26065767254494293,0.21897111838902225,,,,,,,21.254,
1763049978.650756,1094,107;108;200;201;202,75.084;51.094;93.895;73.451;52.127,-0.17396267061203258,-0.485204423165555,-2.8172006379724084,-0.12217668748415697,0.2595999979334996,0.21494427464801152,,,,,,,20.535,
1763049978.749821,1095,107;108;200;201;202,69.554;51.623;86.069;73.608;52.296,-0.12956613222156493,-0.48158730343818346,-2.823650991337356,-0.11947672438690987,0.25989328089258024,0.2132458521152221,,,,,,,19.843,
1763049978.850346,1096,107;108;200;201;202,73.002;50.661;93.598;77.945;52.261,-0.1007584864956571,-0.4772568946490378,-2.8245535484451088,-0.11704792255522015,0.25853969137698635,0.2128052549062677,,,,,,,19.409,
1763049978.948313,1097,107;108;200;201;202,71.279;49.031;90.979;72.339;48.876,-0.08189175662166412,-0.48116543245458987,-2.828590986907715,-0.11526893206944216,0.2577735992073431,0.2113346210679656,,,,,,,19.399,
1763049979.044994,1098,107;108;200;201,72.632;49.671;92.431;77.987,-0.1254510756629353,-0.5199308233840229,-2.8327195223021935,-0.13148959327364707,0.27676532279667415,0.20215900008963186,,,,,,,21.204,
1763049979.144768,1099,107;108;200;201,71.906;46.739;94.053;78.827,-0.15612136289970652,-0.543739660352869,-2.8316251726376684,-0.14172501075862975,0.2879359398153746,0.19645150801482603,,,,,,,22.412,
1763049979.245527,1100,107;108;200;201,72.681;49.307;93.424;77.539,-0.18040545116071646,-0.5665103668384698,-2.835307125110714,-0.14946240956791312,0.2969860017912764,0.19192618230685132,,,,,,,23.506,
1763049979.342073,1101,107;108;200;201;202,75.194;53.557;90.632;82.690;49.770,-0.1417027729370536,-0.534775409853505,-2.830389393522151,-0.14059741729578648,0.2880569229129506,0.19679248590097417,,,,,,,21.934,
1763049979.442315,1102,107;108;200;201,70.554;47.376;94.280;80.376,-0.16717457377161085,-0.5511837073444049,-2.8294526093777943,-0.14863699146321688,0.29529378646751797,0.19359934588847963,,,,,,,22.824,
1763049979.541147,1103,107;108;200;201;202,72.399;48.011;87.520;78.846;51.627,-0.13019993225451143,-0.5204068569236158,-2.823771190912299,-0.13769405451777533,0.2846169406814403,0.19896732741040185,,,,,,,21.319,
1763049979.639159,1104,107;108;200;201;202,72.803;50.774;87.228;75.737;50.959,-0.10318776441177731,-0.5053687239149598,-2.8247376208007675,-0.13033687090923549,0.2786937250992966,0.2022668754872455,,,,,,,20.506,
1763049979.741045,1105,107;108;200;201;202,72.169;49.062;95.443;72.515;55.858,-0.07679945774075439,-0.4984397228944109,-2.8297698466025887,-0.12203769097650258,0.26816250172918954,0.20493912483624224,,,,,,,20.028,
1763049979.838181,1106,107;108;200;201;202,75.202;50.166;95.559;75.410;49.700,-0.06771078843670462,-0.49633187964208053,-2.831311727881972,-0.11846893512928758,0.26481735740257595,0.2058362549196543,,,,,,,19.887,
1763049979.939564,1107,107;108;200;201;202,74.921;50.476;87.614;76.949;52.649,-0.061107682410567396,-0.48712597671173263,-2.8265466667725474,-0.11647645867056032,0.26468901890701724,0.2073242167281677,,,,,,,19.522,
1763049980.036551,1108,107;108;200;201;202,73.437;43.095;91.272;75.387;50.727,-0.05753173789209726,-0.47723725729899974,-2.819213436866792,-0.11230916199257394,0.2602102865723312,0.20905568040026198,,,,,,,19.159,
1763049980.137291,1109,107;108;200;201;202,75.132;47.879;94.442;76.017;56.489,-0.04950231850707931,-0.4734388292877368,-2.819437847971197,-0.10948986061909538,0.25665367384909804,0.21044690818449838,,,,,,,18.974,
1763049980.234775,1110,107;108;200;201;202,75.729;49.801;88.370;80.388;50.577,-0.051192404644898985,-0.46762440932901184,-2.8157468457349566,-0.11082251205391823,0.25993167747981566,0.2105008740768109,,,,,,,18.773,
1763049980.336614,1111,107;108;200;201;202,76.476;51.443;94.112;79.497;55.247,-0.20084762524418176,-0.4703854429909715,-2.8043505174736207,-0.12109403740558178,0.26032792619943257,0.2175825206721618,,,,,,,20.452,
1763049980.431559,1112,107;108;200;201;202,71.375;47.596;96.691;74.518;54.263,-0.14705210527287457,-0.47154946414025567,-2.8135341095594373,-0.11609159604630476,0.2548169084080999,0.21585718204048507,,,,,,,19.711,
1763049980.530875,1113,107;108;200;201;202,74.805;48.809;93.916;77.508;49.091,-0.11826931976815772,-0.47293900839500747,-2.8169264580097195,-0.11476488775834916,0.25548863632611585,0.2137529950660017,,,,,,,19.439,
1763049980.630279,1114,107;108;200;201;202,73.221;48.423;89.624;80.537;52.708,-0.09694650160628475,-0.4633901168782901,-2.8128137561718907,-0.11348286894821888,0.2563798587751404,0.21404487757024387,,,,,,,18.906,
1763049980.729411,1115,107;108;110;200;201;202,73.566;49.927;15.426;93.173;81.645;53.463,-0.09118528287425923,-0.45942753769876316,-2.800998311511826,-0.10882093343369534,0.26129855875620317,0.20881590605443068,,,,,,,18.769,
1763049980.828124,1116,107;108;200;201;202,73.185;49.915;92.461;79.407;48.848,-0.079635548282405,-0.46174318585018725,-2.807551382868529,-0.11072006967895821,0.2610535402989197,0.2096423315633989,,,,,,,18.742,
1763049980.927790,1117,107;108;200;201;202,72.325;51.853;95.699;77.901;49.977,-0.06760476583187897,-0.4672910418584609,-2.8166254151623775,-0.11139249803589718,0.25936154870805167,0.20996817032220283,,,,,,,18.837,
1763049981.026697,1118,107;108;200;201,74.873;51.948;95.042;79.581,-0.1163078119882122,-0.5135736441933051,-2.8261342592686636,-0.12943928197508575,0.277756613950232,0.20091250320949583,,,,,,,20.919,
1763049981.123509,1119,107;108;200;201;202,75.325;52.787;93.373;82.884;50.224,-0.09730384284662603,-0.49887265536263903,-2.823854455593851,-0.1259465193311156,0.2738560034388458,0.20391965112496604,,,,,,,20.216,
1763049981.223282,1120,107;108;200;201;202,73.880;47.440;94.698;77.567;47.428,-0.0841893269098642,-0.4918311606083808,-2.8223567319478304,-0.12165572863322728,0.2683589996935279,0.20582164655822643,,,,,,,19.860,
1763049981.322879,1121,107;108;200;201;202,73.618;51.290;89.280;84.899;54.037,-0.07176000105008795,-0.4730999086212007,-2.816569209974743,-0.11943646881905678,0.2664479250039532,0.2086818065474198,,,,,,,19.087,
1763049981.422294,1122,107;108;200;201,71.832;48.888;93.352;82.007,-0.12024304981622122,-0.5059563786668354,-2.819578179808309,-0.13464534616978444,0.2813406958683583,0.2011842461664186,,,,,,,20.702,
1763049981.555652,1123,107;108;200;201,71.921;47.866;92.738;80.668,-0.15436603655367878,-0.5299713861217269,-2.821848295904009,-0.14480256296959393,0.29197404914094055,0.19567774164285479,,,,,,,21.938,
1763049981.658645,1124,107;108;200;201;202,73.072;49.683;94.855;74.264;54.609,-0.11661908763078642,-0.5153815492133496,-2.826594703738754,-0.13293786179678316,0.27879098903741917,0.20037802317197978,,,,,,,20.988,
1763049981.750551,1125,107;108;200;201,73.301;52.418;86.126;75.189,-0.15423918166922007,-0.550000275386327,-2.832693145689024,-0.14547453782033032,0.2959894066777734,0.19296620658223818,,,,,,,22.619,
1763049981.853087,1126,107;108;200;201;202,72.519;51.900;95.259;79.900;53.740,-0.26831672730510336,-0.5276542137180276,-2.8164481807073765,-0.14648454021015786,0.285132304161092,0.20940958777116617,,,,,,,23.530,
1763049981.982062,1127,107;108;200;201,71.816;45.767;95.490;80.758,-0.257529735765511,-0.5441405626113843,-2.817671587992768,-0.1519770150831044,0.2926047213294128,0.20268244428628435,,,,,,,23.913,
1763049982.083928,1128,107;108;200;201;202,67.680;50.051;95.273;77.802;51.481,-0.18719198113521818,-0.5211802986267126,-2.825084527183879,-0.1403153523673208,0.27814009978607684,0.20493763839813225,,,,,,,21.988,
1763049982.178991,1129,107;108;200;201,72.747;49.655;96.144;73.836,-0.19931993456136302,-0.5569861412391313,-2.835588569110565,-0.1473874772245869,0.288595726342028,0.19713763508645155,,,,,,,23.390,
1763049982.279737,1130,107;108;200;201;202,75.192;50.161;95.845;79.122;54.928,-0.14972262604008957,-0.530876605407681,-2.8328196336220723,-0.13570049977586943,0.2775505060482164,0.20127723562839267,,,,,,,21.855,
1763049982.378916,1131,107;108;200;201,72.956;47.471;90.365;80.560,-0.17707908222879123,-0.5475710785212743,-2.8280022241082836,-0.14554405610029333,0.29142758066466384,0.19575228423519714,,,,,,,22.815,
1763049982.479417,1132,107;108;200;201;202,73.600;49.639;91.552;81.091;48.798,-0.14073734059140813,-0.52184461272376,-2.8240982639767194,-0.1366170841982738,0.2822883373206784,0.2001752234074203,,,,,,,21.475,
1763049982.577056,1133,107;108;200;201;202,74.004;50.819;90.746;78.820;51.927,-0.11227951913420661,-0.50468853771227,-2.823911647480953,-0.12932106645809327,0.2759501545755288,0.2034441568570099,,,,,,,20.559,
1763049982.679371,1134,107;108;200;201;202,72.284;48.143;96.108;75.243;51.771,-0.0898402466597394,-0.49690980607544144,-2.8269830648031724,-0.12251819452369907,0.26730179899286494,0.20638742031039398,,,,,,,20.069,
1763049982.775594,1135,107;108;200;201,72.538;52.252;90.358;76.667,-0.13280849507314316,-0.5350318072205541,-2.8350525591176603,-0.1376717383301851,0.2849733287619554,0.19801355387288627,,,,,,,21.829,
1763049982.873910,1136,107;108;200;201;202,69.270;47.519;95.247;79.244;49.643,-0.10184948012912574,-0.5111151553540848,-2.8308131708147855,-0.1298723241721889,0.2735770726669582,0.20312320622507715,,,,,,,20.681,
1763049982.974828,1137,107;108;110;200;201;202,75.743;49.590;16.006;90.615;81.070;56.094,-0.2458003039499755,-0.49451838054789554,-2.796059594365067,-0.12977295326433433,0.27603885977664205,0.20942391549122996,,,,,,,22.105,
1763049983.070539,1138,107;108;200;201;202,71.349;53.540;92.067;78.049;54.412,-0.18022659771037364,-0.4898664089835658,-2.809346381272523,-0.12498227322763451,0.2701534299625494,0.20958117056081413,,,,,,,20.836,
1763049983.170827,1139,107;108;200;201;202,73.216;47.543;92.917;79.546;52.262,-0.13902686426534486,-0.479194300634896,-2.8098682449479098,-0.1201178546359968,0.26527200339181084,0.21071873296742957,,,,,,,19.928,
1763049983.267365,1140,107;108;200;201;202,73.216;47.543;92.917;79.546;52.262,-0.13902686426534486,-0.479194300634896,-2.8098682449479098,-0.1201178546359968,0.26527200339181084,0.21071873296742957,,,,,,,19.928,
1763049983.368270,1141,107;108;200;201,73.603;50.743;96.888;82.085,-0.16559044324473615,-0.514862903474133,-2.8183751795153236,-0.1348601356277331,0.2801637175748807,0.2024566702670269,,,,,,,21.523,
1763049983.468596,1142,107;108;200;201,74.073;48.443;90.711;80.402,-0.1895835648042001,-0.5375563033910724,-2.819279425188182,-0.144950714687483,0.29343906206444875,0.19614486856232588,,,,,,,22.657,
1763049983.565818,1143,107;108;200;201,73.251;50.458;91.886;77.931,-0.20406040234906112,-0.560883518783372,-2.826317346076321,-0.15239287000898674,0.3020862201100344,0.1916819899328533,,,,,,,23.655,
1763049983.667388,1144,107;108;200;201;202,72.776;50.487;94.581;80.962;46.710,-0.15893567888723412,-0.5334328622395418,-2.827055515882408,-0.14209579507954334,0.28912328250676395,0.1972490970863598,,,,,,,22.086,
1763049983.766529,1145,107;108;200;201,72.366;47.095;94.652;80.809,-0.18194433207881874,-0.5492901438857766,-2.8267319545159575,-0.14941144814947546,0.2965489879678314,0.19345073078050468,,,,,,,22.945,
1763049983.865802,1146,107;108;200;201;202,73.525;48.097;91.572;81.735;56.695,-0.13653905748347137,-0.5147192817763665,-2.8196405032295075,-0.1370362440758987,0.28260706511483835,0.2000149125007101,,,,,,,21.190,
1763049983.964653,1147,107;108;110;200;201;202,71.992;46.971;14.277;88.954;74.003;48.913,-0.12017924716758942,-0.5013932362339204,-2.8088701998734598,-0.1251307755461778,0.2797934119226037,0.19737128726053893,,,,,,,20.588,
1763049984.064089,1148,107;108;110;200;201;202,71.251;46.083;13.059;95.100;69.481;51.691,-0.10521419588502283,-0.5003519282655139,-2.808223190414645,-0.11477241560244468,0.27387642396758816,0.19685990837722986,,,,,,,20.423,
1763049984.164236,1149,107;108;110;200;201;202,72.317;53.654;15.916;97.109;82.822;47.905,-0.10019100730589098,-0.4951406379459317,-2.803678766621361,-0.11253857523275838,0.27492064763560287,0.19548431965285812,,,,,,,20.207,
1763049984.262960,1150,107;108;200;201;202,75.724;51.962;93.596;77.302;56.127,-0.23597148666520035,-0.4919777629982788,-2.7968343348794242,-0.12303168608903016,0.270506505255221,0.2081162038173845,,,,,,,21.841,
1763049984.356951,1151,107;108;200;201,73.771;49.988;94.256;83.234,-0.23505935675506381,-0.519744679776639,-2.8050214624798975,-0.13747646186668486,0.28531841883197817,0.20158865492853478,,,,,,,22.763,
1763049984.454831,1152,107;108;200;201,75.063;48.833;93.153;78.251,-0.2358648428744502,-0.5471806272969937,-2.8135811090319587,-0.14637766129462024,0.29629967968430587,0.1955254691585745,,,,,,,23.701,
1763049984.557163,1153,107;108;200;201;202,73.388;47.621;93.367;76.898;49.749,-0.17875416661932558,-0.5243538782815782,-2.8178433399143743,-0.13527814763317206,0.2834214383429091,0.19932441294336653,,,,,,,22.040,
1763049984.660375,1154,107;108;200;201;202,74.405;50.515;90.202;75.861;52.781,-0.1397104523681993,-0.5090740577427404,-2.8212235064651545,-0.12761828302589479,0.27619839913099264,0.20236474840157748,,,,,,,21.000,
1763049984.754169,1155,107;108;200;201,74.071;50.087;92.238;78.374,-0.16836266260620567,-0.5398696609089976,-2.8265078421435934,-0.13994230144040498,0.29004859898946317,0.19545793919139062,,,,,,,22.436,
1763049984.853709,1156,107;108;200;201;202,72.557;47.406;94.857;76.664;49.060,-0.13056205980715385,-0.5189566509004602,-2.8261685100714913,-0.13075672005837094,0.2783732225196759,0.19968740350956568,,,,,,,21.253,
1763049984.955868,1157,107;108;200;201;202,73.641;42.849;96.477;75.912;55.014,-0.25719137449630747,-0.5007522611987616,-2.805635490765748,-0.13209784792821846,0.268554532281814,0.2142044619761748,,,,,,,22.466,
1763049985.050940,1158,107;108;200;201,74.510;52.308;94.710;81.193,-0.24966772135894502,-0.5327947338693491,-2.8168233749183296,-0.14400614101828219,0.2847179883964904,0.20510756017805246,,,,,,,23.389,
1763049985.151358,1159,107;108;200;201,71.117;47.773;93.435;79.235,-0.24465954116312483,-0.5519202963904254,-2.8210512920739648,-0.15137955716470267,0.29404402668011703,0.19943940202748264,,,,,,,23.957,
1763049985.249304,1160,107;108;200;201;202,72.007;46.119;94.792;76.201;55.228,-0.3357573518825989,-0.5249527378416003,-2.8019621077757835,-0.1475381934069356,0.2810050942666632,0.2159480717809981,,,,,,,24.843,
1763049985.353113,1161,107;108;200;201;202,77.212;48.931;88.582;75.326;53.519,-0.2496547398764844,-0.5087786028812543,-2.8085888665224945,-0.13577214825906045,0.2748869234582453,0.2113799155364928,,,,,,,22.596,
1763049985.448417,1162,107;108;200;201;202,73.284;46.675;96.374;73.724;48.460,-0.18830364557575005,-0.503008025421267,-2.817112158604954,-0.12700194052523553,0.2670187042355664,0.20985982909550693,,,,,,,21.384,
1763049985.548748,1163,107;108;200;201;202,74.084;50.470;91.443;80.032;50.069,-0.14521761003642933,-0.49219235486425245,-2.817959284365684,-0.12327949440945768,0.2653805064118214,0.20966165803646442,,,,,,,20.441,
1763049985.649756,1164,107;108;200;201;202,71.846;49.015;89.255;84.823;52.329,-0.11512054995944439,-0.4720212581269208,-2.811708786841872,-0.1206372522742026,0.2635801231491384,0.21155336664639937,,,,,,,19.402,
1763049985.747605,1165,107;108;200;201;202,73.978;51.013;94.482;77.439;54.335,-0.09084724117381196,-0.47219373997499564,-2.8176732251885666,-0.11716797429327468,0.26039158988050437,0.21180907332735024,,,,,,,19.173,
1763049985.849795,1166,107;108;110;200;201,74.385;48.301;16.397;95.908;79.475,-0.1448254346197685,-0.5109154102854019,-2.807941300528532,-0.12564678070317808,0.2825234375377751,0.19637347495674137,,,,,,,21.201,
1763049985.944167,1167,107;108;200;201,71.484;47.901;91.373;83.543,-0.1710800620383471,-0.528852159148981,-2.8094790606668822,-0.13932875937905478,0.29374176832709936,0.19317991098584053,,,,,,,22.164,
1763049986.045444,1168,107;108;200;201;202,75.465;48.620;93.485;85.882;53.510,-0.1339671120024131,-0.49965621610277594,-2.806117151845473,-0.13092568553823966,0.2828052387894837,0.19942286451525953,,,,,,,20.671,
1763049986.145493,1169,107;108;200;201;202,71.230;49.262;83.706;79.164;56.460,-0.10330675154932202,-0.47804861909705426,-2.8054236133113037,-0.12465957014553028,0.2764704220965645,0.20447185227238032,,,,,,,19.563,
1763049986.244170,1170,107;108;200;201;202,73.887;49.948;93.824;72.192;54.163,-0.08098369601951506,-0.4821088520485954,-2.815949607743404,-0.11857801330775074,0.26929025353757186,0.2065080373919797,,,,,,,19.498,
1763049986.339295,1171,107;108;200;201,72.350;50.246;89.566;78.271,-0.12832790013646533,-0.519575523742277,-2.822896109747204,-0.1345334638824778,0.28594572939892665,0.1982751731961817,,,,,,,21.275,
1763049986.438956,1172,107;108;200;201;202,74.078;48.891;90.348;72.953;53.458,-0.10128937674576147,-0.5074800658588481,-2.825960738214693,-0.1256658070029996,0.2769515182001528,0.20182477012439842,,,,,,,20.565,
1763049986.536207,1173,107;108;200;201;202,72.739;49.701;96.849;77.326;48.755,-0.08348122752970535,-0.500073985205516,-2.828203271421794,-0.12167475565018628,0.2695330684243274,0.20453112198176215,,,,,,,20.142,
1763049986.635444,1174,107;108;200;201;202,70.521;47.986;88.140;80.432;54.325,-0.06733904185389274,-0.47905524744881245,-2.821393335617381,-0.1182750700548703,0.26478378618215725,0.20793576678395348,,,,,,,19.268,
1763049986.737512,1175,107;108;110;200;201;202,72.823;47.565;14.699;92.206;81.698;56.467,-0.06789616328309318,-0.4648272574283317,-2.8054414846361815,-0.1111408915255012,0.26498098157341704,0.20555961501922404,,,,,,,18.800,
1763049986.835004,1176,107;108;200;201;202,70.939;44.323;92.491;78.561;52.008,-0.058624334344023636,-0.45691663134064253,-2.8050119615229265,-0.10944147447337149,0.259505965962144,0.20875967556784314,,,,,,,18.443,
1763049986.932746,1177,107;108;200;201;202,72.861;46.938;93.600;78.980;48.284,-0.057743266117335365,-0.45939569443230593,-2.8073237804316067,-0.10999536488159888,0.2583679421534253,0.21002038914633459,,,,,,,18.524,
1763049987.032137,1178,107;108;200;201;202,73.547;48.731;88.370;81.984;54.422,-0.053669296284504855,-0.4522378015664465,-2.805510647067826,-0.11034648629470788,0.2587631394759508,0.21134081980337016,,,,,,,18.233,
1763049987.130689,1179,107;108;200;201;202,77.258;45.136;94.792;83.447;55.468,-0.04950315012358723,-0.44399749132380045,-2.801121107008991,-0.10827218319074416,0.2564043241040612,0.21258081510711183,,,,,,,17.911,
1763049987.230292,1180,107;108;200;201;202,74.029;51.943;95.817;78.587;48.510,-0.049520533745838355,-0.45664338258091564,-2.8111558630264906,-0.11049112973881757,0.2569698569064217,0.21190647066831508,,,,,,,18.359,
1763049987.328342,1181,107;108;200;201,74.534;50.677;95.706;78.168,-0.10441773638008149,-0.5069341899470854,-2.823656648798366,-0.1276587915752944,0.2749902085160131,0.2021165508640503,,,,,,,20.582,
1763049987.432162,1182,107;108;200;201;202,70.982;44.467;90.507;79.776;45.250,-0.09227360846275687,-0.48872091859181277,-2.8164805778697297,-0.12343494884024943,0.2694891317523968,0.20554156848980212,,,,,,,19.829,
1763049987.527211,1183,107;108;200;201;202,74.144;50.844;95.202;77.325;50.408,-0.07777014201278282,-0.48753026672750377,-2.8215111387839436,-0.11993878705218645,0.26535427384685006,0.20677315032575272,,,,,,,19.657,
1763049987.625956,1184,107;108;200;201,75.165;49.700;94.278;77.207,-0.12624311608379948,-0.527726649866018,-2.828509657267755,-0.1335197615241,0.28166462256522895,0.1981086578204679,,,,,,,21.532,
1763049987.726055,1185,107;108;200;201;202,74.077;51.629;88.856;80.726;50.994,-0.10355374068646012,-0.5058586059893622,-2.8251924540459123,-0.12817447227026538,0.2768950325861175,0.20187630941246676,,,,,,,20.525,
1763049987.825629,1186,107;108;200;201;202,74.430;52.535;93.535;76.865;52.168,-0.08393242505532585,-0.5012250725178558,-2.829085955167311,-0.12353777634870922,0.27180703485748214,0.20441862779358286,,,,,,,20.184,
1763049987.921767,1187,107;108;200;201;202,73.322;46.540;94.601;76.337;51.979,-0.07114228605025968,-0.49110293249088227,-2.8267772133169737,-0.1183400623777944,0.2650159934960328,0.20694146423252982,,,,,,,19.728,
1763049988.022567,1188,107;108;200;201;202,72.800;49.077;94.346;81.535;48.077,-0.0648264154765253,-0.48198892746902205,-2.8237055395683623,-0.11746517322389756,0.262621991216871,0.2086936804413806,,,,,,,19.356,
1763049988.118405,1189,107;108;200;201;202,73.833;51.287;90.705;75.394;55.784,-0.05429447873334734,-0.4793230222797631,-2.8252746861825933,-0.11444339411353925,0.26063152077180896,0.20923879925810127,,,,,,,19.193,
1763049988.219814,1190,107;108;200;201;202,71.472;50.476;93.967;77.324;49.726,-0.049766117908933316,-0.4788672671451057,-2.8278250359437314,-0.11430739167926726,0.25866749597903593,0.20982769388085545,,,,,,,19.143,
1763049988.319022,1191,107;108;200;201;202,74.984;47.506;89.809;75.196;48.508,-0.19405857232859836,-0.48078330563748023,-2.8115120011420855,-0.12315688154341313,0.26103233624738253,0.21626522898648226,,,,,,,20.686,
1763049988.419336,1192,107;108;200;201;202,74.031;51.336;92.586;74.594;52.898,-0.146509050628722,-0.4821687820805278,-2.8203125344069013,-0.11908920457458128,0.2597835246125212,0.2137879549952194,,,,,,,20.066,
1763049988.518663,1193,107;108;200;201;202,72.082;48.091;91.593;82.977;49.875,-0.11866627058554752,-0.469001429401232,-2.815807201727407,-0.11736419039035186,0.2590916112098947,0.21399777212034918,,,,,,,19.299,
1763049988.617735,1194,107;108;200;201,72.100;50.187;96.287;75.601,-0.14933972343779142,-0.5171895369003249,-2.8285585355733076,-0.13199890697834923,0.27495189629636785,0.20399689110753919,,,,,,,21.364,
1763049988.714635,1195,107;108;200;201;202,71.772;47.338;91.746;81.591;46.652,-0.12245034706368663,-0.4976024284513275,-2.822404127428091,-0.12706195734870418,0.2698899574265926,0.20663472020946744,,,,,,,20.388,
1763049988.816652,1196,107;108;200;201;202,73.232;48.209;97.873;80.218;52.168,-0.09580401242919691,-0.4860314019782791,-2.82173441149016,-0.12149738140944756,0.26321168783986104,0.20855011150633623,,,,,,,19.723,
