#{"config": {"calib_path_resolved": "/Users/Andreas/Desktop/ptl24_marker/common/calib/calib.yaml", "cli_overrides": ["bench", "camera", "ema_alpha", "fps", "height", "no_adapt", "ransac", "ransac_base_rot", "ransac_base_trans", "rig", "save_poses", "use_weighted_se3", "video", "width"], "config_path": "/Users/Andreas/Desktop/ptl24_marker/phase_b/config.yaml", "extrinsics_path_resolved": null, "rig_path_resolved": "/Users/Andreas/Desktop/ptl24_marker/phase_b/rigs/cyl_paper.yaml", "runtime": {"bench": {"print_every": 60}, "fuse": {"axis_len_m": 0.1, "ema_alpha": 0.3, "use_weighted_se3": false}, "health": {"max_tilt_jump_deg": 15.0}, "hud": {"enabled": true}, "logging": {"debug_metrics_csv": "phase_b/debug_metrics.csv", "poses_csv": "phase_b/poses_v2_off_simple.csv"}, "ransac": {"A_ref_px2": 12000.0, "adaptive": false, "base_rot_deg": 5.0, "base_trans_m": 0.05, "min_inliers": 3, "rot_max_deg": 5.0, "trans_max_m": 0.05}, "video": {"device": "0", "fps": 30.0, "height": 1080, "width": 1920}}, "yaml": {"bench": {"print_every": 60}, "fuse": {"axis_len_m": 0.1, "ema_alpha": 0.3, "use_weighted_se3": true}, "health": {"max_tilt_jump_deg": 15}, "hud": {"enabled": true}, "logging": {"debug_metrics_csv": "phase_b/debug_metrics.csv", "poses_csv": "phase_b/poses.csv"}, "ransac": {"A_ref_px2": 12000, "adaptive": false, "base_rot_deg": 5, "base_trans_m": 0.05, "min_inliers": 3, "rot_max_deg": 5, "trans_max_m": 0.05}, "video": {"device": 2, "fps": 30, "height": 1080, "width": 1920}}}, "files": {"camera_calib": {"path": "/Users/Andreas/Desktop/ptl24_marker/common/calib/calib.yaml", "sha256": "a3583ec3b05ec4397f74222c4802234f7ee960b25f93061cb951120e268bc42f"}, "config": {"path": "/Users/Andreas/Desktop/ptl24_marker/phase_b/config.yaml", "sha256": "9c664548f0c4998345c599764857540af456008cc4bf230d90b575c908eaec28"}, "rig": {"path": "/Users/Andreas/Desktop/ptl24_marker/phase_b/rigs/cyl_paper.yaml", "sha256": "e4048a572421f174e4670fbb51050d61e65957319f0f3d120df78c66f49c0a91"}}, "git_commit": null, "timestamp": 1763047706.2284591}
timestamp,frame,used_ids,decision_margins,rvec_cam_x,rvec_cam_y,rvec_cam_z,tvec_cam_x,tvec_cam_y,tvec_cam_z,rvec_world_x,rvec_world_y,rvec_world_z,tvec_world_x,tvec_world_y,tvec_world_z,tilt_cam_deg,tilt_world_deg
1763047706.599937,0,107;108;110;200;201;202,60.494;57.973;43.357;101.105;87.691;62.669,-0.08074785720307594,-0.4477213695993922,-2.74354208757798,-0.08913839412846365,0.2776489962669707,0.1756339563066616,,,,,,,18.523,
1763047707.654400,1,107;108;110;200;201;202,67.291;62.308;46.534;98.901;92.380;59.313,-0.08809698095133504,-0.45004196591674855,-2.7394927350220546,-0.0909329415355053,0.28381592902464164,0.17405118415052925,,,,,,,18.689,
1763047707.897484,2,107;108;110;200;201;202,62.820;64.994;49.913;97.590;86.891;59.860,-0.0913014075162496,-0.45687249958147974,-2.7421727834332907,-0.09183276983049238,0.28828898086920635,0.1715317759659701,,,,,,,18.971,
1763047708.226992,3,107;108;110;200;201;202,64.165;69.016;48.276;99.068;86.804;62.379,-0.0913730788501558,-0.4650493862641948,-2.7490895607189856,-0.09293756873087233,0.29097938111111826,0.17055062866628645,,,,,,,19.258,
1763047708.437856,4,107;108;110;200;201;202,65.378;64.993;46.312;97.564;89.995;63.348,-0.09117492036369425,-0.4633670984974602,-2.747930193920679,-0.09340949679002279,0.29191975254432145,0.17061326241081493,,,,,,,19.196,
1763047708.591316,5,107;108;110;200;201;202,64.324;65.437;50.790;88.593;88.507;61.498,-0.09711652582877235,-0.4605871488469995,-2.7419760564040847,-0.09387581667934267,0.2976140021647787,0.16876606063492317,,,,,,,19.165,
1763047708.756485,6,107;108;110;200;201;202,64.286;62.905;50.259;99.128;89.705;64.107,-0.09671516348656772,-0.4589575625601277,-2.7401221560278164,-0.09261115823346809,0.2962860080948644,0.1689172809705525,,,,,,,19.107,
1763047708.918029,7,107;108;110;200;201;202,65.915;62.013;36.535;97.625;87.922;65.377,-0.08697213612838509,-0.4572326157273237,-2.7464825044619308,-0.09315695740088226,0.2919731217075573,0.17274129186292456,,,,,,,18.930,
1763047709.141371,8,107;108;110;200;201;202,63.809;62.268;48.823;97.607;92.677;57.363,-0.09459310980512212,-0.4558009684345012,-2.740738339560076,-0.0942530343970165,0.29459814390680034,0.1716358110612688,,,,,,,18.962,
1763047709.366861,9,107;108;110;200;201;202,64.190;59.575;46.782;91.101;84.496;63.072,-0.09513879585628884,-0.45384636287155633,-2.7382018399470702,-0.09227514945241672,0.2955068264151311,0.17101318488342254,,,,,,,18.902,
1763047709.534277,10,107;108;110;200;201;202,67.284;60.739;51.411;99.611;86.852;63.880,-0.09712320128756466,-0.4558447560953333,-2.7362149538707166,-0.08986212862787188,0.2952385308646959,0.1694954349789884,,,,,,,19.008,
1763047709.672146,11,107;108;200;201;202,65.577;64.108;97.034;91.190;55.970,-0.06837994652293518,-0.4572442230138454,-2.7695606984223438,-0.10176015004154301,0.2824050534136942,0.1846974521591661,,,,,,,18.689,
1763047709.823258,12,107;108;110;200;201;202,62.790;62.575;43.819;95.597;85.573;56.700,-0.07745393841479258,-0.4627564123467237,-2.7657231723347366,-0.10043884870668572,0.28661012003489234,0.18043422466964637,,,,,,,18.982,
1763047709.961204,13,107;108;110;200;201;202,67.614;65.458;49.841;96.034;83.988;65.274,-0.08310875059938015,-0.4687138042696907,-2.7606724075350115,-0.09689596072283528,0.2907068396692574,0.17579442679632737,,,,,,,19.282,
1763047710.099256,14,107;108;110;200;201;202,64.776;64.870;44.429;95.627;88.409;61.906,-0.08501620232026723,-0.46739299593614664,-2.7572955024997308,-0.09671071703349643,0.29238280442046216,0.17484788329282044,,,,,,,19.261,
1763047710.253877,15,107;108;110;200;201;202,65.123;61.625;42.305;92.812;89.562;65.719,-0.08351303813124888,-0.4574484790603838,-2.75130916963245,-0.09543689341508847,0.29208224622672413,0.1754654225814148,,,,,,,18.888,
1763047710.388215,16,107;108;110;200;201;202,63.700;62.206;49.096;100.200;91.881;63.170,-0.0855088723510085,-0.4541374938725505,-2.7455920333829167,-0.09400126087511546,0.29172679059877277,0.17408991798752338,,,,,,,18.801,
1763047710.521549,17,107;108;110;200;201;202,66.384;63.830;45.674;92.155;87.447;60.124,-0.09061948996877962,-0.45636350854973373,-2.7438310872486986,-0.0944428928227844,0.2953807774405336,0.17216726106280425,,,,,,,18.937,
1763047710.655742,18,107;108;110;200;201;202,67.926;62.672;48.819;97.906;84.004;57.105,-0.09879355337235607,-0.4672521441767507,-2.744915774259747,-0.09368670711345044,0.2976822149911842,0.16894139129031485,,,,,,,19.426,
1763047710.787526,19,107;108;200;201;202,62.795;64.890;96.139;86.328;64.959,-0.05892726474410892,-0.4648200568240264,-2.7790894352911435,-0.10144305116193181,0.2808812778496417,0.18509650856191118,,,,,,,18.888,
1763047710.920862,20,107;108;200;201;202,67.347;61.963;95.284;89.037;62.153,-0.03849622060315976,-0.4585781760861569,-2.7968578108382216,-0.10843263455471708,0.2714549933036428,0.19521404975915901,,,,,,,18.465,
1763047711.062071,21,107;108;110;200;201;202,68.420;62.031;43.740;88.043;84.427;64.932,-0.055150262116820885,-0.457731248658421,-2.7785338838931635,-0.10260462857728338,0.28091491324070683,0.18787999089187857,,,,,,,18.592,
1763047711.219932,22,107;108;200;201;202,66.845;65.947;95.518;90.861;61.047,-0.03488027377335186,-0.45547665097970924,-2.7992316763956437,-0.11087283113987377,0.2727035604940962,0.19654449655973297,,,,,,,18.319,
1763047711.401050,23,107;108;110;200;201;202,65.188;65.158;50.633;92.572;84.634;53.897,-0.06297022808093386,-0.46578359508941847,-2.782538106676038,-0.10589550951166936,0.2850530598287287,0.18580345574567333,,,,,,,18.929,
1763047711.573615,24,107;108;110;200;201;202,64.936;63.679;45.333;97.574;88.648;58.849,-0.0745214467652432,-0.4673440006074966,-2.7728981553754912,-0.10297447491127537,0.28834141405919156,0.1810249299583557,,,,,,,19.107,
1763047711.728096,25,107;108;110;200;201;202,66.980;62.420;51.810;100.147;89.466;54.968,-0.09098317627318137,-0.4695417208475354,-2.760760827619528,-0.09993497426016226,0.2926619343513852,0.17539342477806635,,,,,,,19.371,
1763047711.890795,26,107;108;110;200;201;202,65.506;62.471;45.994;91.781;87.007;61.875,-0.09369514723310678,-0.4666026835120568,-2.7535124229044206,-0.09807262343431128,0.2950692391083279,0.1734517697263101,,,,,,,19.315,
1763047712.060553,27,107;108;110;200;201;202,66.234;65.584;45.427;97.144;84.097;60.373,-0.09503848072498723,-0.472450727595229,-2.75667762539527,-0.09686359619343152,0.29581356464695313,0.17180919883557583,,,,,,,19.538,
1763047712.289245,28,107;108;110;200;201;202,65.948;65.374;52.150;95.521;91.904;63.974,-0.24047167977270098,-0.4692372149670125,-2.7326060854876757,-0.10699053745060086,0.2985832571955307,0.17515093194887335,,,,,,,21.488,
1763047712.529927,29,107;108;110;200;201;202,66.972;61.801;48.704;101.155;86.510;60.371,-0.20003442468898716,-0.47142423420315743,-2.7367783783879114,-0.1019352639544974,0.29719566544218023,0.17198614178281035,,,,,,,20.856,
1763047712.794343,30,107;108;110;200;201;202,64.987;63.410;45.440;95.633;82.570;65.036,-0.16429767740272258,-0.47158380462681443,-2.743157917653458,-0.09776737161827431,0.2953077590016556,0.1711451420988877,,,,,,,20.310,
1763047713.043629,31,107;108;110;200;201;202,65.553;64.836;44.289;91.265;85.171;61.360,-0.1438234839020422,-0.471101930669215,-2.745341451997559,-0.09721802902007742,0.2975327186024814,0.17072016848041344,,,,,,,20.025,
1763047713.266243,32,107;108;110;200;201;202,67.684;64.578;44.789;94.640;84.807;63.566,-0.12830530321222458,-0.4724590394612971,-2.747344629054428,-0.09587706954571273,0.2976701650685392,0.17038506851496626,,,,,,,19.894,
1763047713.508622,33,107;108;110;200;201;202,67.452;62.793;50.734;96.020;83.739;66.820,-0.11799088485461363,-0.4711844237977163,-2.745357023537327,-0.09245660033490004,0.2975962929261743,0.16890425302635698,,,,,,,19.751,
1763047713.730748,34,107;108;110;200;201;202,68.829;64.018;45.306;88.201;87.315;62.958,-0.11499115489082709,-0.4664147291907808,-2.7419377146461255,-0.09308608852551276,0.3006558039021976,0.16893143313877057,,,,,,,19.554,
1763047713.898481,35,107;108;110;200;201;202,67.421;63.169;47.803;90.106;90.168;60.185,-0.1158853467408394,-0.4607191610744658,-2.736555996803197,-0.09383420225077592,0.3031740544560359,0.16829778950265645,,,,,,,19.368,
1763047714.046354,36,107;108;200;201;202,63.186;61.319;91.567;86.706;65.372,-0.07054813569656335,-0.4520636812510241,-2.7677791459372845,-0.10107697543316801,0.28571363745201267,0.1848750036584591,,,,,,,18.506,
1763047714.181921,37,107;108;110;200;201;202,63.643;64.676;49.808;95.474;87.076;61.070,-0.07964509140311016,-0.4576045898000813,-2.7597741034641965,-0.09849224051852658,0.290142981906442,0.1791611913337037,,,,,,,18.824,
1763047714.316315,38,107;108;110;200;201;202,66.979;63.513;43.765;95.432;84.948;57.166,-0.08772908774448325,-0.4649687310222195,-2.7578907238386723,-0.0980332327941056,0.2932587214096491,0.17554021073830214,,,,,,,19.182,
1763047714.447945,39,107;108;110;200;201;202,64.596;60.015;46.453;99.911;90.816;65.510,-0.08741485628248925,-0.45788199750332065,-2.7506666405486553,-0.09513988056639809,0.291115449351056,0.1754213046808503,,,,,,,18.937,
1763047714.686286,40,107;108;110;200;201;202,66.643;64.919;53.200;95.414;90.516;57.075,-0.0994220118807087,-0.4611274356058528,-2.7435474568357705,-0.09511900326669967,0.29721889448592,0.17092546162805705,,,,,,,19.198,
1763047714.842461,41,107;108;110;200;201;202,67.954;64.854;50.142;96.187;84.538;58.093,-0.1053673861456303,-0.4700854910250896,-2.7441823397836638,-0.09442157709213268,0.299993671378691,0.16797122994120464,,,,,,,19.597,
1763047714.974331,42,107;108;110;200;201;202,67.255;65.678;50.707;93.239;88.147;63.642,-0.10457902632275856,-0.4674442501177311,-2.7416610656965106,-0.09380026598430952,0.3015953554531778,0.16695806588155387,,,,,,,19.500,
1763047715.110666,43,107;108;110;200;201;202,64.514;65.612;51.916;96.456;86.072;60.307,-0.24212620133221902,-0.47352775697606636,-2.7277322176567025,-0.10470936526979739,0.3014266776382056,0.17027629541013928,,,,,,,21.700,
1763047715.239184,44,107;108;110;200;201;202,67.542;64.814;48.598;92.852;90.110;62.136,-0.2013669418313739,-0.4686969747277628,-2.729738559004747,-0.10192317617088473,0.30291020009526287,0.16888431478984003,,,,,,,20.815,
1763047715.369504,45,107;108;200;201;202,62.088;67.296;96.958;82.942;63.194,-0.13108103925919093,-0.47307444998971016,-2.776223822579921,-0.10664449338947678,0.2848821685247577,0.18431987373417452,,,,,,,19.793,
1763047715.505758,46,107;108;110;200;201;202,64.668;59.147;49.937;92.879;85.932;61.127,-0.12383682645067462,-0.466152796957463,-2.760138566145234,-0.10053035720342439,0.2891464245259485,0.17875496916837222,,,,,,,19.536,
1763047715.632748,47,107;108;110;200;201;202,64.980;63.055;51.170;100.126;93.404;67.608,-0.11335184144067692,-0.4564814991127208,-2.750403375425658,-0.09663511101876622,0.2895692565019928,0.17672088238617895,,,,,,,19.107,
1763047715.767668,48,107;108;110;200;201;202,65.731;64.457;46.564;94.498;87.809;66.220,-0.10525747466306241,-0.4555068737385956,-2.748606874813262,-0.09499116694184147,0.29145082946365497,0.17511891567825036,,,,,,,19.002,
1763047715.900155,49,107;108;110;200;201,61.220;65.776;50.197;92.355;87.799,-0.16165021261922957,-0.49965785942200364,-2.7469116423350917,-0.11178144866323327,0.31534116545877494,0.1601216547546704,,,,,,,21.322,
1763047716.029051,50,107;108;110;200;201;202,67.118;65.121;47.304;95.489;88.636;64.127,-0.14142964660135418,-0.48878404393270836,-2.7453566277981363,-0.10632275251050803,0.31021774694681925,0.1624111223442479,,,,,,,20.677,
1763047716.159649,51,107;108;110;200;201;202,67.260;63.727;44.930;94.735;88.112;61.365,-0.1291875006766694,-0.4815771981934591,-2.7453043541908357,-0.10302337219890662,0.3073536230417683,0.16461482447729883,,,,,,,20.267,
1763047716.295219,52,107;108;200;201;202,66.741;63.405;101.139;84.903;60.362,-0.08480902166611858,-0.4809208219914896,-2.7809427669193463,-0.1073690662658394,0.2883152696045854,0.18056810020356315,,,,,,,19.666,
1763047716.427292,53,107;108;110;200;201;202,65.157;63.068;47.360;98.736;88.847;69.664,-0.08225069567367305,-0.47136684497555187,-2.768918714950223,-0.101072085741276,0.28788202134665697,0.17877857913217635,,,,,,,19.337,
1763047716.558351,54,107;108;110;200;201;202,64.356;63.508;51.391;90.687;83.869;66.324,-0.08576530714218045,-0.4678552852340851,-2.7589291562046507,-0.09665210697348799,0.2923493349239564,0.17481347035029643,,,,,,,19.276,
1763047716.688997,55,107;108;110;200;201;202,67.731;64.252;42.876;95.036;86.864;64.924,-0.08579984224481538,-0.46662721272408675,-2.756929326058663,-0.09568953053828688,0.2932143324227089,0.17442223050415287,,,,,,,19.238,
1763047716.820351,56,107;108;110;200;201,64.514;61.818;48.236;94.925;87.977,-0.15062775574274712,-0.5046839108694593,-2.7511659222420373,-0.11054807416515919,0.31468582747551693,0.15974560721713016,,,,,,,21.358,
1763047716.950587,57,107;108;110;200;201;202,63.926;66.311;46.060;96.906;83.039;56.986,-0.13661412080691357,-0.502701155289645,-2.756117113326942,-0.10642580298305225,0.31035221238277216,0.16151224162394168,,,,,,,21.100,
1763047717.091204,58,107;108;110;200;201;202,67.312;62.161;48.452;94.465;87.889;56.617,-0.1321347193333192,-0.49197668885194207,-2.7485315591020942,-0.10289429746052946,0.30946576068185194,0.16227346581494534,,,,,,,20.683,
1763047717.226938,59,107;108;110;200;201;202,66.188;64.416;48.928;95.826;85.752;56.697,-0.12646881572698185,-0.4890475251285108,-2.747693794257552,-0.10075370708948506,0.3082901191138712,0.16241005436141337,,,,,,,20.516,
1763047717.390750,60,107;108;110;200;201;202,61.803;62.603;49.458;98.648;92.948;60.149,-0.11871759187363269,-0.47718878342850995,-2.7426289147031992,-0.09896671744416075,0.30407675347478036,0.1650322928962032,,,,,,,20.006,
1763047717.566970,61,107;108;110;200;201;202,64.792;63.559;46.348;100.678;86.957;63.907,-0.10927365687399689,-0.4738053133967627,-2.745609247184434,-0.09619249781969652,0.2996429995983745,0.16696585203957015,,,,,,,19.770,
1763047717.737442,62,107;108;110;200;201;202,64.774;63.861;47.515;97.229;83.967;66.047,-0.10151094605270573,-0.4731030386830834,-2.7476123660479828,-0.09374740186398262,0.29701000648682596,0.16755376160159968,,,,,,,19.664,
1763047718.008044,63,107;108;110;200;201;202,61.926;61.268;47.402;93.493;92.423;59.008,-0.10165751896216907,-0.4628866876449703,-2.739773422946399,-0.09475257781293749,0.29783994901343275,0.16875546775121636,,,,,,,19.305,
1763047718.251650,64,107;108;110;200;201;202,65.819;64.396;47.703;88.820;88.031;57.868,-0.10580052400894603,-0.4620210888846962,-2.7374255892523096,-0.0960672354502083,0.3023449774388614,0.1676099618657174,,,,,,,19.320,
1763047718.412741,65,107;108;110;200;201;202,67.506;66.888;47.577;98.266;88.314;61.287,-0.1041623486235484,-0.4663856827267179,-2.7414336923699216,-0.09587791076483922,0.30154050924113474,0.16745920537645212,,,,,,,19.456,
1763047718.536696,66,107;108;110;200;201;202,65.724;62.546;44.283;93.664;86.004;59.105,-0.10281124023523788,-0.4670645971160407,-2.742590504418743,-0.09577281499436432,0.3012050579037935,0.1678525111854208,,,,,,,19.465,
1763047718.704322,67,107;108;110;200;201;202,63.656;62.324;52.469;99.175;83.722;66.594,-0.09926087101595171,-0.46729276749864523,-2.742664374292668,-0.09171084293610009,0.2980361018408098,0.16746824141175154,,,,,,,19.443,
1763047718.833654,68,107;108;110;200;201;202,66.241;62.902;47.571;94.404;83.570;55.743,-0.10309799058459909,-0.47312299710633565,-2.743691339808916,-0.09237311770148761,0.300308221552018,0.16573479930703394,,,,,,,19.699,
1763047718.967257,69,107;108;110;200;201;202,64.508;62.123;50.523;93.019;86.539;67.759,-0.09883969181310523,-0.46581542880618887,-2.7391086265088513,-0.09031360490495195,0.29943073864708347,0.1666395482464798,,,,,,,19.400,
1763047719.098837,70,107;108;110;200;201;202,64.232;62.804;51.894;100.897;87.738;63.242,-0.09837122311596755,-0.4653556554870694,-2.738707508020688,-0.08926287570893203,0.2975221911339875,0.16657153296345598,,,,,,,19.380,
1763047719.235756,71,107;108;110;200;201;202,67.728;60.663;48.449;96.296;85.266;65.243,-0.09754454123396722,-0.46467882194335564,-2.7377668997550075,-0.08787029644695192,0.29688667697692955,0.16678786895513573,,,,,,,19.351,
1763047719.362355,72,107;108;110;200;201;202,65.443;64.629;47.683;94.117;86.802;61.163,-0.09878979685614162,-0.4655625120975762,-2.7394186549597994,-0.08976673573174537,0.29848323816859357,0.16678500940590912,,,,,,,19.388,
1763047719.495418,73,107;108;110;200;201;202,65.398;65.007;48.817;99.104;85.983;65.714,-0.09505397913436425,-0.4672566824937881,-2.743110816006855,-0.0893974792026804,0.29669999946497644,0.16748361350986407,,,,,,,19.405,
1763047719.626525,74,107;108;110;200;201;202,67.543;60.978;46.202;98.860;90.534;62.688,-0.09472652774352537,-0.4626605860011414,-2.7399536879134962,-0.09006901950029256,0.2956178590006683,0.16877427452301022,,,,,,,19.238,
1763047719.758171,75,107;108;110;200;201;202,64.858;63.821;48.823;98.667;86.238;58.455,-0.09843003730530892,-0.4681040180762152,-2.742201719489521,-0.09107193663836118,0.29647263395152346,0.16777220786544508,,,,,,,19.471,
1763047719.887243,76,107;108;200;201;202,64.820;63.615;92.093;88.098;59.569,-0.06569614768120699,-0.4630111551655618,-2.773456033877645,-0.10180839207996539,0.2837591384939757,0.18357570289519962,,,,,,,18.881,
1763047720.021317,77,107;108;110;200;201;202,65.574;64.585;47.174;100.341;87.454;62.652,-0.21603188045055172,-0.46916171230343245,-2.7535442299812214,-0.10957291182212299,0.28676940314013055,0.18466641129593656,,,,,,,20.938,
1763047720.155566,78,107;108;110;200;201;202,65.741;61.595;51.617;97.115;90.463;66.230,-0.18006769040276283,-0.4599849909597553,-2.7453913112379826,-0.10243423060204959,0.28915292273089294,0.17916716204792757,,,,,,,20.081,
1763047720.288285,79,107;108;110;200;201;202,64.546;62.292;46.277;94.675;90.067;66.750,-0.15218914081125162,-0.4541106816621139,-2.7421482368011714,-0.0989112800279121,0.2902939064518862,0.17763229236637273,,,,,,,19.495,
1763047720.418330,80,107;108;110;200;201;202,65.595;63.142;47.787;96.806;92.957;59.407,-0.13896229406093763,-0.4524769772855808,-2.7381442841439143,-0.0982153659250226,0.2934827878147083,0.17488007757951288,,,,,,,19.290,
1763047720.551750,81,107;108;110;200;201;202,61.749;61.948;44.961;95.641;88.225;64.174,-0.12143659390891536,-0.45080838910258164,-2.740364416880091,-0.09612009922999654,0.29213175817954606,0.17445549661334597,,,,,,,19.019,
1763047720.682466,82,107;108;110;200;201;202,62.168;61.724;49.998;95.564;90.338;58.909,-0.11652924841353365,-0.44998225561553085,-2.735773182855582,-0.09532610193265498,0.29460475949077936,0.17253242124079277,,,,,,,18.960,
1763047720.815076,83,107;108;110;200;201;202,65.364;63.846;48.200;94.346;87.916;67.025,-0.10810780711459933,-0.45036897359530736,-2.735970383227705,-0.09344306348473023,0.295229573556101,0.1718710078497207,,,,,,,18.892,
1763047720.968345,84,107;108;110;200;201;202,63.871;64.286;49.633;98.715;86.937;65.684,-0.10182075202831099,-0.4545483658492427,-2.7396334064787387,-0.09199235731729441,0.2944483007074094,0.17099064161420188,,,,,,,18.980,
1763047721.164686,85,107;108;110;200;201;202,61.679;63.702;44.668;92.090;88.409;68.049,-0.09215373160978171,-0.45112143905124363,-2.73984992286676,-0.0920482128509486,0.29355129669930485,0.17246250578597458,,,,,,,18.762,
1763047721.318740,86,107;108;110;200;201;202,61.679;63.702;44.668;92.090;88.409;68.049,-0.09215373160978171,-0.45112143905124363,-2.73984992286676,-0.0920482128509486,0.29355129669930485,0.17246250578597458,,,,,,,18.762,
1763047721.474754,87,107;108;200;201;202,62.683;63.148;96.261;88.095;64.750,-0.05484499940930833,-0.4484840721007396,-2.7726420242787477,-0.10039694485861772,0.2771792440478782,0.1878890715832807,,,,,,,18.254,
1763047721.612665,88,107;108;110;200;201;202,63.815;64.202;48.233;96.651;87.029;60.903,-0.06778046923096238,-0.4553521090055898,-2.764529876784737,-0.09798232452459713,0.28339554432312586,0.18195353076232582,,,,,,,18.636,
1763047721.744624,89,107;108;110;200;201;202,67.053;61.406;46.873;95.148;91.353;69.190,-0.07338852091805234,-0.4481531359419963,-2.7534766000263153,-0.0948210378927498,0.2862201966498201,0.17996352657548823,,,,,,,18.441,
1763047721.901888,90,107;108;110;200;201;202,65.357;62.531;47.294;95.342;88.949;65.833,-0.07795886984738377,-0.4474048564549285,-2.747545216115076,-0.09317267567450707,0.28863517280646783,0.177447369735661,,,,,,,18.471,
1763047722.299388,91,107;108;110;200;201;202,65.288;65.082;50.163;93.847;89.757;59.868,-0.0870988077893933,-0.4514142525133842,-2.7431682027139437,-0.0940445451588353,0.2939049779064444,0.17368041962801214,,,,,,,18.718,
1763047722.683229,92,107;108;200;201;202,65.110;62.579;94.868;84.432;57.177,-0.05894070622677356,-0.4576018706135775,-2.7769875667504076,-0.10325906351603198,0.2803694218153692,0.1865440936654647,,,,,,,18.613,
1763047722.953936,93,107;108;110;200;201;202,66.882;64.358;46.228;99.640;86.989;69.006,-0.06400746161117918,-0.45930743428281473,-2.7695120528334436,-0.09852743054777234,0.2825710833244992,0.18238614571828576,,,,,,,18.745,
1763047723.239427,94,107;108;110;200;201;202,67.026;65.688;45.399;95.611;86.351;61.068,-0.07442807754003448,-0.4645327904783973,-2.7653026032527115,-0.09772456777000135,0.28751388310107767,0.17816672382629478,,,,,,,19.035,
1763047723.436361,95,107;108;110;200;201;202,64.488;60.878;50.221;97.339;89.520;60.481,-0.08472604060472093,-0.46059427362790467,-2.753853417133907,-0.09532664232107596,0.29057705906391174,0.17505453923617365,,,,,,,19.008,
1763047723.816169,96,107;108;110;200;201;202,64.164;59.702;45.894;93.632;89.857;61.498,-0.23250020887771183,-0.4559009475019508,-2.7308641877010107,-0.10558410000932038,0.2920885115919903,0.17892737839151965,,,,,,,20.875,
1763047724.040580,97,107;108;110;200;201;202,65.264;61.885;43.606;96.248;77.960;59.848,-0.18980352643848045,-0.4685123872845245,-2.7432495084778608,-0.10053753144150672,0.29227612341981746,0.1747792449409173,,,,,,,20.555,
1763047724.184983,98,107;108;110;200;201;202,63.312;60.011;43.934;95.579;87.364;60.813,-0.1601671302048743,-0.46394645458277967,-2.742667202843669,-0.09820497131859986,0.2921050418412032,0.17412816924364613,,,,,,,19.969,
1763047724.318980,99,107;108;110;200;201;202,66.118;64.294;40.123;94.717;91.225;62.334,-0.13673894726276062,-0.4608925114573669,-2.744510428399876,-0.0986879571472235,0.2929899444392166,0.17466897218864252,,,,,,,19.555,
1763047724.442295,100,107;108;200;201;202,66.407;62.893;97.826;85.688;69.115,-0.08428290447979943,-0.45724478083916953,-2.776751422765988,-0.10283923024989237,0.2766856544788799,0.1886470932670274,,,,,,,18.757,
1763047724.574240,101,107;108;200;201;202,66.556;62.124;98.365;82.817;63.856,-0.22117877145680417,-0.4640665155208031,-2.7861690128524677,-0.1206232799469461,0.26650164572415075,0.2041460536928568,,,,,,,20.657,
1763047724.706095,102,107;108;110;200;201;202,64.568;63.528;49.833;92.637;89.865;61.494,-0.18591279902407457,-0.4598319657321209,-2.768834825147263,-0.11247172448820826,0.2767822392884811,0.19204089082622366,,,,,,,20.035,
1763047724.844340,103,107;108;110;200;201;202,65.944;61.624;48.162;89.480;86.744;64.225,-0.16087491033870605,-0.4559212411276924,-2.7554932388847604,-0.10541871030160999,0.28434019380078956,0.18425396249213224,,,,,,,19.607,
1763047725.017404,104,107;108;110;200;201;202,63.941;61.953;50.382;99.877;84.234;65.365,-0.13862103276658364,-0.4599260261269291,-2.7533510526118845,-0.09920673275258797,0.28561706958326694,0.1791872441128785,,,,,,,19.493,
1763047725.140888,105,107;108;110;200;201;202,62.820;62.753;50.308;103.557;84.568;64.524,-0.12264568872447616,-0.46541266199928205,-2.7536751233923518,-0.09498040019137054,0.28568131439830047,0.17585279051751684,,,,,,,19.529,
1763047725.268907,106,107;108;200;201;202,64.161;62.410;93.795;86.337;62.602,-0.07963018520946437,-0.46160052341524377,-2.782009737889549,-0.10307512465661896,0.2741184220810458,0.1894714537040445,,,,,,,18.868,
1763047725.401734,107,107;108;110;200;201;202,65.435;64.102;50.257;99.574;81.842;64.323,-0.0836304959537414,-0.4684341543034938,-2.7749226985133735,-0.0973395656236056,0.27977173788591264,0.18219093603597514,,,,,,,19.200,
1763047725.535169,108,107;108;200;201;202,65.835;62.017;92.648;84.750;58.909,-0.05646934077012321,-0.4669294353667654,-2.796777293693594,-0.10597032047995539,0.2717695929787953,0.19262447475787348,,,,,,,18.868,
1763047725.662232,109,107;108;200;201;202,64.367;61.663;94.280;83.000;65.599,-0.029435857335887914,-0.46399778928359076,-2.813951596157461,-0.11022254347104456,0.2627898437764432,0.20054961987479802,,,,,,,18.566,
1763047725.793200,110,107;108;110;200;201;202,60.522;63.717;47.728;94.196;82.840;67.927,-0.04189651498755578,-0.4639176430590976,-2.795341285712365,-0.10244377150280161,0.27047050199979683,0.19195547429846785,,,,,,,18.696,
1763047725.932410,111,107;108;110;200;201;202,66.596;62.850;48.495;97.855;87.419;60.283,-0.06179073084588518,-0.46586060197987383,-2.7785352175143316,-0.0985400918516183,0.27878110108243853,0.1845072267480347,,,,,,,18.946,
1763047726.061410,112,107;108;110;200;201;202,65.547;61.734;46.586;97.016;85.393;61.755,-0.07249806934174889,-0.4663869086965581,-2.768372018358887,-0.09570138556605064,0.2832743827799547,0.17985886322027986,,,,,,,19.080,
1763047726.192026,113,107;108;110;200;201;202,65.683;65.452;49.732;95.673;86.653;60.856,-0.08209689292614653,-0.468624589761497,-2.7610156606076686,-0.09487601173050471,0.28881192520693916,0.17526509097994802,,,,,,,19.269,
1763047726.326163,114,107;108;110;200;201;202,65.193;64.307;51.477;98.638;87.092;62.298,-0.08873978425742624,-0.4680054694380981,-2.7551161684619467,-0.09325806079190503,0.29132576435423024,0.17195426955671872,,,,,,,19.323,
1763047726.455198,115,107;108;200;201;202,65.946;60.654;90.481;90.744;59.335,-0.062362166915288404,-0.45674938782029767,-2.775702228592158,-0.10346569962368418,0.28061407457822707,0.18672301993792473,,,,,,,18.604,
1763047726.588399,116,107;108;110;200;201;202,63.762;62.256;47.035;98.154;80.950;63.012,-0.06998261693887577,-0.4640281465417922,-2.771076949716406,-0.09838922512496034,0.28295093244547426,0.18123402088182322,,,,,,,18.958,
1763047726.724507,117,107;108;110;200;201;202,67.590;63.591;42.733;99.636;90.711;59.756,-0.07754867546485268,-0.4633646601484804,-2.764575565954994,-0.09788977428215466,0.28600894953635836,0.178452286829261,,,,,,,19.013,
1763047726.849656,118,107;108;110;200;201;202,65.876;61.257;45.495;95.320;85.833;57.983,-0.0854111656672537,-0.46477353974058994,-2.7579026579701464,-0.09647038339315507,0.29009899689118074,0.17512247931306102,,,,,,,19.157,
1763047726.984350,119,107;108;110;200;201;202,66.067;66.197;48.554;99.290;87.159;65.463,-0.08607750567883837,-0.46635012076220705,-2.756455349551945,-0.09469469066014664,0.29138103121508585,0.17322582594329564,,,,,,,19.232,
1763047727.117541,120,107;108;110;200;201;202,66.334;63.499;48.893;98.222;80.689;61.321,-0.2317671618516654,-0.4774577055984264,-2.741606834888118,-0.1037391260593815,0.29273506170376024,0.17477459720078897,,,,,,,21.575,
1763047727.247050,121,107;108;110;200;201;202,67.079;61.383;47.179;101.629;82.447;64.532,-0.18861837439540774,-0.4785327137132066,-2.7459857223269806,-0.09787343752480317,0.29121122501300906,0.17222001721594118,,,,,,,20.895,
1763047727.381188,122,103;107;108;110;200;201;202,53.074;67.228;64.224;47.373;94.088;84.923;60.236,-0.10087150197365004,-0.4565133563071733,-2.8044246280400467,-0.10785967135551233,0.3027331061303166,0.15825744970831848,,,,,,,18.717,
1763047727.511776,123,107;108;110;200;201;202,65.314;62.794;48.351;96.167;86.610;64.044,-0.0979222535644509,-0.4584949103393687,-2.785613404487822,-0.10229056024255946,0.30035646233939334,0.16118719003366033,,,,,,,18.866,
1763047727.646066,124,107;108;110;200;201;202,68.064;60.592;48.891;94.407;91.342;66.094,-0.09828160389504817,-0.4513652428618409,-2.764247281591377,-0.0981399055650521,0.2991168356010752,0.16404358912245465,,,,,,,18.700,
1763047727.777214,125,107;108;110;200;201;202,63.869;63.748;42.069;96.574;87.858;60.602,-0.09469379401101405,-0.4546876823926056,-2.7617103785789547,-0.09760625508461564,0.29682708667699387,0.1666629560485658,,,,,,,18.813,
1763047727.910938,126,107;108;110;200;201;202,64.382;59.869;45.736;100.490;87.401;66.023,-0.08967551282442553,-0.45267283333860536,-2.75579854108067,-0.0941343762786714,0.2924875872601215,0.16878343127488324,,,,,,,18.724,
1763047728.042553,127,107;108;110;200;201;202,61.587;65.218;48.012;94.132;87.609;63.935,-0.08907238698995708,-0.4544985630136665,-2.7526995813263926,-0.09390145785485823,0.2936972611787357,0.16906398013774881,,,,,,,18.806,
1763047728.184858,128,107;108;110;200;201;202,65.607;63.218;47.638;95.529;84.525;58.619,-0.09365697420203847,-0.4625422068633895,-2.7503443402030743,-0.0937192335543656,0.2960201597551589,0.16783736123338086,,,,,,,19.171,
1763047728.345035,129,107;108;110;200;201;202,65.139;61.404;48.639;98.743;85.172;60.658,-0.09581021346651152,-0.46535846736701925,-2.74874698803461,-0.09219139854664879,0.2950469297353595,0.16720858439520236,,,,,,,19.307,
1763047728.492959,130,107;108;110;200;201;202,65.250;61.347;42.736;95.584;84.736;62.907,-0.09349146139207327,-0.4642766953049241,-2.749244752746016,-0.09167826640414309,0.2938131007544335,0.16888157556884312,,,,,,,19.244,
1763047728.634027,131,107;108;110;200;201;202,63.094;60.624;50.001;96.840;88.091;60.301,-0.09700406923052454,-0.4614814272052419,-2.743835890452146,-0.09098309475395938,0.29455768157486845,0.16856420873347847,,,,,,,19.190,
1763047728.768187,132,107;108;110;200;201;202,63.795;61.240;49.551;96.686;91.394;63.254,-0.09739216144757908,-0.4564295573971925,-2.7386377084854328,-0.09076211086668658,0.29506323790734856,0.1693491482314594,,,,,,,19.021,
1763047728.898736,133,107;108;110;200;201;202,66.340;61.927;46.282;93.040;89.059;70.482,-0.09200100834804785,-0.4507619028125948,-2.7362748508730177,-0.08969377602757309,0.2944701502585584,0.170872085810953,,,,,,,18.765,
1763047729.030342,134,107;108;110;200;201;202,65.256;60.995;44.622;97.012;84.855;61.966,-0.09174519434346294,-0.45532314913879696,-2.7400621792029445,-0.08966918537019639,0.2935773794050067,0.17086627904343457,,,,,,,18.924,
1763047729.187913,135,107;108;110;200;201;202,65.256;60.995;44.622;97.012;84.855;61.966,-0.09174519434346294,-0.45532314913879696,-2.7400621792029445,-0.08966918537019639,0.2935773794050067,0.17086627904343457,,,,,,,18.924,
1763047729.330947,136,107;108;110;200;201;202,63.682;64.572;44.351;96.103;89.370;65.432,-0.08714615246423874,-0.45510007399001906,-2.741646747963522,-0.09105005837503442,0.29294479797897094,0.17175984718998888,,,,,,,18.871,
1763047729.460594,137,107;108;110;200;201;202,62.315;62.560;40.325;96.733;89.669;62.672,-0.08271143011025921,-0.45249681399660746,-2.745319947192613,-0.0926594599048502,0.29098118137111456,0.1737472248293099,,,,,,,18.717,
1763047729.589982,138,107;108;200;201;202,68.012;61.076;99.280;86.933;62.868,-0.05323282564208235,-0.45385609066064786,-2.774929130435327,-0.09994332588198962,0.27606884728772885,0.18757346098508898,,,,,,,18.448,
1763047729.723957,139,107;108;110;200;201;202,63.569;61.668;47.558;97.835;87.098;65.659,-0.06318531919261906,-0.453270850744774,-2.765272786496314,-0.09589754784857005,0.27952298809962906,0.1827241735459822,,,,,,,18.523,
1763047729.854022,140,107;108;110;200;201;202,65.177;60.254;45.954;98.427;88.866;62.792,-0.07324966877416782,-0.4523732762613537,-2.756766769863413,-0.09384857186187338,0.2826612624310678,0.1797770397305003,,,,,,,18.590,
1763047729.987168,141,107;108;110;200;201;202,64.945;65.529;50.214;98.691;83.169;67.137,-0.07688444474393571,-0.46052175548086877,-2.7566739117631514,-0.09152108878897076,0.2857773594392451,0.17612518204376862,,,,,,,18.937,
1763047730.120631,142,107;108;110;200;201;202,67.888;60.413;46.708;97.619;84.856;58.874,-0.0865320366224417,-0.46425827588785673,-2.7523342337223564,-0.09090818198443928,0.28928354842254367,0.17283328675579668,,,,,,,19.174,
1763047730.253725,143,107;108;110;200;201;202,63.997;59.717;48.356;99.075;88.618;58.369,-0.09322476483936531,-0.4625838805426725,-2.746237642422771,-0.09093931112385102,0.29073146437600794,0.17163580887255941,,,,,,,19.190,
1763047730.385569,144,107;108;110;200;201;202,64.703;61.502;47.694;97.267;91.059;63.716,-0.09381129171821496,-0.45704316844957443,-2.7409456994247234,-0.09105733111694486,0.29151848838464633,0.17168792442867647,,,,,,,19.004,
1763047730.514389,145,107;108;110;200;201;202,63.853;59.594;49.753;99.268;88.311;61.962,-0.09457499547727029,-0.4563174801286349,-2.7374121360952572,-0.08992829646758296,0.2917071593870178,0.17059179678730782,,,,,,,18.999,
1763047730.643401,146,107;108;200;201;202,65.489;64.187;99.837;83.899;59.600,-0.06208649071774154,-0.46499261848358375,-2.7767973907805907,-0.09916924260029043,0.2770062382323132,0.1846005621089189,,,,,,,18.923,
1763047730.782566,147,107;108;110;200;201;202,67.377;62.590;50.590;92.788;91.959;65.741,-0.22287982148519989,-0.45895714898106826,-2.744424010818213,-0.10684284232164806,0.28490446655152696,0.18462082559391887,,,,,,,20.738,
1763047730.909915,148,107;108;110;200;201;202,62.039;62.459;48.397;97.184;91.076;63.190,-0.1838656077675792,-0.4544790709982601,-2.74188493890413,-0.10267791371138814,0.2867369500141431,0.1803416230867375,,,,,,,19.951,
1763047731.043661,149,107;108;200;201;202,64.936;62.527;94.557;87.002;63.202,-0.12247001981942064,-0.45351910196954703,-2.7738187456426195,-0.1077496949705415,0.2746450518075657,0.1921868226989881,,,,,,,18.964,
1763047731.179182,150,107;108;110;200;201;202,62.447;63.159;46.586;95.194;88.955;64.902,-0.10988439561439382,-0.45155756642152356,-2.764023822243877,-0.10278525253381084,0.2796689023517839,0.18609397266741826,,,,,,,18.813,
1763047731.310639,151,107;108;110;200;201;202,65.085;63.404;45.092;102.666;81.585;64.642,-0.10014338168602979,-0.46272516746519665,-2.765648597231052,-0.0977670841181431,0.28095576642734876,0.18128070753403908,,,,,,,19.152,
1763047731.438843,152,107;108;110;200;201;202,65.031;61.816;46.052;99.270;87.795;61.110,-0.09811204180841594,-0.46324330755226606,-2.759497268626427,-0.09599993283043375,0.28392772920753867,0.17801665830741834,,,,,,,19.187,
1763047731.578061,153,107;108;110;200;201;202,65.929;64.207;40.985;99.284;88.182;63.672,-0.09255779635610137,-0.4648058424174458,-2.7598357984018587,-0.09574440407949186,0.2850645291990127,0.17749824279869478,,,,,,,19.202,
1763047731.708592,154,107;108;110;200;201;202,65.135;62.660;48.205;96.445;87.882;67.268,-0.09010873124776796,-0.4616403893303282,-2.753979490797973,-0.09343865323221716,0.28724205988880136,0.1757578136006137,,,,,,,19.089,
1763047731.837346,155,107;108;110;200;201;202,64.671;63.033;48.268;99.632;88.062;69.575,-0.0861953226009951,-0.4588272452550748,-2.750634899868395,-0.09121070314602693,0.28692380185268057,0.17478519406783352,,,,,,,18.966,
1763047731.976469,156,107;108;110;200;201;202,64.038;64.394;50.411;93.451;89.421;65.895,-0.08912237718455394,-0.4561272842876415,-2.74468273100727,-0.09115766636800977,0.2908353235164757,0.17291191141207693,,,,,,,18.912,
1763047732.135604,157,107;108;110;200;201;202,64.828;59.644;44.641;95.758;86.396;65.579,-0.0871225111917097,-0.4533515867457278,-2.741730342453894,-0.08979332867877264,0.28999219284354844,0.1731711648776279,,,,,,,18.802,
1763047732.270180,158,107;108;110;200;201;202,62.960;63.421;47.739;97.167;86.453;64.090,-0.08719849986157047,-0.4563588429581644,-2.7437969432387237,-0.08997893024743973,0.29051088005127845,0.172128461423606,,,,,,,18.911,
1763047732.396180,159,107;108;110;200;201;202,59.415;62.666;48.142;98.804;85.667;63.022,-0.08588857718337221,-0.45821599684911296,-2.7468144953089095,-0.08984971516621897,0.28968578233057746,0.17185974600904924,,,,,,,18.959,
1763047732.527451,160,107;108;110;200;201;202,64.299;62.044;47.274;93.062;86.866;65.883,-0.08602959087610354,-0.4544766943247137,-2.7426800348598737,-0.08949617709142561,0.2912488148105408,0.1713971515946193,,,,,,,18.833,
1763047732.659740,161,107;108;110;200;201;202,63.193;60.048;43.624;94.467;86.628;57.855,-0.08977298067857294,-0.45673637311172405,-2.742077015626251,-0.09111418371975188,0.2925282885036583,0.1712681994274588,,,,,,,18.954,
1763047732.794008,162,107;108;110;200;201;202,64.050;57.481;50.348;103.172;85.957;61.135,-0.09318863926972568,-0.4581978992858116,-2.7397042897444197,-0.08848957150884036,0.2905910520176257,0.17023774031104622,,,,,,,19.051,
1763047732.925301,163,107;108;110;200;201;202,64.799;63.157;48.653;98.685;87.168;61.624,-0.09382190719974248,-0.46084479455095795,-2.740668464139078,-0.0891526132362183,0.2917640985047981,0.16947027063594544,,,,,,,19.155,
1763047733.054580,164,107;108;110;200;201,65.951;60.910;48.071;96.894;88.189,-0.1554998568203232,-0.5019376179020639,-2.739014633404424,-0.1056947144573139,0.31269911846319853,0.1563072097719205,,,,,,,21.379,
1763047733.191594,165,107;108;110;200;201;202,63.769;61.167;52.409;96.608;87.131;61.424,-0.14104693178404934,-0.48948530172658944,-2.7357569677109703,-0.10041421273763536,0.308683737778275,0.15873211714956373,,,,,,,20.753,
1763047733.323334,166,107;108;110;200;201;202,64.119;65.759;44.742;95.973;92.963;62.028,-0.12678755576894513,-0.47792208589061264,-2.7382632730735432,-0.1002298882650508,0.30523811293459474,0.16331470101784035,,,,,,,20.139,
1763047733.459011,167,107;108;110;200;201;202,62.841;60.776;51.602;98.879;86.777;63.886,-0.11762901243336474,-0.4717461617188508,-2.7369043896702885,-0.09578567365397958,0.3015257635378131,0.16470981754189948,,,,,,,19.814,
1763047733.595942,168,107;108;110;200;201;202,65.407;63.992;47.599;96.998;87.836;66.748,-0.1080533263461114,-0.46773319568098615,-2.7387358645876794,-0.09384356310669113,0.2990513048774025,0.16654184873273645,,,,,,,19.557,
1763047733.761368,169,107;108;110;200;201;202,67.820;62.407;52.499;92.894;90.194;64.657,-0.10831127462564079,-0.4596363442164194,-2.731744657050874,-0.092212922601082,0.3011326824162979,0.1659402316459582,,,,,,,19.278,
1763047733.928668,170,107;108;110;200;201;202,66.294;63.080;46.408;91.674;83.768;62.379,-0.10509332119782606,-0.4620468923800311,-2.73518467589163,-0.09181949435425397,0.301203722132247,0.16602284017940022,,,,,,,19.326,
1763047734.081436,171,107;108;110;200;201;202,64.903;60.997;47.951;95.816;87.181;61.779,-0.10428631432337888,-0.4606616326226709,-2.7347210283202945,-0.09127730628285122,0.2994222504134017,0.1666809191838493,,,,,,,19.267,
1763047734.217025,172,107;108;110;200;201;202,64.682;62.256;43.089;95.840;87.801;67.698,-0.09521282093234423,-0.45637344009192393,-2.7386909893575377,-0.09063042109625843,0.2962265951537161,0.1696505039195651,,,,,,,19.000,
1763047734.343560,173,107;108;200;201;202,66.394;63.780;94.793;85.753;63.113,-0.06000418620336008,-0.4567018986449206,-2.772336466371542,-0.09938373924792239,0.28153817735806447,0.18412216539409104,,,,,,,18.607,
1763047734.476998,174,107;108;110;200;201;202,65.231;62.777;47.471;94.944;86.462;58.845,-0.07423992029055691,-0.4604730186519467,-2.763187938795736,-0.09732956767270419,0.28743969595230967,0.17847753860994325,,,,,,,18.884,
1763047734.607171,175,107;108;110;200;201;202,65.155;61.918;45.760;95.448;87.534;64.702,-0.07812113204506507,-0.45810895386342076,-2.756267191755763,-0.09521563849954964,0.2892782972573344,0.17653271946645857,,,,,,,18.852,
1763047734.754811,176,107;108;110;200;201;202,65.886;61.077;46.527;98.376;88.051;61.890,-0.08391020503615218,-0.4582996735381356,-2.7513272059074665,-0.09364599274393684,0.2903212515300637,0.17450757875251552,,,,,,,18.925,
1763047734.902688,177,107;108;110;200;201;202,67.018;59.799;50.325;101.005;86.036;61.254,-0.0912108214522131,-0.46058062220672524,-2.746423928472061,-0.09095032512081898,0.2912449287672179,0.17190391578784087,,,,,,,19.095,
1763047735.035365,178,107;108;110;200;201;202,65.333;62.094;50.132;97.317;87.320;61.449,-0.09566458029357733,-0.4613808495582808,-2.743258420705613,-0.09040009548986273,0.29334763028117417,0.16997981616320515,,,,,,,19.178,
1763047735.169311,179,107;108;110;200;201;202,66.104;59.512;51.335;100.789;84.247;63.026,-0.09686946227526318,-0.46391372755851984,-2.7411078100899795,-0.08791285149225433,0.2928328267063559,0.16839282999901925,,,,,,,19.298,
1763047735.299333,180,107;108;110;200;201;202,66.153;60.683;45.655;100.673;89.979;63.755,-0.09504638379772345,-0.45982076287939233,-2.7405298279481913,-0.08856869773654204,0.2913781016447686,0.16989726308230158,,,,,,,19.125,
1763047735.430876,181,107;108;110;200;201;202,64.977;62.026;49.715;100.174;92.837;62.199,-0.09691735939281826,-0.4560828093722547,-2.7367981741433343,-0.08944430356863649,0.2923373539060409,0.17002924820271734,,,,,,,19.012,
1763047735.562946,182,107;108;110;200;201,62.419;62.865;44.626;101.552;87.806,-0.15096347117483253,-0.5021442111480381,-2.744849705055415,-0.10688614475164823,0.3088301209926361,0.1583899176734279,,,,,,,21.301,
1763047735.700184,183,107;108;110;200;201;202,66.019;59.771;48.493;90.266;85.110;64.633,-0.13602069283106197,-0.48524126081776925,-2.738598307951489,-0.10056127420545975,0.30636565429299306,0.1612379200267639,,,,,,,20.518,
1763047735.827693,184,107;108;110;200;201;202,64.069;64.494;50.348;94.086;86.200;58.351,-0.1286415453884318,-0.4824851072173139,-2.73872649072429,-0.09883345991241116,0.3059023147332046,0.16176111106087887,,,,,,,20.333,
1763047735.959983,185,107;108;110;200;201;202,62.777;62.228;48.924;100.340;85.120;62.845,-0.11715385418564238,-0.47992561902203584,-2.7414366062182065,-0.09552685281886669,0.30105335994444177,0.16399459692908905,,,,,,,20.104,
1763047736.090142,186,107;108;200;201;202,65.718;61.887;100.780;92.972;60.348,-0.08007940531790135,-0.4689286552162799,-2.770143970340763,-0.10367228822920027,0.2841002183111953,0.18170568625713931,,,,,,,19.220,
1763047736.228645,187,107;108;110;200;201;202,64.301;61.790;50.273;93.810;86.491;63.322,-0.08598264662213528,-0.46482669880884286,-2.758231624476699,-0.09897078100679903,0.28850778377594705,0.17722827961606902,,,,,,,19.162,
1763047736.363656,188,107;108;110;200;201;202,65.715;65.546;49.748;97.120;82.734;64.098,-0.08837163762704436,-0.470931264976151,-2.757110305064929,-0.09577621406770193,0.29103801962284676,0.17320856693638345,,,,,,,19.425,
1763047736.490427,189,107;108;110;200;201;202,65.790;60.846;45.996;95.318;86.897;67.411,-0.0876715972903795,-0.46348298139554794,-2.751211103849956,-0.09288797090112974,0.29088129628414267,0.17294226717450867,,,,,,,19.157,
1763047736.622059,190,107;108;110;200;201;202,66.189;62.923;47.452;92.918;89.002;61.294,-0.09335430964143404,-0.4609641240957922,-2.7448409218206296,-0.09326825222888047,0.2942965881733296,0.17136651361881686,,,,,,,19.135,
1763047736.755342,191,107;108;110;200;201;202,67.988;62.779;49.234;90.527;82.944;63.429,-0.09691356801163344,-0.4636365217888381,-2.742296730659783,-0.09170960475539859,0.29777499619474185,0.16893222644184092,,,,,,,19.282,
1763047736.889761,192,107;108;110;200;201;202,65.755;61.665;48.986;94.239;85.535;61.248,-0.10034432437884719,-0.46366543919278735,-2.7398905202653494,-0.09104662196231467,0.2985581411180112,0.16788707266233394,,,,,,,19.324,
1763047737.016613,193,107;108;110;200;201;202,62.860;64.076;45.446;98.073;88.235;63.366,-0.09581772599620726,-0.4631493250903734,-2.743921018212242,-0.09175978246290425,0.29593258170590064,0.169380744229588,,,,,,,19.245,
1763047737.152878,194,107;108;110;200;201;202,64.361;64.211;46.192;99.171;81.144;62.146,-0.09276208972679817,-0.4712510221745664,-2.751086234696727,-0.09114298523016408,0.29431678851473425,0.1688858949237725,,,,,,,19.503,
1763047737.311287,195,107;108;110;200;201;202,60.616;64.601;49.011;95.077;92.473;62.691,-0.09147829224107618,-0.46305323031381224,-2.745671024439902,-0.09276758485896201,0.2951015065333922,0.16988203864208032,,,,,,,19.198,
1763047737.442576,196,107;108;110;200;201;202,64.691;64.254;47.478;92.588;88.891;62.184,-0.09395921037497243,-0.4603220466514433,-2.7428938486843597,-0.09355364033775677,0.29683910889277765,0.1696421185615369,,,,,,,19.124,
1763047737.575790,197,107;108;200;201;202,64.747;62.980;97.237;84.687;65.598,-0.055986187145370556,-0.45964445546151345,-2.77714876881826,-0.10027719333375225,0.27947046542740217,0.1846313570505489,,,,,,,18.679,
1763047737.708457,198,107;108;110;200;201;202,62.041;60.050;46.698;98.671;84.461;68.823,-0.0592831960113921,-0.4564023814334654,-2.767325985785775,-0.09479224270852904,0.2798536144584677,0.18130553003968639,,,,,,,18.616,
1763047737.842331,199,107;108;110;200;201;202,62.620;64.809;49.246;97.303;87.135;63.407,-0.06826717278742434,-0.45983611901633836,-2.761432772935957,-0.09361085009986288,0.28460200118447815,0.17742291324582402,,,,,,,18.832,
1763047737.970510,200,107;108;200;201;202,63.320;59.939;95.870;84.152;60.636,-0.04141395807445063,-0.45809225604683834,-2.7881459633265857,-0.10149505800395628,0.27120016390844714,0.19002573189577832,,,,,,,18.500,
1763047738.103229,201,107;108;200;201;202,63.813;63.770;94.784;83.265;64.811,-0.018508505098230283,-0.45964506252445614,-2.809784170291067,-0.10772476982173226,0.26251464113915546,0.19844284727054118,,,,,,,18.393,
1763047738.237526,202,107;108;110;200;201;202,66.216;63.882;46.639;96.938;85.260;64.554,-0.0404880875525225,-0.4633343411956173,-2.7921797026742188,-0.10162213305457986,0.272036887852371,0.1898505826211998,,,,,,,18.684,
1763047738.371552,203,107;108;110;200;201;202,64.120;62.844;47.657;96.021;85.687;60.850,-0.058729440630866124,-0.4652557206401971,-2.777580230249703,-0.09827231972206682,0.2795927234955305,0.18325822337463432,,,,,,,18.912,
1763047738.500740,204,107;108;110;200;201;202,63.247;65.684;48.222;97.453;90.645;60.913,-0.07024344408763473,-0.4636708690094667,-2.7671936374787807,-0.09758155440033173,0.28487607966772827,0.17902988428644598,,,,,,,18.966,
1763047738.632306,205,107;108;110;200;201;202,63.471;63.858;47.443;97.823;89.670;62.345,-0.07667988864772014,-0.46163981373928614,-2.7596338132577634,-0.09644782896096091,0.2873594072712655,0.1763243959096591,,,,,,,18.964,
1763047738.767103,206,107;108;110;200;201;202,65.845;60.946;46.994;101.250;86.212;62.165,-0.08147944458064284,-0.4641508344647558,-2.755701165802415,-0.09397329306854157,0.2876979494548489,0.17433011521765265,,,,,,,19.116,
1763047738.897270,207,107;108;110;200;201;202,64.399;62.040;42.944;97.227;92.788;66.300,-0.08075968635232034,-0.45533146431542054,-2.7503027776923297,-0.09376347282970553,0.28749346605726467,0.17552661923766394,,,,,,,18.790,
1763047739.031575,208,107;108;110;200;201;202,64.399;62.040;42.944;97.227;92.788;66.300,-0.08075968635232034,-0.45533146431542054,-2.7503027776923297,-0.09376347282970553,0.28749346605726467,0.17552661923766394,,,,,,,18.790,
1763047739.159671,209,107;108;110;200;201;202,66.459;61.738;47.961;100.112;82.001;62.575,-0.08588940545746619,-0.46354177181728456,-2.7512666792560534,-0.09143557230447644,0.2887365491201034,0.17294491183708988,,,,,,,19.146,
1763047739.291914,210,107;108;200;201;202,66.937;62.054;100.259;85.727;68.774,-0.048839137282811425,-0.4597132813495491,-2.7811764392592724,-0.09777978789031785,0.2730920341689871,0.18780494240494106,,,,,,,18.629,
1763047739.423055,211,107;108;110;200;201;202,64.277;64.179;48.811;93.774;86.657;62.519,-0.06386072416263759,-0.4594012228699873,-2.769789398590833,-0.0955364244168956,0.28115588101373784,0.18142972553078165,,,,,,,18.747,
1763047739.557649,212,107;108;110;200;201;202,67.154;64.564;47.780;96.315;86.702;68.768,-0.06961548853252736,-0.459906782477899,-2.762618055668107,-0.09296494063384976,0.2848994226632959,0.17790444161075683,,,,,,,18.836,
1763047739.688253,213,107;108;110;200;201,62.439;62.300;48.369;94.529;81.189,-0.13829882665320667,-0.5114172447084842,-2.7609692502388334,-0.10773847344913363,0.308666806613256,0.16089769481523616,,,,,,,21.425,
1763047739.823224,214,107;108;110;200;201;202,63.478;61.307;47.961;96.811;90.621;65.146,-0.1236579901694021,-0.4885590121459564,-2.7514361012378994,-0.10237249738375294,0.30322424370165996,0.16437578105660813,,,,,,,20.449,
1763047739.961091,215,107;108;110;200;201;202,65.047;57.837;42.390;97.540;91.915;64.834,-0.11188300167077783,-0.46980728835442137,-2.744098576159344,-0.09868228231766413,0.2974899009648119,0.16884051198462188,,,,,,,19.646,
1763047740.089173,216,107;108;200;201;202,65.493;64.569;96.088;86.455;62.809,-0.07137933146088934,-0.46594398750492283,-2.777744194706475,-0.105379234341352,0.2824517466519451,0.18413929745769617,,,,,,,19.008,
1763047740.222025,217,107;108;110;200;201;202,66.144;64.140;50.386;97.592;83.546;61.615,-0.08107757150413769,-0.47107569639411795,-2.7692383858171636,-0.09997775836597017,0.2877132607524301,0.17790172246049613,,,,,,,19.316,
1763047740.352407,218,107;108;110;200;201;202,65.381;57.619;41.950;95.871;84.792;60.008,-0.08429521099869756,-0.4664488613104806,-2.760523910418124,-0.09693468925101048,0.2878117903081463,0.17615621073617377,,,,,,,19.202,
1763047740.482522,219,107;108;110;200;201;202,63.453;63.345;45.309;97.104;89.634;63.554,-0.08454025689564962,-0.4624051285984633,-2.7554061681959183,-0.09603736461615378,0.2890735799421359,0.17520362999169775,,,,,,,19.070,
1763047740.614167,220,107;108;110;200;201;202,63.718;63.506;49.276;95.302;91.403;57.702,-0.09232645776723374,-0.4597994883721976,-2.7474910321999886,-0.09610753557220764,0.29356319092382954,0.17268880941011402,,,,,,,19.067,
1763047740.743688,221,107;108;110;200;201;202,65.600;60.214;40.788;93.814;91.148;62.747,-0.09150431478395998,-0.45178697228048553,-2.743198946696948,-0.0959573097641918,0.292830048501287,0.17390264182134324,,,,,,,18.767,
1763047740.875342,222,107;108;110;200;201;202,61.689;59.599;46.416;96.189;90.548;61.372,-0.09203579132663794,-0.4465730111665705,-2.739298473478849,-0.09460596095583926,0.2922870075487679,0.1738678291844472,,,,,,,18.585,
1763047741.010743,223,107;108;110;200;201;202,63.329;63.104;39.666;96.050;90.330;62.249,-0.0885831440496658,-0.4478271369825245,-2.7424661871256655,-0.09590921128985086,0.2910315284929329,0.17525617931775614,,,,,,,18.591,
1763047741.138372,224,107;108;110;200;201;202,67.557;59.898;46.257;97.853;80.009;66.269,-0.0877994449469982,-0.4570452315129088,-2.7452436621706773,-0.09155756426105266,0.2904627977940323,0.17307097138685196,,,,,,,18.935,
1763047741.275579,225,107;108;110;200;201;202,66.726;61.349;42.773;100.862;92.915;64.759,-0.08713003278844712,-0.45289143831202844,-2.743121013066872,-0.09176212570086889,0.2890881219549828,0.17440864716837584,,,,,,,18.776,
1763047741.412759,226,107;108;110;200;201;202,66.220;64.580;44.617;96.282;80.954;57.477,-0.09167567116365677,-0.4684262097480091,-2.750132115014506,-0.09250561677342724,0.29225651056078367,0.17157058842921125,,,,,,,19.388,
1763047741.542103,227,107;108;110;200;201;202,64.754;62.347;47.418;92.750;86.108;59.151,-0.09656972837359282,-0.4676426957138253,-2.7461728765941644,-0.09281619464155003,0.2953405173401136,0.16998079010392866,,,,,,,19.417,
1763047741.672869,228,107;108;110;200;201;202,64.870;61.416;44.495;98.881;82.996;61.978,-0.09276417640969423,-0.4709633105793191,-2.748934987870671,-0.09154483029197645,0.29336526593839357,0.17007838348949292,,,,,,,19.503,
1763047741.806515,229,107;108;110;200;201;202,63.171;64.465;47.587;100.456;90.491;59.066,-0.09426107577011175,-0.4694994582823264,-2.7488100749639637,-0.0928938848743244,0.2937892452167401,0.1700754951674308,,,,,,,19.457,
1763047741.942636,230,107;108;110;200;201;202,64.479;58.521;47.015;95.670;85.354;65.594,-0.09275082140949224,-0.4624797876498558,-2.744474982310803,-0.09033567790828949,0.29218012095408524,0.17072153962496048,,,,,,,19.191,
1763047742.071771,231,107;108;110;200;201;202,67.726;63.592;43.828;101.673;91.222;62.605,-0.09298878819815534,-0.4621780015554002,-2.745359524812372,-0.09148710625215256,0.2917942090558453,0.1716480620808979,,,,,,,19.177,
1763047742.204288,232,107;108;200;201;202,66.110;67.455;99.427;87.992;61.438,-0.05876092144982797,-0.46625814145271155,-2.7809531983783304,-0.10173597224567217,0.2783769974422382,0.18538807773787463,,,,,,,18.934,
1763047742.332044,233,107;108;110;200;201;202,66.348;63.634;48.423;92.829;88.295;64.550,-0.07090904631782638,-0.46263064302617973,-2.7672166120308503,-0.09831206112178482,0.285237974262817,0.1805606848756415,,,,,,,18.928,
1763047742.467672,234,107;108;110;200;201;202,65.774;64.669;46.259;101.711;87.061;60.804,-0.07773899313117519,-0.468376617869526,-2.764305606939385,-0.09665690795975365,0.28739470080053964,0.17736957809832204,,,,,,,19.213,
1763047742.606277,235,107;108;110;200;201;202,67.092;61.373;45.931;97.841;92.334;65.832,-0.08200393310506225,-0.4589924769588159,-2.754117466864638,-0.09456289615203542,0.2888236883376079,0.1763845216744372,,,,,,,18.924,
1763047742.758039,236,107;108;110;200;201;202,64.326;61.979;52.776;98.454;86.059;67.009,-0.08461565506807035,-0.4594958468459123,-2.7477163245949816,-0.09134131627369432,0.2898634886657091,0.1733752629673223,,,,,,,18.995,
1763047742.888453,237,107;108;200;201;202,64.669;62.807;95.869;88.139;65.386,-0.04912411292966025,-0.4540361650880851,-2.776652074097758,-0.09992629777679814,0.27565438828006067,0.18763695849947057,,,,,,,18.428,
1763047743.024783,238,107;108;110;200;201;202,62.271;64.423;45.266;100.541;85.188;60.253,-0.05991826356508411,-0.46217869461111283,-2.772451632923597,-0.09792782375872887,0.2798251363702311,0.1823023724095795,,,,,,,18.822,
1763047743.155758,239,107;108;110;200;201;202,67.225;65.674;45.392;97.491;89.213;70.853,-0.06363799177324335,-0.46003280340217506,-2.764780411670555,-0.09546700287050995,0.2830924394006795,0.18008079537302144,,,,,,,18.796,
1763047743.287817,240,107;108;110;200;201;202,66.923;67.046;45.058;98.446;88.467;66.221,-0.06963664078568765,-0.46268932989753275,-2.762057833561978,-0.09496319624531348,0.2861340935868314,0.17766434478729973,,,,,,,18.949,
1763047743.419076,241,107;108;110;200;201;202,64.148;64.130;51.480;96.198;84.527;65.710,-0.07668078194624177,-0.464243317172079,-2.756186552608558,-0.09240547984259649,0.2892464341219969,0.1741279105095114,,,,,,,19.085,
1763047743.549954,242,107;108;110;200;201;202,65.326;62.914;42.839;94.905;93.312;68.581,-0.07602479928806348,-0.4532771907814018,-2.7495722143609838,-0.09277549358721768,0.2893234567662777,0.17539373062918673,,,,,,,18.680,
1763047743.690414,243,107;108;110;200;201;202,66.243;65.177;48.002;100.947;84.719;64.444,-0.07963553354622356,-0.461307223384503,-2.7523372734385707,-0.09189579554873666,0.2897563612432709,0.17322737438164798,,,,,,,19.008,
1763047743.850541,244,107;108;110;200;201;202,62.072;60.902;48.174;96.164;86.959;63.596,-0.08231168623283197,-0.4577167938077159,-2.7481650147683094,-0.09089886165552831,0.28992978983838913,0.1722129346738026,,,,,,,18.906,
1763047743.980149,245,107;108;110;200;201;202,66.000;61.267;45.856;97.992;86.868;64.806,-0.08394331683407247,-0.45786833141344574,-2.7464938763942977,-0.09014428949754717,0.2897891147032515,0.17194064005268964,,,,,,,18.932,
1763047744.110114,246,107;108;110;200;201;202,65.717;61.969;49.804;96.996;87.927;66.716,-0.08665887134436628,-0.4561764519294934,-2.7425164770413457,-0.0891957592818831,0.2909140089523459,0.17115330654232516,,,,,,,18.906,
1763047744.248732,247,107;108;110;200;201;202,64.672;66.945;48.632;98.481;82.772;66.652,-0.08446935302754506,-0.4656453336801613,-2.748868145384175,-0.08901285547639698,0.29127083545432303,0.16983281431167815,,,,,,,19.231,
1763047744.374994,248,107;108;110;200;201;202,64.364;62.326;47.797;95.105;85.291;67.243,-0.08441587358202558,-0.46243306288216746,-2.746919322578748,-0.08815302789688244,0.29130804876830957,0.1698555051445028,,,,,,,19.114,
1763047744.508673,249,107;108;110;200;201;202,63.515;61.571;48.996;94.637;90.574;63.964,-0.08789559436537989,-0.4547365664077189,-2.740903316242899,-0.08867587583735678,0.29284021401669913,0.16999090850493148,,,,,,,18.866,
1763047744.642908,250,107;108;110;200;201;202,62.555;64.015;40.118;96.031;92.241;68.256,-0.07998403588987381,-0.4482142672172916,-2.7433713407190377,-0.09072886957454443,0.290202303794794,0.17347346558849766,,,,,,,18.538,
1763047744.767565,251,107;108;110;200;201;202,67.257;63.597;49.292;96.647;88.891;60.145,-0.08980138732191167,-0.45303928647598085,-2.740827462250605,-0.0914029057124096,0.2938503789477478,0.17116467863274842,,,,,,,18.814,
1763047744.905061,252,107;108;110;200;201;202,65.351;65.751;47.398;102.697;85.370;61.641,-0.08909162979131285,-0.46278161217418307,-2.7481172611758993,-0.09133253907241087,0.29293793232935234,0.1701391886776899,,,,,,,19.156,
1763047745.037852,253,107;108;110;200;201;202,65.351;65.751;47.398;102.697;85.370;61.641,-0.08909162979131285,-0.46278161217418307,-2.7481172611758993,-0.09133253907241087,0.29293793232935234,0.1701391886776899,,,,,,,19.156,
1763047745.166991,254,107;108;110;200;201;202,66.421;61.378;41.906;95.979;90.000;63.452,-0.08964808888453706,-0.4576810672044852,-2.746280868744305,-0.09199789499677297,0.29234182275916626,0.17191564413454108,,,,,,,18.969,
1763047745.298115,255,107;108;110;200;201;202,67.462;60.497;45.722;101.988;88.189;64.365,-0.08962856282978164,-0.4575430265786375,-2.744917310228895,-0.09053076033464416,0.2905074978975311,0.17186269919853586,,,,,,,18.970,
1763047745.428646,256,107;108;110;200;201;202,65.731;63.792;50.081;97.266;88.772;63.768,-0.09271205525118535,-0.4594731734046136,-2.741626872167297,-0.09067115540374954,0.2928633430692586,0.17049378325851072,,,,,,,19.087,
1763047745.566828,257,107;108;110;200;201;202,67.468;63.542;47.543;98.650;90.036;62.632,-0.0942081434029517,-0.45851909940184127,-2.741097532826943,-0.09127735991674292,0.2936426162940575,0.1700592645654151,,,,,,,19.064,
1763047745.695369,258,107;108;110;200;201;202,66.105;62.284;45.942;100.523;89.573;64.585,-0.09140357335399124,-0.4576903100134116,-2.741883795696999,-0.09097485260306046,0.29208628533840464,0.170852170501308,,,,,,,19.005,
1763047745.828772,259,107;108;110;200;201;202,66.613;65.472;47.105;100.139;89.120;65.651,-0.08997270903110376,-0.45962288145431585,-2.744239439173266,-0.09104638090511757,0.2922191367449462,0.17078579579962894,,,,,,,19.058,
1763047745.956633,260,107;108;110;200;201;202,67.772;60.931;45.290;92.486;92.009;66.636,-0.0908874052069912,-0.4494329318487569,-2.737276140236781,-0.09094091247511173,0.2936107539191115,0.17180001039461434,,,,,,,18.698,
1763047746.088620,261,107;108;110;200;201;202,66.372;63.604;44.242;99.039;83.324;58.866,-0.09207530339301231,-0.4621324960008504,-2.7443429653359557,-0.09161064574838841,0.2935264639221704,0.17043774269669462,,,,,,,19.173,
1763047746.227994,262,107;108;110;200;201;202,63.924;66.973;51.633;97.437;86.539;65.925,-0.09097385219187899,-0.4652024717376735,-2.7463622883054852,-0.09107781255182304,0.29469114270178715,0.16906929221478817,,,,,,,19.275,
1763047746.360219,263,107;108;110;200;201;202,65.139;64.479;48.468;95.818;85.979;68.168,-0.08904060282105829,-0.4626977193198007,-2.7463747444928894,-0.08974356151389021,0.29442307506467114,0.16930315913711053,,,,,,,19.162,
1763047746.489092,264,107;108;110;200;201;202,67.762;63.248;47.678;99.337;84.828;63.813,-0.09038141713446032,-0.4670810667077112,-2.747299805307358,-0.08917992065932635,0.293983315828555,0.16879127763046825,,,,,,,19.340,
1763047746.653876,265,107;108;110;200;201;202,63.202;60.769;46.325;95.354;91.316;62.374,-0.23430876095743575,-0.4617973066505994,-2.7264748662268024,-0.1021037066460136,0.2936787314740668,0.17436888319767632,,,,,,,21.144,
1763047746.782451,266,107;108;110;200;201;202,64.114;65.847;47.357;97.651;90.583;62.392,-0.19257600676479855,-0.4619847137695837,-2.7328666718220855,-0.10024770361890686,0.2946640766421146,0.1728552629503575,,,,,,,20.412,
1763047746.914001,267,107;108;110;200;201;202,64.895;63.699;44.552;92.822;87.869;64.107,-0.1608919943354838,-0.45955530909527337,-2.7366397924747057,-0.09846347042017828,0.29510349327736035,0.17223766641068103,,,,,,,19.844,
1763047747.046773,268,107;108;110;200;201;202,66.983;63.846;41.407;92.720;82.105;62.550,-0.13800535969301025,-0.465344268498554,-2.743832370355006,-0.09697873166317256,0.29557995092492584,0.17151023711928728,,,,,,,19.745,
1763047747.181297,269,107;108;110;200;201;202,66.708;64.316;45.203;94.391;91.823;64.853,-0.12515570496139541,-0.45954652842743576,-2.7417430231487594,-0.09642772547683856,0.2962746311864305,0.1718156300983783,,,,,,,19.390,
1763047747.312906,270,107;108;110;200;201;202,67.690;66.460;48.895;94.655;86.524;69.887,-0.11300620787313372,-0.46028756372920554,-2.743031523970428,-0.09414439651243231,0.2966707016077581,0.17082346757687164,,,,,,,19.290,
1763047747.444344,271,107;108;110;200;201;202,64.869;61.792;49.592;96.670;85.418;64.152,-0.10751312375851631,-0.461297106568581,-2.7420038287474022,-0.09174985394781238,0.29617551128736314,0.16962614519210606,,,,,,,19.283,
1763047747.575918,272,107;108;110;200;201;202,66.686;63.285;45.977;99.378;84.235;62.555,-0.10248746058399681,-0.46676039437419736,-2.745774739102568,-0.09101471906703926,0.29510048117837484,0.16927272284582529,,,,,,,19.433,
1763047747.706271,273,107;108;110;200;201;202,66.725;65.211;44.738;100.178;90.861;66.374,-0.0966030957569663,-0.46395832349388827,-2.7473084014270874,-0.09149992963602926,0.2937985825877824,0.17070387526897526,,,,,,,19.266,
1763047747.841581,274,107;108;110;200;201;202,65.035;62.241;51.418;95.595;90.921;64.141,-0.0987996323009928,-0.4586652762842997,-2.739673823169348,-0.090842054468748,0.29539645390214425,0.1699233425659288,,,,,,,19.115,
1763047747.972226,275,107;108;110;200;201;202,63.720;64.880;46.788;99.477;87.395;61.413,-0.09627624006363554,-0.4646491076984595,-2.744357603235081,-0.09193251028691637,0.2946993241370885,0.16983220301317964,,,,,,,19.306,
1763047748.104314,276,107;108;110;200;201;202,64.160;62.431;45.884;101.500;90.479;67.658,-0.09039392085415406,-0.4588881364313133,-2.74422640074573,-0.0909446861941736,0.2913047462267068,0.17149664683159932,,,,,,,19.033,
1763047748.235854,277,107;108;200;201;202,66.119;64.843;99.573;90.341;60.851,-0.059338239979673156,-0.4591623382495555,-2.7757167972184047,-0.10104475418318792,0.277418547308184,0.1857877755315549,,,,,,,18.683,
1763047748.367000,278,107;108;110;200;201;202,64.560;64.482;50.859;93.939;87.474;62.909,-0.07272813509477434,-0.45953275136294286,-2.764640257074459,-0.0978714349327786,0.28470354609251286,0.17967532490964452,,,,,,,18.830,
1763047748.504197,279,107;108;110;200;201;202,64.383;66.387;47.238;96.411;86.487;71.149,-0.07171935393651199,-0.459240491078102,-2.7621822152379814,-0.09491257683880241,0.28624747921759675,0.17777882352087548,,,,,,,18.825,
1763047748.633406,280,107;108;110;200;201;202,67.420;63.112;49.085;93.281;92.788;55.950,-0.08761136096227161,-0.45651693557982065,-2.749576766588765,-0.09586484532897804,0.2934179919662311,0.17396236487897992,,,,,,,18.891,
1763047748.762961,281,107;108;110;200;201;202,64.291;64.442;51.785;99.336;89.865;64.891,-0.08936982859414752,-0.4568004296347843,-2.746239535805776,-0.09379007846238382,0.2939870149824525,0.17189616122150045,,,,,,,18.932,
1763047748.897300,282,107;108;110;200;201;202,65.475;60.879;45.813;101.678;88.376;62.681,-0.08901708922702607,-0.4571121091614487,-2.745407645749434,-0.09236374070851984,0.2918223567274858,0.17201496134738348,,,,,,,18.946,
1763047749.028104,283,107;108;110;200;201;202,63.651;61.666;46.239;99.004;90.414;67.666,-0.0854663025955,-0.4529110789980603,-2.743627782175516,-0.09115581796637229,0.2898781142687427,0.17304254305530062,,,,,,,18.762,
1763047749.159379,284,107;108;110;200;201,66.279;60.537;50.429;101.142;87.290,-0.1486288856012872,-0.4993097157330025,-2.742380810053323,-0.10544242176238604,0.31033225657699653,0.1585861021147215,,,,,,,21.180,
1763047749.299800,285,107;108;110;200;201;202,62.147;58.517;50.015;96.788;86.914;66.655,-0.12964118557239868,-0.4804275490564386,-2.7376027597044414,-0.09864943637009602,0.3033817841950511,0.16252545405203242,,,,,,,20.269,
1763047749.421964,286,107;108;110;200;201;202,66.837;65.162;45.123;99.972;86.642;68.276,-0.1129731761242227,-0.4768882410398694,-2.7434922851562504,-0.09558969152689735,0.2987281069354427,0.1657322715925612,,,,,,,19.936,
1763047749.554744,287,107;108;110;200;201;202,63.551;65.987;45.875;99.905;84.703;58.001,-0.10762490459953572,-0.4817193000761353,-2.750622289449235,-0.09586100623079481,0.2973545754227479,0.16596347947594,,,,,,,20.038,
1763047749.692820,288,107;108;110;200;201;202,65.675;59.625;49.118;97.241;89.908;62.592,-0.10671223395595093,-0.4713287790348789,-2.7424178025264405,-0.09353628085002474,0.2967420447862697,0.16691720702175342,,,,,,,19.667,
1763047749.818776,289,107;108;110;200;201;202,62.295;61.064;49.233;96.163;86.025;68.910,-0.09732890266326731,-0.4638973298775296,-2.7403698743082123,-0.09045554652186624,0.2941570997879424,0.16844799938865604,,,,,,,19.305,
1763047749.952836,290,107;108;110;200;201;202,67.256;63.835;46.508;99.307;90.169;62.593,-0.09769835383076503,-0.4634391198490322,-2.7407412179815673,-0.09117343074376624,0.2942934193499911,0.16893714810159818,,,,,,,19.289,
1763047750.088264,291,107;108;110;200;201;202,65.857;64.245;47.100;94.163;91.201;62.020,-0.099600870929914,-0.4586607535998868,-2.739621215834085,-0.09235665638136273,0.296530912229117,0.16925098634232602,,,,,,,19.122,
1763047750.216749,292,107;108;110;200;201;202,68.524;63.686;44.187;99.686;87.538;66.466,-0.0946762101840572,-0.4599487269646795,-2.7429318062632166,-0.09151360737384888,0.2943628654848707,0.170266805758452,,,,,,,19.115,
1763047750.347673,293,107;108;110;200;201;202,66.059;64.579;45.382;101.606;92.041;70.487,-0.08799875315233516,-0.45602184924929023,-2.743924466335275,-0.09091607692485917,0.2912050402581849,0.1722564125688951,,,,,,,18.903,
1763047750.483214,294,107;108;110;200;201;202,66.336;61.958;46.435;95.055;86.169;70.494,-0.0853419893041831,-0.4531332381674914,-2.7422180983114655,-0.08892315977922777,0.2907651456378001,0.17259338698646642,,,,,,,18.777,
1763047750.613211,295,107;108;110;200;201;202,66.710;62.506;45.412;100.386;92.636;71.905,-0.08170103016583849,-0.44739890524472453,-2.739957086253916,-0.08853130457919385,0.2884813339552485,0.1742197556491919,,,,,,,18.535,
1763047750.741922,296,107;108;110;200;201,68.278;61.596;51.949;100.883;88.427,-0.14891351510789416,-0.4942699738797766,-2.7380833065522743,-0.10359785263001488,0.3100644239556471,0.15870071580102665,,,,,,,21.014,
1763047750.876886,297,107;108;110;200;201;202,67.511;65.107;49.517;93.331;87.953;59.956,-0.1385207487499147,-0.4873452088636346,-2.7373770926584378,-0.10095311973698579,0.30934438712157375,0.15990019185389912,,,,,,,20.634,
1763047751.008678,298,107;108;110;200;201;202,65.139;62.672;50.498;93.878;83.392;59.713,-0.12887983147045615,-0.4844601940566807,-2.738775533458561,-0.09758921324943774,0.3073149972914695,0.16031385482803423,,,,,,,20.412,
1763047751.138992,299,107;108;110;200;201;202,67.344;63.636;42.620;95.908;87.644;63.467,-0.11687456637200153,-0.4782499064938279,-2.742971990040703,-0.09643801235471967,0.303400692567651,0.16404868604761622,,,,,,,20.028,
1763047751.456300,300,107;108;110;200;201;202,63.709;61.023;45.391;98.915;89.475;60.248,-0.10990206474868905,-0.47067506442014256,-2.742283311920346,-0.0954817646166086,0.29984364073794556,0.16675821864473309,,,,,,,19.671,
1763047751.605648,301,107;108;110;200;201;202,66.205;59.746;45.664;99.710;83.063;65.818,-0.10229522786076434,-0.47046624201484044,-2.7442976133596524,-0.09180070912920278,0.29552750470736233,0.16810611158758612,,,,,,,19.585,
1763047751.735784,302,107;108;110;200;201;202,64.539;61.227;41.781;102.152;91.819;64.688,-0.09442840147780769,-0.4626635151864121,-2.7449841011550626,-0.0918206223827573,0.29116176986060155,0.1712910715512173,,,,,,,19.209,
1763047751.868827,303,107;108;110;200;201;202,63.647;64.265;44.268;97.981;89.122;59.532,-0.09413252757591527,-0.4639149439332187,-2.7473191941453767,-0.09363608984081385,0.2917632994662373,0.17152943934392592,,,,,,,19.244,
1763047751.999000,304,107;108;110;200;201;202,65.097;64.517;44.858;98.077;87.763;66.585,-0.08774941813877504,-0.46276513910403544,-2.748158161593628,-0.09297062193957471,0.2909809680726562,0.1718503002823155,,,,,,,19.145,
1763047752.134821,305,107;108;110;200;201;202,67.764;65.529;46.537;93.887;91.604;68.473,-0.08738075411095705,-0.45691560510253326,-2.74475477647097,-0.0929113075335815,0.29308776677237086,0.17206396830285808,,,,,,,18.929,
1763047752.266510,306,107;108;110;200;201;202,65.786;66.286;42.000;94.413;87.185;63.382,-0.08584051075676917,-0.45933183967805014,-2.7495980683625825,-0.09425305076042927,0.29351846369169077,0.17220966793877823,,,,,,,18.988,
1763047752.397137,307,107;108;110;200;201;202,64.016;64.142;46.200;102.016;90.788;68.965,-0.081399948974759,-0.4565465949149112,-2.7492330458960397,-0.09264627623468201,0.29040864654457627,0.17321283184612102,,,,,,,18.848,
1763047752.527968,308,107;108;110;200;201;202,63.285;64.369;48.054;91.791;89.511;68.159,-0.08195636477895986,-0.45189422702315946,-2.744558899815645,-0.09207638468377188,0.2925833728009598,0.17288429325494287,,,,,,,18.692,
1763047752.656626,309,107;108;110;200;201;202,64.653;61.702;46.836;98.029;89.187;60.257,-0.08645816684776206,-0.4552286958694247,-2.7420692626494514,-0.09219257567363896,0.29328695105630453,0.17185143004398573,,,,,,,18.869,
1763047752.788590,310,107;108;110;200;201;202,64.985;63.537;48.532;98.775;89.082;63.919,-0.08833650414812685,-0.45595811857058344,-2.741870460010899,-0.09153754385512299,0.29343725164576434,0.17099862583538125,,,,,,,18.913,
1763047752.920346,311,107;108;110;200;201;202,63.248;63.517;43.867;98.646;86.362;75.200,-0.07603969559932904,-0.45416201097768183,-2.746146991460539,-0.08940528588405464,0.2885532812721814,0.1734140338159425,,,,,,,18.733,
1763047753.054571,312,107;108;110;200;201;202,66.623;63.159;42.817;87.993;84.570;64.102,-0.08017262998895282,-0.45463347720091735,-2.744961712724167,-0.09055545862734854,0.2928401725559845,0.17274074382552984,,,,,,,18.785,
1763047753.184288,313,107;108;110;200;201;202,66.947;61.834;49.783;99.286;91.627;60.328,-0.08921341946027633,-0.4547073874335213,-2.738778288363899,-0.0909087958022405,0.2945799492618812,0.17112470539913058,,,,,,,18.886,
1763047753.323110,314,107;108;110;200;201;202,64.692;62.273;46.472;99.871;90.747;67.978,-0.08701698141269029,-0.4521920092592217,-2.7386688773607766,-0.09026821190289652,0.2921895391514222,0.17244439331261505,,,,,,,18.770,
1763047753.462255,315,107;108;110;200;201;202,66.236;63.283;45.681;97.415;85.829;66.417,-0.08620957766671407,-0.4557246114542885,-2.741996511396476,-0.08969410280123077,0.29173462824008417,0.17208625286466311,,,,,,,18.887,
1763047753.692992,316,107;108;110;200;201;202,64.145;65.994;47.702;100.499;86.617;61.232,-0.08766895501216022,-0.4635202173000898,-2.7469887751316344,-0.09085043558766492,0.29221603396101326,0.17068121284280072,,,,,,,19.181,
1763047754.007408,317,107;108;110;200;201;202,66.256;60.770;48.372;95.867;90.625;64.918,-0.09060102515490674,-0.45599142428655365,-2.7394736154747776,-0.09002331132439782,0.29308461001442954,0.17056519427801978,,,,,,,18.944,
1763047754.155016,318,107;108;110;200;201;202,65.792;64.836;52.976;100.727;89.896;59.725,-0.0961733035168111,-0.4603964125886951,-2.738877363717364,-0.09038698907561421,0.29567228681729985,0.16811937222779375,,,,,,,19.166,
1763047754.310363,319,107;108;200;201;202,63.441;65.334;96.074;92.202;69.178,-0.05561835414960002,-0.45040356912408913,-2.7696280510636524,-0.09931324799732663,0.27930959690593954,0.18546639095770504,,,,,,,18.349,
1763047754.445535,320,107;108;110;200;201;202,67.643;62.472;45.753;98.116;87.448;61.366,-0.06761941798702906,-0.45684095304702566,-2.761683206203323,-0.09700729439536558,0.284054180065252,0.18038766582074794,,,,,,,18.708,
1763047754.570419,321,107;108;110;200;201;202,66.736;61.129;49.658;95.064;92.061;66.283,-0.07629797165361085,-0.44941673924676334,-2.748111536093975,-0.09414450664620697,0.28782976440132435,0.17760884318892772,,,,,,,18.536,
1763047754.709332,322,107;108;110;200;201;202,64.464;64.799;48.100;98.341;86.540;63.320,-0.08045770763464194,-0.45680647575387767,-2.7499565489061335,-0.09326006187365801,0.2894790839907685,0.17482382889789633,,,,,,,18.848,
1763047754.835174,323,107;108;110;200;201;202,68.389;62.691;41.343;93.617;88.091;63.174,-0.08431158183922319,-0.4560469897845797,-2.748636709118627,-0.09364529751171892,0.291541379771513,0.17455492823245386,,,,,,,18.852,
1763047754.969652,324,107;108;110;200;201;202,65.429;61.968;45.079;100.259;89.003;71.844,-0.07928338815251926,-0.4520979416609629,-2.7478250760030867,-0.0910406329246551,0.2882186153271513,0.1753995694783511,,,,,,,18.664,
1763047755.103935,325,107;108;110;200;201;202,66.136;62.934;45.466;95.830;83.331;64.380,-0.08158993961044274,-0.4586705110474842,-2.748978702524823,-0.09037340723583001,0.28972203247493833,0.17325043750876287,,,,,,,18.935,
1763047755.233192,326,107;108;110;200;201;202,64.788;62.839;46.717;96.112;92.547;62.825,-0.08637383420347206,-0.4536104183326333,-2.7439208700925004,-0.09168315654643874,0.291656451669844,0.17298312040171884,,,,,,,18.795,
1763047755.365595,327,107;108;110;200;201;202,61.711;62.609;45.017;95.247;94.054;70.554,-0.08058698506267405,-0.4428523097167214,-2.7398497766235095,-0.09156690565158393,0.2899447677513384,0.17491457942231256,,,,,,,18.347,
1763047755.499212,328,107;108;110;200;201;202,66.986;63.295;49.327;96.784;86.387;68.108,-0.08248151513386205,-0.44833908852522375,-2.7402446989107334,-0.08984219375466787,0.29124907862706423,0.17315244187333909,,,,,,,18.576,
1763047755.629421,329,107;108;110;200;201;202,67.727;64.042;42.504;94.938;86.620;56.747,-0.09013648727677084,-0.4567587193776858,-2.744866460339595,-0.09230604859230677,0.2943030007558927,0.1716528872392859,,,,,,,18.943,
1763047755.759321,330,107;108;110;200;201;202,64.686;63.607;45.138;101.672;92.830;66.237,-0.08753030694550708,-0.45400924754193556,-2.745060752245887,-0.09235814120305917,0.29173551076673354,0.17304627053589175,,,,,,,18.814,
1763047755.895338,331,107;108;110;200;201;202,65.743;63.844;48.191;100.602;89.307;65.674,-0.08805893518966164,-0.4567256605916713,-2.744565470996146,-0.09160485596462296,0.29107191131150406,0.17245660587853506,,,,,,,18.928,
1763047756.023619,332,107;108;110;200;201;202,65.841;63.787;49.490;97.418;87.103;65.959,-0.08960207140289728,-0.45712719845647365,-2.7439714264445505,-0.09045880136775908,0.292059762239161,0.17102750684267345,,,,,,,18.958,
1763047756.153649,333,107;108;110;200;201;202,64.187;66.356;46.523;95.513;93.136;66.110,-0.088478622404322,-0.4525751929114023,-2.7424712374864306,-0.09191169904065181,0.29348822484584747,0.17181574828538998,,,,,,,18.778,
1763047756.287437,334,107;108;110;200;201;202,64.341;62.541;45.823;96.936;83.899;62.824,-0.08885586765541229,-0.45884158214571336,-2.745683266722483,-0.091072810129815,0.2928621299887648,0.17097901402893553,,,,,,,19.012,
1763047756.417928,335,107;108;110;200;201;202,65.544;62.497;44.812;99.287;89.903;69.427,-0.23993252973783277,-0.45815190367469016,-2.7292157862714537,-0.1027883352709381,0.2901349496208443,0.1775338044198494,,,,,,,21.102,
1763047756.551951,336,107;108;110;200;201;202,66.483;61.017;46.316;97.035;86.683;67.886,-0.1928374241247315,-0.45579585030349007,-2.7327071879949614,-0.09761206361857143,0.28944204381433514,0.17512915237732848,,,,,,,20.187,
1763047756.685519,337,107;108;110;200;201;202,64.982;62.715;47.382;100.611;86.105;64.519,-0.3068799274244425,-0.4617308880184331,-2.7197421841389304,-0.10625090382131692,0.2890966455731877,0.18005326558689816,,,,,,,22.654,
1763047756.814192,338,107;108;110;200;201;202,64.919;62.562;50.213;98.924;92.417;67.442,-0.24248453876439413,-0.45464384635678046,-2.722993291457527,-0.10084179797157153,0.28963406933414537,0.17661992524149106,,,,,,,21.060,
1763047756.947590,339,107;108;110;200;201;202,64.100;61.358;50.393;92.491;90.140;64.118,-0.20046094003655276,-0.4499947208649497,-2.7220216539514306,-0.09765805024912584,0.29309425943058415,0.17364173860630794,,,,,,,20.152,
1763047757.082680,340,107;108;110;200;201;202,61.832;63.231;45.908;96.964;85.277;62.994,-0.165514965869305,-0.45547125104210845,-2.7321573295858115,-0.09575242529781662,0.29192940368044223,0.17231390024454904,,,,,,,19.776,
1763047757.216540,341,107;108;110;200;201;202,65.069;63.558;47.062;100.027;87.646;69.793,-0.13787782631442538,-0.4547427031563962,-2.737680461263758,-0.09289656870828482,0.2902112159779464,0.17257066291102305,,,,,,,19.367,
1763047757.345419,342,107;108;110;200;201;202,67.280;63.830;46.261;95.543;91.199;65.282,-0.1246180635708093,-0.45310546986454303,-2.736950628178141,-0.09285565919041823,0.29227324631757706,0.17222264033133494,,,,,,,19.159,
1763047757.478569,343,107;108;110;200;201;202,63.242;68.311;45.375;101.618;91.030;63.232,-0.11225748938312338,-0.45883479644285663,-2.7449753301847317,-0.09421213033755876,0.291882946079656,0.17242280264381202,,,,,,,19.216,
1763047757.609290,344,107;108;110;200;201;202,65.665;61.704;48.688;99.959;90.593;67.626,-0.10449159115645075,-0.4545184929786155,-2.7406935593023296,-0.09212859463330686,0.2907002802860381,0.1723167084270922,,,,,,,18.997,
1763047757.739118,345,107;108;110;200;201;202,66.135;61.234;45.323;96.191;90.993;63.746,-0.10134741960471695,-0.45120117549137184,-2.737645190812219,-0.09210239453239834,0.2916336431234521,0.1724749835790866,,,,,,,18.854,
1763047757.873987,346,107;108;110;200;201;202,63.835;61.947;47.108;95.116;84.914;64.116,-0.09819157471103851,-0.4544523535148666,-2.7394865364683896,-0.09078307949017722,0.29199384686154384,0.17155968592416448,,,,,,,18.945,
1763047758.001449,347,107;108;110;200;201,66.665;63.866;43.393;96.169;87.716,-0.15567176094001425,-0.5001429563703155,-2.7447261003205403,-0.10887740225619742,0.3122002457198956,0.15868532199399044,,,,,,,21.280,
1763047758.139141,348,107;108;110;200;201;202,67.750;62.843;46.405;100.352;93.392;71.803,-0.13048629012641588,-0.4787238664299657,-2.7416805021223936,-0.10231042141774728,0.30400587500765464,0.1639398369869031,,,,,,,20.190,
1763047758.300048,349,107;108;110;200;201;202,63.998;62.341;46.023;94.217;91.331;64.097,-0.11898281589052573,-0.46754355172860246,-2.738018247796842,-0.09977979022934977,0.30106060549593106,0.16659957148374238,,,,,,,19.658,
1763047758.430950,350,107;108;110;200;201;202,66.332;61.220;52.211;101.466;86.718;69.343,-0.10990717018455032,-0.46395779461363146,-2.7370221264855843,-0.09371517331482036,0.2972513311867036,0.1671749199073572,,,,,,,19.435,
1763047758.565904,351,107;108;110;200;201;202,65.781;61.429;48.092;93.927;93.447;66.604,-0.1048700533640308,-0.4524259854192494,-2.7314992845375103,-0.09274122144312696,0.2970415563216469,0.16850994193939814,,,,,,,18.965,
1763047758.696037,352,107;108;200;201;202,64.505;65.701;94.167;93.903;64.974,-0.06723390222235054,-0.4456313174430017,-2.763671154458404,-0.1026615289993115,0.2824948413803402,0.18483853526007907,,,,,,,18.252,
1763047758.826872,353,107;108;110;200;201;202,64.098;63.993;50.226;96.561;88.942;72.141,-0.0693358790305906,-0.44514957640536396,-2.7554426978217323,-0.09728172250805425,0.2847532242299386,0.18096266599021205,,,,,,,18.286,
1763047758.961297,354,107;108;110;200;201;202,67.289;65.966;50.915;98.131;88.577;62.810,-0.0792338489904286,-0.45271246959889544,-2.7518528456610434,-0.09556167645729048,0.28951158402408483,0.17598442795423305,,,,,,,18.668,
1763047759.092391,355,107;108;110;200;201;202,67.670;59.439;46.343;98.671;90.803;68.996,-0.08125787490514451,-0.4478540846184337,-2.743786314317716,-0.09235011833972737,0.288744228955523,0.17567038126799592,,,,,,,18.530,
1763047759.226177,356,107;108;110;200;201;202,65.824;62.855;47.748;97.062;84.114;67.258,-0.08112578777517646,-0.45362803834496346,-2.743984548698061,-0.0902831240906745,0.2892842953604912,0.1734882226905899,,,,,,,18.757,
1763047759.354879,357,107;108;110;200;201;202,65.030;63.655;49.110;97.864;87.787;63.587,-0.08558199804430137,-0.4565894974400141,-2.7433869811304867,-0.09018157607251437,0.2909899631467128,0.1718454137621072,,,,,,,18.910,
1763047759.484800,358,107;108;110;200;201;202,66.396;65.575;47.787;94.305;91.660;61.120,-0.0913894313089266,-0.45584927505431233,-2.741344786765607,-0.09231795349257076,0.2947442074160988,0.17062520799903277,,,,,,,18.935,
1763047759.618491,359,107;108;110;200;201;202,66.213;66.977;39.621;101.387;86.440;64.100,-0.08602493028092799,-0.46484812666666697,-2.7524006028485455,-0.09355683965390385,0.29164763307733277,0.17193041346018076,,,,,,,19.193,
1763047759.755019,360,107;108;110;200;201;202,61.019;64.939;46.072;99.029;89.594;71.970,-0.07826598682067157,-0.4590219151154108,-2.752217226171129,-0.0922092283881422,0.2886175521398402,0.17383855611714738,,,,,,,18.909,
1763047759.885091,361,107;108;110;200;201;202,65.698;63.717;43.752;100.517;86.957;61.284,-0.08181939507295709,-0.46416965515175634,-2.754258726125681,-0.0926136522452018,0.28870707692413866,0.17295112888506584,,,,,,,19.127,
1763047760.014961,362,107;108;110;200;201;202,66.575;66.043;43.145;92.875;85.756;63.242,-0.23181466057941094,-0.4690613547524865,-2.7405927979352525,-0.10558083049321895,0.2918073709744222,0.1768085081371305,,,,,,,21.280,
1763047760.146480,363,107;108;110;200;201;202,65.628;62.832;48.282;100.138;85.471;60.154,-0.19223713436632162,-0.4733370953193943,-2.744221936063521,-0.10126364002524556,0.29265690628456725,0.17294971878820822,,,,,,,20.766,
1763047760.283706,364,107;108;110;200;201;202,64.012;65.279;47.197;101.687;86.436;65.080,-0.15926123621226715,-0.47488122151445034,-2.7492801607092816,-0.09810413532680547,0.2914209547863247,0.17204144764986384,,,,,,,20.337,
1763047760.411725,365,107;108;110;200;201;202,64.330;65.215;46.746;98.938;88.176;61.556,-0.13951532215025628,-0.4735643528110773,-2.750585340929069,-0.09706908877604963,0.2920132089286465,0.17105178893455994,,,,,,,20.042,
1763047760.542676,366,107;108;110;200;201;202,63.544;63.240;49.156;92.199;91.310;64.429,-0.12671290885071235,-0.4639638334222476,-2.7431550948350543,-0.09569989702410747,0.2947257204099557,0.17073648463485241,,,,,,,19.571,
1763047760.673976,367,107;108;200;201;202,65.698;63.074;95.934;84.471;62.965,-0.08246911128456068,-0.4642089251012622,-2.7780852482869207,-0.1023972030195834,0.27960827691978324,0.18503705506493556,,,,,,,19.010,
1763047760.810919,368,107;108;200;201;202,65.698;63.074;95.934;84.471;62.965,-0.08246911128456068,-0.4642089251012622,-2.7780852482869207,-0.1023972030195834,0.27960827691978324,0.18503705506493556,,,,,,,19.010,
1763047760.944636,369,107;108;110;200;201;202,64.721;66.508;46.793;95.225;90.329;64.370,-0.08492049201083081,-0.4619410513958265,-2.768680466827964,-0.10031274653219813,0.28509145101793554,0.180944353301919,,,,,,,18.987,
1763047761.068818,370,107;108;110;200;201;202,64.422;64.594;48.594;99.650;83.413;67.819,-0.08274727870400848,-0.46568700453920403,-2.765747277315158,-0.09593962962116016,0.2860531276379447,0.1773315641915264,,,,,,,19.134,
1763047761.207767,371,107;108;110;200;201;202,63.252;62.810;42.803;100.446;86.076;66.769,-0.07819309004282161,-0.4646444775406428,-2.764507781070678,-0.09396579445501448,0.2843218381259843,0.1768736665514269,,,,,,,19.068,
1763047761.340257,372,107;108;110;200;201;202,67.043;65.841;47.526;93.189;92.444;60.315,-0.0877300930410645,-0.46170387594016943,-2.755106288116531,-0.0952932177048224,0.2911404637681705,0.17409548460864843,,,,,,,19.068,
1763047761.468387,373,107;108;110;200;201;202,65.183;63.277;46.871;100.768;88.815;66.913,-0.08539411146388762,-0.4608770737682204,-2.7523045823704364,-0.09310620493220169,0.28999184321761506,0.1737904552998062,,,,,,,19.032,
1763047761.602238,374,107;108;110;200;201;202,66.584;61.539;42.917;97.356;91.221;67.234,-0.08427868995011811,-0.45377549660085975,-2.747389212215368,-0.09228853838283274,0.2893279082511477,0.17471036707611481,,,,,,,18.769,
1763047761.735572,375,107;108;110;200;201;202,65.440;63.980;39.912;96.342;83.916;65.748,-0.08006350374110725,-0.45920153582021506,-2.752914303117441,-0.09233928219019087,0.288443412532426,0.17497154762764372,,,,,,,18.925,
1763047761.869812,376,107;108;110;200;201;202,64.770;62.564;50.364;98.079;88.851;60.487,-0.08932853928116911,-0.4593244747045906,-2.747495504475859,-0.09177751498411937,0.29089041221232725,0.17225056775305797,,,,,,,19.025,
1763047762.003355,377,107;108;110;200;201;202,64.367;61.124;40.977;93.936;88.019;63.703,-0.0863874125722122,-0.4558579513682656,-2.7460182930265384,-0.09232833116119311,0.29059037419185846,0.1736121337432343,,,,,,,18.873,
1763047762.134730,378,107;108;110;200;201;202,65.611;65.190;49.832;97.126;90.903;62.771,-0.09134606071586183,-0.45665036973541084,-2.743191584713631,-0.09277478320868496,0.29314891700836,0.17165129005793847,,,,,,,18.957,
1763047762.263175,379,107;108;110;200;201;202,65.244;64.913;39.839;97.007;87.541;66.796,-0.08365070984189626,-0.45803353354698023,-2.7487012793662537,-0.0934800747305854,0.29097709642011277,0.17350707227420306,,,,,,,18.926,
1763047762.396335,380,107;108;200;201;202,64.119;67.273;101.372;87.888;61.506,-0.05076381495480593,-0.46329963862305873,-2.7847330537268746,-0.10291849770529511,0.27600007418116274,0.18698385500138687,,,,,,,18.761,
1763047762.533545,381,107;108;110;200;201;202,63.095;62.121;42.266;97.972;89.668;68.754,-0.055236059602558944,-0.45618004759896225,-2.773175419852811,-0.09916346378481285,0.27743327416320424,0.18481290926971855,,,,,,,18.558,
1763047762.659834,382,107;108;110;200;201;202,65.957;60.833;49.089;96.864;87.833;58.257,-0.07329796848022793,-0.4574601518702202,-2.7604169644471517,-0.09620554012264372,0.2843687061494749,0.17919666895817377,,,,,,,18.774,
1763047762.789396,383,107;108;110;200;201;202,63.858;63.597;47.720;99.309;89.531;66.036,-0.07670049037070352,-0.45685185761546976,-2.7553325351405453,-0.09453204742314074,0.2859322411841826,0.17706099597213806,,,,,,,18.797,
1763047762.956292,384,107;108;110;200;201;202,63.766;66.564;46.076;98.940;83.343;69.477,-0.07404405118231824,-0.46292182353154965,-2.758838948330088,-0.09247627499165494,0.2858072471825289,0.1753607890569735,,,,,,,19.002,
1763047763.079336,385,107;108;200;201;202,65.464;63.902;96.317;90.972;61.933,-0.20920636878383392,-0.46016928499217763,-2.768897959946219,-0.11626961126045421,0.27443628564856876,0.19414932849613145,,,,,,,20.413,
1763047763.219769,386,107;108;110;200;201;202,63.936;62.052;42.598;95.977;88.346;60.690,-0.1737498678403423,-0.4596053385703683,-2.7619498620993688,-0.11014326233093323,0.2795257465956302,0.18785707593538992,,,,,,,19.887,
1763047763.351765,387,107;108;110;200;201;202,65.397;65.992;46.526;98.826;89.008;64.529,-0.14743282028414656,-0.4620470808344734,-2.759197351954462,-0.10526315816157358,0.2836518554396753,0.1824938392551576,,,,,,,19.648,
1763047763.480373,388,107;108;110;200;201;202,66.133;62.164;46.816;100.349;91.853;65.157,-0.12975197503717453,-0.4577168878501552,-2.75142565132145,-0.1006601994854024,0.285336419325626,0.1792899285098364,,,,,,,19.319,
1763047763.613058,389,107;108;110;200;201;202,66.232;62.890;47.599;101.916;86.654;64.226,-0.11752369627258225,-0.46156770930779745,-2.75082417535011,-0.09698447665782592,0.28609187446061923,0.17624481396549094,,,,,,,19.344,
1763047763.748054,390,107;108;110;200;201;202,66.370;63.119;43.457;96.886;85.799;64.792,-0.1074819129475802,-0.46282176826302895,-2.751283887912683,-0.09512592467858243,0.2871676297414699,0.17471567258265677,,,,,,,19.295,
1763047763.877054,391,107;108;110;200;201;202,64.895;63.702;41.880;96.659;90.417;70.837,-0.09448605218496006,-0.45576747715172294,-2.7504105136460364,-0.09401027103021614,0.2862350865413264,0.17649733104207296,,,,,,,18.911,
1763047764.008056,392,107;108;110;200;201;202,63.885;60.996;46.610;92.894;88.572;67.017,-0.09062026731433434,-0.45039848737137744,-2.7443151385165168,-0.092393392211366,0.28797101186002566,0.17523349893737497,,,,,,,18.699,
1763047764.145899,393,107;108;110;200;201;202,64.171;65.966;44.054;100.092;88.322;66.218,-0.08438623899508028,-0.4561144535582038,-2.749195246785493,-0.09270017367465422,0.2875605860529863,0.17502515067065016,,,,,,,18.853,
1763047764.273229,394,107;108;110;200;201;202,64.842;63.859;49.685;100.365;84.418;67.030,-0.08431479460993195,-0.46131658724570834,-2.750270403212683,-0.0903629548245589,0.28807241132124567,0.17295601322126455,,,,,,,19.052,
1763047764.405372,395,107;108;110;200;201;202,64.430;63.520;48.050;98.553;85.999;67.650,-0.08284422230807102,-0.46167157181843266,-2.749817054142211,-0.08934122248561525,0.288050831212959,0.17242834121102082,,,,,,,19.058,
1763047764.539617,396,107;108;110;200;201;202,65.211;62.264;43.885;95.412;88.169;71.538,-0.07687211684208242,-0.45547884612032047,-2.747296831027798,-0.08875396609018973,0.2874643506044567,0.17356277542009285,,,,,,,18.785,
1763047764.684109,397,107;108;110;200;201;202,66.983;63.754;50.315;99.708;88.268;66.626,-0.08218657617339865,-0.4573231343044738,-2.7447126007451645,-0.08804143941430148,0.2894514171893995,0.17196516617194743,,,,,,,18.907,
1763047764.834181,398,107;108;110;200;201;202,65.120;67.400;49.067;100.690;86.754;62.870,-0.0846105316426726,-0.46635699961381416,-2.7488985476037247,-0.08959923651010453,0.2912293349174888,0.17040165980730224,,,,,,,19.260,
1763047764.966862,399,107;108;110;200;201;202,67.168;64.001;44.507;100.041;89.812;68.359,-0.08213576653500029,-0.46254494295719645,-2.7484649279869284,-0.08948701197619502,0.2899463153828662,0.17148882928584228,,,,,,,19.094,
1763047765.099921,400,107;108;110;200;201;202,62.188;61.409;48.734;100.803;91.290;67.730,-0.0813592770794563,-0.4550572703798844,-2.7439173183626933,-0.0887611140879298,0.28792960495662184,0.17229436547662,,,,,,,18.816,
1763047765.231935,401,107;108;110;200;201;202,66.468;64.948;48.452;101.517;88.270;66.318,-0.08356418771200518,-0.45870490007488524,-2.745317640328816,-0.08862239602280002,0.2887446096255673,0.17149147835252565,,,,,,,18.969,
1763047765.365469,402,107;108;110;200;201;202,65.988;65.892;49.646;98.785;92.722;68.156,-0.08531585079301866,-0.4564870277333526,-2.7429263535793167,-0.08949110452229171,0.2905177799039616,0.17149015042886206,,,,,,,18.906,
1763047765.493286,403,107;108;110;200;201;202,65.246;62.353;48.583;101.870;88.004;65.462,-0.08702417860388845,-0.45727843648587657,-2.74362080921657,-0.08849319831967437,0.28950774577195026,0.17120734851269637,,,,,,,18.946,
1763047765.626062,404,107;108;110;200;201;202,66.855;65.240;43.345;96.779;85.574;65.655,-0.08445219988293334,-0.4614300761204575,-2.748371287338186,-0.0894705130457546,0.29019167000679014,0.1714499496515394,,,,,,,19.067,
1763047765.762138,405,107;108;110;200;201;202,62.313;60.695;43.252;96.680;81.784;60.773,-0.08493543891778872,-0.46717948094069445,-2.7507638059982127,-0.08975017182139496,0.2893644005307371,0.17135808524012172,,,,,,,19.285,
1763047765.891441,406,107;108;110;200;201;202,66.465;58.921;49.667;101.664;85.093;69.512,-0.08385251911635304,-0.46332675315242905,-2.7463492211051967,-0.08643672961966753,0.28735406809084973,0.17094099813525301,,,,,,,19.148,
1763047766.020639,407,107;108;110;200;201;202,64.157;64.138;48.428;101.856;84.488;68.750,-0.08124285245080305,-0.46536246407598414,-2.749410356683435,-0.08597414832525398,0.28607317304960667,0.17066258095669126,,,,,,,19.195,
1763047766.154914,408,107;108;110;200;201;202,63.648;60.413;43.788;100.500;87.018;60.485,-0.08268609350494245,-0.46476926955191605,-2.7484951875286554,-0.08740479573436312,0.28577461418188055,0.17150488316512494,,,,,,,19.186,
1763047766.284145,409,107;108;110;200;201;202,65.924;64.277;49.892;99.084;83.464;67.244,-0.0825476701047571,-0.4684435530917711,-2.7490111811179903,-0.08657720721637997,0.28772672790370496,0.17007253437550382,,,,,,,19.328,
1763047766.419647,410,107;108;110;200;201;202,66.511;62.582;47.076;99.321;91.643;68.167,-0.08424548659077592,-0.4610362993815101,-2.7447968393283353,-0.08719871205452442,0.28828828577570953,0.17129201476216951,,,,,,,19.069,
1763047766.553635,411,107;108;110;200;201;202,64.540;63.243;39.756;101.200;86.726;62.036,-0.08170383433713622,-0.46508544569943977,-2.7517530409927327,-0.08958526651040492,0.2865064278994142,0.1728626356555666,,,,,,,19.175,
1763047766.680783,412,107;108;110;200;201;202,65.194;61.761;42.475;97.737;90.039;65.349,-0.08216589594168057,-0.4596857221692973,-2.749413739495363,-0.09029534629419532,0.28668780452098935,0.17397815110952553,,,,,,,18.977,
1763047766.814234,413,107;108;110;200;201;202,64.530;67.027;49.005;94.054;87.065;67.677,-0.08305013258478501,-0.4608649155296999,-2.748513449033075,-0.09066936787489695,0.290174221500836,0.17220746289212394,,,,,,,19.034,
1763047766.950446,414,107;108;110;200;201;202,65.459;65.098;47.966;99.760;84.443;65.543,-0.08374465969365409,-0.46642414998427534,-2.7518336161881893,-0.09003722269798461,0.2903556868592793,0.1708667041577159,,,,,,,19.242,
1763047767.078187,415,107;108;110;200;201;202,64.452;63.531;43.634;94.606;85.492;60.247,-0.08660885096652701,-0.4674707029795944,-2.7521444821477585,-0.0917146711966173,0.2919334856762239,0.17062947393282102,,,,,,,19.302,
1763047767.210922,416,107;108;110;200;201;202,66.648;61.024;51.145;94.608;81.940;68.965,-0.08734520465609111,-0.46603804048129677,-2.746774346671256,-0.08819540647303659,0.29286757231528593,0.1690030492432415,,,,,,,19.279,
1763047767.345943,417,107;108;110;200;201;202,67.344;65.369;49.195;102.746;87.548;65.896,-0.08806558772506036,-0.46906145067068533,-2.7483327757062375,-0.08842217886117236,0.2925364818249632,0.1690286541233617,,,,,,,19.395,
1763047767.473620,418,107;108;110;200;201;202,64.861;62.035;49.139;97.736;85.526;70.545,-0.08488183856919553,-0.46460696760207254,-2.7459706921746347,-0.08676787050824655,0.2906919217286046,0.16956541168942746,,,,,,,19.208,
1763047767.604972,419,107;108;110;200;201;202,64.039;63.355;42.293;100.901;87.761;70.484,-0.07795719829665061,-0.4620868929391667,-2.7499158605751592,-0.08729573474560574,0.286924261079882,0.1722797062854284,,,,,,,19.040,
1763047767.740519,420,107;108;110;200;201;202,64.666;64.016;44.698;93.313;86.496;63.796,-0.08085880702655511,-0.4604628186805656,-2.749627392129846,-0.08921896378548058,0.28927126454116087,0.17167337710122782,,,,,,,18.997,
1763047767.867880,421,107;108;110;200;201;202,65.701;64.271;44.143;102.403;84.931;66.086,-0.07938496513408555,-0.46547876409644895,-2.7545374608637854,-0.08913407638153004,0.28748027263062415,0.17187320393543634,,,,,,,19.160,
1763047768.001075,422,107;108;110;200;201;202,67.413;63.614;45.804;101.101;86.456;69.496,-0.07804134231439509,-0.46508342845598283,-2.754266786079511,-0.08804862409197609,0.2867668429939705,0.17211985116523987,,,,,,,19.137,
1763047768.133413,423,107;108;110;200;201;202,68.486;63.715;44.299;96.079;91.904;63.078,-0.08386494232535918,-0.46099268281713995,-2.7487355654883703,-0.09032925116242198,0.29014480847606855,0.17206081217503397,,,,,,,19.044,
1763047768.276122,424,107;108;110;200;201;202,65.279;65.014;46.614;100.796;93.676;64.628,-0.08568518858918536,-0.45840838121271177,-2.746942527938589,-0.0918595728652,0.29057107309895924,0.17245333954358777,,,,,,,18.964,
1763047768.444297,425,107;108;110;200;201;202,65.786;63.571;42.967;101.268;90.549;68.884,-0.08112488549827608,-0.4562194343835442,-2.748330302631706,-0.09145049708000369,0.28793781344905817,0.1737995759032465,,,,,,,18.838,
1763047768.595939,426,107;108;110;200;201;202,63.360;63.559;50.135;101.601;89.339;64.553,-0.08366823900888395,-0.457550285235712,-2.746588319626836,-0.09080030588005322,0.28853262468564167,0.1724605124831023,,,,,,,18.917,
1763047768.729483,427,107;108;110;200;201;202,62.903;63.242;46.003;97.820;86.519;64.939,-0.08218852800747263,-0.45862527853095486,-2.7484829736384997,-0.09058560682718723,0.28814216955462674,0.1722707366256481,,,,,,,18.940,
1763047768.859958,428,107;108;110;200;201;202,65.456;64.991;45.161;95.559;90.649;65.761,-0.08345421423084395,-0.4557150924033554,-2.746714291981266,-0.09168038969487033,0.28998477659480987,0.1722935032029618,,,,,,,18.843,
1763047768.991649,429,107;108;110;200;201;202,65.263;64.309;47.331;98.926;93.214;68.272,-0.08356343739956933,-0.4518766524669611,-2.7433881969245677,-0.0917661860041954,0.28988132415520734,0.17294704266744879,,,,,,,18.708,
1763047769.126793,430,107;108;110;200;201;202,64.949;63.433;52.475;100.189;90.336;61.630,-0.09036220443172525,-0.45519644860801256,-2.7398022539563165,-0.09134367235939293,0.2923922985171506,0.17080423809343734,,,,,,,18.909,
1763047769.258032,431,107;108;110;200;201;202,67.939;60.703;50.203;102.693;87.319;64.863,-0.09207948700093481,-0.45696994667558205,-2.73869682932018,-0.0891120831436017,0.2917357360878795,0.1700033701348616,,,,,,,18.998,
1763047769.386898,432,107;108;110;200;201;202,67.900;63.148;44.000;97.405;88.353;61.196,-0.09381794790558141,-0.4597681645024592,-2.7408910350103537,-0.09076365214913501,0.2929198339481214,0.17011705721317788,,,,,,,19.111,
1763047769.520429,433,107;108;110;200;201;202,67.867;64.497;41.714;97.399;90.189;66.188,-0.09025207918042194,-0.45865548832413194,-2.7439231584688555,-0.09182831439616601,0.2920772182652198,0.17186273217465836,,,,,,,19.024,
1763047769.649659,434,107;108;110;200;201;202,64.238;63.118;41.163;101.761;90.089;65.886,-0.08448491301000004,-0.4567789635591111,-2.7482943538108575,-0.09212313917418687,0.28849666411024144,0.17408169843842475,,,,,,,18.884,
1763047769.782450,435,107;108;110;200;201;202,66.127;63.795;47.602;99.373;89.050;60.509,-0.08949081255824007,-0.45928892352743395,-2.7476504807978843,-0.09244132223585826,0.2907397420361365,0.17224870071888795,,,,,,,19.024,
1763047769.947520,436,107;108;110;200;201;202,65.683;62.655;47.835;95.760;90.383;71.034,-0.08693055750096146,-0.4513752265760919,-2.7421049617637157,-0.09059250517609711,0.29071034357503456,0.1728350679415168,,,,,,,18.720,
1763047770.080743,437,107;108;110;200;201;202,65.161;61.801;42.668;91.622;85.180;62.549,-0.08736528218257207,-0.45215944136050557,-2.742616459851808,-0.09125233653780938,0.2919078489177229,0.17239360646704113,,,,,,,18.752,
1763047770.212768,438,107;108;110;200;201;202,67.204;64.402;49.089;102.157;88.923;64.266,-0.08985879224650489,-0.45809311086803933,-2.7440426728398095,-0.09072272504123371,0.29231202653298977,0.1712180298566344,,,,,,,18.998,
1763047770.344826,439,107;108;110;200;201;202,67.152;67.119;47.047;98.576;90.523;70.828,-0.0857099004020427,-0.45751300293111885,-2.7456231200718832,-0.0906737365626195,0.292192403712644,0.1718443710184451,,,,,,,18.936,
1763047770.477724,440,107;108;110;200;201;202,64.656;64.343;46.000;97.574;86.517;67.150,-0.23660222121751695,-0.4614580974524582,-2.7314503310221254,-0.10252413891493496,0.29108259822542787,0.1764529320401574,,,,,,,21.146,
1763047770.606284,441,107;108;110;200;201;202,67.843;64.685;51.007;98.426;87.424;59.611,-0.20030593528675303,-0.46680934103976096,-2.7349541492078013,-0.09946968171086894,0.29475572581614506,0.17188867733029556,,,,,,,20.700,
1763047770.742225,442,107;108;110;200;201;202,65.759;63.605;48.422;100.700;91.271;65.355,-0.1676332880842692,-0.4632830756767305,-2.7366001470224646,-0.09667719089144425,0.29384509605969206,0.17163269938013814,,,,,,,20.077,
1763047770.874472,443,107;108;110;200;201;202,66.448;62.095;42.325;96.506;86.755;66.533,-0.1403543488822737,-0.46028507321159695,-2.7415690521482943,-0.09457693252062273,0.2919119619310317,0.17239445891889463,,,,,,,19.589,
1763047771.006064,444,107;108;110;200;201;202,63.947;64.096;48.995;100.939;88.901;63.525,-0.1263780265926386,-0.46238981039782157,-2.743386295295416,-0.09337557299183576,0.29187153236537033,0.17141670852186358,,,,,,,19.505,
1763047771.139378,445,107;108;110;200;201;202,66.080;62.501;43.713;100.598;90.977;61.332,-0.11633878215967727,-0.4597143656946372,-2.7443346112815172,-0.09380343499229017,0.2911203531595595,0.17197674811197547,,,,,,,19.293,
1763047771.269017,446,107;108;110;200;201;202,64.323;64.552;47.894;96.234;84.484;62.712,-0.10959817693865868,-0.4653372402040281,-2.7465079119319173,-0.0929957810538575,0.2928256260580348,0.17052310407164628,,,,,,,19.437,
1763047771.404230,447,107;108;110;200;201;202,66.690;62.222;45.562;101.509;86.623;62.614,-0.10416260129123267,-0.46786128994722015,-2.748037405041821,-0.09203204197963771,0.29170930133973566,0.1704417771023124,,,,,,,19.479,
1763047771.534659,448,107;108;110;200;201;202,66.239;62.205;45.490;101.075;92.239;69.493,-0.09614761760231037,-0.4591744495446177,-2.7454575661573597,-0.09085058261512989,0.28928335585171616,0.17246903865360072,,,,,,,19.084,
1763047771.666822,449,107;108;110;200;201;202,65.008;66.204;51.123;102.042;87.484;63.098,-0.0962326046173236,-0.4655234776069823,-2.7479086961462147,-0.09072911500620386,0.29097961324926924,0.1704757099209118,,,,,,,19.321,
1763047771.798834,450,107;108;110;200;201;202,66.558;62.246;46.929;96.485;88.988;66.956,-0.09397959974623646,-0.461150284062026,-2.7449081786614546,-0.09029739368568208,0.2912951640277121,0.17098547429445446,,,,,,,19.147,
1763047771.935405,451,107;108;110;200;201;202,66.143;65.937;48.417;93.164;92.142;69.196,-0.09105898703373604,-0.45486309256511637,-2.7411132603352506,-0.09074547895947545,0.2936093970016085,0.1712286431410743,,,,,,,18.895,
1763047772.061602,452,107;108;110;200;201;202,69.052;61.870;45.793;100.257;88.971;65.293,-0.09200154092054895,-0.45564754152052594,-2.741311119154242,-0.09010393138672712,0.2929241092834832,0.17124779653606326,,,,,,,18.932,
1763047772.199931,453,107;108;110;200;201;202,63.485;63.447;45.283;98.130;90.536;60.987,-0.09232324975432935,-0.45652945414324253,-2.741664036917724,-0.09189194906370896,0.2928851310453203,0.1717671947284061,,,,,,,18.968,
1763047772.327288,454,107;108;110;200;201;202,66.122;63.807;48.116;97.812;85.951;65.582,-0.0906170211813361,-0.4602591512846875,-2.743519802410305,-0.09082477183554327,0.29310941858466927,0.17068997037699413,,,,,,,19.092,
1763047772.460423,455,107;108;110;200;201;202,68.036;62.529;45.600;98.300;82.926;64.534,-0.09153202193530094,-0.4667666673560038,-2.7469542307349712,-0.08969826409425384,0.2927619292360898,0.16997708804176845,,,,,,,19.338,
1763047772.599151,456,107;108;110;200;201;202,67.067;61.146;41.916;96.608;90.364;65.735,-0.08901802854343928,-0.4595678966008387,-2.744992056267317,-0.09023747818917635,0.2918674508592759,0.1719922131299089,,,,,,,19.045,
1763047772.754070,457,107;108;110;200;201;202,64.883;63.886;49.667;101.948;87.413;69.977,-0.08403290315197069,-0.46029952041709005,-2.7453172295037813,-0.0885157003614515,0.29015452320817786,0.1718139238063709,,,,,,,19.035,
1763047772.885381,458,107;108;110;200;201;202,64.516;60.097;44.046;97.291;88.657;66.530,-0.08229575067840886,-0.45418314904146406,-2.7426827403880174,-0.08835157480072875,0.288678469860581,0.17293343147843224,,,,,,,18.794,
1763047773.017083,459,107;108;110;200;201;202,67.734;62.791;43.049;97.005;91.875;59.697,-0.08798496967755778,-0.4544100836100584,-2.7408909129020764,-0.09147740176898839,0.29111970571944207,0.17278842005042494,,,,,,,18.854,
1763047773.152078,460,107;108;110;200;201;202,66.997;66.192;44.988;95.939;89.005;61.519,-0.09147864293321127,-0.4590398295616055,-2.7443087965272337,-0.09330577535020262,0.29350901982129096,0.17180174397159936,,,,,,,19.047,
1763047773.280998,461,107;108;110;200;201;202,65.370;64.848;46.645;102.932;84.031;68.535,-0.23804501314965165,-0.4662903669260803,-2.7344958128500103,-0.10317095481319442,0.28964463154895836,0.17660516258851897,,,,,,,21.328,
1763047773.413104,462,107;108;200;201;202,67.603;59.929;99.399;88.277;61.480,-0.16348344618586902,-0.4622047678238229,-2.7673594278049816,-0.1068907863675209,0.2760939360511492,0.18922503353707293,,,,,,,19.815,
1763047773.555524,463,107;108;110;200;201;202,65.522;65.530;50.464;96.279;86.973;64.783,-0.14332484831729664,-0.4638436152868882,-2.7606272182682683,-0.10162603696231576,0.28292523079867793,0.18179046545205788,,,,,,,19.660,
1763047773.710547,464,107;108;110;200;201;202,61.793;60.882;52.030;93.831;92.305;68.091,-0.12712434831319158,-0.4502623482773262,-2.745924343504212,-0.09676885368298985,0.2859133903256025,0.17835733423896344,,,,,,,19.030,
1763047773.840624,465,107;108;110;200;201;202,67.217;66.053;50.639;93.700;85.552;65.235,-0.11975396710579617,-0.4569117429900003,-2.744763319635371,-0.09471395445619751,0.2918165197905146,0.17405713724542574,,,,,,,19.216,
1763047773.980899,466,107;108;110;200;201;202,66.841;66.518;47.693;95.746;87.676;62.894,-0.1133977903924015,-0.46112595253472516,-2.7456684030079974,-0.09472029196921054,0.2948424224779923,0.17200913888725816,,,,,,,19.313,
1763047774.106513,467,107;108;110;200;201;202,66.476;69.210;49.512;98.613;91.246;67.158,-0.10634576511076842,-0.4627470147773263,-2.7466219067848567,-0.09456312590244496,0.29580458308706775,0.1712057860902398,,,,,,,19.306,
1763047774.239823,468,107;108;110;200;201;202,66.957;62.280;48.347;99.839;84.366;58.228,-0.10739343350696003,-0.4706050680457631,-2.746752648495813,-0.09335839539066851,0.29663181567001773,0.16913968613093355,,,,,,,19.622,
1763047774.373495,469,107;108;110;200;201;202,66.813;62.417;50.218;99.913;92.289;63.336,-0.10682135597000986,-0.46483094687943477,-2.7414343341046474,-0.09231526159573833,0.2963358977891706,0.16917783242649437,,,,,,,19.419,
1763047774.507131,470,107;108;110;200;201;202,61.672;63.915;42.511;100.048;87.418;71.781,-0.08993325151230291,-0.4605369209619413,-2.7471985682732476,-0.0910510067844228,0.2905276907755518,0.17266224031711092,,,,,,,19.079,
1763047774.633625,471,107;108;110;200;201;202,63.478;61.852;49.023;93.134;85.184;67.321,-0.08847266066298559,-0.45801770371079464,-2.7441040855004175,-0.08937667859480741,0.2916796569084964,0.17151308739834492,,,,,,,18.984,
1763047774.765633,472,107;108;110;200;201;202,66.362;65.035;42.429;97.680;87.281;62.367,-0.08769688871923743,-0.462703069314935,-2.749090253108293,-0.09117902638613451,0.2920721528123342,0.17192381614481503,,,,,,,19.138,
1763047774.898100,473,107;108;110;200;201;202,65.340;62.009;42.065;98.964;91.286;69.734,-0.08178268044799834,-0.45419912456874245,-2.7480711232546136,-0.09078600808009131,0.2887724285961416,0.17413867738351643,,,,,,,18.764,
1763047775.026563,474,107;108;110;200;201,67.055;64.913;46.296;95.826;88.939,-0.14656517241648992,-0.5002230930780047,-2.74854167637172,-0.10856809594614102,0.31200455187377796,0.1599840992531013,,,,,,,21.156,
1763047775.163403,475,107;108;110;200;201;202,68.330;66.997;43.266;101.327;87.442;67.271,-0.12561803836184104,-0.49308091038417257,-2.7540496119257876,-0.10368359080874717,0.30500715189070604,0.16399947970524983,,,,,,,20.629,
1763047775.297178,476,107;108;110;200;201;202,63.703;63.664;44.480;98.491;90.870;66.012,-0.1111946033253119,-0.47992852020945487,-2.7515099024159047,-0.10060997229850563,0.29970201163984034,0.1675575785074785,,,,,,,19.995,
1763047775.424811,477,107;108;110;200;201;202,63.096;66.699;49.154;99.244;93.120;67.448,-0.10199679041338441,-0.47021988508675855,-2.748923982358777,-0.09845540491772281,0.2972720981953717,0.16910449710699446,,,,,,,19.548,
1763047775.606499,478,107;108;110;200;201;202,68.147;64.593;45.964;99.393;88.271;74.746,-0.091447386652683,-0.4643424718057717,-2.74852957209145,-0.09437306557866047,0.29348819834370043,0.17102997536933143,,,,,,,19.234,
1763047775.759926,479,107;108;110;200;201;202,66.617;63.407;47.251;98.351;84.686;70.857,-0.08757434413981531,-0.4639347519618183,-2.7503619658158738,-0.09108885773381503,0.2918115024987735,0.17137459006479902,,,,,,,19.179,
1763047775.890889,480,107;108;110;200;201;202,66.270;62.999;49.791;98.648;90.501;67.497,-0.08858791548361825,-0.45807003452118256,-2.7446428183329057,-0.08966880490777128,0.29203847412846484,0.17105023413372134,,,,,,,18.984,
1763047776.018982,481,107;108;200;201;202,66.568;65.353;99.630;88.992;62.525,-0.05784216141502826,-0.4592986482638772,-2.778023380936093,-0.09946167809195476,0.2779376758477277,0.1857483788229108,,,,,,,18.670,
1763047776.153504,482,107;108;110;200;201;202,67.396;64.511;49.581;99.561;86.335;66.420,-0.06745587585463243,-0.4629403750508576,-2.768485407160817,-0.09551135886932613,0.28279786147522346,0.1803610690462924,,,,,,,18.914,
1763047776.286774,483,107;108;110;200;201;202,65.257;60.701;47.195;99.822;89.745;67.876,-0.2235982471341131,-0.4597013035179555,-2.743051121700892,-0.10428622923995827,0.28401513681942103,0.1834355854576062,,,,,,,20.785,
1763047776.416332,484,107;108;110;200;201;202,65.939;65.687;47.602;100.704;92.670;67.231,-0.18147044139535845,-0.4572419406940104,-2.743979360971203,-0.1008243956284975,0.28587542572980346,0.17961054347928604,,,,,,,20.007,
1763047776.549743,485,107;108;110;200;201;202,66.502;64.133;51.294;94.561;87.896;63.494,-0.15813374077446804,-0.4572391144139246,-2.739939337681171,-0.09752981904036187,0.2910023498469988,0.17458880550695557,,,,,,,19.702,
1763047776.680790,486,107;108;110;200;201;202,65.268;63.232;49.410;96.689;88.114;60.733,-0.14275876057967166,-0.46097450773871584,-2.739260924965484,-0.09596447921259216,0.29354988398060067,0.17199461704000593,,,,,,,19.656,
1763047776.813083,487,107;108;110;200;201;202,65.322;64.968;49.212;93.632;88.119;68.998,-0.12555877168719445,-0.45722550273499724,-2.738840544403155,-0.0936802831949658,0.29460601458726826,0.17117650162114006,,,,,,,19.320,
1763047776.943845,488,107;108;110;200;201;202,67.602;62.779;45.898;100.837;87.472;69.073,-0.11156791031626567,-0.45828459554466916,-2.74176718901186,-0.09133656881695294,0.29164033865556127,0.17182587324906246,,,,,,,19.205,
1763047777.076071,489,107;108;110;200;201;202,65.367;63.985;46.344;95.292;86.807;63.369,-0.10651468052554967,-0.4606967167301023,-2.7432080759386954,-0.09165565212480328,0.29312005257273643,0.1710006634666087,,,,,,,19.245,
1763047777.214849,490,107;108;110;200;201;202,68.848;65.604;49.880;99.634;87.971;64.726,-0.10480010841410428,-0.46336708881771366,-2.7434530866884974,-0.09080177099530679,0.2945094359257989,0.16956900152145835,,,,,,,19.333,
1763047777.340764,491,107;108;110;200;201;202,65.808;66.283;49.278;98.490;89.482;59.672,-0.10592990329010324,-0.46628900241311316,-2.7437306977752005,-0.09238607883689429,0.2966095984494398,0.16862791512223801,,,,,,,19.456,
1763047777.472215,492,107;108;110;200;201;202,66.138;61.107;46.830;99.470;85.844;67.967,-0.09876820716544146,-0.46401752555497816,-2.7440228217877336,-0.08999387729542865,0.2933445892493457,0.16944364640917567,,,,,,,19.303,
1763047777.609216,493,103;107;108;110;200;201;202,54.970;64.682;59.032;48.888;100.466;89.025;64.839,-0.0320599487205436,-0.4366307368513455,-2.7969156518934515,-0.09966837113216122,0.29981045868448086,0.1581842489373333,,,,,,,17.577,
1763047777.739802,494,107;108;110;200;201;202,67.312;62.899;48.088;96.193;83.285;62.797,-0.05304540304922028,-0.4499741306226428,-2.7820490082891745,-0.09641440480589011,0.29940394511406154,0.16051320724313664,,,,,,,18.258,
1763047777.871966,495,107;108;110;200;201;202,66.496;65.610;47.056;98.635;87.151;62.411,-0.06528633167089608,-0.4574058233343448,-2.7733583101228514,-0.09557378493657379,0.2982913150734394,0.16276325961613958,,,,,,,18.658,
1763047778.009723,496,107;108;110;200;201;202,65.190;64.222;40.125;100.810;92.689;62.079,-0.07063314114650392,-0.4578439306942599,-2.7682309827626237,-0.09685180506211089,0.29482486090533533,0.16760846462061593,,,,,,,18.733,
1763047778.134728,497,107;108;110;200;201;202,67.270;62.513;46.790;101.019;88.817;70.101,-0.07213901605509981,-0.4561650119176324,-2.7599503109992494,-0.09358834337729152,0.2919589391916153,0.16936564729177203,,,,,,,18.717,
1763047778.271504,498,107;108;110;200;201;202,67.812;63.745;45.300;101.547;90.452;63.213,-0.07717118759965531,-0.45825696787842646,-2.756202281195456,-0.0934813888173462,0.29183811636171725,0.1701599893552662,,,,,,,18.852,
1763047778.402514,499,107;108;110;200;201;202,64.891;65.384;42.255;99.534;87.330;62.759,-0.07759300462523043,-0.4625748220112567,-2.7590054701997357,-0.09406397434148145,0.2907203258745943,0.17121524635166177,,,,,,,19.011,
1763047778.535161,500,107;108;110;200;201;202,68.210;65.890;50.988;98.877;85.527;66.937,-0.08188236364949299,-0.4663731233426074,-2.75592479250041,-0.09171307705151781,0.2926117244445801,0.16955438175693435,,,,,,,19.205,
1763047778.663724,501,107;108;110;200;201;202,62.865;63.916;46.617;98.728;87.107;63.805,-0.0825880120320447,-0.46658507174083674,-2.755092851899483,-0.09157306224706005,0.29208498780081704,0.17020871441941066,,,,,,,19.223,
1763047778.805600,502,107;108;110;200;201;202,68.158;66.971;49.062;101.275;90.185;68.996,-0.08375529425582447,-0.46492478408655674,-2.753959321202979,-0.09084116097693647,0.29209638552730927,0.17036123262032646,,,,,,,19.172,
1763047778.961929,503,107;108;200;201;202,67.502;63.567;96.607;88.508;66.508,-0.05174455022063595,-0.4595379130915888,-2.7807389377990033,-0.09925111849054809,0.2781136301998085,0.18537737007278798,,,,,,,18.637,
1763047779.090954,504,107;108;110;200;201;202,65.772;67.356;48.394;98.649;88.433;67.294,-0.06177000397271571,-0.46211695200690145,-2.7723876868255113,-0.09678036655581956,0.2827152632874611,0.18089063788709378,,,,,,,18.830,
1763047779.252713,505,107;108;200;201;202,66.667;65.679;95.971;90.668;68.581,-0.03437737447482833,-0.45631166794115574,-2.7936134322330846,-0.10476412287523185,0.2720291532209024,0.19320337434261337,,,,,,,18.379,
1763047779.385875,506,107;108;110;200;201;202,66.084;62.850;47.002;98.798;89.247;68.678,-0.04793545266004105,-0.45388820480257774,-2.7777376528198077,-0.09927183929382809,0.27672692383607334,0.1873941373026421,,,,,,,18.411,
1763047779.524797,507,107;108;110;200;201;202,66.332;65.893;50.799;99.938;88.469;67.424,-0.06070596773842406,-0.4563698831245819,-2.768243352318742,-0.09553792977106061,0.2816698908553583,0.18175830400814602,,,,,,,18.618,
1763047779.655555,508,107;108;110;200;201;202,64.216;62.310;51.538;101.628;89.071;62.373,-0.0720551301174609,-0.45868484539237253,-2.7585988386769142,-0.09328100978533957,0.28532389939548297,0.1772115551086403,,,,,,,18.823,
1763047779.790743,509,107;108;110;200;201;202,66.507;67.758;47.896;100.570;85.462;67.556,-0.07417412975978716,-0.46601399941675703,-2.760077564918464,-0.09212075445470468,0.2871080030090237,0.17460837573082602,,,,,,,19.119,
1763047779.919348,510,107;108;110;200;201;202,64.511;64.412;50.265;92.558;91.269;60.771,-0.0859601580040674,-0.460867538617607,-2.750263913886884,-0.09289897591101424,0.29298756139884397,0.17213992721046265,,,,,,,19.046,
1763047780.049103,511,107;108;110;200;201;202,66.982;67.296;44.154;98.695;90.244;63.902,-0.08725240250886926,-0.46238130163924934,-2.7517783858750517,-0.09401624946218545,0.2934638995090844,0.17230770820008479,,,,,,,19.108,
1763047780.192682,512,107;108;110;200;201;202,65.740;64.633;49.058;97.242;85.745;62.427,-0.09096424605476074,-0.46758837375303497,-2.750087230560342,-0.09316751358330522,0.29474046457633235,0.1701788053939517,,,,,,,19.350,
1763047780.414432,513,107;108;110;200;201;202,64.844;63.298;40.529;100.673;83.679;61.347,-0.08759826129068102,-0.47387412254315026,-2.7567595471966877,-0.09327180701648774,0.29175537226050463,0.17148055160342263,,,,,,,19.537,
1763047780.545286,514,107;108;110;200;201;202,61.290;66.719;49.456;98.249;87.326;66.484,-0.0842168469518935,-0.4708346083349043,-2.754992038987955,-0.09262631637709808,0.29156129661077307,0.17094887261966718,,,,,,,19.403,
1763047780.679306,515,107;108;110;200;201;202,65.257;63.983;45.755;97.324;82.626;66.469,-0.0827117495260758,-0.47327406253388693,-2.756657388520136,-0.09116626599841167,0.2908041138844932,0.17037803612703778,,,,,,,19.480,
1763047780.812926,516,107;108;110;200;201;202,67.559;65.269;50.862;101.013;85.833;64.028,-0.08764079794196378,-0.4751876210928457,-2.7548432095399176,-0.08986118372188494,0.2923191712769193,0.16864609241892448,,,,,,,19.599,
1763047780.939039,517,107;108;110;200;201;202,65.962;62.803;48.104;99.732;87.745;61.944,-0.09050015200681936,-0.4731555840337151,-2.7511316632311105,-0.08999187297354921,0.2928969095201267,0.1686297632803772,,,,,,,19.560,
1763047781.073004,518,107;108;110;200;201;202,67.789;66.949;42.246;99.915;82.731;64.582,-0.08742910959854848,-0.47982771584942246,-2.7593614159441247,-0.09085436980797673,0.29183977519293086,0.16932810505337387,,,,,,,19.756,
1763047781.210061,519,107;108;110;200;201;202,65.404;63.658;43.326;99.020;89.363;58.771,-0.09149146637894615,-0.475262177174403,-2.756906762233249,-0.09270222868356809,0.2921395096698915,0.17001898753876166,,,,,,,19.620,
1763047781.336043,520,107;108;110;200;201;202,64.751;66.622;48.457;100.446;90.738;60.184,-0.09561543047578573,-0.4749846242612042,-2.7547950772681187,-0.09387573303215742,0.2941727646330924,0.169482364297762,,,,,,,19.652,
1763047781.468066,521,107;108;110;200;201;202,62.825;62.981;50.418;101.579;86.686;63.148,-0.09362568763716625,-0.47305558200480335,-2.7518684316414617,-0.09192985701136487,0.29283826714331396,0.1688243930905619,,,,,,,19.576,
1763047781.601014,522,107;108;110;200;201;202,65.425;65.001;49.024;99.172;86.029;66.298,-0.09164081059531527,-0.47213745981901734,-2.7511654474151537,-0.09066698971006153,0.2925787708420287,0.168668866212206,,,,,,,19.528,
1763047781.734137,523,107;108;110;200;201;202,65.425;65.001;49.024;99.172;86.029;66.298,-0.09164081059531527,-0.47213745981901734,-2.7511654474151537,-0.09066698971006153,0.2925787708420287,0.168668866212206,,,,,,,19.528,
1763047781.870718,524,107;108;110;200;201;202,65.822;64.938;47.791;94.430;86.711;68.800,-0.08990605871541973,-0.46749089355248946,-2.7494586324344508,-0.09015322563299599,0.2933973924574538,0.16931777820020422,,,,,,,19.341,
1763047782.303369,525,107;108;110;200;201;202,62.739;66.288;47.709;97.579;93.121;65.317,-0.08939113803961447,-0.4617545509375835,-2.7473903957105525,-0.09163003613165857,0.293715500834468,0.1703392827042787,,,,,,,19.122,
1763047782.501746,526,107;108;110;200;201;202,61.582;67.001;52.236;101.012;91.988;68.765,-0.0857449877936617,-0.4589161719992234,-2.7459237278439192,-0.0911375967770009,0.29263033614541106,0.17059481348594707,,,,,,,18.990,
1763047782.683267,527,107;108;110;200;201;202,63.845;65.575;45.901;102.419;91.309;60.407,-0.08778499162871152,-0.4614529618486574,-2.748791284368141,-0.09281845917887663,0.29191814396416,0.17097449286846667,,,,,,,19.091,
1763047782.861853,528,107;108;110;200;201;202,63.830;65.516;48.695;97.883;94.640;64.235,-0.08957260261715756,-0.4552864446855801,-2.743931010656657,-0.09348726431689597,0.2931842113624482,0.17146150665745422,,,,,,,18.886,
1763047783.025724,529,107;108;110;200;201;202,63.486;62.985;49.269;97.744;90.865;64.360,-0.09039275072288053,-0.45311949203547114,-2.7405532225194307,-0.09268732200294094,0.29355812850013224,0.1714100551641761,,,,,,,18.824,
1763047783.186708,530,107;108;110;200;201;202,61.822;64.502;49.204;101.634;87.177;62.186,-0.08978772912265766,-0.45948789320568456,-2.74516179414061,-0.09228953043723317,0.29221597929071624,0.17042753167961464,,,,,,,19.047,
1763047783.315355,531,107;108;110;200;201;202,67.155;66.570;42.882;99.094;91.215;64.082,-0.08836422741552906,-0.459574932114034,-2.7484808490096038,-0.09360569041350958,0.29267858560271837,0.17159600218672813,,,,,,,19.023,
1763047783.442842,532,107;108;110;200;201;202,64.450;65.638;39.276;100.687;90.643;64.034,-0.08326220497771915,-0.4598910222005785,-2.7539195847176674,-0.09514215407472001,0.289882078846896,0.17390712289348872,,,,,,,18.970,
1763047783.579686,533,107;108;110;200;201;202,65.843;67.333;41.525;95.445;93.014;61.613,-0.08438885291298949,-0.4586548527972948,-2.7539715499313107,-0.0976211822019401,0.29206526025156515,0.17410180997896446,,,,,,,18.929,
1763047783.705593,534,107;108;110;200;201;202,65.934;68.520;48.018;99.209;91.764;67.394,-0.08310696394431329,-0.45971031349846064,-2.752651607515568,-0.09667824128465931,0.29312920320001146,0.17331202560555992,,,,,,,18.968,
1763047783.841183,535,107;108;110;200;201;202,66.108;67.651;47.332;92.694;89.058;63.776,-0.08645529108928138,-0.46080381660975855,-2.7502770847611098,-0.09656844810580717,0.2965125148517782,0.1716835180316526,,,,,,,19.048,
1763047783.974659,536,107;108;110;200;201;202,64.892;63.681;47.137;100.842;92.361;60.979,-0.09042679561424975,-0.45943164641648226,-2.7475415319122165,-0.09602470776640089,0.2954395909251462,0.1714981133187687,,,,,,,19.037,
1763047784.102545,537,107;108;110;200;201;202,63.914;63.605;50.095;93.834;93.120;62.419,-0.09433785622402943,-0.4539928697206417,-2.739774610991586,-0.09579204022577269,0.2974088500666028,0.1706274444689981,,,,,,,18.894,
1763047784.239407,538,107;108;110;200;201;202,63.805;64.041;47.919;102.181;86.084;68.386,-0.08904740002536621,-0.4577824043096506,-2.744760586786796,-0.09275682673824397,0.29340363884834303,0.17143819179992048,,,,,,,18.976,
1763047784.370284,539,107;108;110;200;201;202,64.761;65.367;50.625;95.336;83.375;68.610,-0.08802742040796212,-0.46149722106865815,-2.746356731793894,-0.09036982930406483,0.29411172896411847,0.1701307040543873,,,,,,,19.107,
1763047784.498924,540,107;108;200;201;202,64.375;62.579;102.104;92.376;65.935,-0.053001385407082297,-0.45388071388865675,-2.7744044736790117,-0.0989123030041552,0.2766110594965203,0.1864301945248702,,,,,,,18.450,
1763047784.635338,541,107;108;110;200;201;202,63.167;66.427;49.569;99.009;90.246;60.575,-0.06672729794778677,-0.4586328795000535,-2.766402147374296,-0.09799542494692969,0.2831374611573979,0.18081885750292015,,,,,,,18.750,
1763047784.762119,542,107;108;200;201;202,63.430;62.950;94.761;90.186;60.834,-0.0420124265284139,-0.45348856008834215,-2.788743746122756,-0.10701083287119509,0.2723388331513098,0.19259025340930025,,,,,,,18.317,
1763047784.896158,543,107;108;110;200;201;202,64.896;65.507;49.912;102.562;83.607;61.681,-0.058315957132349217,-0.4656950324394642,-2.7809777991198588,-0.10130680649326636,0.27851866283695587,0.1846333709628552,,,,,,,18.910,
1763047785.033041,544,107;108;110;200;201;202,63.819;65.505;48.602;100.138;82.200;63.780,-0.06689300458708357,-0.47304680237370633,-2.7763054428340075,-0.0973838869095032,0.2823018576379159,0.17936553717589399,,,,,,,19.269,
1763047785.160875,545,107;108;200;201;202,64.574;64.348;90.772;86.713;68.387,-0.03619964236375907,-0.46226473512952526,-2.795574471112983,-0.10473038803194212,0.2720611402982666,0.19196141839069322,,,,,,,18.610,
1763047785.291208,546,107;108;110;200;201;202,65.829;64.057;44.985;97.862;92.046;59.348,-0.05574240928110512,-0.45992291555972564,-2.7796582594576815,-0.1021950743993675,0.27968166349888934,0.1859257743656662,,,,,,,18.676,
1763047785.427712,547,107;108;110;200;201;202,64.344;63.803;51.429;99.649;87.438;65.030,-0.06730207628203774,-0.4615880524624753,-2.76780959901587,-0.09731019049336623,0.28414827807605475,0.18048572582148328,,,,,,,18.863,
1763047785.554151,548,107;108;110;200;201;202,64.922;63.819;49.697;102.088;87.270;66.553,-0.07261589095560472,-0.46341007030192144,-2.7622957543882647,-0.09386049990895261,0.28532264028045284,0.1771520558315197,,,,,,,18.995,
1763047785.687591,549,107;108;110;200;201;202,64.867;64.779;45.104;98.723;87.690;60.831,-0.07818674962047949,-0.46574080471263174,-2.7601858554626704,-0.09416041467984179,0.2876278184513464,0.17517724264493684,,,,,,,19.133,
1763047785.823982,550,107;108;110;200;201;202,66.725;66.980;42.701;100.864;90.675;61.303,-0.08077455969211764,-0.4683434655419025,-2.760549717960569,-0.09580492644063296,0.2890819668418576,0.17465428166320454,,,,,,,19.252,
1763047785.950681,551,107;108;110;200;201;202,66.503;61.893;46.791;98.965;86.283;67.211,-0.23393303271417704,-0.46823889287680925,-2.739595790819499,-0.10503554783863331,0.28886219697805177,0.17883604939404207,,,,,,,21.294,
1763047786.083773,552,107;108;110;200;201;202,63.288;65.491;45.943;101.111;93.511;61.536,-0.19115554667843926,-0.46434097046048983,-2.7428364885256173,-0.10286480991972641,0.28940555550737734,0.17675617104182192,,,,,,,20.423,
1763047786.251738,553,107;108;110;200;201;202,61.144;68.203;48.588;100.868;87.827;62.061,-0.15916962927206052,-0.4684071150042776,-2.7497063033000124,-0.1008860215722335,0.2901741119606129,0.17417316813976336,,,,,,,20.088,
1763047786.383927,554,107;108;110;200;201;202,63.807;67.781;47.821;101.827;85.529;62.336,-0.13751667295876085,-0.47505556513153085,-2.755371315359162,-0.0985235533697559,0.29083055025916466,0.1722014843049371,,,,,,,20.051,
1763047786.511509,555,107;108;110;200;201;202,65.302;63.029;48.857;100.484;91.040;59.951,-0.1283916381449795,-0.4708637200223223,-2.750477240029101,-0.09691390964373463,0.2922254756129547,0.17123512708862412,,,,,,,19.817,
1763047786.647828,556,107;108;110;200;201;202,64.797;63.123;50.460;96.228;84.401;65.578,-0.1170353042324184,-0.47094921408796586,-2.7479269687346726,-0.09362439939428559,0.293280786426392,0.16980319254602394,,,,,,,19.719,
1763047786.778813,557,107;108;110;200;201;202,63.404;62.447;47.287;98.568;86.816;65.042,-0.1082101611441035,-0.46849269780291924,-2.747393286241115,-0.09218558964468365,0.29219733629562883,0.17041068970492218,,,,,,,19.543,
1763047786.911500,558,107;108;110;200;201;202,67.576;60.347;50.893;96.393;89.844;65.463,-0.10702327471882202,-0.46071914823002486,-2.7388137338487506,-0.09026923775026939,0.2939542625251126,0.1698799291552283,,,,,,,19.273,
1763047787.054954,559,107;108;110;200;201;202,64.088;63.658;46.954;101.652;89.640;66.978,-0.09950391677386472,-0.4588084171541744,-2.7418709760533355,-0.08988595354637073,0.2912247497088211,0.1710798408891946,,,,,,,19.116,
1763047787.206762,560,107;108;110;200;201;202,65.978;65.549;41.116;98.216;89.482;65.938,-0.09216091053346823,-0.4580611399481053,-2.747442927106124,-0.0915928719244709,0.2902627108942965,0.17278431249706222,,,,,,,18.998,
1763047787.336172,561,107;108;110;200;201;202,65.095;63.779;44.042;97.653;90.415;65.145,-0.23760253714704951,-0.4586191807451443,-2.731162714528518,-0.10420512226809692,0.28989766696076164,0.17826174154460842,,,,,,,21.064,
1763047787.471910,562,107;108;110;200;201;202,64.791;64.441;46.764;96.654;91.765;63.583,-0.1937235375428401,-0.456634207747515,-2.7339729105150017,-0.10155461599530857,0.2913525150937246,0.17576712834510327,,,,,,,20.225,
1763047787.616460,563,107;108;110;200;201;202,66.895;60.817;44.033;99.015;92.417;69.823,-0.31306977473193515,-0.45012317465374413,-2.714038994020987,-0.10963791188351646,0.2891388238500371,0.18370763391338182,,,,,,,22.442,
1763047787.768029,564,107;108;110;200;201;202,66.749;63.576;49.115;95.456;87.148;63.328,-0.3929877981918128,-0.4560901903693072,-2.7007118766316234,-0.11461814768796837,0.29266681916268233,0.18699434700752143,,,,,,,24.687,
1763047787.908357,565,107;108;110;200;201;202,63.803;66.727;49.253;94.999;85.330;58.678,-0.3068124408396889,-0.4651598475428982,-2.7191904179169697,-0.10978253455621668,0.29581487441205384,0.17796380924017924,,,,,,,22.770,
1763047788.035342,566,107;108;200;201;202,64.915;63.854;96.088;90.257;63.425,-0.20987828744688652,-0.459160873907967,-2.7592347059972475,-0.11255187067491844,0.2815021387883181,0.19079901894280568,,,,,,,20.441,
1763047788.164848,567,107;108;110;200;201;202,63.235;64.226;48.232;94.422;91.567;67.565,-0.1722044724269116,-0.45267042151280135,-2.75154807576403,-0.10639722211024008,0.28498733039558316,0.18469327007845499,,,,,,,19.661,
1763047788.296515,568,107;108;110;200;201;202,66.023;64.374;49.733;93.709;88.907;66.893,-0.14912822866421585,-0.4513887854367843,-2.745894292193465,-0.1014335722612106,0.2894796864809194,0.17977722176125874,,,,,,,19.333,
1763047788.430637,569,107;108;110;200;201;202,65.058;64.272;45.278;101.043;89.160;62.586,-0.13132422778165911,-0.4565703227647139,-2.748204639460172,-0.09906775372605654,0.2896593005094502,0.17754598811123753,,,,,,,19.309,
1763047788.560969,570,107;108;110;200;201;202,65.515;64.516;43.617;99.682;88.740;66.866,-0.11499418446118832,-0.45754449781855505,-2.751026498743526,-0.09682329217282044,0.2888513838282126,0.17676191501551666,,,,,,,19.161,
1763047788.697043,571,107;108;110;200;201;202,63.701;67.271;49.632;94.879;89.595;69.869,-0.10435439950866528,-0.4552861106801169,-2.748698615486562,-0.0948736988398594,0.29093984390609656,0.17518528857187063,,,,,,,18.985,
1763047788.826877,572,107;108;110;200;201;202,65.795;63.987;48.118;99.452;86.391;63.876,-0.10077476960371763,-0.45885880391242195,-2.7491711433572044,-0.09302547917749704,0.29143513432725987,0.17316547521920145,,,,,,,19.091,
1763047788.960399,573,107;108;110;200;201;202,64.260;63.629;49.976;100.932;90.425;59.938,-0.1022145544463842,-0.46039626161725405,-2.745981465195526,-0.09274306172172106,0.29292773541216505,0.17158965623325506,,,,,,,19.180,
1763047789.153682,574,107;108;110;200;201;202,61.815;65.955;50.301;97.012;89.655;60.110,-0.10283355629441614,-0.46148469547855653,-2.745068698934186,-0.09366679386601422,0.2951423592695275,0.17031835695290581,,,,,,,19.233,
1763047789.288552,575,107;108;110;200;201;202,65.826;62.596;46.167;93.952;89.045;60.155,-0.10517216136078343,-0.45975045874243287,-2.742581719363836,-0.09388012546988979,0.29690082313826593,0.170070021347049,,,,,,,19.199,
1763047789.416845,576,107;108;110;200;201;202,61.998;68.966;48.084;96.823;89.837;61.540,-0.10138905631587278,-0.46324276697867095,-2.7468456722324297,-0.09527881348069192,0.2975989747734537,0.16970368837570862,,,,,,,19.280,
1763047789.549024,577,107;108;110;200;201;202,63.473;65.590;46.891;95.284;92.121;61.043,-0.10065944692960602,-0.45981751896743617,-2.7454212398338664,-0.09637107869267957,0.29807124762680465,0.1703053971358698,,,,,,,19.147,
1763047789.683197,578,107;108;110;200;201;202,63.636;61.507;47.865;95.330;88.883;62.615,-0.09862204150601636,-0.45587891510565187,-2.7418921172093795,-0.09472099743036291,0.29684957497471703,0.17011127791340797,,,,,,,18.993,
1763047789.814256,579,107;108;110;200;201;202,64.695;65.103;46.098;95.774;87.859;64.252,-0.0955534306096975,-0.45806284613211695,-2.7445070799174043,-0.09425978208707264,0.29611556716985943,0.17033249952702054,,,,,,,19.040,
1763047789.946398,580,107;108;110;200;201;202,62.860;63.529;45.711;94.785;91.161;63.532,-0.09343402701742344,-0.45349442013488916,-2.7426908542625514,-0.09456842333481359,0.29568521918412843,0.17136651744751838,,,,,,,18.852,
1763047790.079138,581,107;108;110;200;201;202,64.513;63.909;42.917;100.224;87.700;64.119,-0.08929064099040222,-0.45633718366791465,-2.747722270654244,-0.09388954912291722,0.29305476558601984,0.17253312138946789,,,,,,,18.906,
1763047790.211635,582,107;108;110;200;201;202,63.409;64.518;44.110;97.887;90.876;62.670,-0.08790063807574393,-0.454829399637454,-2.7479605243398413,-0.09461001257743436,0.2923421409968155,0.1730070458717906,,,,,,,18.834,
1763047790.340896,583,107;108;110;200;201;202,63.380;63.682;45.200;97.570;89.198;63.096,-0.08718627560679774,-0.4552464176083366,-2.7475011154178235,-0.09448683673373305,0.2917230887095951,0.17286712756366196,,,,,,,18.848,
1763047790.472881,584,107;108;110;200;201;202,65.900;62.871;48.069;95.890;88.041;59.811,-0.09327788418526849,-0.4572490362037958,-2.7453331511279053,-0.09395233673138474,0.2939316598449719,0.17103886796074155,,,,,,,18.985,
1763047790.606658,585,107;108;110;200;201;202,67.024;62.075;43.474;93.454;86.069;64.671,-0.0925106214905425,-0.4569645043224934,-2.744992699537287,-0.09310718221054841,0.29426998397970816,0.17139722466337315,,,,,,,18.970,
1763047790.737472,586,107;108;110;200;201;202,63.560;63.467;45.788;98.066;85.917;61.604,-0.09145073681973236,-0.46067755259175175,-2.7472855487264165,-0.09283385826805315,0.2933757913846724,0.1710210121284632,,,,,,,19.096,
1763047790.904348,587,107;108;110;200;201;202,65.518;65.626;43.158;100.452;90.418;65.218,-0.08609363257778216,-0.46048772614348815,-2.7502561376091754,-0.09344372452634943,0.2919062707322393,0.17226638218384677,,,,,,,19.032,
1763047791.036450,588,107;108;110;200;201;202,63.007;67.010;44.634;96.559;87.122;64.917,-0.08343470533652898,-0.46387355089894006,-2.753604024555556,-0.09402373293321148,0.29209568345971065,0.17252101627842376,,,,,,,19.130,
1763047791.168235,589,107;108;110;200;201;202,61.604;66.376;47.202;100.284;87.763;63.372,-0.08284932789543324,-0.4661918747781034,-2.7557222538099753,-0.09383506911942338,0.2918425458137127,0.17217685541911204,,,,,,,19.206,
1763047791.298033,590,107;108;110;200;201;202,62.564;65.796;48.457;100.946;88.677;64.388,-0.08339743867858458,-0.46691611156974083,-2.755554733594755,-0.09338143027598376,0.2911944140484997,0.17165647882997528,,,,,,,19.239,
1763047791.434677,591,107;108;110;200;201;202,61.501;66.278;47.650;97.398;91.548;55.016,-0.09190398671124983,-0.4690002626132028,-2.7537647384052124,-0.09623941823593209,0.29440652094639314,0.17034170843122132,,,,,,,19.393,
1763047791.562156,592,107;108;110;200;201;202,64.431;63.615;43.398;91.462;90.346;64.128,-0.23915038542370676,-0.4622765007611716,-2.733385574855733,-0.10844461432257231,0.2952299917863646,0.17666859481651365,,,,,,,21.211,
1763047791.695751,593,107;108;110;200;201;202,66.325;61.718;48.021;98.696;89.273;62.401,-0.33786072358408714,-0.46265115597766626,-2.7147642803230463,-0.11395616169735459,0.2949930290530776,0.1817182824930399,,,,,,,23.426,
1763047791.828485,594,107;108;110;200;201;202,63.968;66.979;47.587;100.791;90.593;57.589,-0.2681284033143868,-0.46727900935963274,-2.7286769175128716,-0.10981340450414148,0.295966281692909,0.17669624763607725,,,,,,,21.971,
1763047791.959689,595,107;108;110;200;201;202,64.550;60.825;41.761;92.102;86.706;59.279,-0.2168219653845499,-0.4632717891482586,-2.7332814001250005,-0.10577243030235478,0.2959423142514814,0.174790442926675,,,,,,,20.851,
1763047792.089702,596,107;108;110;200;201;202,65.429;65.085;50.917;96.133;90.201;61.336,-0.18393109847009023,-0.46377357610378495,-2.73323866045557,-0.10238493697267556,0.29811584055703444,0.17165773603927165,,,,,,,20.345,
1763047792.231887,597,107;108;110;200;201;202,62.902;62.846;47.279;97.862;87.720;57.870,-0.1595068162150851,-0.4652441103014961,-2.737014093391575,-0.10005797382716533,0.2975461105720913,0.1703272430129601,,,,,,,20.040,
1763047792.360495,598,107;108;110;200;201;202,66.915;62.468;46.747;84.483;88.165;64.067,-0.14404638475085313,-0.4567872764908484,-2.7320450255616375,-0.09806350538215752,0.3013950031256669,0.1695217460212126,,,,,,,19.548,
1763047792.497027,599,107;108;110;200;201;202,64.170;66.080;42.442;95.168;87.788;64.989,-0.12424975133953944,-0.45879764536835177,-2.739985404914977,-0.0975153101420829,0.2985132769060674,0.17101135870151676,,,,,,,19.361,
1763047792.640963,600,107;108;110;200;201;202,62.682;63.211;45.737;93.766;88.524;62.655,-0.1147113557751412,-0.45697161755145244,-2.740938224582515,-0.0963122134739391,0.29792232144982345,0.17126101712644282,,,,,,,19.188,
1763047792.817710,601,107;108;110;200;201;202,64.147;62.749;47.177;90.443;89.121;65.722,-0.1075165248610491,-0.45047550025921346,-2.7365022939438033,-0.09492188732723668,0.2984010076761972,0.17106946389690794,,,,,,,18.887,
1763047793.011936,602,107;108;110;200;201;202,67.298;64.803;46.017;95.733;86.858;62.023,-0.10564263387125453,-0.45686720780911494,-2.739879113395217,-0.09454667390555488,0.29863485572497467,0.16987988456627995,,,,,,,19.104,
1763047793.297876,603,107;108;110;200;201;202,62.822;65.321;42.080;98.332;88.848;58.261,-0.10079984769298034,-0.46110452244987993,-2.7462966303648284,-0.09634096405831069,0.2966895236420026,0.17091685168098666,,,,,,,19.194,
1763047793.461788,604,107;108;110;200;201;202,63.888;61.727;44.282;99.910;86.562;61.083,-0.09786454852346645,-0.46314620701861836,-2.74785702250013,-0.09485009865044042,0.29388474031334,0.1714600984602661,,,,,,,19.242,
1763047793.608570,605,107;108;110;200;201;202,64.694;63.929;46.945;97.857;93.914;66.452,-0.09436319406753477,-0.45532329392559595,-2.743083809474539,-0.09431439237689047,0.2933020303644541,0.17227117259379252,,,,,,,18.930,
1763047793.739837,606,107;108;110;200;201;202,65.722;63.783;48.298;96.986;88.889;60.309,-0.09806436663212255,-0.4588073678084116,-2.741794617581711,-0.09410480606336777,0.2953498758213787,0.17100429692862434,,,,,,,19.104,
1763047793.875859,607,107;108;110;200;201;202,66.196;67.790;40.825;98.770;93.486;62.211,-0.09313244240917931,-0.4585478818091803,-2.747268635421588,-0.0965398034810483,0.29439072401059324,0.17241620011810208,,,,,,,19.025,
1763047794.005697,608,107;108;110;200;201;202,63.649;63.225;45.645;93.218;91.902;62.883,-0.09416423223135094,-0.4517274933030468,-2.7432599211441016,-0.09639556982706819,0.2952404631004873,0.17280815780817377,,,,,,,18.785,
1763047794.137097,609,107;108;110;200;201;202,64.236;64.015;43.676;96.035;86.763;67.520,-0.08767527141091455,-0.45205070648801504,-2.746195894267938,-0.09456762215297607,0.29298615656856153,0.17318305138944595,,,,,,,18.732,
1763047794.271338,610,107;108;110;200;201;202,64.997;65.079;43.613;97.507;87.417;66.485,-0.08504397232665989,-0.45582140447294145,-2.7496570191218206,-0.09387511034942465,0.29212567475046725,0.17372223623922498,,,,,,,18.844,
1763047794.401918,611,107;108;110;200;201;202,65.994;66.817;50.746;96.760;88.556;62.565,-0.0899735608152942,-0.46046330607324776,-2.7476378692529977,-0.09372083860829611,0.2953346989090993,0.171108402156258,,,,,,,19.074,
1763047794.531941,612,107;108;110;200;201;202,65.374;66.463;48.060;94.080;91.917;56.074,-0.09901455018097947,-0.461788345617549,-2.7448278114340443,-0.09631740309451693,0.29950879304199873,0.1695913826210894,,,,,,,19.214,
1763047794.668289,613,107;108;110;200;201;202,64.152;65.291;52.829;98.325;87.987;64.041,-0.09947484923603592,-0.4623855590110161,-2.743005864658053,-0.09409154061037599,0.29911263527310206,0.16836473530035848,,,,,,,19.250,
1763047794.798217,614,107;108;110;200;201;202,66.523;65.757;42.925;97.048;87.657;65.717,-0.09380038264696318,-0.4631762499656276,-2.7476643936889413,-0.0939439058285491,0.29689869090526505,0.17006270994967995,,,,,,,19.211,
1763047794.929437,615,107;108;110;200;201;202,67.831;67.506;39.681;98.371;93.546;60.862,-0.09318149004364965,-0.46218388953866707,-2.750715153909053,-0.09691031033281393,0.29644620966154694,0.17197847108476919,,,,,,,19.151,
1763047795.064953,616,107;108;110;200;201;202,65.505;67.012;44.085;96.838;87.538;62.036,-0.09158369104482633,-0.4661554373815008,-2.75353016219515,-0.09692064188080195,0.2963517975309954,0.17139489295223892,,,,,,,19.280,
1763047795.197075,617,107;108;200;201;202,64.482;64.577;99.762;88.479;59.678,-0.059858442125410166,-0.4661061069994814,-2.784906835761095,-0.10533993034597369,0.28094569471310943,0.18602721881176035,,,,,,,18.913,
1763047795.324525,618,107;108;110;200;201;202,64.086;63.712;48.595;98.403;84.172;60.986,-0.07069854691704633,-0.47008955820600307,-2.7755622296228957,-0.1005426821400927,0.2850424523210335,0.17998360433916058,,,,,,,19.178,
1763047795.461589,619,107;108;110;200;201;202,63.506;66.777;44.970;92.423;90.163;60.398,-0.07896435962897905,-0.46714543933011454,-2.767073985491426,-0.10050462747872015,0.2905884304588414,0.17729286843672487,,,,,,,19.158,
1763047795.586962,620,107;108;110;200;201,65.271;64.857;47.765;95.200;90.975,-0.14420112597348617,-0.5046782157058122,-2.759297464101299,-0.11500421516792354,0.31383532678236875,0.16249540960523526,,,,,,,21.239,
1763047795.721586,621,107;108;110;200;201;202,66.926;63.289;48.555;98.425;85.854;63.710,-0.1292082248756746,-0.49356434012350786,-2.755476065649835,-0.10695323681282438,0.3077111163951661,0.16343294012658352,,,,,,,20.675,
1763047795.855756,622,107;108;110;200;201;202,66.793;63.311;46.020;95.078;91.051;59.828,-0.12247568026971425,-0.4813661835285019,-2.749519173022319,-0.10382765543689482,0.30572671671253615,0.16525612540533988,,,,,,,20.168,
1763047795.985019,623,107;108;110;200;201;202,63.936;63.737;46.668;95.205;92.998;63.636,-0.11424439162583606,-0.46820808356661037,-2.7445669063296725,-0.1012439493271954,0.30269425351629775,0.16764565737909815,,,,,,,19.603,
1763047796.117543,624,107;108;110;200;201;202,64.807;67.939;45.202;94.426;82.297;62.065,-0.2522464700924724,-0.4780566645146266,-2.736152169639627,-0.11131811771677914,0.30151469107211587,0.17289101142516033,,,,,,,21.999,
1763047796.252453,625,107;108;110;200;201;202,63.065;62.865;49.583;92.482;87.019;52.892,-0.2146131066112598,-0.4763012205460084,-2.736539242868846,-0.10751829143331225,0.3037508062224375,0.1688589888805245,,,,,,,21.271,
1763047796.383402,626,107;108;110;200;201;202,66.571;64.526;46.939;92.763;92.103;66.441,-0.17758651336066006,-0.464864792991269,-2.7354033461833787,-0.1032017937035155,0.30251269960541954,0.16946640538271293,,,,,,,20.282,
1763047796.513650,627,107;108;110;200;201;202,61.496;61.277;52.258;96.090;90.377;63.680,-0.15343994350531637,-0.45754914785550305,-2.7314294842774363,-0.09890071619637444,0.2999336580676754,0.1691969603138532,,,,,,,19.698,
1763047796.643863,628,107;108;110;200;201;202,64.665;65.498;47.449;102.061;92.384;64.977,-0.13402138520184775,-0.456300298150466,-2.7361640809541776,-0.09719675627082149,0.29680676600580697,0.170608023796242,,,,,,,19.391,
1763047796.777791,629,107;108;110;200;201;202,68.863;67.090;41.931;93.223;87.841;63.914,-0.12093901758164936,-0.4605419759383309,-2.7426148141716116,-0.09738504313599312,0.29794413513293744,0.17111096348346028,,,,,,,19.381,
1763047796.910899,630,107;108;110;200;201;202,64.330;67.505;44.192;102.022;88.483;55.660,-0.11490698721159517,-0.4712159413961628,-2.750569308151925,-0.09854972404252275,0.2972731626885183,0.17035138901482244,,,,,,,19.695,
1763047797.041330,631,107;108;110;200;201;202,67.164;66.712;48.321;96.541;90.896;65.853,-0.10799986284278171,-0.46648091887543514,-2.7478839754852875,-0.09705552946036458,0.297657549248374,0.16991794062264917,,,,,,,19.460,
1763047797.171408,632,107;108;110;200;201;202,64.692;65.123;45.824;97.205;82.623;61.782,-0.10295360556988925,-0.47324390581879483,-2.752691679186726,-0.09530164651988624,0.29682864628718053,0.16937966892564327,,,,,,,19.655,
1763047797.306131,633,107;108;110;200;201;202,62.596;64.558;51.279;99.711;87.259;61.901,-0.10141594446473282,-0.4723577388349426,-2.7504498126294203,-0.0939408658658164,0.29635287489518,0.16846756745397617,,,,,,,19.619,
1763047797.437896,634,107;108;110;200;201;202,66.548;65.280;46.667;100.880;91.602;63.528,-0.09978468695726016,-0.4681795214915383,-2.748678079302973,-0.09391428278990602,0.2954615721696227,0.16933671588696306,,,,,,,19.451,
1763047797.569007,635,107;108;200;201;202,62.590;64.803;101.108;89.662;63.168,-0.060681260074188684,-0.46363955946883006,-2.7815563082672057,-0.10232153998242609,0.27807230520621495,0.18513777323663685,,,,,,,18.837,
1763047797.701793,636,107;108;110;200;201;202,66.892;66.837;44.443;96.077;86.126;61.647,-0.07045009854277476,-0.4690920541727091,-2.77490411282866,-0.10029149702891323,0.284500352074493,0.18035029169493805,,,,,,,19.141,
1763047797.832370,637,107;108;110;200;201;202,65.419;64.864;43.406;94.178;92.924;58.315,-0.07976254473983094,-0.4642701038494713,-2.7641989240829226,-0.10072609847156218,0.28949735380837827,0.17771758746956487,,,,,,,19.065,
1763047797.981433,638,107;108;110;200;201;202,64.675;65.349;48.991;94.826;91.322;59.707,-0.08776433603457419,-0.46219773907299083,-2.754989509838599,-0.09948151307377565,0.2936172027966788,0.17438147172756166,,,,,,,19.088,
1763047798.128654,639,107;108;110;200;201;202,65.879;62.882;50.078;98.382;88.759;61.909,-0.0925022134258389,-0.4623456849508001,-2.749197694920494,-0.09672541792892718,0.29478627078383385,0.17197499481434741,,,,,,,19.160,
1763047798.264275,640,107;108;110;200;201;202,64.808;64.894;49.380;94.723;91.746;61.542,-0.09580782527853687,-0.45876470392276825,-2.743140120868994,-0.09630924110309182,0.29719400258025275,0.1707094142615933,,,,,,,19.077,
1763047798.394547,641,107;108;110;200;201;202,62.026;67.324;45.832;98.524;85.872;63.605,-0.089993236727852,-0.46502392822281186,-2.7509551811018937,-0.09547901077429805,0.29548219287040645,0.17081701070107075,,,,,,,19.237,
1763047798.528748,642,107;108;110;200;201;202,67.070;65.839;48.236;98.135;86.394;62.517,-0.23417665819304895,-0.4713124113590814,-2.736239947882381,-0.10589441741020869,0.29615977714232117,0.1740159282259285,,,,,,,21.428,
1763047798.656818,643,107;108;110;200;201;202,63.418;63.698;48.811;93.630;88.287;61.823,-0.19406984969010008,-0.4665696424348131,-2.73723509315183,-0.1021574918569846,0.29729952407192123,0.17161556928882107,,,,,,,20.581,
1763047798.790306,644,107;108;110;200;201;202,65.829;68.483;47.714;99.786;86.596;58.457,-0.16713717798201197,-0.4742516774572771,-2.745649101378859,-0.10087770000084363,0.2982796789582776,0.1694361731303707,,,,,,,20.435,
1763047798.921343,645,107;108;110;200;201;202,66.053;65.492;44.970;93.595;91.650;60.084,-0.14777837008650818,-0.4684644899777852,-2.7435427749861607,-0.10064270944860526,0.2998751927089519,0.16958667162336727,,,,,,,19.981,
1763047799.051372,646,107;108;110;200;201,66.541;67.147;45.836;100.138;89.303,-0.18951857318265652,-0.5129847367719812,-2.749048383923434,-0.11587576773611481,0.317637670787594,0.15763459388272952,,,,,,,22.176,
1763047799.184310,647,107;108;110;200;201;202,62.338;66.921;45.745;93.674;90.521;58.603,-0.16185566134928994,-0.49764654247531126,-2.7501557055473964,-0.11174520211000433,0.31303747766212536,0.1610114350127737,,,,,,,21.229,
1763047799.318992,648,107;108;110;200;201;202,66.799;64.401;40.909;95.457;92.900;61.150,-0.14152706984701635,-0.4835299263946967,-2.748971282168555,-0.1083645570936487,0.30824737182657136,0.1654159945717076,,,,,,,20.456,
1763047799.450960,649,107;108;110;200;201;202,65.242;65.676;50.693;97.264;85.633;67.229,-0.12685501022260837,-0.4792476932425338,-2.748763583794936,-0.10213459199167992,0.30434303825467923,0.16576452206307812,,,,,,,20.134,
1763047799.582201,650,107;108;110;200;201;202,63.912;66.118;48.541;97.518;86.211;61.213,-0.11736183143219434,-0.4789221031545179,-2.7502255338234955,-0.09953602641518644,0.3025082965116571,0.16608541194842838,,,,,,,20.020,
1763047799.712934,651,107;108;110;200;201;202,63.144;67.206;50.767;94.044;94.251;61.591,-0.11496574679643443,-0.46905366958320016,-2.745116129408706,-0.09928947830556735,0.3032134489498208,0.1666388771367331,,,,,,,19.640,
1763047799.844758,652,107;108;200;201;202,64.978;64.859;97.388;86.872;58.937,-0.07661186018722083,-0.4691076195492373,-2.779885085425869,-0.10667648405907247,0.2868993137867143,0.18219127715375577,,,,,,,19.154,
1763047799.979608,653,107;108;110;200;201;202,64.512;62.820;48.554;93.245;93.256;58.195,-0.08890110006415178,-0.4622660615640775,-2.7631388402965396,-0.10384317123677062,0.2924285668854261,0.17853710052486557,,,,,,,19.057,
1763047800.120501,654,107;108;110;200;201;202,63.834;64.564;46.006;101.432;90.639;64.882,-0.08665786653399778,-0.46056824507469174,-2.75955840213698,-0.10050113188049878,0.2907737190957209,0.17717998993993225,,,,,,,18.992,
1763047800.281262,655,107;108;110;200;201;202,64.269;62.257;49.983;96.885;94.411;64.945,-0.09049432190335613,-0.4512801419864847,-2.7474186619359124,-0.09767764724910516,0.2919330264062637,0.17551550793271192,,,,,,,18.717,
1763047800.407200,656,107;108;110;200;201;202,66.853;64.644;52.217;96.101;90.391;63.386,-0.09669285031694522,-0.4524087422856298,-2.7415268517230125,-0.09552165669242296,0.29556198736856093,0.17260504196440438,,,,,,,18.842,
1763047800.538747,657,107;108;110;200;201;202,63.956;65.383;51.367;100.973;89.659;70.351,-0.09052293903659729,-0.4525432723783074,-2.7426256555040016,-0.09271535680377867,0.2936243902235677,0.17208081435279274,,,,,,,18.791,
1763047800.671901,658,107;108;110;200;201;202,64.660;64.289;48.775;104.194;88.947;58.338,-0.09374437572349507,-0.4603700695799112,-2.7458459773840405,-0.09304128298778501,0.2933557117746847,0.17080306182304408,,,,,,,19.109,
1763047800.802367,659,107;108;110;200;201,64.705;66.173;48.722;99.450;89.784,-0.1537303245018941,-0.5062699632632602,-2.749253763377295,-0.10997358071515637,0.3135481088597933,0.15758053031014582,,,,,,,21.466,
1763047800.933694,660,107;108;110;200;201;202,66.771;64.426;48.570;97.255;89.824;62.472,-0.13861716176697877,-0.49274241932796786,-2.745911927429419,-0.10492939676088522,0.30923744174296575,0.16048740055900532,,,,,,,20.796,
1763047801.066016,661,107;108;110;200;201;202,64.863;68.205;48.220;94.087;86.210;62.918,-0.12622755367298,-0.4876048433542495,-2.7483904283755236,-0.1019549440713506,0.30729320398947757,0.1620783620445902,,,,,,,20.454,
1763047801.202004,662,107;108;200;201;202,65.950;64.729;95.379;86.891;61.050,-0.08517312558120069,-0.48070746736202025,-2.7805360781093382,-0.10809564338600508,0.29039948816821914,0.1790499928313021,,,,,,,19.662,
1763047801.331816,663,107;108;110;200;201;202,67.749;67.949;44.524;96.267;84.878;61.066,-0.0878203560259779,-0.48351941587968417,-2.7764163913716566,-0.10470232262991372,0.29341103291550324,0.17555302156789201,,,,,,,19.813,
1763047801.463179,664,107;108;110;200;201;202,63.686;65.400;40.804;95.711;90.913;57.925,-0.08946284384753388,-0.4772050558395024,-2.769858114834194,-0.10432685026736818,0.29425008100046235,0.17540648881402052,,,,,,,19.612,
1763047801.595016,665,107;108;110;200;201;202,64.579;66.529;45.476;92.308;84.128;63.626,-0.09034718799075268,-0.4768239762926229,-2.7668455306825646,-0.10132903715878902,0.2958047317325347,0.17340544310450773,,,,,,,19.620,
1763047801.724148,666,107;108;110;200;201;202,66.690;65.520;48.542;94.974;88.334;64.305,-0.09241479996235606,-0.47347883669363866,-2.759298228437649,-0.09870976885177073,0.29731695758915977,0.17164174965966378,,,,,,,19.544,
1763047801.861709,667,107;108;110;200;201;202,65.789;67.948;44.111;95.585;90.004;63.368,-0.09161903412275024,-0.472034500523965,-2.758229111135758,-0.09892366471718583,0.29773748308544995,0.17195746922177152,,,,,,,19.487,
1763047801.995975,668,107;108;110;200;201;202,66.617;66.494;47.221;99.363;88.674;61.588,-0.09373178749104989,-0.47322350011606273,-2.7567032015127078,-0.09784364149801635,0.29743448605230854,0.1709239358714274,,,,,,,19.558,
1763047802.125488,669,107;108;110;200;201;202,67.124;68.225;51.162;96.549;87.119;57.428,-0.10213487839825844,-0.4792454940161957,-2.7546837680997553,-0.09764591265378306,0.30077962391398966,0.1677983797313649,,,,,,,19.873,
1763047802.263258,670,107;108;200;201;202,68.675;66.842;92.413;89.288;64.689,-0.06874090981469377,-0.4711353046849756,-2.7822857650087682,-0.10563292874247886,0.2878472212082461,0.1828464925039841,,,,,,,19.173,
1763047802.393691,671,107;108;110;200;201;202,66.490;65.680;48.779;102.569;89.338;62.651,-0.07712102946714042,-0.4724404585795398,-2.7727718346540104,-0.10155386576859012,0.2895858321283675,0.17859699497426332,,,,,,,19.325,
1763047802.554058,672,107;108;110;200;201;202,67.646;66.468;44.117;100.958;94.418;66.231,-0.07897976982358579,-0.4654710333429201,-2.764315765333395,-0.09984869044039207,0.2899535754911789,0.17783910352370694,,,,,,,19.107,
1763047802.688968,673,107;108;110;200;201;202,67.335;67.894;45.568;92.469;91.038;62.965,-0.08512886988478045,-0.46343271676825865,-2.75798418036374,-0.09958069687571795,0.2944205571975129,0.17557699765593568,,,,,,,19.102,
1763047802.821186,674,107;108;110;200;201;202,65.379;64.584;43.386;92.129;91.140;67.720,-0.08404478084039549,-0.454828099488212,-2.752009919376847,-0.09806503450074872,0.29445617223174525,0.17588483647877526,,,,,,,18.785,
1763047802.951991,675,107;108;110;200;201;202,64.569;65.365;43.471;98.810;89.954;62.333,-0.08401612519293342,-0.45754845754078266,-2.752493000894359,-0.09777149801395361,0.2936970555255218,0.1750066701771837,,,,,,,18.890,
1763047803.085325,676,107;108;110;200;201;202,59.027;66.359;50.485;96.024;92.936;61.552,-0.08751252681661492,-0.45431145523018907,-2.748413163358692,-0.09768503967551459,0.2949542518164182,0.1732097402793504,,,,,,,18.809,
1763047803.213839,677,107;108;110;200;201;202,60.985;63.862;48.920;95.727;89.400;57.588,-0.09266351210808481,-0.4572007113019649,-2.7453224438758514,-0.09754213243544707,0.29641109410009975,0.17149119310790037,,,,,,,18.978,
1763047803.343054,678,107;108;110;200;201;202,61.734;64.436;47.068;99.584;90.918;66.002,-0.0888845365094125,-0.4541304434860861,-2.7457439579666194,-0.09586140996069775,0.29362155469040563,0.1721949923468635,,,,,,,18.826,
1763047803.474979,679,107;108;110;200;201;202,63.766;66.864;43.604;99.516;91.294;68.039,-0.08249272911895075,-0.45333608548005494,-2.749797806013705,-0.0954235344351861,0.29138371339610436,0.17379754928283278,,,,,,,18.726,
1763047803.609572,680,107;108;110;200;201;202,64.080;64.809;47.611;100.267;86.045;65.128,-0.08275708454820276,-0.45890057577371274,-2.7515922762668907,-0.09363460235983628,0.29097955969699807,0.17291145222059107,,,,,,,18.939,
1763047803.741992,681,107;108;110;200;201;202,62.575;63.815;48.944;98.816;92.038;61.392,-0.08702359075714032,-0.45646677187180557,-2.7472453104513344,-0.0937652512234505,0.2919364851839393,0.17218625234888235,,,,,,,18.896,
1763047803.874199,682,107;108;110;200;201;202,64.318;62.510;48.296;97.651;93.077;60.475,-0.09203138164282725,-0.45280913599437206,-2.7417680751514086,-0.09405428752066129,0.2935028560646009,0.17169887800838074,,,,,,,18.818,
1763047804.004032,683,107;108;110;200;201;202,63.746;64.746;44.408;101.836;88.475;58.157,-0.09402180280031158,-0.46041459335631996,-2.747470789007182,-0.09504057995430418,0.2925477383020489,0.17156466480596144,,,,,,,19.105,
1763047804.134379,684,107;108;110;200;201;202,66.042;67.077;43.642;101.323;84.897;63.621,-0.09017659820071422,-0.4690766944673881,-2.75478973238399,-0.09458700074636683,0.29148286582278476,0.171441411177756,,,,,,,19.378,
1763047804.267951,685,107;108;110;200;201;202,63.395;64.032;48.219;98.559;93.047;58.264,-0.09482529814327083,-0.464263821893324,-2.749560399435709,-0.09556510172832401,0.2933777743115965,0.17080867141354042,,,,,,,19.252,
1763047804.397617,686,107;108;110;200;201;202,58.753;60.468;51.995;97.549;89.192;62.256,-0.09535368333007785,-0.4588780427266143,-2.7426207422075417,-0.09344160146881801,0.29265835149857466,0.17037941768278936,,,,,,,19.080,
1763047804.532339,687,107;108;110;200;201;202,63.439;64.878;46.260;99.741;87.910;69.297,-0.08728796648167492,-0.45773025804072104,-2.746440176328939,-0.09185493028800853,0.29030361900447943,0.17152375367685394,,,,,,,18.952,
1763047804.663806,688,107;108;110;200;201;202,63.439;64.878;46.260;99.741;87.910;69.297,-0.08728796648167492,-0.45773025804072104,-2.746440176328939,-0.09185493028800853,0.29030361900447943,0.17152375367685394,,,,,,,18.952,
1763047804.795393,689,107;108;110;200;201;202,63.227;65.078;48.462;101.045;92.335;66.378,-0.08615864475829668,-0.45568322276251344,-2.74516358643378,-0.0918965357682961,0.2899988905586043,0.17232862263900392,,,,,,,18.869,
1763047804.929715,690,107;108;110;200;201;202,64.811;66.854;49.798;99.322;93.002;64.431,-0.08795586864580127,-0.4555965517434853,-2.743575239495445,-0.09297271886486273,0.29210910826856834,0.17174520626742537,,,,,,,18.887,
1763047805.060990,691,107;108;110;200;201;202,66.188;65.343;46.902;96.025;91.007;64.161,-0.09066546867196007,-0.454746598836833,-2.742462949688248,-0.09349305668440097,0.2936314184866519,0.17146856048092227,,,,,,,18.880,
1763047805.196008,692,107;108;110;200;201;202,65.919;67.387;51.609;97.317;82.307;60.714,-0.09543099160202956,-0.46790329413435117,-2.7472919951695673,-0.09256912358494158,0.29657706951653645,0.16810465904963232,,,,,,,19.412,
1763047805.326248,693,107;108;110;200;201;202,64.205;65.884;46.491;94.615;91.491;62.283,-0.09613282068428858,-0.4635344147173897,-2.7455985942206818,-0.09409876351912883,0.29772756397122396,0.16920588132216782,,,,,,,19.254,
1763047805.455088,694,107;108;110;200;201;202,63.767;63.945;48.204;101.214;89.991;66.679,-0.09211379384610795,-0.4605165320994064,-2.7451116672135476,-0.09264582809716539,0.29452856718295073,0.17037609057898592,,,,,,,19.106,
1763047805.587578,695,107;108;110;200;201;202,66.751;64.017;50.355;99.062;88.319;69.697,-0.08960262870842825,-0.45859809111152433,-2.7432221533558714,-0.09042450970814418,0.2936418935769865,0.17016568389232126,,,,,,,19.020,
1763047805.724227,696,107;108;110;200;201;202,62.113;64.881;46.656;97.812;89.017;61.173,-0.08967148968373301,-0.4600050269449953,-2.7447748867304202,-0.09206645552501536,0.29344391560753547,0.1703129500262101,,,,,,,19.068,
1763047805.853459,697,107;108;110;200;201;202,63.121;65.816;42.816;99.291;91.065;63.142,-0.0863846076622696,-0.4591891015675807,-2.748059866484994,-0.09391466075001467,0.2919769894399308,0.1721415612331629,,,,,,,18.995,
1763047805.985670,698,107;108;110;200;201;202,63.857;67.919;44.556;93.715;89.063;66.973,-0.08349665544739127,-0.45831151383354035,-2.7505924875031273,-0.09461966596930112,0.2929303165947767,0.17252003287076362,,,,,,,18.926,
1763047806.119167,699,107;108;110;200;201;202,64.773;65.170;51.854;102.847;87.203;62.467,-0.08846610004403269,-0.46422711190188554,-2.751605985434788,-0.09296427050470524,0.29296202343962485,0.17019013733710778,,,,,,,19.191,
1763047806.247714,700,107;108;110;200;201;202,63.546;67.190;48.625;99.270;88.590;56.497,-0.09316752376137916,-0.4710164276060426,-2.752968601573411,-0.09474719492218708,0.2952370893893675,0.16860687411909026,,,,,,,19.487,
1763047806.380799,701,107;108;110;200;201;202,64.506;69.764;49.967;95.357;83.560;56.547,-0.09950134766141214,-0.4823733675178246,-2.7568188917828844,-0.09598031474928365,0.2995083186950231,0.1661218098128212,,,,,,,19.962,
1763047806.515374,702,107;108;110;200;201;202,65.019;67.178;46.727;96.326;88.924;63.409,-0.09677960200011493,-0.4776843524829739,-2.7555628116192143,-0.09588380726305346,0.2992193413282014,0.16719377727928264,,,,,,,19.763,
1763047806.642868,703,107;108;110;200;201;202,63.743;64.731;45.231;97.704;91.966;63.585,-0.0938255517842018,-0.46961037786777343,-2.752830626670832,-0.09602649974913842,0.29692733507776026,0.16927830789018922,,,,,,,19.437,
1763047806.776795,704,107;108;110;200;201;202,64.722;63.566;47.875;100.403;92.189;62.331,-0.09542204585948563,-0.46557772829384564,-2.7489719197942035,-0.09518209740238089,0.29600762592662333,0.16993955246961573,,,,,,,19.312,
1763047806.910176,705,107;108;110;200;201;202,62.476;66.498;48.090;97.324;89.427;59.876,-0.09533573553859748,-0.46641260178051974,-2.7494394319977946,-0.09591065660078366,0.29645448920088874,0.1692720274812407,,,,,,,19.341,
1763047807.041541,706,107;108;110;200;201;202,62.163;63.663;48.874;100.362;89.815;64.826,-0.09272241299213678,-0.46223244798140667,-2.7475411141189685,-0.09420528488461628,0.2939134026079365,0.1698096449322642,,,,,,,19.166,
1763047807.171131,707,107;108;110;200;201;202,66.860;64.022;47.943;98.249;87.282;60.431,-0.09641844181141787,-0.4664545424306968,-2.7474079231219037,-0.0938942940143628,0.295412779310604,0.16905627232928147,,,,,,,19.362,
1763047807.303889,708,107;108;110;200;201;202,64.239;65.572;43.600;97.235;91.545;60.714,-0.09476130129985752,-0.46335819121293886,-2.74849544330003,-0.09553972917071239,0.29532503355576134,0.17029876864505294,,,,,,,19.221,
1763047807.461530,709,107;108;110;200;201;202,65.161;66.950;50.304;95.205;82.967;66.147,-0.09336610457625058,-0.46818342603156937,-2.750700005136107,-0.09344711281544772,0.29651044043688485,0.16860704228609763,,,,,,,19.389,
1763047807.611972,710,107;108;200;201;202,65.902;68.811;99.596;91.909;64.983,-0.059580156823542424,-0.4655356675339438,-2.7825408622808494,-0.1031838227829106,0.2815267841142775,0.1843683951059784,,,,,,,18.902,
1763047807.764532,711,107;108;110;200;201;202,66.878;63.740;45.559;91.916;90.435;68.807,-0.06680862867143521,-0.45617067495386227,-2.767166546496124,-0.09943640416358303,0.28598038348461613,0.18104886060399306,,,,,,,18.649,
1763047807.903213,712,107;108;110;200;201;202,66.473;69.255;46.754;93.275;92.544;66.412,-0.07372536340900901,-0.4550950781130054,-2.759647408369526,-0.09909016067559552,0.29105818513813747,0.1779867462601527,,,,,,,18.687,
1763047808.029623,713,107;108;110;200;201;202,65.725;64.684;47.145;98.621;92.502;59.756,-0.08216665528152446,-0.456277508352469,-2.753549255997386,-0.09853018021543926,0.29357875846412906,0.1755730202329621,,,,,,,18.821,
1763047808.161503,714,107;108;110;200;201;202,64.075;61.517;50.422;99.487;85.478;63.518,-0.08567076591490017,-0.45864810168360554,-2.7500545108813315,-0.09469631927611076,0.29293068963749125,0.17301941295798046,,,,,,,18.958,
1763047808.297914,715,107;108;110;200;201;202,63.321;64.289;45.180;101.446;88.336;61.347,-0.08646851262318951,-0.4619141212053861,-2.7523972231347513,-0.09456158472394094,0.29145123057925865,0.172703799577727,,,,,,,19.081,
1763047808.425333,716,107;108;110;200;201;202,64.729;65.971;49.227;95.653;92.175;58.251,-0.0932749968874317,-0.46173215497242776,-2.7471512384655017,-0.09582451151042597,0.29538755152792917,0.17070715115381918,,,,,,,19.152,
1763047808.560441,717,107;108;110;200;201;202,66.705;66.728;46.778;97.030;89.333;66.597,-0.23949065330268657,-0.4639835985373765,-2.7321379423736425,-0.10714965296150063,0.2952863735718508,0.17594937976049765,,,,,,,21.285,
1763047808.688769,718,107;108;110;200;201;202,64.555;69.468;48.744;95.661;90.706;57.820,-0.20065794647361215,-0.4682077331211256,-2.7384389983704787,-0.10575045547785517,0.29915722175630205,0.1724984532747276,,,,,,,20.738,
1763047808.821501,719,107;108;110;200;201;202,65.252;64.948;47.624;94.642;87.691;59.048,-0.1729909954478175,-0.4685848353380311,-2.740236729263697,-0.10282903349812275,0.3001921938025837,0.17027254464235195,,,,,,,20.331,
1763047808.952949,720,107;108;110;200;201;202,65.515;63.874;46.934;97.793;93.000;66.473,-0.1474474667436421,-0.46052620073620537,-2.738485974716488,-0.09980247725821419,0.2978321655151683,0.17088764533334141,,,,,,,19.700,
1763047809.083725,721,107;108;110;200;201;202,62.844;63.208;44.295;101.740;83.332;57.627,-0.13055598062471596,-0.4697239042023377,-2.747820945598015,-0.09757589189320748,0.2952726710559592,0.1704162548566089,,,,,,,19.810,
1763047809.221184,722,107;108;110;200;201;202,64.337;62.861;43.304;93.890;90.503;60.599,-0.12002834474914294,-0.46256084673249453,-2.745218509850769,-0.09749509372258124,0.2957964702823013,0.1713428082398038,,,,,,,19.436,
1763047809.350190,723,107;108;110;200;201;202,65.004;62.002;47.063;96.404;92.420;59.005,-0.11545081367184797,-0.4575564304401713,-2.740216100446558,-0.09691236039171497,0.2966901864457116,0.17094320327860377,,,,,,,19.222,
1763047809.482376,724,107;108;110;200;201;202,67.019;67.201;41.963;96.378;87.027;59.591,-0.10935462375826241,-0.46458571024409495,-2.747527686377709,-0.09771189776133692,0.29733833787156455,0.17097468453878378,,,,,,,19.400,
1763047809.614194,725,107;108;110;200;201;202,67.019;67.201;41.963;96.378;87.027;59.591,-0.10935462375826241,-0.46458571024409495,-2.747527686377709,-0.09771189776133692,0.29733833787156455,0.17097468453878378,,,,,,,19.400,
1763047809.750025,726,107;108;110;200;201;202,61.058;64.143;49.101;98.963;84.885;55.488,-0.1078960050398137,-0.4720069963319862,-2.749479405821818,-0.09701601913947663,0.29732193717990335,0.16898995093285138,,,,,,,19.667,
1763047809.875605,727,107;108;110;200;201;202,62.873;63.966;42.864;102.243;87.546;60.649,-0.09935537859521643,-0.47373109184440715,-2.754331270586187,-0.09646917145409947,0.29357400313790666,0.17031770237662328,,,,,,,19.636,
1763047810.005513,728,107;108;110;200;201;202,65.677;66.221;51.010;93.936;92.104;63.946,-0.10087765384285315,-0.4655181975143858,-2.747552421475359,-0.09566242816935362,0.2967336102407811,0.1694620134839191,,,,,,,19.362,
1763047810.143677,729,107;108;110;200;201;202,63.217;67.016;43.266;96.563;91.456;64.508,-0.09436107085509597,-0.46204353316892255,-2.750211987064877,-0.0967611683640487,0.2953003105419507,0.17119835052020377,,,,,,,19.158,
1763047810.272224,730,107;108;110;200;201;202,66.069;64.344;47.459;102.095;86.325;62.171,-0.09505156205681288,-0.46722254302649685,-2.7522126187587803,-0.09491157949446809,0.294115134841771,0.17046097978321587,,,,,,,19.356,
1763047810.403588,731,107;108;110;200;201;202,66.668;66.978;45.381;97.167;85.351;63.310,-0.09361301375817357,-0.471181161967787,-2.755010692743845,-0.09458088618222102,0.2946930284222581,0.16971564988454055,,,,,,,19.486,
1763047810.542174,732,107;108;110;200;201;202,64.356;65.746;51.285;98.371;91.824;60.045,-0.09723313796694391,-0.46784925326965976,-2.749702872448224,-0.09461187191206619,0.29685694885884856,0.16854808476646077,,,,,,,19.412,
1763047810.669073,733,107;108;110;200;201;202,65.165;64.971;50.645;97.756;86.700;62.634,-0.09799238375492009,-0.4681253565816677,-2.748347039089933,-0.093296654253077,0.29721495465854064,0.16761117124452365,,,,,,,19.436,
1763047810.799849,734,107;108;110;200;201;202,65.552;66.130;47.592;93.363;93.959;60.482,-0.10065390286151511,-0.4623761274474039,-2.7434775790119703,-0.09541158841899466,0.2997887953168344,0.16809874815210965,,,,,,,19.258,
1763047810.936198,735,107;108;110;200;201;202,65.185;62.517;47.816;95.587;85.829;65.153,-0.09726504961778074,-0.461011631614195,-2.7429424654269856,-0.09311408671060455,0.2979336819288795,0.16821083024335312,,,,,,,19.178,
1763047811.066552,736,107;108;110;200;201;202,64.663;66.688;47.794;98.387;87.176;62.672,-0.09556276955312125,-0.46487223199129535,-2.7465284931353464,-0.09326231455113791,0.2975247508628772,0.16821811998742983,,,,,,,19.298,
1763047811.199010,737,107;108;110;200;201;202,65.003;65.220;45.576;97.001;86.811;61.587,-0.09503154150015668,-0.4676656457873187,-2.749071327450785,-0.09376052336635615,0.2972541131970204,0.16882589909691875,,,,,,,19.390,
1763047811.331846,738,107;108;110;200;201;202,63.461;64.972;46.217;94.832;94.539;65.360,-0.09275988527139634,-0.45776985941098153,-2.743449909825163,-0.09453236367492408,0.29687669605518946,0.1706227094879356,,,,,,,19.011,
1763047811.463179,739,107;108;110;200;201;202,65.120;64.159;45.995;96.536;87.529;66.743,-0.0888330702300949,-0.45742471810118807,-2.7447950715555156,-0.09304467268498814,0.2950324541921238,0.1710464131295777,,,,,,,18.960,
1763047811.593372,740,107;108;110;200;201;202,63.590;68.509;40.922;95.728;92.424;61.367,-0.08738082436973255,-0.45851928635103945,-2.750240908879655,-0.09677107115049283,0.2951671271032575,0.17252013945925704,,,,,,,18.965,
1763047811.729797,741,107;108;110;200;201;202,66.491;67.084;49.464;92.908;86.820;63.775,-0.09146054559419603,-0.4618644767398078,-2.748500558264787,-0.09579585091829615,0.2979033151193229,0.17030641540551483,,,,,,,19.136,
1763047811.857487,742,107;108;110;200;201;202,65.543;66.759;46.375;100.607;87.986;64.283,-0.09077969412407341,-0.4653904664224244,-2.751582140460176,-0.09497137996903722,0.29607961179384906,0.17043633036607142,,,,,,,19.254,
1763047811.989144,743,107;108;110;200;201;202,65.341;68.497;50.071;95.659;89.375;62.171,-0.09405478175638311,-0.4668583755489092,-2.7499040409874667,-0.09542272946101839,0.29868404585649877,0.16880142128550882,,,,,,,19.346,
1763047812.124150,744,107;108;110;200;201;202,64.832;65.663;49.424;94.272;89.620;60.743,-0.09755117822611697,-0.46595596960778907,-2.7458331258035273,-0.09544487616482894,0.30028587006691515,0.1677957160127483,,,,,,,19.360,
1763047812.252406,745,107;108;110;200;201;202,64.389;64.117;52.853;96.817;84.765;58.312,-0.10225386355153614,-0.47061201778726064,-2.744301937015169,-0.09383156998545361,0.30138874377791347,0.16532264565944693,,,,,,,19.590,
1763047812.389552,746,107;108;110;200;201;202,64.813;65.550;47.615;97.152;90.257;59.232,-0.10208161504976448,-0.469328773456404,-2.7438568751669066,-0.0950228400415531,0.3009718225630895,0.165951545569665,,,,,,,19.541,
1763047812.520302,747,107;108;110;200;201;202,67.011;65.994;49.673;89.139;89.173;65.381,-0.10259289382735397,-0.4632202651394364,-2.73884465380757,-0.09434478167574731,0.3033328959404047,0.16599890315486449,,,,,,,19.331,
1763047812.653457,748,107;108;110;200;201;202,65.387;63.686;47.577;94.728;87.441;64.500,-0.09896675338685036,-0.46099519570463177,-2.739325575276094,-0.09332977174929048,0.30141692354493405,0.16699332296631408,,,,,,,19.210,
1763047812.791752,749,107;108;110;200;201;202,66.276;64.487;50.425;92.283;88.214;61.620,-0.10236290676464391,-0.4598807219270165,-2.7370877096116497,-0.09307221218731923,0.30304742077319485,0.16614628681998928,,,,,,,19.207,
1763047812.954226,750,107;108;110;200;201;202,66.396;64.120;51.822;93.403;85.564;59.548,-0.10692553937557699,-0.4637980734487185,-2.736442366411667,-0.09264706094046887,0.3048631893628628,0.1647071572946301,,,,,,,19.405,
1763047813.080845,751,107;108;110;200;201;202,62.560;65.561;50.252;93.969;89.328;64.733,-0.10304932158300036,-0.46144033161989506,-2.736913232004824,-0.09279389479182809,0.30330030254010887,0.16605947973767335,,,,,,,19.275,
1763047813.213661,752,107;108;110;200;201;202,63.192;63.634;49.349;96.459;86.449;63.344,-0.10055317232643854,-0.46178990037372214,-2.738623677949546,-0.09177475944112809,0.30105764060766355,0.16662012803411905,,,,,,,19.259,
1763047813.347238,753,107;108;110;200;201;202,65.602;64.465;49.089;95.737;90.219;58.509,-0.10349163320802039,-0.46215608335004016,-2.7373194922427757,-0.09324823080462488,0.3018949853142929,0.1663940425342915,,,,,,,19.305,
1763047813.473610,754,107;108;110;200;201;202,65.898;66.947;52.624;100.588;85.023;65.258,-0.10099051429445623,-0.469162148790698,-2.7417746766260436,-0.09147955231790886,0.30028076455258135,0.16561183534047258,,,,,,,19.536,
1763047813.605092,755,107;108;110;200;201;202,65.358;67.781;48.321;93.686;89.102;64.306,-0.09910902909815972,-0.46731351815158306,-2.7432123154237806,-0.09263133879480966,0.30103055979562554,0.1664924017316663,,,,,,,19.440,
1763047813.739411,756,107;108;110;200;201;202,64.738;67.329;50.289;95.142;92.635;64.764,-0.0985580870579895,-0.46287045985344455,-2.7407776582272083,-0.0934355290995175,0.301599240700927,0.16737844008204586,,,,,,,19.273,
1763047813.870301,757,107;108;110;200;201;202,62.428;62.853;46.224;94.482;90.201;61.691,-0.0978071136068966,-0.4586091623483233,-2.7393151508056817,-0.09371862605701585,0.3002544505065489,0.1686870445290188,,,,,,,19.107,
1763047814.000752,758,107;108;110;200;201;202,65.709;66.102;52.397;94.411;90.374;58.820,-0.10512799786331106,-0.45997388049391374,-2.7375198859182417,-0.09440076789162109,0.3030657842467206,0.16676087339997653,,,,,,,19.233,
1763047814.138862,759,107;108;110;200;201;202,65.508;63.194;53.498;94.749;84.276;64.936,-0.10531767674597736,-0.46225021925479753,-2.7362988855427144,-0.09145476943345858,0.30272594940740394,0.1657527637641798,,,,,,,19.330,
1763047814.269468,760,107;108;110;200;201;202,64.570;67.258;48.186;98.263;87.225;60.996,-0.10336736273435006,-0.4686352766710673,-2.7427082875805953,-0.09257484855561014,0.30158354919952163,0.1661825477382795,,,,,,,19.531,
1763047814.394572,761,107;108;110;200;201;202,66.295;65.873;46.167;98.747;89.374;59.965,-0.10306650471978165,-0.47025393732516285,-2.7452341858335103,-0.0937588612361649,0.30070666496270043,0.16688514046225572,,,,,,,19.578,
1763047814.531218,762,107;108;110;200;201;202,65.269;64.500;45.853;93.353;93.386;59.125,-0.10401881795326831,-0.4632196568254834,-2.741376163736146,-0.09595372204214592,0.30168919222922197,0.16811878416588444,,,,,,,19.331,
1763047814.665667,763,107;108;110;200;201;202,63.912;65.122;46.006;94.761;86.884;59.920,-0.10247839482516775,-0.4659894931149933,-2.74443903863547,-0.09609163350735946,0.3010515923312562,0.16829116434048383,,,,,,,19.410,
1763047814.848889,764,107;108;110;200;201;202,64.937;67.737;46.988;99.834;89.863;64.410,-0.09771205701204011,-0.4663607786548582,-2.747879328339804,-0.09570664310747541,0.2988119755324095,0.1691347275278713,,,,,,,19.367,
1763047814.991883,765,107;108;110;200;201;202,65.195;68.986;46.124;96.429;90.741;66.139,-0.24135839189864586,-0.4682344814021537,-2.73446157947034,-0.10820379549339962,0.29818166852678063,0.17522936632671557,,,,,,,21.458,
1763047815.123306,766,107;108;110;200;201;202,66.627;62.553;51.770;96.893;92.139;58.666,-0.2055246320480143,-0.46354400143188274,-2.731068415809379,-0.10391238114983568,0.29988330444061045,0.17147833904475152,,,,,,,20.685,
1763047815.258562,767,107;108;110;200;201;202,67.476;66.000;45.395;97.474;89.291;67.590,-0.16878282799953637,-0.4622892063752556,-2.737286565628299,-0.10041529357051307,0.29787423621075815,0.17138554801971354,,,,,,,20.051,
1763047815.387056,768,107;108;110;200;201;202,65.509;64.875;41.734;90.947;88.549;60.031,-0.14720824588555428,-0.4626502667190807,-2.740804452961536,-0.1005418328988526,0.29921298267961105,0.171571066375469,,,,,,,19.766,
1763047815.522427,769,107;108;110;200;201;202,65.183;63.752;47.776;94.688;89.976;66.653,-0.1294575053493945,-0.45690416651718857,-2.7383859894992373,-0.09761119377531584,0.29795197646579386,0.17123156078058094,,,,,,,19.352,
1763047815.651344,770,107;108;110;200;201;202,64.884;63.015;49.401;94.487;88.849;61.737,-0.12222976210381183,-0.45592452306402836,-2.736086266081386,-0.09592157163982692,0.2989468499485681,0.1699887644532796,,,,,,,19.248,
1763047815.784846,771,107;108;110;200;201;202,65.228;64.794;46.595;93.653;90.521;63.009,-0.2581461338009276,-0.45605748564049287,-2.7198408782192343,-0.10764696468691393,0.2993126367742744,0.17520464749998232,,,,,,,21.432,
1763047815.916955,772,107;108;200;201;202,60.434;64.317;97.467;91.156;59.602,-0.1751823557115102,-0.45420492193961626,-2.761219663611907,-0.11239334137672612,0.28317175815870543,0.1898896613946352,,,,,,,19.710,
1763047816.046673,773,107;108;110;200;201;202,65.096;66.666;50.047;100.269;87.680;58.338,-0.15390605355534476,-0.4635858757000729,-2.758723668229748,-0.10735421991220585,0.28839431610838157,0.18157891848374227,,,,,,,19.789,
1763047816.180619,774,107;108;110;200;201;202,65.155;67.542;47.216;100.738;90.167;62.831,-0.13458870070366435,-0.46542467429758005,-2.7581261045706778,-0.10371356318523323,0.2905337726216086,0.1778692704676745,,,,,,,19.634,
1763047816.313293,775,107;108;110;200;201;202,64.896;62.731;40.019;95.729;89.915;67.449,-0.11549537687020382,-0.4587745608410806,-2.7557541117540088,-0.10068649476678082,0.2887721095482129,0.1782925652191377,,,,,,,19.190,
1763047816.443553,776,107;108;200;201;202,66.142;67.761;101.740;83.736;62.198,-0.07381973051070399,-0.46924010364312985,-2.7936388709372935,-0.10663941368162325,0.27513105503033314,0.18986212595605717,,,,,,,19.069,
1763047816.578819,777,107;108;110;200;201;202,65.728;68.319;50.900;98.562;86.222;61.692,-0.08278799449792565,-0.47447178259757794,-2.782422178288372,-0.10214723078040579,0.2831092598225813,0.18197487696662,,,,,,,19.391,
1763047816.707098,778,107;108;110;200;201;202,63.879;65.449;45.963;96.560;86.918;61.965,-0.08532343103852111,-0.4727695392323808,-2.774498087249382,-0.0998297237373203,0.28666940413716585,0.17825749832387255,,,,,,,19.384,
1763047816.836277,779,107;108;110;200;201;202,63.333;65.411;49.930;98.552;88.597;59.629,-0.09103418005440865,-0.4728377055162973,-2.7663379051053596,-0.09804311506071055,0.29026741509255705,0.17453427030569682,,,,,,,19.472,
1763047816.971463,780,107;108;110;200;201;202,66.099;66.907;50.601;98.109;87.735;56.614,-0.09902133026164059,-0.476855813389883,-2.760690635677364,-0.09754611451423116,0.2950093320864998,0.17077735040240793,,,,,,,19.721,
1763047817.104118,781,107;108;110;200;201;202,65.071;68.166;45.370;95.195;86.382;62.699,-0.24084586272520542,-0.48020780525652396,-2.746267073209126,-0.1091593337381033,0.2964042839643315,0.17544504105130337,,,,,,,21.807,
1763047817.234336,782,107;108;110;200;201;202,66.039;68.819;48.736;93.238;86.883;63.940,-0.19595328639590204,-0.4781194150221396,-2.7488583976504635,-0.10519894705845717,0.29866849712427196,0.17160671022425328,,,,,,,20.973,
1763047817.370059,783,107;108;200;201;202,63.242;66.506;97.864;87.513;60.213,-0.13181083471252816,-0.476232899954146,-2.785751684656591,-0.11077473563298326,0.2836778409476663,0.18653141705967727,,,,,,,19.870,
1763047817.500086,784,107;108;200;201;202,64.929;70.339;95.494;90.781;60.582,-0.0882858542329911,-0.47354570210990365,-2.8094914026923257,-0.11785563201276067,0.275822252421217,0.1955463140578894,,,,,,,19.251,
1763047817.628737,785,107;108;110;200;201;202,66.835;66.121;50.542;95.417;89.759;54.571,-0.10001575979717788,-0.47499461541702787,-2.788320978974775,-0.11143254191954956,0.28652351437038187,0.1854204473783699,,,,,,,19.510,
1763047817.767340,786,107;108;110;200;201;202,65.772;67.473;48.318;95.167;91.610;64.986,-0.09873684575855872,-0.46810046172963926,-2.773817680008515,-0.10642936736700495,0.2906369788050793,0.1809505924361631,,,,,,,19.308,
1763047817.894374,787,107;108;110;200;201;202,66.245;64.770;49.381;100.267;88.280;64.272,-0.09788844195924132,-0.46797748598128813,-2.7652374632566183,-0.10143907611682332,0.29181630607841785,0.17720203056387016,,,,,,,19.341,
1763047818.024312,788,107;108;110;200;201;202,66.222;69.394;46.226;100.846;91.523;61.101,-0.09738893336185556,-0.47010765312393127,-2.763800875221296,-0.1007503282560141,0.29376630481934407,0.17497677254848146,,,,,,,19.428,
1763047818.168436,789,107;108;110;200;201;202,65.358;68.358;48.934;100.248;85.268;60.196,-0.09847824113414276,-0.4786969877359542,-2.764472118535892,-0.09908323090021974,0.29529463024438807,0.1716992990078595,,,,,,,19.769,
1763047818.293678,790,107;108;110;200;201;202,62.721;64.211;50.989;94.922;92.514;50.933,-0.10979102493775193,-0.4737289052931693,-2.7527455794150417,-0.09997631131551694,0.30011132430839593,0.16897158945588167,,,,,,,19.734,
1763047818.423413,791,107;108;110;200;201;202,67.148;65.442;49.167;94.917;90.105;66.672,-0.10500487837542663,-0.4669453064010666,-2.747783900735965,-0.09729786477483685,0.30005439311429216,0.16875904323670723,,,,,,,19.452,
1763047818.558017,792,107;108;200;201;202,66.751;68.232;96.387;93.741;63.146,-0.07021333438198495,-0.4611755140031382,-2.7776123596757407,-0.10666249133430097,0.28624185067420066,0.1842658202008027,,,,,,,18.814,
1763047818.688747,793,107;108;110;200;201;202,62.471;66.403;52.213;97.254;83.861;66.264,-0.07513446900513075,-0.46528396335697414,-2.7700432350670647,-0.10057902951556655,0.2888296948075264,0.17851334418620637,,,,,,,19.045,
1763047818.817534,794,107;108;110;200;201;202,64.889;62.578;47.163;99.161;92.514;61.387,-0.22172998677689382,-0.4613690930703047,-2.7454928879310025,-0.10930785389162391,0.29011450629872576,0.18133847789584925,,,,,,,20.799,
1763047818.951037,795,107;108;110;200;201;202,64.191;63.977;48.189;94.250;93.242;60.372,-0.1870967582319172,-0.45606820098988626,-2.7404140550819425,-0.1059688937172568,0.2934631448352917,0.17740292896065346,,,,,,,20.067,
1763047819.082974,796,107;108;110;200;201;202,69.496;66.163;48.198;95.199;92.970;58.563,-0.1667520726221944,-0.45759642432876896,-2.738455019634219,-0.10398789873045484,0.29826818219799095,0.17385019113793526,,,,,,,19.840,
1763047819.221290,797,107;108;110;200;201;202,66.361;65.796;51.374;99.593;93.079;67.146,-0.1448544438271471,-0.45510135605438634,-2.7369804403690865,-0.10001277186871133,0.2975816451955154,0.17248471197070417,,,,,,,19.468,
1763047819.349737,798,107;108;110;200;201;202,63.806;66.991;48.406;95.362;90.884;63.542,-0.12912054723016617,-0.45543324489510706,-2.739685448946905,-0.09907562350783955,0.29796992572497444,0.17142379878047162,,,,,,,19.284,
1763047819.482339,799,107;108;110;200;201;202,65.266;65.491;49.345;91.448;87.222;60.645,-0.12288768213869646,-0.45905534525827113,-2.7389869950142502,-0.09797869906177921,0.30125889316078786,0.16946679568334436,,,,,,,19.362,
1763047819.610235,800,107;108;200;201;202,66.373;66.092;95.946;91.334;61.193,-0.08397870502327404,-0.45682112033193967,-2.7713501659578936,-0.10657461271621495,0.28682104560057137,0.18472473321308433,,,,,,,18.765,
1763047819.744887,801,107;108;110;200;201;202,67.138;63.688;46.658;96.922;88.837;67.726,-0.08390242343228538,-0.4548141975542221,-2.761551484851886,-0.10124869390690998,0.28820058472970667,0.18085389376540123,,,,,,,18.735,
1763047819.876087,802,107;108;110;200;201;202,65.592;65.337;51.437;97.750;90.010;62.789,-0.09044970490658415,-0.45765254911053016,-2.7542434269147607,-0.09853675617822706,0.2918338910825362,0.17626032343415884,,,,,,,18.933,
1763047820.010024,803,107;108;110;200;201;202,68.442;67.841;47.136;97.153;87.113;64.550,-0.09274070609911969,-0.46376767430253,-2.7541430714993376,-0.09715640534505027,0.2944108789391084,0.17372839061516565,,,,,,,19.192,
1763047820.141764,804,107;108;110;200;201;202,67.192;68.443;48.149;102.022;90.099;61.331,-0.09629205507197461,-0.46907034297011846,-2.7558241877955894,-0.09685106276753996,0.2954301537163151,0.17214318936160997,,,,,,,19.420,
1763047820.273050,805,107;108;110;200;201;202,66.474;66.493;51.456;100.037;90.964;60.983,-0.10109810640022882,-0.46909595414188393,-2.7508994505432782,-0.0958838267468706,0.2970833426252261,0.17005322229578937,,,,,,,19.486,
1763047820.404102,806,107;108;110;200;201;202,62.101;66.046;49.442;95.767;90.983;62.752,-0.09890378904192901,-0.4644853748197432,-2.747850983830182,-0.09568673512503525,0.29733046055963475,0.16989547625381554,,,,,,,19.303,
1763047820.537979,807,107;108;110;200;201;202,65.250;67.837;44.179;88.624;93.266;61.020,-0.0996774527893333,-0.45917195371868624,-2.744690464718358,-0.09828524503115176,0.30084208936002016,0.17026792580715602,,,,,,,19.117,
1763047820.663744,808,107;108;110;200;201;202,66.006;67.373;50.129;92.547;88.548;65.159,-0.09989221545040466,-0.46001632106530077,-2.743313266004475,-0.09685230159806413,0.3022350765463918,0.16939259807701673,,,,,,,19.159,
1763047820.799387,809,107;108;110;200;201;202,64.880;66.787;47.488;90.809;87.841;64.755,-0.09793994676131701,-0.4595156523350563,-2.7436191689613296,-0.09626093704090243,0.30275542941123856,0.1695407587719846,,,,,,,19.121,
1763047820.934369,810,107;108;110;200;201;202,63.249;69.928;46.983;95.238;93.216;64.790,-0.09472998090533101,-0.45813586107351334,-2.745755361686155,-0.09762019290959555,0.3014066022391443,0.17025833653698177,,,,,,,19.030,
1763047821.065547,811,107;108;110;200;201,67.044;64.458;52.347;91.137;85.014,-0.1610764625574183,-0.505686995148875,-2.7423596444726392,-0.11189319654028354,0.32453938030270674,0.15428327372807218,,,,,,,21.570,
1763047821.200129,812,107;108;110;200;201;202,66.253;63.500;45.266;100.798;92.072;62.311,-0.1396587936349675,-0.490090266963519,-2.7433602368397767,-0.10657065849507763,0.3145768524011954,0.1598530624018991,,,,,,,20.719,
1763047821.326691,813,107;108;110;200;201;202,63.479;65.229;43.911;101.139;88.744;60.527,-0.12386443022060609,-0.4858582234638208,-2.7496682475444665,-0.1034491942348937,0.3071910627048253,0.16370692042571824,,,,,,,20.356,
1763047821.458291,814,107;108;110;200;201;202,65.450;66.911;48.906;94.904;90.973;58.662,-0.12095535818128078,-0.48156507737076476,-2.747140656544954,-0.10219299330342564,0.3072862235907115,0.16445944140006571,,,,,,,20.174,
1763047821.597704,815,107;108;110;200;201;202,64.254;61.523;46.284;96.646;88.230;63.384,-0.11167828928438311,-0.472714893295813,-2.7450026591715018,-0.09870276315370798,0.3027496425850078,0.166666313239176,,,,,,,19.753,
1763047821.725703,816,107;108;110;200;201;202,66.672;66.683;44.915;94.427;89.086;61.410,-0.10660582863694738,-0.47174876510590186,-2.7462750887707554,-0.09861284165406332,0.30277481614424606,0.1673909852263892,,,,,,,19.662,
1763047821.854844,817,107;108;110;200;201;202,63.428;67.943;43.204;96.829;92.456;61.500,-0.10145538664747704,-0.4686257824362404,-2.74943112054763,-0.09973024962493732,0.300929913882073,0.1696104147339681,,,,,,,19.479,
1763047821.988857,818,107;108;110;200;201;202,67.144;66.120;47.812;99.005;88.617;59.007,-0.10372591899623028,-0.4725916802920745,-2.749566738332868,-0.0984672285945042,0.30118292573556277,0.16855380133156744,,,,,,,19.653,
1763047822.117459,819,107;108;110;200;201;202,65.578;65.264;45.494;96.530;88.334;61.222,-0.10070272312438108,-0.4702043738723801,-2.7499378190057735,-0.09745763376534583,0.3004057024988802,0.16878955220963482,,,,,,,19.532,
1763047822.256122,820,107;108;110;200;201;202,66.671;64.261;51.174;101.048;86.787;62.282,-0.10090283664165792,-0.4715961628612319,-2.7479831559967787,-0.09469703218267118,0.29899180507325746,0.16753900392259408,,,,,,,19.598,
1763047822.388767,821,107;108;110;200;201;202,66.891;67.129;47.674;95.675;87.937;67.899,-0.09668748790999046,-0.46910370534748286,-2.7488914947567897,-0.0936908760592223,0.29840101614350284,0.16813362293562115,,,,,,,19.461,
1763047822.521482,822,107;108;110;200;201;202,65.552;63.942;46.943;99.095;90.361;62.030,-0.09597909177649086,-0.46588693856791835,-2.7477902393330873,-0.09369345517432395,0.2971472467001032,0.1688576990165866,,,,,,,19.334,
1763047822.660177,823,107;108;110;200;201;202,63.957;68.417;45.590;98.655;87.622;61.556,-0.0930801987489452,-0.47131818413743176,-2.75333001315127,-0.09497094722022148,0.2965951892989103,0.1689357000051836,,,,,,,19.496,
1763047822.820244,824,107;108;110;200;201;202,64.667;65.508;46.862;96.951;82.274;64.862,-0.09018169003147411,-0.47346903944045554,-2.7554867833225467,-0.09332130626636342,0.2953663800336281,0.16871452443406484,,,,,,,19.547,
1763047822.954253,825,107;108;110;200;201;202,66.188;67.243;47.946;100.121;89.390;61.025,-0.09270476173182213,-0.4758680938891451,-2.75540650851442,-0.0941382429908795,0.2961962146412765,0.16828380801148088,,,,,,,19.661,
1763047823.114354,826,107;108;110;200;201;202,63.290;68.871;46.804;93.916;91.777;68.076,-0.08803838509526445,-0.46702889632768363,-2.7525320539714846,-0.09482341380010421,0.2962547768573249,0.16979776909316682,,,,,,,19.293,
1763047823.250534,827,107;108;110;200;201;202,66.949;67.198;50.925;95.584;89.366;62.930,-0.09354690560649873,-0.46699351890964247,-2.7494399238277496,-0.0947797550610715,0.29871796310758364,0.16820135149229387,,,,,,,19.350,
1763047823.378033,828,107;108;110;200;201;202,64.762;67.454;42.294;91.832;89.905;62.595,-0.09186318917223885,-0.464220696925204,-2.7505635819361447,-0.09693367525107134,0.2992012880434076,0.16966178140891292,,,,,,,19.222,
1763047823.505265,829,107;108;110;200;201;202,65.057;66.994;46.145;94.075;93.497;60.387,-0.09468238292299068,-0.46081813541229366,-2.7474689804562527,-0.09822746726623346,0.3008001970141876,0.16983923881856422,,,,,,,19.126,
1763047823.638459,830,107;108;110;200;201;202,65.057;66.994;46.145;94.075;93.497;60.387,-0.09468238292299068,-0.46081813541229366,-2.7474689804562527,-0.09822746726623346,0.3008001970141876,0.16983923881856422,,,,,,,19.126,
1763047823.768282,831,107;108;110;200;201;202,65.804;67.738;47.340;92.572;86.944;64.975,-0.0937862202946258,-0.4625846046009352,-2.748501895796298,-0.09719961321076992,0.30142628932964477,0.16908218657309604,,,,,,,19.183,
1763047823.902311,832,107;108;110;200;201;202,65.750;68.980;53.042;92.979;85.643;61.225,-0.09846463630382776,-0.46931699684521405,-2.7475843920174716,-0.096337253826516,0.3046202753843648,0.1663279442605158,,,,,,,19.490,
1763047824.032710,833,107;108;110;200;201;202,63.471;66.856;47.172;94.059;94.461;61.256,-0.09953812101091936,-0.46337425466849896,-2.7440003369367507,-0.09767084871980902,0.3042785308735144,0.1677320649789037,,,,,,,19.285,
1763047824.166828,834,107;108;110;200;201;202,66.442;66.899;49.021;96.293;86.947;65.571,-0.09858842148004714,-0.46623560196371694,-2.7463234027674273,-0.09576325809474537,0.302708335892299,0.16775758807193286,,,,,,,19.377,
1763047824.299220,835,107;108;110;200;201;202,67.036;69.158;46.603;100.182;92.375;59.379,-0.09968020139729358,-0.46895405856334843,-2.749129537513212,-0.09729712611975502,0.3022641457352709,0.16805385776606688,,,,,,,19.478,
1763047824.428469,836,107;108;110;200;201;202,66.064;69.081;47.332;97.948;90.506;61.008,-0.09953340897079349,-0.4714283696640219,-2.750676219201353,-0.09790323455977938,0.30204904930551824,0.16801791462383067,,,,,,,19.566,
1763047824.564022,837,107;108;110;200;201;202,65.454;66.938;46.377;97.943;90.732;69.072,-0.0924736998488602,-0.4653847551071389,-2.7505763031694177,-0.09599134335054556,0.29893234959077586,0.16974565627989202,,,,,,,19.272,
1763047824.694073,838,107;108;110;200;201;202,64.313;68.328;49.085;92.926;92.837;59.742,-0.09676996555475963,-0.4635188539412177,-2.747052848972737,-0.0977749020515578,0.3019449804107413,0.16875368445751882,,,,,,,19.251,
1763047824.826385,839,107;108;110;200;201;202,63.593;67.564;46.398;94.511;90.200;64.512,-0.09454914562737743,-0.4618790845600196,-2.7475525749438705,-0.09770997525273561,0.30088860590235134,0.16975032428224038,,,,,,,19.166,
1763047824.959608,840,107;108;110;200;201;202,65.230;67.869;44.686;94.518;89.505;60.249,-0.09518962004383777,-0.4645299249096697,-2.7498632365669167,-0.09856881011433845,0.30123077208648075,0.1696616658392405,,,,,,,19.264,
1763047825.092178,841,107;108;110;200;201;202,67.436;67.503;51.143;94.392;90.321;64.913,-0.09797565773839982,-0.46333444970164966,-2.7464386886327357,-0.09694402947239189,0.30254515075131033,0.16845316585593834,,,,,,,19.257,
1763047825.225012,842,107;108;110;200;201;202,66.624;67.980;51.396;92.828;88.274;60.019,-0.10365125162242741,-0.46638579325321633,-2.744338781944264,-0.09672250601307875,0.30532285137431164,0.16630605756257305,,,,,,,19.436,
1763047825.358988,843,107;108;110;200;201;202,65.345;65.010;46.974;95.876;90.214;64.942,-0.09912543681265788,-0.4628754388878689,-2.7434477346105055,-0.09587174510267979,0.30265057339741086,0.16782067395504371,,,,,,,19.264,
1763047825.521571,844,107;108;110;200;201;202,64.464;67.046;53.908;95.756;93.292;60.262,-0.10406072496098262,-0.46016420181667794,-2.7388123321409856,-0.09593879337167031,0.30423542240608836,0.166564774674962,,,,,,,19.224,
1763047825.648717,845,107;108;110;200;201;202,67.380;64.943;42.860;98.086;92.740;64.224,-0.0982144016988673,-0.4569512323034113,-2.740312965996309,-0.09624563228968311,0.30065251084025735,0.16903744161160297,,,,,,,19.040,
1763047825.785979,846,107;108;110;200;201;202,67.245;67.257;46.739;91.555;88.332;60.612,-0.10029525071764968,-0.46122118490645114,-2.741588142879559,-0.09708555411520076,0.3031447261460435,0.1680417511144556,,,,,,,19.219,
1763047825.915792,847,107;108;110;200;201;202,66.754;66.211;51.792;96.984;89.623;68.276,-0.09769581857661477,-0.46013235172511535,-2.739649267214994,-0.09463263634931518,0.3017874071379866,0.16766614962182821,,,,,,,19.164,
1763047826.045389,848,107;108;110;200;201;202,65.895;68.611;51.570;99.568;91.624;63.321,-0.09809177983309382,-0.46184738305633294,-2.7412023759524504,-0.09460644143199341,0.3013512576714236,0.16715838894327378,,,,,,,19.227,
1763047826.180107,849,107;108;110;200;201;202,63.744;67.527;47.312;91.941;92.283;59.218,-0.10065953353812965,-0.46073839471495054,-2.7403717459534938,-0.09694012946482254,0.3031845110450037,0.1672028095691546,,,,,,,19.209,
1763047826.311391,850,107;108;110;200;201;202,66.273;69.149;51.999;91.451;88.725;61.220,-0.10452313630027397,-0.4647936772962543,-2.740175411765054,-0.09695737342140205,0.3062721405364636,0.16561091621358592,,,,,,,19.403,
1763047826.445352,851,107;108;110;200;201;202,64.410;66.352;50.186;90.182;85.196;60.415,-0.1060653693659229,-0.4681219677013838,-2.741566242575107,-0.09637018068685652,0.3074076700965798,0.1648925971952543,,,,,,,19.540,
1763047826.575680,852,107;108;110;200;201;202,62.187;70.021;49.822;100.738;89.948;62.903,-0.10009826271215791,-0.47121252156506477,-2.747537925276829,-0.09664833297609392,0.3040274598995295,0.16574155237264865,,,,,,,19.579,
1763047826.706685,853,107;108;110;200;201;202,66.277;64.729;48.933;99.297;95.474;62.165,-0.1005755042079853,-0.46454530681837203,-2.7424149855575104,-0.0965774452420904,0.30239298533858017,0.1670664550357969,,,,,,,19.348,
1763047826.837174,854,107;108;110;200;201;202,63.015;67.583;49.039;91.969;92.651;62.716,-0.10006280494362138,-0.45926528849632314,-2.740599214374721,-0.097455257649316,0.30336046865885924,0.16745813611494711,,,,,,,19.145,
1763047826.969857,855,107;108;110;200;201;202,63.762;66.450;45.514;98.264;89.554;58.950,-0.0994707401413098,-0.46351416953365693,-2.7454266786574415,-0.09801743232215804,0.30141888334744443,0.16827426524464484,,,,,,,19.282,
1763047827.102480,856,107;108;110;200;201;202,66.150;64.834;38.734;97.538;92.535;57.292,-0.09760585063021793,-0.4621475035874876,-2.7483909397794712,-0.09996393387026033,0.2991743594464667,0.17056139734883025,,,,,,,19.198,
1763047827.253831,857,107;108;110;200;201;202,65.709;66.914;51.582;98.062;84.280;61.352,-0.09963523686121432,-0.4703668643633914,-2.7506398762996564,-0.09714595324070774,0.2999969442817265,0.16791471276011463,,,,,,,19.525,
1763047827.402227,858,107;108;110;200;201;202,65.709;66.914;51.582;98.062;84.280;61.352,-0.09963523686121432,-0.4703668643633914,-2.7506398762996564,-0.09714595324070774,0.2999969442817265,0.16791471276011463,,,,,,,19.525,
1763047827.528587,859,107;108;110;200;201;202,64.534;66.491;44.926;94.436;89.091;65.096,-0.09533009071981285,-0.4659254532648338,-2.7516399940375504,-0.09669150930465993,0.2992371430244879,0.16938255332202334,,,,,,,19.311,
1763047827.664230,860,107;108;110;200;201;202,63.560;66.203;47.793;94.563;89.080;62.430,-0.09432647021593912,-0.4651534614280395,-2.7501657807571327,-0.09668322041597724,0.29959861763341994,0.16918047187373436,,,,,,,19.280,
1763047827.797491,861,107;108;110;200;201;202,68.586;67.690;44.592;97.839;92.464;64.075,-0.09377902639114256,-0.46415980753847974,-2.750097243691027,-0.0970668701890342,0.29923941536972,0.17003101907886373,,,,,,,19.237,
1763047827.929720,862,107;108;110;200;201;202,64.434;69.260;44.236;93.750;92.277;56.539,-0.09694738224192759,-0.4660447849955137,-2.7513862287483315,-0.10029057436127216,0.30149001081731536,0.1697271545762739,,,,,,,19.330,
1763047828.062410,863,107;108;110;200;201;202,65.323;65.521;47.211;96.425;94.533;58.664,-0.10000398891738665,-0.46215058749688215,-2.7468380423453937,-0.10036873096205617,0.3018692070407139,0.16999389115095792,,,,,,,19.226,
1763047828.194303,864,107;108;110;200;201;202,63.644;68.215;45.639;93.407;93.626;58.033,-0.10091183031386151,-0.461000103180025,-2.7455562414138246,-0.10194532352984047,0.3029848822237758,0.1700093337207648,,,,,,,19.195,
1763047828.321435,865,107;108;110;200;201;202,65.210;66.256;48.969;98.274;89.999;62.826,-0.10003874252138961,-0.462707624233907,-2.7455691892668876,-0.09961650369992635,0.3011605866496911,0.16927437558884204,,,,,,,19.255,
1763047828.458021,866,107;108;110;200;201;202,66.909;64.673;45.489;95.155;92.466;62.263,-0.09982235337478006,-0.45979215824260894,-2.7424705197792876,-0.09883672851208103,0.3008136635710013,0.1698003821204554,,,,,,,19.154,
1763047828.589049,867,107;108;110;200;201;202,65.415;66.326;52.039;97.612;84.861;59.256,-0.10304588362128997,-0.4689508871051769,-2.745014128545876,-0.09675491580723779,0.3016776684592617,0.16701984301609013,,,,,,,19.528,
1763047828.720389,868,107;108;110;200;201;202,66.555;65.682;44.309;93.431;91.935;64.540,-0.10017337906130781,-0.46218234014059373,-2.74385356826176,-0.09674795549917066,0.30109602800411117,0.16876261092558778,,,,,,,19.244,
1763047828.851866,869,107;108;110;200;201;202,67.006;67.523;47.224;98.097;84.099;61.971,-0.09913295038728469,-0.4718953849903316,-2.7495707722646916,-0.09569079040730963,0.3003350446227692,0.1675974884413318,,,,,,,19.587,
1763047828.982494,870,107;108;110;200;201;202,67.378;67.699;50.602;97.872;88.643;67.588,-0.09592705398750928,-0.4702884971576244,-2.749478558615919,-0.09382070174463665,0.2996407751843442,0.16717635917373092,,,,,,,19.498,
1763047829.115858,871,107;108;110;200;201;202,65.173;65.977;52.495;96.832;89.710;58.975,-0.10172910460382296,-0.46984681118872784,-2.746062260991391,-0.09412249312703837,0.3015418280122976,0.16576197283584246,,,,,,,19.547,
1763047829.247311,872,107;108;110;200;201;202,61.748;67.380;46.610;92.661;83.057;62.083,-0.09732149122474133,-0.47276530051685844,-2.75185532967964,-0.09428795950541337,0.3008929175171247,0.16628262802537402,,,,,,,19.594,
1763047829.381985,873,107;108;110;200;201;202,68.905;68.267;52.069;92.187;89.820;63.676,-0.10175388049101897,-0.47143976765724316,-2.746168183648865,-0.09434686958109746,0.30416857978085104,0.16512102728536046,,,,,,,19.609,
1763047829.510860,874,107;108;110;200;201;202,67.317;66.784;53.425;101.043;94.476;62.295,-0.10398568438656383,-0.4682219908007527,-2.741430177842522,-0.09435689864788888,0.3038395375596002,0.1651840537274162,,,,,,,19.526,
1763047829.646762,875,107;108;110;200;201;202,64.634;70.352;52.922;96.493;90.519;61.138,-0.10506608457245904,-0.4714293865392503,-2.7435142096580596,-0.09541691944615738,0.30499034020028476,0.16450198897657897,,,,,,,19.651,
1763047829.772634,876,107;108;110;200;201;202,65.982;68.301;49.940;100.237;92.943;62.180,-0.10415763532954192,-0.4706563502071323,-2.7440718040905026,-0.09578759312720753,0.30357975371229856,0.16526564249421197,,,,,,,19.610,
1763047829.906751,877,107;108;110;200;201;202,66.091;66.641;43.837;95.348;89.907;68.448,-0.09423484309295678,-0.46400275088724463,-2.745591421210253,-0.09517042818564718,0.30061282407067164,0.16802344030462768,,,,,,,19.258,
1763047830.040544,878,107;108;110;200;201;202,65.386;67.074;45.181;93.029;89.967;58.394,-0.09778126138867911,-0.46485560955365995,-2.746485155293784,-0.09708000167251715,0.3019224245398884,0.16801185281407724,,,,,,,19.315,
1763047830.173236,879,107;108;110;200;201;202,66.750;69.240;48.676;96.086;93.390;63.196,-0.09895004564731194,-0.46324593703951555,-2.7457180592864643,-0.09765486178340499,0.3025917894623211,0.16814292145665374,,,,,,,19.266,
1763047830.424124,880,107;108;110;200;201;202,66.750;69.240;48.676;96.086;93.390;63.196,-0.09895004564731194,-0.46324593703951555,-2.7457180592864643,-0.09765486178340499,0.3025917894623211,0.16814292145665374,,,,,,,19.266,
1763047830.568161,881,107;108;110;200;201;202,65.823;67.581;43.198;98.586;90.589;65.853,-0.0932918872264393,-0.4644813834042125,-2.749494959558475,-0.09745692800681244,0.29919707392241496,0.17015672327581738,,,,,,,19.249,
1763047830.701557,882,107;108;110;200;201;202,66.486;67.582;51.924;95.340;89.534;65.674,-0.09579327316090049,-0.4640702492096296,-2.7461257184355947,-0.09589131429893383,0.3005469474905432,0.16875583854434428,,,,,,,19.270,
1763047830.838107,883,107;108;110;200;201;202,65.806;69.765;51.998;100.703;86.561;68.017,-0.09303756761690553,-0.4696919704563221,-2.7502338098284533,-0.09380565470801285,0.2990122432229195,0.16789893343393675,,,,,,,19.448,
1763047830.961711,884,107;108;110;200;201;202,66.469;69.590;50.625;97.459;87.194;61.877,-0.09516197897666484,-0.4747792323416786,-2.7515295131979047,-0.09427683308639331,0.30085477568659075,0.16644412982127957,,,,,,,19.658,
1763047831.092271,885,107;108;110;200;201;202,66.227;68.786;48.671;95.512;94.360;62.333,-0.09618002305599493,-0.4687149406206708,-2.7474198652382062,-0.09602883283619829,0.3021923861427655,0.16683811397339587,,,,,,,19.449,
1763047831.233328,886,107;108;110;200;201;202,63.905;65.958;50.541;97.464;94.413;55.982,-0.1028870557132444,-0.46648670406993836,-2.7433896860192895,-0.09752879913231563,0.30353020601484276,0.16640928072165592,,,,,,,19.439,
1763047831.360333,887,107;108;110;200;201;202,63.114;68.044;48.572;91.017;90.343;64.017,-0.10037085330415312,-0.4627276755884568,-2.7432100934947155,-0.0977373806530673,0.3038360070773707,0.16712914224127334,,,,,,,19.270,
1763047831.491350,888,107;108;110;200;201;202,65.578;69.432;47.364;98.083;87.133;59.211,-0.10049826105425357,-0.47149369038328104,-2.749500242733868,-0.09798585422111543,0.30350940122120884,0.1667638705269647,,,,,,,19.583,
1763047831.625095,889,107;108;110;200;201;202,67.522;66.692;48.516;99.242;90.934;62.741,-0.10060718718973008,-0.47017400084178934,-2.747996201191846,-0.09690957217101633,0.30250915913816245,0.1672239229580978,,,,,,,19.540,
1763047831.756318,890,107;108;110;200;201;202,66.129;65.577;48.609;97.837;91.405;59.064,-0.10284612371809575,-0.46842417981460943,-2.7456585211624063,-0.0970062445975391,0.302275609838263,0.16708808878491532,,,,,,,19.502,
1763047831.886349,891,107;108;110;200;201;202,67.635;65.829;46.671;94.922;87.548;61.590,-0.10271952205673292,-0.468705333192556,-2.7467153773080146,-0.09629490871033307,0.3024933894218753,0.1673442667358396,,,,,,,19.507,
1763047832.024618,892,107;108;110;200;201;202,65.791;65.786;51.695;91.210;89.853;65.942,-0.10246420657678613,-0.4621418484597311,-2.7412779473452122,-0.09472863497009541,0.3036652183617107,0.1670365265444854,,,,,,,19.275,
1763047832.151880,893,107;108;110;200;201;202,66.254;65.856;51.590;98.330;92.757;61.221,-0.10384555858290395,-0.46108247697596255,-2.738936494155425,-0.0947203132173961,0.3033388723738616,0.16646212653593426,,,,,,,19.258,
1763047832.281921,894,107;108;110;200;201;202,68.438;67.184;49.785;96.349;88.748;56.754,-0.10907909912176839,-0.4683505764824347,-2.7403334147322895,-0.09593719151746846,0.305460043874125,0.1649748756934375,,,,,,,19.583,
1763047832.419972,895,107;108;110;200;201;202,63.131;66.520;49.281;95.120;93.053;63.431,-0.1054372309975117,-0.46233018227444156,-2.739240222185959,-0.09614271639492941,0.30395637934524933,0.16654405907696007,,,,,,,19.319,
1763047832.552664,896,107;108;110;200;201;202,66.810;65.398;51.172;94.449;88.767;59.999,-0.10859486613499013,-0.46480736398770023,-2.7379771378663214,-0.09561865770824632,0.30526360118137036,0.16536155900895794,,,,,,,19.452,
1763047832.685817,897,107;108;110;200;201;202,65.830;66.476;49.275;92.420;88.367;64.137,-0.10616889480427287,-0.4641945319002345,-2.7383360741995464,-0.09508883008470181,0.30515529286376325,0.16561343278504612,,,,,,,19.404,
1763047832.851627,898,107;108;110;200;201;202,68.788;66.753;45.373;97.379;90.186;60.534,-0.10548066652153694,-0.4674423136109434,-2.7422743925555295,-0.09598847304141081,0.3040466892579831,0.16635088499223394,,,,,,,19.505,
1763047832.978459,899,107;108;110;200;201;202,66.869;67.669;50.515;93.269;86.571;66.163,-0.10359034588506234,-0.46891261875415896,-2.7430700609189094,-0.09452081188714923,0.3042509896189672,0.16584284937575175,,,,,,,19.542,
1763047833.112746,900,107;108;110;200;201;202,62.546;65.893;51.573;96.791;89.746;68.213,-0.09675912747991323,-0.46378382064980517,-2.7427695340655234,-0.09315791413782336,0.30122674742646666,0.16673417227035617,,,,,,,19.284,
1763047833.249582,901,107;108;110;200;201;202,62.727;65.090;48.929;93.527;92.540;67.666,-0.09262550552138346,-0.45509702076154407,-2.739035679207312,-0.09308345131829546,0.299862208521243,0.1683803036719299,,,,,,,18.927,
1763047833.414467,902,107;108;110;200;201;202,64.368;68.440;52.434;96.001;82.630;62.801,-0.09473477233081057,-0.4665596840758455,-2.7450125254776445,-0.0921523845993428,0.3008713215865545,0.16592890840359104,,,,,,,19.365,
1763047833.537537,903,107;108;110;200;201;202,64.427;68.708;46.323;103.424;90.150;63.197,-0.09130992079321473,-0.4699867608822093,-2.7512563120767095,-0.09346552922452514,0.2978271462059296,0.16744917179362317,,,,,,,19.441,
1763050000.500113,0,107;108;200;201;202,69.176;45.787;98.231;82.677;57.128,-0.011714825577768737,-0.4260483295099241,-2.8058639772782334,-0.10445017119174348,0.23375042394313475,0.2169212257003307,,,,,,,17.074,
1763050000.765174,1,107;108;200;201;202,74.335;49.533;92.641;84.970;50.479,-0.024695039795845808,-0.4301781344901962,-2.804424513423427,-0.10745746375159437,0.24201479995576367,0.21593974712484243,,,,,,,17.267,
1763050001.286919,2,107;108;200;201;202,73.862;46.189;95.964;82.553;46.498,-0.03455416212555646,-0.4365167416583714,-2.8042564394721596,-0.10888551623488131,0.24576387158150056,0.21457912877437477,,,,,,,17.545,
1763050001.632620,3,107;108;200;201;202,74.809;51.308;95.112;80.621;54.287,-0.035185607920027645,-0.44444267542525345,-2.809915971833356,-0.10952415045394125,0.24827143407723934,0.21422857359218406,,,,,,,17.832,
1763050002.136701,4,107;108;200;201;202,71.177;47.527;89.617;78.629;53.605,-0.03399768371930621,-0.44465507068352045,-2.810022642917052,-0.10934623103488735,0.24955983828708247,0.2144592652751277,,,,,,,17.836,
1763050002.435725,5,107;108;200;201;202,74.840;51.271;95.410;85.396;52.711,-0.03827113625218919,-0.4452123964469633,-2.8094602811424547,-0.11094442690038361,0.2519746939782992,0.2144030612481931,,,,,,,17.874,
1763050002.905539,6,107;108;200;201,73.233;49.106;96.424;85.020,-0.0949730668914511,-0.4851700833362805,-2.8145541968346404,-0.12863486635339505,0.2703728524636416,0.20517835037688584,,,,,,,19.722,
1763050003.272455,7,107;108;200;201;202,72.881;45.416;91.999;75.052;49.503,-0.08010741687559447,-0.4805305237646887,-2.8150543653597904,-0.12192285605998256,0.2650119978023043,0.20721312161549169,,,,,,,19.436,
1763050003.609191,8,107;108;200;201,75.280;51.852;91.109;79.305,-0.12800658414566038,-0.5214061101820756,-2.8232702463683195,-0.13678997383598285,0.28409527518324623,0.1982877173377131,,,,,,,21.339,
1763050004.434273,9,107;108;200;201;202,74.346;49.246;94.097;76.419;51.185,-0.10281768050246616,-0.5077660476689819,-2.825184228193686,-0.1282851502295692,0.27522603116670846,0.20164937849974532,,,,,,,20.592,
1763050004.828233,10,107;108;200;201;202,77.668;50.827;92.197;83.895;49.047,-0.2277891623025965,-0.49422536201557515,-2.8054116761843297,-0.13453549907937207,0.2744526070008816,0.2115793245658991,,,,,,,21.732,
1763050005.149180,11,107;108;200;201;202,75.398;50.967;89.349;79.966;50.920,-0.17497008275490192,-0.4841073121212885,-2.8094750153017705,-0.12849081473366733,0.2719331020537971,0.21019247616916958,,,,,,,20.552,
1763050005.302515,12,107;108;200;201;202,76.467;51.178;97.324;80.997;48.907,-0.27549894108699086,-0.4847230280471263,-2.7987242048387735,-0.13376507319810182,0.26965834905364006,0.21843882101472614,,,,,,,22.297,
1763050005.449601,13,107;108;200;201;202,78.013;47.579;92.067;79.903;51.673,-0.20965434977802364,-0.4752606348512242,-2.8015042198246256,-0.1261722143852902,0.26639743198444815,0.2143340362875207,,,,,,,20.782,
1763050005.582618,14,107;108;200;201;202,76.883;49.068;95.371;83.816;56.808,-0.15698983402156044,-0.46235097025476257,-2.8022379813463107,-0.12018864567227987,0.2619215503600696,0.21327259287704994,,,,,,,19.549,
1763050005.720903,15,107;108;110;200;201,76.085;48.423;12.224;92.590;77.859,-0.19185409578750007,-0.5057071195789645,-2.800134879130403,-0.1297272705725,0.2844414352063452,0.1986954310710038,,,,,,,21.634,
1763050005.847011,16,107;108;200;201,73.400;50.521;95.269;79.773,-0.20355842078371666,-0.5381563159641707,-2.813028780602894,-0.14162100342430317,0.29445911675874625,0.19368781806023824,,,,,,,22.906,
1763050005.983332,17,107;108;200;201;202,71.172;52.182;95.620;78.141;58.350,-0.14553110965137503,-0.5153537548149179,-2.821213080619104,-0.13113073594582147,0.2797431150698597,0.19962915045673063,,,,,,,21.298,
1763050006.123928,18,107;108;200;201;202,75.605;49.369;95.351;79.035;51.308,-0.11618472605691642,-0.5019716761078865,-2.821567940638988,-0.12479844804212638,0.27269846033869183,0.20299660311687895,,,,,,,20.502,
1763050006.279604,19,107;108;200;201;202,76.849;49.422;95.127;82.618;55.874,-0.0932449089833473,-0.4846114865602538,-2.8180031709872893,-0.11949814685595947,0.26704368918114757,0.20582334078591055,,,,,,,19.669,
1763050006.409472,20,107;108;200;201;202,78.300;50.187;97.105;86.112;51.111,-0.08299610695714392,-0.4754908559022794,-2.8133025722827463,-0.11771095044966616,0.26503186728923706,0.20781831969846953,,,,,,,19.269,
1763050006.543797,21,107;108;200;201;202,74.461;48.884;92.807;75.177;50.911,-0.07083433855224654,-0.47600750273868553,-2.817406733352427,-0.11479078842054007,0.2623549313686973,0.20802897041904422,,,,,,,19.190,
1763050006.674767,22,107;108;200;201,76.782;52.225;92.477;84.890,-0.12309860957086952,-0.5098395742367803,-2.819374811550715,-0.13245803708825976,0.2826545149052185,0.19953831165662703,,,,,,,20.877,
1763050006.806057,23,107;108;200;201;202,73.038;49.571;94.969;83.025;61.394,-0.08998358814652721,-0.48491884910503397,-2.8162023027740872,-0.1241275776626863,0.27099055295228647,0.20519492927980434,,,,,,,19.667,
1763050006.934009,24,107;108;200;201;202,75.688;47.189;96.165;80.270;54.070,-0.07472658311972073,-0.47527318511161515,-2.8134848685248675,-0.11833165469027163,0.2644109830885507,0.20779884955519973,,,,,,,19.206,
1763050007.067648,25,107;108;200;201;202,74.998;49.628;93.592;77.081;58.775,-0.05878813873910695,-0.46964194035351026,-2.816716697783067,-0.11356035495719057,0.26000072242581884,0.20951888540914795,,,,,,,18.882,
1763050007.198340,26,107;108;200;201;202,74.370;48.737;97.763;78.437;55.654,-0.048709427224057675,-0.46843822444860095,-2.8184807341443667,-0.11079294549969412,0.2558625220239106,0.2109429933187247,,,,,,,18.780,
1763050007.331790,27,107;108;200;201;202,74.585;52.793;96.250;86.125;54.579,-0.04606638837133083,-0.46302029333357353,-2.8172241265840974,-0.11215376956816456,0.2561622574020144,0.21198707677339296,,,,,,,18.564,
1763050007.463801,28,107;108;200;201;202,74.690;49.266;94.308;78.574;56.576,-0.04121407838052787,-0.4611917969951983,-2.8176698537595497,-0.11014176796866425,0.2547156627815729,0.21246227331106632,,,,,,,18.472,
1763050007.598824,29,107;108;200;201;202,71.210;51.102;95.206;85.621;53.360,-0.03818606658912188,-0.4547954220575551,-2.8160418065607287,-0.11162650916849363,0.2537786857088742,0.21347828442044844,,,,,,,18.218,
1763050007.998118,30,107;108;200;201;202,75.600;51.618;85.046;86.058;61.464,-0.03664275945224677,-0.43981973644442623,-2.8078264639543398,-0.11121651088204698,0.2566864478890895,0.21427026894297338,,,,,,,17.664,
1763050008.246202,31,107;108;110;200;201;202,75.486;51.614;15.134;89.016;79.755;60.321,-0.044839833452713085,-0.4428824130138457,-2.7973159697095475,-0.10607457207441448,0.2622134744836838,0.20905413992826172,,,,,,,17.866,
1763050008.466976,32,107;108;200;201;202,77.616;49.913;93.407;76.452;52.130,-0.04670330128525767,-0.4543010286879817,-2.8048609541057217,-0.10669718384808521,0.2612458995142808,0.2087382369711834,,,,,,,18.287,
1763050008.749685,33,107;108;110;200;201,75.261;50.840;13.665;92.294;79.357,-0.1141018285217715,-0.5001416134257309,-2.8032234343416906,-0.12081490929858058,0.28481560710601056,0.19391869939841563,,,,,,,20.518,
1763050008.901607,34,107;108;200;201;202,76.895;48.982;98.000;79.701;56.255,-0.08948055003872735,-0.48866548668696774,-2.807350451610114,-0.11572916943114256,0.2740986757549857,0.19970543844769706,,,,,,,19.857,
1763050009.044867,35,107;108;200;201,74.860;48.905;88.299;75.271,-0.13746004138238255,-0.5282739844827813,-2.8158250848134636,-0.1314500202705904,0.29020532883301686,0.19213269327211216,,,,,,,21.735,
1763050009.178962,36,107;108;200;201;202,75.242;51.372;96.805;79.980;51.340,-0.2530071399515057,-0.5147407029798814,-2.804445074070437,-0.13607105031239836,0.28137614831505475,0.2064840409367114,,,,,,,22.889,
1763050009.313839,37,107;108;200;201;202,76.483;52.140;90.227;78.650;50.527,-0.3369641392709219,-0.5054352245122032,-2.791502671527793,-0.1394029746806095,0.27912996174170607,0.21696312563744555,,,,,,,24.301,
1763050009.445923,38,107;108;110;200;201;202,77.760;50.583;14.846;97.505;79.247;56.715,-0.25788369718951193,-0.49611409121281813,-2.7922151106652247,-0.12645952004554528,0.2751761494861959,0.2082051707156798,,,,,,,22.400,
1763050009.574146,39,107;108;200;201;202,74.340;48.499;95.040;76.690;50.372,-0.19348797108621626,-0.4907807877060092,-2.8039083573953105,-0.12111968919767602,0.26853221499641333,0.20743607156717772,,,,,,,21.087,
1763050009.713211,40,107;108;200;201;202,74.743;50.108;95.249;82.005;53.404,-0.14765747792529485,-0.48122382139754266,-2.80833513625546,-0.11809689499875842,0.264436237013037,0.20880237819553377,,,,,,,20.110,
1763050009.840041,41,107;108;200;201;202,72.028;51.409;92.667;81.067;55.560,-0.11194459888585358,-0.4708387305906155,-2.8122140007159144,-0.11583151236840306,0.261001966478595,0.21034588473261226,,,,,,,19.325,
1763050009.971693,42,107;108;200;201;202,75.195;49.978;89.088;79.940;53.917,-0.09124442580853079,-0.4639511942887662,-2.811978566228067,-0.11422230017578111,0.2613227117929584,0.2107659997737784,,,,,,,18.888,
1763050010.107330,43,107;108;110;200;201;202,72.503;49.771;16.784;97.220;84.577;51.830,-0.08778629187724915,-0.4598380566278397,-2.800042831040498,-0.1098537175642428,0.26396930629775206,0.20644841536727632,,,,,,,18.764,
1763050010.237169,44,107;108;110;200;201;202,75.359;48.503;12.719;92.907;78.518;48.460,-0.09016622161955036,-0.4631541390521838,-2.795293242467063,-0.10718915245713208,0.26742357729739735,0.20285003687371686,,,,,,,18.936,
1763050010.365837,45,107;108;200;201;202,74.393;50.511;93.683;78.467;52.840,-0.07561308244028897,-0.4667667013857465,-2.8044066387526385,-0.10813786856740762,0.26412591900418153,0.20539633845608934,,,,,,,18.928,
1763050010.498312,46,107;108;200;201;202,77.929;51.121;93.846;79.902;56.487,-0.0643484489144417,-0.4652326889153451,-2.8082789688674503,-0.10785272692294914,0.2623304906753207,0.20708331737268268,,,,,,,18.782,
1763050010.631842,47,107;108;110;200;201;202,76.324;49.769;14.643;96.447;84.325;50.490,-0.07326598693373924,-0.462871099917163,-2.7975980875513966,-0.10583928002326044,0.26627517122707794,0.20397433579259114,,,,,,,18.796,
1763050010.763829,48,107;108;200;201;202,77.849;53.813;91.592;81.212;51.506,-0.06839336028496748,-0.4665424673781063,-2.805315531507078,-0.10883442884227276,0.2670855130763269,0.20508931582780135,,,,,,,18.871,
1763050010.891653,49,107;108;200;201,76.334;50.618;95.830;79.266,-0.11798769370486066,-0.5119897906667025,-2.8171935320212462,-0.1262985634830537,0.28245712688178093,0.19642210504382032,,,,,,,20.926,
1763050011.025447,50,107;108;200;201;202,74.971;51.063;94.485;82.870;50.293,-0.2383070565259301,-0.49881654658732943,-2.8026288239143518,-0.13338091262882365,0.2774490570590331,0.20874153959017508,,,,,,,22.088,
1763050011.157749,51,107;108;200;201;202,75.488;50.641;94.674;74.366;48.927,-0.181573595539471,-0.4993468964408313,-2.8143498100304636,-0.12651886743976842,0.2720761073474363,0.20713870356250128,,,,,,,21.175,
1763050011.291971,52,107;108;200;201;202,75.766;49.332;94.198;81.775;53.501,-0.13966606342364823,-0.4844462223041256,-2.8129691967561365,-0.12140566017432168,0.26723508137051766,0.2084694274869862,,,,,,,20.116,
1763050011.419791,53,107;108;200;201,73.278;47.740;94.546;76.733,-0.1675008625245138,-0.5240768935970439,-2.8222058767891793,-0.13446772611808389,0.2811897397182821,0.19983196313185606,,,,,,,21.865,
1763050011.554455,54,107;108;200;201;202,76.250;51.895;91.520;80.791;56.313,-0.2846714447478912,-0.5059502076302936,-2.803103770181158,-0.13803138575434623,0.27695849769042136,0.2134469583858859,,,,,,,23.171,
1763050011.688967,55,107;108;200;201;202,74.866;48.545;93.011;82.506;59.288,-0.20613734577302684,-0.48317413893270067,-2.805316966480911,-0.12830095411648496,0.2686351421014837,0.21243118477925288,,,,,,,20.991,
1763050011.815287,56,107;108;200;201,76.267;49.172;95.425;82.009,-0.2157913024280974,-0.5167618490054078,-2.8112911743714686,-0.13990338576395164,0.28393662950253284,0.20361865405191654,,,,,,,22.316,
1763050011.949577,57,107;108;200;201;202,75.760;50.773;97.434;78.292;47.923,-0.16704746449275007,-0.5099026238932105,-2.8187800946824004,-0.1316048800971162,0.2763353561362153,0.20404510072131776,,,,,,,21.353,
1763050012.082756,58,107;108;200;201;202,76.344;46.379;92.329;77.457;50.352,-0.13383210000417775,-0.4960256927201452,-2.816644931700431,-0.12413243854124208,0.2705131163679028,0.2053653615731049,,,,,,,20.472,
1763050012.214241,59,107;108;200;201;202,74.525;48.979;97.798;79.876;54.477,-0.10265218334854224,-0.4845957338693824,-2.818234870283871,-0.11889441499948236,0.26358894249533876,0.20731016051587284,,,,,,,19.740,
1763050012.347469,60,107;108;200;201;202,76.665;49.352;89.098;85.423;52.405,-0.0882873749485225,-0.46779361654627705,-2.809111268160208,-0.11733898245039115,0.2644230390803288,0.20870646498452716,,,,,,,19.030,
1763050012.484504,61,107;108;200;201;202,75.576;51.437;96.968;87.727;54.548,-0.07283207061946405,-0.4589163218620196,-2.807684536456754,-0.1163090381665464,0.2620070133629958,0.21063076722108265,,,,,,,18.587,
1763050012.610761,62,107;108;200;201;202,77.437;49.852;91.912;79.942;54.686,-0.06516597238633137,-0.4576636902623871,-2.809724011411298,-0.11394384667970434,0.2614256978411096,0.2105572329096438,,,,,,,18.483,
1763050012.744574,63,107;108;200;201;202,75.722;50.084;90.705;85.561;56.461,-0.057463796415658214,-0.44751464203057295,-2.806099810117275,-0.1130772540270934,0.2608273015304029,0.211548268901083,,,,,,,18.063,
1763050012.879454,64,107;108;200;201;202,74.873;48.178;96.675;76.577;59.340,-0.04511596597504803,-0.45083673415890596,-2.811439217916301,-0.10922159855622268,0.2555395207536961,0.21221405677397703,,,,,,,18.111,
1763050013.016775,65,107;108;200;201;202,75.602;48.581;90.465;80.474;56.072,-0.043758472070725044,-0.4481565003579417,-2.8090733346406376,-0.1085695808835751,0.2559745079911688,0.2124472127135819,,,,,,,18.012,
1763050013.152524,66,107;108;110;200;201;202,71.939;49.935;18.644;92.656;78.610;55.259,-0.05352885672678263,-0.451719025992111,-2.7992654025915176,-0.10398077877748238,0.26130130919423616,0.206699375216745,,,,,,,18.243,
1763050013.316040,67,107;108;200;201;202,72.376;50.807;95.367;80.137;55.686,-0.04400530346578292,-0.4530958484129963,-2.8068170020684624,-0.10562214187561243,0.2575905593575275,0.20919192281036786,,,,,,,18.219,
1763050013.468034,68,107;108;200;201;202,72.762;50.768;95.331;81.070;52.300,-0.04133043081010036,-0.4555869949988374,-2.811275880080654,-0.10773150514680854,0.25603122471968165,0.2102850916496273,,,,,,,18.284,
1763050013.606725,69,107;108;200;201;202,76.339;52.451;92.788;76.399;55.553,-0.03927387637784671,-0.4636942629609465,-2.8177729392294544,-0.10809668543660902,0.25711398176257644,0.2104403197823718,,,,,,,18.563,
1763050013.734726,70,107;108;200;201;202,73.597;49.988;94.726;80.478;58.726,-0.03288733851503669,-0.4587915322827215,-2.817827799319427,-0.10738926713464277,0.2545215659806961,0.21196085042773227,,,,,,,18.350,
1763050013.865251,71,107;108;200;201;202,75.399;48.481;94.017;78.042;52.769,-0.034623025159791675,-0.4603330016240783,-2.817223152629729,-0.10730639988423164,0.2543605878338327,0.21118279061091266,,,,,,,18.419,
1763050014.001389,72,107;108;200;201;202,73.416;49.782;97.035;80.796;51.813,-0.03609220086097311,-0.4617903360918756,-2.818382928713876,-0.10850602569014318,0.25342008505405594,0.2115989330158499,,,,,,,18.475,
1763050014.130654,73,107;108;200;201;202,76.627;50.805;91.613;77.085;53.021,-0.03897999863454694,-0.46605451703618556,-2.8203294523474542,-0.10892437844092702,0.2562231992667203,0.2110065202135004,,,,,,,18.641,
1763050014.265502,74,107;108;200;201;202,75.967;49.553;92.847;78.745;53.782,-0.04012570290011432,-0.4649886168229444,-2.8202671254301848,-0.10874035898073209,0.2567770075311427,0.21106435427768527,,,,,,,18.604,
1763050014.396414,75,107;108;200;201;202,75.834;48.825;93.749;75.195;52.086,-0.04086319551026353,-0.4684273875647307,-2.821317778251082,-0.10820039833380626,0.2564223596317368,0.210530524010077,,,,,,,18.735,
1763050014.526277,76,107;108;200;201;202,76.250;48.210;94.798;81.574;55.290,-0.04001450638555107,-0.462215946623016,-2.8167540714015993,-0.10784986242557726,0.25540058146725775,0.21135431182809314,,,,,,,18.512,
1763050014.654577,77,107;108;200;201;202,75.937;51.233;97.715;79.576;54.147,-0.03859778302084087,-0.4657961504459045,-2.8213749662110152,-0.1081815946680236,0.2545952739071578,0.2109835350819903,,,,,,,18.624,
1763050014.790618,78,107;108;200;201;202,74.974;48.648;92.239;79.039;54.209,-0.03868009072494459,-0.4611535571655241,-2.8187361283557113,-0.10779960017174156,0.2547587643405672,0.21152121311239022,,,,,,,18.456,
1763050014.919653,79,107;108;200;201;202,74.817;48.870;91.743;79.516;55.152,-0.03807347836363656,-0.4576940397642167,-2.8162714001245375,-0.10765955160436183,0.2546236405378321,0.21202087754492288,,,,,,,18.331,
1763050015.050839,80,107;108;200;201;202,73.740;51.033;95.306;82.014;53.507,-0.03753925512472432,-0.4566027200966423,-2.81764833548531,-0.10894374706916432,0.2542717889899091,0.21239049769882828,,,,,,,18.279,
1763050015.182689,81,107;108;200;201;202,77.617;49.753;95.728;77.854;60.532,-0.03316113285459819,-0.4570418487589444,-2.818383220080675,-0.10656139926241885,0.2523933082036948,0.21243195245879934,,,,,,,18.280,
1763050015.314375,82,107;108;200;201,74.255;49.763;93.688;81.398,-0.09353367033033672,-0.4997080624294648,-2.8227117539613387,-0.12537055303002986,0.2730638503754757,0.20270813990242637,,,,,,,20.227,
1763050015.447116,83,107;108;200;201;202,75.516;51.113;93.265;79.095;55.924,-0.07542680488120987,-0.4875905211331469,-2.8224368422605277,-0.12032165315802122,0.2677485513375525,0.20540147413443882,,,,,,,19.640,
1763050015.580002,84,107;108;200;201;202,74.242;47.915;90.942;81.856;60.111,-0.06026050667030917,-0.46856046278934826,-2.8146997743322157,-0.11540660700626924,0.2621131313664195,0.20873353014359072,,,,,,,18.857,
1763050015.715337,85,107;108;200;201;202,76.875;52.484;87.836;81.866;51.867,-0.05844846054929509,-0.4649575892660893,-2.812659917711976,-0.1158311170688865,0.2647825826957649,0.2084953348659644,,,,,,,18.718,
1763050015.850819,86,107;108;110;200;201;202,76.964;50.454;15.780;95.674;82.371;56.654,-0.21141093943635342,-0.46396556945283535,-2.787848263493479,-0.11964615375610005,0.26805037044526864,0.21148826904002696,,,,,,,20.481,
1763050015.978365,87,107;108;200;201;202,73.583;52.848;94.951;75.499;51.745,-0.1595876398824612,-0.4733963813604484,-2.805852451692421,-0.11738677729389588,0.26470199890434926,0.2103823838978375,,,,,,,19.975,
1763050016.111168,88,107;108;200;201;202,74.060;50.838;95.701;81.510;58.485,-0.11770112812986148,-0.4652413648028667,-2.810635739287013,-0.11419812788503203,0.25943940250009845,0.21147077675707276,,,,,,,19.173,
1763050016.243494,89,107;108;200;201;202,75.745;48.968;91.733;79.613;55.202,-0.09509380455255052,-0.46126472376099326,-2.8110436319193735,-0.11206148473569952,0.2585453101374321,0.21159308786180095,,,,,,,18.819,
1763050016.376521,90,107;108;200;201;202,73.201;52.739;92.250;74.080;55.289,-0.07498434299947873,-0.47052244361984136,-2.8210462532625398,-0.11112989775288548,0.25750153145952825,0.21164198376130852,,,,,,,18.983,
1763050016.544648,91,107;108;200;201;202,75.559;50.483;86.817;76.466;49.549,-0.06918007057332895,-0.4709523284837197,-2.8199480826862664,-0.11171823187700114,0.2610190998814636,0.2105613979451744,,,,,,,18.971,
1763050016.671574,92,107;108;200;201,77.337;53.538;90.852;78.567,-0.12074238903511972,-0.517218685589118,-2.8280282233560086,-0.12981420734556615,0.2824901910022467,0.20020343669601348,,,,,,,21.086,
1763050016.803595,93,107;108;200;201;202,74.995;49.291;92.552;74.873;51.386,-0.09587707172625017,-0.5065258145642768,-2.8280830677705566,-0.12342521721952644,0.27472123473888604,0.2025741758324643,,,,,,,20.476,
1763050016.929927,94,107;108;200;201,75.492;52.376;94.769;77.346,-0.13714450086218063,-0.5440261435092064,-2.8361935852984757,-0.1369281841717072,0.2889253013998407,0.19502092120703662,,,,,,,22.202,
1763050017.066528,95,107;108;200;201;202,76.254;52.453;96.082;79.423;52.431,-0.10845962017081501,-0.5255692623104257,-2.834519370507798,-0.12963261238730872,0.27953376399214136,0.19951465826961132,,,,,,,21.263,
1763050017.195029,96,107;108;200;201,75.599;52.119;83.782;78.640,-0.1521572994651851,-0.550493269347237,-2.8317327888213484,-0.14301402378028338,0.29922778957418095,0.19225298753245612,,,,,,,22.622,
1763050017.326677,97,107;108;200;201;202,76.872;53.416;87.795;71.988;58.132,-0.28102036380294093,-0.5335175838320464,-2.8164779996604437,-0.14345696987601816,0.2904578453795651,0.20776748661921643,,,,,,,23.960,
1763050017.455065,98,107;108;200;201,78.278;48.001;92.080;71.832,-0.27303781888331086,-0.5677172080142017,-2.824763479047322,-0.14847086048518804,0.30128592086769945,0.19778185681133495,,,,,,,24.949,
1763050017.590953,99,107;108;200;201,77.397;48.778;94.363;74.911,-0.2656221286287349,-0.5881600007951618,-2.8298117766205535,-0.1526471818232699,0.30773073312708205,0.19166143361320642,,,,,,,25.507,
1763050017.731685,100,107;108;110;200;201;202,78.428;50.619;17.761;94.265;75.238;51.956,-0.2141030709063511,-0.5591352862409573,-2.8178590790698532,-0.1352629887114298,0.2983220550177698,0.18931665569266998,,,,,,,23.784,
1763050017.864411,101,107;108;200;201,74.548;51.363;91.496;80.058,-0.22056559452399296,-0.5735038313072721,-2.8232850236488893,-0.14609125512117618,0.30682160656483654,0.18661824856471965,,,,,,,24.359,
1763050017.988166,102,107;108;200;201;202,77.669;49.202;87.768;79.238;49.294,-0.17371751632502697,-0.540590458605828,-2.8195111651160047,-0.13622296608262316,0.2959047954933981,0.19272244733265817,,,,,,,22.570,
1763050018.121475,103,107;108;200;201;202,75.559;51.666;89.513;76.464;51.709,-0.13704768274553553,-0.5228714351900554,-2.82304648130337,-0.12898671908830794,0.28690693484792223,0.1976133860529154,,,,,,,21.483,
1763050018.248977,104,107;108;200;201,77.748;49.109;85.594;80.640,-0.1730497224710042,-0.5424369132884379,-2.8187599752880503,-0.14111048997061246,0.3025568998515461,0.19119853044133742,,,,,,,22.635,
1763050018.382687,105,107;108;200;201,77.126;51.908;85.454;76.240,-0.19715778192635108,-0.5672349818483416,-2.8237128111781487,-0.1502442277618044,0.3145786892147785,0.18586652202341988,,,,,,,23.815,
1763050018.518302,106,107;108;200;201;202,75.719;47.947;91.367;76.882;58.160,-0.14586366431866568,-0.5324941156333911,-2.822299628864173,-0.13578574191494627,0.29567227353366,0.19411622187379454,,,,,,,21.940,
1763050018.648979,107,107;108;200;201,74.112;48.683;94.506;78.134,-0.17224818626447544,-0.5565606635416358,-2.8262916316663085,-0.1446044294126094,0.30219632792937035,0.1900118600157162,,,,,,,23.102,
1763050018.782474,108,107;108;200;201;202,78.191;53.029;95.113;76.216;52.004,-0.28137674014649744,-0.5417956883467205,-2.813904221186467,-0.14485159582075058,0.29221153232356895,0.204988415923571,,,,,,,24.269,
1763050018.915066,109,107;108;200;201;202,75.281;49.529;91.799;74.596;54.170,-0.20775729139868712,-0.5227734304674942,-2.8198235493203367,-0.1329493741916279,0.2811956843573915,0.20547334843541562,,,,,,,22.362,
1763050019.045377,110,107;108;200;201;202,77.766;49.787;88.473;75.372;54.141,-0.1598354267055767,-0.5079587698089171,-2.819968028371976,-0.12515112773719528,0.27621283433328014,0.20580955361087877,,,,,,,21.188,
1763050019.190712,111,107;108;200;201;202,78.378;49.602;91.341;68.888;52.230,-0.12616034305449703,-0.508956330292815,-2.826364018339038,-0.1184095622263745,0.2712860691562063,0.20509076345589056,,,,,,,20.831,
1763050019.342009,112,107;108;200;201;202,74.627;52.304;94.299;72.996;50.618,-0.10069608403417774,-0.508338069563811,-2.8330775652171583,-0.1160602244365292,0.267415602440266,0.20573483331146655,,,,,,,20.553,
1763050019.470873,113,107;108;200;201,74.957;50.839;93.850;77.415,-0.14005362100775223,-0.5441701474752864,-2.83682481518405,-0.13147725689004483,0.28408594876138515,0.19747024274981434,,,,,,,22.231,
1763050019.608851,114,107;108;200;201;202,77.101;50.662;86.555;78.358;57.133,-0.11058764212549452,-0.5165383044633926,-2.828888333223884,-0.12434586203834709,0.2781386596248172,0.201553075889761,,,,,,,20.968,
1763050019.744416,115,107;108;200;201;202,75.661;50.002;90.170;71.704;41.831,-0.10018165824234625,-0.51664806138145,-2.832849886940704,-0.1218070993869646,0.27617994839480564,0.20152673048811928,,,,,,,20.868,
1763050019.868313,116,107;108;200;201,75.162;47.945;89.626;73.816,-0.14464004602623337,-0.5499732318218874,-2.834776153342124,-0.13464806797536008,0.2911332400766039,0.1935846095501478,,,,,,,22.507,
1763050020.002292,117,107;108;200;201;202,80.061;51.942;89.462;75.920;50.233,-0.11932290672230778,-0.5312482806625837,-2.8317849047338526,-0.1275767797478647,0.2854539020456276,0.19665372217440147,,,,,,,21.585,
1763050020.135450,118,107;108;200;201,78.259;52.480;86.128;73.473,-0.1593294324316845,-0.5649105369522086,-2.8357673254960174,-0.13991771314933174,0.3021362876922493,0.1885241583314748,,,,,,,23.209,
1763050020.263476,119,107;108;200;201,76.518;51.460;92.562;76.097,-0.18323887437781916,-0.5864857122582321,-2.8389109439606974,-0.1479305743793518,0.3099751542721581,0.18469287980897764,,,,,,,24.251,
1763050020.399866,120,107;108;110;200;201;202,75.978;50.597;15.711;93.087;76.390;56.398,-0.15057075004780746,-0.5523537681816482,-2.824140886041513,-0.13174801292772542,0.29781851915701674,0.187186971215313,,,,,,,22.723,
1763050020.532775,121,107;108;110;200;201;202,76.274;49.443;19.152;89.035;76.475;55.593,-0.13282503118345262,-0.5252239191007643,-2.806450133179423,-0.11930807612580145,0.292380490156827,0.18770864079175378,,,,,,,21.630,
1763050020.664991,122,107;108;200;201;202,75.820;52.515;92.577;82.012;54.753,-0.10549698546007928,-0.5052551368045014,-2.8101100432386987,-0.1171289348637513,0.2832413947192966,0.1953527103392291,,,,,,,20.603,
1763050020.793112,123,107;108;200;201,76.514;50.790;93.209;77.531,-0.1452551652593405,-0.5404126960088762,-2.8197014510217477,-0.1320859361417736,0.2953714534087768,0.1897069660007041,,,,,,,22.248,
1763050020.925656,124,107;108;200;201;202,77.467;50.976;94.777;79.173;52.547,-0.11679717572204676,-0.5213571102831407,-2.8211159594609896,-0.1253922745446475,0.28507649444084093,0.19610575180960835,,,,,,,21.250,
1763050021.057879,125,107;108;200;201;202,77.722;49.900;85.900;79.368;57.685,-0.09400262353438886,-0.49723604358661166,-2.815691917145172,-0.11972727118799247,0.27932600908271205,0.20101986706226388,,,,,,,20.175,
1763050021.190561,126,107;108;200;201;202,79.463;50.280;91.262;75.527;49.574,-0.0854345080835834,-0.49517268182819196,-2.8189717978959146,-0.11689560664857007,0.27607262572253555,0.2025880839040975,,,,,,,20.017,
1763050021.320878,127,107;108;200;201;202,78.223;52.884;89.271;74.984;51.762,-0.07516957195559378,-0.49423503670861657,-2.822886901670993,-0.11519453099966794,0.27424432293158285,0.20354450704136254,,,,,,,19.894,
1763050021.454753,128,107;108;200;201;202,78.247;50.220;89.189;72.690;51.785,-0.06915758272606572,-0.4933336335310013,-2.824547126426673,-0.11250793433616361,0.2718774757371032,0.20433857434886388,,,,,,,19.816,
1763050021.586590,129,107;108;200;201;202,72.261;51.236;94.995;75.067;49.997,-0.05975782096227162,-0.49309354151606166,-2.8306489810337574,-0.1125484588546836,0.2667127963998334,0.20629403924824052,,,,,,,19.725,
1763050021.722623,130,107;108;200;201;202,78.161;52.729;90.671;83.311;58.111,-0.0525403146640353,-0.4768204729506549,-2.8233751738118147,-0.11187226225763659,0.26562942281777413,0.2083867449851291,,,,,,,19.098,
1763050021.850365,131,107;108;200;201;202,74.628;49.421;90.694;73.797;50.668,-0.050628046328562576,-0.481044778325535,-2.825164363108783,-0.11123669352430242,0.2645620812304904,0.2088779348089241,,,,,,,19.245,
1763050022.019016,132,107;108;200;201;202,77.293;50.167;91.986;74.403;51.644,-0.051192117681222435,-0.4840645261274644,-2.8270207951836905,-0.11035539381847424,0.2640060858818733,0.20872760803072948,,,,,,,19.356,
1763050022.147450,133,107;108;200;201;202,76.696;50.598;92.625;72.476;53.672,-0.2024051443936139,-0.49164043331167023,-2.8175385627316216,-0.11972196590156339,0.2634054379026361,0.21551376220659374,,,,,,,21.169,
1763050022.278111,134,107;108;200;201;202,76.694;44.963;89.244;74.153;56.232,-0.15288907570954968,-0.48009579468034597,-2.8147355281743143,-0.1135332231074543,0.26011498834235947,0.21364737825799074,,,,,,,20.094,
1763050022.409975,135,107;108;200;201;202,77.434;49.177;87.484;66.147;61.655,-0.11171514934131622,-0.4837392076147682,-2.822596383079448,-0.10776610527505343,0.2581557787805589,0.21174151515345574,,,,,,,19.760,
1763050022.544378,136,107;108;200;201;202,77.916;49.627;89.500;72.883;57.236,-0.08856597052836923,-0.48164664679662056,-2.8237555341330096,-0.10593454321690579,0.25862010947881003,0.21114239100604734,,,,,,,19.489,
1763050022.674032,137,107;108;200;201;202,74.012;50.041;83.512;78.185;50.922,-0.07783926651860475,-0.4723240015148159,-2.8194472868353913,-0.1085965298920852,0.2626272245716409,0.21108845048389446,,,,,,,19.079,
1763050022.807597,138,107;108;200;201;202,74.839;51.656;92.646;76.539;56.517,-0.06339171567974912,-0.4718730836336853,-2.822171185963454,-0.10797949548881268,0.26053542067365193,0.21185716329644844,,,,,,,18.963,
1763050022.939504,139,107;108;200;201;202,80.146;47.580;91.350;73.263;55.310,-0.05802087670392834,-0.4743977695792229,-2.8209987697802807,-0.10565746006846798,0.2602830162552034,0.21071532867891543,,,,,,,19.041,
1763050023.071151,140,107;108;200;201,74.950;52.658;94.547;72.036,-0.109655702148379,-0.532765957902205,-2.8380677683319466,-0.1238584482713952,0.27836156735322537,0.1994281922549418,,,,,,,21.525,
1763050023.204554,141,107;108;200;201;202,76.512;55.066;88.574;75.150;52.878,-0.0901279803125507,-0.521111636471676,-2.839333891140483,-0.12117282223436215,0.27592070822458853,0.20178191878167273,,,,,,,20.931,
1763050023.335259,142,107;108;200;201;202,77.783;51.200;93.181;76.713;51.264,-0.07737850051585769,-0.5103771538984816,-2.836396211223818,-0.1178883497497549,0.27173352954689045,0.2032172321898061,,,,,,,20.455,
1763050023.462313,143,107;108;200;201,78.239;50.728;89.168;73.641,-0.12950761824758916,-0.5502075859805935,-2.83908852389978,-0.1321973609767696,0.2906890637935448,0.19350976118677662,,,,,,,22.347,
1763050023.604373,144,107;108;200;201;202,75.768;48.332;86.944;74.382;52.216,-0.10598929499103617,-0.5263953621245118,-2.8326818563707024,-0.12483652017152166,0.2825065871728434,0.1980837541829405,,,,,,,21.286,
1763050023.732849,145,107;108;110;200;201,74.789;49.302;15.485;97.221;78.051,-0.156052709608133,-0.5535074757624875,-2.8235558505059224,-0.13134355021753333,0.29729976582184614,0.18654990174183633,,,,,,,22.827,
1763050023.863201,146,107;108;200;201;202,75.702;54.663;92.124;75.337;49.747,-0.1234124912525369,-0.5388619021384184,-2.829770846438912,-0.12653762156652926,0.28822452491312567,0.19245479814802274,,,,,,,21.921,
1763050023.995655,147,107;108;200;201;202,74.850;53.692;89.222;80.868;51.577,-0.09965902386149471,-0.516290007521265,-2.826930138015192,-0.12367671562350005,0.282273957139436,0.19787313246143845,,,,,,,20.885,
1763050024.128223,148,107;108;200;201;202,74.686;49.919;92.425;76.731;50.139,-0.08431804520831283,-0.5045262272016412,-2.827373631098034,-0.11991199329153725,0.27539016137278244,0.20141569320773434,,,,,,,20.324,
1763050024.255917,149,107;108;200;201,74.307;48.916;92.542;80.040,-0.1298924988298888,-0.5335653132595469,-2.8278051675545886,-0.13453035822447293,0.28941518634235025,0.19492514902855082,,,,,,,21.791,
1763050024.393304,150,107;108;200;201,75.562;51.504;86.086;80.526,-0.1662659646563686,-0.5529981381339456,-2.8259664646802194,-0.14627792222127814,0.304534694398405,0.19009860776849438,,,,,,,22.904,
1763050024.523989,151,107;108;200;201,74.482;45.746;89.700;78.573,-0.19105744078177422,-0.5631859959626017,-2.8217835738171337,-0.1516810199135131,0.3100884723657378,0.18728552857940867,,,,,,,23.602,
1763050024.675846,152,107;108;200;201;202,76.251;50.973;86.030;86.333;51.267,-0.15022885884113138,-0.5225332703869205,-2.81273286923273,-0.14198652387282856,0.2985648113368695,0.1944408851353487,,,,,,,21.669,
1763050024.857692,153,107;108;200;201;202,75.166;51.337;90.605;78.732;57.918,-0.11362444808904935,-0.5014066796130028,-2.8148111379728675,-0.1314666067533694,0.2862241636734564,0.20007299589042632,,,,,,,20.497,
1763050025.193119,154,107;108;200;201;202,76.645;51.183;89.571;72.090;50.703,-0.094308886183769,-0.5010569115086445,-2.8218323398335263,-0.12468144493258394,0.2802165178409775,0.20179404178177676,,,,,,,20.290,
1763050025.366709,155,107;108;200;201;202,76.807;52.342;94.227;75.960;51.264,-0.07951884823687301,-0.4985318450121476,-2.826629325932922,-0.12041676821145636,0.2745287239683764,0.20360969104228302,,,,,,,20.066,
1763050025.511851,156,107;108;200;201;202,74.801;52.805;94.250;82.220;51.057,-0.21167851454143882,-0.49177719907172895,-2.8124103671840786,-0.1297104989513378,0.272345236152475,0.21355331216477974,,,,,,,21.346,
1763050025.642329,157,107;108;200;201,77.514;54.396;89.187;76.789,-0.22296417323285952,-0.5354975275923193,-2.823931576555855,-0.14275453042729008,0.29209960482535463,0.20264469380569053,,,,,,,23.019,
1763050025.776393,158,107;108;200;201;202,74.275;51.229;90.095;81.837;50.566,-0.1713516070995616,-0.5115659768088394,-2.8222330893895826,-0.13474942699120043,0.2838228708658658,0.20485116652884663,,,,,,,21.448,
1763050025.908404,159,107;108;200;201;202,75.997;47.828;91.980;83.166;49.770,-0.13708382536577032,-0.4917052779048158,-2.815311057934523,-0.1281013488661455,0.27701014604837504,0.20693758585751038,,,,,,,20.350,
1763050026.042284,160,107;108;110;200;201;202,79.193;49.285;15.835;94.784;77.590;50.943,-0.12544779327654196,-0.4891680646668337,-2.8044076887437783,-0.11815553024809472,0.277194427493469,0.20184538322968915,,,,,,,20.196,
1763050026.173021,161,107;108;200;201,75.688;54.967;87.734;74.406,-0.16080480099400266,-0.5381989650117317,-2.8207854013678344,-0.13532007799573118,0.29517246035029676,0.19339798059073451,,,,,,,22.324,
1763050026.305435,162,107;108;200;201;202,78.192;49.464;89.057;75.981;51.674,-0.12886526286540576,-0.5192107289193252,-2.819147919708033,-0.1273627388627151,0.28630622272129336,0.19734638815004613,,,,,,,21.289,
1763050026.438568,163,107;108;200;201,72.389;52.291;90.747;77.370,-0.15891755764559368,-0.5512454875833936,-2.8278743111541367,-0.14090159203982094,0.2983461913787994,0.19162566578946597,,,,,,,22.746,
1763050026.571267,164,107;108;200;201;202,75.242;52.607;86.366;80.123;47.563,-0.13047001486158563,-0.5279624862972448,-2.8249619225121365,-0.13501769705669567,0.2918491382317376,0.196698950353667,,,,,,,21.601,
1763050026.701664,165,107;108;200;201,77.738;46.121;85.100;70.890,-0.17066186239706285,-0.5587471215466585,-2.825794127463352,-0.14282969298351042,0.3050203242519375,0.18907538416620007,,,,,,,23.169,
1763050026.836564,166,107;108;110;200;201;202,79.965;52.272;16.725;90.629;78.832;52.728,-0.14910189927679313,-0.5346053073387463,-2.8102967369652627,-0.12940187969036043,0.2990776841255032,0.18876526145491804,,,,,,,22.127,
1763050026.963751,167,107;108;200;201;202,77.120;54.526;85.825;78.774;50.826,-0.12112478068616342,-0.5176389703074202,-2.814713061518297,-0.1258625334491427,0.2928223271227561,0.19427767318752942,,,,,,,21.184,
1763050027.094297,168,107;108;200;201;202,78.062;48.712;93.359;73.010;52.639,-0.09961279136423601,-0.510051643713338,-2.8193990885372786,-0.1191504898623893,0.28251159155054123,0.19846521375994536,,,,,,,20.689,
1763050027.226971,169,107;108;200;201;202,75.172;50.238;87.598;72.779;58.423,-0.07651292604747553,-0.4981689354287802,-2.821439453629881,-0.11402844427379752,0.27466567645018414,0.20207873033982723,,,,,,,20.063,
1763050027.356079,170,107;108;200;201,71.869;51.170;87.833;74.977,-0.12496467197294665,-0.538012616626671,-2.830233474678965,-0.13149918215832057,0.2908291603356658,0.19420029229553612,,,,,,,21.900,
1763050027.492410,171,107;108;200;201;202,76.981;51.844;88.844;73.635;54.454,-0.09935568361558123,-0.5224570337901432,-2.8309819996551164,-0.12443638313469138,0.28283101537410843,0.19821764276375975,,,,,,,21.096,
1763050027.624249,172,107;108;200;201;202,77.720;49.726;86.921;70.050;48.328,-0.08853927645421696,-0.5163166179315923,-2.831960860654809,-0.11965525452960804,0.2791245556015761,0.19978178206128294,,,,,,,20.779,
1763050027.756827,173,107;108;200;201;202,79.396;48.097;89.546;76.481;55.943,-0.07606157791023622,-0.49974911040955033,-2.82534978423664,-0.11483958350004092,0.27384129177070626,0.20276871576146432,,,,,,,20.099,
1763050027.888200,174,107;108;110;200;201;202,77.598;55.098;16.149;87.453;79.693;50.860,-0.08372038241314314,-0.4941137118615315,-2.8124955549946513,-0.11160859462062633,0.279824807180441,0.19856864956505177,,,,,,,20.000,
1763050028.022055,175,107;108;200;201;202,77.523;51.883;89.248;73.087;54.315,-0.07042457043744574,-0.49199138673269344,-2.8187882192956613,-0.10999229835240401,0.27496884198802796,0.20115126629654703,,,,,,,19.802,
1763050028.151871,176,107;108;200;201;202,78.751;49.410;87.737;77.204;55.671,-0.06353090305678753,-0.4819712633959094,-2.815872514807607,-0.10877499741646986,0.2719393396902854,0.20421955051394583,,,,,,,19.391,
1763050028.282231,177,107;108;200;201;202,75.203;48.779;91.315;77.489;54.601,-0.05490008976110635,-0.47464305551734715,-2.8160571861533845,-0.10812057720610907,0.2671564829581623,0.20662540420793774,,,,,,,19.062,
1763050028.410572,178,107;108;200;201,75.104;54.358;92.146;67.547,-0.10738901777968032,-0.5404930889701297,-2.839810697770439,-0.1257276807338916,0.28424527969455554,0.19505531979029062,,,,,,,21.791,
1763050028.545596,179,107;108;200;201,78.814;53.556;85.998;70.788,-0.15168958438206878,-0.5787365741345193,-2.8468470968260013,-0.13849595490606365,0.3019333702560015,0.18658324927462527,,,,,,,23.574,
1763050028.678883,180,107;108;200;201,76.796;53.578;92.014;76.186,-0.17866528782225571,-0.5981658629677394,-2.8484944151848466,-0.14755621203607885,0.31042237266340983,0.1828758776346698,,,,,,,24.564,
1763050028.814700,181,107;108;200;201;202,76.719;48.472;94.014;79.081;49.990,-0.1411462277689243,-0.5581110563262855,-2.839869177152998,-0.13634533819270606,0.29457205654804824,0.1911008804172002,,,,,,,22.746,
1763050028.943549,182,107;108;200;201;202,77.160;52.270;89.021;76.590;49.264,-0.11672986069911749,-0.53575783148876,-2.835973883140271,-0.12979414352518887,0.2876647178198242,0.19583510996273473,,,,,,,21.709,
1763050029.074169,183,107;108;200;201,77.117;53.591;91.264;73.034,-0.15314233106954275,-0.5724671935925071,-2.844498978535817,-0.141143575795511,0.3008272219057923,0.18842410305413726,,,,,,,23.370,
1763050029.210157,184,107;108;200;201;202,75.472;47.436;86.213;77.011;50.484,-0.1244265967262878,-0.538464660444045,-2.833860809895229,-0.13205972256408746,0.2900487204765673,0.19515438819821368,,,,,,,21.890,
1763050029.344687,185,107;108;200;201;202,76.498;49.584;91.278;79.730;56.385,-0.09881127495366734,-0.5119026609330776,-2.8275461363829324,-0.12451033113362835,0.2802330792010422,0.2004250453397349,,,,,,,20.707,
1763050029.475939,186,107;108;200;201;202,77.682;48.961;90.574;79.676;54.648,-0.2356138712491813,-0.4959129623236812,-2.805881462241301,-0.13028246630445453,0.2763175071591242,0.21218851928100263,,,,,,,21.920,
1763050029.602926,187,107;108;200;201;202,76.331;51.363;91.595;80.416;51.701,-0.17997493371637377,-0.48706313181170185,-2.810302990941747,-0.12534201109119625,0.272582984425671,0.2108525547275335,,,,,,,20.724,
1763050029.736704,188,107;108;200;201;202,78.518;51.637;93.727;79.692;56.070,-0.13778980900536913,-0.48186673416499787,-2.8134465553856294,-0.1199961138860135,0.2685292340028599,0.21057338006676446,,,,,,,19.996,
1763050029.872374,189,107;108;110;200;201;202,74.040;45.890;13.672;86.454;75.544;53.421,-0.12094106646541072,-0.4737272301506028,-2.7998600557975544,-0.11204929138053736,0.27004038255913804,0.20586446932534352,,,,,,,19.587,
1763050029.998093,190,107;108;200;202,74.479;50.872;86.073;54.718,-0.07305291500478862,-0.6031127134692191,-2.891660932405645,-0.08846344447366795,0.25638966916187744,0.1894441551059856,,,,,,,23.625,
1763050030.127282,191,107;108;200;201,78.867;54.169;87.218;81.986,-0.1281497791088807,-0.6048050026723549,-2.8720070013391985,-0.11320093942193801,0.2839601162801929,0.18342948560132394,,,,,,,24.168,
1763050030.265229,192,107;108;200;201;202,77.589;50.663;87.009;75.170;52.729,-0.10381328785167827,-0.5653066301591569,-2.8569550568779523,-0.11192093110533545,0.2792197578369072,0.19048659121549438,,,,,,,22.601,
1763050030.443273,193,107;108;200;201;202,77.968;53.393;90.788;75.577;52.082,-0.08809216200533769,-0.5433600326711826,-2.8511325734268986,-0.11182961651072201,0.2759834707902103,0.1953383169420866,,,,,,,21.699,
1763050030.559106,194,107;108;200;201,76.377;51.245;91.810;74.831,-0.1321523798727744,-0.5736939678661512,-2.85093069678659,-0.1282020213719418,0.29180609146040554,0.1888224548179223,,,,,,,23.178,
1763050030.691286,195,107;108;200;201,79.059;51.795;87.864;74.619,-0.16895614199411568,-0.5940958157864737,-2.847853390417391,-0.13968009860544298,0.3061794934997647,0.18348265200488925,,,,,,,24.313,
1763050030.825712,196,107;108;200;201;202,79.704;52.791;90.432;77.456;50.409,-0.13659285405676508,-0.5629772787949439,-2.841334403971697,-0.13198016410248983,0.2957833572981351,0.19005260048739764,,,,,,,22.877,
1763050030.958419,197,107;108;200;201;202,77.271;50.540;84.895;77.525;50.400,-0.11425414704496839,-0.5348921396218539,-2.8327359425586383,-0.12650252532715317,0.289224467541843,0.1953462268266707,,,,,,,21.675,
1763050031.087519,198,107;108;200;201;202,72.905;50.605;89.514;72.946;48.880,-0.09311894083089489,-0.522902697489877,-2.8338268931777897,-0.1222442427241618,0.28131445116339937,0.19927244129970026,,,,,,,21.052,
1763050031.218325,199,107;108;200;201,73.676;52.821;89.938;73.243,-0.13563264970580885,-0.5593567595307491,-2.8434263109834204,-0.13655187275702158,0.2952109305102684,0.19160271693104086,,,,,,,22.719,
1763050031.347905,200,107;108;200;201,74.605;51.196;90.735;77.148,-0.16902551205255167,-0.5793164192127386,-2.84386821222376,-0.1465072063001857,0.3053335659061822,0.18742456898678095,,,,,,,23.794,
1763050031.485364,201,107;108;200;201;202,76.733;51.382;86.150;75.052;50.874,-0.134404263754433,-0.5484124380878501,-2.838731558396445,-0.13625179997921832,0.2945314735197249,0.19308536787095495,,,,,,,22.325,
1763050031.616196,202,107;108;200;201;202,79.344;46.119;86.955;73.586;57.092,-0.10727166248604582,-0.5203663513814589,-2.8296324012603042,-0.12505187972273227,0.28390842932548843,0.1982658376572761,,,,,,,21.084,
1763050031.750742,203,107;108;200;201;202,75.360;51.086;86.301;77.110;52.790,-0.089432278799811,-0.504181556323316,-2.826562800010188,-0.12110322185024688,0.27905711585719517,0.2017940272858931,,,,,,,20.349,
1763050031.882554,204,107;108;200;201;202,76.671;49.354;91.466;79.147;57.389,-0.07408316764084072,-0.48744774482265213,-2.8223393508284498,-0.11628697215263031,0.2719816913162883,0.20554319306826452,,,,,,,19.627,
1763050032.011317,205,107;108;200;201,77.793;53.653;90.221;67.378,-0.12448909337339623,-0.5503984510302945,-2.84098920443865,-0.13077327003988792,0.28986493958715265,0.19386426803295223,,,,,,,22.298,
1763050032.143363,206,107;108;200;201;202,75.951;52.939;92.726;76.470;55.794,-0.09536030635794383,-0.5301610442207428,-2.8392646395721806,-0.124352750093152,0.28053144968883437,0.19882097080723118,,,,,,,21.313,
1763050032.290800,207,107;108;200;201;202,78.470;48.354;93.321;75.290;56.847,-0.0779327811614061,-0.5123630423128918,-2.8342739563551267,-0.11726353927394803,0.27269026949291736,0.20251886840786296,,,,,,,20.547,
1763050032.413487,208,107;108;200;201;202,77.658;54.468;83.888;78.668;52.519,-0.07111082669262828,-0.49999079975399563,-2.8289314377433046,-0.11726664607151209,0.2746157908906542,0.20393690575625242,,,,,,,20.060,
1763050032.540175,209,107;108;200;201;202,76.429;53.990;89.863;75.636;50.760,-0.0653660215804025,-0.49831437375539567,-2.8311644852889586,-0.11631418069865583,0.27289176930385334,0.20475752623055815,,,,,,,19.953,
1763050032.674349,210,107;108;200;201;202,76.529;50.772;85.651;80.022;53.260,-0.06144920951544311,-0.48332138369608724,-2.8235382488984344,-0.11520041151875478,0.272123952592521,0.2067525797903337,,,,,,,19.392,
1763050032.806018,211,107;108;200;201;202,79.013;48.554;91.030;69.323;57.699,-0.05274978651977504,-0.48525336543469605,-2.8268126513673892,-0.10969263958838175,0.26728984122391464,0.20746128857747542,,,,,,,19.410,
1763050032.936146,212,107;108;200;201;202,75.746;51.399;94.768;78.503;54.602,-0.04678591398065667,-0.4812692290652486,-2.8269766298493284,-0.10950902342715889,0.26378379683636166,0.20886327891424816,,,,,,,19.229,
1763050033.073250,213,107;108;200;201;202,80.049;52.644;91.162;78.972;60.232,-0.043544876648503504,-0.4746929851920238,-2.8235366361532273,-0.10804521016014769,0.2629767709795715,0.20946593858191376,,,,,,,18.979,
1763050033.199380,214,107;108;200;201,74.260;49.670;91.912;80.289,-0.10100195094454384,-0.5109923781225825,-2.8261631982701476,-0.12641474369894454,0.2807663156084683,0.2003717217908078,,,,,,,20.696,
1763050033.333194,215,107;108;200;201,76.792;55.451;90.659;82.348,-0.1430113357325345,-0.5412578806635326,-2.8308061903444055,-0.14127585203142243,0.29706623547350086,0.19329650298560194,,,,,,,22.188,
1763050033.465520,216,107;108;200;201;202,77.569;50.902;85.777;77.638;53.931,-0.11562397906021384,-0.5178316856653402,-2.8256676722089242,-0.1319444778410443,0.2888252127690852,0.19802058743490353,,,,,,,21.079,
1763050033.599604,217,107;108;200;201;202,78.907;50.517;94.338;75.867;51.409,-0.09649002300221612,-0.5088542573877494,-2.826609956418881,-0.12472064866257436,0.2805883713084899,0.20076430814772267,,,,,,,20.578,
1763050033.729133,218,107;108;200;201;202,78.907;50.517;94.338;75.867;51.409,-0.09649002300221612,-0.5088542573877494,-2.826609956418881,-0.12472064866257436,0.2805883713084899,0.20076430814772267,,,,,,,20.578,
1763050033.865533,219,107;108;200;201;202,73.279;52.257;85.795;78.280;53.956,-0.07958479150870183,-0.49291596001283977,-2.8245720260026657,-0.12153299464310768,0.2762746530517826,0.20430527356381734,,,,,,,19.861,
1763050033.990493,220,107;108;200;201,76.029;51.134;90.772;73.667,-0.12720159133756048,-0.5371115002201861,-2.833709048098181,-0.13488050617011826,0.29138394790443,0.19468602871515328,,,,,,,21.864,
1763050034.124353,221,107;108;200;201,78.588;48.492;87.029;76.472,-0.1669372048019652,-0.560237498632111,-2.8295928060810467,-0.1439907421246711,0.3050852939497195,0.1884762193162938,,,,,,,23.158,
1763050034.253929,222,107;108;200;201,76.883;50.929;89.466;81.832,-0.19166852431237627,-0.5708577473055558,-2.8269923988323797,-0.1522286511840224,0.3136523114131955,0.18554939037193427,,,,,,,23.857,
1763050034.389130,223,107;108;200;201;202,79.074;54.336;94.793;77.842;53.086,-0.14838538739348456,-0.5473607906241503,-2.830204676995414,-0.1401090124165698,0.29846982862091226,0.19142744356009042,,,,,,,22.475,
1763050034.516787,224,107;108;200;201,76.984;53.881;90.956;78.372,-0.1776211199504381,-0.5714946218521331,-2.8344414503238284,-0.1493055191461457,0.30893116753591277,0.1864049990291182,,,,,,,23.664,
1763050034.654347,225,107;108;200;201;202,75.136;49.975;92.126;78.927;56.195,-0.13332346848515683,-0.5367481696995597,-2.830897168252603,-0.13681764097558657,0.29233713963275365,0.19399945276826897,,,,,,,21.924,
1763050034.787923,226,107;108;200;201;202,78.845;49.375;87.844;82.810;64.194,-0.10121683331926819,-0.5011484859607436,-2.819304907251822,-0.1266590243900231,0.28192621535606455,0.20046159353755164,,,,,,,20.359,
1763050034.916004,227,107;108;200;201;202,75.098;51.194;99.364;84.694;58.238,-0.07835941659788408,-0.48387053510489225,-2.818558004667891,-0.12132833201606247,0.2714033897715132,0.20508151498892693,,,,,,,19.535,
1763050035.050018,228,107;108;200;201;202,77.489;48.146;95.215;85.839;53.910,-0.07066143541419379,-0.4681872088215354,-2.8122365553191444,-0.1176980040507288,0.26657453662312497,0.20754179158752079,,,,,,,18.912,
1763050035.181638,229,107;108;200;201;202,75.140;50.968;91.751;76.492;55.645,-0.058514834837002976,-0.46836217054819423,-2.8161070515763766,-0.11441590068814551,0.26364221720041064,0.208465591776691,,,,,,,18.833,
1763050035.310732,230,107;108;200;201,79.091;51.178;92.933;81.437,-0.11503574007171635,-0.5085310675482375,-2.819808612028083,-0.1303767399387919,0.2830132155432927,0.19832150903911458,,,,,,,20.753,
1763050035.444395,231,107;108;200;201;202,75.479;50.865;98.062;79.021;63.637,-0.08313229393196107,-0.49244169230304163,-2.822198690040881,-0.1215325377723267,0.2706934623777251,0.2036520134634819,,,,,,,19.878,
1763050035.575324,232,107;108;200;201;202,77.819;54.244;92.029;82.814;59.027,-0.06753916723306894,-0.48050224675228215,-2.820517948078868,-0.11826450302762134,0.26808230196391797,0.2061171294081325,,,,,,,19.330,
1763050035.710303,233,107;108;200;201;202,76.974;48.606;86.600;76.276;59.697,-0.05665885654736258,-0.46901357755141476,-2.8165194575259798,-0.11322044951596447,0.26539765864776727,0.20815796743832377,,,,,,,18.848,
1763050035.839931,234,107;108;200;201;202,77.371;48.850;92.481;76.115;57.435,-0.04859955807917642,-0.4666828389053641,-2.8172719756677775,-0.10984935083489758,0.26157049831251994,0.20836720334593772,,,,,,,18.717,
1763050036.010795,235,107;108;200;201;202,76.223;54.838;94.400;79.083;61.316,-0.03884646061676291,-0.4670933112690271,-2.822193772178006,-0.10930789311942045,0.2591808348204066,0.20921056902506213,,,,,,,18.672,
1763050036.139993,236,107;108;200;201;202,76.386;51.295;96.016;80.678;52.587,-0.04012923497477869,-0.46829476440288764,-2.8226258872264354,-0.10998588471073852,0.2586809733734168,0.20973800028976,,,,,,,18.721,
1763050036.274535,237,107;108;200;201;202,75.404;49.680;99.004;80.595;59.570,-0.03500514560640688,-0.4650502328612334,-2.823032299026126,-0.10811226105938887,0.2540953045886205,0.2116617510042603,,,,,,,18.576,
1763050036.404173,238,107;108;200;201;202,75.030;55.491;91.245;88.133;57.975,-0.03428192895541702,-0.455626140189099,-2.818075452743921,-0.11087605324623206,0.25655323029607946,0.21255492554339817,,,,,,,18.229,
1763050036.535836,239,107;108;200;201;202,78.627;51.187;95.406;80.803;58.825,-0.03361615392452032,-0.4565282250360787,-2.8179626097345394,-0.10923933590668926,0.2559429818325304,0.21210688803267772,,,,,,,18.263,
1763050036.670679,240,107;108;200;201;202,74.281;51.055;96.245;78.333;56.171,-0.030282402350625542,-0.459951849416209,-2.821088064921198,-0.10867469027292541,0.25368802252977257,0.21194422837461754,,,,,,,18.372,
1763050036.801724,241,107;108;200;201,76.049;54.014;91.068;79.549,-0.09218434643152532,-0.5076753427242943,-2.829461192194196,-0.12802821687537932,0.2767285661894812,0.20069238365152384,,,,,,,20.486,
1763050036.932331,242,107;108;200;201;202,74.842;49.867;96.174;82.674;58.853,-0.07206639546538658,-0.48732859283359437,-2.824123378209644,-0.12129169023919813,0.2679225809296148,0.20551446608314927,,,,,,,19.601,
1763050037.062001,243,107;108;200;201;202,75.560;52.587;90.903;80.971;60.803,-0.05752186186348638,-0.4756224024667175,-2.822191104403728,-0.11706399868063283,0.26432417662945745,0.20829256830150414,,,,,,,19.080,
1763050037.194599,244,107;108;200;201;202,71.738;52.071;92.571;80.304;57.174,-0.045631016710718154,-0.46964914529147306,-2.822399177549896,-0.11539109874099718,0.26074517669661623,0.21026797808911332,,,,,,,18.795,
1763050037.328802,245,107;108;200;201;202,76.431;51.548;97.253;86.971;54.036,-0.045418468202837695,-0.4616254764336861,-2.8185556160281235,-0.11483341668061108,0.2592447709872702,0.2112371933494029,,,,,,,18.500,
1763050037.458419,246,107;108;110;200;201;202,71.152;47.868;15.378;97.410;81.959;62.732,-0.045406425118642735,-0.4517959288154497,-2.805937599005722,-0.10688803249546018,0.25740996273233246,0.20882587715873369,,,,,,,18.177,
1763050037.586406,247,107;108;200;201,75.592;49.496;96.158;82.726,-0.1026601531214193,-0.49486400735975533,-2.8132651305519505,-0.1250151113883034,0.27510819471849757,0.20024527660433333,,,,,,,20.163,
1763050037.726322,248,107;108;110;200;201;202,76.906;51.639;17.159;92.343;82.576;61.778,-0.09168973704163819,-0.4781625483814447,-2.799312792435452,-0.11509856531025994,0.27403235490630906,0.19881571734605394,,,,,,,19.509,
1763050037.854315,249,107;108;200;201;202,75.434;52.788;94.502;81.562;61.226,-0.06948630928498964,-0.46903589712648686,-2.8059505122735797,-0.11235389286551442,0.26725134727531985,0.20315196342930059,,,,,,,18.971,
1763050037.983088,250,107;108;200;201,77.946;45.133;94.812;78.154,-0.12194648070229985,-0.5093628551356134,-2.81056815000503,-0.12640026121860076,0.28215427207015187,0.19546413322966572,,,,,,,20.899,
1763050038.113873,251,107;108;200;201,75.114;51.339;95.656;77.479,-0.15515204645930952,-0.5450822872269223,-2.8235296783071377,-0.1384975960745279,0.29253895843673094,0.19016411804829692,,,,,,,22.502,
1763050038.254406,252,107;108;200;201;202,77.666;50.463;98.625;73.579;53.306,-0.1207865285008775,-0.5329637811093465,-2.8296935357876714,-0.12797317120189047,0.2804374546934754,0.19499340898836506,,,,,,,21.675,
1763050038.393515,253,107;108;200;201;202,78.591;51.071;95.993;80.166;59.503,-0.09360153291567277,-0.5115661496471645,-2.8271516397060643,-0.12074611398025406,0.2719883393684028,0.19981845955843883,,,,,,,20.659,
1763050038.520590,254,107;108;200;201;202,77.665;51.523;91.084;78.654;49.693,-0.08392635202901372,-0.5027690745137815,-2.8249203568355097,-0.11877111890785044,0.27099378601879054,0.20185592316792814,,,,,,,20.267,
1763050038.678599,255,107;108;200;201;202,75.195;48.489;99.386;84.868;63.039,-0.06246581152506128,-0.4807083247002719,-2.8185069888261096,-0.11379821419340058,0.2615950704862048,0.2067591281785144,,,,,,,19.322,
1763050038.811253,256,107;108;200;201;202,77.766;50.648;93.215;81.489;61.316,-0.21699967661314773,-0.47140421377531616,-2.8006189357638953,-0.12220569781187297,0.26062206441857544,0.21608331078825257,,,,,,,20.768,
1763050038.941527,257,107;108;200;201;202,77.766;50.648;93.215;81.489;61.316,-0.21699967661314773,-0.47140421377531616,-2.8006189357638953,-0.12220569781187297,0.26062206441857544,0.21608331078825257,,,,,,,20.768,
1763050039.075078,258,107;108;200;201;202,76.162;49.286;92.545;80.361;51.890,-0.16655099548365926,-0.46709832492302544,-2.804543613828662,-0.11882975503263273,0.26016189789111394,0.2135388406456576,,,,,,,19.837,
1763050039.206354,259,107;108;200;201;202,75.633;50.894;96.397;83.831;55.868,-0.12667082636266566,-0.46111041232776817,-2.806930030688477,-0.11608127521852439,0.257881859106738,0.21315068199574116,,,,,,,19.126,
1763050039.338930,260,107;108;200;201;202,75.067;48.941;95.469;82.591;65.221,-0.0910799828696626,-0.4497200603991927,-2.8070186554704297,-0.11099071053428734,0.25297388613390814,0.21428085756281456,,,,,,,18.361,
1763050039.473896,261,107;108;200;201;202,78.590;51.828;93.956;81.424;58.666,-0.07489994912014263,-0.45205524637898015,-2.8092289869550346,-0.1098680814746311,0.25428108187345433,0.21318820204803968,,,,,,,18.325,
1763050039.614003,262,107;108;110;200;201;202,78.303;47.858;15.791;99.083;78.317;53.041,-0.07898135973414183,-0.45904889764709356,-2.801454244711078,-0.10433251613666551,0.2584482472677495,0.20693270829357058,,,,,,,18.664,
1763050039.740984,263,107;108;200;201;202,75.784;51.013;90.946;80.229;54.758,-0.06676042457938755,-0.45893121741358855,-2.804757172325518,-0.1061923344706429,0.2590136965534879,0.20818401930361632,,,,,,,18.567,
1763050039.869111,264,107;108;200;201;202,75.465;48.715;98.017;82.254;51.839,-0.05985159163785421,-0.4575097263822748,-2.807182786673392,-0.10719777936051632,0.25663566410614685,0.20933184615266973,,,,,,,18.461,
1763050039.998858,265,107;108;200;201;202,74.677;51.893;92.261;68.319;61.413,-0.0440617956962704,-0.468572061715563,-2.8215171735660056,-0.10443526226184457,0.2538572856011844,0.20934070804745045,,,,,,,18.751,
1763050040.128246,266,107;108;200;201,76.888;51.479;99.920;84.827,-0.09967264006670416,-0.5076579551387055,-2.826245036738484,-0.1235517532329057,0.27224051466884114,0.20039070749396048,,,,,,,20.558,
1763050040.262508,267,107;108;200;201;202,74.304;49.103;92.933;80.263;56.042,-0.07966369835011372,-0.4899195491077908,-2.8225009216987855,-0.11886490479677722,0.2662211561669185,0.2045854329677877,,,,,,,19.756,
1763050040.395988,268,107;108;200;201;202,78.134;51.714;92.441;83.631;58.595,-0.06745521526973576,-0.47703672716010387,-2.8174410025675742,-0.11583513059969877,0.2641836141739007,0.20722394627251098,,,,,,,19.211,
1763050040.529237,269,107;108;200;201;202,73.230;49.730;96.549;80.862;61.685,-0.049365065464073064,-0.46656012623402465,-2.8173791276105096,-0.11196793459133125,0.2575076793654342,0.21025914418130995,,,,,,,18.715,
1763050040.658730,270,107;108;200;201;202,75.771;50.689;91.587;81.115;59.165,-0.04145368762538591,-0.4598290875977318,-2.8152748623976347,-0.1104891462818739,0.25680795852136235,0.21113036822016393,,,,,,,18.431,
1763050040.791552,271,107;108;110;200;201;202,77.129;49.621;16.658;96.680;83.244;57.555,-0.051725354673335194,-0.45622747089852717,-2.800877055442586,-0.10513349976450617,0.26063579549332394,0.20649293778950237,,,,,,,18.404,
1763050040.924143,272,107;108;200;201;202,71.644;46.554;93.186;77.417;58.419,-0.040373730081428395,-0.4521971300663149,-2.8045732755076775,-0.10403460122557823,0.2550741184842067,0.20930111376256127,,,,,,,18.181,
1763050041.067162,273,107;108;200;201;202,71.837;45.207;95.827;79.586;56.310,-0.036435373060082134,-0.4469537844338612,-2.805447868345476,-0.10334057339661715,0.2507780277116974,0.21181762164774692,,,,,,,17.957,
1763050041.182642,274,107;108;200;201,78.098;51.816;88.187;84.058,-0.10202516619331606,-0.48879500396714043,-2.809428526005601,-0.12444485565953592,0.27655789823545784,0.20128976096808038,,,,,,,19.945,
1763050041.321316,275,107;108;110;200;201;202,76.924;50.993;15.535;98.116;83.055;59.349,-0.09072442894039083,-0.47773018237208187,-2.799780081582738,-0.11523908942363605,0.27312963325195116,0.19994069948022453,,,,,,,19.483,
1763050041.450859,276,107;108;200;201;202,76.076;49.503;100.295;78.556;60.447,-0.06808595137675322,-0.47329885376357345,-2.8079141946949324,-0.11060006397262898,0.2635896765027646,0.20425158804106347,,,,,,,19.119,
1763050041.585927,277,107;108;110;200;201;202,76.062;51.069;14.660;91.522;85.185;60.031,-0.06647738845178836,-0.46020810887007246,-2.7947594802887252,-0.10632093189332978,0.2660109250276022,0.2027186634395117,,,,,,,18.666,
1763050041.715321,278,107;108;200;201,78.809;51.490;92.338;77.660,-0.1193294490112168,-0.5108504364642715,-2.8089697251015573,-0.12492541023703278,0.2843894422828399,0.1938287012541641,,,,,,,20.942,
1763050041.844751,279,107;108;200;201,78.381;49.544;92.652;84.265,-0.1576139872219685,-0.5331978173320056,-2.809116952202625,-0.13822673910388353,0.2975716487379615,0.1894338382157502,,,,,,,22.173,
1763050041.977105,280,107;108;200;201;202,74.371;47.757;90.640;85.314;60.788,-0.11735334393049425,-0.4953750105525941,-2.8029377006618335,-0.12824388116003713,0.2833688387380548,0.1982392715852941,,,,,,,20.366,
1763050042.110062,281,107;108;200;201;202,76.628;49.740;93.930;79.818;56.496,-0.2479062671043698,-0.4842827249114489,-2.7898439759199096,-0.13270759261143866,0.2760434061074265,0.21100729422148545,,,,,,,21.820,
1763050042.242328,282,107;108;200;201;202,78.320;51.386;94.525;75.614;60.464,-0.18140691408359294,-0.4824610972261607,-2.8038652563943236,-0.12339918090608495,0.26918921807102886,0.20958820348388454,,,,,,,20.611,
1763050042.373413,283,107;108;200;201,77.929;49.978;92.946;78.907,-0.1998922566842559,-0.5226718786743069,-2.8118207033755716,-0.1363747173653297,0.2865768524462727,0.2002568334446779,,,,,,,22.297,
1763050042.506225,284,107;108;200;201;202,77.025;51.270;94.262;86.914;53.964,-0.15503244807226862,-0.4970832113387118,-2.810058166092655,-0.12962465077484386,0.2787321502581997,0.2036016902850845,,,,,,,20.782,
1763050042.636772,285,107;108;200;201,77.846;49.549;95.293;81.039,-0.18131858292395628,-0.5299464604386888,-2.815697636033475,-0.14048862864383113,0.29173492363903036,0.19624563846762771,,,,,,,22.293,
1763050042.769013,286,107;108;200;201;202,76.954;50.139;93.828;79.938;60.792,-0.13455845126440902,-0.5047650564791478,-2.8167359365426,-0.12906946096783883,0.2793823111133773,0.20092693961432956,,,,,,,20.810,
1763050042.903774,287,107;108;200;201;202,79.559;56.030;94.849;85.945;56.967,-0.10652776949398793,-0.49152261910387823,-2.8168601504437563,-0.12491024215578851,0.27515183865462683,0.20371023839340516,,,,,,,20.046,
1763050043.032684,288,107;108;200;201,76.196;48.838;93.394;85.953,-0.1462608382078703,-0.5155895424213309,-2.8148195413301416,-0.13828920396100197,0.2899597737517508,0.19717671497899839,,,,,,,21.352,
1763050043.164278,289,107;108;200;201;202,74.187;50.037;90.444;78.077;58.522,-0.10987605802202197,-0.49597553804087974,-2.816298303431026,-0.1284451588688956,0.2792380350561115,0.20212835985848188,,,,,,,20.248,
1763050043.300041,290,107;108;200;201;202,77.718;51.057;92.729;78.262;53.736,-0.09117423286112787,-0.4893786287569944,-2.817352406507897,-0.1228508305089234,0.27382427086076055,0.20384634208211588,,,,,,,19.841,
1763050043.425966,291,107;108;200;201,76.566;49.615;93.279;77.687,-0.13535985616805274,-0.528788991577294,-2.8242438421856595,-0.13568451583665056,0.2884644574936798,0.19536591820823668,,,,,,,21.683,
1763050043.562922,292,107;108;200;201;202,76.584;50.429;97.601;76.644;56.107,-0.10398576612668085,-0.5139499319676368,-2.827541932287996,-0.12627557068984155,0.2767414343213323,0.19986722334128368,,,,,,,20.825,
1763050043.696000,293,107;108;200;201;202,73.003;50.714;94.110;85.252;59.680,-0.07888418318662323,-0.48701743760435484,-2.822281069623289,-0.1209337474721316,0.2683848817820182,0.20507439478197484,,,,,,,19.640,
1763050043.828406,294,107;108;200;201;202,75.417;51.586;95.967;76.991;55.941,-0.0634140333307962,-0.48331965701515034,-2.825480917762768,-0.11662120601738836,0.26349725756741726,0.20698452607233583,,,,,,,19.391,
1763050043.965236,295,107;108;200;201;202,77.033;51.733;90.144;84.665;54.517,-0.05973162788998587,-0.47062218655076343,-2.81877048638771,-0.11575381212994217,0.26396136167444023,0.20822647604162417,,,,,,,18.914,
1763050044.098470,296,107;108;200;201;202,78.930;50.733;89.528;78.165;58.294,-0.05371569601148356,-0.4659872527289958,-2.8166799356358805,-0.11239900825840118,0.26354928273858075,0.2087389522498833,,,,,,,18.715,
1763050044.232286,297,107;108;200;201;202,77.622;54.395;94.548;79.034;56.250,-0.04851383440923226,-0.47030412664790733,-2.821567126155931,-0.11182287774674099,0.26251485052508894,0.20910983100801067,,,,,,,18.836,
1763050044.386427,298,107;108;200;201;202,75.160;50.968;94.490;81.233;61.129,-0.04034680740071168,-0.46144419783954627,-2.81945598942194,-0.10970487995138758,0.25838766511854894,0.2111329476003393,,,,,,,18.469,
1763050044.520628,299,107;108;200;201;202,77.415;51.105;95.959;79.921;51.191,-0.043321530185152037,-0.46598433753876195,-2.820784353515893,-0.11026515225654965,0.2587171119556253,0.2105707718840892,,,,,,,18.651,
1763050044.652919,300,107;108;200;201;202,76.997;53.731;92.464;82.651;48.615,-0.0489750653244965,-0.46814509482149497,-2.8209514660214947,-0.11305425357042838,0.26220082486368673,0.2096923936425492,,,,,,,18.757,
1763050044.787330,301,107;108;110;200;201;202,76.854;55.573;17.680;90.748;82.033;58.747,-0.05661174778633023,-0.4662501168093607,-2.809224743016426,-0.1085422079901059,0.2684684433585051,0.2041827098352149,,,,,,,18.777,
1763050044.915109,302,107;108;200;201;202,75.504;51.952;93.763;77.748;50.322,-0.054556874323793934,-0.4719236495400515,-2.816342012045569,-0.1102524869131128,0.2664048926672867,0.20551783932898232,,,,,,,18.953,
1763050045.049144,303,107;108;200;201;202,71.835;50.177;91.044;71.400;57.267,-0.0423214825228853,-0.4742903436463165,-2.8236785682379755,-0.10808120015605091,0.26110865990940096,0.2072421923691073,,,,,,,18.958,
1763050045.179235,304,107;108;200;201;202,77.161;49.745;94.758;79.077;57.669,-0.03906827834566902,-0.4705203171291022,-2.822060667967673,-0.10698003967837619,0.2585496479980469,0.20865598657941734,,,,,,,18.808,
1763050045.310348,305,107;108;200;201;202,73.970;49.521;92.816;75.281;50.239,-0.04188653405550064,-0.47475441427062803,-2.8243296554795845,-0.10805549036839857,0.2581711544609449,0.20878731091157898,,,,,,,18.971,
1763050045.445304,306,107;108;200;201;202,74.488;51.631;91.608;79.596;58.422,-0.03640906263010487,-0.4681134605776019,-2.822768864881534,-0.10813712050483121,0.25726494468214395,0.210402285795526,,,,,,,18.701,
1763050045.578235,307,107;108;110;200;201;202,78.413;50.609;15.559;94.514;78.739;60.052,-0.0459715633440475,-0.4671061010068803,-2.8103278437405685,-0.10274357695258741,0.261290785368299,0.20601716927366046,,,,,,,18.759,
1763050045.708196,308,107;108;200;201;202,78.296;52.057;92.302;79.707;60.025,-0.04118762828726775,-0.4646837931086332,-2.812049149444302,-0.10371740907128989,0.2603054009010303,0.2075713199287572,,,,,,,18.638,
1763050045.838562,309,107;108;200;201,73.230;51.234;94.612;82.865,-0.09767389093107479,-0.5038176167215578,-2.820018278152787,-0.12414400395694847,0.2772706984121376,0.19919359344840085,,,,,,,20.431,
1763050045.970017,310,107;108;200;201;202,76.483;50.640;92.483;84.076;63.894,-0.07388427294085224,-0.4798039098993525,-2.814585852947757,-0.11801633773812935,0.2691570280089546,0.20448116108203315,,,,,,,19.371,
1763050046.107718,311,107;108;200;201;202,76.142;51.766;92.561;76.533;58.539,-0.22260790864927704,-0.47979709804151105,-2.803342834498541,-0.12568062165207888,0.2663494091474778,0.21459837681219904,,,,,,,21.144,
1763050046.236358,312,107;108;200;201;202,78.388;52.042;94.302;83.929;57.733,-0.16856668269803898,-0.4704653654853915,-2.8061959878354847,-0.12065647360527075,0.263949823110714,0.2131957383789552,,,,,,,19.980,
1763050046.370975,313,107;108;200;201;202,75.535;54.169;91.613;83.079;59.410,-0.12560926605038938,-0.4642032607216825,-2.810346118225044,-0.11800412025989108,0.26252764637885884,0.2128419431957052,,,,,,,19.214,
1763050046.505692,314,107;108;200;201;202,77.534;53.406;95.707;88.782;51.790,-0.1032066772385181,-0.4588626417789867,-2.8090747346215013,-0.1182434226824168,0.26297989392618665,0.21248183598134296,,,,,,,18.804,
1763050046.634612,315,107;108;200;201,75.977;50.626;91.393;84.151,-0.14543953441812021,-0.4967217556632627,-2.8120070464702276,-0.1343198414596198,0.28257621372019887,0.20315579073603834,,,,,,,20.648,
1763050046.768548,316,107;108;200;201;202,76.192;51.424;93.212;84.254;58.329,-0.11189741987041765,-0.4794418255280283,-2.8110814991223347,-0.12687908264351705,0.27485096124388547,0.2065853246539277,,,,,,,19.661,
1763050046.902909,317,107;108;110;200;201;202,76.878;51.893;14.398;90.740;79.602;59.260,-0.0988704571521686,-0.4724142270295443,-2.8021492712646174,-0.11726808105811258,0.27460888354869284,0.20330361510029185,,,,,,,19.327,
1763050047.035704,318,107;108;110;200;201;202,78.852;52.214;18.098;98.413;84.757;62.562,-0.08983384434558565,-0.46471197035645884,-2.7925226925288618,-0.10925522808978151,0.27298790788377925,0.20066612799536163,,,,,,,19.008,
1763050047.159519,319,107;108;200;201;202,77.901;51.765;97.847;78.500;65.314,-0.06418412519450345,-0.4622123637437703,-2.802684808290603,-0.10586090486773901,0.2643608072637604,0.20452449974434353,,,,,,,18.691,
1763050047.291884,320,107;108;200;201;202,77.958;54.230;95.732;79.858;56.441,-0.055397029537662824,-0.4653486587619024,-2.811194568098375,-0.10692882244857403,0.26224283404253335,0.2060098511664666,,,,,,,18.726,
1763050047.426560,321,107;108;110;200;201;202,77.227;54.110;16.643;93.618;77.351;55.618,-0.06225392739408514,-0.47184110483633773,-2.8062235170343395,-0.10371046100169429,0.2670546226361227,0.2010930547270103,,,,,,,19.040,
1763050047.554930,322,107;108;200;201;202,76.541;46.285;98.433;81.434;59.688,-0.05045206078130367,-0.4615866967233992,-2.805519833896135,-0.10230859314242426,0.25944575268606107,0.2054984878099496,,,,,,,18.585,
1763050047.689983,323,107;108;200;201;202,76.425;49.255;93.418;86.730;57.929,-0.04578262942058642,-0.4489375941619396,-2.801123122292827,-0.10398332111464026,0.25790565276006966,0.2082707011512762,,,,,,,18.090,
1763050047.819256,324,107;108;200;201;202,77.216;53.888;96.323;76.852;61.706,-0.03589442731042608,-0.45744870800251,-2.8131769789485395,-0.1038431652635497,0.25569305440628626,0.20905827341771027,,,,,,,18.330,
1763050047.960999,325,107;108;200;201;202,76.415;54.290;88.607;76.619;53.439,-0.038670387711227446,-0.46528635965789805,-2.8181613416620563,-0.10699171250607052,0.25938227810803627,0.2087189308385087,,,,,,,18.621,
1763050048.088607,326,107;108;200;201;202,73.739;50.753;93.804;80.496;55.869,-0.03595891758251651,-0.462066376966934,-2.8194590060816855,-0.10778255588333532,0.2570972123827705,0.21025125093675823,,,,,,,18.480,
1763050048.214255,327,107;108;200;201;202,75.178;52.329;92.149;83.122;53.552,-0.0362395500885743,-0.4596399317469058,-2.817594674658274,-0.11006303024027458,0.2582997273337664,0.210684708318097,,,,,,,18.395,
1763050048.351263,328,107;108;200;201;202,76.182;51.076;91.309;80.877;58.389,-0.03432953965178787,-0.4551673888255066,-2.815861461490526,-0.10928003379473122,0.25798293297685293,0.21156713732578586,,,,,,,18.222,
1763050048.479872,329,107;108;200;201;202,75.689;51.687;100.934;80.194;61.750,-0.027594337544270205,-0.45776148355870017,-2.8195371077591904,-0.10727887749940158,0.25295694909773564,0.21258346770719896,,,,,,,18.287,
1763050048.615520,330,107;108;200;201;202,75.236;55.532;93.710;78.016;57.467,-0.026404546142741007,-0.4660617507824715,-2.826466947183988,-0.10847270446857303,0.25431036711248645,0.21199389546668554,,,,,,,18.575,
1763050048.746009,331,107;108;200;201;202,76.449;49.094;90.259;81.497;63.922,-0.023961054021513873,-0.4527587105680722,-2.81794619776146,-0.10620919757561087,0.25306687459555216,0.21309350154911758,,,,,,,18.090,
1763050048.872875,332,107;108;200;201,78.779;53.793;94.806;81.678,-0.08909334904745304,-0.5026304798822541,-2.8258882711294366,-0.12532383166527508,0.27524709796086333,0.20143731763705527,,,,,,,20.291,
1763050049.008443,333,107;108;200;201;202,78.365;53.663;95.498;86.354;57.250,-0.07399195290472965,-0.4858665474030937,-2.821472904352519,-0.12155997784865766,0.2705796944826807,0.2048217520965984,,,,,,,19.570,
1763050049.140354,334,107;108;200;201;202,77.504;50.155;96.441;83.626;55.821,-0.06385721919293454,-0.4730606467422344,-2.8171655312208506,-0.11761444023668643,0.26534069097128643,0.20705418573294943,,,,,,,19.038,
1763050049.271700,335,107;108;200;201;202,77.408;51.198;93.503;83.491;57.795,-0.0553990547913841,-0.4638681964121365,-2.814871258345468,-0.11491352758121041,0.2628995218932546,0.20877250823688973,,,,,,,18.649,
1763050049.400801,336,107;108;200;201,76.306;52.169;90.467;76.993,-0.11125092800787373,-0.513090856487583,-2.8246091728161304,-0.13152758821786853,0.28312179034887774,0.1982482979107678,,,,,,,20.867,
1763050049.537345,337,107;108;200;201;202,74.939;52.006;96.935;82.598;58.283,-0.08312729930923345,-0.49421929288845384,-2.823513556079345,-0.12476764199412477,0.2728439951356594,0.20276735216960856,,,,,,,19.939,
1763050049.669513,338,107;108;200;201;202,78.881;52.631;91.599;80.914;49.474,-0.07764972748645642,-0.48819285424356157,-2.821298388344435,-0.12198799136968463,0.27225247995611224,0.20363715309616887,,,,,,,19.684,
1763050049.798960,339,107;108;200;201;202,76.715;49.740;92.770;83.048;56.419,-0.06543136757545487,-0.473944195361912,-2.8165517125057318,-0.1179366723962842,0.26765993211404493,0.2063747538140069,,,,,,,19.084,
1763050049.976744,340,107;108;200;201,74.724;52.078;93.155;77.844,-0.1162054392406099,-0.519864290034888,-2.827954691072627,-0.13359746899064232,0.2843557811729016,0.197179121590466,,,,,,,21.148,
1763050050.096109,341,107;108;200;201,79.110;53.384;96.804;84.082,-0.1540569624255275,-0.5460616724885137,-2.8295601780011825,-0.14424164347704935,0.2967942208925455,0.19141451786743918,,,,,,,22.489,
1763050050.228710,342,107;108;200;201;202,77.973;51.985;95.553;79.234;60.512,-0.11451275040324185,-0.520096384013563,-2.828256314799651,-0.13211769991491853,0.28302387756278896,0.19708205859470915,,,,,,,21.140,
1763050050.361315,343,107;108;200;201;202,77.733;53.262;97.914;72.632;59.239,-0.08721373513625681,-0.5141553356370433,-2.836085601653595,-0.12301962417509898,0.2732495691448881,0.20041331367366405,,,,,,,20.663,
1763050050.492205,344,107;108;200;201,74.356;52.296;97.142;81.314,-0.12975905353196657,-0.5443741628549914,-2.8389468469796597,-0.13710076484410497,0.28654405347257494,0.19399752401650033,,,,,,,22.129,
1763050050.623878,345,107;108;200;201;202,76.921;51.898;92.765;83.634;47.813,-0.10912145838306372,-0.5205006508609247,-2.8313406578725484,-0.1315421501812113,0.2809186623216689,0.19801723698924667,,,,,,,21.093,
1763050050.757703,346,107;108;200;201;202,77.947;52.490;89.773;83.029;60.211,-0.08636346421847933,-0.49637042121020564,-2.8239600614624223,-0.1249772164830735,0.2751174899503621,0.20211635026288774,,,,,,,20.041,
1763050050.890408,347,107;108;200;201;202,76.811;51.112;94.984;84.016;54.180,-0.07483128612373725,-0.4832891492201489,-2.819646896120185,-0.12118095742087309,0.2700269412339388,0.20513731621718212,,,,,,,19.485,
1763050051.021107,348,107;108;200;201;202,76.842;52.421;96.635;81.235;53.995,-0.21232753004524427,-0.48045333993164796,-2.807845150321568,-0.12838719741217017,0.2671485497057409,0.2137042927550442,,,,,,,20.975,
1763050051.154935,349,107;108;200;201;202,75.071;49.901;95.062;78.046;67.264,-0.1476591251433164,-0.4681302132980948,-2.8128698440123303,-0.11881156562575727,0.258713655617331,0.21342592596606766,,,,,,,19.593,
1763050051.284739,350,107;108;200;201;202,75.858;54.604;93.081;82.848;56.508,-0.11338817021789727,-0.4646099784751879,-2.81612006584605,-0.11725397167683883,0.25920184353087805,0.21267265532816815,,,,,,,19.079,
1763050051.414873,351,107;108;200;201;202,77.770;53.449;95.510;81.085;58.967,-0.08717786426488124,-0.4631994968481655,-2.8182027159337486,-0.11427397360373544,0.25783582625235013,0.211810006685833,,,,,,,18.796,
1763050051.553100,352,107;108;110;200;201;202,77.446;51.553;15.564;94.966;83.938;53.715,-0.08647723468284604,-0.46035217238525056,-2.8044397717786547,-0.1096507946379396,0.2631847815653018,0.20600830974149678,,,,,,,18.752,
1763050051.682733,353,107;108;200;201;202,73.633;50.853;93.880;86.374;59.185,-0.06667958401688064,-0.4483825032675581,-2.8041227993452194,-0.10969805703065545,0.2595246274873741,0.20937816047248042,,,,,,,18.156,
1763050051.808851,354,107;108;200;201,76.954;51.181;91.131;80.987,-0.12029666914456329,-0.4948755946455899,-2.812680450455827,-0.12815855659405612,0.28027006760789414,0.19972450641886785,,,,,,,20.319,
1763050051.944651,355,107;108;200;201;202,79.988;52.423;93.667;78.704;62.427,-0.09182436233163395,-0.48368514270597646,-2.816107784071519,-0.1202703713098351,0.2730248579921073,0.2030546223258955,,,,,,,19.633,
1763050052.076445,356,107;108;200;201;202,77.747;54.054;97.513;79.705;57.403,-0.07233856709024516,-0.4813486637341944,-2.8207898459745557,-0.11682815641383551,0.2675289321094528,0.20484765301622967,,,,,,,19.389,
1763050052.209028,357,107;108;200;201;202,76.158;48.002;95.270;75.974;54.718,-0.0619070025433066,-0.4783954936671086,-2.821685562703997,-0.11272316424400046,0.2623436841262242,0.2065588085790613,,,,,,,19.212,
1763050052.340550,358,107;108;200;201;202,77.102;50.308;91.553;85.628;68.822,-0.045883206483769555,-0.4562153145594885,-2.813806131866248,-0.10896098641700735,0.25817267947736855,0.2103708029516864,,,,,,,18.313,
1763050052.473798,359,107;108;200;201;202,75.242;51.502;96.012;80.834;60.750,-0.2018445977409827,-0.45778724337480686,-2.8014254371215848,-0.11941524953507396,0.25649288722123675,0.21857302884492305,,,,,,,20.028,
1763050052.603273,360,107;108;200;201;202,76.273;51.596;97.070;84.037;65.253,-0.14324705848223704,-0.4494820697668577,-2.805287985961148,-0.11457268538905455,0.25269669118340704,0.2170730198516786,,,,,,,18.880,
1763050052.739103,361,107;108;200;201;202,76.959;50.130;92.874;83.558;52.740,-0.11511514355051193,-0.4491884107696196,-2.804683033767845,-0.11392450229909425,0.2553638738437869,0.21478767158023465,,,,,,,18.565,
1763050052.865954,362,107;108;200;201;202,72.788;49.554;98.604;76.704;53.238,-0.08871471348446573,-0.4575021074059715,-2.814298945772842,-0.11175196477123259,0.2521355703314531,0.21356787350209894,,,,,,,18.607,
1763050052.997552,363,107;108;200;201,77.298;48.823;95.491;77.285,-0.1329480561974234,-0.5061859559215117,-2.8229427437171215,-0.12731002880786668,0.27190239233394053,0.20276196372962302,,,,,,,20.812,
1763050053.132672,364,107;108;200;201;202,74.460;53.560;98.002;84.711;49.830,-0.10672466289248085,-0.4945591829133665,-2.824302273617946,-0.1247413245614606,0.2680290343719334,0.2051033402597466,,,,,,,20.122,
1763050053.263357,365,107;108;200;201;202,76.038;52.181;94.111;72.454;60.049,-0.07911962267656897,-0.4924148260782279,-2.829980109799922,-0.11780620168719298,0.26283266762793356,0.20613525739931218,,,,,,,19.808,
1763050053.395029,366,107;108;200;201;202,77.794;51.641;97.348;79.570;57.326,-0.06506003434720668,-0.48583764358200976,-2.8289760102785912,-0.11444689589705584,0.25965269183012063,0.20751844009579248,,,,,,,19.479,
1763050053.529473,367,107;108;200;201;202,77.664;53.067;90.410;79.629;61.022,-0.05319830881267474,-0.475855838451096,-2.8255833160631574,-0.11213894855967028,0.2596118516287399,0.20882388252057613,,,,,,,19.052,
1763050053.659757,368,107;108;200;201;202,75.779;51.761;95.770;81.466;55.669,-0.04762292239530067,-0.4706166010729815,-2.8244681141723573,-0.11143297350116088,0.2577243537400682,0.20941456727730193,,,,,,,18.830,
1763050053.792122,369,107;108;200;201;202,76.577;50.918;95.729;79.898;56.134,-0.043469807417848845,-0.46895613143965975,-2.8236775702761916,-0.11031234613853069,0.25644595404759196,0.21012281831443957,,,,,,,18.753,
1763050053.926294,370,107;108;200;201;202,76.956;51.883;91.115;81.880;56.118,-0.04263680038458581,-0.4635784056839378,-2.8197383333709642,-0.11028652597321936,0.2580486168767312,0.21034784657370242,,,,,,,18.560,
1763050054.054785,371,107;108;200;201;202,77.131;51.377;93.109;86.922;52.991,-0.04611190771463626,-0.4556812547698426,-2.8133579805158644,-0.11169159422372198,0.2595173944639652,0.21053351036227508,,,,,,,18.296,
1763050054.191989,372,107;108;200;201;202,74.804;52.602;93.871;80.310;56.683,-0.040896843452157224,-0.45703635728743053,-2.817294416876808,-0.11120602543300771,0.25847168104008306,0.21107944082099891,,,,,,,18.309,
1763050054.322078,373,107;108;200;201;202,76.174;53.691;94.133;78.236;61.221,-0.19991560146822726,-0.46386463270517003,-2.8066165208746114,-0.12115186606170748,0.2581992095178115,0.21865349677701043,,,,,,,20.189,
1763050054.452704,374,107;108;200;201;202,77.382;47.952;94.489;74.710;59.876,-0.1474862703571488,-0.464668668739977,-2.81279258507514,-0.11446851516266124,0.2550417488381939,0.21578244667249258,,,,,,,19.462,
1763050054.614477,375,107;108;200;201;202,76.790;49.806;92.414;76.827;49.429,-0.1205364590242567,-0.47029806345328923,-2.817092864429553,-0.11354061754376085,0.2575427788367974,0.2128853776689773,,,,,,,19.359,
1763050054.750138,376,107;108;200;201;202,75.225;50.273;93.197;80.264;59.940,-0.09083487519920327,-0.46286300406058545,-2.816648181708279,-0.11099408721909676,0.25539127955030344,0.21296509030772537,,,,,,,18.818,
1763050054.881386,377,107;108;200;201;202,76.999;51.504;96.188;81.601;65.762,-0.06684819003180689,-0.45767018418195526,-2.8165997184734413,-0.10806817643664172,0.25255615597215214,0.2138829453249928,,,,,,,18.457,
1763050055.017449,378,107;108;200;201;202,79.165;52.499;99.630;82.625;62.286,-0.2165080020457786,-0.45976800337166795,-2.8021376167725505,-0.11772509087746708,0.25254625241286344,0.2210305522196537,,,,,,,20.335,
1763050055.142593,379,107;108;200;201,77.373;51.317;96.299;81.651,-0.22357526659056537,-0.5042390387254232,-2.812254667935229,-0.13308151803034585,0.27326718269183997,0.20965532188190641,,,,,,,21.980,
1763050055.278439,380,107;108;110;200;201;202,79.468;48.842;16.145;94.660;83.333;52.179,-0.18493776335226494,-0.48954834633511596,-2.797649238365487,-0.1224976881336823,0.2742513457209201,0.20330094612371005,,,,,,,20.957,
1763050055.409170,381,107;108;200;201;202,77.914;49.546;93.815;79.739;54.218,-0.14221843355764033,-0.4814544191458412,-2.8037024602439966,-0.11788052592831594,0.2692371259322469,0.20448737022049387,,,,,,,20.083,
1763050055.540413,382,107;108;200;201;202,75.009;52.628;92.022;81.378;54.526,-0.1106818621931217,-0.473984910895472,-2.8083766151043372,-0.1162793746790138,0.2666442689059864,0.20632023503674074,,,,,,,19.455,
1763050055.672762,383,107;108;200;201;202,78.934;49.149;93.380;84.437;60.197,-0.08754968972562938,-0.4601675666079535,-2.8045630541361652,-0.11253403498116953,0.26314479982503963,0.20842249499227505,,,,,,,18.752,
1763050055.805272,384,107;108;200;201;202,77.366;53.513;94.870;78.085;63.957,-0.06521254725208166,-0.46166855221159603,-2.8121463122618233,-0.10966294456349292,0.25933056202728083,0.20953864613575526,,,,,,,18.627,
1763050055.937328,385,107;108;200;201;202,75.639;50.439;92.698;79.842;59.773,-0.0541927786462678,-0.45808518892156846,-2.8129476776069295,-0.1080706174253282,0.2573106870162667,0.21094933985824169,,,,,,,18.427,
1763050056.069236,386,107;108;200;201;202,79.243;52.353;93.253;76.598;62.423,-0.04491279437548096,-0.46029596522938054,-2.8172705781025487,-0.10602089957088563,0.2566589376053753,0.21106927664363384,,,,,,,18.452,
1763050056.203710,387,107;108;200;201;202,75.200;50.962;93.413;79.271;60.956,-0.036546473309665185,-0.4554717593929215,-2.8183284285876242,-0.10531862772074213,0.254595541373887,0.21190094019899966,,,,,,,18.228,
1763050056.332745,388,107;108;200;201;202,76.463;51.253;93.428;74.446;53.604,-0.03670427613871625,-0.4660264801762148,-2.823725726309883,-0.10598049522214653,0.25539941350118883,0.21055436604253017,,,,,,,18.615,
1763050056.470923,389,107;108;110;200;201;202,75.557;54.482;14.400;94.175;77.078;56.898,-0.04489723560389726,-0.4710927848683498,-2.817757340029659,-0.10349548490427396,0.260318241333901,0.20550761979482973,,,,,,,18.873,
1763050056.600281,390,107;108;200;201;202,74.714;54.060;95.711;81.727;58.767,-0.03728715515686689,-0.4676515567266935,-2.8206099243723877,-0.10549641202423209,0.25795112497442313,0.20781102440432578,,,,,,,18.697,
1763050056.734141,391,107;108;200;201;202,76.075;50.445;91.306;83.337;56.723,-0.03706687448867791,-0.4584392584220509,-2.814994410500946,-0.10685830749940708,0.2580367838131439,0.20933463929959711,,,,,,,18.363,
1763050056.864612,392,107;108;200;201;202,73.623;52.940;96.814;76.350;55.175,-0.03337143927176249,-0.467624201838982,-2.824128785964537,-0.10784108724895636,0.2556178722461768,0.20969120294975738,,,,,,,18.666,
1763050056.997479,393,107;108;200;201;202,72.186;54.441;94.849;78.695;62.407,-0.023072889776038462,-0.46603867712849556,-2.828635394665488,-0.1076618780239507,0.25265214335839387,0.21106973774281002,,,,,,,18.556,
1763050057.126855,394,107;108;200;201;202,76.611;50.923;89.742;84.437;54.616,-0.030381751740312275,-0.45717754861383164,-2.8195844851669034,-0.1091003249272486,0.2561345697001809,0.21130729379388807,,,,,,,18.271,
1763050057.256980,395,107;108;200;201;202,77.792;50.212;94.152;80.804;63.277,-0.02530996565746152,-0.4519668525532764,-2.8159637844032477,-0.10673441920014383,0.2538726230966127,0.21184660689289037,,,,,,,18.072,
1763050057.390422,396,107;108;110;200;201;202,76.062;52.641;15.963;91.407;83.449;60.464,-0.0386620486169716,-0.44899989079098535,-2.8031672797025884,-0.10343258166332259,0.2602941389092027,0.20721883599559596,,,,,,,18.056,
1763050057.519963,397,107;108;200;201,77.631;52.777;99.285;85.525,-0.09699238327072258,-0.49384810068673896,-2.8141218652557907,-0.12338979036510567,0.27707820704110997,0.19842198161261307,,,,,,,20.075,
1763050057.652369,398,107;108;200;201;202,77.853;53.668;92.298;81.405;59.037,-0.07657714171183189,-0.48287800390806285,-2.815944175933817,-0.11924498823882367,0.2719423798581866,0.20199845938272115,,,,,,,19.500,
1763050057.788243,399,107;108;110;200;201;202,79.865;50.503;15.768;96.470;85.285;65.566,-0.07173922119616116,-0.46768596254717215,-2.800238366358516,-0.1101531369442766,0.2699472809821872,0.2010011239897128,,,,,,,18.962,
1763050057.917592,400,107;108;200;201;202,76.089;52.482;99.041;79.880;63.040,-0.05250004010872123,-0.46606164458016575,-2.80952991679395,-0.10763339618756766,0.2621333025082895,0.20496747590201253,,,,,,,18.749,
1763050058.049414,401,107;108;110;200;201;202,79.031;51.103;14.773;96.211;76.914;53.904,-0.061147325495782334,-0.47143585246091224,-2.804579570151604,-0.10385181428944586,0.2655033616011585,0.2006916925595243,,,,,,,19.027,
1763050058.183315,402,107;108;200;201;202,78.435;48.425;96.375;81.024;64.436,-0.048365624477061955,-0.46037072430377773,-2.8054074942216958,-0.10181816040384928,0.25939671476595055,0.20530125018708767,,,,,,,18.529,
1763050058.311341,403,107;108;200;201,78.514;53.688;96.170;79.258,-0.10496360115067291,-0.5134833604296024,-2.820617931906662,-0.12217105955888662,0.2787150252715615,0.19569983772279503,,,,,,,20.855,
1763050058.443680,404,107;108;200;201;202,75.789;53.610;94.713;72.203;58.165,-0.24153455114136535,-0.511623846807128,-2.814428825528752,-0.1286420503709211,0.27238718984612387,0.20829502154699192,,,,,,,22.522,
1763050058.582075,405,107;108;110;200;201;202,76.052;51.911;14.471;93.065;79.369;67.997,-0.18077209081469017,-0.4902751757951108,-2.807186588261491,-0.11658955642444284,0.2681926323166724,0.20438257981920918,,,,,,,20.871,
1763050058.705859,406,107;108;200;201,77.463;51.971;89.234;85.836,-0.20176042784393547,-0.5159720965531291,-2.808539343502684,-0.1340434006201506,0.2885099717445986,0.19729968607169265,,,,,,,22.099,
1763050058.883953,407,107;108;200;201;202,76.025;51.092;96.449;82.506;57.100,-0.14968235628935503,-0.49683156067876727,-2.812250815548695,-0.12622960302928773,0.27749908983799715,0.20126881684383288,,,,,,,20.699,
1763050059.007351,408,107;108;110;200;201;202,78.808;51.130;15.967;97.272;81.609;60.599,-0.12585912073000494,-0.48391660831706607,-2.802120443357709,-0.11585899323596624,0.274058119629015,0.19936612750464727,,,,,,,20.013,
1763050059.137894,409,107;108;200;201;202,77.301;50.839;96.554;81.763;59.160,-0.09624403487796618,-0.47525382528617566,-2.8059996021507727,-0.11273987470879335,0.2672860901653744,0.203186025228931,,,,,,,19.395,
1763050059.302659,410,107;108;200;201;202,79.319;54.078;96.678;84.174;59.778,-0.2347502373576234,-0.4713749448243968,-2.7941184726808266,-0.12264602160548854,0.26549755495086585,0.2133402066225032,,,,,,,21.106,
1763050059.436302,411,107;108;110;200;201;202,74.993;49.250;17.182;97.239;83.005;59.857,-0.18410147317424952,-0.4631801130880316,-2.787198051813851,-0.11339602222286689,0.26486193074542647,0.2073261293934062,,,,,,,20.032,
1763050059.565868,412,107;108;200;201;202,74.789;53.491;100.211;84.601;57.673,-0.1356893719438806,-0.46082603757661267,-2.799643126665289,-0.11256839999376728,0.25994339031658514,0.2090443520984434,,,,,,,19.251,
1763050059.702492,413,107;108;200;201;202,75.621;50.150;98.002;78.346;57.794,-0.1021084628214732,-0.46295961958098275,-2.8086191480821303,-0.10991502465926795,0.25615716877372363,0.20990211834808753,,,,,,,18.955,
1763050059.826394,414,107;108;200;201,77.808;54.284;95.283;80.254,-0.141799721247602,-0.5116401376171553,-2.8210754480883065,-0.12846907683071074,0.2769358412445904,0.2000346174409193,,,,,,,21.119,
1763050059.961325,415,107;108;200;201;202,79.351;50.645;97.560;79.689;59.768,-0.10774275305918732,-0.49659861819663337,-2.820377867186179,-0.1205238959343189,0.2691200517800738,0.20328599371723372,,,,,,,20.231,
1763050060.094144,416,107;108;200;201;202,79.086;49.544;93.883;89.536;54.827,-0.09099446730384332,-0.47350984912242805,-2.8102552483528482,-0.11788272102877712,0.2666245348484959,0.20594020606041888,,,,,,,19.265,
1763050060.225757,417,107;108;110;200;201,74.394;51.057;17.477;100.413;86.433,-0.1427777877539978,-0.5061382085021621,-2.8012619649240422,-0.12721873147227986,0.2857550677401472,0.19268495485541406,,,,,,,21.037,
1763050060.359379,418,107;108;200;201;202,77.047;47.882;92.632;79.259;62.714,-0.10554422281404896,-0.48505878639446776,-2.8025179526196835,-0.11849741091437824,0.27467874222078115,0.19917901646595676,,,,,,,19.868,
1763050060.492303,419,107;108;200;201;202,74.061;51.679;95.518;85.459;68.973,-0.25169756592025055,-0.4669358462267704,-2.785818335242123,-0.126355473026295,0.266536486185751,0.2151357092554686,,,,,,,21.307,
1763050060.623756,420,107;108;200;201;202,78.953;54.169;94.773;80.303;55.930,-0.18908559198890532,-0.47065234111565035,-2.8001209638753997,-0.12184557892708557,0.26538972662312954,0.21202006951968402,,,,,,,20.308,
1763050060.754016,421,107;108;200;201;202,76.975;53.471;93.877;77.517;57.956,-0.14095200543809455,-0.47216673281486443,-2.8105233775138387,-0.11775840458057335,0.26294626674811294,0.210784692488005,,,,,,,19.680,
1763050060.890301,422,107;108;110;200;201;202,78.728;53.389;16.688;99.501;82.746;61.362,-0.11830792431820591,-0.4690152917446853,-2.802344628326524,-0.11033170196836883,0.2642926076260146,0.20569118660688154,,,,,,,19.368,
1763050061.021359,423,107;108;200;201;202,77.047;54.447;100.861;78.772;58.116,-0.09000388854177156,-0.47519552496148604,-2.815086620618843,-0.10941342913010774,0.2601040163361013,0.20736966819174635,,,,,,,19.297,
1763050061.150236,424,107;108;200;201;202,79.060;52.000;94.853;82.424;58.198,-0.07397781360586221,-0.46894214573610793,-2.8150652687833793,-0.10871392835594446,0.259495618331152,0.2083908176513665,,,,,,,18.947,
1763050061.283804,425,107;108;200;201;202,75.749;54.200;91.449;83.560;62.001,-0.05686554330641419,-0.4596994959428861,-2.814996045554115,-0.10887173677454702,0.2586068307834881,0.21013487786157034,,,,,,,18.492,
1763050061.414353,426,107;108;200;201;202,77.963;52.427;97.513;84.147;64.949,-0.043916151516659646,-0.4522855658111839,-2.814954343541307,-0.10715071020598792,0.25523392225878716,0.21182165230922423,,,,,,,18.146,
1763050061.544993,427,107;108;200;201;202,77.965;52.093;91.766;77.891;57.163,-0.04093531661518422,-0.4580003368439242,-2.817634111920525,-0.10740168704291624,0.2568473110893603,0.21101096055551144,,,,,,,18.346,
1763050061.678148,428,107;108;200;201;202,79.308;48.563;98.560;83.083;60.037,-0.03783769476059757,-0.45275687887777033,-2.813988791257139,-0.10548670254690923,0.25430182046667654,0.21192722528261063,,,,,,,18.148,
1763050061.988092,429,107;108;200;201;202,76.288;50.963;95.762;79.625;65.956,-0.20353433344065935,-0.45273900391131944,-2.800263762070364,-0.1156980891232438,0.25235978119622193,0.22011203498279103,,,,,,,19.880,
1763050062.229946,430,107;108;110;200;201;202,76.075;52.812;16.929;97.543;83.854;57.353,-0.16437288485947607,-0.45440959607298465,-2.7952298600114283,-0.11030935220827355,0.25805106520430215,0.21222078115996101,,,,,,,19.386,
1763050062.404865,431,107;108;200;201,77.780;49.962;95.585;81.302,-0.18644571832903353,-0.4996401310283376,-2.806143383559265,-0.12756334852211001,0.27694181731465206,0.20296986362131908,,,,,,,21.300,
1763050062.570998,432,107;108;200;201;202,78.018;52.113;90.210;77.937;60.579,-0.13841734828742347,-0.48714405543581485,-2.8111547778644685,-0.12066394267625935,0.27118080259156907,0.2047023193102049,,,,,,,20.215,
1763050062.731484,433,107;108;200;201;202,78.865;51.758;97.019;83.079;58.348,-0.10737692985788866,-0.4777542375707139,-2.8123210453681904,-0.11657811022423092,0.26616104211784086,0.20676891177355178,,,,,,,19.549,
1763050062.904279,434,107;108;200;201;202,77.639;49.744;93.334;79.638;53.083,-0.09049635344933896,-0.4735434664937471,-2.8133569639520877,-0.1142250121639753,0.2642817470869633,0.20755400253853803,,,,,,,19.246,
1763050063.045287,435,107;108;200;201;202,79.737;47.777;97.007;83.652;58.352,-0.07553870057736532,-0.46298343575269063,-2.8085136751172186,-0.11084228867918493,0.2603035245205287,0.20876441291723083,,,,,,,18.758,
1763050063.200902,436,107;108;110;200;201;202,77.841;47.227;12.320;95.528;78.435;62.831,-0.06857392299930476,-0.45766030418155157,-2.7996639221848207,-0.10355627521774714,0.25968258948769074,0.20629891819041613,,,,,,,18.553,
1763050063.329028,437,107;108;200;201;202,75.000;53.793;94.039;81.292;63.001,-0.05140852354293766,-0.4546417998527879,-2.8071722001487647,-0.10426760591677373,0.25687493983151044,0.2087745871011764,,,,,,,18.308,
1763050063.459394,438,107;108;200;201;202,75.031;53.306;97.293;86.811;56.032,-0.19577383570510667,-0.45463350645850165,-2.7960699745459108,-0.11793127812039299,0.257172110898851,0.21652602131355872,,,,,,,19.847,
1763050063.596399,439,107;108;200;201;202,75.670;50.129;88.095;80.585;64.120,-0.14159696487405896,-0.44564131659098966,-2.798754567032619,-0.11310717744858237,0.25592484687976225,0.21513627318507023,,,,,,,18.749,
1763050063.725213,440,107;108;200;201;202,78.252;54.780;95.697;78.120;61.432,-0.10608328222035066,-0.4546117428438277,-2.810282635947576,-0.11104752623392058,0.2557398826041021,0.21337548112842983,,,,,,,18.659,
1763050063.856293,441,107;108;200;201;202,76.021;53.525;97.302;83.388;53.241,-0.08620378838629453,-0.458627329096246,-2.814487240473672,-0.11209751304985961,0.2562182092399787,0.21260096136902532,,,,,,,18.631,
1763050063.986859,442,107;108;200;201;202,78.627;51.915;100.243;83.036;63.454,-0.06525367988707943,-0.4561700802914313,-2.815634157906217,-0.10932804156168809,0.25338729326489595,0.21311818020953885,,,,,,,18.395,
1763050064.120047,443,107;108;200;201;202,75.565;51.401;101.508;83.695;62.221,-0.04846187835447976,-0.45344126317116396,-2.816997994794977,-0.10781372443787887,0.24962949021900863,0.21401673563415788,,,,,,,18.199,
1763050064.252563,444,107;108;200;201;202,77.147;52.199;95.388;85.457;62.912,-0.039828007456673344,-0.4462319662260634,-2.813788873344693,-0.10703424587313326,0.2497702519984784,0.21427020844433203,,,,,,,17.899,
1763050064.386180,445,107;108;110;200;201;202,76.030;50.325;16.989;96.042;78.522;55.379,-0.051814872661853716,-0.45321056274918753,-2.8044871183105204,-0.10263600490451712,0.2564024302694645,0.20802965869112675,,,,,,,18.267,
1763050064.518321,446,107;108;200;201;202,78.105;52.912;95.024;83.048;61.761,-0.04343717841568499,-0.45149722433436973,-2.8079342290213916,-0.10370905777152319,0.2558475108910692,0.2098112324483503,,,,,,,18.148,
1763050064.648168,447,107;108;200;201;202,79.042;49.409;95.368;85.174;57.330,-0.04242310964210608,-0.4463276264468083,-2.804779608976622,-0.10460465958944554,0.2557244380406159,0.21059262828806571,,,,,,,17.956,
1763050064.781090,448,107;108;110;200;201;202,77.991;53.063;18.399;95.227;72.297;58.088,-0.052243702633066234,-0.46332512628323447,-2.8042189451346164,-0.09977963939912912,0.26168118077078445,0.2034019525364129,,,,,,,18.668,
1763050064.913056,449,107;108;200;201;202,78.179;54.270;93.007;86.827;65.429,-0.0424001788391365,-0.4510403046854108,-2.80402494722125,-0.10202603480393041,0.2598406126547229,0.2072718213248562,,,,,,,18.146,
1763050065.043133,450,107;108;200;201;202,78.281;48.367;90.278;83.219;57.987,-0.041767031798157626,-0.44483118971458296,-2.7999887813329454,-0.10328759308717077,0.2597517122677032,0.20902492842235973,,,,,,,17.918,
1763050065.176683,451,107;108;110;200;201,75.009;52.125;15.444;88.907;82.039,-0.1123590223998557,-0.4880720915270885,-2.7949502554397783,-0.11894608979789206,0.28648295703757237,0.19351236769031852,,,,,,,20.085,
1763050065.308355,452,107;108;200;201;202,76.513;49.216;97.353;85.321;59.417,-0.08662329272943618,-0.4712451290116132,-2.7972336652767233,-0.11474172618750039,0.2748767449754813,0.20005986075032034,,,,,,,19.214,
1763050065.437378,453,107;108;200;201,77.861;51.650;98.625;80.230,-0.12877424027173376,-0.5163376119041195,-2.812460173108134,-0.12995952211985007,0.2870566474362863,0.19269315105116486,,,,,,,21.218,
1763050065.569121,454,107;108;200;201,77.692;52.241;97.452;87.153,-0.1598105787416463,-0.537815371647582,-2.8161451207315777,-0.1420851111326584,0.29744784989229844,0.188942366691145,,,,,,,22.327,
1763050065.707706,455,107;108;200;201;202,78.690;50.100;94.424;82.918;58.542,-0.12271568362287402,-0.5088124301252832,-2.813369827401935,-0.13115692322216277,0.2844914257778567,0.19578228549033946,,,,,,,20.869,
1763050065.834924,456,107;108;200;201;202,76.816;52.193;97.093;79.530;55.071,-0.09703713853410693,-0.49798212846553935,-2.818882242849419,-0.12423935019095707,0.2756197580103045,0.2002329578272297,,,,,,,20.208,
1763050065.968914,457,107;108;200;201;202,76.658;49.361;97.323;84.993;60.930,-0.07487921680966357,-0.4776657533049693,-2.8145400004031784,-0.11814348112595302,0.2668597037760949,0.20467439382809052,,,,,,,19.294,
1763050066.100809,458,107;108;200;201;202,77.474;51.010;98.075;86.573;64.612,-0.05704821222464216,-0.4615551579505843,-2.8107863671388515,-0.1136971718672837,0.260509636415307,0.20846100014300914,,,,,,,18.587,
1763050066.266433,459,107;108;200;201;202,77.580;54.387;93.720;81.169;55.379,-0.052286437095757955,-0.4648135593498985,-2.8150787446839947,-0.11368964817894603,0.2613071662815332,0.2088428079181632,,,,,,,18.671,
1763050066.394621,460,107;108;200;201;202,79.301;49.614;98.540;78.978;57.523,-0.04647237041216171,-0.46582642208677383,-2.8170191313015653,-0.11033062346822932,0.25792719122036967,0.2092135261550456,,,,,,,18.676,
1763050066.532108,461,107;108;200;201;202,76.828;48.428;93.723;86.404;60.099,-0.04085960283290188,-0.4508492509042134,-2.8086655622739043,-0.10875279131010727,0.25595987732070785,0.21109324153895856,,,,,,,18.109,
1763050066.666498,462,107;108;200;201;202,78.111;53.042;95.397;79.975;60.608,-0.036204519595217095,-0.4539594877768831,-2.8136929983485426,-0.10790336116330106,0.2553453017700038,0.21090964362068723,,,,,,,18.191,
1763050066.799104,463,107;108;200;201;202,74.587;52.955;97.265;77.844;67.128,-0.02270677888346596,-0.4553456676589392,-2.8194584000258898,-0.10528366167939023,0.2506077763188058,0.2122114300274509,,,,,,,18.182,
1763050066.929764,464,107;108;200;201;202,76.967;52.328;94.279;80.868;55.450,-0.027928434447795955,-0.45908427349488257,-2.820604238168437,-0.10694883276400939,0.25315154257494954,0.2115563834817017,,,,,,,18.335,
1763050067.060876,465,107;108;200;201;202,77.647;51.975;98.766;85.986;54.956,-0.032138716016658665,-0.4577484721258646,-2.818012199710684,-0.10853234333664404,0.25394826884003646,0.21191676989689148,,,,,,,18.306,
1763050067.193674,466,107;108;200;201;202,78.141;53.242;99.704;83.162;64.300,-0.02619942855460437,-0.45508706207603844,-2.819079084159075,-0.10698779866678768,0.2516193439371239,0.21272579900670022,,,,,,,18.181,
1763050067.321472,467,107;108;200;201;202,75.107;51.009;92.273;83.668;60.559,-0.02528801530528538,-0.4470706985461313,-2.814802614828707,-0.1069766340756052,0.25209079003625884,0.21392542199525902,,,,,,,17.885,
1763050067.450789,468,107;108;200;201;202,77.938;50.770;95.735;82.411;58.732,-0.02754290364163072,-0.44901026592846555,-2.814359055037338,-0.10664319427791182,0.25227781332120247,0.21368862746690326,,,,,,,17.969,
1763050067.586208,469,107;108;200;201;202,75.004;53.716;96.804;82.144;64.043,-0.019653642227127625,-0.4491119036733131,-2.817754499124173,-0.10648750395479212,0.2507732192076744,0.21418410786592865,,,,,,,17.940,
1763050067.721664,470,107;108;200;201;202,77.755;51.307;100.296;84.441;60.128,-0.020373860005433116,-0.4490720250166259,-2.8161950513180507,-0.10625199894341053,0.24996023353859442,0.21413408247624754,,,,,,,17.947,
1763050067.848402,471,107;108;110;200;201,77.672;52.186;14.803;95.846;78.848,-0.09543827888039279,-0.501291958070416,-2.8139335051265744,-0.1188989196266913,0.2765415242977126,0.19685721248923788,,,,,,,20.351,
1763050067.980876,472,107;108;200;201;202,77.781;50.906;98.275;82.955;60.415,-0.07337155108645328,-0.48510734307432096,-2.814663688821086,-0.11450146104437263,0.2680418991793523,0.2019321702349192,,,,,,,19.574,
1763050068.114512,473,107;108;200;201;202,79.070;52.466;94.885;80.818;60.267,-0.060538562349540366,-0.4768003885811231,-2.8162862095484744,-0.11155863325716218,0.2643528035869198,0.2046637401317604,,,,,,,19.172,
1763050068.244866,474,107;108;200;201;202,78.880;49.795;92.289;78.895;66.032,-0.04680941943788134,-0.4659983693160045,-2.814585688574926,-0.1072563542089131,0.25985374261235766,0.2075935356839868,,,,,,,18.697,
1763050068.376461,475,107;108;200;201;202,77.122;51.019;93.900;80.920;62.934,-0.037076268383556724,-0.45908472165276365,-2.814605021640867,-0.1059708354669934,0.2569331855706851,0.20927299025117505,,,,,,,18.391,
1763050068.508881,476,107;108;200;201;202,77.704;53.438;99.487;88.434;71.292,-0.024829936045986076,-0.44620465276738913,-2.811706696938425,-0.10453918570193908,0.2520795094672563,0.21219286126573478,,,,,,,17.865,
1763050068.641505,477,107;108;200;201,77.095;55.079;98.650;78.946,-0.08691968995047936,-0.5067726444211994,-2.828430248207454,-0.1241495032279329,0.27198310723623753,0.2011528868770036,,,,,,,20.421,
1763050068.771780,478,107;108;200;201;202,76.928;51.613;96.878;86.403;56.932,-0.0722098323704246,-0.487739030051955,-2.8222664432205042,-0.12026264586368483,0.2669514571520664,0.2051336198486339,,,,,,,19.628,
1763050068.904873,479,107;108;200;201;202,79.834;50.143;93.080;76.681;55.133,-0.06563794567845149,-0.4838883177440712,-2.822503548417974,-0.1157426991699643,0.2648342453333331,0.20589794966033778,,,,,,,19.441,
1763050069.039764,480,107;108;200;201;202,75.504;51.432;94.164;82.277;64.449,-0.04915035284997274,-0.46825262175962873,-2.8197457164275703,-0.11181629394508878,0.25928770773412546,0.2088974912944157,,,,,,,18.768,
1763050069.170648,481,107;108;200;201;202,75.866;53.629;98.167;80.120;62.484,-0.20496825757380693,-0.4712079053792684,-2.80910888052931,-0.12157825948079205,0.25696417554281875,0.21792262824216888,,,,,,,20.519,
1763050069.300816,482,107;108;200;201;202,78.787;47.903;96.492;85.287;62.025,-0.15104405314310007,-0.4578724727349849,-2.8056646064520088,-0.11554191442522636,0.25416494277118207,0.2163250651819819,,,,,,,19.288,
1763050069.435245,483,107;108;200;201;202,78.878;52.332;94.034;87.207;65.261,-0.11217491651173356,-0.4466372087419985,-2.803699430111349,-0.11249860299860254,0.25372375993834034,0.2157895981911471,,,,,,,18.443,
1763050069.566007,484,107;108;200;201;202,76.344;53.043;95.825;75.805;62.503,-0.08050274154521331,-0.45494368182307277,-2.814924907295634,-0.10956699024549295,0.252211384214436,0.2142999267591242,,,,,,,18.446,
1763050069.699925,485,107;108;200;201;202,77.968;51.991;91.492;85.390;62.390,-0.0634464662691871,-0.4458457708651687,-2.8099068085954557,-0.10875819823007482,0.253859871901697,0.21406826343610091,,,,,,,18.010,
1763050069.830672,486,107;108;200;201;202,77.336;52.488;96.360;84.943;59.833,-0.05264920459669186,-0.4450722526844018,-2.80982784612462,-0.10861366352631747,0.2534060574737306,0.21388576134545345,,,,,,,17.925,
1763050069.961951,487,107;108;200;201;202,76.099;54.191;90.770;83.020;62.188,-0.043443230221705105,-0.44331292145729,-2.8113859308286377,-0.10879562212576435,0.2547578351839299,0.21385367297305033,,,,,,,17.809,
1763050070.092407,488,107;108;200;201;202,76.268;48.200;92.117;84.264;63.828,-0.03627145723275051,-0.4349828759899339,-2.805696509789656,-0.10673946208360797,0.2529713619807076,0.21476897796424446,,,,,,,17.483,
1763050070.225149,489,107;108;200;201;202,76.733;52.267;97.868;84.300;64.035,-0.028324218381187857,-0.4345998849554706,-2.8081802674818825,-0.10583943850166233,0.2507351069286023,0.21490778190991466,,,,,,,17.432,
1763050070.358451,490,107;108;200;201;202,79.454;49.368;100.686;87.203;57.981,-0.03112512331770989,-0.436108591572894,-2.8061616611068287,-0.10581430548056431,0.250213004005905,0.2147224315716432,,,,,,,17.509,
1763050070.485545,491,107;108;200;201,79.020;55.870;93.207;81.173,-0.09474178303479618,-0.49417335458532846,-2.820583435461248,-0.12618424534728742,0.274746021919979,0.20224521596825243,,,,,,,20.035,
1763050070.622176,492,107;108;110;200;201,75.197;51.371;18.957;97.439;78.834,-0.14967333874224542,-0.5332431188922274,-2.813245155846298,-0.1318051262449027,0.2940059975736535,0.1880321574901575,,,,,,,22.063,
1763050070.911209,493,107;108;110;200;201;202,78.273;53.660;15.582;94.407;82.139;56.491,-0.12878833425473274,-0.5139942653824716,-2.8040372788950076,-0.12214561756714988,0.28874634679340344,0.18936722352405622,,,,,,,21.178,
1763050071.053299,494,107;108;200;201;202,76.931;51.398;97.212;78.179;58.140,-0.09849257608488667,-0.5021669143463721,-2.812113187997885,-0.11661895159386095,0.2773053038105127,0.19579862818689703,,,,,,,20.418,
1763050071.181811,495,107;108;200;201;202,76.122;51.349;98.659;78.054;62.075,-0.0731899447808704,-0.4907161714123948,-2.818488005765195,-0.11181647977060605,0.26732021376735426,0.2011533563097706,,,,,,,19.770,
1763050071.312809,496,107;108;200;201;202,75.106;52.002;95.246;87.849;59.905,-0.05912400826259876,-0.4709494228473297,-2.814071565193926,-0.111519275706923,0.263004585561842,0.20607114040990784,,,,,,,18.948,
1763050071.447245,497,107;108;200;201;202,75.106;52.002;95.246;87.849;59.905,-0.05912400826259876,-0.4709494228473297,-2.814071565193926,-0.111519275706923,0.263004585561842,0.20607114040990784,,,,,,,18.948,
1763050071.575371,498,107;108;200;201,78.356;49.557;92.266;82.209,-0.1162899912269982,-0.5078284241917345,-2.8161471175201394,-0.12831010247075794,0.2822162050045068,0.1971431929827553,,,,,,,20.758,
1763050071.712765,499,107;108;200;201;202,74.092;52.205;93.280;71.351;57.908,-0.0855318738751025,-0.5038527109647691,-2.82715303881321,-0.12061779337649405,0.27282704374142497,0.20035429166693422,,,,,,,20.307,
1763050071.843052,500,107;108;200;201;202,77.697;50.885;94.914;84.714;62.989,-0.06583106593421487,-0.4822658844727883,-2.8200027779628054,-0.11598898674735139,0.2663257428698632,0.20499187844984365,,,,,,,19.392,
1763050071.973218,501,107;108;110;200;201,77.738;52.488;15.452;96.156;82.679,-0.12876698277064821,-0.5193909947403198,-2.811775589511789,-0.1264606592341344,0.28870351892890145,0.19107282761755123,,,,,,,21.338,
1763050072.104912,502,107;108;200;201;202,77.890;52.963;100.000;76.995;63.062,-0.0942426695162859,-0.5069112873334143,-2.82094647681472,-0.11832175082338328,0.27538100166935164,0.19709859152893724,,,,,,,20.520,
1763050072.239367,503,107;108;200;201;202,78.839;49.843;97.563;82.828;62.882,-0.23952260387282945,-0.48952986980062724,-2.8006333961802756,-0.1251170984615584,0.26857405933203304,0.21067333056275508,,,,,,,21.792,
1763050072.366720,504,107;108;200;201,76.850;51.199;92.186;80.050,-0.23945990738649353,-0.5261704606142846,-2.80998225770817,-0.13858267328348023,0.2865111987365985,0.2016641411260977,,,,,,,23.032,
1763050072.499894,505,107;108;200;201,77.360;52.284;97.006;81.242,-0.23973885155241917,-0.5534815554781971,-2.818973925869774,-0.147446113171159,0.29728818912118793,0.1954896029246231,,,,,,,23.950,
1763050072.635287,506,107;108;200;201;202,76.291;53.614;97.581;83.187;63.058,-0.17227631597563023,-0.5215173339717212,-2.8228454666649947,-0.1349648150470312,0.28220635577780084,0.20025713422261354,,,,,,,21.824,
1763050072.770328,507,107;108;110;200;201;202,76.449;55.160;15.853;96.801;80.731;63.194,-0.1365109551054554,-0.5049953216784164,-2.815043989236252,-0.12289857025212235,0.2769728181280617,0.19831678869122382,,,,,,,20.849,
1763050072.896910,508,107;108;200;201;202,78.458;49.467;99.212;86.662;62.186,-0.10204003071860773,-0.4831019624937136,-2.8116738701963078,-0.11688135299410016,0.26774244247236756,0.20332168082974095,,,,,,,19.714,
1763050073.032328,509,107;108;200;201;202,76.468;48.265;92.718;82.617;60.270,-0.07971542461767939,-0.46727996147793704,-2.808106849572763,-0.11298184884903077,0.2625361124738337,0.20665373068294174,,,,,,,18.955,
1763050073.165207,510,107;108;200;201;202,76.882;48.505;97.779;81.424;59.755,-0.0633183610886101,-0.4599100061081723,-2.809975327898184,-0.10948486851346304,0.25749939084772855,0.2089950643612044,,,,,,,18.559,
1763050073.372234,511,107;108;200;201,79.741;53.858;91.614;84.173,-0.11867918656679576,-0.5025584674927166,-2.815890034389918,-0.12862606316818825,0.2808419471284616,0.1993145641811259,,,,,,,20.579,
1763050073.491668,512,107;108;200;201;202,78.977;51.290;96.015;79.859;63.423,-0.08843875551424762,-0.4876438257528836,-2.8169536443742174,-0.12019223195329228,0.2713966033319848,0.2029011585039932,,,,,,,19.757,
1763050073.626412,513,107;108;200;201;202,76.604;51.481;96.194;78.904;57.627,-0.07009231631994359,-0.4826016408552581,-2.8200800600474523,-0.1160059029202459,0.26556976395692483,0.205498046590051,,,,,,,19.428,
1763050073.758014,514,107;108;110;200;201;202,74.898;53.913;15.529;96.830;81.827;59.862,-0.06636904673038824,-0.4761042312135615,-2.8117536802912264,-0.11017217389868975,0.26630423915771895,0.20292188077964438,,,,,,,19.199,
1763050073.887960,515,107;108;200;201;202,77.074;50.280;97.366;77.890;55.935,-0.0573316149602318,-0.4762922120248076,-2.816383569447259,-0.10854163402774454,0.26156253813681035,0.20517395411710607,,,,,,,19.136,
1763050074.019158,516,107;108;200;201;202,77.395;51.321;98.467;77.908;64.313,-0.04344207828374752,-0.4720354716299485,-2.8213743527462074,-0.10570557639670738,0.2558110685510135,0.20762885479213064,,,,,,,18.886,
1763050074.151582,517,107;108;200;201;202,76.625;52.006;92.230;83.505;61.900,-0.03617514185474418,-0.4605498384694163,-2.8171298622345846,-0.10599854344742113,0.25540801628467985,0.20960067264733984,,,,,,,18.433,
1763050074.282298,518,107;108;200;201;202,76.478;53.819;96.723;82.275;65.437,-0.02679155909532205,-0.4554353461907309,-2.8188074394934453,-0.10534885709763886,0.25295136031533855,0.21119882752201952,,,,,,,18.198,
1763050074.415918,519,107;108;200;201;202,80.085;50.081;95.591;84.021;60.984,-0.028188815669756128,-0.449383241695439,-2.8140648993097708,-0.10462638117743187,0.25296810040324186,0.2116066019307249,,,,,,,17.987,
1763050074.549459,520,107;108;200;201;202,75.534;50.488;90.019;84.985;56.644,-0.030032221934714436,-0.44265311061041823,-2.8084177114540085,-0.10650964388416212,0.25505391181342235,0.2122597216673588,,,,,,,17.754,
1763050074.683432,521,107;108;200;201;202,80.439;47.950;96.688;82.441;69.188,-0.024574326416573342,-0.43656275779100207,-2.8049666807855846,-0.10264383521060116,0.2511281646492886,0.21369882770726428,,,,,,,17.516,
1763050074.813750,522,107;108;110;200;201;202,77.888;49.067;15.746;93.797;80.831;60.545,-0.036948781606969024,-0.4388037383512141,-2.793906291352868,-0.0985699387979912,0.2565891136024655,0.20838324364109628,,,,,,,17.693,
1763050074.942242,523,107;108;200;201;202,73.923;52.345;94.856;81.141;59.117,-0.03131761508134004,-0.4431122234387065,-2.8019605305354762,-0.10156887941391288,0.2546902767981267,0.21033432669391763,,,,,,,17.807,
1763050075.075194,524,107;108;200;201;202,75.869;54.354;98.724;84.653;61.919,-0.02679314490123691,-0.44464961486382765,-2.8080966726158776,-0.10360042495646159,0.25275693292078016,0.21193751063284125,,,,,,,17.826,
1763050075.208764,525,107;108;200;201;202,78.047;51.074;94.425;81.514;58.531,-0.02839196192455295,-0.44679940074240393,-2.8088981953412517,-0.10439759140156439,0.25347027625198265,0.2119398016694442,,,,,,,17.911,
1763050075.339832,526,107;108;200;201;202,79.666;50.318;91.600;85.916;66.849,-0.025453882562336518,-0.4359278990336856,-2.8028853868463157,-0.10352971678684032,0.25354457688683785,0.21340182267126467,,,,,,,17.503,
1763050075.470551,527,107;108;200;201;202,79.332;52.656;96.032;79.484;57.738,-0.027874440723912878,-0.4471862789164307,-2.8101350117322235,-0.10476426591434396,0.2546269966958847,0.21216640358840771,,,,,,,17.919,
1763050075.604188,528,107;108;200;201,76.340;54.153;100.048;82.669,-0.08568543391426398,-0.5001301436238272,-2.8239883690137004,-0.12441392020147428,0.2726181199985842,0.20155265807285172,,,,,,,20.182,
1763050075.736980,529,107;108;110;200;201;202,75.455;50.267;14.890;94.605;84.220;59.972,-0.07942164194009901,-0.48049658889571245,-2.8079155448627504,-0.1154097327227639,0.27041122328879513,0.20091696939872516,,,,,,,19.468,
1763050075.866863,530,107;108;200;201;202,77.526;54.697;96.590;81.834;60.463,-0.061899658658019135,-0.4749178624322751,-2.8138069947663595,-0.11337547684910024,0.26556148316843703,0.20424462873670154,,,,,,,19.118,
1763050075.999692,531,107;108;200;201;202,77.556;53.816;97.190;78.071;60.035,-0.05009121240061355,-0.4756719228702207,-2.8203565202955363,-0.1108609348245964,0.2612795155321858,0.20607689441772575,,,,,,,19.059,
1763050076.134075,532,107;108;110;200;201;202,78.261;51.330;17.110;97.179;84.546;61.477,-0.05536018505513229,-0.4665527391102895,-2.805281928951369,-0.10485502961516877,0.26327874932362916,0.20285783449186987,,,,,,,18.804,
1763050076.264651,533,107;108;200;201;202,79.039;51.711;93.947;85.555;63.137,-0.04652134976688761,-0.45564804856038216,-2.8036967048362613,-0.10495114474479376,0.2609416548963563,0.20647856480292012,,,,,,,18.345,
1763050076.396834,534,107;108;200;201,77.432;54.760;94.472;78.851,-0.10289333861058111,-0.5097123723994496,-2.8207859551156633,-0.12495768371838428,0.2800913382647593,0.1966488136882554,,,,,,,20.693,
1763050076.530607,535,107;108;110;200;201;202,78.549;54.935;17.006;98.904;87.887;64.141,-0.08971042628472191,-0.4894557765537576,-2.8073618365195148,-0.11617861969390428,0.2765177524574658,0.19692887745822538,,,,,,,19.889,
1763050076.667062,536,107;108;200;201;202,78.907;51.520;100.074;82.407;60.704,-0.06993146080849943,-0.48054665881663877,-2.8112660714374624,-0.1124970888567555,0.268079832804365,0.20156607451269973,,,,,,,19.395,
1763050076.795772,537,107;108;200;201;202,74.675;55.934;97.320;82.409;59.201,-0.05427493496133073,-0.47639765923713917,-2.818340282933217,-0.11227311067347784,0.26359909076367305,0.20520029387265684,,,,,,,19.116,
1763050076.928310,538,107;108;200;201;202,79.025;49.602;98.689;83.403;55.701,-0.05084210640818111,-0.46991356593497385,-2.816967137073019,-0.11063484919503574,0.260364667595084,0.20700613243778587,,,,,,,18.855,
1763050077.059814,539,107;108;200;201,77.813;48.203;96.557;83.841,-0.10766434605023355,-0.5053765328051236,-2.8175745365195604,-0.12694299684370597,0.27785777791859534,0.1985936047613182,,,,,,,20.583,
1763050077.193140,540,107;108;200;201;202,77.475;50.333;97.842;84.772;57.409,-0.0845766489164105,-0.4879307068634454,-2.814800463854052,-0.12137872179651744,0.27011438316561065,0.20298608299838924,,,,,,,19.754,
1763050077.321660,541,107;108;200;201,78.549;52.858;93.890;83.747,-0.13128623178095894,-0.522699608269333,-2.819355318460478,-0.13633258908799328,0.28782635028357334,0.19533349632373018,,,,,,,21.443,
1763050077.461028,542,107;108;110;200;201;202,78.771;50.933;13.421;98.990;82.143;57.467,-0.11301805736315075,-0.5046746293623591,-2.809773480648924,-0.1242905286929149,0.28113169497822976,0.19578095740495338,,,,,,,20.645,
1763050077.606550,543,107;108;200;201;202,78.864;49.094;97.406;81.536;60.180,-0.08732150870506289,-0.48839502915010286,-2.8100067889194396,-0.11737661590627216,0.27146340773003264,0.2007304484787032,,,,,,,19.817,
1763050077.748163,544,107;108;200;201,81.039;54.286;92.410;81.638,-0.13565456273427523,-0.5274452403405986,-2.818081387494095,-0.1337422756542756,0.2905373846351011,0.19234940518835505,,,,,,,21.672,
1763050077.918781,545,107;108;200;201;202,79.016;51.556;98.075;82.394;58.915,-0.10465918483484436,-0.5058226514782579,-2.8189176060145797,-0.1251884697188214,0.27882398090239097,0.19789445362681735,,,,,,,20.568,
1763050078.044570,546,107;108;200;201;202,77.660;51.558;97.619;78.922;59.959,-0.08040070061559168,-0.4940041652136163,-2.8217983511001083,-0.11856968603682765,0.26978472093117567,0.20178529108083923,,,,,,,19.923,
1763050078.179547,547,107;108;110;200;201;202,76.593;50.223;15.708;98.292;83.885;56.738,-0.07856109607647782,-0.4800744346114674,-2.807934607109591,-0.11148170386447552,0.26890050794425774,0.2002752907260879,,,,,,,19.446,
1763050078.310082,548,107;108;200;201;202,78.467;49.175;100.130;82.017;59.895,-0.06333387858868679,-0.47159891139890314,-2.8096480450433177,-0.10858528489777197,0.2619901526965181,0.2042606787575236,,,,,,,19.018,
1763050078.443815,549,107;108;110;200;201;202,78.064;50.763;18.213;96.088;86.260;61.318,-0.066965341125961,-0.4615837447185564,-2.7948135754543832,-0.10351875490876879,0.26505526229671916,0.2018606142291764,,,,,,,18.723,
1763050078.577129,550,107;108;110;200;201;202,76.801;51.154;12.942;94.121;81.805;63.684,-0.06252996318902533,-0.45423632673873776,-2.79074847045893,-0.10019595059683196,0.2646219659059713,0.20166223053108517,,,,,,,18.430,
1763050078.707741,551,107;108;110;200;201;202,78.765;50.746;15.944;94.222;78.312;61.706,-0.22261618273234102,-0.4595580599541682,-2.772947179304819,-0.10816458358961642,0.26732996178940227,0.2052704550812683,,,,,,,20.595,
1763050078.836909,552,107;108;200;201;202,77.812;51.520;100.179;83.561;64.666,-0.16057840304245738,-0.4558309692674355,-2.787687555929876,-0.1058843441752719,0.26039963860601784,0.20793500112188112,,,,,,,19.429,
1763050078.969946,553,107;108;200;201;202,77.237;51.502;96.951;84.865;55.143,-0.1256315782212279,-0.45418691637974296,-2.7960432599133798,-0.1073381510279773,0.2590410925006711,0.20915576366644742,,,,,,,18.908,
1763050079.102986,554,107;108;200;201;202,79.393;51.770;98.548;80.853;58.769,-0.09735271311409834,-0.4571878008530297,-2.804150333089183,-0.10636837838761012,0.2567587853131897,0.20939301717554826,,,,,,,18.715,
1763050079.235150,555,107;108;200;201;202,77.403;52.143;100.123;78.212;57.531,-0.07624648129716668,-0.4641810538138731,-2.8139276705827156,-0.10607149983718307,0.25426897217891337,0.2097613616623816,,,,,,,18.782,
1763050079.368642,556,107;108;200;201;202,74.364;53.313;98.116;74.299;58.110,-0.056278715174238624,-0.4747406476043544,-2.8253774671741527,-0.1061067092122169,0.2521059896846339,0.20995227911790718,,,,,,,19.023,
1763050079.495763,557,107;108;200;201;202,80.584;56.290;95.387;80.984;60.290,-0.04824328918864803,-0.47553894426942794,-2.8267299357220415,-0.10740125960123503,0.2550390958020529,0.20975252608791084,,,,,,,19.013,
1763050079.632429,558,107;108;110;200;201,79.042;49.614;17.108;99.333;80.469,-0.11618748511874405,-0.5176723847114665,-2.8157327065520357,-0.11782565783611829,0.2794522532107156,0.19357174555197912,,,,,,,21.136,
1763050079.762179,559,107;108;200;201;202,80.037;52.931;99.514;81.637;65.106,-0.08527565854864533,-0.5000692565065321,-2.8181546491212024,-0.11271187688867247,0.2699674712356024,0.19926818849034197,,,,,,,20.210,
1763050079.892184,560,107;108;200;201;202,77.326;52.905;96.990;80.408;67.267,-0.06056146872330006,-0.48511250864261374,-2.8201495826567617,-0.1087981925926973,0.26222254284518737,0.20405080800081407,,,,,,,19.476,
1763050080.026717,561,107;108;200;201;202,77.934;50.663;98.387;84.510;58.957,-0.050459020221956995,-0.47229153094792864,-2.8173597303203417,-0.10784347655982773,0.2586423598500974,0.20685779402588186,,,,,,,18.944,
1763050080.157152,562,107;108;200;201,79.264;51.548;95.310;81.613,-0.10771027320871296,-0.516299009995465,-2.8234100417207864,-0.12575872599189114,0.2786931016619562,0.19742110899566676,,,,,,,20.968,
1763050080.288929,563,107;108;200;201;202,78.428;50.700;98.736;86.047;60.848,-0.08311046312583603,-0.49207752216592704,-2.818977277257807,-0.11966149212865244,0.270021239299623,0.2027549500985346,,,,,,,19.882,
1763050080.422229,564,107;108;200;201,72.878;50.450;96.563;84.657,-0.12657079130072738,-0.5201611592853602,-2.8229193527376832,-0.13489381805903156,0.28348237222200007,0.19691087592447543,,,,,,,21.281,
1763050080.555191,565,107;108;110;200;201;202,76.394;51.570;16.207;99.095;79.254;63.708,-0.10400308425036987,-0.5034297990436472,-2.813634272737768,-0.12118157140404852,0.2760644635164073,0.19642455368671927,,,,,,,20.501,
1763050080.687457,566,107;108;200;201;202,78.982;54.966;98.039;83.115;63.879,-0.2460741453893936,-0.4927596725759285,-2.8009101716125104,-0.12873056623530285,0.2706200435784369,0.21041547246203054,,,,,,,22.018,
1763050080.818238,567,107;108;200;201;202,78.909;48.979;94.034;87.160;66.626,-0.176968079028733,-0.4648358541413582,-2.7983666506794327,-0.12001525465274433,0.26316514123730184,0.21121579103710814,,,,,,,19.929,
1763050080.948334,568,107;108;200;201;202,78.190;48.892;92.264;78.455;59.541,-0.1328118992957298,-0.46034167593488734,-2.802451646844501,-0.11446267504130125,0.2603747727331004,0.210797922697056,,,,,,,19.186,
1763050081.083022,569,107;108;200;201;202,75.699;53.229;93.691;81.719;62.434,-0.09808315269188658,-0.4543017103549841,-2.80889018890752,-0.11187421297238333,0.257731312741985,0.2115110585081147,,,,,,,18.585,
1763050081.215092,570,107;108;200;201;202,76.313;53.954;89.999;85.190;66.391,-0.24845353616997914,-0.44729459456397236,-2.7898683540792675,-0.1224100374599325,0.25857362567336484,0.2213694311487028,,,,,,,20.541,
1763050081.345604,571,107;108;110;200;201,80.132;52.082;17.217;98.424;86.699,-0.2579849389510224,-0.4904771530942496,-2.7840488785922846,-0.13113606463327088,0.2838447510860198,0.20397001155981165,,,,,,,22.255,
1763050081.479836,572,107;108;200;201;202,76.519;51.667;94.311;75.645;59.183,-0.18676769341124136,-0.487115499364083,-2.8002645772667045,-0.12260361431621267,0.2743375071718599,0.20471976784071574,,,,,,,20.878,
1763050081.609519,573,107;108;200;201;202,81.501;54.771;99.042;82.509;64.791,-0.1364839535098473,-0.4793372662022037,-2.8088681876932937,-0.11684950971765545,0.26771022946519074,0.20628034125949601,,,,,,,19.911,
1763050081.745355,574,107;108;200;201;202,79.141;52.275;95.518;85.920;58.101,-0.10740944326064579,-0.46840762121151214,-2.8090278981507906,-0.11462861135833782,0.26483627549797745,0.20795079677151157,,,,,,,19.208,
1763050081.884960,575,107;108;200;201;202,79.790;49.965;95.735;81.032;60.388,-0.08391693537766795,-0.4630999656741666,-2.8092352342047664,-0.11098489958529628,0.26096947794663244,0.20885765605599907,,,,,,,18.815,
1763050082.021764,576,107;108;200;201,78.861;50.962;98.741;84.199,-0.12971567013517155,-0.5036705016797579,-2.8157593406985897,-0.1276148696947958,0.27784759780223606,0.1998423231009112,,,,,,,20.726,
1763050082.155001,577,107;108;200;201;202,78.009;50.485;91.094;80.708;61.675,-0.09937885795119555,-0.483991233709851,-2.8134252740482615,-0.12014567544211582,0.27105519037862225,0.20384042603613592,,,,,,,19.717,
1763050082.326373,578,107;108;200;201;202,75.980;50.634;98.469;82.714;58.262,-0.07765895564714459,-0.47411459286582586,-2.8147293410813106,-0.1159010575221452,0.26411075662343114,0.20687961172903316,,,,,,,19.173,
1763050082.596183,579,107;108;200;201;202,76.946;52.000;99.920;82.582;59.901,-0.06009315487600704,-0.46882408371022155,-2.8173319778426036,-0.11296202977579178,0.25927004836487194,0.20916262933637264,,,,,,,18.853,
1763050082.786742,580,107;108;200;201;202,77.686;53.029;94.584;85.002;58.714,-0.051766875893645016,-0.46127264320910094,-2.815203263234315,-0.11213700224867194,0.2585297502935302,0.2101294191621771,,,,,,,18.529,
1763050082.934570,581,107;108;200;201;202,79.281;52.302;96.149;81.356;58.388,-0.04593244494280923,-0.4617569107669668,-2.815687311113455,-0.11041210366630114,0.25773845803545126,0.21040142366833986,,,,,,,18.522,
1763050083.063896,582,107;108;110;200;201;202,77.642;53.968;15.580;97.487;79.610;58.841,-0.05333627804196514,-0.46717578375446356,-2.809550218185211,-0.10573128523678697,0.26162067822339674,0.20574503587262002,,,,,,,18.797,
1763050083.194896,583,107;108;200;201;202,77.828;55.013;94.678;89.169;56.262,-0.049765023972278416,-0.45962969485800814,-2.8089956973951935,-0.1090608342427384,0.2624036752985018,0.207930267399613,,,,,,,18.488,
1763050083.324099,584,107;108;200;201;202,78.737;51.987;98.621;79.110;65.727,-0.03661380744505857,-0.45975632643428105,-2.8139252117009885,-0.10614516822138219,0.25711475964617025,0.2096530949441641,,,,,,,18.419,
1763050083.456744,585,107;108;200;201;202,76.766;52.774;94.829;82.255;61.267,-0.030865302671349806,-0.4573071871368198,-2.8153356298336827,-0.10641161317232777,0.2557036940168282,0.21055076298084568,,,,,,,18.299,
1763050083.592436,586,107;108;200;201;202,75.554;49.885;92.679;82.415;59.275,-0.029554437801035515,-0.4512986530839755,-2.8125871838393066,-0.10650148367329727,0.25491977117733877,0.21167685333561487,,,,,,,18.073,
1763050083.723208,587,107;108;200;201;202,75.783;53.591;94.431;81.709;54.946,-0.03148515088154314,-0.4550900200279298,-2.8163212299230067,-0.10840916412677082,0.2560063402024774,0.2112967142477219,,,,,,,18.208,
1763050083.856106,588,107;108;200;201;202,75.957;49.723;99.966;82.735;53.774,-0.033680044463600074,-0.4578286545257729,-2.8177586739217797,-0.10877563179462121,0.2542606101744316,0.21164736074310717,,,,,,,18.315,
1763050083.994646,589,107;108;110;200;201;202,76.886;49.911;16.134;92.765;79.058;58.676,-0.04425795122098824,-0.4568483539475048,-2.8049416995762355,-0.10344869552831971,0.2593773128566097,0.20628310878664796,,,,,,,18.377,
1763050084.173770,590,107;108;200;201;202,78.052;50.164;98.901;81.202;63.871,-0.03508751568285115,-0.454883274636525,-2.807844308003395,-0.10235778818909248,0.254691790282191,0.20895254196174376,,,,,,,18.253,
1763050084.312563,591,107;108;200;201,74.941;50.611;97.293;80.001,-0.09282233238509367,-0.5040172521015803,-2.8202313850151435,-0.12208067074874797,0.2721632241769165,0.19948301412771938,,,,,,,20.402,
1763050084.446787,592,107;108;200;201;202,79.402;49.514;96.533;86.489;60.016,-0.07555265701985854,-0.48137140637853454,-2.812896595496732,-0.11696670810618927,0.2660216387786213,0.20393251112424593,,,,,,,19.451,
1763050084.579226,593,107;108;200;201;202,80.665;50.443;96.200;81.598;62.277,-0.06127177465610932,-0.4717435612976907,-2.812407130328807,-0.11237743646222821,0.2618886282746459,0.20638261411290923,,,,,,,18.999,
1763050084.716306,594,107;108;200;201;202,77.227;55.215;93.414;86.256;63.412,-0.04914037527734765,-0.46097118614180754,-2.812517737196736,-0.11164311326489101,0.2603444389279415,0.20885953684084133,,,,,,,18.520,
1763050084.841072,595,107;108;200;201,75.715;53.668;99.042;83.454,-0.10315061374370765,-0.5062624138328103,-2.823637210732704,-0.12927999068421062,0.2768341235259202,0.19950743718031938,,,,,,,20.546,
1763050084.975373,596,107;108;200;201;202,79.442;55.994;101.195;83.439;56.087,-0.08333525505136621,-0.4973992111213618,-2.8268444756151485,-0.12411390767248026,0.27038840568512806,0.20201990969488856,,,,,,,20.045,
1763050085.127662,597,107;108;200;201;202,77.427;53.614;92.651;81.297;63.120,-0.0639153137418971,-0.4830071528795446,-2.825399367212262,-0.11853949281400335,0.2659170345414854,0.2053551636875321,,,,,,,19.382,
1763050085.277270,598,107;108;110;200;201;202,77.608;49.897;15.166;96.798;77.844;54.725,-0.06739068133475296,-0.48162586021793,-2.8141643515390746,-0.11086664308928802,0.2670572701927602,0.20137880586353632,,,,,,,19.407,
1763050085.405134,599,107;108;200;201;202,78.382;54.542;94.670;86.970;59.769,-0.05695284725700341,-0.4684704657326741,-2.812838356069266,-0.11117907014541682,0.2647513683304471,0.2046143992405215,,,,,,,18.847,
1763050085.537479,600,107;108;200;201;202,77.797;53.463;94.688;73.881;57.800,-0.047949486359680715,-0.4762505342976274,-2.8215755202745907,-0.10938971718023072,0.26179632268422703,0.20514499309044715,,,,,,,19.066,
1763050085.679571,601,107;108;200;201;202,79.083;52.491;101.214;85.285;62.362,-0.04007538775086288,-0.46874070627119085,-2.820177511156553,-0.10805615249191698,0.2574716665581154,0.20796394548514374,,,,,,,18.751,
1763050085.819482,602,107;108;110;200;201;202,76.882;51.827;15.228;89.507;77.245;61.104,-0.04771395109827577,-0.4663086108240889,-2.8086637907516088,-0.1032066858470026,0.2625452013517062,0.20406421343074926,,,,,,,18.743,
1763050085.977844,603,107;108;200;201;202,76.473;51.275;94.560;78.783;55.979,-0.043645918270747305,-0.4669138280856739,-2.813831629122631,-0.10460191111855,0.26027296543250655,0.2060905989904418,,,,,,,18.725,
1763050086.114783,604,107;108;200;201;202,79.229;51.363;100.420;83.709;65.895,-0.03422421649503198,-0.45916589400115737,-2.813874368437808,-0.10329140985295866,0.25543131637427446,0.20874194781107233,,,,,,,18.389,
1763050086.274740,605,107;108;200;201,79.318;50.231;92.206;90.194,-0.10026022105324067,-0.48824050384323,-2.809294605067444,-0.12353520411405262,0.2780950272666536,0.19967048329961154,,,,,,,19.911,
1763050086.396958,606,107;108;200;201;202,76.909;53.145;96.966;77.821;58.229,-0.0777184785417645,-0.48489869141198066,-2.8173108875524377,-0.11821422678574081,0.2702477781941145,0.2030722602151108,,,,,,,19.578,
1763050086.535582,607,107;108;200;201;202,77.841;49.630;92.234;83.774;70.691,-0.05440928680472698,-0.4623453492602054,-2.8102031270466132,-0.11185424133676526,0.26257077031274806,0.20751066402107926,,,,,,,18.609,
1763050086.663778,608,107;108;200;201;202,78.175;54.330;99.483;87.584;57.015,-0.04899251985014715,-0.45998788662813556,-2.811537185952847,-0.11255868507239854,0.2605265403160618,0.2089559493008305,,,,,,,18.486,
1763050086.795355,609,107;108;200;201;202,76.652;52.051;96.430;77.075;64.758,-0.03523890268764267,-0.4607834473203873,-2.8177945237394737,-0.10879125682324796,0.2560620830812315,0.21016282243882478,,,,,,,18.436,
1763050086.929581,610,107;108;110;200;201;202,78.570;52.240;14.983;94.718;85.844;62.553,-0.04323025306236095,-0.45255052386322664,-2.8026841985782096,-0.10421771393319026,0.25994532828521405,0.20632460001696912,,,,,,,18.215,
1763050087.057235,611,107;108;200;201;202,76.779;55.175;99.702;82.830;63.128,-0.03418293495401609,-0.4562360862646325,-2.8106336399597356,-0.10508169280979286,0.2561527502824038,0.2085978735642467,,,,,,,18.290,
1763050087.191770,612,107;108;200;201;202,80.702;53.560;100.684;80.836;65.072,-0.02837861994722039,-0.45931650316986294,-2.81486891485487,-0.10376289047901226,0.25357538674393815,0.2095594149630497,,,,,,,18.374,
1763050087.322159,613,107;108;200;201;202,76.896;51.963;97.860;76.949;60.043,-0.025045734796465886,-0.4641853689118454,-2.821507069130245,-0.10367054272735712,0.25154717631470586,0.20971823065161074,,,,,,,18.524,
1763050087.456378,614,107;108;200;201;202,80.036;50.357;97.547;81.868;60.514,-0.02630561481407753,-0.4612171151731953,-2.818679665722112,-0.10339158550165063,0.2516917116815446,0.21042334157927212,,,,,,,18.425,
1763050087.583884,615,107;108;200;201;202,79.255;54.266;99.181;86.621;69.814,-0.01885993008048091,-0.4508076568893885,-2.8171953823043783,-0.10274193224861133,0.24952275613798972,0.21235811495313678,,,,,,,18.008,
1763050087.715058,616,107;108;200;201;202,76.798;53.135;94.726;82.349;63.610,-0.016322426470896264,-0.44800855428963676,-2.8174201340227385,-0.10335554860919753,0.25010842212604256,0.2128189440196943,,,,,,,17.892,
1763050087.850205,617,107;108;110;200;201;202,78.490;52.306;16.782;100.617;85.654;59.944,-0.03236208583922304,-0.4490845745451736,-2.805103424660526,-0.10031713207710086,0.2554965388590222,0.20787830575061253,,,,,,,18.030,
1763050087.977998,618,107;108;200;201;202,78.452;48.050;94.595;82.375;58.854,-0.032931530736759876,-0.4461405407525936,-2.8033930751509444,-0.10122073581215175,0.25462079006315247,0.20954859575099108,,,,,,,17.924,
1763050088.112751,619,107;108;200;201;202,77.371;49.331;97.439;80.635;61.469,-0.027903682733145214,-0.4451060482462277,-2.806340976390593,-0.10097328154563971,0.251852627132353,0.21068103022556411,,,,,,,17.855,
1763050088.407090,620,107;108;200;201;202,76.785;52.688;97.390;84.857;60.999,-0.024947035025235854,-0.4446554170581211,-2.8090372498991902,-0.10306624173001382,0.2513395757073758,0.2114147168076494,,,,,,,17.817,
1763050088.553227,621,107;108;200;201;202,76.288;48.361;93.839;83.273;59.697,-0.02640907976248476,-0.4407860815251843,-2.8059838935216765,-0.10340413401905402,0.25085268462408805,0.21236783892305147,,,,,,,17.683,
1763050088.705595,622,107;108;200;201;202,78.300;48.895;98.219;84.961;60.032,-0.02770335018073178,-0.43969714778881863,-2.8040030564103304,-0.10340436497398356,0.24982892559396558,0.21280746704266898,,,,,,,17.652,
1763050088.838868,623,107;108;200;201;202,80.053;51.401;97.191;82.414;60.812,-0.02870868581156357,-0.4424172171613923,-2.80713012395552,-0.10357695826291191,0.25071409173601605,0.2126262144405317,,,,,,,17.747,
1763050088.969535,624,107;108;200;201;202,80.277;53.350;99.133;84.924;54.764,-0.033711395464829166,-0.4490767512448329,-2.8107162559255077,-0.10612833636112388,0.2533213316737876,0.21163908533492135,,,,,,,18.006,
1763050089.103003,625,107;108;200;201;202,79.834;52.138;97.246;82.506;58.768,-0.034367309061831386,-0.45154684654410326,-2.812319277064427,-0.1062469552532042,0.2537685966122831,0.21113497678551285,,,,,,,18.097,
1763050089.233869,626,107;108;110;200;201;202,78.868;54.061;13.590;99.210;84.457;58.626,-0.04398589214170957,-0.45406069481139527,-2.8048908931903003,-0.10376775284436202,0.2582357284048835,0.2069450530671801,,,,,,,18.266,
1763050089.362882,627,107;108;200;201;202,77.861;50.975;100.663;82.085;66.497,-0.03405891412557537,-0.4510520442145306,-2.808609026220616,-0.10221625423406488,0.25266705840763953,0.2098032436451255,,,,,,,18.095,
1763050089.498980,628,107;108;200;201;202,78.415;52.562;94.985;84.860;61.787,-0.03317510315718346,-0.44732020852075655,-2.809390980198229,-0.10358323593242388,0.2534047070867743,0.2112333475401374,,,,,,,17.942,
1763050089.628779,629,107;108;200;201;202,74.866;53.213;94.088;83.210;64.114,-0.02516928461667794,-0.4443564576229797,-2.8116999209870244,-0.10444151382889781,0.25203670277146994,0.21243088824857873,,,,,,,17.793,
1763050089.758979,630,107;108;200;201;202,77.153;50.849;93.065;84.374;60.031,-0.027082500205389874,-0.4406148755674565,-2.8094326901267337,-0.10524892781347309,0.2529400205280456,0.21307349590744115,,,,,,,17.661,
1763050089.891799,631,107;108;200;201;202,80.611;51.652;94.760;85.934;61.351,-0.029320351446021003,-0.43857625945203743,-2.806166621306326,-0.10538069489838571,0.25412869413484646,0.21303422290655846,,,,,,,17.602,
1763050090.023184,632,107;108;200;201;202,77.500;54.016;93.745;80.883;63.971,-0.0248533186290006,-0.4420655075878698,-2.810709473410917,-0.10528222807213794,0.2536113936700645,0.2129058829195876,,,,,,,17.707,
1763050090.157761,633,107;108;200;201;202,76.237;52.670;94.798;86.853;61.744,-0.02489993895222991,-0.4376774899488752,-2.808786269715078,-0.10621541050863706,0.25322590286998486,0.2136344221174214,,,,,,,17.543,
1763050090.286401,634,107;108;200;201;202,77.567;47.533;98.509;86.213;59.716,-0.026360460152566795,-0.4344741499656293,-2.804623817270785,-0.10508282759457908,0.2512218095741208,0.21415454904662587,,,,,,,17.439,
1763050090.426163,635,107;108;200;201;202,77.026;52.667;98.525;81.235;57.007,-0.028172501717382555,-0.44482741085727123,-2.811256373861789,-0.10610400348295612,0.25097965802657457,0.21322925256728878,,,,,,,17.821,
1763050090.548284,636,107;108;200;201,79.254;52.797;95.910;86.966,-0.09225652086352758,-0.4889682524587714,-2.815490638144349,-0.12560832974654196,0.27368197539062816,0.2027319863779808,,,,,,,19.844,
1763050090.686325,637,107;108;200;201,75.288;51.192;92.797;87.261,-0.13591572387204634,-0.5145263619066034,-2.815517367340919,-0.13998340234034296,0.28933022019546256,0.19623978414765378,,,,,,,21.201,
1763050090.813291,638,107;108;200;201;202,75.665;53.156;96.115;83.319;61.320,-0.1014474081116853,-0.49512517036187104,-2.817896127087879,-0.13014427303426201,0.27767035610377155,0.20141429212280085,,,,,,,20.137,
1763050090.949877,639,107;108;200;201;202,77.429;55.162;92.457;91.273;59.079,-0.08271468868844419,-0.47376704692616783,-2.8118626938908884,-0.12606597381212242,0.27358078993096085,0.20531489945980755,,,,,,,19.208,
1763050091.081243,640,107;108;200;201;202,77.429;55.162;92.457;91.273;59.079,-0.08271468868844419,-0.47376704692616783,-2.8118626938908884,-0.12606597381212242,0.27358078993096085,0.20531489945980755,,,,,,,19.208,
1763050091.213012,641,107;108;200;201;202,75.342;49.329;99.199;80.169;62.028,-0.06100950789144749,-0.46567990216116767,-2.8136879600102835,-0.11850582463208054,0.26370054664380277,0.2084787107800128,,,,,,,18.754,
1763050091.344227,642,107;108;200;201;202,79.237;50.117;94.225;81.023;59.386,-0.05207281127577837,-0.4599932842026399,-2.8116732904496735,-0.11418819721395132,0.26081573336250746,0.20893124926400047,,,,,,,18.499,
1763050091.475150,643,107;108;200;201;202,78.805;51.938;96.249;86.462;63.225,-0.044992788862063156,-0.45041313845067776,-2.8096969965330683,-0.11151999323518076,0.2582073218032795,0.21063521005493918,,,,,,,18.103,
1763050091.607194,644,107;108;200;201;202,77.458;51.655;94.556;80.590;63.282,-0.2066363339022934,-0.4514593077998937,-2.7970913346842496,-0.12062391475860428,0.25678120738669297,0.2188094970404775,,,,,,,19.902,
1763050091.740348,645,107;108;200;201;202,77.279;51.472;99.820;79.786;61.603,-0.1507944615488491,-0.4549790686610248,-2.8076915254773764,-0.11515806466176225,0.2530399632057432,0.21609296106545411,,,,,,,19.166,
1763050091.905542,646,107;108;200;201,75.987;53.984;91.815;88.478,-0.17682544694880525,-0.49032987663833694,-2.8103670664351195,-0.13385433952994097,0.2766032878333949,0.20678978223561523,,,,,,,20.802,
1763050092.040539,647,107;108;110;200;201;202,79.318;52.444;14.212;96.363;85.640;62.307,-0.1420750917431397,-0.47527173405853484,-2.800024493820591,-0.12230255959815195,0.2735939866322518,0.20378044254199193,,,,,,,19.868,
1763050092.166183,648,107;108;200;201,76.516;50.749;97.579;82.433,-0.17046225285864264,-0.5155763369273254,-2.8109984583970524,-0.1358947839324273,0.28660020757368543,0.19693853543240886,,,,,,,21.653,
1763050092.300993,649,107;108;200;201,76.516;50.749;97.579;82.433,-0.17046225285864264,-0.5155763369273254,-2.8109984583970524,-0.1358947839324273,0.28660020757368543,0.19693853543240886,,,,,,,21.653,
1763050092.434783,650,107;108;200;201;202,79.007;55.716;94.382;90.740;55.997,-0.13347570855575863,-0.49227792326823056,-2.809798586587799,-0.1304235401318617,0.2806859967703711,0.20126009181677082,,,,,,,20.365,
1763050092.564860,651,107;108;200;201;202,78.755;51.552;89.612;83.359;59.484,-0.10408553813276585,-0.4754772198173737,-2.807440484068202,-0.1237913073626451,0.2744647054321787,0.20396181250144294,,,,,,,19.460,
1763050092.701280,652,107;108;200;201;202,77.702;53.804;95.691;83.774;59.150,-0.08184392754095203,-0.46866829957041006,-2.811143828937568,-0.11930607238650615,0.26887577216307623,0.20614030209638703,,,,,,,19.007,
1763050092.829706,653,107;108;200;201;202,78.560;53.695;99.191;83.249;61.500,-0.06363720135868176,-0.46497722941367226,-2.8146243507734305,-0.11536255516500608,0.2632978871236499,0.20787228324397053,,,,,,,18.735,
1763050092.960136,654,107;108;200;201;202,77.177;54.672;99.945;88.720;71.627,-0.04398600639971936,-0.4514419686854908,-2.8147102892443896,-0.11129180443177147,0.25662705087138266,0.2114634665438168,,,,,,,18.114,
1763050093.094835,655,107;108;200;201;202,77.177;54.672;99.945;88.720;71.627,-0.04398600639971936,-0.4514419686854908,-2.8147102892443896,-0.11129180443177147,0.25662705087138266,0.2114634665438168,,,,,,,18.114,
1763050093.224602,656,107;108;200;201;202,80.262;49.039;92.545;83.214;65.105,-0.03917347993167761,-0.4437914700267646,-2.8084568499258116,-0.10772591492927872,0.2553492225941743,0.21248799761618214,,,,,,,17.826,
1763050093.360866,657,107;108;200;201;202,77.508;50.500;93.478;82.546;63.775,-0.03211417263950194,-0.4404222982738969,-2.8072880732114665,-0.10622233178899147,0.25341065130482276,0.21288966607834384,,,,,,,17.677,
1763050093.488260,658,107;108;200;201;202,80.972;50.227;97.361;80.528;62.306,-0.031063851131573526,-0.44554424615853727,-2.809442344802914,-0.10447633289865882,0.2525484307940474,0.21269883437189854,,,,,,,17.866,
1763050093.624157,659,107;108;200;201;202,79.755;54.160;94.788;82.476;68.781,-0.022739939853821667,-0.44358961335248553,-2.811271360985913,-0.1034772606240128,0.2520246054767804,0.21320518865135354,,,,,,,17.760,
1763050093.752622,660,107;108;200;201;202,77.238;51.537;100.010;85.247;63.841,-0.020079201886418117,-0.4418794807164496,-2.8113179162460455,-0.10344620625500887,0.24970213440224526,0.2138317638874933,,,,,,,17.687,
1763050093.886525,661,107;108;200;201;202,78.625;52.513;97.079;81.412;59.003,-0.023040704879539072,-0.4476719266550538,-2.814124529561896,-0.10430380677020792,0.2507025135337511,0.21295334154627166,,,,,,,17.907,
1763050094.018098,662,107;108;200;201,75.276;51.779;97.100;82.371,-0.0846243469037093,-0.495040704853086,-2.823571790812023,-0.1238076344290134,0.27013675306039525,0.20231866391940162,,,,,,,19.981,
1763050094.150052,663,107;108;200;201;202,78.681;52.562;95.668;85.361;60.484,-0.0685466188466617,-0.4787358352813311,-2.8194885154278184,-0.1190404607818354,0.2653586441955668,0.2054971005069573,,,,,,,19.273,
1763050094.282007,664,107;108;200;201;202,79.946;49.776;92.822;86.278;60.766,-0.05901062086061067,-0.4619812949009438,-2.8107173050637093,-0.11503909053166504,0.2628366528386798,0.2081380616771743,,,,,,,18.614,
1763050094.415314,665,107;108;200;201;202,77.213;53.642;95.926;77.858;67.444,-0.22062416845756916,-0.46420355399913177,-2.801317322945629,-0.12263211012002735,0.2587278977469679,0.2179367838047718,,,,,,,20.567,
1763050094.547828,666,107;108;200;201;202,76.996;49.557;93.472;86.550;57.904,-0.16403582667504102,-0.452529863759646,-2.8005060594127262,-0.11853142854454825,0.25743531995835656,0.21582755084381433,,,,,,,19.284,
1763050094.678916,667,107;108;200;201;202,75.438;47.820;97.080;81.096;60.468,-0.12116838002275811,-0.44805370838057695,-2.8036466537079905,-0.11318985171168587,0.2529377965096098,0.2149719179370698,,,,,,,18.588,
1763050094.808927,668,107;108;200;201;202,78.896;51.086;95.800;85.791;58.453,-0.09695486367434779,-0.44566583307272467,-2.8039520680720167,-0.11188038794660356,0.2537547459402234,0.21412609182013326,,,,,,,18.267,
1763050094.943820,669,107;108;200;201;202,78.610;52.807;98.384;85.607;56.694,-0.07978717550353116,-0.4477553733592211,-2.8080202949829056,-0.1114748209999904,0.2544126052075504,0.21333634323290718,,,,,,,18.196,
1763050095.073282,670,107;108;200;201;202,79.872;48.932;97.684;80.045;56.088,-0.06812454233169231,-0.45212434205863977,-2.8099794695772036,-0.10910020914066937,0.25426112304436743,0.21213679443013,,,,,,,18.282,
1763050095.203723,671,107;108;200;201;202,76.623;51.600;99.964;87.501;65.331,-0.05025582924615922,-0.44476587349827096,-2.8091776542394555,-0.107524430623585,0.25075809903156276,0.21378051405392898,,,,,,,17.905,
1763050095.337872,672,107;108;200;201;202,78.947;50.174;96.485;90.125;63.330,-0.04307117722969762,-0.434978245367527,-2.802560740828534,-0.10682977171743277,0.2507750027002779,0.21469668578536,,,,,,,17.522,
1763050095.483714,673,107;108;200;201;202,79.872;49.923;97.450;87.849;61.094,-0.040490543040119634,-0.43207250059070346,-2.799780654051342,-0.10628074978582813,0.25084120614220706,0.21455231090303398,,,,,,,17.411,
1763050095.636037,674,107;108;200;201;202,78.755;54.935;96.859;87.512;61.851,-0.035793487500448626,-0.43499322092193576,-2.803679701710875,-0.10756276662300628,0.25257623128898793,0.21442863970073103,,,,,,,17.491,
1763050095.769025,675,107;108;110;200;201;202,78.778;50.860;16.979;93.975;81.423;55.091,-0.0526803476950882,-0.44527867458722453,-2.793732767224939,-0.103643846942475,0.26086884986229264,0.2075091874988077,,,,,,,18.013,
1763050095.903535,676,107;108;110;200;201;202,75.454;51.333;14.302;96.118;87.572;61.491,-0.056019475230231444,-0.440526051808011,-2.7861346778035725,-0.10148920169449367,0.26235895507779255,0.20585234004426184,,,,,,,17.878,
1763050096.032098,677,107;108;200;201;202,78.590;54.222;95.347;86.558;58.410,-0.04929583259483928,-0.44215846724389374,-2.7931201588944394,-0.104599087563992,0.26127811081779406,0.20766782103774553,,,,,,,17.877,
1763050096.163069,678,107;108;110;200;201;202,76.327;50.641;16.197;98.024;80.517;66.291,-0.047995323825462205,-0.4440442105929184,-2.7898948373362913,-0.0991895422965621,0.2606176532211887,0.20465184829022465,,,,,,,17.962,
1763050096.295645,679,107;108;200;201;202,77.607;52.847;99.176;79.865;64.953,-0.03609892573592653,-0.44948761614198673,-2.800729499709382,-0.09977134880535458,0.255663086519293,0.20715720241473518,,,,,,,18.079,
1763050096.426873,680,107;108;200;201;202,79.641;49.999;100.594;87.480;64.196,-0.031460894926522515,-0.4422829938757378,-2.80126080158752,-0.10010674918457871,0.2522796425376818,0.2098183955610475,,,,,,,17.778,
1763050096.563604,681,107;108;200;201;202,76.646;51.084;95.841;87.785;63.623,-0.027457374357744223,-0.43444709415865845,-2.8011939029156823,-0.1015820817510874,0.25125025713841775,0.2120903932041969,,,,,,,17.458,
1763050096.691823,682,107;108;200;201;202,81.239;54.105;97.718;89.911;65.723,-0.02547145086546456,-0.43248507401465347,-2.8007118470019328,-0.10292414233404605,0.25204674743334976,0.21292912856070367,,,,,,,17.377,
1763050096.824859,683,107;108;200;201;202,77.141;52.730;99.186;79.551;66.092,-0.01871589766665928,-0.44035220162788097,-2.8093188399999005,-0.1020848631426122,0.2488561955314192,0.21306415062671047,,,,,,,17.634,
1763050096.958954,684,107;108;200;201;202,78.049;54.160;92.510;84.409;54.264,-0.027623076759671742,-0.44606360567937187,-2.8113636288453208,-0.10606536398643125,0.2540759299306379,0.2120572634039748,,,,,,,17.868,
1763050097.095388,685,107;108;200;201;202,77.333;51.925;96.604;85.879;67.330,-0.020849519654715095,-0.439324448940747,-2.809751420170543,-0.10484662039407305,0.25138615885853166,0.21355827607646563,,,,,,,17.595,
1763050097.224633,686,107;108;110;200;201;202,78.683;51.975;16.810;99.004;81.662;67.805,-0.029278272653484625,-0.4424104752809597,-2.800003465249071,-0.09892143858957048,0.2544674620506705,0.2088697080806816,,,,,,,17.783,
1763050097.357902,687,107;108;200;201;202,81.200;50.406;100.742;87.128;61.151,-0.03114358173716721,-0.440305028851769,-2.8009374713912853,-0.10031219538251135,0.25303672638599023,0.21035783048459636,,,,,,,17.700,
1763050097.487050,688,107;108;200;201;202,75.285;55.564;95.899;84.380;68.458,-0.02117946559098288,-0.4396721682960267,-2.8074415313118997,-0.10182528870677737,0.2508789517228197,0.21213407643369012,,,,,,,17.620,
1763050097.616460,689,107;108;110;200;201;202,80.862;53.128;19.716;94.651;87.656;66.492,-0.036946920339587,-0.4356473070346927,-2.792013376235306,-0.09786119221325272,0.25826050465685335,0.20689856097542206,,,,,,,17.577,
1763050097.748601,690,107;108;200;201;202,77.908;54.699;92.434;78.605;64.793,-0.03030235001682558,-0.4442499190084867,-2.8025769392080733,-0.09954313360536123,0.257273734376008,0.20827882649673737,,,,,,,17.846,
1763050097.881031,691,107;108;200;201;202,79.320;50.803;99.468;82.763;61.815,-0.02788721241327447,-0.4460889248404273,-2.806051247404216,-0.10019262492000079,0.2541435264663031,0.20937510207462015,,,,,,,17.895,
1763050098.007751,692,107;108;200;201,80.217;53.851;94.153;82.092,-0.09257970346394832,-0.49737360362035826,-2.8171667339605793,-0.12129298891643835,0.27657633366593964,0.19845136319606244,,,,,,,20.161,
1763050098.143788,693,107;108;200;201;202,79.340;55.667;96.004;86.420;62.496,-0.07229286830735249,-0.48108077577942265,-2.8173933818042745,-0.11762641581625444,0.2707493777639419,0.20288951563904362,,,,,,,19.396,
1763050098.275748,694,107;108;200;201;202,79.935;52.973;90.361;86.454;56.019,-0.06692806500989364,-0.46886553830212,-2.81248153883121,-0.11646322957613782,0.270330739657318,0.20491050512333983,,,,,,,18.916,
1763050098.403249,695,107;108;200;201,78.518;51.995;99.012;91.535,-0.11702616780503106,-0.497872057384659,-2.8130302114378205,-0.13275626151727246,0.28516857805672363,0.19813747727902437,,,,,,,20.402,
1763050098.542673,696,107;108;110;200;201;202,81.091;50.888;15.608;94.438;82.097;62.198,-0.10300823189976681,-0.4818567706608859,-2.8006447979243134,-0.12011931117203194,0.28085463930611276,0.19680690620856056,,,,,,,19.734,
1763050098.673669,697,107;108;110;200;201,79.817;53.465;15.855;89.349;86.166,-0.15939132456013066,-0.5121431450253061,-2.790690558355673,-0.13130017420719303,0.30332096832629546,0.18494693595514644,,,,,,,21.512,
1763050098.805250,698,107;108;110;200;201,79.817;53.465;15.855;89.349;86.166,-0.15939132456013066,-0.5121431450253061,-2.790690558355673,-0.13130017420719303,0.30332096832629546,0.18494693595514644,,,,,,,21.512,
1763050098.937620,699,107;108;200;201,81.237;51.769;95.333;84.256,-0.18607369295685683,-0.5389527210950984,-2.7998214646423922,-0.1421688807362215,0.3108626598282534,0.18245299258356662,,,,,,,22.786,
1763050099.065903,700,107;108;200;201;202,77.016;52.262;98.188;90.236;57.523,-0.14096140276396787,-0.506893698214681,-2.801745440088467,-0.13324549977129851,0.29416721116128697,0.19224556883525398,,,,,,,21.044,
1763050099.197403,701,107;108;200;201;202,79.472;52.662;95.221;91.610;67.280,-0.10381035626682507,-0.47639348476434495,-2.798272533921019,-0.12495875470579658,0.2812458561240083,0.1998534496290775,,,,,,,19.542,
1763050099.335081,702,107;108;110;200;201;202,77.849;50.829;13.193;95.407;84.800;61.582,-0.09021551846085972,-0.46471984360365376,-2.7906977534036774,-0.11605903327646028,0.27675349839891195,0.19978724393390904,,,,,,,19.021,
1763050099.463792,703,107;108;200;201;202,80.235;52.812;95.071;83.123;64.311,-0.06888387138132265,-0.4581045083263261,-2.7975162797913047,-0.11201056913914552,0.2697844845131714,0.20342661460985262,,,,,,,18.584,
1763050099.595255,704,107;108;200;201;202,77.498;52.131;97.728;88.464;70.747,-0.04777587018983985,-0.44311674160717063,-2.798199633006586,-0.10847107032054651,0.26143776821450265,0.20825451629036434,,,,,,,17.883,
1763050099.725363,705,107;108;200;201;202,79.689;50.241;96.820;83.168;64.077,-0.038582197053542114,-0.44080114858262187,-2.8011613365575,-0.10630484846977864,0.2573895495741519,0.20944840367502263,,,,,,,17.742,
1763050099.859489,706,107;108;200;201;202,80.353;52.043;92.794;86.443;65.461,-0.033907459463076356,-0.43498119346787767,-2.799985970349339,-0.10573885966284628,0.2568091769292466,0.2111300554214566,,,,,,,17.502,
1763050099.994610,707,107;108;110;200;201;202,80.041;52.535;14.251;97.036;85.384;56.328,-0.0468646279621455,-0.4404987368854814,-2.793511552538758,-0.10350087788430733,0.26198739982052033,0.20602771832067926,,,,,,,17.799,
1763050100.125969,708,107;108;200;201;202,77.159;51.605;97.073;84.002;66.986,-0.035429830400871505,-0.4371407639490366,-2.798999922876139,-0.10263256039397063,0.2567638543467986,0.2093538830355621,,,,,,,17.597,
1763050100.254642,709,107;108;200;201;202,80.376;53.553;92.142;80.486;61.236,-0.03366228929126665,-0.44358429793809184,-2.804296920648176,-0.10372808090903139,0.2580272616284434,0.20947464793072937,,,,,,,17.821,
1763050100.387161,710,107;108;200;201;202,80.550;53.663;101.077;86.257;64.530,-0.028880656316601545,-0.4435599796211424,-2.8079655618847283,-0.1038741184819046,0.2550281255361845,0.21025024430506983,,,,,,,17.789,
1763050100.518345,711,107;108;200;201;202,80.332;50.564;95.608;80.137;62.501,-0.028303612918741557,-0.44592937584103665,-2.8095480497378467,-0.10289512521292944,0.25407663724732454,0.21076748322827252,,,,,,,17.873,
1763050100.648783,712,107;108;200;201;202,76.095;55.267;97.523;84.672;62.823,-0.022976002476128386,-0.4456319601359713,-2.814425343485432,-0.10475683867492999,0.2527012081547343,0.21170906525273075,,,,,,,17.825,
1763050100.781996,713,107;108;200;201;202,79.575;50.626;94.521;82.045;59.181,-0.026868800567489026,-0.44670736235137126,-2.8132001347239157,-0.1049335457663145,0.25369501838160946,0.21154776742335374,,,,,,,17.882,
1763050100.917871,714,107;108;200;201;202,76.224;50.340;91.549;81.155;62.851,-0.024627220431047595,-0.4437896158745917,-2.812152135481669,-0.1045050864839821,0.2530659053510768,0.212539030032054,,,,,,,17.767,
1763050101.047283,715,107;108;200;201;202,79.789;52.651;100.036;82.744;61.438,-0.024664369346054836,-0.448724337934603,-2.814768081541371,-0.10449962683021126,0.2519986323058263,0.2119042167176147,,,,,,,17.949,
1763050101.209216,716,107;108;200;201;202,79.934;49.337;96.217;89.229;59.390,-0.02899633059785252,-0.43954557155699986,-2.806786104113046,-0.10523566501233751,0.2529834037314086,0.2123147505589021,,,,,,,17.636,
1763050101.343287,717,107;108;200;201;202,80.348;53.697;101.159;85.787;61.367,-0.028572065598506193,-0.4442360870942019,-2.8100865919701934,-0.10566632801273267,0.25227016265556124,0.21243269003932277,,,,,,,17.804,
1763050101.477481,718,107;108;110;200;201;202,77.555;51.898;18.094;97.657;80.985;65.196,-0.0367793285454437,-0.44682316995262134,-2.8006387438511604,-0.10003676847868169,0.2563162594227116,0.20735536067577282,,,,,,,17.977,
1763050101.607417,719,107;108;200;201;202,79.798;50.799;100.474;87.318;57.906,-0.03795683025132572,-0.444491183822183,-2.8018270546433133,-0.10211352410469578,0.25472669384970753,0.20889519934202153,,,,,,,17.882,
1763050101.739915,720,107;108;200;201;202,79.798;50.799;100.474;87.318;57.906,-0.03795683025132572,-0.444491183822183,-2.8018270546433133,-0.10211352410469578,0.25472669384970753,0.20889519934202153,,,,,,,17.882,
1763050101.871205,721,107;108;200;201,81.233;51.387;96.270;84.762,-0.10096544722630992,-0.49182546651594866,-2.809102400271244,-0.12195806376238162,0.27582795358627105,0.1987653901988074,,,,,,,20.055,
1763050102.002673,722,107;108;200;201;202,78.980;52.802;96.077;88.638;59.593,-0.0818972006880061,-0.47473172552988047,-2.807205445229931,-0.11850141942546172,0.2704483400773322,0.20309750495461287,,,,,,,19.264,
1763050102.134720,723,107;108;200;201;202,80.842;54.670;95.675;81.910;60.591,-0.06619679813983526,-0.47106856396024477,-2.8116072407379273,-0.11515031788350122,0.267119018506415,0.20503295217554268,,,,,,,19.002,
1763050102.270231,724,107;108;110;200;201;202,79.532;51.738;17.053;99.348;82.650;64.066,-0.06407690959225244,-0.46474787617206564,-2.8017026661342492,-0.1070375891228604,0.2662955197738157,0.20227175348370813,,,,,,,18.795,
1763050102.396220,725,107;108;200;201,80.209;52.232;95.649;77.661,-0.11689710747895388,-0.5166193505510793,-2.8163022497469847,-0.12474851761179837,0.28364627676393733,0.19296147641773845,,,,,,,21.098,
1763050102.530751,726,107;108;200;201;202,79.165;53.696;95.202;89.257;59.641,-0.09349540872288892,-0.4906319007099845,-2.812354710454649,-0.12082905407424703,0.27640134909237346,0.1989792652432765,,,,,,,19.934,
1763050102.662617,727,107;108;200;201,78.447;51.730;98.251;90.036,-0.13725640677314083,-0.5149309604454286,-2.8130609059552443,-0.13582456805625592,0.28960163580384074,0.1937165935471185,,,,,,,21.244,
1763050102.794377,728,107;108;200;201;202,80.783;53.630;94.422;83.591;66.575,-0.10125534437318334,-0.49367882717517914,-2.8127007625088924,-0.12605709585168373,0.2792476708967882,0.19928497581747803,,,,,,,20.109,
1763050102.930509,729,107;108;200;201;202,79.066;50.569;95.150;83.393;62.925,-0.07881896763492972,-0.47689742493980186,-2.8114432530041458,-0.1189237959569284,0.27092751630133677,0.2038155509295157,,,,,,,19.306,
1763050103.060295,730,107;108;200;201;202,79.066;50.569;95.150;83.393;62.925,-0.07881896763492972,-0.47689742493980186,-2.8114432530041458,-0.1189237959569284,0.27092751630133677,0.2038155509295157,,,,,,,19.306,
1763050103.192716,731,107;108;110;200;201;202,81.528;53.121;16.287;99.655;86.359;61.492,-0.07704638163027666,-0.4692643671924204,-2.8002538835132023,-0.11156960446776394,0.27082803928670884,0.20118555955105652,,,,,,,19.056,
1763050103.323611,732,107;108;200;201;202,78.080;50.571;91.282;85.655;61.432,-0.06401717998988381,-0.45573648089114416,-2.798931063392586,-0.11007478378985941,0.26694666190107214,0.20525124288524985,,,,,,,18.456,
1763050103.456677,733,107;108;110;200;201;202,78.445;55.788;21.161;99.029;84.668;58.232,-0.06993632006444941,-0.46036302842225446,-2.7923006426596495,-0.1057940732688327,0.2702717725506704,0.2001906648847268,,,,,,,18.705,
1763050103.588325,734,107;108;200;201;202,80.387;52.283;93.291;86.150;59.086,-0.061038793712533436,-0.45285637991354144,-2.794586710803939,-0.10679000506582734,0.2678077281846425,0.2036953558251219,,,,,,,18.348,
1763050103.720592,735,107;108;200;201;202,78.499;53.180;97.490;89.505;62.670,-0.05078479531595686,-0.4449502247199589,-2.7972135487824663,-0.10733826726289429,0.2632608410109634,0.2072631544916333,,,,,,,17.974,
1763050103.850732,736,107;108;200;201;202,79.489;52.703;99.936;87.241;61.877,-0.042976062348465835,-0.44331581316019986,-2.8006113269884962,-0.10689891946665533,0.2591369141324324,0.2089166557682877,,,,,,,17.860,
1763050103.983369,737,107;108;200;201;202,81.159;52.887;94.766;83.474;60.255,-0.04154825039270285,-0.4449519427755696,-2.8031915471643227,-0.10680873294174019,0.25922028655026325,0.20923543508309428,,,,,,,17.907,
1763050104.115236,738,107;108;200;201;202,78.087;54.819;96.779;90.535;61.637,-0.03624307861464022,-0.4391289932511414,-2.8032052309083952,-0.10816537036088829,0.257957237336106,0.21051743426306968,,,,,,,17.658,
1763050104.245152,739,107;108;200;201,78.059;52.678;99.723;82.796,-0.09534333073421757,-0.49271787958458546,-2.816997429418923,-0.12610205013835804,0.27533647646939535,0.20038318903017555,,,,,,,20.003,
1763050104.384254,740,107;108;110;200;201;202,78.656;52.384;16.683;96.663;87.445;60.262,-0.0888419044691271,-0.4759764066694126,-2.801191901660531,-0.11701818499041862,0.2741175728497385,0.1990378835973556,,,,,,,19.393,
1763050104.510970,741,107;108;200;201;202,77.105;52.288;96.695;85.200;62.961,-0.0680821033308531,-0.46347106175383307,-2.804518414257162,-0.11350481427340214,0.26659462131181255,0.20404264020329665,,,,,,,18.753,
1763050104.642797,742,107;108;200;201;202,77.508;53.934;96.890;83.502;61.221,-0.053981490766100655,-0.4602195569925847,-2.809780823595413,-0.1118125409540395,0.26237272739080847,0.20657048885433357,,,,,,,18.526,
1763050104.776720,743,107;108;200;201;202,76.328;48.891;100.680;82.838;65.947,-0.03920098268621546,-0.4528575254372282,-2.8099447433937104,-0.10759051495273028,0.2546785569539355,0.20953326638430742,,,,,,,18.176,
1763050104.912209,744,107;108;200;201;202,77.591;54.167;94.489;86.333;57.087,-0.19144972278522068,-0.4545760911378373,-2.7976454236113493,-0.12029344153355306,0.2576527284631036,0.2164823546218115,,,,,,,19.770,
1763050105.040890,745,107;108;110;200;201;202,75.865;51.592;16.408;98.750;87.065;60.258,-0.15460839523383224,-0.44926650064931106,-2.790093619646569,-0.11304953838367934,0.2598325718676628,0.21011217961965556,,,,,,,19.092,
1763050105.176094,746,107;108;200;201;202,80.183;51.927;94.382;85.609;63.793,-0.11506318923866071,-0.4434078583245177,-2.794014511222527,-0.11029466240868,0.258212085927966,0.21049339286847807,,,,,,,18.397,
1763050105.304081,747,107;108;200;201;202,81.066;54.489;100.740;81.648;64.680,-0.08494949887123712,-0.44985930887470515,-2.804374860782924,-0.10778432252450147,0.2554873257198707,0.2105248620618524,,,,,,,18.333,
1763050105.435666,748,107;108;200;201;202,83.104;49.513;100.119;80.397;63.149,-0.06802765417595509,-0.45269123993929106,-2.8065960920423003,-0.10462389787538763,0.25334061594927176,0.21050807464789056,,,,,,,18.321,
1763050105.569843,749,107;108;200;201;202,76.810;50.497;101.216;85.947;62.315,-0.05280259025792776,-0.4478628727951086,-2.8079379813212113,-0.1044953152685152,0.24996648719424525,0.2118205280207267,,,,,,,18.045,
1763050105.699274,750,107;108;200;201,77.242;56.760;96.814;89.638,-0.1061889633749472,-0.4916043407014569,-2.817092522604672,-0.1267536539373856,0.2729428598677529,0.20258228280190527,,,,,,,20.045,
1763050105.831149,751,107;108;200;201;202,80.378;49.595;92.410;85.628;64.264,-0.0835220133826209,-0.4706969773684064,-2.809095341205836,-0.1194649362080393,0.2671938828841567,0.2058573723547071,,,,,,,19.108,
1763050105.967021,752,107;108;110;200;201;202,79.667;51.496;18.513;96.798;90.070;62.614,-0.08148200133815467,-0.4561691565520967,-2.791582219393718,-0.11136494712683417,0.26863917946277277,0.202875501266528,,,,,,,18.619,
1763050106.096145,753,107;108;200;201;202,80.918;50.281;94.773;81.896;57.317,-0.0708728135198456,-0.45672690035721214,-2.796275462019687,-0.10964770729312777,0.26585233540165604,0.20501505283211424,,,,,,,18.548,
1763050106.228215,754,107;108;200;201;202,80.918;50.281;94.773;81.896;57.317,-0.0708728135198456,-0.45672690035721214,-2.796275462019687,-0.10964770729312777,0.26585233540165604,0.20501505283211424,,,,,,,18.548,
1763050106.358161,755,107;108;200;201;202,79.718;51.335;101.278;87.929;58.462,-0.06247381477512775,-0.4519731341741653,-2.7998781557505503,-0.10900946662958311,0.2616318984141671,0.20743812160711952,,,,,,,18.295,
1763050106.492219,756,107;108;200;201;202,79.693;52.152;92.597;90.412;62.595,-0.05382653648440595,-0.4397244970366484,-2.7955874510658347,-0.10891654164824614,0.2609690326085278,0.2096168939534351,,,,,,,17.790,
1763050106.637881,757,107;108;200;201,81.190;53.501;100.148;87.884,-0.11005174156556517,-0.48745160643741375,-2.8063911150316248,-0.1271359700822084,0.2791540313876675,0.20026269144949546,,,,,,,19.977,
1763050106.797709,758,107;108;200;201;202,79.943;51.804;91.937;89.311;62.742,-0.08737532350588877,-0.4654199740517407,-2.8004167634513384,-0.12148167290494943,0.27330240755551366,0.2044257891187357,,,,,,,18.976,
1763050106.938294,759,107;108;200;201;202,80.509;54.404;93.471;82.946;62.149,-0.06926513589143832,-0.4604459078713824,-2.8048093979370057,-0.11697380267959996,0.26904418260759266,0.20590320575093868,,,,,,,18.640,
1763050107.085874,760,107;108;200;201;202,80.699;55.728;97.210;89.620;62.531,-0.05740441498841202,-0.45307756179617564,-2.805365937614806,-0.11522290723633555,0.2659298677451081,0.2081252140009968,,,,,,,18.284,
1763050107.219169,761,107;108;200;201;202,77.348;52.882;96.667;85.226;57.983,-0.04990949486794846,-0.4521512521723265,-2.808183380877317,-0.11386658600717903,0.2626504397998757,0.20942876779606234,,,,,,,18.199,
1763050107.352822,762,107;108;110;200;201,80.364;52.856;13.289;96.419;82.159,-0.11614533147614144,-0.5016262921894158,-2.8062747162365858,-0.12553859674793805,0.2862071250091479,0.19425488990292508,,,,,,,20.576,
1763050107.482086,763,107;108;200;201;202,78.996;55.129;94.659;81.494;62.595,-0.08710049477741139,-0.489307072983136,-2.812452380172183,-0.11987265706348535,0.2774547043137888,0.19903332394809964,,,,,,,19.837,
1763050107.616728,764,107;108;200;201;202,80.330;50.629;94.835;90.860;63.571,-0.07113146084125826,-0.4643151083104186,-2.80386271330295,-0.11577910335577254,0.27068594484979663,0.2043223084768977,,,,,,,18.807,
1763050107.746085,765,107;108;200;201;202,82.183;52.771;95.322;83.060;58.643,-0.06189629491973621,-0.46302363039344757,-2.806389530911657,-0.11329238737713401,0.26811028116539704,0.20562157165640932,,,,,,,18.692,
1763050107.878718,766,107;108;200;201;202,80.059;51.710;97.902;86.948;61.657,-0.05237290167546595,-0.4545490376849193,-2.8058797276311527,-0.1109773696275168,0.263328007928582,0.2078683987562953,,,,,,,18.316,
1763050108.008882,767,107;108;200;201;202,74.223;49.364;93.233;87.008;62.228,-0.04221257553150207,-0.4410280107793388,-2.802049829206374,-0.10937504890692004,0.25882350486493666,0.21096119667564048,,,,,,,17.760,
1763050108.137261,768,107;108;200;201,79.364;55.344;93.402;86.291,-0.10186930363564183,-0.48988385498380943,-2.811448785513021,-0.12937801840375582,0.2810498188467623,0.20065298557416145,,,,,,,19.975,
1763050108.272032,769,107;108;200;201;202,77.892;54.143;96.541;91.583;66.061,-0.07614117920447709,-0.46615369602720497,-2.807789932914016,-0.12296895087979798,0.271936985038101,0.20549890717932692,,,,,,,18.890,
1763050108.406792,770,107;108;200;201;202,79.413;52.323;104.687;90.725;60.936,-0.0616685601976526,-0.4564743866619493,-2.807289455957209,-0.11817341142039346,0.2643166337651064,0.2085681257787644,,,,,,,18.430,
1763050108.537647,771,107;108;200;201;202,79.512;50.386;100.155;84.169;55.644,-0.055791060020210025,-0.45753122808480945,-2.808666306900754,-0.11494231883591693,0.26087437253504725,0.2090787299365268,,,,,,,18.434,
1763050108.669622,772,107;108;200;201;202,77.981;52.225;102.081;83.395;58.386,-0.04837191010828047,-0.4591998516600527,-2.8135054371358383,-0.11247658896666682,0.25698574046452805,0.21030553638858868,,,,,,,18.442,
1763050108.801620,773,107;108;200;201;202,81.305;54.678;93.771;82.423;56.363,-0.049076266762925216,-0.460870234025798,-2.815142587057411,-0.11193018253312385,0.2594431815449334,0.20924696815695923,,,,,,,18.502,
1763050108.936725,774,107;108;200;201;202,77.936;53.231;98.989;85.953;62.754,-0.04001895723645244,-0.4554354685478845,-2.8150835645379333,-0.11032948779241458,0.25636345211540623,0.2108307578227888,,,,,,,18.255,
1763050109.063889,775,107;108;200;201;202,78.033;50.675;98.088;89.549;62.180,-0.03512642561082163,-0.44449635582221986,-2.809027331371966,-0.10893446325889226,0.2541118638034555,0.212505550745001,,,,,,,17.838,
1763050109.199436,776,107;108;110;200;201;202,80.903;52.400;15.824;94.992;83.178;64.255,-0.044900615674963805,-0.44482400195843164,-2.7982741295125257,-0.10334305798907328,0.25929426657467247,0.20754166241221705,,,,,,,17.939,
1763050109.329985,777,107;108;200;201;202,81.302;52.191;99.190;81.951;60.530,-0.04174267426657447,-0.4499882380577354,-2.8046048426179673,-0.10343151943519255,0.2570980435048179,0.2081467157644406,,,,,,,18.099,
1763050109.459230,778,107;108;200;201;202,78.880;53.279;98.061;86.496;62.543,-0.03627741608372686,-0.44773838365986673,-2.8064783332972607,-0.10461698069641655,0.255458821756748,0.20989401883208028,,,,,,,17.982,
1763050109.593853,779,107;108;200;201;202,81.214;52.476;98.143;83.518;58.270,-0.03690135385504342,-0.45157851155047435,-2.809701854428034,-0.10536787361853633,0.2556678928477149,0.20980855988654887,,,,,,,18.120,
1763050109.726169,780,107;108;200;201;202,76.675;51.575;91.698;87.216;61.356,-0.034556184276193364,-0.44057764266303084,-2.8052708154899992,-0.1065744831837646,0.25575804082426756,0.21147968038504214,,,,,,,17.700,
1763050109.858871,781,107;108;200;201;202,79.320;51.899;98.048;85.883;62.722,-0.03234692290328361,-0.43938804822157357,-2.805889813913736,-0.10586528716444281,0.2539392264009784,0.21226743147815205,,,,,,,17.643,
1763050109.992771,782,107;108;110;200;201;202,79.628;49.434;16.051;95.926;88.446;62.371,-0.04441612464876545,-0.43499183912024175,-2.789511005121927,-0.10162322948590408,0.2587933507852974,0.20826505144594842,,,,,,,17.591,
1763050110.122206,783,107;108;200;201;202,77.877;51.834;101.210;88.712;59.033,-0.040535349941635,-0.4363825482652983,-2.7948663880726787,-0.10368559574331629,0.25575070673301187,0.21001900055731001,,,,,,,17.605,
1763050110.253821,784,107;108;200;201;202,80.226;54.675;99.243;86.835;64.911,-0.033287428525297987,-0.43838241227839564,-2.800641156477754,-0.1043032763131024,0.25442414763044796,0.2109621712880362,,,,,,,17.632,
1763050110.387296,785,107;108;200;201;202,79.890;52.745;92.417;89.677;62.220,-0.03285204144251741,-0.43181605669949064,-2.7977587536531936,-0.10586309642032378,0.2561269673832215,0.21165811157026754,,,,,,,17.385,
1763050110.551681,786,107;108;200;201;202,79.395;51.733;98.822;88.536;65.533,-0.029243374493102377,-0.42902184622034084,-2.798480133354431,-0.10505604764607365,0.2536419980838993,0.21310381802613348,,,,,,,17.260,
1763050110.682600,787,107;108;200;201;202,78.984;49.173;90.491;89.408;63.854,-0.03008696920053207,-0.4185194832451146,-2.7915487097204177,-0.10480910361357991,0.25452720813265733,0.2140042461689625,,,,,,,16.878,
1763050110.815608,788,107;108;200;201;202,79.950;53.561;95.978;87.171;59.723,-0.032336568679520575,-0.4251634592290772,-2.7958810885070413,-0.10632539645563871,0.25594515957391084,0.21379128756189622,,,,,,,17.128,
1763050110.947211,789,107;108;200;201;202,77.376;52.431;91.878;88.585;59.443,-0.03449301130896544,-0.4246352743188001,-2.79612052119693,-0.10793289784126493,0.2572321567670488,0.21405523095832352,,,,,,,17.113,
1763050111.079342,790,107;108;200;201;202,80.122;51.473;98.824;85.384;64.971,-0.029983399898118258,-0.4288327294814659,-2.799891415812677,-0.10608002749804318,0.2544820106640683,0.21423454656363458,,,,,,,17.248,
1763050111.210793,791,107;108;200;201;202,76.547;53.024;97.566;88.338;66.695,-0.022954001506795073,-0.4256889582425504,-2.8018262424939184,-0.1058089957579647,0.2518588180431048,0.21541263051787696,,,,,,,17.097,
1763050111.343016,792,107;108;200;201;202,79.573;51.454;97.196;88.213;69.125,-0.1956870125259844,-0.42489885306061587,-2.784963530795557,-0.11607318112953699,0.2513086856437422,0.2227088830382753,,,,,,,18.828,
1763050111.474513,793,107;108;200;201;202,78.955;54.106;99.604;90.877;56.712,-0.14862225639867874,-0.4300260404580896,-2.7921153326439003,-0.11571425186029205,0.2533296588455945,0.21935470862774706,,,,,,,18.283,
1763050111.607193,794,107;108;200;201;202,78.574;51.238;103.936;86.356;69.174,-0.2802970903296209,-0.4328532202474856,-2.7793600554822446,-0.12172692527041078,0.24948725711634706,0.22831482780885304,,,,,,,20.759,
1763050111.735604,795,107;108;200;201,79.294;49.650;100.028;90.604,-0.2679537973809141,-0.47149467354759006,-2.788161045060781,-0.13605485737156883,0.26983495729562623,0.21668894449408752,,,,,,,21.762,
1763050111.870629,796,107;108;200;201;202,76.492;55.957;92.055;87.638;66.349,-0.1900688125036192,-0.45786917008845424,-2.7959304172127593,-0.12825926373483276,0.26554173068187176,0.21475048799988206,,,,,,,19.878,
1763050112.004314,797,107;108;200;201;202,81.380;55.592;99.239;87.326;66.625,-0.13780014288128595,-0.45351268081718,-2.802363360006459,-0.12155289527097785,0.2612987324854383,0.21320309295710035,,,,,,,18.983,
1763050112.135302,798,107;108;200;201;202,76.021;51.692;98.147;84.408;65.078,-0.0992839566249277,-0.44743714747659985,-2.8067757139615237,-0.11581133541143997,0.2558051144546455,0.21389426351136293,,,,,,,18.341,
1763050112.265494,799,107;108;200;201;202,79.756;54.273;96.498;88.476;60.314,-0.0801372657818645,-0.44568968015516475,-2.8065825587454896,-0.11427148080178434,0.2569846864194236,0.2135657825579411,,,,,,,18.125,
1763050112.399110,800,107;108;200;201;202,80.828;54.030;98.178;90.379;59.395,-0.06815850263642007,-0.4444369373598245,-2.8056911655039007,-0.11366374790125397,0.2575358866300384,0.21307272287421175,,,,,,,18.003,
1763050112.530018,801,107;108;200;201;202,75.582;53.958;97.758;86.681;61.251,-0.053119666266653986,-0.44318548047128814,-2.809040419590389,-0.11267215352469621,0.25533415945965815,0.21374971277376573,,,,,,,17.857,
1763050112.665605,802,107;108;200;201;202,75.582;53.958;97.758;86.681;61.251,-0.053119666266653986,-0.44318548047128814,-2.809040419590389,-0.11267215352469621,0.25533415945965815,0.21374971277376573,,,,,,,17.857,
1763050112.795966,803,107;108;200;201;202,80.038;53.395;94.607;89.254;60.948,-0.049378633974545665,-0.4390007345791502,-2.8055924259293947,-0.11206591143394123,0.25679933853020936,0.2137643004846256,,,,,,,17.692,
1763050112.929498,804,107;108;200;201;202,79.024;54.376;97.691;90.957;61.295,-0.04362214706692355,-0.43542970721987617,-2.804592661790459,-0.11176980786395972,0.25654918568256824,0.21389151921380353,,,,,,,17.532,
1763050113.055619,805,107;108;200;201;202,79.372;49.707;101.281;85.820;64.887,-0.03546296116428305,-0.4328939828604892,-2.8046985663404693,-0.10800111278539387,0.252356194995932,0.214626514855116,,,,,,,17.402,
1763050113.190366,806,107;108;200;201;202,77.723;54.645;100.013;91.370;59.843,-0.03394559945048086,-0.43406428338547914,-2.805682443059076,-0.10947270340714113,0.25264556083191114,0.2147572305095307,,,,,,,17.439,
1763050113.321323,807,107;108;200;201;202,79.433;55.809;93.318;80.948;64.359,-0.029440574948621137,-0.44167080297442013,-2.8110714942623436,-0.10857260855612179,0.25427715508530824,0.21363845880900517,,,,,,,17.700,
1763050113.455502,808,107;108;200;201;202,80.516;50.338;98.830;88.838;62.180,-0.030740450577449726,-0.43572809667567497,-2.8063258814147933,-0.10732926820605225,0.25307725821602955,0.21431563045450677,,,,,,,17.492,
1763050113.585368,809,107;108;200;201;202,78.417;48.042;99.613;91.440;66.212,-0.028281222798878753,-0.424488004983699,-2.7997850006904414,-0.1051942812080102,0.2497625737629605,0.21631843999569597,,,,,,,17.072,
1763050113.718877,810,107;108;200;201;202,82.454;52.310;99.332;87.977;63.999,-0.029196211152042777,-0.4265700645486746,-2.80103535854895,-0.10467450884855702,0.25038528876072785,0.2150771682337078,,,,,,,17.151,
1763050113.848565,811,107;108;200;201;202,79.402;55.799;98.024;85.583;64.654,-0.026086026365295254,-0.4330479415665092,-2.8065773035688073,-0.1054305151984678,0.2511161056495767,0.2146185485677156,,,,,,,17.373,
1763050113.982102,812,107;108;200;201;202,78.238;54.421;98.977;90.447;63.558,-0.02435975706468295,-0.43127156231469155,-2.8057024477003893,-0.10653626824043336,0.2512525116325792,0.21499543459804202,,,,,,,17.303,
1763050114.115513,813,107;108;110;200;201;202,79.119;51.645;18.739;97.938;87.276;59.905,-0.04108550487244199,-0.4336610428129137,-2.7916778734943977,-0.1021215797640786,0.2580146584512115,0.2086085335414274,,,,,,,17.515,
1763050114.245250,814,107;108;200;201;202,81.421;54.823;95.047;90.696;56.568,-0.04521497179678617,-0.4355339272699675,-2.7943797827915886,-0.1063932225996183,0.2610583259918794,0.2094524985338888,,,,,,,17.592,
1763050114.378352,815,107;108;200;201;202,79.857;50.435;95.979;83.728;66.369,-0.03652311890995002,-0.433255279611718,-2.7971119560149056,-0.10411697754023636,0.25693102511139915,0.21082951183425697,,,,,,,17.456,
1763050114.511804,816,107;108;200;201;202,78.680;53.666;93.644;81.183;62.686,-0.03246465541290668,-0.4386844809413534,-2.804607782024536,-0.10425885716108974,0.2564154381299012,0.21095881384530563,,,,,,,17.622,
1763050114.653365,817,107;108;200;201;202,80.489;51.568;92.712;88.779;58.561,-0.037037153647536306,-0.4330252956160869,-2.8006641730387978,-0.10579203733505507,0.2583975372684807,0.21153688055005893,,,,,,,17.432,
1763050114.785149,818,107;108;200;201;202,81.076;53.718;96.155;89.990;62.201,-0.03557672283438468,-0.43162133613934117,-2.799934705145196,-0.10685372785056647,0.2585785227437031,0.21220146512729307,,,,,,,17.375,
1763050114.918021,819,107;108;200;201;202,79.139;54.028;93.259;88.941;63.898,-0.03361929166889072,-0.42872367560899666,-2.7994775217228827,-0.10758693101523276,0.25876089465859897,0.21325035811683263,,,,,,,17.256,
1763050115.038635,820,107;108;200;201;202,77.453;52.424;99.966;90.038;61.004,-0.031101601470487877,-0.42901961999845745,-2.8009090025957057,-0.10832719412095382,0.2561247942300691,0.21387361976978228,,,,,,,17.254,
1763050115.202124,821,107;108;200;201;202,79.826;55.812;95.276;86.716;56.888,-0.0353150779700821,-0.4369233197194912,-2.8058104935765824,-0.11034347374088761,0.258607690877715,0.21279487320019247,,,,,,,17.556,
1763050115.336229,822,107;108;110;200;201;202,80.258;50.502;16.092;99.087;88.803;65.101,-0.04374620533140866,-0.4329817843739489,-2.792105913804115,-0.10412164509926529,0.26076560238890795,0.20908254985428057,,,,,,,17.496,
1763050115.470281,823,107;108;200;201;202,80.350;56.239;91.949;88.378;66.226,-0.037367867514051537,-0.43105541625251,-2.795591737362602,-0.10579279732602709,0.2608689094956997,0.21027442753745434,,,,,,,17.379,
1763050115.605295,824,107;108;200;201;202,80.777;55.088;98.656;91.801;63.124,-0.03437128702411015,-0.4308146774262314,-2.797347171522378,-0.10717973128933216,0.2594324180083483,0.21127147336909752,,,,,,,17.352,
1763050115.736963,825,107;108;110;200;201;202,79.884;52.707;17.782;102.388;84.328;63.057,-0.044090733792396364,-0.43887639193775496,-2.7914753222477846,-0.10180047761698222,0.261490780352281,0.20640207877451747,,,,,,,17.734,
1763050115.866548,826,107;108;200;201;202,79.087;54.630;93.925;91.798;66.494,-0.03643350298441689,-0.42863318250586635,-2.7922351807205232,-0.10392777282002093,0.25987119647387563,0.20933735125451497,,,,,,,17.296,
1763050116.000521,827,107;108;110;200;201;202,78.058;54.379;14.824;95.778;87.155;66.144,-0.041001896451802355,-0.42996279375899216,-2.7877787109529577,-0.10127152082334018,0.26219133655077403,0.20663438754301716,,,,,,,17.386,
1763050116.134997,828,107;108;200;201;202,78.202;52.470;102.498;80.734;61.396,-0.03404360728393941,-0.441491919614807,-2.8015007214245102,-0.1015333929339157,0.2565301752652334,0.20824867369818928,,,,,,,17.753,
1763050116.260222,829,107;108;200;201;202,79.647;54.035;96.633;91.097;62.031,-0.03449695227762382,-0.4367049097549751,-2.8005767429883397,-0.10414036998445914,0.2566684999357835,0.2100408158400708,,,,,,,17.570,
1763050116.394552,830,107;108;200;201;202,79.647;54.035;96.633;91.097;62.031,-0.03449695227762382,-0.4367049097549751,-2.8005767429883397,-0.10414036998445914,0.2566684999357835,0.2100408158400708,,,,,,,17.570,
1763050116.558442,831,107;108;200;201;202,79.759;54.943;101.138;87.415;59.244,-0.03481476025147343,-0.4430214250623814,-2.8063020759896973,-0.10606956365694856,0.256017324976371,0.21035615276034975,,,,,,,17.792,
1763050116.690031,832,107;108;200;201;202,75.381;47.381;99.033;85.529;63.782,-0.027809252239567005,-0.43534630118023754,-2.8047669469951826,-0.10408631122496634,0.2506661182139649,0.2127797752699876,,,,,,,17.477,
1763050116.825668,833,107;108;200;201;202,80.664;50.932;95.989;88.714;65.724,-0.027414912101802812,-0.4288207122847647,-2.8005967498612367,-0.10365263301224467,0.25094634344857214,0.21365115520824982,,,,,,,17.237,
1763050116.957264,834,107;108;200;201;202,78.856;52.876;101.805;91.655;62.992,-0.026341049055873988,-0.4277006789884818,-2.8012959086192164,-0.10504690435571844,0.24985550859418557,0.2143558886127611,,,,,,,17.187,
1763050117.088072,835,107;108;200;201;202,79.608;50.946;95.514;85.703;62.413,-0.025693411107756244,-0.4275904217193395,-2.8010720495748114,-0.10473575129179022,0.25065962513529616,0.2139336919301247,,,,,,,17.182,
1763050117.224708,836,107;108;200;201;202,79.608;50.946;95.514;85.703;62.413,-0.025693411107756244,-0.4275904217193395,-2.8010720495748114,-0.10473575129179022,0.25065962513529616,0.2139336919301247,,,,,,,17.182,
1763050117.389917,837,107;108;110;200;201;202,83.372;53.345;18.360;95.000;86.431;64.258,-0.04216876537113593,-0.4306510331961727,-2.7889525434907676,-0.10031572787522315,0.25908948782889407,0.20773527405710843,,,,,,,17.412,
1763050117.551994,838,107;108;200;201;202,80.922;48.600;102.091;83.326;63.325,-0.0368580332512099,-0.4348915935708896,-2.794617276560833,-0.09955340236976586,0.2539452130707119,0.20939702117721454,,,,,,,17.534,
1763050117.684650,839,107;108;200;201;202,80.693;56.371;100.670;91.275;60.852,-0.03641446717743626,-0.43715994030982525,-2.7994447925322743,-0.10334056270097355,0.2545962346204845,0.21064373542833192,,,,,,,17.599,
1763050117.811327,840,107;108;200;201;202,78.748;54.004;102.125;88.977;60.877,-0.03296351417589964,-0.4384542973992809,-2.803970238835293,-0.10516798841792435,0.2530965351946846,0.21150964236783265,,,,,,,17.618,
1763050117.943811,841,107;108;200;201;202,78.450;55.589;93.713;89.694;61.298,-0.03223534021759831,-0.4349472682724538,-2.8037593661593183,-0.10770151066159016,0.2555237657783492,0.21205906491637103,,,,,,,17.478,
1763050118.073984,842,107;108;200;201;202,79.940;52.752;95.811;91.850;59.379,-0.03566501044183386,-0.4305157775330157,-2.799991414674059,-0.10892484894973489,0.2567867483715518,0.21262206133637074,,,,,,,17.331,
1763050118.206460,843,107;108;200;201;202,80.519;50.314;100.150;87.418;66.231,-0.029922277542785092,-0.42848503234737606,-2.8001133066006823,-0.10622659952377132,0.25324589876425674,0.21361153256743587,,,,,,,17.233,
1763050118.341121,844,107;108;110;200;201;202,82.454;52.823;19.266;95.842;82.768;68.961,-0.03813571463824188,-0.4329427885690831,-2.7898306520386105,-0.0995907123425639,0.2589278365788517,0.2074105194784732,,,,,,,17.484,
1763050118.469331,845,107;108;200;201;202,80.160;54.256;97.097;83.939;60.562,-0.037085226384859664,-0.44079225066564126,-2.798329324051605,-0.10207935091681342,0.2583064242819034,0.2084617026594973,,,,,,,17.750,
1763050118.604153,846,107;108;200;201;202,79.871;50.719;101.760;87.035;64.965,-0.03139666525191173,-0.43845502556075655,-2.8003189044195933,-0.1016748587346049,0.2540565972794347,0.21063575979415047,,,,,,,17.631,
1763050118.734484,847,107;108;200;201,80.595;51.460;97.725;89.849,-0.09598872925494417,-0.4791197322323701,-2.804786573731259,-0.12219227109550387,0.2746937726971796,0.20100049684805665,,,,,,,19.549,
1763050118.867841,848,107;108;110;200;201;202,79.582;53.201;15.815;101.819;90.009;65.967,-0.0840448234017794,-0.4647897177507605,-2.794597076566249,-0.11351262264950092,0.27118376649157516,0.20069693261894983,,,,,,,18.958,
1763050118.998046,849,107;108;200;201;202,79.224;57.950;99.091;87.787;60.794,-0.06704512274511669,-0.4621055699103298,-2.8032207748270555,-0.1133516608715702,0.2669491323504846,0.20395432444652373,,,,,,,18.700,
1763050119.130932,850,107;108;200;201;202,79.240;55.978;102.537;88.968;61.864,-0.05382230404380702,-0.4581248163429514,-2.808124670099853,-0.11241076189861142,0.26224559472096565,0.20684365283576242,,,,,,,18.451,
1763050119.260694,851,107;108;200;201;202,79.660;56.758;98.998;89.121;62.345,-0.045858942920371536,-0.45395211876823427,-2.8109965435625317,-0.11217710072136783,0.2602601787442357,0.20862484701092535,,,,,,,18.239,
1763050119.394888,852,107;108;200;201;202,79.268;50.573;99.363;89.228;60.223,-0.041929149168414614,-0.4464538092652939,-2.8074978943768873,-0.11050205399022664,0.25744662707852695,0.21029948119967887,,,,,,,17.946,
1763050119.526529,853,107;108;200;201;202,79.312;53.209;101.499;91.848;58.429,-0.03954393101951811,-0.4418974044846968,-2.806380793633699,-0.11084747914675896,0.25638963889042826,0.21117858118170083,,,,,,,17.763,
1763050119.658979,854,107;108;110;200;201;202,79.313;53.580;15.045;103.066;83.719;67.585,-0.20513470568647438,-0.44762768820577875,-2.786621908660164,-0.11531243210462819,0.25749546739723,0.21458269464905538,,,,,,,19.796,
1763050119.790027,855,107;108;200;201;202,80.572;55.452;95.750;88.286;63.641,-0.15182802234711232,-0.4447665659846489,-2.7940003240417535,-0.11351236355767788,0.2577807017257666,0.213541729166882,,,,,,,18.868,
1763050119.922461,856,107;108;200;201;202,80.571;50.392;103.741;89.638;64.113,-0.11368939521633283,-0.4398620541535754,-2.7969913899984276,-0.11014049798892935,0.2537035908268015,0.21416520028639607,,,,,,,18.232,
1763050120.054060,857,107;108;200;201;202,80.367;53.525;98.223;91.149;58.257,-0.0929364526535854,-0.4380503374531416,-2.7979296672123954,-0.11096431204842934,0.2553090278745801,0.21367529196784768,,,,,,,17.969,
1763050120.188149,858,107;108;200;201;202,78.037;54.659;94.288;82.924;60.180,-0.07316457468560081,-0.4427685498508136,-2.8053827781010763,-0.11041218805652185,0.2562084297764973,0.2129219023085148,,,,,,,17.970,
1763050120.319052,859,107;108;200;201;202,81.390;49.455;99.741;87.878;65.609,-0.05827159635545345,-0.4351626110284762,-2.8021915663679167,-0.10710094498319526,0.25279287686780677,0.2134566298257168,,,,,,,17.601,
1763050120.450460,860,107;108;200;201;202,81.390;49.479;101.329;91.511;63.385,-0.20988824512231463,-0.43129264446632537,-2.7827348926052244,-0.11675334906557808,0.25216234651810043,0.22092824885134593,,,,,,,19.311,
1763050120.582571,861,107;108;200;201;202,77.336;51.509;98.303;86.746;62.588,-0.153851647440655,-0.43132537247661745,-2.790946344487527,-0.1134169828252292,0.2507575430598269,0.21855059907160138,,,,,,,18.406,
1763050120.712842,862,107;108;200;201;202,75.337;51.328;90.873;83.195;58.792,-0.11682392124895369,-0.43302064155277953,-2.796945617128942,-0.11225050710867752,0.25273520530784704,0.21671420856378903,,,,,,,18.001,
1763050120.847195,863,107;108;200;201;202,79.166;51.121;101.948;84.881;60.929,-0.0904290806715304,-0.4371379117458122,-2.803379076178234,-0.10947731318550742,0.250695561448282,0.2156171867691493,,,,,,,17.886,
1763050120.982594,864,107;108;200;201;202,80.241;53.206;101.428;88.978;58.193,-0.07564492914331321,-0.439714291000411,-2.8052398173442255,-0.1096494927001907,0.2514793799082836,0.21472386311068445,,,,,,,17.868,
1763050121.111965,865,107;108;200;201;202,80.738;54.120;95.903;91.830;59.476,-0.06543815840831806,-0.43508785181680715,-2.8021461886060264,-0.11055141888619481,0.2544003739386871,0.2141426039243362,,,,,,,17.638,
1763050121.243688,866,107;108;200;201;202,82.611;51.866;101.759;85.345;63.112,-0.05453603849832451,-0.43882497047991814,-2.8055972706574326,-0.10802131549953609,0.2526951729450031,0.21329107122027202,,,,,,,17.709,
1763050121.376089,867,107;108;200;201;202,79.032;52.320;93.864;87.448;63.950,-0.04466569307451464,-0.43433459753514675,-2.8030734480584476,-0.10754988593993284,0.2534925013145116,0.21373130349756111,,,,,,,17.500,
1763050121.506015,868,107;108;200;201;202,81.272;54.917;99.887;83.689;59.955,-0.1962519013033112,-0.446922017714101,-2.79566252306478,-0.11837236725715415,0.2549358290868067,0.21906773514921754,,,,,,,19.578,
1763050121.640941,869,107;108;200;201;202,81.141;51.578;101.220;89.925;62.519,-0.14729010075559573,-0.44147244447467615,-2.7977430013596,-0.11436582870671923,0.2534445358030468,0.21730463086383414,,,,,,,18.667,
1763050121.882917,870,107;108;200;201;202,77.977;52.815;98.159;82.985;65.405,-0.10646686370358992,-0.441957122543173,-2.8048271034822534,-0.11092704098290943,0.2511518329519866,0.21597367200314788,,,,,,,18.204,
1763050122.217138,871,107;108;200;201;202,80.505;56.321;100.671;88.099;62.912,-0.08327259759550786,-0.445128261189217,-2.8091163610982006,-0.11059119834030776,0.25195254253357224,0.21505902390627235,,,,,,,18.113,
1763050122.431744,872,107;108;200;201;202,80.426;54.011;96.295;86.055;58.771,-0.06956592508036796,-0.44668516970638633,-2.8102619195100584,-0.11050711651775703,0.254275285708634,0.2134783421397033,,,,,,,18.077,
1763050122.597971,873,107;108;200;201,79.099;56.281;102.935;89.190,-0.11571163559506764,-0.4936640507576865,-2.819764046189055,-0.12924280112296868,0.2735506827638736,0.20388761496557606,,,,,,,20.191,
1763050122.780720,874,107;108;200;201;202,79.153;53.144;98.849;92.278;60.064,-0.09045488343035873,-0.4717398732896822,-2.8132062552966675,-0.12392775805621298,0.2675909168362133,0.2068246262494483,,,,,,,19.177,
1763050122.963621,875,107;108;200;201;202,80.488;53.328;101.998;88.271;68.494,-0.23922915798825203,-0.46326533481223103,-2.795120788710017,-0.12903582105901146,0.2623406196444009,0.2184408417903151,,,,,,,20.895,
1763050123.136550,876,107;108;200;201;202,80.674;51.419;100.841;89.197;66.159,-0.17217062496549232,-0.4516250698314252,-2.7977406153995856,-0.12115683089896181,0.25699818302336613,0.21615577673103178,,,,,,,19.377,
1763050123.288075,877,107;108;200;201;202,78.053;54.604;99.787;86.560;59.685,-0.1293844245889385,-0.451860986110395,-2.805131736329405,-0.11800569137127179,0.2554493490021456,0.2146206194250856,,,,,,,18.812,
1763050123.421191,878,107;108;200;201;202,78.893;53.277;97.800;87.325;64.440,-0.0969435769403244,-0.4466308401199716,-2.8062003828042266,-0.11435260281707477,0.2542084038722908,0.21450820833939319,,,,,,,18.293,
1763050123.554733,879,107;108;200;201;202,76.769;52.299;97.709;88.165;65.806,-0.2405909789472108,-0.4419121160096208,-2.7883300815773455,-0.12286584332028405,0.25324032306815103,0.2240068563713433,,,,,,,20.213,
1763050123.680469,880,107;108;200;201,80.871;53.883;101.405;90.787,-0.23838390764666018,-0.4844224122946282,-2.7982973682610757,-0.13755285703576314,0.27397574285967846,0.21283064394556142,,,,,,,21.606,
1763050123.815279,881,107;108;200;201;202,78.935;52.074;96.784;89.140;64.466,-0.17392808548738298,-0.46580757031736236,-2.8002224633851656,-0.128157546345784,0.26680585246179306,0.21259485919937463,,,,,,,19.913,
1763050123.948905,882,107;108;110;200;201;202,78.753;51.912;14.494;98.920;89.821;59.818,-0.1426216949398537,-0.4559783018468534,-2.7903440845756045,-0.11915712844227622,0.26683115597287804,0.2079953147047046,,,,,,,19.196,
1763050124.078198,883,107;108;200;201;202,76.579;54.271;98.570;91.803;65.010,-0.10474738201983036,-0.4436020933481138,-2.7946194198168275,-0.11600772483008413,0.2612167091064264,0.2106384029266276,,,,,,,18.303,
1763050124.215776,884,107;108;110;200;201;202,80.907;55.438;13.548;92.189;90.218;63.495,-0.09393602877909457,-0.43805084348720263,-2.785720791624419,-0.11143259383447446,0.26601107450309297,0.20703028559175152,,,,,,,18.037,
1763050124.345455,885,107;108;110;200;201;202,80.497;52.056;16.339;98.515;91.773;61.083,-0.08924920527087712,-0.4340811975937842,-2.7765156633528543,-0.10698085883680712,0.2678585978809011,0.20414726949817605,,,,,,,17.889,
1763050124.507589,886,107;108;200;201;202,79.441;53.285;99.203;89.141;58.600,-0.07410291812146913,-0.4358873086153416,-2.7861285647599785,-0.10802491980386851,0.2641237548586165,0.2071279172136398,,,,,,,17.801,
1763050124.641155,887,107;108;200;201;202,78.693;53.768;95.486;87.905;56.036,-0.06467513123640733,-0.43836995113753907,-2.7921847558089405,-0.10984002037899268,0.26331008706397013,0.20847238141439237,,,,,,,17.811,
1763050124.771368,888,107;108;200;201;202,80.033;51.897;99.912;89.014;61.618,-0.05422922479048453,-0.4376369317539435,-2.794506162069287,-0.1090088601979953,0.25986257051356026,0.21023615328725614,,,,,,,17.715,
1763050124.905909,889,107;108;200;201;202,81.445;48.884;99.062;90.623;61.736,-0.20791886150184163,-0.4339001663577928,-2.776983555088092,-0.11836499033324455,0.2580389030844552,0.21818998262058056,,,,,,,19.400,
1763050125.037513,890,107;108;200;201;202,79.624;52.824;99.881;90.603;59.905,-0.15593200677373953,-0.4331201114436364,-2.7855367657523864,-0.11601583091567226,0.25653306456524316,0.21640672413329481,,,,,,,18.528,
1763050125.169523,891,107;108;200;201;202,80.035;51.582;97.963;91.480;67.465,-0.11421110606496539,-0.42459805752312707,-2.7873393904816437,-0.11207648685278226,0.2537091663451093,0.21623458206022972,,,,,,,17.698,
1763050125.301943,892,107;108;200;201;202,81.059;49.276;98.286;85.299;61.804,-0.08997391657231452,-0.42639159637022317,-2.7910978945900733,-0.10881053905991717,0.2523915982044296,0.2149941822353729,,,,,,,17.524,
1763050125.431459,893,107;108;200;201;202,81.356;52.331;97.706;92.129;63.818,-0.07179637035176432,-0.4233164433142806,-2.790118252565782,-0.1083659230541417,0.25332036369695043,0.21498134584687406,,,,,,,17.274,
1763050125.565009,894,107;108;200;201;202,79.926;52.149;96.031;86.833;59.878,-0.061535358237079174,-0.4282377069734043,-2.794234295586099,-0.1083358385425136,0.2547668690101876,0.21448688594301604,,,,,,,17.384,
1763050125.695882,895,107;108;200;201;202,79.424;50.907;100.808;87.030;61.867,-0.050556937750353026,-0.43060216711294136,-2.797331622520576,-0.10709439786406943,0.25240398579330314,0.21433672371386467,,,,,,,17.406,
1763050125.829706,896,107;108;200;201;202,81.854;54.628;95.908;91.388;64.861,-0.04437154940233342,-0.42720070086071765,-2.7970918791463246,-0.10729862889414882,0.25398750956292576,0.2140318757246584,,,,,,,17.246,
1763050125.961061,897,107;108;200;201;202,79.725;51.311;100.797;86.677;63.895,-0.03752218529957375,-0.4300454667853016,-2.8001113993352993,-0.10600349578688929,0.251828120830476,0.21419581764952114,,,,,,,17.318,
1763050126.091532,898,107;108;200;201;202,79.556;51.220;98.983;88.548;66.967,-0.030443237916451604,-0.42598512546755907,-2.799270308487893,-0.10463606070162851,0.24993376007069731,0.21490099512789224,,,,,,,17.139,
1763050126.225975,899,107;108;200;201;202,79.634;55.458;101.579;90.428;54.831,-0.03433059380982971,-0.4345566579049951,-2.8046870229475496,-0.10823232607663463,0.2526084663589979,0.21363326432857002,,,,,,,17.464,
1763050126.356430,900,107;108;200;201;202,78.962;56.049;95.453;90.848;66.569,-0.029401061911186036,-0.4305999875086582,-2.803858705848661,-0.10867729623841257,0.2535307518069953,0.21413944604698934,,,,,,,17.298,
1763050126.487219,901,107;108;200;201;202,81.182;53.594;100.334;89.827;64.467,-0.028103804640037765,-0.43153710306024357,-2.803666905374144,-0.1079954514183734,0.2528524571037983,0.21384226313868232,,,,,,,17.332,
1763050126.620609,902,107;108;200;201;202,75.701;54.548;99.016;91.771;66.489,-0.022465795819170062,-0.4264627461980413,-2.8045579528428237,-0.10814149527378601,0.25074140331484085,0.21549449678303795,,,,,,,17.114,
1763050126.756095,903,107;108;200;201;202,79.109;50.760;101.339;89.715;65.079,-0.02141147440768332,-0.42477297383188867,-2.802516789532483,-0.1065302002383722,0.24876379578387814,0.21571221837610863,,,,,,,17.054,
1763050126.890609,904,107;108;200;201;202,81.011;51.479;96.684;88.473;60.699,-0.026640308789070144,-0.42532400945821086,-2.8009217507494863,-0.10655784806814328,0.25073076211621537,0.21491904384295454,,,,,,,17.095,
1763050127.016652,905,107;108;200;201;202,79.578;53.813;100.369;87.596;63.186,-0.02556011158465538,-0.4313483060693666,-2.8045261255402725,-0.10669911541104064,0.25053242464898445,0.21470252588769617,,,,,,,17.314,
1763050127.153059,906,107;108;200;201;202,80.669;52.661;97.085;89.276;64.431,-0.0257055260079293,-0.4295714803440035,-2.8024970368756397,-0.10648089646285239,0.25142380542961945,0.21476119360814833,,,,,,,17.254,
1763050127.285912,907,107;108;200;201;202,79.499;53.962;101.369;89.229;64.280,-0.023395495377653775,-0.4310956515098946,-2.804747623605697,-0.10641686798829876,0.2504090046741302,0.2148032751207964,,,,,,,17.298,
1763050127.413640,908,107;108;200;201;202,78.664;56.020;97.312;89.240;58.442,-0.026464059936012706,-0.4347839083444918,-2.8072956325360687,-0.10891835716778617,0.25334061926640644,0.21397916361663588,,,,,,,17.439,
1763050127.547238,909,107;108;200;201;202,79.931;52.934;103.105;89.861;60.788,-0.026722846756222777,-0.4356707235620491,-2.8071757370115167,-0.10860118243301942,0.2520429897164034,0.21390985432678258,,,,,,,17.475,
1763050127.757374,910,107;108;200;201;202,80.542;53.720;93.114;88.692;68.430,-0.025108372143094214,-0.429388074689377,-2.8041053925613713,-0.1072186697581491,0.2529610279410177,0.21456731919042232,,,,,,,17.238,
1763050127.877726,911,107;108;200;201;202,80.274;53.127;97.784;86.786;67.145,-0.02222853070152933,-0.4297078988410792,-2.8042322703051865,-0.10583001144191037,0.25150938293522457,0.2145116727929097,,,,,,,17.243,
1763050128.011924,912,107;108;200;201;202,77.864;51.306;98.163;89.988;55.226,-0.028932860439104653,-0.430840492897275,-2.802666334906783,-0.10790081404837124,0.2530412045404978,0.2142428486813139,,,,,,,17.312,
1763050128.137366,913,107;108;110;200;201;202,83.164;50.435;14.813;99.567;85.766;59.398,-0.044640741669296685,-0.4355591013038852,-2.792847594339349,-0.10301163150899742,0.25824918540546277,0.20852510566692878,,,,,,,17.598,
1763050128.271953,914,107;108;200;201;202,79.884;52.834;98.810;87.325;62.271,-0.0398164714359999,-0.435505759868943,-2.7978805520136443,-0.10386663246820001,0.2563739127841337,0.20990070727247798,,,,,,,17.553,
1763050128.402710,915,107;108;200;201;202,79.720;55.993;95.007;90.703;61.983,-0.0372112682891217,-0.43312672109982886,-2.799490094743855,-0.10651792898823098,0.25772614522086545,0.21090868514651867,,,,,,,17.442,
1763050128.535027,916,107;108;200;201;202,79.374;49.338;94.782;90.411;63.079,-0.03473244466898328,-0.42373013455510655,-2.7937879365949634,-0.10593780597775211,0.2560440518661935,0.21215977946809905,,,,,,,17.089,
