#{"config": {"calib_path_resolved": "/Users/Andreas/Desktop/ptl24_marker/common/calib/calib.yaml", "cli_overrides": ["camera", "config", "extrinsics", "print_tilt", "rig", "save_poses"], "config_path": "/Users/Andreas/Desktop/ptl24_marker/phase_b/config.yaml", "extrinsics_path_resolved": "/Users/Andreas/Desktop/ptl24_marker/common/extrinsics/T_WC.yaml", "rig_path_resolved": "/Users/Andreas/Desktop/ptl24_marker/phase_b/rigs/cyl_paper.yaml", "runtime": {"bench": {"print_every": 60}, "fuse": {"axis_len_m": 0.1, "ema_alpha": 0.3, "use_weighted_se3": true}, "health": {"max_tilt_jump_deg": 15.0}, "hud": {"enabled": true}, "logging": {"debug_metrics_csv": "phase_b/debug_metrics.csv", "poses_csv": "phase_b/poses.csv"}, "ransac": {"A_ref_px2": 12000.0, "adaptive": false, "base_rot_deg": 5.0, "base_trans_m": 0.05, "min_inliers": 3, "rot_max_deg": 5.0, "trans_max_m": 0.05}, "video": {"device": "2", "fps": 30.0, "height": 1080, "width": 1920}}, "yaml": {"bench": {"print_every": 60}, "fuse": {"axis_len_m": 0.1, "ema_alpha": 0.3, "use_weighted_se3": true}, "health": {"max_tilt_jump_deg": 15}, "hud": {"enabled": true}, "logging": {"debug_metrics_csv": "phase_b/debug_metrics.csv", "poses_csv": "phase_b/poses.csv"}, "ransac": {"A_ref_px2": 12000, "adaptive": false, "base_rot_deg": 5, "base_trans_m": 0.05, "min_inliers": 3, "rot_max_deg": 5, "trans_max_m": 0.05}, "video": {"device": 2, "fps": 30, "height": 1080, "width": 1920}}}, "files": {"camera_calib": {"path": "/Users/Andreas/Desktop/ptl24_marker/common/calib/calib.yaml", "sha256": "a3583ec3b05ec4397f74222c4802234f7ee960b25f93061cb951120e268bc42f"}, "config": {"path": "/Users/Andreas/Desktop/ptl24_marker/phase_b/config.yaml", "sha256": "9c664548f0c4998345c599764857540af456008cc4bf230d90b575c908eaec28"}, "extrinsics": {"path": "/Users/Andreas/Desktop/ptl24_marker/common/extrinsics/T_WC.yaml", "sha256": "5405cc0bb3412815129ea73effa1bddf100ea85aab0d1366acef6113fc810212"}, "rig": {"path": "/Users/Andreas/Desktop/ptl24_marker/phase_b/rigs/cyl_paper.yaml", "sha256": "e4048a572421f174e4670fbb51050d61e65957319f0f3d120df78c66f49c0a91"}}, "git_commit": null, "timestamp": 1762802722.535712}
timestamp,frame,used_ids,decision_margins,rvec_cam_x,rvec_cam_y,rvec_cam_z,tvec_cam_x,tvec_cam_y,tvec_cam_z,rvec_world_x,rvec_world_y,rvec_world_z,tvec_world_x,tvec_world_y,tvec_world_z,tilt_cam_deg,tilt_world_deg
1762802729.907814,64,107;108;200;202,35.090;33.555;23.839;12.920,-0.01856335229884413,-1.2615694094604688,-1.8997558289644998,-0.8079421074890191,0.5016033336194589,0.21926237462539858,,,,,,,60.366,
1762802730.088300,65,107;108;202,28.589;33.077;10.633,0.06676745343057418,-1.3040310575704217,-1.9454684767185422,-0.808494831802229,0.5506203611349892,0.15331594496938356,,,,,,,61.788,
1762802730.201365,66,107;108;202,28.589;33.077;10.633,0.06676745343057418,-1.3040310575704217,-1.9454684767185422,-0.808494831802229,0.5506203611349892,0.15331594496938356,,,,,,,61.788,
1762802730.340187,67,107;108;202,28.589;33.077;10.633,0.06676745343057418,-1.3040310575704217,-1.9454684767185422,-0.808494831802229,0.5506203611349892,0.15331594496938356,,,,,,,61.788,
1762802730.460022,68,107;108;202,28.589;33.077;10.633,0.06676745343057418,-1.3040310575704217,-1.9454684767185422,-0.808494831802229,0.5506203611349892,0.15331594496938356,,,,,,,61.788,
1762802730.577128,69,107;108;200;201;202,32.521;36.602;23.579;30.511;15.287,0.09185277406391737,-1.3542616836528014,-1.9624272483507723,-0.6703408377431049,0.6215656757238667,0.18896456336836256,,,,,,,63.843,
1762802730.703146,70,107;108;201;202,28.268;31.102;30.438;13.870,0.010251175959381804,-1.6985946159570444,-2.003689423593947,-0.5116116539262291,0.668206645982292,0.15232748345621722,,,,,,,77.415,
1762802730.833161,71,107;108;201;202,28.268;31.102;30.438;13.870,0.010251175959381804,-1.6985946159570444,-2.003689423593947,-0.5116116539262291,0.668206645982292,0.15232748345621722,,,,,,,77.415,
1762802730.981331,72,107;108;201;202,25.429;28.167;27.424;10.239,-0.08706969471430015,-1.8046212813138425,-2.12712586488779,-0.4201049720517125,0.6994737303678442,0.1142469366148756,,,,,,,79.203,
1762802731.104559,73,107;108;201;202,31.400;27.021;23.056;9.642,-0.16862123627371334,-1.8833262711663474,-2.2153307735445593,-0.3516395818497348,0.7171415794885119,0.08804310554640554,,,,,,,80.325,
1762802731.223144,74,107;108;201,31.905;32.585;26.844,0.34201111496688386,1.9354083720007584,2.4001781663814588,-0.2048060620008627,0.7455561219909912,0.03691351659198956,,,,,,,78.607,
1762802731.326485,75,107;108;200;201;202,34.055;34.184;26.018;29.972;11.509,-0.41041278212206583,-1.9326363959152337,-2.3803608851375038,-0.2561058263972965,0.7246765619351211,0.07321635146562194,,,,,,,79.359,
1762802731.424625,76,107;108;201;202,32.276;31.629;27.741;13.574,-0.4103071419719363,-1.9675737701340579,-2.3837132914098653,-0.24518686101097878,0.7284196580807274,0.06374224158538812,,,,,,,80.267,
1762802731.560221,77,107;108;201;202,30.932;29.424;25.943;14.369,-0.4087184824960349,-1.994779456104084,-2.385744220493846,-0.236160211473978,0.7307484967552279,0.05661935368327985,,,,,,,80.961,
1762802731.682041,78,107;108;201;202,30.932;29.424;25.943;14.369,-0.4087184824960349,-1.994779456104084,-2.385744220493846,-0.236160211473978,0.7307484967552279,0.05661935368327985,,,,,,,80.961,
1762802731.779590,79,107;108;201;202,32.231;29.106;28.316;17.573,0.40171901342715566,2.0004303639396057,2.3765436925724335,-0.22935818450761725,0.7298659257422739,0.0507354514807358,,,,,,,81.294,
1762802731.878417,80,107;108;200;201;202,32.564;31.949;25.655;31.418;18.801,-0.43267051432369197,-2.103122977045884,-2.2146854800249685,-0.2852041084722591,0.7102964141123728,0.12212778475294078,,,,,,,88.181,
1762802731.976743,81,107;108;200;201;202,34.652;32.881;31.598;33.790;20.262,-0.47591092170612714,-2.024199133558761,-2.1940123875534585,-0.30748041824863265,0.6922920152959494,0.13695340411333784,,,,,,,86.736,
1762802732.080329,82,107;108;201;202,35.170;32.119;35.705;21.068,-0.4335666473631861,-1.9075508166477608,-1.8684362456602108,-0.4494735494351074,0.6307722107415475,0.08602937297786623,,,,,,,89.820,
1762802732.178085,83,107;108;201;202,35.170;32.119;35.705;21.068,-0.4335666473631861,-1.9075508166477608,-1.8684362456602108,-0.4494735494351074,0.6307722107415475,0.08602937297786623,,,,,,,89.820,
1762802732.273116,84,107;108;200;201;202,33.585;31.572;29.450;34.917;21.652,-0.41128354182991217,-1.8862345696700562,-1.8488955606972588,-0.3941974222675746,0.6305055118815884,0.11644362981522098,,,,,,,89.254,
1762802732.348962,85,107;108;201;202,30.884;30.887;30.848;21.468,-0.4248264764888201,-1.9524156067541292,-1.9861228236842468,-0.3468331791243158,0.6604759873916949,0.08215637916065632,,,,,,,88.842,
1762802732.445232,86,107;108;200;201;202,33.134;33.328;30.210;32.438;19.895,-0.4017144848549305,-1.916152415075485,-1.9409014934722402,-0.31845699742787004,0.6505616793121507,0.11760614711399006,,,,,,,88.384,
1762802732.555774,87,107;108;200;201;202,33.218;32.979;26.229;34.363;20.133,-0.4550964142902125,-1.8941213412857794,-1.9951379611617457,-0.32259228476372975,0.6445737958607386,0.13278591188795957,,,,,,,86.904,
1762802732.650171,88,107;108;200;201;202,35.467;34.579;27.754;35.015;21.337,-0.42312375170598454,-1.8729512341383776,-1.9431640485295314,-0.29935398408577996,0.6394618143692274,0.15409856437128605,,,,,,,86.973,
1762802732.762093,89,107;108;200;201;202,34.794;33.072;30.035;37.822;22.912,-0.47139792968839184,-1.8603624089019737,-1.9970021678932353,-0.3072147846230925,0.6342597187434149,0.16060532986241602,,,,,,,85.839,
1762802732.856186,90,107;108;200;201;202,36.530;34.702;27.025;39.143;23.316,-0.5073826844875248,-1.8451970757017326,-2.0407351425295435,-0.3149536799100206,0.629837354889401,0.16809622250479744,,,,,,,84.745,
1762802732.958841,91,107;108;200;201;202,39.138;34.345;30.236;37.603;24.379,-0.5358159857929585,-1.8343197306892949,-2.06958444100809,-0.3225543081870998,0.6299791640876591,0.1739601950539221,,,,,,,84.053,
1762802733.039574,92,107;108;201;202,38.012;32.435;37.665;23.118,-0.5176982466473811,-1.9013026051766657,-2.153000771930207,-0.29784913966291654,0.655908885542488,0.13215442890662418,,,,,,,84.283,
1762802733.156702,93,107;108;200;201;202,37.839;33.438;31.376;35.640;23.572,-0.5390672592653749,-1.8716687156357195,-2.153127916304767,-0.31388737948044737,0.6493170692029301,0.14858471520848204,,,,,,,83.534,
1762802733.245714,94,107;108;201;202,38.120;35.152;35.763;21.003,-0.5165594393662497,-1.9263992709417597,-2.214736826889117,-0.2900582958179477,0.669379126487026,0.11471920280092557,,,,,,,83.674,
1762802733.348975,95,107;108;200;201;202,37.736;34.622;31.033;40.536;24.235,-0.5394088339856921,-1.8906329135465691,-2.1957369219851817,-0.3101096774408732,0.6624452235736985,0.13536356915686326,,,,,,,83.200,
1762802733.440955,96,107;108;201;202,38.512;33.286;39.325;26.918,-0.5152851636731091,-1.9396318172217952,-2.2466480602843957,-0.2871904318850975,0.6794708892215116,0.10486949832806297,,,,,,,83.335,
1762802733.548986,97,107;108;201;202,38.187;34.772;39.310;24.787,-0.4930679494712673,-1.9767043839647267,-2.283793683661158,-0.26820418359374765,0.6930087148421153,0.08300700697668474,,,,,,,83.385,
1762802733.646817,98,107;108;200;201;202,37.296;35.323;32.419;39.400;26.015,-0.5193582358695968,-1.9273885213105746,-2.247026853622623,-0.29616290003607537,0.6820530499165086,0.11107565493208663,,,,,,,82.997,
1762802733.771853,99,107;108;201;202,37.274;35.052;38.798;24.086,-0.4956367362936149,-1.967319774677801,-2.283901891659838,-0.2757312202005041,0.6942042920682802,0.08702738072270828,,,,,,,83.134,
1762802733.876760,100,107;108;201;202,39.798;36.175;39.346;24.096,-0.4745988208989141,-1.9962877955184364,-2.30956715973631,-0.26070198839299286,0.7034590938183795,0.07075917310077816,,,,,,,83.204,
1762802733.975633,101,107;108;200;201;202,38.650;34.485;30.619;40.267;25.044,-0.48973318494420504,-2.083041419649105,-2.1531926759451414,-0.30170417237849867,0.6928704245703247,0.14077776918361828,,,,,,,89.484,
1762802734.076053,102,107;108;200;201;202,40.446;35.622;31.794;39.369;23.987,-0.5021471348432368,-2.1476515616507244,-2.032625420925787,-0.32420282588122346,0.6901888496886205,0.1897780140321758,,,,,,,85.640,
1762802734.177339,103,107;108;200;201;202,38.254;38.214;30.676;39.185;24.969,-0.45558590573488666,-2.064536668815246,-1.966791238414606,-0.3025326286418757,0.6669216146834966,0.19869690487597938,,,,,,,86.850,
1762802734.275621,104,107;108;200;201;202,38.254;38.214;30.676;39.185;24.969,-0.45558590573488666,-2.064536668815246,-1.966791238414606,-0.3025326286418757,0.6669216146834966,0.19869690487597938,,,,,,,86.850,
1762802734.376360,105,107;108;200;201;202,40.178;37.295;31.445;38.264;26.292,-0.4953923280519209,-2.00520065450367,-2.011285679464723,-0.3131878559660346,0.652427907240885,0.1903481021374057,,,,,,,89.455,
1762802734.477088,106,107;108;201;202,40.682;34.393;38.910;24.275,-0.4836149510461843,-2.0360752468619707,-2.1050474768592973,-0.291957220928739,0.667169228283573,0.13846141827915864,,,,,,,89.237,
1762802734.575360,107,107;108;201;202,38.549;34.176;37.101;24.695,-0.46982336621366894,-2.0556108291787196,-2.1749974072919294,-0.27337408276204933,0.6795275991946423,0.10212338605952155,,,,,,,88.050,
1762802734.677632,108,107;108;201;202,40.060;35.539;40.799;25.924,-0.45849991875867047,-2.0683032016858327,-2.2277254964720274,-0.2572902985288847,0.6897195970108032,0.07733816416041628,,,,,,,87.059,
1762802734.786852,109,107;108;200;201;202,38.096;34.716;32.888;38.485;26.056,-0.47677884370815443,-2.137882767676938,-2.0906588802232373,-0.2944812804103969,0.6859911695096258,0.14292488050387178,,,,,,,87.524,
1762802734.877305,110,107;108;200;201;202,36.125;33.955;34.646;40.355;24.989,-0.5102196332624349,-2.05496210117196,-2.103057147145221,-0.3108344328606045,0.6710820123706729,0.15045914460931023,,,,,,,89.968,
1762802734.976808,111,107;108;200;201;202,36.125;33.955;34.646;40.355;24.989,-0.5102196332624349,-2.05496210117196,-2.103057147145221,-0.3108344328606045,0.6710820123706729,0.15045914460931023,,,,,,,89.968,
1762802735.078949,112,107;108;200;201;202,36.125;33.955;34.646;40.355;24.989,-0.5102196332624349,-2.05496210117196,-2.103057147145221,-0.3108344328606045,0.6710820123706729,0.15045914460931023,,,,,,,89.968,
1762802735.173788,113,107;108;200;201;202,38.047;34.062;35.105;40.945;26.342,-0.533455185251593,-1.990222520550846,-2.1125173443074745,-0.3244108138404745,0.6612837335935007,0.15882445872855283,,,,,,,88.065,
1762802735.358893,114,107;108;200;201;202,39.730;36.521;33.274;38.480;26.864,-0.5360986611746166,-2.0770990337189756,-2.007757139842367,-0.3352430083580834,0.6644230678823222,0.20597799247386137,,,,,,,86.841,
1762802735.440470,115,107;108;200;201;202,39.800;34.548;34.763;39.652;26.944,-0.5557294223267466,-2.0109693970998825,-2.041502610821657,-0.340800773400225,0.6520434208757669,0.19914496491626543,,,,,,,89.477,
1762802735.545228,116,107;108;200;201;202,39.226;36.630;35.464;38.170;24.885,-0.5722561595329163,-1.959039326563466,-2.0672602100948247,-0.3451856831716177,0.6450015299153178,0.19589285330950593,,,,,,,88.477,
1762802735.639635,117,107;108;200;201;202,37.662;33.609;34.287;40.870;25.096,-0.585714735947212,-1.9195795507466549,-2.0872221596912537,-0.3482872338238026,0.6413803151051065,0.1942506087585233,,,,,,,86.924,
1762802735.746573,118,107;108;200;201;202,39.383;34.469;36.644;41.492;25.557,-0.5940317700209798,-1.8894971306321298,-2.1016345761962767,-0.35216894188453435,0.6396658145711785,0.19417707275698706,,,,,,,85.741,
1762802735.839281,119,107;108;200;201;202,38.507;35.314;32.833;39.890;28.394,-0.5856800089574531,-2.0007865023822413,-2.005176124391375,-0.3510750256658776,0.6461953424607001,0.23451342614123466,,,,,,,88.689,
1762802735.984607,120,107;108;200;201;202,41.065;35.749;32.333;37.873;26.955,-0.5947353224008145,-1.9544909533843082,-2.03937748832731,-0.35299990083715543,0.6384443661528095,0.22104712941452448,,,,,,,89.173,
1762802736.074163,121,107;108;200;201;202,40.726;35.947;32.087;40.625;24.625,-0.6009476301231909,-1.9167694812765201,-2.065026413692536,-0.35608279252506925,0.6355781876543178,0.21228314331049197,,,,,,,87.476,
1762802736.175404,122,107;108;200;201;202,39.428;37.794;34.002;41.328;26.115,-0.6066256806138542,-1.8873629829422434,-2.0856976961565965,-0.3577232167039378,0.634381598632109,0.2075467099762849,,,,,,,86.148,
1762802736.273087,123,107;108;200;201;202,40.882;37.213;32.529;42.639;27.222,-0.610358607285965,-1.8645622665694954,-2.101866998839416,-0.35881183576945525,0.6347792196157347,0.20447465059962547,,,,,,,85.112,
1762802736.348000,124,107;108;200;201;202,41.370;36.699;32.761;40.869;27.579,-0.613456583966047,-1.84656022608764,-2.1147489201536325,-0.359988704715883,0.6347936063358387,0.202868182588295,,,,,,,84.294,
1762802736.441551,125,107;108;200;201;202,39.983;38.579;32.579;39.792;25.824,-0.6173079569640241,-1.8327239507733768,-2.1246436450634274,-0.36067713306560495,0.6354493389419822,0.20188104009557606,,,,,,,83.682,
1762802736.549304,126,107;108;200;201;202,40.239;37.933;31.998;39.790;26.103,-0.6193760297651209,-1.8211589283304417,-2.133082855679168,-0.3608908232320657,0.6361895332281527,0.20228037435022928,,,,,,,83.156,
1762802736.639940,127,107;108;200;201;202,37.904;35.822;31.651;39.252;27.171,-0.6076323656564325,-1.9463934720921736,-2.0333819417152186,-0.3570689576664978,0.6407503405692562,0.24263688035140224,,,,,,,89.179,
1762802736.744549,128,107;108;200;201;202,37.934;34.888;31.253;38.944;26.287,-0.6130000156397323,-1.910304238398628,-2.061469019997897,-0.35831841497578,0.6360090766988264,0.22900754448823113,,,,,,,87.471,
1762802736.835381,129,107;108;200;201;202,38.195;34.989;29.879;41.300;25.585,-0.4556495869901541,-1.9467540744949947,-2.026623742522925,-0.3400394625827727,0.6805985758473497,0.2698095774463523,,,,,,,88.005,
1762802736.942656,130,107;108;200;201;202,40.701;35.738;29.856;40.846;27.709,-0.4971152331677357,-1.913421329024348,-2.059587736707368,-0.3404249390928157,0.6632152989459353,0.24642074209551962,,,,,,,86.531,
1762802737.037153,131,107;108;200;201;202,39.637;35.896;31.764;39.597;26.890,-0.5281430797866424,-1.8859965560423124,-2.08293741730095,-0.3431023934489794,0.6522541705557622,0.2306331156513709,,,,,,,85.406,
1762802737.143085,132,107;108;200;201;202,39.674;34.757;27.730;41.049;25.740,-0.5380620171431993,-1.9978708621139396,-1.9920415300592946,-0.3441093310471065,0.6567889476163189,0.2589348061894294,,,,,,,88.900,
1762802737.234325,133,107;108;200;201;202,39.674;34.757;27.730;41.049;25.740,-0.5380620171431993,-1.9978708621139396,-1.9920415300592946,-0.3441093310471065,0.6567889476163189,0.2589348061894294,,,,,,,88.900,
1762802737.340115,134,107;108;200;201;202,39.674;34.757;27.730;41.049;25.740,-0.5380620171431993,-1.9978708621139396,-1.9920415300592946,-0.3441093310471065,0.6567889476163189,0.2589348061894294,,,,,,,88.900,
1762802737.434336,135,107;108;200;201;202,38.057;35.151;31.877;41.529;27.051,-0.5435478042513201,-2.0820884446402976,-1.9175375725357622,-0.34553018613066905,0.6644107419823397,0.2769621763744198,,,,,,,84.483,
1762802737.542681,136,107;108;200;201;202,37.940;35.165;33.241;39.642;28.838,-0.5483501868429351,-2.145912440820975,-1.857411207944076,-0.34650103478171373,0.6721659473287624,0.28756836500046123,,,,,,,81.036,
1762802737.635108,137,107;108;200;201;202,40.142;34.487;33.021;38.950;28.289,-0.5692465878754922,-2.069561327244507,-1.9283257453757539,-0.34789900406039376,0.6483694465432697,0.25693693742720713,,,,,,,84.912,
1762802737.740409,138,107;108;201;202,39.981;36.486;38.694;25.018,-0.5457465719480038,-2.0878512753140583,-2.042148177758953,-0.3256072541770008,0.6602929309990179,0.1832852686983136,,,,,,,87.279,
1762802737.832465,139,107;108;201;202,39.981;36.486;38.694;25.018,-0.5457465719480038,-2.0878512753140583,-2.042148177758953,-0.3256072541770008,0.6602929309990179,0.1832852686983136,,,,,,,87.279,
1762802737.941094,140,107;108;200;201;202,39.968;34.064;30.082;38.212;27.510,-0.5638158788859486,-2.0168458892245242,-2.0659005928561833,-0.3348248968429136,0.6503189278104636,0.1820066332089146,,,,,,,89.800,
1762802738.034878,141,107;108;200;201;202,40.719;37.484;30.955;38.623;26.347,-0.5789726585181849,-1.9621247138387512,-2.0850311422845613,-0.3415622929040362,0.6446743942796057,0.1832148698598976,,,,,,,88.230,
1762802738.140932,142,107;108;200;201;202,41.401;38.337;31.172;39.020;26.629,-0.5909812796728079,-1.9201384530896517,-2.099891385039421,-0.34710079542778455,0.64158661278318,0.18561057227431035,,,,,,,86.710,
1762802738.236516,143,107;108;200;201;202,42.000;38.931;31.534;41.398;26.515,-0.5853936369872647,-2.02222906990465,-2.002911006503362,-0.34856357904725976,0.6482159058864398,0.228814420013465,,,,,,,87.979,
1762802738.337725,144,107;108;201;202,41.135;37.825;40.289;26.315,-0.556968863857915,-2.0466228989887107,-2.0997664772591578,-0.32410214137886023,0.6637366107489262,0.16597319068474722,,,,,,,89.778,
1762802738.436121,145,107;108;201;202,41.135;37.825;40.289;26.315,-0.556968863857915,-2.0466228989887107,-2.0997664772591578,-0.32410214137886023,0.6637366107489262,0.16597319068474722,,,,,,,89.778,
1762802738.536777,146,107;108;201;202,41.135;37.825;40.289;26.315,-0.556968863857915,-2.0466228989887107,-2.0997664772591578,-0.32410214137886023,0.6637366107489262,0.16597319068474722,,,,,,,89.778,
1762802738.635895,147,107;108;201;202,41.135;37.825;40.289;26.315,-0.556968863857915,-2.0466228989887107,-2.0997664772591578,-0.32410214137886023,0.6637366107489262,0.16597319068474722,,,,,,,89.778,
1762802738.778507,148,107;108;201;202,39.540;37.636;39.253;27.990,-0.5300959480550487,-2.063780462830513,-2.1725014410775842,-0.29996650512470235,0.6774123279590017,0.12225374296452235,,,,,,,88.752,
1762802738.902785,149,107;108;201;202,39.540;37.636;39.253;27.990,-0.5300959480550487,-2.063780462830513,-2.1725014410775842,-0.29996650512470235,0.6774123279590017,0.12225374296452235,,,,,,,88.752,
1762802739.005543,150,107;108;201;202,39.739;35.137;40.292;27.715,-0.5064542734488873,-2.0737636398698394,-2.2261399930061208,-0.2798294530840704,0.688870360476779,0.09288626917152946,,,,,,,87.553,
1762802739.106425,151,107;108;200;201;202,40.335;34.215;28.910;38.806;25.180,-0.532443791480145,-1.999805688885622,-2.2031897915070813,-0.3045001420697715,0.6784231796433853,0.11794214346285997,,,,,,,86.225,
1762802739.207940,152,107;108;200;201;202,39.705;37.633;30.091;40.027;25.894,-0.537170633121041,-2.082567510701463,-2.076604726746006,-0.3249187419740404,0.676769810714259,0.17763656053627805,,,,,,,88.333,
1762802739.303353,153,107;108;200;201;202,39.665;35.908;30.794;38.560;24.820,-0.5574501208945354,-2.0124400946812537,-2.0941623745773077,-0.33315281821687204,0.6633353268962681,0.17898442086168748,,,,,,,89.354,
1762802739.402711,154,107;108;200;201;202,39.665;35.908;30.794;38.560;24.820,-0.5574501208945354,-2.0124400946812537,-2.0941623745773077,-0.33315281821687204,0.6633353268962681,0.17898442086168748,,,,,,,89.354,
1762802739.504543,155,107;108;200;201;202,39.665;35.908;30.794;38.560;24.820,-0.5574501208945354,-2.0124400946812537,-2.0941623745773077,-0.33315281821687204,0.6633353268962681,0.17898442086168748,,,,,,,89.354,
1762802739.603324,156,107;108;200;201;202,38.872;36.201;29.809;38.749;25.016,-0.5567847228582656,-2.0940759144638683,-1.9938909259543085,-0.34009999879684527,0.6671445638507469,0.22027964474094874,,,,,,,85.841,
1762802739.704105,157,107;108;200;201;202,40.512;36.109;27.891;39.215;25.758,-0.5755229023296865,-2.024348065739056,-2.030779947967019,-0.343797396480793,0.6529701006872449,0.20916209356680956,,,,,,,88.652,
1762802739.802113,158,107;108;200;201;202,41.272;34.454;29.614;40.003;25.680,-0.5888362824588828,-1.9693935647039464,-2.0593099770341845,-0.3473612025460721,0.6451004098030563,0.202455724095603,,,,,,,89.129,
1762802739.901413,159,107;108;200;201;202,41.065;35.309;30.782;38.424;25.727,-0.5984681257015954,-1.9273035497945223,-2.0820532285611857,-0.350095884165052,0.640770954944419,0.19881687158201494,,,,,,,87.403,
1762802739.999747,160,107;108;200;201;202,40.782;37.566;30.973;39.036;27.032,-0.6048954162006641,-1.894450662525963,-2.0989383949987097,-0.35260170755780074,0.6386197868326609,0.1968462683311309,,,,,,,86.064,
1762802740.103094,161,107;108;110;201;202,39.778;38.740;20.661;39.458;25.979,-0.601270423135044,-1.8651728980536508,-2.1682608843721343,-0.2924373555096081,0.6666289404427175,0.12340112739096346,,,,,,,83.597,
1762802740.201147,162,107;108;200;201;202,39.058;36.569;30.613;37.853;24.465,-0.6060007082322031,-1.8430816004657913,-2.1640208434808255,-0.3092972452493699,0.660887054718047,0.1439164990987692,,,,,,,83.048,
1762802740.302431,163,107;108;200;201;202,40.323;34.756;29.613;39.178;25.805,-0.4497615512397071,-1.8930830420360856,-2.108730073301476,-0.29626605574721954,0.7003409473023792,0.21197680359751928,,,,,,,84.422,
1762802740.400746,164,107;108;201;202,39.574;35.369;39.548;25.370,-0.4260758309977449,-2.1149451741192196,-2.052410152721348,-0.25842165304696063,0.7136191702072548,0.19420948464556692,,,,,,,87.545,
1762802740.504847,165,107;108;200;201;202,39.482;37.055;31.407;38.295;23.802,-0.4729889873580952,-2.0386140579501766,-2.0772737631300684,-0.2779155826300793,0.6869466637626189,0.18775373830312642,,,,,,,89.890,
1762802740.605358,166,107;108;200;201;202,39.482;37.055;31.407;38.295;23.802,-0.4729889873580952,-2.0386140579501766,-2.0772737631300684,-0.2779155826300793,0.6869466637626189,0.18775373830312642,,,,,,,89.890,
1762802740.703941,167,107;108;200;201;202,39.482;37.055;31.407;38.295;23.802,-0.4729889873580952,-2.0386140579501766,-2.0772737631300684,-0.2779155826300793,0.6869466637626189,0.18775373830312642,,,,,,,89.890,
1762802740.803550,168,107;108;200;201;202,38.757;37.573;29.915;38.883;25.152,-0.5089923658491148,-1.979338419441146,-2.094759944477915,-0.2954883690237883,0.6704604207433582,0.1854962702178716,,,,,,,87.944,
1762802740.903222,169,107;108;200;201;202,38.757;37.573;29.915;38.883;25.152,-0.5089923658491148,-1.979338419441146,-2.094759944477915,-0.2954883690237883,0.6704604207433582,0.1854962702178716,,,,,,,87.944,
1762802741.006894,170,107;108;110;200;201;202,38.879;37.891;20.778;35.191;38.900;25.400,-0.5568489767878492,-1.8761775186945917,-2.112173708982941,-0.27174847159489657,0.6658575752215702,0.16006413170354367,,,,,,,84.727,
1762802741.103127,171,107;108;200;201;202,38.325;37.256;35.792;39.230;26.385,-0.5583995452729045,-1.9863950115387015,-2.0151070933975688,-0.2898886158319239,0.6650126394466966,0.20831262466907688,,,,,,,89.610,
1762802741.198667,172,107;108;201;202,39.286;36.008;40.828;26.123,-0.5361687211634482,-2.0197967799274985,-2.109704628203838,-0.2755122601337907,0.6769697666056887,0.15416292311420693,,,,,,,89.036,
1762802741.303289,173,107;108;110;200;201;202,40.267;35.353;20.418;34.465;39.719;27.147,-0.5773356890563963,-1.905939150809516,-2.1240937608876496,-0.2574531560813883,0.6707685444276567,0.13632213514496444,,,,,,,85.601,
1762802741.405075,174,107;108;200;201;202,39.488;37.377;33.735;41.692;26.172,-0.5894936182664228,-1.8752868700928889,-2.131353591765817,-0.2809205590452411,0.6633978158733632,0.15201012822737647,,,,,,,84.600,
1762802741.501198,175,107;108;201;202,39.307;38.686;40.427;25.445,-0.559558081311926,-1.9296678681479145,-2.2011507580359284,-0.263784373379932,0.6794222993398221,0.11799938511329695,,,,,,,84.438,
1762802741.605489,176,107;108;110;200;201;202,40.051;38.093;20.253;29.965;40.333;26.647,-0.5956294682674036,-1.835419553463872,-2.191704893182949,-0.2501708085648448,0.6779872234073996,0.11257193124113159,,,,,,,82.107,
1762802741.705327,177,107;108;110;200;201;202,39.459;37.141;20.545;30.667;41.690;26.229,-0.6219148386991853,-1.7655845095192972,-2.183917643664905,-0.24148296052384485,0.6789251982387096,0.1082839732105567,,,,,,,80.343,
1762802741.803009,178,107;108;200;201;202,38.916;39.965;30.000;41.145;27.037,-0.6240623803596104,-1.7677398164851472,-2.1786033070389803,-0.2674293509119379,0.6701929418058141,0.13374135000902124,,,,,,,80.546,
1762802741.900584,179,107;108;200;201;202,38.541;37.144;31.073;41.901;28.580,-0.48725204210637507,-1.7013569068424839,-2.2211959074969867,-0.2728008589565502,0.6991467484068293,0.16277719421554435,,,,,,,76.060,
1762802742.003827,180,107;108;200;201;202,42.172;37.041;32.353;43.240;27.928,-0.5070308173083775,-1.857769638787142,-2.111953051795177,-0.2871415048198874,0.6814733799621661,0.2070697751985076,,,,,,,83.675,
1762802742.103569,181,107;108;201;202,40.939;36.575;39.858;29.499,-0.47493482547930677,-2.086526773224728,-2.058609053858476,-0.2492126161808936,0.6982450123587975,0.1942081552094991,,,,,,,88.222,
1762802742.200604,182,107;108;201;202,40.939;36.575;39.858;29.499,-0.47493482547930677,-2.086526773224728,-2.058609053858476,-0.2492126161808936,0.6982450123587975,0.1942081552094991,,,,,,,88.222,
1762802742.301630,183,107;108;201;202,40.097;36.258;42.970;24.959,-0.4677483579395999,-2.095657901937332,-2.142148337808341,-0.23985741681967068,0.698760686181614,0.1447104722969956,,,,,,,89.967,
1762802742.401768,184,107;108;201;202,40.097;36.258;42.970;24.959,-0.4677483579395999,-2.095657901937332,-2.142148337808341,-0.23985741681967068,0.698760686181614,0.1447104722969956,,,,,,,89.967,
1762802742.501018,185,107;108;201;202,40.097;36.258;42.970;24.959,-0.4677483579395999,-2.095657901937332,-2.142148337808341,-0.23985741681967068,0.698760686181614,0.1447104722969956,,,,,,,89.967,
1762802742.601718,186,107;108;201;202,40.097;36.258;42.970;24.959,-0.4677483579395999,-2.095657901937332,-2.142148337808341,-0.23985741681967068,0.698760686181614,0.1447104722969956,,,,,,,89.967,
1762802742.701670,187,107;108;201;202,40.097;36.258;42.970;24.959,-0.4677483579395999,-2.095657901937332,-2.142148337808341,-0.23985741681967068,0.698760686181614,0.1447104722969956,,,,,,,89.967,
1762802742.803064,188,107;108;200;201;202,39.799;37.889;32.673;40.656;26.646,-0.5043295699144874,-2.0194445717462894,-2.144897485938585,-0.2676871937943412,0.6807302557891457,0.1526175307759605,,,,,,,87.957,
1762802742.904447,189,107;108;200;201;202,41.467;37.673;34.111;39.199;26.478,-0.5315872866740595,-1.9616679836203055,-2.1456417820059888,-0.28990576258926626,0.6682017672201651,0.16118842835465802,,,,,,,86.426,
1762802743.010405,190,107;108;200;201;202,41.373;37.764;30.661;41.371;24.503,-0.5530928388723252,-1.9197509833106892,-2.1479802626263806,-0.3055821259873386,0.6591865861122465,0.16895442591834103,,,,,,,85.277,
1762802743.105526,191,107;108;200;201;202,41.373;37.764;30.661;41.371;24.503,-0.5530928388723252,-1.9197509833106892,-2.1479802626263806,-0.3055821259873386,0.6591865861122465,0.16895442591834103,,,,,,,85.277,
1762802743.178481,192,107;108;200;201;202,39.858;37.649;33.377;41.152;25.562,-0.5690859404808796,-1.8862715155250616,-2.1481192187669946,-0.31912464509282285,0.6529251155660266,0.17649454775126466,,,,,,,84.381,
1762802743.269567,193,107;108;200;201;202,39.858;37.649;33.377;41.152;25.562,-0.5690859404808796,-1.8862715155250616,-2.1481192187669946,-0.31912464509282285,0.6529251155660266,0.17649454775126466,,,,,,,84.381,
1762802743.344690,194,107;108;200;201;202,40.001;37.492;30.398;41.144;26.801,-0.5813735461723869,-1.8605408218267614,-2.1493210670362455,-0.32918691992069465,0.6485264023379979,0.183193381295387,,,,,,,83.666,
1762802743.435787,195,107;108;200;201;202,39.094;37.609;32.296;43.712;26.672,-0.5909078333812421,-1.8409157964754994,-2.151092434304072,-0.3363595473418081,0.6456136426564424,0.18893758867041768,,,,,,,83.103,
1762802743.544158,196,107;108;200;201;202,41.778;36.457;33.247;40.411;26.352,-0.5853195438800255,-1.9625147429260867,-2.045811910351309,-0.3390945884436971,0.6482733934840849,0.23208956471397985,,,,,,,89.190,
1762802743.637606,197,107;108;200;201;202,41.254;37.464;33.549;40.621;25.558,-0.5807444221964835,-2.054567246008233,-1.95918475485819,-0.3422103297825791,0.657146375582332,0.26072241947357255,,,,,,,86.003,
1762802743.743531,198,107;108;200;201;202,38.039;36.744;33.212;41.235;26.850,-0.5764328520069044,-2.125191511392206,-1.889868497070255,-0.34390330238985384,0.6659998537285965,0.27809266077135414,,,,,,,82.230,
1762802743.837753,199,107;108;200;201;202,39.028;37.096;33.232;40.099;27.485,-0.572901635419693,-2.180004859697419,-1.8332104028025604,-0.3459635243465676,0.6731031449895419,0.2883739945729439,,,,,,,79.220,
1762802743.944254,200,107;108;200;201;202,42.290;37.624;32.543;41.111;25.261,-0.5896753079761902,-2.097522075633171,-1.9100997582893129,-0.3469398701718286,0.6477630143339514,0.2569582786123712,,,,,,,83.447,
1762802744.036601,201,107;108;200;201;202,42.290;37.624;32.543;41.111;25.261,-0.5896753079761902,-2.097522075633171,-1.9100997582893129,-0.3469398701718286,0.6477630143339514,0.2569582786123712,,,,,,,83.447,
1762802744.142479,202,107;108;200;201;202,43.691;36.715;33.347;40.658;24.613,-0.5841184012986135,-2.159136780812423,-1.8512019721982906,-0.3467536217033406,0.6594779779519584,0.2744174370794842,,,,,,,80.200,
1762802744.234749,203,107;108;201;202,43.505;38.150;40.140;24.464,-0.5577802580452296,-2.1614467597897016,-1.980665830020757,-0.32735144657293896,0.6627140864577076,0.19247831817625674,,,,,,,83.563,
1762802744.341883,204,107;108;201;202,43.505;38.150;40.140;24.464,-0.5577802580452296,-2.1614467597897016,-1.980665830020757,-0.32735144657293896,0.6627140864577076,0.19247831817625674,,,,,,,83.563,
1762802744.437811,205,107;108;200;201;202,43.072;37.264;31.834;40.803;23.654,-0.5577607212526988,-2.207362511809997,-1.90067488320528,-0.336643917640851,0.6704850093755906,0.22785932292952804,,,,,,,80.240,
1762802744.543560,206,107;108;201;202,39.821;35.865;41.475;23.446,-0.5076072783153663,-2.3594265564351353,-1.866289958412852,-0.3009350825756097,0.6970862685628434,0.19810097494159623,,,,,,,75.582,
1762802744.642552,207,107;108;200;201;202,38.753;35.007;29.249;40.502;23.844,-0.5385893868538295,-2.2302288641144288,-1.9351660710041942,-0.311589012520918,0.6662469300912002,0.18829021898233786,,,,,,,80.625,
1762802744.745673,208,107;108;200;201;202,37.287;35.908;31.922;39.010;25.756,-0.559737201219212,-2.129723739119266,-1.9857165181208167,-0.32200922611126026,0.6491656839963037,0.18322302595973078,,,,,,,84.579,
1762802744.824875,209,107;108;200;201;202,37.287;35.908;31.922;39.010;25.756,-0.559737201219212,-2.129723739119266,-1.9857165181208167,-0.32200922611126026,0.6491656839963037,0.18322302595973078,,,,,,,84.579,
1762802744.890707,210,107;108;201,30.057;31.965;32.722,0.6011716982580815,2.2414857860435435,1.940004787338808,-0.17109707268453245,0.7165351159978478,0.12668245650629142,,,,,,,80.022,
1762802744.959021,211,107;108;201,34.929;35.014;35.414,0.6145572545506484,1.984949189192521,1.9603958818991223,-0.0937928595284629,0.709059225931535,0.058780112829542035,,,,,,,87.889,
1762802745.026874,212,107;108;201,34.929;35.014;35.414,0.6145572545506484,1.984949189192521,1.9603958818991223,-0.0937928595284629,0.709059225931535,0.058780112829542035,,,,,,,87.889,
1762802745.100284,213,107;108;110;200;201,37.578;40.291;19.542;35.954;38.402,0.7385232232846496,1.8928141254143953,2.1292781257960973,-0.06176240003415203,0.6914365784943036,0.03804055156671568,,,,,,,86.779,
1762802745.201984,214,107;108;110;200;201;202,41.446;43.406;20.173;34.935;41.107;28.686,0.7783071997826814,1.946037619769612,2.2928637316580875,-0.1050391977521491,0.6913434120870963,0.048518439629052584,,,,,,,84.845,
1762802745.300078,215,107;108;110;200;201;202,41.446;43.406;20.173;34.935;41.107;28.686,0.7783071997826814,1.946037619769612,2.2928637316580875,-0.1050391977521491,0.6913434120870963,0.048518439629052584,,,,,,,84.845,
1762802745.402670,216,107;108;110;201;202,41.108;45.521;22.336;45.299;35.617,-0.7372069418670669,-1.929842580901324,-2.3461998790540823,-0.09960867781816225,0.7039491643762921,0.020623151496837026,,,,,,,82.726,
1762802745.500607,217,107;108;110;201;202,44.161;46.625;22.738;48.348;34.116,-0.6932116931205076,-1.8843133268114343,-2.348646540316826,-0.09495013930890181,0.7168241672096896,0.0021626800218568745,,,,,,,81.019,
1762802745.602872,218,107;108;200;201,46.289;49.947;40.929;46.449,0.7835346110857458,1.8394492418717856,2.3979519651697814,-0.0982616171241797,0.7050132051019962,0.027235681110771744,,,,,,,79.637,
1762802745.700530,219,107;108;201,46.522;49.674;48.378,0.7404096754915911,1.6877236022969622,2.273146194848704,-0.029880333062436024,0.7074430128123655,0.00021088905438711557,,,,,,,77.532,
1762802745.768472,220,107;108;201,46.005;49.255;48.062,0.6828237149180711,1.758712239529331,1.9909749980507783,0.0518836180291116,0.6927768422223308,0.0364520261994896,,,,,,,84.785,
1762802745.866673,221,107;108;201,46.333;48.280;50.458,0.6679728116764428,1.6356519017177702,1.98439327530349,0.07876243274373938,0.6952607574398464,0.008018234974603548,,,,,,,80.413,
1762802745.942473,222,107;108;201;202,47.264;48.367;47.963;35.840,0.6067045332603043,1.7477049477597426,2.0793573802132683,0.0010068871240733557,0.717696853705032,0.01200875530516546,,,,,,,81.697,
1762802746.036576,223,107;108;110;200;201,46.726;49.643;21.575;45.284;49.061,0.729692441364342,1.7051869325258782,2.2158906098307236,0.004595775139106663,0.7134268563765434,0.004389202134760663,,,,,,,79.103,
1762802746.142025,224,107;108;110;201,46.600;50.601;22.359;47.617,0.7545351580664271,1.61000131007463,2.245038436671882,0.06332605054300179,0.7212503389334088,-0.04537221195064197,,,,,,,75.886,
1762802746.235293,225,107;108;110;200;201,47.041;48.743;21.135;43.581;47.019,0.8404279495170675,1.5892121036898053,2.334477700662869,0.04161139327987931,0.727070267666335,-0.03875864492884959,,,,,,,74.780,
1762802746.342504,226,107;108;110;200;201,46.803;49.406;22.828;43.108;52.022,0.9049377656969002,1.569930478735777,2.397456332935905,0.023986382156213557,0.7320470499888098,-0.032353259783423245,,,,,,,73.965,
1762802746.436579,227,107;108;110;200;201;202,47.135;49.081;21.607;41.673;47.791;36.933,-0.9034391656819898,-1.6681487757306375,-2.4886186429536847,-0.049510258248120734,0.7358358863057269,0.006083627535795495,,,,,,,74.635,
1762802746.543019,228,107;108;110;201;202,47.832;47.832;22.069;48.382;39.961,-0.8176258362157874,-1.6850206290390721,-2.4566072827152956,-0.05916983410110483,0.7442243597362193,-0.00189299614895813,,,,,,,74.614,
1762802746.639326,229,107;108;110;201;202,47.748;48.691;21.670;51.709;40.961,-0.7545595630939986,-1.6971436224204688,-2.4328467847956055,-0.06551189121541828,0.7511230820035419,-0.008311572531598303,,,,,,,74.648,
1762802746.791844,230,107;108;201,48.212;48.736;46.753,0.7479821536943991,1.650435481820695,2.3876421356252835,0.004559376733928215,0.729680144434056,-0.021211848919052406,,,,,,,74.165,
1762802746.882935,231,107;108;200;201;202,48.601;51.152;44.334;47.487;39.567,0.7518405288111413,1.7698040018308812,2.453565014642584,-0.1007353591568667,0.7280317226452382,0.038036733218431554,,,,,,,76.166,
1762802746.975792,232,107;108;110;201;202,46.851;50.133;20.575;47.203;39.347,-0.7123820651583249,-1.7815915750567144,-2.4564378941178533,-0.0967331209076885,0.7361650881303134,0.020195790939562034,,,,,,,75.980,
1762802747.077002,233,107;108;110;201;202,47.353;48.203;21.315;48.792;39.050,-0.6739502802698295,-1.770479882577187,-2.4309280182901425,-0.0928221030773272,0.7437801807366583,0.0070131725385505165,,,,,,,75.819,
1762802747.172697,234,107;108;110;200;201;202,45.859;49.258;21.978;42.475;49.303;36.215,-0.6772721676169974,-1.7114013827441736,-2.3574480097112063,-0.13110610143955348,0.7353063889949755,0.03347720385052823,,,,,,,75.707,
1762802747.267112,235,107;108;110;201,48.326;51.806;20.835;47.842,-0.7656330191884884,-1.7230126055089623,-2.503420862856135,-0.042369765243490086,0.7483637668856212,-0.025024945770550866,,,,,,,73.970,
1762802747.363490,236,107;108;201;202,49.597;49.248;49.393;35.290,0.6819685649630216,1.8040602057359552,2.4783640583099893,-0.07788413657730489,0.7436133841915222,0.002860012756483046,,,,,,,75.780,
1762802747.464480,237,107;108;201;202,46.679;50.474;47.033;37.571,0.6150845899014566,1.8574102413554514,2.446181036824099,-0.10720461808908237,0.7400811117509003,0.01922854609149524,,,,,,,77.309,
1762802747.536641,238,107;108;201,48.425;49.293;49.516,0.6221842474005993,1.6991191036959268,2.3091395862854753,-0.02957342290505979,0.7332185928992395,-0.0032269423869497487,,,,,,,75.681,
1762802747.636169,239,107;108;110;200;202,46.590;49.722;22.817;39.391;39.282,-0.6034532839073745,-1.7433764630755764,-2.405801880691661,-0.1492421949367444,0.7418295324657882,0.0028737081288745126,,,,,,,74.832,
1762802747.739851,240,107;108;110;202,48.167;51.049;22.603;40.358,-0.4731610935589578,-1.6446837821172053,-2.290839684055228,-0.20922267503794498,0.7722899428593757,-0.04181890481835627,,,,,,,72.676,
1762802747.827695,241,107;108;110;201;202,48.371;49.727;21.340;51.040;41.690,-0.49914430993942677,-1.670723555980256,-2.3178846509473603,-0.17073712173836222,0.776239136551018,-0.03704433790480029,,,,,,,73.282,
1762802747.898593,242,107;108;110;201,49.809;50.788;23.714;52.699,-0.6276522562557246,-1.69830050639062,-2.4806097973703545,-0.06066265419139252,0.7841595544758811,-0.07368737597841211,,,,,,,72.199,
1762802747.989973,243,107;108;201,48.449;51.929;52.298,0.653447182052757,1.640177687593736,2.4105324083496322,0.019431927230466495,0.7511092317286697,-0.06459800661678662,,,,,,,72.193,
1762802748.091129,244,107;108;200;201,46.590;50.201;41.485;48.085,0.7348800903760396,1.6112080368420345,2.3901772554547818,-0.021346775386139924,0.7380728832788003,-0.022941608242037104,,,,,,,72.775,
1762802748.189610,245,107;108;201,47.477;47.922;51.477,0.7037991056208588,1.5234134099555907,2.266420786015142,0.031461969735495705,0.7282981610700545,-0.029601490593957277,,,,,,,71.945,
1762802748.261653,246,107;108;201,47.563;48.558;49.773,0.6808063078908383,1.4597892029106905,2.179263644111584,0.06819210246195706,0.7242450097389819,-0.032774333891537825,,,,,,,70.985,
1762802748.363187,247,107;108;201,47.520;51.501;49.281,0.6642640137343465,1.4139407997605635,2.118868161150928,0.09411892185866785,0.7232518630147097,-0.03510838677820466,,,,,,,70.102,
1762802748.438325,248,107;108;110;201;202,47.357;50.702;21.800;46.934;37.910,0.732515147536575,1.2563378918446102,2.0727176749693474,0.19035486587637987,0.7247916321243946,-0.011527915241276752,,,,,,,66.445,
1762802748.534372,249,107;108;110;201;202,47.357;50.702;21.800;46.934;37.910,0.732515147536575,1.2563378918446102,2.0727176749693474,0.19035486587637987,0.7247916321243946,-0.011527915241276752,,,,,,,66.445,
1762802748.634440,250,107;108;200;201,45.858;47.042;45.928;48.080,0.7979952640534796,1.3262529790258886,2.1527475085880687,0.09598841149126654,0.7461959861372536,0.01453238861959449,,,,,,,68.989,
1762802748.744646,251,107;108;200;201,47.871;48.882;40.356;49.667,0.8471697371967112,1.376296257209255,2.2067667345250106,0.027890716300866494,0.7519942597434626,0.03829256238963214,,,,,,,70.718,
1762802748.827187,252,107;108;110;200;201,48.081;50.380;23.301;41.808;49.464,0.9118566133462016,1.4096263024498221,2.306923798708139,0.012518005527381434,0.7471042606188691,0.030870780689226406,,,,,,,71.227,
1762802748.948564,253,107;108;110;200;201,48.673;51.216;22.586;42.234;49.469,0.9586688861236361,1.433199679714159,2.3779541564515956,2.6254159270204538e-05,0.7454235124606305,0.02413937218950354,,,,,,,71.460,
1762802749.043020,254,107;108;110;200;201;202,46.950;48.115;21.544;42.486;51.410;34.964,0.9567563664994749,1.5737780276443933,2.4997539210941624,-0.06975933298114649,0.7411833609991958,0.0517139942091684,,,,,,,72.750,
1762802749.163624,255,107;108;200;201;202,46.227;50.127;43.013;51.672;32.478,-0.8847514909500608,-1.6490516173845446,-2.4556302109103134,-0.1498495296365828,0.7255888834549794,0.09725881785526953,,,,,,,74.589,
1762802749.238272,256,107;108;201;202,43.316;45.712;35.686;21.000,-0.780005742878775,-1.7488220252285025,-2.447038809403004,-0.16500030653313053,0.7269118975993216,0.08704047498867402,,,,,,,76.075,
1762802749.359124,257,107;108;201;202,44.492;42.359;39.453;24.864,-0.6966335101661423,-1.827095578342081,-2.4385524380272527,-0.17618383992928469,0.7273219275149381,0.07639253234154247,,,,,,,77.447,
1762802749.472280,258,107;108;201;202,42.448;40.902;45.301;26.525,-0.6284666683900949,-1.8871005548136286,-2.429196904125847,-0.18511253531122593,0.7281083173299314,0.06740233415816123,,,,,,,78.620,
1762802749.564519,259,107;108;110;200;201;202,42.166;39.513;21.967;32.081;47.263;28.209,-0.6429227267867023,-1.7990911119594915,-2.3556153510213913,-0.1977577617054376,0.717362964404074,0.0768420737431689,,,,,,,77.951,
1762802749.646647,260,107;108;110;200;201;202,40.368;39.799;22.138;35.302;48.148;29.970,-0.6545980500806263,-1.7352499592194546,-2.3025772099669886,-0.20627134964507285,0.7114323771393682,0.0836359630823654,,,,,,,77.305,
1762802749.738991,261,107;108;110;200;201;202,41.214;40.187;23.677;35.261;47.863;30.522,-0.6636389512672255,-1.6889026471393374,-2.264105403641299,-0.21151721380161453,0.7076827570444476,0.08847009454767348,,,,,,,76.763,
1762802749.834867,262,107;108;110;201;202,44.342;40.010;23.462;44.779;30.853,-0.6447030294730368,-1.7048181435019825,-2.291579850792197,-0.18035632745971866,0.7264625533396966,0.0520810273283178,,,,,,,76.477,
1762802749.940928,263,107;108;110;200;201;202,42.543;41.567;23.230;35.347;45.672;30.812,-0.6575383615609016,-1.6662783959820395,-2.256178265524915,-0.1920165821268689,0.720962928816689,0.06444335907628906,,,,,,,76.126,
1762802750.038657,264,107;108;110;200;201;202,41.527;40.149;23.380;33.896;43.497;29.344,-0.6670464366764494,-1.637037158509362,-2.230918453115935,-0.20020696677390412,0.7160787329866997,0.07430029822471988,,,,,,,75.801,
1762802750.147074,265,107;108;200;201;202,39.175;37.852;34.026;44.535;28.301,-0.6583197300934117,-1.6686428240204878,-2.215441936750318,-0.23504267844478044,0.6976382797251948,0.10996971020981951,,,,,,,77.016,
1762802750.251155,266,107;108;200;201;202,39.327;37.097;35.521;43.572;26.891,-0.6522704182931581,-1.6930799892451935,-2.2029286579186453,-0.2626820105636156,0.6845885525096103,0.1366263094450694,,,,,,,77.980,
1762802750.351758,267,107;108;110;201;202,39.689;36.828;19.702;44.866;27.821,-0.6373182317348761,-1.7076500320685317,-2.2473422352051924,-0.22199144265460347,0.7086995078093137,0.08593870603863946,,,,,,,77.376,
1762802750.450355,268,107;108;110;201;202,37.147;34.883;20.575;42.640;27.852,-0.6257381282863185,-1.7177108688121046,-2.2792728714552704,-0.18886667541504903,0.7270896435863765,0.05085320055700106,,,,,,,76.911,
1762802750.552496,269,107;108;200;201;202,37.631;36.425;33.292;41.628;27.414,-0.6251023514083035,-1.7288132071366813,-2.250344203980214,-0.2300861410104783,0.7090333722365172,0.09140605290685133,,,,,,,77.844,
1762802750.650444,270,107;108;200;201;202,38.059;35.760;32.464;35.477;25.038,-0.6236959781478533,-1.7381282535858038,-2.2272971072528205,-0.2621486883665674,0.694440794258205,0.12200221218686923,,,,,,,78.594,
1762802750.753613,271,107;108;200;201;202,34.851;30.115;26.267;31.889;18.866,-0.6230339537950267,-1.7467229600185308,-2.2120115096731965,-0.2848136795830151,0.6827599530194814,0.1457293764228583,,,,,,,79.174,
1762802750.846960,272,107;108;200;201;202,34.050;32.109;25.504;34.538;19.178,-0.6250729876988101,-1.7543527824908944,-2.2003695349853154,-0.3026953955698109,0.6748893123078229,0.162656498489549,,,,,,,79.680,
1762802750.947740,273,107;108;201;202,31.758;31.287;32.520;19.006,-0.5699732986658176,-2.0113337570258603,-2.130814059144729,-0.2582501412822413,0.680339570171666,0.16568158077253153,,,,,,,88.563,
1762802751.047461,274,107;108;201;202,34.919;34.253;34.240;20.022,-0.477572220337206,-2.03109543605589,-1.6746495577198306,-0.4447926132260597,0.6367608244760226,0.15901088694349716,,,,,,,81.286,
1762802751.150216,275,107;108;201;202,34.919;34.253;34.240;20.022,-0.477572220337206,-2.03109543605589,-1.6746495577198306,-0.4447926132260597,0.6367608244760226,0.15901088694349716,,,,,,,81.286,
1762802751.244901,276,107;108;201;202,36.315;36.765;34.957;18.894,-0.3977926048457398,-2.0652259801792683,-1.7397261187769502,-0.3547956918962344,0.6574536032654242,0.09738727949362729,,,,,,,82.081,
1762802751.357885,277,107;108;201;202,32.099;33.976;34.055;17.381,-0.415839753946843,-2.0969122315243593,-1.9008095428186214,-0.314883797873167,0.6718978006757302,0.06738934049306883,,,,,,,84.547,
1762802751.442930,278,107;108;200;201;202,14.599;34.367;29.125;34.167;18.272,-0.4654317444669144,-2.0305569902911755,-1.963136296341947,-0.3215322304346973,0.6596879886555078,0.09645698295999529,,,,,,,87.776,
1762802751.552945,279,107;108;200;201;202,15.720;35.252;27.466;37.282;18.583,-0.4890180897694786,-2.106128629997953,-1.8950021023963823,-0.3290845529098779,0.6603290805431851,0.1555969093228043,,,,,,,83.618,
1762802751.633067,280,107;108;200;201;202,14.046;20.480;28.264;37.275;18.771,-0.46307835252675267,-2.011347973502348,-1.5358069333783204,-0.4841249926572193,0.6051684803824898,0.19292117402077688,,,,,,,79.288,
1762802819.914576,2,108;200;201,8.817;14.946;9.553,0.5053066255299886,2.1458106925785145,1.9254772479693747,-0.034384020245803566,0.6040675918896303,0.42504641102213253,,,,,,,83.021,
1762802820.428931,3,108;200;201,8.817;14.946;9.553,0.5053066255299886,2.1458106925785145,1.9254772479693747,-0.034384020245803566,0.6040675918896303,0.42504641102213253,,,,,,,83.021,
1762802820.741980,4,108;200;202,9.922;23.638;9.658,-0.35740775056350854,-2.2221932577317105,-2.043605146788906,-0.24611421920278245,0.6244809528504334,0.387480001887172,,,,,,,84.639,
1762802820.945225,5,107;108;200;201;202,10.776;12.870;25.607;27.109;12.516,-0.4005956697818809,-2.123006357261279,-2.083709567809194,-0.27363178820533623,0.6050699632096918,0.3361211145176719,,,,,,,88.218,
1762802821.149188,6,108;200;201,12.790;24.580;27.183,-0.43198467612797586,-2.2259300714558896,-2.131791999313367,-0.20188682151502935,0.6220839891733599,0.35016660851546505,,,,,,,86.480,
1762802821.296939,7,107;108;200;201;202,11.938;11.501;26.139;28.855;8.895,-0.3757076711338856,-2.128274039445578,-2.058467314911274,-0.20752074484873845,0.6196127746658071,0.3230892443740068,,,,,,,87.581,
1762802821.430012,8,108;200;201;202,13.280;27.238;30.615;9.826,-0.2904833258293837,-2.1467639863832813,-1.9556531123316268,-0.23547948717040904,0.5893928082238439,0.3658142986642323,,,,,,,84.934,
1762802821.545843,9,108;200;201;202,12.378;27.924;28.383;10.933,-0.32760632216699237,-2.1613049024324096,-2.003552193100034,-0.28838757231062323,0.5512636674426704,0.38450416947746063,,,,,,,85.498,
1762802821.683681,10,108;200;201;202,14.070;26.956;27.783;10.775,-0.35379169806833843,-2.1709565929529746,-2.0389753155529835,-0.33633971189150413,0.5268413187067092,0.399950278899206,,,,,,,85.972,
1762802821.842572,11,108;200;201;202,15.159;26.392;27.555;11.208,-0.37296652336065544,-2.175115074201745,-2.0652084217040403,-0.37725153626884705,0.5096178567622147,0.41167896904485507,,,,,,,86.419,
1762802821.971751,12,108;200;202,13.020;27.116;11.601,-0.08153515852777257,-1.9859566400235615,-1.7558879394491946,-0.42087064847277095,0.44767087404433037,0.45970749885441364,,,,,,,86.710,
1762802822.099137,13,108;200;201;202,12.348;27.211;28.564;10.548,-0.07576100567333183,-2.0422592756011264,-1.7352001663742065,-0.386443192261125,0.45726272236823584,0.4602082050798021,,,,,,,84.168,
1762802822.191688,14,108;200;201;202,12.348;27.211;28.564;10.548,-0.07576100567333183,-2.0422592756011264,-1.7352001663742065,-0.386443192261125,0.45726272236823584,0.4602082050798021,,,,,,,84.168,
1762802822.291151,15,108;200;201;202,13.395;26.455;28.843;11.668,0.029815259565513234,-2.0178205833516984,-1.8759618365922897,-0.4210150476195429,0.47951477324384006,0.4496155764703623,,,,,,,88.089,
1762802822.390915,16,108;200;201;202,13.806;26.451;28.753;12.384,-0.07037196226610097,-2.0726130470064836,-1.956433738387187,-0.43005369206989347,0.46506988498772106,0.44075868422675696,,,,,,,87.936,
1762802822.480129,17,200;201;202,30.354;29.916;10.394,-0.24444913115586295,-2.0527953770516154,-1.8931577211028094,-0.39376441000279633,0.4030110959217032,0.5216810531378042,,,,,,,86.737,
1762802822.591297,18,108;200;201;202,12.268;27.951;30.172;11.187,-0.29178796456998846,-2.093429151027552,-1.9609119725809991,-0.42107972014040795,0.40860125234181915,0.503395604528111,,,,,,,86.731,
1762802822.683134,19,108;200;202,12.812;26.307;11.928,-0.03118258691436034,-1.9236706724784802,-1.6788669394175693,-0.42564483247265067,0.37221520442079525,0.5223629341680016,,,,,,,87.706,
1762802822.804787,20,108;200;201,13.674;26.308;30.319,-0.25024753515503484,-2.0940903340702657,-1.9841150595386743,-0.3867250327830186,0.42033734434241743,0.4618049658027666,,,,,,,87.421,
1762802822.952988,21,108;200;201,13.674;26.308;30.319,-0.25024753515503484,-2.0940903340702657,-1.9841150595386743,-0.3867250327830186,0.42033734434241743,0.4618049658027666,,,,,,,87.421,
1762802823.083693,22,108;200;201,13.674;26.308;30.319,-0.25024753515503484,-2.0940903340702657,-1.9841150595386743,-0.3867250327830186,0.42033734434241743,0.4618049658027666,,,,,,,87.421,
1762802823.189286,23,108;200;201;202,14.684;25.302;28.718;12.752,-0.295479354865126,-2.120780444435338,-2.0280010431766757,-0.4173667625463487,0.4246512412003115,0.46004735772073113,,,,,,,87.446,
1762802823.292843,24,108;200;201;202,12.503;25.783;27.461;12.126,-0.32753757898288194,-2.137895528727422,-2.061243429764568,-0.44306299407489014,0.4306045097210406,0.4587011532961348,,,,,,,87.599,
1762802823.382333,25,108;200;201;202,13.363;29.669;28.632;12.064,-0.3522120552611353,-2.1482218921400653,-2.086186585433213,-0.46412064995737773,0.43572749065229804,0.4583598987226673,,,,,,,87.801,
1762802823.484723,26,107;108;200;201;202,9.924;13.763;26.950;28.555;13.009,-0.31933946961799403,-2.070591454628417,-2.0256696103106515,-0.39688013264714084,0.4670489219828415,0.4105118095512338,,,,,,,88.833,
1762802823.582355,27,107;108;200;201;202,9.924;13.763;26.950;28.555;13.009,-0.31933946961799403,-2.070591454628417,-2.0256696103106515,-0.39688013264714084,0.4670489219828415,0.4105118095512338,,,,,,,88.833,
1762802823.683253,28,107;108;200;201;202,9.924;13.763;26.950;28.555;13.009,-0.31933946961799403,-2.070591454628417,-2.0256696103106515,-0.39688013264714084,0.4670489219828415,0.4105118095512338,,,,,,,88.833,
1762802823.783812,29,107;108;200;201;202,11.576;13.102;25.344;27.965;10.631,-0.37142410041588664,-2.009715164443199,-2.073968999735883,-0.39396759364549194,0.491019608253798,0.3588623603091976,,,,,,,88.417,
1762802823.885759,30,107;108;200;201;202,13.004;13.016;25.303;26.745;12.843,-0.4119547686006502,-1.9615670103801346,-2.108739447861851,-0.3932581067113023,0.5145916853090231,0.32416592455939025,,,,,,,86.361,
1762802823.988053,31,107;108;200;201;202,12.806;13.986;27.421;25.575;12.338,-0.4289141193137274,-2.057328546889753,-2.0290071636432923,-0.3949380934984005,0.5543657741956421,0.34508866653083164,,,,,,,88.705,
1762802824.089915,32,108;200;201,13.747;25.302;24.692,0.5871531917663324,2.121823732798538,2.2121109951827815,-0.3376890285311773,0.564474321275009,0.34747491063636565,,,,,,,89.720,
1762802824.180371,33,108;200;201,13.747;25.302;24.692,0.5871531917663324,2.121823732798538,2.2121109951827815,-0.3376890285311773,0.564474321275009,0.34747491063636565,,,,,,,89.720,
1762802824.286907,34,108;200;201,11.319;22.824;26.781,0.5508405503717198,2.1201300037704924,2.1288821459895653,-0.2584490938657143,0.5890211552543255,0.36611476295639894,,,,,,,88.476,
1762802824.381872,35,108;200;201,11.319;22.824;26.781,0.5508405503717198,2.1201300037704924,2.1288821459895653,-0.2584490938657143,0.5890211552543255,0.36611476295639894,,,,,,,88.476,
1762802824.483880,36,108;201;202,11.642;25.803;16.079,0.41432709051132943,2.105018727267967,2.0470274756184836,-0.2877709192258946,0.5824981511538864,0.3471347322716018,,,,,,,87.777,
1762802824.585722,37,108;201;202,11.642;25.803;16.079,0.41432709051132943,2.105018727267967,2.0470274756184836,-0.2877709192258946,0.5824981511538864,0.3471347322716018,,,,,,,87.777,
1762802824.683581,38,108;200;201;202,27.947;24.998;28.589;17.175,0.3365032594435732,2.2865729421336805,2.09723163918916,-0.31375797623293605,0.5613567413243334,0.4000405129711658,,,,,,,84.449,
1762802824.779912,39,108;200;201;202,28.605;24.384;29.014;18.542,-0.3627623092893403,-2.2829662771377355,-2.1262822735565896,-0.3649907528462352,0.5397887171088929,0.4098247526922198,,,,,,,85.217,
1762802824.883541,40,107;108;200;201;202,27.564;29.909;26.124;33.103;19.962,-0.3269430692092208,-2.1675871152152064,-2.0569907630202175,-0.32130327155351635,0.5469321971108919,0.3726690442530662,,,,,,,86.637,
1762802824.982523,41,107;108;200;201;202,31.582;36.977;26.538;32.527;20.714,-0.3014476221045764,-2.081849135640874,-2.00369850777299,-0.2957759338862392,0.5586624679249026,0.34159206312333795,,,,,,,88.051,
1762802825.080332,42,107;108;201;202,30.920;35.404;34.028;21.817,-0.3128887760772081,-2.096602000815812,-2.1140907853549766,-0.2942879117820709,0.5879777457204519,0.26484331818123824,,,,,,,89.842,
1762802825.183763,43,107;108;200;201;202,33.036;33.485;28.919;35.167;21.471,-0.3663194602143188,-2.0272985240801535,-2.1376780574006924,-0.31617489890890876,0.5924440044139425,0.2479463905724192,,,,,,,87.472,
1762802825.284175,44,107;108;110;200;201;202,35.620;37.662;19.251;29.113;36.260;21.285,-0.41732074158700005,-2.0297290967589317,-2.0666168522897483,-0.2983287532177318,0.6283320583443637,0.24586104391154304,,,,,,,89.493,
1762802825.383958,45,107;108;110;200;201;202,33.429;36.289;19.309;29.454;36.840;21.586,-0.46798264005110024,-1.9202103486096596,-2.1024145742956946,-0.27953154763440485,0.631162616612603,0.20515726043185492,,,,,,,85.583,
1762802825.482662,46,107;108;200;201,35.199;38.570;31.698;37.948,-0.5974922243716554,-1.9132961377934596,-2.2596645657814487,-0.2512527822302445,0.6462353021160475,0.17930833025735585,,,,,,,82.963,
1762802825.584595,47,107;108;200;201,35.199;38.570;31.698;37.948,-0.5974922243716554,-1.9132961377934596,-2.2596645657814487,-0.2512527822302445,0.6462353021160475,0.17930833025735585,,,,,,,82.963,
1762802825.687929,48,107;108;200;201;202,33.841;38.065;30.454;36.643;22.413,-0.5807730868557881,-1.8771795129219493,-2.2494451565496485,-0.2885905288658278,0.6450893606898227,0.1955785768858799,,,,,,,81.977,
1762802825.793459,49,108;110;200;201;202,40.561;19.916;29.646;36.077;22.501,-0.5832860920243518,-1.8505028681593767,-2.2332583165633833,-0.29187729240050886,0.6293600870383534,0.2162377418151745,,,,,,,81.551,
1762802825.887200,50,107;108;200;201;202,34.232;37.657;31.218;34.633;23.414,-0.42525501319324954,-1.7686532363361835,-2.269199275011888,-0.3042230002086496,0.6606317614197027,0.23140845849107966,,,,,,,76.811,
1762802825.988026,51,107;108;110;200;202,33.507;39.695;22.858;31.686;23.900,-0.3049999951224502,-1.6154863875012333,-2.060880025685269,-0.305054508383537,0.6407841013494531,0.2052733349433327,,,,,,,74.287,
1762802826.088410,52,107;108;110;200;201;202,34.243;38.932;24.319;30.602;36.001;25.083,-0.38195807289373734,-1.6112957254124514,-2.1067763270155915,-0.28710120316720034,0.6534827545671037,0.18214666525607842,,,,,,,73.963,
1762802826.190968,53,107;108;110;200;201;202,34.609;39.204;22.925;31.627;35.659;23.990,-0.43789028125739143,-1.6031927607242367,-2.1399846221179413,-0.2760670403780084,0.6612519893477408,0.16727340200788668,,,,,,,73.612,
1762802826.307182,54,107;108;200;201,37.501;39.538;29.962;35.206,-0.5705122986610927,-1.6710406599541734,-2.298598640428634,-0.23833235616010978,0.6657873730015638,0.1549893387099271,,,,,,,74.414,
1762802826.420234,55,107;108;110;200;201;202,35.383;39.831;21.743;29.586;38.296;23.749,-0.5811707581501717,-1.640847996806504,-2.273065228518595,-0.24332314252432324,0.6725373042908008,0.14963938034410806,,,,,,,74.043,
1762802826.511285,56,107;108;200;201;202,35.238;39.613;30.537;35.755;22.133,-0.571769228148773,-1.6710391452962026,-2.2649562083640635,-0.2776920508210223,0.664655969344773,0.17833473254990884,,,,,,,75.085,
1762802826.615393,57,107;108;200;201;202,36.267;38.976;29.928;38.078;26.711,-0.5640988416082755,-1.6955734583015132,-2.2573113812085994,-0.30573940849592046,0.6584936894898789,0.19822251567507485,,,,,,,75.953,
1762802826.707230,58,107;108;200,36.284;40.283;29.946,-0.5430138780540578,-1.5980822281824114,-2.2774919309204074,-0.3858557233896901,0.7111935168699638,0.14103567765875683,,,,,,,72.089,
1762802826.836170,59,107;108;200;201,36.165;41.232;29.518;37.454,-0.6549686047869906,-1.6572317249187578,-2.3984799338110756,-0.3200331908102152,0.7209495155400887,0.13544478945666127,,,,,,,72.971,
1762802826.926548,60,107;108;200;201;202,35.654;41.422;28.555;36.776;20.112,-0.5312982522188268,-1.8491327351456186,-2.1696995490340245,-0.31764111713986737,0.6635767754169337,0.21404630700969746,,,,,,,82.390,
1762802827.025177,61,107;108;200;201;202,36.248;41.582;30.029;36.397;23.317,-0.5328823156392316,-1.8343174665275328,-2.1832638315771846,-0.3373123207002374,0.657246096460589,0.21976126853038894,,,,,,,81.643,
1762802827.118894,62,107;108;110;200;201,36.440;39.894;22.355;29.147;36.485,-0.6487607675352058,-1.775310119216323,-2.290334693271736,-0.26570396484781594,0.6845929853058679,0.15882068030782012,,,,,,,78.714,
1762802827.227583,63,107;108;110;200;201;202,34.455;41.029;23.181;30.086;35.475;21.433,-0.6396261759795354,-1.7204060265022232,-2.2658259592199466,-0.26470416745940417,0.6845101991064121,0.1511556460209835,,,,,,,77.430,
1762802827.315281,64,107;108;110;200;201;202,34.497;42.153;22.181;28.227;34.644;21.196,-0.5012867239820692,-1.7444485720198797,-2.207248511225366,-0.24067601685774684,0.722657390825615,0.18944384177971588,,,,,,,77.917,
1762802827.423580,65,107;108;200;201;202,34.155;39.146;29.887;33.855;21.907,-0.49744731848706697,-1.8959007403268162,-2.1145616847300017,-0.27160232157922753,0.7002255811554318,0.23366673198333013,,,,,,,84.776,
1762802827.517164,66,107;108;110;200;201;202,36.628;40.473;21.537;30.373;36.582;24.147,-0.5199072870325383,-1.9280757124827783,-2.0524210012038497,-0.2652469992417764,0.7101970625505475,0.23142049586272087,,,,,,,87.360,
1762802827.623742,67,107;108;110;200;201,36.435;37.348;22.246;29.185;38.923,-0.6331658832605526,-1.988099158388302,-2.095762097038789,-0.20275443467808574,0.741797232789703,0.1947509924735376,,,,,,,89.263,
1762802827.717150,68,107;108;200;201,37.051;39.777;28.883;35.978,-0.7275577603546731,-1.9610761602389066,-2.2521510416492254,-0.18691924220062542,0.7220034988667885,0.17491025553451625,,,,,,,85.707,
1762802827.825299,69,107;108;200;201;202,35.933;39.855;27.632;37.835;23.028,-0.5782697482634181,-2.0763750839609134,-2.0367916973613363,-0.21675735304493826,0.6967676019092128,0.23986740154911612,,,,,,,87.228,
1762802827.924579,70,107;108;200;201;202,37.661;38.881;30.836;35.230;22.749,-0.4905137346511576,-2.0162981674840896,-1.9891547465195152,-0.22933473750725103,0.6808690784435412,0.24116097362048297,,,,,,,88.636,
1762802828.025542,71,107;108;200;201;202,37.866;38.433;28.899;36.904;21.871,-0.42771197538369155,-1.972829449607933,-1.9536904121665335,-0.2363262843876676,0.6703047423885913,0.24054682242616113,,,,,,,89.745,
1762802828.119649,72,107;108;200;201;202,37.547;38.885;30.436;37.295;20.427,-0.38242814308200695,-1.9407668001998108,-1.9294138349224548,-0.2394634200095426,0.6635154557441489,0.2385231193944834,,,,,,,89.350,
1762802828.222601,73,107;108;200;201;202,32.732;38.662;30.896;37.285;22.350,-0.34838675377636646,-1.915807232690909,-1.9102012354778726,-0.24125090673792218,0.6580482774271896,0.23640979871795514,,,,,,,88.635,
1762802828.317831,74,107;108;200;201;202,33.929;38.214;30.904;38.379;22.238,-0.39411564616455197,-1.8954354883612412,-1.9913780234697733,-0.26989120522332444,0.6381963754086395,0.23106621098846478,,,,,,,86.555,
1762802828.420709,75,107;108;200;201,35.211;40.159;28.970;38.123,-0.5382591998997154,-1.9057382543870067,-2.179148959586352,-0.23995822323769664,0.6416802244324475,0.19768780762253263,,,,,,,84.022,
1762802828.516500,76,107;108;200;201;202,34.987;39.898;29.228;33.717;21.860,-0.5369528407140972,-1.8769744586853623,-2.187970182609988,-0.27732114391611645,0.6404222190555575,0.20644796744743774,,,,,,,82.925,
1762802828.622458,77,107;108;110;200;201;202,36.811;39.185;19.163;30.255;33.215;22.811,-0.5544782640922739,-1.7987454911107275,-2.1936866047902726,-0.2697152416610197,0.6451701408802987,0.181801032237108,,,,,,,80.490,
1762802828.717688,78,107;108;110;200;201;202,35.880;39.939;21.167;27.779;33.005;21.026,-0.5693934440190394,-1.741712854341414,-2.1948123979357783,-0.2651349952632851,0.6548845477488796,0.16531795599905577,,,,,,,78.767,
1762802828.878068,79,107;108;110;200;201;202,35.880;39.939;21.167;27.779;33.005;21.026,-0.5693934440190394,-1.741712854341414,-2.1948123979357783,-0.2651349952632851,0.6548845477488796,0.16531795599905577,,,,,,,78.767,
1762802828.985805,80,107;108;200;202,31.177;35.113;23.048;16.587,-0.23848721957732721,-1.7117432017356444,-2.0118891885540453,-0.34115462302307437,0.6847091782366225,0.23934296946493516,,,,,,,78.427,
1762802829.077969,81,107;108;200,28.915;37.068;25.755,-0.27294598852266944,-1.8343804964362507,-1.9418216244640523,-0.42896249991183555,0.737789126725173,0.2296750085232827,,,,,,,84.562,
1762802829.169262,82,107;108;200,28.915;37.068;25.755,-0.27294598852266944,-1.8343804964362507,-1.9418216244640523,-0.42896249991183555,0.737789126725173,0.2296750085232827,,,,,,,84.562,
1762802829.267799,83,107;108;200,28.915;37.068;25.755,-0.27294598852266944,-1.8343804964362507,-1.9418216244640523,-0.42896249991183555,0.737789126725173,0.2296750085232827,,,,,,,84.562,
1762802829.368769,84,107;108;200;201,32.742;34.786;25.411;29.398,-0.24257104022790274,-1.9573360558214705,-2.0691362003732894,-0.3534368699395922,0.8262545451193983,0.24317586793883045,,,,,,,86.168,
1762802829.497889,85,107;108;110;200;201;202,33.468;34.572;17.877;29.358;33.202;20.568,-0.27673485405867243,-1.8704041970894285,-2.0354548670082138,-0.29955736544790196,0.7893719664496718,0.21820773635124976,,,,,,,84.038,
1762802829.619878,86,107;108;202,34.682;36.033;13.780,-0.14357874520827674,-1.7871516221591448,-2.025739086207194,-0.4119620159834869,0.7749146793715422,0.1400704894524329,,,,,,,80.639,
1762802829.721151,87,107;108;201,33.205;31.808;28.717,-0.2864470328121323,-2.153980888706717,-2.1733116228929177,-0.20096063625810498,0.8068464987444072,0.10473904142960247,,,,,,,89.923,
1762802829.827502,88,107;108;201,33.205;31.808;28.717,-0.2864470328121323,-2.153980888706717,-2.1733116228929177,-0.20096063625810498,0.8068464987444072,0.10473904142960247,,,,,,,89.923,
1762802829.917530,89,107;108;201,33.205;31.808;28.717,-0.2864470328121323,-2.153980888706717,-2.1733116228929177,-0.20096063625810498,0.8068464987444072,0.10473904142960247,,,,,,,89.923,
1762802830.013580,90,107;108;201,33.205;31.808;28.717,-0.2864470328121323,-2.153980888706717,-2.1733116228929177,-0.20096063625810498,0.8068464987444072,0.10473904142960247,,,,,,,89.923,
1762802830.119233,91,107;108;201,33.205;31.808;28.717,-0.2864470328121323,-2.153980888706717,-2.1733116228929177,-0.20096063625810498,0.8068464987444072,0.10473904142960247,,,,,,,89.923,
1762802830.214200,92,107;108;201,33.205;31.808;28.717,-0.2864470328121323,-2.153980888706717,-2.1733116228929177,-0.20096063625810498,0.8068464987444072,0.10473904142960247,,,,,,,89.923,
1762802830.310149,93,107;108;201,33.205;31.808;28.717,-0.2864470328121323,-2.153980888706717,-2.1733116228929177,-0.20096063625810498,0.8068464987444072,0.10473904142960247,,,,,,,89.923,
1762802830.409590,94,107;108;201,33.205;31.808;28.717,-0.2864470328121323,-2.153980888706717,-2.1733116228929177,-0.20096063625810498,0.8068464987444072,0.10473904142960247,,,,,,,89.923,
1762802830.509366,95,107;108;201,33.205;31.808;28.717,-0.2864470328121323,-2.153980888706717,-2.1733116228929177,-0.20096063625810498,0.8068464987444072,0.10473904142960247,,,,,,,89.923,
1762802830.610069,96,107;108;201,33.205;31.808;28.717,-0.2864470328121323,-2.153980888706717,-2.1733116228929177,-0.20096063625810498,0.8068464987444072,0.10473904142960247,,,,,,,89.923,
1762802830.710998,97,107;108;202,28.697;30.235;23.163,-0.1906316234383515,-1.9993008386299504,-2.1080565566730445,-0.33231253978605474,0.7988126707275246,0.0393243874253147,,,,,,,86.507,
1762802830.818659,98,107;108;200;201;202,28.315;29.271;28.886;38.582;26.761,-0.025274671897145905,-1.9967080002719884,-1.9560125270903284,-0.3247508072313042,0.7887326138908489,0.1464740683413371,,,,,,,89.448,
1762802830.911646,99,107;108;201,31.919;31.387;36.888,-0.18890688044021847,-2.320045899985911,-2.1046733789089407,-0.14550460245836166,0.8176227157384331,0.12820602471416856,,,,,,,84.238,
1762802831.012353,100,107;108;201,31.919;31.387;36.888,-0.18890688044021847,-2.320045899985911,-2.1046733789089407,-0.14550460245836166,0.8176227157384331,0.12820602471416856,,,,,,,84.238,
1762802831.113142,101,107;108;200;201;202,29.497;33.356;31.973;39.089;23.674,-0.04819202269802099,-2.108619400070986,-2.0735249841997105,-0.18555260000143553,0.8059623829651968,0.16946828371741754,,,,,,,89.515,
1762802831.205747,102,107;108;200;201;202,29.497;33.356;31.973;39.089;23.674,-0.04819202269802099,-2.108619400070986,-2.0735249841997105,-0.18555260000143553,0.8059623829651968,0.16946828371741754,,,,,,,89.515,
1762802831.287927,103,107;108;200;201;202,29.497;33.356;31.973;39.089;23.674,-0.04819202269802099,-2.108619400070986,-2.0735249841997105,-0.18555260000143553,0.8059623829651968,0.16946828371741754,,,,,,,89.515,
1762802831.370696,104,107;108;200;201;202,29.497;33.356;31.973;39.089;23.674,-0.04819202269802099,-2.108619400070986,-2.0735249841997105,-0.18555260000143553,0.8059623829651968,0.16946828371741754,,,,,,,89.515,
1762802831.477370,105,107;108;200;201;202,29.497;33.356;31.973;39.089;23.674,-0.04819202269802099,-2.108619400070986,-2.0735249841997105,-0.18555260000143553,0.8059623829651968,0.16946828371741754,,,,,,,89.515,
1762802831.570652,106,107;108;200;201;202,29.497;33.356;31.973;39.089;23.674,-0.04819202269802099,-2.108619400070986,-2.0735249841997105,-0.18555260000143553,0.8059623829651968,0.16946828371741754,,,,,,,89.515,
1762802831.679360,107,107;108;200;201;202,29.497;33.356;31.973;39.089;23.674,-0.04819202269802099,-2.108619400070986,-2.0735249841997105,-0.18555260000143553,0.8059623829651968,0.16946828371741754,,,,,,,89.515,
1762802831.779726,108,107;108;200;201;202,29.497;33.356;31.973;39.089;23.674,-0.04819202269802099,-2.108619400070986,-2.0735249841997105,-0.18555260000143553,0.8059623829651968,0.16946828371741754,,,,,,,89.515,
1762802831.883954,109,107;108;200;201;202,29.497;33.356;31.973;39.089;23.674,-0.04819202269802099,-2.108619400070986,-2.0735249841997105,-0.18555260000143553,0.8059623829651968,0.16946828371741754,,,,,,,89.515,
1762802831.977250,110,107;108;200;201;202,29.497;33.356;31.973;39.089;23.674,-0.04819202269802099,-2.108619400070986,-2.0735249841997105,-0.18555260000143553,0.8059623829651968,0.16946828371741754,,,,,,,89.515,
1762802832.082982,111,107;108;200;201;202,29.497;33.356;31.973;39.089;23.674,-0.04819202269802099,-2.108619400070986,-2.0735249841997105,-0.18555260000143553,0.8059623829651968,0.16946828371741754,,,,,,,89.515,
1762802832.176063,112,107;108;200;201;202,29.497;33.356;31.973;39.089;23.674,-0.04819202269802099,-2.108619400070986,-2.0735249841997105,-0.18555260000143553,0.8059623829651968,0.16946828371741754,,,,,,,89.515,
1762802832.281493,113,107;108;200;201;202,29.497;33.356;31.973;39.089;23.674,-0.04819202269802099,-2.108619400070986,-2.0735249841997105,-0.18555260000143553,0.8059623829651968,0.16946828371741754,,,,,,,89.515,
1762802832.382491,114,107;108;200;201;202,29.497;33.356;31.973;39.089;23.674,-0.04819202269802099,-2.108619400070986,-2.0735249841997105,-0.18555260000143553,0.8059623829651968,0.16946828371741754,,,,,,,89.515,
1762802832.482680,115,107;108;200;201;202,29.497;33.356;31.973;39.089;23.674,-0.04819202269802099,-2.108619400070986,-2.0735249841997105,-0.18555260000143553,0.8059623829651968,0.16946828371741754,,,,,,,89.515,
1762802832.577271,116,107;108;200;201;202,29.497;33.356;31.973;39.089;23.674,-0.04819202269802099,-2.108619400070986,-2.0735249841997105,-0.18555260000143553,0.8059623829651968,0.16946828371741754,,,,,,,89.515,
1762802832.687157,117,200;201;202,49.313;54.204;35.369,-0.0473394087371295,-2.072450674048624,-2.0335665516003614,-0.22302580688422546,0.6981585292311187,0.24333920179181448,,,,,,,89.721,
1762802832.783668,118,200;201;202,49.759;51.505;39.935,-0.042569722867212424,-2.0456039931488044,-2.0090261481434903,-0.24281787744770456,0.610605862275494,0.30352167984400497,,,,,,,89.957,
1762802832.880920,119,200;201;202,49.759;51.505;39.935,-0.042569722867212424,-2.0456039931488044,-2.0090261481434903,-0.24281787744770456,0.610605862275494,0.30352167984400497,,,,,,,89.957,
1762802832.982306,120,200;201;202,49.759;51.505;39.935,-0.042569722867212424,-2.0456039931488044,-2.0090261481434903,-0.24281787744770456,0.610605862275494,0.30352167984400497,,,,,,,89.957,
1762802833.090190,121,110;200;201;202,29.895;49.308;49.487;39.395,-0.09336391762880553,-1.964575207483515,-1.9450021166657632,-0.19282704931887043,0.5609378181598247,0.30318823335792466,,,,,,,88.620,
1762802833.180821,122,110;200;201;202,29.895;49.308;49.487;39.395,-0.09336391762880553,-1.964575207483515,-1.9450021166657632,-0.19282704931887043,0.5609378181598247,0.30318823335792466,,,,,,,88.620,
1762802833.289745,123,110;200;201;202,34.836;49.266;51.802;39.318,-0.15258600668579084,-1.9138040722499148,-1.8981786529410167,-0.14593878747863662,0.5258250199517976,0.2941983116744493,,,,,,,87.869,
1762802833.381581,124,110;200;201;202,34.836;49.266;51.802;39.318,-0.15258600668579084,-1.9138040722499148,-1.8981786529410167,-0.14593878747863662,0.5258250199517976,0.2941983116744493,,,,,,,87.869,
1762802833.490853,125,110;200;201;202,34.836;49.266;51.802;39.318,-0.15258600668579084,-1.9138040722499148,-1.8981786529410167,-0.14593878747863662,0.5258250199517976,0.2941983116744493,,,,,,,87.869,
1762802833.580065,126,110;200;201;202,34.836;49.266;51.802;39.318,-0.15258600668579084,-1.9138040722499148,-1.8981786529410167,-0.14593878747863662,0.5258250199517976,0.2941983116744493,,,,,,,87.869,
1762802833.688991,127,110;200;201;202,34.836;49.266;51.802;39.318,-0.15258600668579084,-1.9138040722499148,-1.8981786529410167,-0.14593878747863662,0.5258250199517976,0.2941983116744493,,,,,,,87.869,
1762802833.786238,128,110;200;201;202,34.836;49.266;51.802;39.318,-0.15258600668579084,-1.9138040722499148,-1.8981786529410167,-0.14593878747863662,0.5258250199517976,0.2941983116744493,,,,,,,87.869,
1762802833.889198,129,110;200;201;202,34.836;49.266;51.802;39.318,-0.15258600668579084,-1.9138040722499148,-1.8981786529410167,-0.14593878747863662,0.5258250199517976,0.2941983116744493,,,,,,,87.869,
1762802833.982993,130,108;110;200;201;202,38.459;38.049;48.592;50.313;37.662,-0.11632909242926202,-1.8895277568069329,-1.9574463235164643,-0.1617427890791703,0.5033200945916242,0.25262837241750263,,,,,,,85.692,
1762802834.091988,131,108;110;200;201;202,34.522;41.362;50.353;51.111;39.037,-0.08717807492130011,-1.8705113393177462,-2.001665549954491,-0.17116610282128747,0.49079888423238777,0.22229145960014624,,,,,,,84.057,
1762802834.182763,132,108;110;200;201;202,35.787;42.126;50.563;51.892;41.153,-0.06443378815735504,-1.8537078434709098,-2.0367241702604675,-0.176340609141143,0.4834589128053349,0.2010146943997157,,,,,,,82.716,
1762802834.289535,133,108;110;200;201;202,34.946;40.794;52.908;53.932;38.664,-0.04605065347008529,-1.840288700595926,-2.063274089365899,-0.1791465717635579,0.47938009873885856,0.18527384610153416,,,,,,,81.686,
1762802834.384046,134,104;108;110;200;201;202,15.347;37.596;40.919;52.761;48.153;34.128,-0.13531476762863984,-1.774220025606872,-2.0805338767209856,-0.19428975468192503,0.5160062044139709,0.1809828160502698,,,,,,,79.100,
1762802834.490636,135,104;108;110;200;201;202,15.347;37.596;40.919;52.761;48.153;34.128,-0.13531476762863984,-1.774220025606872,-2.0805338767209856,-0.19428975468192503,0.5160062044139709,0.1809828160502698,,,,,,,79.100,
1762802834.580354,136,104;108;110;200;201;202,15.347;37.596;40.919;52.761;48.153;34.128,-0.13531476762863984,-1.774220025606872,-2.0805338767209856,-0.19428975468192503,0.5160062044139709,0.1809828160502698,,,,,,,79.100,
1762802834.684711,137,104;108;110;200;201;202,15.347;37.596;40.919;52.761;48.153;34.128,-0.13531476762863984,-1.774220025606872,-2.0805338767209856,-0.19428975468192503,0.5160062044139709,0.1809828160502698,,,,,,,79.100,
1762802834.780880,138,108;110;200,36.767;41.638;49.584,-0.053262974858937766,-1.7759686530788952,-1.921619893814816,-0.16831160517681737,0.5855506370835053,0.14996048861243044,,,,,,,81.943,
1762802834.887033,139,108;110;200,36.767;41.638;49.584,-0.053262974858937766,-1.7759686530788952,-1.921619893814816,-0.16831160517681737,0.5855506370835053,0.14996048861243044,,,,,,,81.943,
1762802834.984677,140,108;110;200,36.767;41.638;49.584,-0.053262974858937766,-1.7759686530788952,-1.921619893814816,-0.16831160517681737,0.5855506370835053,0.14996048861243044,,,,,,,81.943,
1762802835.077265,141,108;110;200,36.767;41.638;49.584,-0.053262974858937766,-1.7759686530788952,-1.921619893814816,-0.16831160517681737,0.5855506370835053,0.14996048861243044,,,,,,,81.943,
1762802835.172190,142,108;110;200,36.767;41.638;49.584,-0.053262974858937766,-1.7759686530788952,-1.921619893814816,-0.16831160517681737,0.5855506370835053,0.14996048861243044,,,,,,,81.943,
1762802835.282321,143,108;110;200,36.767;41.638;49.584,-0.053262974858937766,-1.7759686530788952,-1.921619893814816,-0.16831160517681737,0.5855506370835053,0.14996048861243044,,,,,,,81.943,
1762802835.383024,144,110;200;201;202,33.074;46.133;43.104;33.441,-0.11634603847341866,-1.770757269215188,-1.86709147071168,-0.11835380342754308,0.5491811492663601,0.18049371046271054,,,,,,,82.835,
1762802835.491603,145,110;200;201;202,33.074;46.133;43.104;33.441,-0.11634603847341866,-1.770757269215188,-1.86709147071168,-0.11835380342754308,0.5491811492663601,0.18049371046271054,,,,,,,82.835,
1762802835.586071,146,108;110;200;201;202,32.746;34.457;46.069;46.011;37.303,-0.10089047133188245,-1.7805286148702122,-1.9338340940823318,-0.12552050196623385,0.5269859487256497,0.1635124725669823,,,,,,,81.980,
1762802835.690719,147,108;110;200;201;202,32.746;34.457;46.069;46.011;37.303,-0.10089047133188245,-1.7805286148702122,-1.9338340940823318,-0.12552050196623385,0.5269859487256497,0.1635124725669823,,,,,,,81.980,
1762802835.786247,148,110;200;201;202,30.709;47.012;39.881;26.683,-0.15871662685600882,-1.7674390831270341,-1.875725209599856,-0.0834001368246742,0.5053651653695195,0.19315658093072957,,,,,,,82.681,
1762802835.889967,149,110;200;201;202,30.709;47.012;39.881;26.683,-0.15871662685600882,-1.7674390831270341,-1.875725209599856,-0.0834001368246742,0.5053651653695195,0.19315658093072957,,,,,,,82.681,
1762802835.985077,150,110;200;201;202,30.709;47.012;39.881;26.683,-0.15871662685600882,-1.7674390831270341,-1.875725209599856,-0.0834001368246742,0.5053651653695195,0.19315658093072957,,,,,,,82.681,
1762802836.082342,151,110;200;201;202,30.709;47.012;39.881;26.683,-0.15871662685600882,-1.7674390831270341,-1.875725209599856,-0.0834001368246742,0.5053651653695195,0.19315658093072957,,,,,,,82.681,
1762802836.184916,152,110;200;201;202,30.709;47.012;39.881;26.683,-0.15871662685600882,-1.7674390831270341,-1.875725209599856,-0.0834001368246742,0.5053651653695195,0.19315658093072957,,,,,,,82.681,
1762802836.288230,153,110;200;201,31.355;41.776;41.832,-0.39441169986200236,-1.8751993594159448,-1.9354845873752542,0.0512832299115601,0.5002326325765838,0.14092116587163592,,,,,,,86.984,
1762802836.385158,154,110;200;201,31.355;41.776;41.832,-0.39441169986200236,-1.8751993594159448,-1.9354845873752542,0.0512832299115601,0.5002326325765838,0.14092116587163592,,,,,,,86.984,
1762802836.489533,155,110;200;201,31.355;41.776;41.832,-0.39441169986200236,-1.8751993594159448,-1.9354845873752542,0.0512832299115601,0.5002326325765838,0.14092116587163592,,,,,,,86.984,
1762802836.584382,156,110;200;201,37.278;42.782;43.894,-0.5818722733919214,-1.9398563540783589,-1.966234834188217,0.14246813757460502,0.47278910056610474,0.10253328340682205,,,,,,,89.793,
1762802836.689724,157,110;200;201,37.278;42.782;43.894,-0.5818722733919214,-1.9398563540783589,-1.966234834188217,0.14246813757460502,0.47278910056610474,0.10253328340682205,,,,,,,89.793,
1762802836.789582,158,110;200;201,36.345;45.280;45.168,-0.7295481724184352,-1.9784261823202942,-1.9785838443646409,0.20493295485542612,0.44203888111366946,0.07326529448824934,,,,,,,87.303,
1762802836.892417,159,110;200;201;202,40.512;48.810;42.842;32.407,-0.6107789550640687,-1.9066201174709456,-1.89981685558999,0.15937309302704006,0.4528386558187481,0.12470462753479783,,,,,,,89.168,
1762802836.981172,160,110;200;201;202,40.512;48.810;42.842;32.407,-0.6107789550640687,-1.9066201174709456,-1.89981685558999,0.15937309302704006,0.4528386558187481,0.12470462753479783,,,,,,,89.168,
1762802837.089029,161,110;200;201;202,40.512;48.810;42.842;32.407,-0.6107789550640687,-1.9066201174709456,-1.89981685558999,0.15937309302704006,0.4528386558187481,0.12470462753479783,,,,,,,89.168,
1762802837.182013,162,110;200;201;202,40.512;48.810;42.842;32.407,-0.6107789550640687,-1.9066201174709456,-1.89981685558999,0.15937309302704006,0.4528386558187481,0.12470462753479783,,,,,,,89.168,
1762802837.281557,163,110;200;201;202,40.512;48.810;42.842;32.407,-0.6107789550640687,-1.9066201174709456,-1.89981685558999,0.15937309302704006,0.4528386558187481,0.12470462753479783,,,,,,,89.168,
1762802837.382426,164,108;110;200;201;202,30.235;41.072;46.602;43.511;32.111,-0.4747735577636966,-1.878218070288393,-1.9573693232654759,0.08565508619901004,0.4703330372908238,0.13782753721491967,,,,,,,87.305,
1762802837.520299,165,108;110;200;201;202,30.235;41.072;46.602;43.511;32.111,-0.4747735577636966,-1.878218070288393,-1.9573693232654759,0.08565508619901004,0.4703330372908238,0.13782753721491967,,,,,,,87.305,
1762802837.618848,166,108;110;200;201;202,30.235;41.072;46.602;43.511;32.111,-0.4747735577636966,-1.878218070288393,-1.9573693232654759,0.08565508619901004,0.4703330372908238,0.13782753721491967,,,,,,,87.305,
1762802837.720102,167,108;110;200;201;202,34.913;42.078;48.071;46.193;33.745,-0.37206593150407685,-1.8527808931563203,-2.000044727719155,0.031111846444864442,0.479400490791334,0.14479440812852534,,,,,,,84.717,
1762802837.824006,168,108;110;200;201;202,35.235;40.420;48.688;44.453;32.050,-0.291782683450541,-1.833247407818754,-2.030390581907842,-0.009996892637607445,0.48441542685275857,0.14940573538588464,,,,,,,82.896,
1762802837.919009,169,108;110;200;201;202,34.708;39.088;47.029;46.002;28.409,-0.23066262901816098,-1.8158907518325147,-2.0525173384151056,-0.04035654704049508,0.487112494384704,0.1528848862792307,,,,,,,81.518,
1762802838.014981,170,108;110;200;201;202,34.708;39.088;47.029;46.002;28.409,-0.23066262901816098,-1.8158907518325147,-2.0525173384151056,-0.04035654704049508,0.487112494384704,0.1528848862792307,,,,,,,81.518,
1762802838.116601,171,108;110;200;201;202,34.708;39.088;47.029;46.002;28.409,-0.23066262901816098,-1.8158907518325147,-2.0525173384151056,-0.04035654704049508,0.487112494384704,0.1528848862792307,,,,,,,81.518,
1762802838.218923,172,108;110;200;201;202,34.708;39.088;47.029;46.002;28.409,-0.23066262901816098,-1.8158907518325147,-2.0525173384151056,-0.04035654704049508,0.487112494384704,0.1528848862792307,,,,,,,81.518,
1762802838.316375,173,108;110;200;201;202,34.708;39.088;47.029;46.002;28.409,-0.23066262901816098,-1.8158907518325147,-2.0525173384151056,-0.04035654704049508,0.487112494384704,0.1528848862792307,,,,,,,81.518,
1762802838.417619,174,108;110;200;201;202,34.708;39.088;47.029;46.002;28.409,-0.23066262901816098,-1.8158907518325147,-2.0525173384151056,-0.04035654704049508,0.487112494384704,0.1528848862792307,,,,,,,81.518,
1762802838.515334,175,108;110;200;201,27.155;36.707;52.120;46.129,-0.2586919672117218,-1.6664364687601134,-1.9188715433789394,-0.1433805525761872,0.4770987883431038,0.10302838151156529,,,,,,,78.383,
1762802838.617133,176,108;110;200;201,27.155;36.707;52.120;46.129,-0.2586919672117218,-1.6664364687601134,-1.9188715433789394,-0.1433805525761872,0.4770987883431038,0.10302838151156529,,,,,,,78.383,
1762802838.716768,177,110;200;201;202,42.631;50.493;47.256;35.175,-0.2861232209572014,-1.6673969233283783,-1.8570996716667936,-0.08310022954323827,0.46431476719005865,0.1642779766657347,,,,,,,79.637,
1762802838.817084,178,108;110;200;201;202,35.021;37.426;45.362;41.208;30.279,-0.24431509535426774,-1.6957410888170348,-1.923120983394616,-0.09114364071193012,0.4715658073653784,0.16009205957459222,,,,,,,79.394,
1762802838.915000,179,108;110;200;201,32.025;36.202;49.293;43.832,-0.2640970916281002,-1.5798954962057719,-1.831233577281236,-0.1827820534176988,0.45816675131151885,0.11585442765088849,,,,,,,76.266,
1762802839.016252,180,108;110;200;201,32.025;36.202;49.293;43.832,-0.2640970916281002,-1.5798954962057719,-1.831233577281236,-0.1827820534176988,0.45816675131151885,0.11585442765088849,,,,,,,76.266,
1762802839.116375,181,108;110;200;201;202,39.494;39.887;46.357;44.339;34.554,-0.17282447289010963,-1.4648788818304677,-1.702524370327134,-0.26806976058647086,0.43146383403153304,0.15411601664092234,,,,,,,72.482,
1762802839.212287,182,108;110;200;201,35.939;44.830;47.812;45.157,-0.20328235428085517,-1.4105118148302562,-1.6782392570583398,-0.3226412704272366,0.4149553602674616,0.12338079007951312,,,,,,,70.494,
1762802839.318887,183,108;110;200;201,35.939;44.830;47.812;45.157,-0.20328235428085517,-1.4105118148302562,-1.6782392570583398,-0.3226412704272366,0.4149553602674616,0.12338079007951312,,,,,,,70.494,
1762802839.421861,184,108;110;200;201,35.939;44.830;47.812;45.157,-0.20328235428085517,-1.4105118148302562,-1.6782392570583398,-0.3226412704272366,0.4149553602674616,0.12338079007951312,,,,,,,70.494,
1762802839.519314,185,108;110;200;201,35.939;44.830;47.812;45.157,-0.20328235428085517,-1.4105118148302562,-1.6782392570583398,-0.3226412704272366,0.4149553602674616,0.12338079007951312,,,,,,,70.494,
1762802839.626686,186,108;110;200;201;202,33.762;42.271;50.041;45.896;31.884,-0.13004485118379452,-1.3402723774656453,-1.5952272284554194,-0.3675268548683411,0.38513292734189014,0.16308196077549705,,,,,,,67.768,
1762802839.722216,187,108;110;200;201;202,33.762;42.271;50.041;45.896;31.884,-0.13004485118379452,-1.3402723774656453,-1.5952272284554194,-0.3675268548683411,0.38513292734189014,0.16308196077549705,,,,,,,67.768,
1762802839.826470,188,108;110;200;201;202,33.762;42.271;50.041;45.896;31.884,-0.13004485118379452,-1.3402723774656453,-1.5952272284554194,-0.3675268548683411,0.38513292734189014,0.16308196077549705,,,,,,,67.768,
1762802839.922920,189,108;110;200;201;202,33.762;42.271;50.041;45.896;31.884,-0.13004485118379452,-1.3402723774656453,-1.5952272284554194,-0.3675268548683411,0.38513292734189014,0.16308196077549705,,,,,,,67.768,
1762802840.015294,190,108;110;200;201,35.241;39.665;47.486;44.301,-0.16761655936589892,-1.3187506616009914,-1.6025555265344573,-0.40019767863508193,0.37691408607869853,0.13366173837249695,,,,,,,66.865,
1762802840.120148,191,108;110;200;201,36.889;41.524;49.150;45.089,-0.19705331585270477,-1.301245499110591,-1.608625134868475,-0.4251580655901147,0.3720525088263653,0.11303754999449016,,,,,,,66.163,
1762802840.221138,192,108;110;200;201,36.889;41.524;49.150;45.089,-0.19705331585270477,-1.301245499110591,-1.608625134868475,-0.4251580655901147,0.3720525088263653,0.11303754999449016,,,,,,,66.163,
1762802840.318876,193,108;110;200;201,36.889;41.524;49.150;45.089,-0.19705331585270477,-1.301245499110591,-1.608625134868475,-0.4251580655901147,0.3720525088263653,0.11303754999449016,,,,,,,66.163,
1762802840.420845,194,108;110;200;201,36.889;41.524;49.150;45.089,-0.19705331585270477,-1.301245499110591,-1.608625134868475,-0.4251580655901147,0.3720525088263653,0.11303754999449016,,,,,,,66.163,
1762802840.517030,195,108;110;200;201,36.889;41.524;49.150;45.089,-0.19705331585270477,-1.301245499110591,-1.608625134868475,-0.4251580655901147,0.3720525088263653,0.11303754999449016,,,,,,,66.163,
1762802840.620651,196,108;110;200;201;202,39.130;43.013;56.751;51.702;40.936,-0.1250829477432114,-1.2570605288015169,-1.5489001071223543,-0.4404681970720259,0.3466299393666691,0.1571155939236114,,,,,,,64.230,
1762802840.718781,197,108;110;200;201;202,39.130;43.013;56.751;51.702;40.936,-0.1250829477432114,-1.2570605288015169,-1.5489001071223543,-0.4404681970720259,0.3466299393666691,0.1571155939236114,,,,,,,64.230,
1762802840.822235,198,108;110;200;201;202,39.130;43.013;56.751;51.702;40.936,-0.1250829477432114,-1.2570605288015169,-1.5489001071223543,-0.4404681970720259,0.3466299393666691,0.1571155939236114,,,,,,,64.230,
1762802840.915835,199,108;110;200;201;202,39.130;43.013;56.751;51.702;40.936,-0.1250829477432114,-1.2570605288015169,-1.5489001071223543,-0.4404681970720259,0.3466299393666691,0.1571155939236114,,,,,,,64.230,
1762802841.015823,200,108;110;200;201;202,40.692;45.888;55.557;52.748;40.777,-0.0720776751580658,-1.22352204601941,-1.5060077997904409,-0.45129106460290175,0.32463377851387726,0.18829207497987255,,,,,,,62.797,
1762802841.116639,201,108;110;200;201;202,40.692;45.888;55.557;52.748;40.777,-0.0720776751580658,-1.22352204601941,-1.5060077997904409,-0.45129106460290175,0.32463377851387726,0.18829207497987255,,,,,,,62.797,
1762802841.216007,202,108;110;200;201;202,40.692;45.888;55.557;52.748;40.777,-0.0720776751580658,-1.22352204601941,-1.5060077997904409,-0.45129106460290175,0.32463377851387726,0.18829207497987255,,,,,,,62.797,
1762802841.321111,203,108;110;200;201;202,40.692;45.888;55.557;52.748;40.777,-0.0720776751580658,-1.22352204601941,-1.5060077997904409,-0.45129106460290175,0.32463377851387726,0.18829207497987255,,,,,,,62.797,
1762802841.417484,204,108;110;200;201;202,40.692;45.888;55.557;52.748;40.777,-0.0720776751580658,-1.22352204601941,-1.5060077997904409,-0.45129106460290175,0.32463377851387726,0.18829207497987255,,,,,,,62.797,
1762802841.519696,205,104;110;200;201;202,18.423;42.976;56.720;53.146;40.509,0.04433753260650657,-1.1500188044006934,-1.39560140311353,-0.39163159033749895,0.3698628937503249,0.2840032875202578,,,,,,,60.017,
1762802841.617985,206,104;108;110;200;201;202,18.427;39.691;45.835;57.442;51.910;39.965,0.15661916463767417,-1.1444911432512304,-1.4267347636457106,-0.4177392388329215,0.41278242535212,0.29181360726026,,,,,,,59.977,
1762802841.720391,207,104;108;110;200;201;202,18.427;39.691;45.835;57.442;51.910;39.965,0.15661916463767417,-1.1444911432512304,-1.4267347636457106,-0.4177392388329215,0.41278242535212,0.29181360726026,,,,,,,59.977,
1762802841.879895,208,104;108;110;200;201;202,18.427;39.691;45.835;57.442;51.910;39.965,0.15661916463767417,-1.1444911432512304,-1.4267347636457106,-0.4177392388329215,0.41278242535212,0.29181360726026,,,,,,,59.977,
1762802841.985232,209,104;108;110;200;201;202,18.427;39.691;45.835;57.442;51.910;39.965,0.15661916463767417,-1.1444911432512304,-1.4267347636457106,-0.4177392388329215,0.41278242535212,0.29181360726026,,,,,,,59.977,
1762802842.096065,210,104;108;110;200;201;202,18.427;39.691;45.835;57.442;51.910;39.965,0.15661916463767417,-1.1444911432512304,-1.4267347636457106,-0.4177392388329215,0.41278242535212,0.29181360726026,,,,,,,59.977,
1762802842.186296,211,104;108;110;200;201;202,18.184;41.055;49.930;58.206;53.066;38.827,0.24168634083868992,-1.1378207746616322,-1.4495747815427977,-0.43846858850350756,0.4431511744622086,0.3006358774050042,,,,,,,60.190,
1762802842.292776,212,104;108;110;200;201;202,19.367;42.397;47.156;57.839;55.214;40.393,0.3068406315718724,-1.1323186350499415,-1.4646948825549284,-0.45428829245762115,0.46363808341130863,0.30833191436809826,,,,,,,60.559,
1762802842.383757,213,104;108;110;200;201;202,19.367;42.397;47.156;57.839;55.214;40.393,0.3068406315718724,-1.1323186350499415,-1.4646948825549284,-0.45428829245762115,0.46363808341130863,0.30833191436809826,,,,,,,60.559,
1762802842.489690,214,104;108;110;200;201;202,19.367;42.397;47.156;57.839;55.214;40.393,0.3068406315718724,-1.1323186350499415,-1.4646948825549284,-0.45428829245762115,0.46363808341130863,0.30833191436809826,,,,,,,60.559,
1762802842.585460,215,104;108;110;200;201,20.239;42.733;46.833;58.153;55.023,0.32261404540593913,-1.1520320454389468,-1.5384423890318641,-0.4705951227199107,0.5144388795916106,0.27846162023403015,,,,,,,61.049,
1762802842.688575,216,104;110;200;201,20.839;47.642;59.995;56.629,0.27989355456983733,-1.1172912126903582,-1.464783302308655,-0.4358722360497176,0.5585319468808442,0.33278375830391893,,,,,,,59.489,
1762802842.780436,217,104;110;200;201,20.839;47.642;59.995;56.629,0.27989355456983733,-1.1172912126903582,-1.464783302308655,-0.4358722360497176,0.5585319468808442,0.33278375830391893,,,,,,,59.489,
1762802842.891614,218,108;110;200;201;202,38.504;47.999;57.959;54.476;42.103,0.31375824933059226,-1.0127020484197486,-1.4655535853922625,-0.4615717347721108,0.5022869034962129,0.33987930192681914,,,,,,,54.868,
1762802842.984597,219,104;108;110;200;201;202,19.127;37.383;48.117;58.361;53.513;42.891,0.36154961271084035,-1.0369682630381596,-1.4787232745930654,-0.46941207314382305,0.5066324793445797,0.3383745503665267,,,,,,,56.680,
1762802843.086783,220,108;110;200;201;202,37.954;47.448;58.548;52.708;43.729,0.3741930204801591,-0.9526094319393508,-1.4768143681892787,-0.48279664981162856,0.46374234176145,0.34227633578031236,,,,,,,52.926,
1762802843.186938,221,104;108;110;200;201;202,19.346;38.391;46.571;58.904;53.099;41.439,0.4085553587351291,-0.991604077668156,-1.4883925310236175,-0.48465789994135944,0.47780720726890624,0.33966831872621683,,,,,,,55.309,
1762802843.291889,222,104;108;110;200;201;202,19.346;38.391;46.571;58.904;53.099;41.439,0.4085553587351291,-0.991604077668156,-1.4883925310236175,-0.48465789994135944,0.47780720726890624,0.33966831872621683,,,,,,,55.309,
1762802843.386781,223,108;110;200;201;202,41.095;49.044;57.631;52.533;39.357,0.4095354295077704,-0.9185712510204405,-1.4844151811227992,-0.4917881680464356,0.4428526215198672,0.342605786715431,,,,,,,51.973,
1762802843.487235,224,108;110;200;201,23.211;37.458;59.574;60.922,0.3599839794245104,-0.8638752444042922,-1.5631344774997025,-0.5027728747814013,0.4563151872829804,0.2979156996780209,,,,,,,47.889,
1762802843.580508,225,108;110;200;201;202,40.494;46.710;63.322;38.991;42.195,0.3721219541659051,-0.8212667777503957,-1.5420535195986342,-0.5047646078186488,0.4312901385396629,0.3132137311779916,,,,,,,46.311,
1762802843.683563,226,108;110;201,40.304;47.676;21.579,0.4114171676818098,-0.7605571450254975,-1.6216767330087687,-0.5532102313861751,0.490490216356829,0.23223271676657678,,,,,,,43.928,
1762802843.779833,227,108;110;201,40.304;47.676;21.579,0.4114171676818098,-0.7605571450254975,-1.6216767330087687,-0.5532102313861751,0.490490216356829,0.23223271676657678,,,,,,,43.928,
1762802843.892509,228,108;110;201,40.304;47.676;21.579,0.4114171676818098,-0.7605571450254975,-1.6216767330087687,-0.5532102313861751,0.490490216356829,0.23223271676657678,,,,,,,43.928,
1762802843.981522,229,108;110;201,40.304;47.676;21.579,0.4114171676818098,-0.7605571450254975,-1.6216767330087687,-0.5532102313861751,0.490490216356829,0.23223271676657678,,,,,,,43.928,
1762802844.086516,230,108;110;200;201;202,21.186;25.468;48.686;45.759;37.538,0.4107694949410519,-0.7422437057949417,-1.5862404527516512,-0.5397638152329493,0.4556376314970039,0.26568853658573194,,,,,,,43.338,
1762802844.188630,231,108;110;200;201;202,21.186;25.468;48.686;45.759;37.538,0.4107694949410519,-0.7422437057949417,-1.5862404527516512,-0.5397638152329493,0.4556376314970039,0.26568853658573194,,,,,,,43.338,
1762802844.290183,232,108;110;200;201;202,21.186;25.468;48.686;45.759;37.538,0.4107694949410519,-0.7422437057949417,-1.5862404527516512,-0.5397638152329493,0.4556376314970039,0.26568853658573194,,,,,,,43.338,
1762802844.386373,233,108;110;200;201;202,21.186;25.468;48.686;45.759;37.538,0.4107694949410519,-0.7422437057949417,-1.5862404527516512,-0.5397638152329493,0.4556376314970039,0.26568853658573194,,,,,,,43.338,
1762802844.495477,234,108;110;200;201;202,21.186;25.468;48.686;45.759;37.538,0.4107694949410519,-0.7422437057949417,-1.5862404527516512,-0.5397638152329493,0.4556376314970039,0.26568853658573194,,,,,,,43.338,
1762802844.582889,235,108;110;200;201;202,21.186;25.468;48.686;45.759;37.538,0.4107694949410519,-0.7422437057949417,-1.5862404527516512,-0.5397638152329493,0.4556376314970039,0.26568853658573194,,,,,,,43.338,
1762802844.692240,236,108;110;200;201;202,36.968;46.206;55.645;52.938;41.356,0.3249264829406562,-0.8397183955607778,-1.540950727333454,-0.5061604679284156,0.39520554800494795,0.23606106389444098,,,,,,,46.255,
1762802844.784758,237,108;110;200;201;202,37.535;48.407;57.977;51.803;39.680,0.3454311437941008,-0.8046026737324808,-1.5257082686773142,-0.5072559799748668,0.388199056913503,0.2682774022427888,,,,,,,45.102,
1762802844.889864,238,108;110;200;201,40.377;47.440;56.107;52.875,0.3078273902483424,-0.7750833559893827,-1.5946056021536197,-0.5221401657079119,0.4246299912839325,0.2491138011981141,,,,,,,42.564,
1762802844.983654,239,108;110;200;201,42.548;47.761;57.443;53.316,0.27832033864413125,-0.7490976569210187,-1.647219474343466,-0.5320176693431974,0.4565375716343986,0.23748884306541607,,,,,,,40.492,
1762802845.096536,240,108;110;200;201,42.548;47.761;57.443;53.316,0.27832033864413125,-0.7490976569210187,-1.647219474343466,-0.5320176693431974,0.4565375716343986,0.23748884306541607,,,,,,,40.492,
1762802845.191622,241,108;110;200;201,42.548;47.761;57.443;53.316,0.27832033864413125,-0.7490976569210187,-1.647219474343466,-0.5320176693431974,0.4565375716343986,0.23748884306541607,,,,,,,40.492,
1762802845.293509,242,108;110;200;201,42.548;47.761;57.443;53.316,0.27832033864413125,-0.7490976569210187,-1.647219474343466,-0.5320176693431974,0.4565375716343986,0.23748884306541607,,,,,,,40.492,
1762802845.387538,243,108;110;200;201,42.548;47.761;57.443;53.316,0.27832033864413125,-0.7490976569210187,-1.647219474343466,-0.5320176693431974,0.4565375716343986,0.23748884306541607,,,,,,,40.492,
1762802845.492371,244,108;110;200;201,42.548;47.761;57.443;53.316,0.27832033864413125,-0.7490976569210187,-1.647219474343466,-0.5320176693431974,0.4565375716343986,0.23748884306541607,,,,,,,40.492,
1762802845.586200,245,108;110;200;201,42.548;47.761;57.443;53.316,0.27832033864413125,-0.7490976569210187,-1.647219474343466,-0.5320176693431974,0.4565375716343986,0.23748884306541607,,,,,,,40.492,
1762802845.692125,246,108;110;200;201,42.548;47.761;57.443;53.316,0.27832033864413125,-0.7490976569210187,-1.647219474343466,-0.5320176693431974,0.4565375716343986,0.23748884306541607,,,,,,,40.492,
1762802845.788312,247,108;110;200;201,42.548;47.761;57.443;53.316,0.27832033864413125,-0.7490976569210187,-1.647219474343466,-0.5320176693431974,0.4565375716343986,0.23748884306541607,,,,,,,40.492,
1762802845.892600,248,104;110;200;201;202,21.304;45.812;58.766;52.990;43.262,0.30077443555363165,-0.8077715896680483,-1.5087001406449714,-0.46141721503455796,0.43896948413746173,0.32450668274420286,,,,,,,44.515,
1762802845.983102,249,104;110;200;201;202,20.955;47.396;57.348;53.416;41.914,0.3155833686986407,-0.8500965036758857,-1.4038963699494442,-0.4179997289694071,0.4462080346453001,0.3875075254870307,,,,,,,47.461,
1762802846.089780,250,108;110;200;201;202,38.241;47.885;58.007;53.346;41.286,0.3379944263747382,-0.8151066486212694,-1.424495914245177,-0.4421640927892668,0.4215632953401663,0.3766856981619031,,,,,,,46.079,
1762802846.188494,251,104;108;110;200;201;202,20.557;36.532;46.617;58.061;55.296;43.408,0.38057108055185895,-0.8899161511615153,-1.4527410274336354,-0.45335006020382373,0.4475652604474441,0.36605566620367225,,,,,,,50.275,
1762802846.294545,252,108;110;200;201;202,35.265;45.037;57.722;54.606;42.318,0.3037174881130953,-0.9491724912773946,-1.441100470764022,-0.43936238487081447,0.39751490748038415,0.3168345878423325,,,,,,,51.819,
1762802846.384147,253,108;110;200;201;202,35.265;45.037;57.722;54.606;42.318,0.3037174881130953,-0.9491724912773946,-1.441100470764022,-0.43936238487081447,0.39751490748038415,0.3168345878423325,,,,,,,51.819,
1762802846.493461,254,108;110;200;201;202,35.265;45.037;57.722;54.606;42.318,0.3037174881130953,-0.9491724912773946,-1.441100470764022,-0.43936238487081447,0.39751490748038415,0.3168345878423325,,,,,,,51.819,
1762802846.586081,255,104;110;200;201;202,21.151;46.447;57.577;53.566;41.020,0.3163886990123563,-0.9525007613052852,-1.3512135478685368,-0.4055491659157355,0.42329624408078187,0.3842179217052043,,,,,,,52.803,
1762802846.694163,256,104;108;110;200;201;202,20.440;40.376;45.117;58.006;54.329;41.262,0.3627443114406994,-0.9948502127942617,-1.394752672012853,-0.4306185024763018,0.4457034469067591,0.370942689375048,,,,,,,55.337,
1762802846.788299,257,104;108;110;200;201;202,21.145;18.290;22.227;59.623;54.556;41.415,0.3999909067884506,-1.0242473767489406,-1.4252097165426318,-0.4471077671648816,0.4611157184545681,0.3596664695486566,,,,,,,57.176,
1762802846.892160,258,108;110;200;201;202,19.975;18.178;59.122;53.475;42.873,0.40490761550459264,-0.9453952063378078,-1.4383367798162425,-0.46406399514392227,0.42702775034141877,0.3551079275461196,,,,,,,53.463,
1762802846.983787,259,108;110;200;201;202,20.473;18.064;58.940;55.227;40.615,0.40696945115813293,-0.8853266611110148,-1.448751404174705,-0.47482286535228907,0.40340487074834497,0.3526898452754732,,,,,,,50.634,
1762802847.094101,260,108;110;200;201;202,23.087;16.549;58.035;53.176;41.961,0.40820873183392853,-0.8397376934593298,-1.457225288385162,-0.4824395985445428,0.3866733073672786,0.35131560610495777,,,,,,,48.501,
1762802847.184421,261,108;110;200;201,21.239;14.036;55.779;52.818,0.3596756509193734,-0.8053442465270721,-1.5442577572691594,-0.49899757567520703,0.4117192191965055,0.305065121942303,,,,,,,45.306,
1762802847.292020,262,108;110;200;201;202,22.786;15.848;54.988;53.786;40.169,0.37151897788890886,-0.7781421606722874,-1.5286639732874778,-0.4995633401748571,0.39775433435941654,0.31830540636540133,,,,,,,44.407,
1762802847.384329,263,108;110;200;201;202,24.060;19.311;54.425;49.622;40.382,0.38003233657527397,-0.7578607388957459,-1.5171721871909432,-0.49931997301547565,0.3871769746237768,0.3276508070570597,,,,,,,43.744,
1762802847.488376,264,110;200;201;202,19.358;54.175;48.609;40.287,0.3310180179186149,-0.6779710292077334,-1.3593288825112166,-0.4377704552777868,0.34640870137403856,0.42304558619306865,,,,,,,39.799,
1762802847.583230,265,110;200;201;202,17.029;56.120;45.591;39.926,0.29304655624581166,-0.6214231668457765,-1.245334921771026,-0.38529686768025523,0.33625560967664914,0.4815183523035994,,,,,,,36.757,
1762803086.809651,0,101;102;103;200;201;202,30.061;24.923;14.265;29.147;29.905;28.972,-1.7832511959921746,0.7102932352670848,0.7554031860941641,0.03638353583863739,0.3682047637677827,0.2611368979917005,,,,,,,74.042,
1762803086.960922,1,101;102;103;200;201;202,36.753;31.945;16.754;34.778;35.885;33.665,-1.5837438540232798,0.8125808241439614,0.9537223886524401,0.036923832759043075,0.3664761540506928,0.24319618475870794,,,,,,,83.457,
1762803087.223788,2,101;102;103;200;201;202,42.650;35.694;19.805;41.060;41.631;38.700,-1.4298045677061118,0.8816358116822522,1.0866523856641501,0.032458524901873245,0.37082924609739665,0.24195225161181172,,,,,,,89.928,
1762803087.523337,3,101;102;103;200;201;202,47.396;40.438;24.359;47.037;47.604;46.926,-1.3141748396100803,0.9306793679211847,1.176731079382966,0.028957884552829966,0.37522842201999584,0.2479313286611265,,,,,,,85.406,
1762803087.667220,4,101;102;103;200;201;202,47.396;40.438;24.359;47.037;47.604;46.926,-1.3141748396100803,0.9306793679211847,1.176731079382966,0.028957884552829966,0.37522842201999584,0.2479313286611265,,,,,,,85.406,
1762803087.847410,5,101;102;103;200;201;202,47.396;40.438;24.359;47.037;47.604;46.926,-1.3141748396100803,0.9306793679211847,1.176731079382966,0.028957884552829966,0.37522842201999584,0.2479313286611265,,,,,,,85.406,
1762803087.983958,6,101;102;103;200;201;202,47.396;40.438;24.359;47.037;47.604;46.926,-1.3141748396100803,0.9306793679211847,1.176731079382966,0.028957884552829966,0.37522842201999584,0.2479313286611265,,,,,,,85.406,
1762803088.109862,7,101;102;103;200;201;202,47.396;40.438;24.359;47.037;47.604;46.926,-1.3141748396100803,0.9306793679211847,1.176731079382966,0.028957884552829966,0.37522842201999584,0.2479313286611265,,,,,,,85.406,
1762803088.208080,8,101;102;103;200;201;202,47.396;40.438;24.359;47.037;47.604;46.926,-1.3141748396100803,0.9306793679211847,1.176731079382966,0.028957884552829966,0.37522842201999584,0.2479313286611265,,,,,,,85.406,
1762803088.312043,9,101;102;103;200;201;202,47.396;40.438;24.359;47.037;47.604;46.926,-1.3141748396100803,0.9306793679211847,1.176731079382966,0.028957884552829966,0.37522842201999584,0.2479313286611265,,,,,,,85.406,
1762803088.398134,10,101;102;103;200;201;202,47.396;40.438;24.359;47.037;47.604;46.926,-1.3141748396100803,0.9306793679211847,1.176731079382966,0.028957884552829966,0.37522842201999584,0.2479313286611265,,,,,,,85.406,
1762803088.496966,11,101;102;103;200;201;202,51.606;45.380;26.729;50.199;53.496;52.963,-1.2287085126725583,0.9648308464225664,1.2388145424161778,0.0273326757796962,0.3788066929559534,0.25595871156746064,,,,,,,82.298,
1762803088.592377,12,101;102;103;200;201;202,52.606;44.732;27.217;51.384;53.303;52.432,-1.1661164405057598,0.9900893535956334,1.281632004053829,0.027045590391710374,0.3813318269786816,0.26322569922271793,,,,,,,80.199,
1762803088.690676,13,101;102;103;200;201;202,52.606;44.732;27.217;51.384;53.303;52.432,-1.1661164405057598,0.9900893535956334,1.281632004053829,0.027045590391710374,0.3813318269786816,0.26322569922271793,,,,,,,80.199,
1762803088.772486,14,101;102;103;200;201;202,52.606;44.732;27.217;51.384;53.303;52.432,-1.1661164405057598,0.9900893535956334,1.281632004053829,0.027045590391710374,0.3813318269786816,0.26322569922271793,,,,,,,80.199,
1762803088.845411,15,101;102;103;200;201;202,52.606;44.732;27.217;51.384;53.303;52.432,-1.1661164405057598,0.9900893535956334,1.281632004053829,0.027045590391710374,0.3813318269786816,0.26322569922271793,,,,,,,80.199,
1762803088.956655,16,101;102;103;200;201;202,52.606;44.732;27.217;51.384;53.303;52.432,-1.1661164405057598,0.9900893535956334,1.281632004053829,0.027045590391710374,0.3813318269786816,0.26322569922271793,,,,,,,80.199,
1762803089.046156,17,101;102;103;200;201;202,52.606;44.732;27.217;51.384;53.303;52.432,-1.1661164405057598,0.9900893535956334,1.281632004053829,0.027045590391710374,0.3813318269786816,0.26322569922271793,,,,,,,80.199,
1762803089.143765,18,101;102;103;200;201;202,52.606;44.732;27.217;51.384;53.303;52.432,-1.1661164405057598,0.9900893535956334,1.281632004053829,0.027045590391710374,0.3813318269786816,0.26322569922271793,,,,,,,80.199,
1762803089.216007,19,101;102;103;200;201;202,52.606;44.732;27.217;51.384;53.303;52.432,-1.1661164405057598,0.9900893535956334,1.281632004053829,0.027045590391710374,0.3813318269786816,0.26322569922271793,,,,,,,80.199,
1762803089.291311,20,101;102;103;200;201;202,52.606;44.732;27.217;51.384;53.303;52.432,-1.1661164405057598,0.9900893535956334,1.281632004053829,0.027045590391710374,0.3813318269786816,0.26322569922271793,,,,,,,80.199,
1762803089.370000,21,101;102;103;200;201;202,52.606;44.732;27.217;51.384;53.303;52.432,-1.1661164405057598,0.9900893535956334,1.281632004053829,0.027045590391710374,0.3813318269786816,0.26322569922271793,,,,,,,80.199,
1762803089.456145,22,101;102;103;200;201;202,52.606;44.732;27.217;51.384;53.303;52.432,-1.1661164405057598,0.9900893535956334,1.281632004053829,0.027045590391710374,0.3813318269786816,0.26322569922271793,,,,,,,80.199,
1762803089.524642,23,101;102;103;200;201;202,52.606;44.732;27.217;51.384;53.303;52.432,-1.1661164405057598,0.9900893535956334,1.281632004053829,0.027045590391710374,0.3813318269786816,0.26322569922271793,,,,,,,80.199,
1762803089.602602,24,101;102;103;200;201;202,52.606;44.732;27.217;51.384;53.303;52.432,-1.1661164405057598,0.9900893535956334,1.281632004053829,0.027045590391710374,0.3813318269786816,0.26322569922271793,,,,,,,80.199,
1762803089.697301,25,101;102;103;200;201;202,52.606;44.732;27.217;51.384;53.303;52.432,-1.1661164405057598,0.9900893535956334,1.281632004053829,0.027045590391710374,0.3813318269786816,0.26322569922271793,,,,,,,80.199,
1762803089.790236,26,101;102;103;200;201;202,51.254;43.884;27.306;52.226;52.110;50.409,-1.1207316615408178,1.0076153420100895,1.311203574446009,0.027469646236012717,0.38289489539255495,0.2695581956965618,,,,,,,78.744,
1762803089.889153,27,101;102;103;200;201;202,51.787;44.821;27.126;51.877;52.995;50.035,-1.1128401168347548,0.8994269826441106,1.364115018315497,0.025014695131743838,0.3869889301933801,0.2809741840578282,,,,,,,74.385,
1762803089.957777,28,101;102;103;200;201;202,51.440;44.595;26.878;52.471;53.038;50.468,-1.1065828662869757,0.820282100603636,1.4004695468121393,0.02206534568381502,0.39184637572749387,0.29081829853972796,,,,,,,71.354,
1762803090.061856,29,101;102;103;200;201;202,51.290;44.797;26.143;52.153;53.660;50.770,-1.102563205244729,0.7626529546077796,1.425797287020819,0.019063392425837798,0.39622673160823146,0.29878609913693643,,,,,,,69.270,
1762803090.158145,30,101;102;103;200;201;202,51.730;44.862;25.092;52.477;53.436;51.415,-1.100000947884493,0.7204450172747693,1.443148733579957,0.0164682520569589,0.39992302923939893,0.30511684514105375,,,,,,,67.823,
1762803090.259553,31,101;102;103;107;200;201;202,50.982;44.534;26.221;5.945;51.496;52.255;51.236,-1.0138644131564125,0.75051289675332,1.4874798780077583,0.032762527702469846,0.4034789911444142,0.29492391900414916,,,,,,,64.742,
1762803090.359053,32,101;102;103;200;201;202,50.674;43.846;26.765;52.260;53.998;51.689,-1.036445823634635,0.7126751781355,1.4877431941224957,0.026871283682509236,0.40540024847392203,0.3021604907288973,,,,,,,64.561,
1762803090.458591,33,101;102;103;200;201;202,52.424;44.979;26.442;52.016;52.572;49.544,-1.0321326029693416,0.8052557718242325,1.461463348059108,0.027669870944477263,0.3993962523152337,0.2948029394964273,,,,,,,67.352,
1762803090.539087,34,101;102;103;200;201;202,50.647;44.605;23.021;50.298;52.453;47.568,-1.0284089929782625,0.8728000358425116,1.4409266251783512,0.028136470350567763,0.3956403325935729,0.2908527030858514,,,,,,,69.523,
1762803090.634035,35,101;102;103;200;201;202,50.450;44.966;27.207;51.054;50.344;48.984,-1.0462112196291788,0.8011968816650046,1.4555644739309568,0.024202835695799386,0.3986435476691653,0.2985849219191966,,,,,,,67.839,
1762803090.775639,36,101;102;103;200;201;202,51.538;44.635;25.897;48.748;49.758;49.982,-1.0597841753290227,0.7486016137643716,1.4655279658614355,0.020636700652822852,0.40143902158392397,0.30474638813203786,,,,,,,66.739,
1762803090.864909,37,101;102;103;200;201;202,51.674;44.038;27.457;49.082;51.589;49.642,-1.0699392850999678,0.710594828675119,1.4722148205116439,0.01756286671672845,0.40388292707674794,0.30936322272406097,,,,,,,66.026,
1762803090.964997,38,101;102;103;200;201;202,50.289;44.744;28.826;51.392;51.104;48.903,-1.0563768488067022,0.8042446511226324,1.4509589531992457,0.020923270374840725,0.39900739886334374,0.30027334512369,,,,,,,68.376,
1762803091.064620,39,101;102;103;200;201;202,51.765;45.691;27.982;51.669;52.374;50.114,-1.0668667078556398,0.7513792307933492,1.4621987492349346,0.018090808420988175,0.4014254652024001,0.3058008730723118,,,,,,,67.138,
1762803091.155240,40,101;102;103;200;201;202,51.034;45.352;28.987;51.510;52.666;50.019,-1.0752294660653163,0.7121391991530608,1.4701512073086251,0.015660668825103967,0.40361414299837206,0.3101893625249915,,,,,,,66.306,
1762803091.227058,41,101;102;103;200;201;202,52.262;44.723;29.482;51.510;51.944;50.733,-1.0814924919650306,0.6833195966606896,1.4755557597931996,0.013539073936684569,0.40558646751040506,0.31345108912413694,,,,,,,65.740,
1762803091.322067,42,101;102;103;200;201;202,49.825;44.323;30.154;51.438;52.422;50.958,-1.08624537622297,0.6623039326234393,1.4796094503069812,0.011862699635922217,0.4071708061270743,0.31601934022056144,,,,,,,65.352,
1762803091.424780,43,101;102;103;200;201;202,51.000;44.048;30.087;51.655;53.020;51.800,-1.0900653501667896,0.6471651988591354,1.4819918811316912,0.010418441394491376,0.4083572137539914,0.3177044187590382,,,,,,,65.105,
1762803091.525372,44,101;102;103;200;201;202,52.036;43.329;31.234;51.111;54.520;52.019,-1.0928469528695188,0.6361707772151717,1.483952032378425,0.009203724307251769,0.40944004877399987,0.3189453559044865,,,,,,,64.929,
1762803091.627097,45,101;102;103;200;201;202,52.342;44.846;33.570;52.622;54.510;53.629,-1.0949449598948366,0.627631317599059,1.4849454265206365,0.008393815141770128,0.41022467847183675,0.3199286100601791,,,,,,,64.798,
1762803091.703063,46,101;102;103;200;201;202,51.925;44.729;37.313;53.757;53.887;53.165,-1.0965775424544397,0.6219812904103882,1.4857716603048798,0.007624582844117021,0.4108291305571836,0.32061068882649635,,,,,,,64.722,
1762803091.792933,47,101;102;103;200;201;202,51.862;44.893;41.459;53.437;54.757;53.935,-1.0977635791371645,0.6175387179429546,1.4865595392505127,0.007106412181498474,0.4114950894242479,0.3212870831117545,,,,,,,64.657,
1762803091.895046,48,101;102;103;200;201;202,50.899;46.930;46.098;54.618;56.123;54.948,-1.0783401712831053,0.7360335621465174,1.4625025152441768,0.013917979213455653,0.40437842419977826,0.30725018500367846,,,,,,,67.168,
1762803091.996798,49,101;102;103;200;201;202,51.335;49.673;46.536;55.282;56.041;55.313,-1.0835044977004307,0.7008801639150823,1.4695601043584718,0.012390927602241123,0.4059475734951714,0.31125830288140843,,,,,,,66.350,
1762803092.098639,50,101;102;103;200;201;202,48.186;52.249;40.985;51.744;53.859;50.636,-1.0866784656552286,0.6756576960842372,1.47554070606427,0.010932008850558094,0.4080727729690752,0.31468353007010946,,,,,,,65.756,
1762803092.169836,51,101;102;103;200;201;202,50.127;52.308;42.493;50.384;55.714;51.802,-1.0691859691564953,0.7775470933036203,1.45344985660539,0.01638449387893453,0.40229153734559536,0.3040860762168951,,,,,,,68.071,
1762803092.285913,52,101;102;103;200;201;202,52.359;53.219;40.371;50.771;57.242;53.268,-1.0551226017942492,0.8519362489309997,1.4355550784981659,0.020358993207722383,0.3979220918943144,0.2978800210128517,,,,,,,69.937,
1762803092.368977,53,101;102;103;200;201;202,52.865;54.108;44.506;53.524;55.259;53.369,-1.0439649637208002,0.9067404484988298,1.4221192656258657,0.023125852652548025,0.39521031757035685,0.2939468802869082,,,,,,,71.392,
1762803092.461586,54,101;102;103;200;202,44.596;50.491;36.167;30.558;35.846,-1.1428205559196807,0.8443145400451375,1.3720363435326053,0.036264103797247066,0.4063090001635917,0.2896895379171345,,,,,,,73.805,
1762803092.558194,55,101;102;103;200;202,44.596;50.491;36.167;30.558;35.846,-1.1428205559196807,0.8443145400451375,1.3720363435326053,0.036264103797247066,0.4063090001635917,0.2896895379171345,,,,,,,73.805,
1762803092.636948,56,101;102;103;200;201;202,40.862;53.617;36.905;45.732;52.386;46.518,-1.1277879377996876,0.7778974652010179,1.4114087044807586,0.02718717661494286,0.4088076454365735,0.30013404007000605,,,,,,,70.874,
1762803092.731899,57,101;102;103;200;201;202,54.017;56.590;42.937;52.492;54.235;51.220,-1.1208878498205934,0.7278376694043119,1.440465339243903,0.019126995488332785,0.41056510365283577,0.3072282750723739,,,,,,,68.916,
1762803092.832318,58,101;102;103;200;201;202,43.933;54.085;36.700;46.255;49.163;42.003,-1.0946335033834278,0.8143528733272624,1.433850528894819,0.018011679035340362,0.4069661790312011,0.3007596450527766,,,,,,,70.360,
1762803092.925005,59,101;102;103;200;201;202,35.394;53.022;36.590;45.645;52.184;46.085,-1.0927340908353411,0.760216264289734,1.4531327989743303,0.014569882022966428,0.4107111628022466,0.3076273469413622,,,,,,,68.526,
1762803092.997549,60,101;102;103;200;201;202,52.124;57.528;43.000;50.837;54.818;51.988,-1.0735258002792338,0.8406909404454334,1.4368108327195583,0.018022276156443126,0.4064494502593674,0.3003279974016829,,,,,,,70.290,
1762803093.101325,61,101;102;103;200;201;202,56.444;57.272;43.821;53.442;57.262;55.214,-1.0801784413412825,0.7783524744437667,1.452191772168107,0.015909485649853953,0.4087259697206932,0.305854679043019,,,,,,,68.547,
1762803093.195985,62,101;102;103;200;201;202,31.338;53.411;31.017;42.184;44.871;41.602,-0.9425831289750534,0.8478742504286791,1.4654233472268046,0.01881775692977442,0.4308665102391077,0.3165429055280534,,,,,,,65.270,
1762803093.267523,63,101;102;103;200;201;202,31.338;53.411;31.017;42.184;44.871;41.602,-0.9425831289750534,0.8478742504286791,1.4654233472268046,0.01881775692977442,0.4308665102391077,0.3165429055280534,,,,,,,65.270,
1762803093.359552,64,101;102;103;200;201;202,51.016;56.496;39.110;42.935;45.914;43.308,-0.9871554594868569,0.7814601070412351,1.4814486144976242,0.01275153397618431,0.428639488159821,0.31861574940146326,,,,,,,64.681,
1762803093.459674,65,101;102;103;200;201;202,54.656;56.792;46.391;50.814;55.066;51.038,-1.0008936306528375,0.8538430361317837,1.461222958875011,0.013705317205069812,0.42269669635543444,0.3088289958101197,,,,,,,67.676,
1762803093.528648,66,101;102;103;200;201;202,53.507;56.434;43.698;48.992;55.618;48.798,-1.0110738827643253,0.9060054420265614,1.4468231509137257,0.01376004293645698,0.41901826332710607,0.30307032828292246,,,,,,,69.895,
1762803093.625743,67,101;102;103;200;201;202,52.765;57.101;44.532;45.187;49.258;42.279,-1.0193698064161818,0.9437504130049542,1.4366122660558116,0.013376611270807352,0.41700970800453063,0.29989199396515703,,,,,,,71.555,
1762803093.693995,68,101;102;103;200;201;202,49.584;55.151;41.658;45.899;50.751;45.510,-1.0442034089447776,0.8519346405995054,1.4632100522070495,0.009835736329782956,0.4194043033635398,0.3046111349577053,,,,,,,69.234,
1762803093.789931,69,101;102;103;200;201;202,49.584;55.151;41.658;45.899;50.751;45.510,-1.0442034089447776,0.8519346405995054,1.4632100522070495,0.009835736329782956,0.4194043033635398,0.3046111349577053,,,,,,,69.234,
1762803093.850145,70,101;102;103;200;201;202,49.584;55.151;41.658;45.899;50.751;45.510,-1.0442034089447776,0.8519346405995054,1.4632100522070495,0.009835736329782956,0.4194043033635398,0.3046111349577053,,,,,,,69.234,
1762803093.921332,71,101;102;103;200;201;202,49.584;55.151;41.658;45.899;50.751;45.510,-1.0442034089447776,0.8519346405995054,1.4632100522070495,0.009835736329782956,0.4194043033635398,0.3046111349577053,,,,,,,69.234,
1762803093.984101,72,101;102;103;200;201;202,49.584;55.151;41.658;45.899;50.751;45.510,-1.0442034089447776,0.8519346405995054,1.4632100522070495,0.009835736329782956,0.4194043033635398,0.3046111349577053,,,,,,,69.234,
1762803094.054910,73,101;102;103;200;201;202,49.584;55.151;41.658;45.899;50.751;45.510,-1.0442034089447776,0.8519346405995054,1.4632100522070495,0.009835736329782956,0.4194043033635398,0.3046111349577053,,,,,,,69.234,
1762803094.127133,74,101;102;103;200;201;202,49.584;55.151;41.658;45.899;50.751;45.510,-1.0442034089447776,0.8519346405995054,1.4632100522070495,0.009835736329782956,0.4194043033635398,0.3046111349577053,,,,,,,69.234,
1762803094.199609,75,101;102;103;200;201;202,30.376;49.666;35.524;40.426;43.578;42.125,-1.0510788083454732,0.7997861241626174,1.449645435348493,0.018887600615566626,0.42601137030492714,0.3066194198892163,,,,,,,68.047,
1762803094.270826,76,101;102;103;200;201;202,49.047;54.221;39.269;46.450;51.389;44.959,-0.9160594419846462,0.8784949951170319,1.4565337746752711,0.03125529361266209,0.45129898671810875,0.31369157021835037,,,,,,,65.425,
1762803094.367788,77,101;102;103;200;201;202,53.208;54.614;39.786;45.335;50.326;42.630,-0.9394115244482862,0.94503227669212,1.4190153925911226,0.04128353947895444,0.444064499598064,0.29992298352313496,,,,,,,68.935,
1762803094.466022,78,101;102;103;200;201;202,53.208;54.614;39.786;45.335;50.326;42.630,-0.9394115244482862,0.94503227669212,1.4190153925911226,0.04128353947895444,0.444064499598064,0.29992298352313496,,,,,,,68.935,
1762803094.567234,79,101;102;103;200;201;202,41.069;52.388;34.913;40.888;43.416;39.289,-0.9761307763234907,0.8667606496493905,1.4238473028482819,0.04004181777052095,0.44288408231235604,0.30335249799733977,,,,,,,67.539,
1762803094.664843,80,101;102;103;200;201;202,46.472;53.857;39.796;45.319;50.243;46.479,-0.9859167398638446,0.9310238506260715,1.4026210547796616,0.042194887035836966,0.4379066661605924,0.29498174554521195,,,,,,,70.268,
1762803094.761506,81,101;102;103;200;201;202,55.120;54.362;43.815;45.391;51.008;46.624,-1.0146711351864333,0.8533166903025814,1.4154648426741712,0.03826609238727769,0.43770685759249656,0.29896057177273994,,,,,,,68.635,
1762803094.870725,82,101;102;103;200;201;202,54.860;54.240;43.951;49.763;48.716;48.795,-1.0359938566232925,0.7952148426685411,1.4235460383521037,0.03535060760228347,0.4382006279292402,0.3028271792857101,,,,,,,67.572,
1762803094.978261,83,101;102;103;200;201;202,56.138;53.053;45.912;46.811;51.915;48.283,-1.051664051631044,0.7526175221918145,1.4292761390847852,0.032904290701089814,0.43950308773290364,0.30636198269576465,,,,,,,66.880,
1762803095.076000,84,101;102;103;200;201;202,56.526;54.904;45.178;49.280;52.936;50.675,-1.064225875034015,0.7212314538742249,1.4339299086632533,0.03043289401577316,0.440591331311342,0.3085839642803558,,,,,,,66.455,
1762803095.173444,85,101;102;103;107;200;201;202,56.131;52.689;45.941;12.480;47.592;51.885;49.909,-0.9868572496068473,0.7578586462720553,1.47243678266469,0.04535355370071098,0.44237874840714125,0.29660870621437757,,,,,,,64.036,
1762803095.274355,86,101;102;103;107;200;201;202,55.568;53.417;44.483;14.829;51.355;50.391;50.916,-0.9300248545229117,0.7840244536408358,1.5005388873451488,0.05530408377139885,0.44419355490086926,0.28754434186522854,,,,,,,62.391,
1762803095.373337,87,101;102;103;200;201;202,55.539;52.380;45.377;46.798;50.028;47.513,-0.9756143069429236,0.7460877111558649,1.4855078939932636,0.048508832755302676,0.44437299569025174,0.29445407460716694,,,,,,,63.115,
1762803095.469821,88,101;102;103;200;201;202,53.615;51.936;44.106;46.091;47.204;48.532,-1.0089681147640401,0.717739484919204,1.4749949034413004,0.04255874275747396,0.44471263389333837,0.2998737452662251,,,,,,,63.710,
1762803095.580687,89,101;102;103;200;201;202,54.695;51.686;44.838;45.035;50.376;48.296,-1.0334504801671311,0.6967654095641131,1.4680094561658863,0.037493261152765536,0.44515826652272167,0.30381490129001015,,,,,,,64.182,
1762803095.693948,90,101;102;103;200;201;202,56.485;53.379;45.409;47.326;51.257;50.547,-1.0516451739403163,0.6803919946665055,1.46130933110129,0.03370566302935798,0.445008288963053,0.30702647746759093,,,,,,,64.551,
1762803095.812147,91,101;102;103;107;200;201;202,54.837;53.752;44.694;13.827;49.637;50.077;50.948,-1.0335958768712599,0.6218908642924842,1.3904823161021729,0.014710944571973288,0.43002690201655835,0.30698788436033764,,,,,,,62.867,
1762803095.906967,92,101;102;103;201;202,30.066;44.118;29.518;22.369;24.643,-1.0609720010606556,0.6468300944480693,1.464978383697318,0.003513386970560973,0.47300593588372836,0.3005819389414618,,,,,,,64.022,
1762803095.997103,93,101;102;103;200;201;202,48.151;51.516;38.361;38.834;43.272;41.502,-1.05458128310756,0.7701950135716666,1.438617211574043,0.013519833735239453,0.45907952086599996,0.2876070949171095,,,,,,,67.419,
1762803096.112922,94,101;102;103;200;201;202,53.870;52.059;43.001;47.215;51.500;47.765,-1.0474674488691116,0.8591563671697192,1.4165244903426462,0.021030129641581668,0.4487407413784274,0.2813750751976866,,,,,,,70.063,
1762803096.201278,95,101;102;103;200;201;202,49.100;51.828;40.781;38.639;44.060;42.868,-1.0413136759155883,0.9221015030262527,1.3990373796381663,0.026669662295317722,0.44150039500440613,0.27871064671746804,,,,,,,72.035,
1762803096.310582,96,101;102;103;200;201;202,50.887;52.414;40.101;45.347;46.765;45.778,-1.035670131820746,0.9691840835801742,1.3857401997228436,0.030830327544319153,0.43600113596205675,0.27747568235750036,,,,,,,73.538,
1762803096.401963,97,101;102;103;107;200;201;202,54.552;52.376;44.152;12.866;47.266;52.086;50.434,-1.020363173071763,0.8355043258886593,1.337009692177923,0.01075285789507906,0.4226751802819946,0.28354298404964534,,,,,,,69.038,
1762803096.501589,98,101;102;103;107;200;201;202,54.552;52.376;44.152;12.866;47.266;52.086;50.434,-1.020363173071763,0.8355043258886593,1.337009692177923,0.01075285789507906,0.4226751802819946,0.28354298404964534,,,,,,,69.038,
1762803096.599399,99,101;102;103;200;201;202,55.183;53.950;42.428;45.548;48.057;46.364,-1.0395510724154227,0.7831715244503732,1.367337574925393,0.015853387348091816,0.42680882226446126,0.29098509241235093,,,,,,,67.885,
1762803096.705188,100,101;102;103;200;201;202,55.706;53.283;44.960;46.996;53.118;50.082,-1.0543676277578744,0.743607298426057,1.3886057480300096,0.018921042173439886,0.43045081924324824,0.2971952385227006,,,,,,,67.115,
1762803096.798643,101,101;102;103;200;201;202,55.567;52.746;45.442;47.768;53.624;51.032,-1.0660284309724082,0.7139026875870955,1.4035771865142046,0.020664937534160564,0.4335513910133685,0.3019983237973507,,,,,,,66.613,
1762803096.900211,102,101;102;103;200;201;202,55.192;53.368;45.315;47.834;51.505;51.098,-1.0743881204453367,0.6924910647367764,1.4150155537549272,0.021478010883801142,0.4362844214725443,0.30565430201687244,,,,,,,66.267,
1762803097.000222,103,101;102;103;200;201;202,55.594;52.931;45.766;46.909;52.446;52.644,-1.0810158558576601,0.676340632321288,1.423187556744861,0.02174747517798783,0.43855447397264696,0.3082770201631501,,,,,,,66.037,
1762803097.100372,104,101;102;103;200;201;202,55.963;52.757;46.114;48.781;51.715;53.329,-1.067959189330452,0.7900111027968166,1.4070535147891379,0.026411061382395844,0.43388952139472403,0.29582650208547384,,,,,,,68.849,
1762803097.204183,105,101;102;103;200;201;202,56.498;53.453;45.761;48.741;53.029;53.453,-1.075549069752116,0.7480973610082644,1.418315696158403,0.025924496012286132,0.4359860027036761,0.30067891541037095,,,,,,,67.828,
1762803097.300762,106,101;102;103;107;200;201;202,56.493;53.506;46.160;13.554;48.929;52.309;53.639,-0.9761882990299893,0.8892708270256848,1.4398719190395914,0.04497662332075086,0.4321221390545405,0.27438439545457244,,,,,,,68.132,
1762803097.401225,107,101;102;103;107;200;201;202,56.074;53.816;46.818;13.993;46.088;52.406;51.923,-0.9596387255534312,0.8866831323547025,1.3503236244173673,0.029246827677826857,0.4152931403420404,0.2751902094359633,,,,,,,68.296,
1762803097.498190,108,101;102;103;200;201;202,55.406;53.605;45.207;47.240;51.323;51.458,-0.9771042420662638,0.9431791510928151,1.3501559139947483,0.032074875611384564,0.4172876411524293,0.2754078153957666,,,,,,,70.891,
1762803097.602161,109,101;102;103;107;200;201;202,41.934;50.179;41.922;9.067;32.504;36.209;38.318,-0.9005602184091428,1.033582750014656,1.383225749415935,0.04715690979337633,0.4190299899515826,0.25897644797390884,,,,,,,71.203,
1762803097.700354,110,101;102;103;200;201;202,44.628;53.748;41.822;33.358;39.113;39.896,-0.8102395065022638,1.0512971407890714,1.406833949867777,0.050348087224201914,0.4499036834614316,0.2817015986552101,,,,,,,68.796,
1762803097.804705,111,101;102;103;107;200;201;202,54.321;53.434;45.727;10.017;44.843;46.770;49.170,-0.7996258803596706,1.0017057795420081,1.4482033747021685,0.05812049659462491,0.4459490858580375,0.2765814827625861,,,,,,,66.126,
1762803097.897283,112,101;102;103;200;201;202,55.641;53.410;46.828;47.523;50.695;49.784,-0.8618420430707158,1.0297470930171695,1.4209642887923317,0.05472575032137143,0.4377543349769023,0.27390324394224075,,,,,,,69.427,
1762803097.991668,113,101;102;103;200;201;202,55.641;53.410;46.828;47.523;50.695;49.784,-0.8618420430707158,1.0297470930171695,1.4209642887923317,0.05472575032137143,0.4377543349769023,0.27390324394224075,,,,,,,69.427,
1762803098.104122,114,101;102;103;200;201;202,55.641;53.410;46.828;47.523;50.695;49.784,-0.8618420430707158,1.0297470930171695,1.4209642887923317,0.05472575032137143,0.4377543349769023,0.27390324394224075,,,,,,,69.427,
1762803098.199726,115,101;102;103;200;201;202,43.524;55.428;37.894;29.167;36.760;37.658,-0.9250861280373225,0.9278301428287387,1.430924924142307,0.04921858462354453,0.4368533681299596,0.28177770924151185,,,,,,,67.709,
1762803098.298983,116,101;102;103;200;201;202,54.671;55.460;46.252;47.565;53.764;48.103,-0.9707896958240807,0.8507900223280528,1.436773238327388,0.04466631339116623,0.4370203925567019,0.2892838186366993,,,,,,,66.689,
1762803098.395327,117,101;102;103;201;202,27.661;45.569;33.265;28.655;27.111,-1.0115442436375153,0.8178410188208831,1.500976945388246,0.028248893979798267,0.476482102493507,0.2860188869261126,,,,,,,66.548,
1762803098.501022,118,101;102;103;200;201;202,38.828;47.009;34.737;28.937;35.355;34.932,-1.0339651838692294,0.7680718448648428,1.4879330883235535,0.027656593810901655,0.4678634812316646,0.29362774566916233,,,,,,,66.050,
1762803098.597446,119,101;102;103;200;201;202,46.934;43.464;40.488;43.410;50.660;48.765,-1.051427730756651,0.7324449576374262,1.4780355430195753,0.026780567035246804,0.4615441998984334,0.2991212361183178,,,,,,,65.820,
1762803098.698409,120,101;102;103;200;201;202,37.519;38.972;29.192;37.184;40.288;41.928,-0.9254569298486317,0.8250239736477878,1.4826146673488483,0.027663841167147533,0.47911788454627513,0.3086804034295163,,,,,,,63.718,
1762803098.794167,121,101;102;103;200;201;202,36.533;38.142;26.260;29.592;36.925;33.433,-0.9531450976524332,0.8992401620846184,1.4478266818698249,0.03226057969559024,0.4637236617001008,0.2955204809431516,,,,,,,67.551,
1762803098.889202,122,101;102;103;200;201;202,36.533;38.142;26.260;29.592;36.925;33.433,-0.9531450976524332,0.8992401620846184,1.4478266818698249,0.03226057969559024,0.4637236617001008,0.2955204809431516,,,,,,,67.551,
1762803098.964442,123,101;102;103;200;201;202,47.253;37.845;23.019;40.699;47.905;44.115,-0.9736493898408037,0.9538379372895552,1.4221108838148453,0.035005666232167214,0.45179057207954054,0.2870894295870758,,,,,,,70.416,
1764946089.275057,0,103;104;200,60.382;54.793;86.620,-0.02208676064276579,1.4981577378487054,2.757962302252186,-0.16777865696839087,-0.14356718114774727,0.4437614590412701,-0.47669968497895276,1.405526192425006,2.582394319223176,-0.1286234442458863,-0.45589599680772525,-0.15801789514270181,57.028,59.555
1764946089.579155,1,103;104;200,59.890;53.687;85.175,-0.022474531294918998,1.4981089535111851,2.7580694950104263,-0.1677806047114801,-0.1435972494870412,0.44382513851465333,-0.47706090759542014,1.405402142397174,2.582321920522524,-0.12854620624006985,-0.45596698431921034,-0.15807254309232033,57.025,59.557
1764946090.009461,2,103;104;200,60.338;53.339;84.322,-0.022533086589588955,1.4982203281702413,2.758264266556005,-0.16777007433849978,-0.1435931007025024,0.44386080252863763,-0.47708262015086045,1.4052556976481894,2.582140939097578,-0.1285809857317532,-0.4559654949088359,-0.15813275576319022,57.025,59.555
1764946090.237192,3,103;104;200,59.556;53.808;85.019,-0.023005303013423076,1.4981720375687813,2.7585866971880844,-0.16778427301342722,-0.14359793148757172,0.44395765991599306,-0.4775046154657902,1.4049243163157368,2.581964990420988,-0.12852753347794788,-0.45601953639525933,-0.15829363728385115,57.018,59.552
1764946090.430733,4,103;104;200,59.851;54.113;84.821,-0.023306024547111295,1.4982361915516995,2.758835931963995,-0.16779400448667314,-0.14358363476239963,0.44400772761338014,-0.4777552505558023,1.4047061669736727,2.581757443915312,-0.12852208618260408,-0.4560275347120941,-0.15840333449881405,57.016,59.551
1764946090.633685,5,103;104;200,59.089;54.644;83.959,-0.02323845509468826,1.4982692358814451,2.7588288499737064,-0.1677930291853904,-0.14356134299257123,0.4439604948022194,-0.4776876717640464,1.404725729299289,2.581745317342136,-0.12854517401767368,-0.45597366937175227,-0.15838855618245282,57.017,59.551
1764946090.832455,6,103;104;200,59.348;54.344;84.390,-0.022955412965527264,1.4981645256387734,2.7586540619239144,-0.16778383235912264,-0.14355451614513934,0.44390803289308894,-0.4774534424946939,1.4048572208205798,2.5819523306818177,-0.12854786469397744,-0.4559408469151656,-0.15832275638520135,57.016,59.549
1764946091.032832,7,103;104;200,59.823;54.200;84.588,-0.022685219184304446,1.4982883717094715,2.758603085392187,-0.16777868211666933,-0.14356058676058678,0.44391459041093534,-0.47718632745749723,1.4049541125119978,2.5819198178477,-0.12862120889188347,-0.4559448893132519,-0.15828185788116203,57.021,59.550
1764946091.218823,8,103;104;200,59.530;53.701;84.090,-0.022561181436514373,1.4983258069852687,2.758581396876335,-0.16777366549654862,-0.14357008525998063,0.4438790495060743,-0.4770664871896283,1.4049897598773498,2.5819200226960883,-0.12865798130907863,-0.4559177598847364,-0.15824066490223632,57.023,59.550
1764946091.374843,9,103;104;200,59.846;53.903;83.792,-0.022308528372837637,1.4981050460840815,2.758816137673685,-0.167769754059992,-0.1434345825600491,0.4439067013786396,-0.4768438538979124,1.4046846317937332,2.5820485167006946,-0.12866468371570183,-0.4558165772994778,-0.15845754746037846,57.011,59.535
1764946091.531971,10,103;104;200,60.301;54.481;84.020,-0.022521832064533835,1.4980959004392904,2.7589869406731293,-0.16776924749839356,-0.14334498334390244,0.44391016250236204,-0.4770304405001796,1.4045155113402812,2.5819483925191555,-0.12862342146525796,-0.45575300905400484,-0.1585851446444105,57.008,59.533
1764946091.696448,11,103;104;200,60.197;54.010;84.180,-0.02294614295139361,1.49807456246456,2.759136256557761,-0.1677844855650333,-0.14332812014639093,0.443989913446016,-0.4774179263211428,1.404360840446604,2.58182977388168,-0.12854855598555925,-0.45580685760802925,-0.15869864525084026,57.005,59.535
1764946091.872627,12,103;104;200,59.558;54.629;84.158,-0.022938422254171056,1.49790447630244,2.7592288945308785,-0.16779218259976708,-0.14327653669436588,0.4440486856589123,-0.4774285971322527,1.4042090407559837,2.581931915274255,-0.12851150993109664,-0.4558125654973322,-0.15882385493152776,56.998,59.528
1764946092.085133,13,103;104;200,60.153;54.663;84.489,-0.022606036298765245,1.4977634188864641,2.759357007164445,-0.16777958630080658,-0.14320477458914413,0.44402359635138505,-0.47712833479327993,1.4040364650285633,2.5820530664439136,-0.12855276293717766,-0.4557152826222192,-0.15891619192751372,56.991,59.517
1764946092.249996,14,103;104;200,59.186;53.956;84.189,-0.023256191312580728,1.4977709742303125,2.759502396461779,-0.1677913521473326,-0.14325024506123002,0.44409480440186,-0.4777228882609971,1.4038944390938535,2.5818725686730537,-0.12844979363102743,-0.4558073990626243,-0.1589734652555269,56.989,59.522
1764946092.414816,15,103;104;200,60.379;54.066;84.306,-0.023057277657094578,1.4978142887114583,2.7593605004278996,-0.16777157306136706,-0.1432495684513584,0.44409287534710945,-0.4775422938646177,1.4040483376458248,2.5819305470728358,-0.12845606663081124,-0.45581891100164806,-0.1589143372290836,56.993,59.524
1764946092.591415,16,103;104;200,60.191;54.008;83.516,-0.02312542989025009,1.4979014559124124,2.7594853337800744,-0.1677742591643853,-0.14323791819366938,0.4441844940272094,-0.4775823810611376,1.4039601332987086,2.5817962215144,-0.12846753833241326,-0.4558722411395911,-0.15899639615304334,56.994,59.524
1764946092.766056,17,103;104;200,59.643;53.907;83.747,-0.023394481480003584,1.4980382279157367,2.7593815501432277,-0.167766314912475,-0.14324481434011832,0.4441910645415913,-0.477821994193464,1.404108195792427,2.5816797066795516,-0.12841008522011305,-0.4559114357805526,-0.15894518361435275,57.000,59.533
1764946092.952768,18,103;104;200,60.621;53.328;83.908,-0.023165648977131522,1.4981952828179075,2.7594257923903105,-0.16774170450305484,-0.14326320783278207,0.4441648729722138,-0.4775806433518698,1.4041256095653663,2.581573861995834,-0.12849358794357568,-0.45588100352954425,-0.15889526860846742,57.004,59.533
1764946093.127507,19,103;104;200,60.757;54.225;84.413,-0.023368961785295194,1.4981714768341514,2.7592617329349256,-0.16773974799224636,-0.14332627933576525,0.44422378214375235,-0.4777880917001857,1.4042727343987,2.581624636209877,-0.12841339653852546,-0.4560014259014337,-0.15883294112312252,57.006,59.539
1764946093.266714,20,103;104;200,60.290;53.932;85.221,-0.02327272154334342,1.4984008544962673,2.759081474912715,-0.1677350263947833,-0.14339961579054422,0.44420241454702525,-0.4776786300348897,1.4045314141838783,2.581528377314618,-0.12847051049304656,-0.4560482819081599,-0.1586742727597535,57.017,59.548
1764946093.421151,21,103;104;200,60.333;53.819;84.520,-0.023300130082171334,1.4984445800993418,2.758975418231998,-0.1677357287579763,-0.14346362770155813,0.44429327673288455,-0.47770656120807736,1.4046492203171772,2.5815313147445202,-0.1284533939114901,-0.456178033229877,-0.1586328113605791,57.020,59.552
1764946093.564100,22,103;104;200,60.044;54.218;84.357,-0.023082845948512277,1.4983880506281533,2.759332193729821,-0.1677346655448439,-0.14338355401261677,0.44426221312456854,-0.4774820038084675,1.4042874001178363,2.5814695947184574,-0.1285454313438466,-0.4560394596796568,-0.1587903062436984,57.012,59.539
1764946093.703097,23,103;104;200,60.076;54.472;84.211,-0.02316251095127228,1.4983432887362071,2.7592756425123053,-0.16772777899091976,-0.14335070667146324,0.4442151042871125,-0.47756797989174704,1.4043245366246928,2.581515228680671,-0.128499023970422,-0.4559951156477877,-0.15878084204002313,57.011,59.540
1764946093.926526,24,103;104;200,59.854;54.665;84.303,-0.023388347084313248,1.4982078530684761,2.7593035722433537,-0.16772485332803053,-0.14331559410060418,0.4442022977894883,-0.47779720586470753,1.4042458352780534,2.5815743881206554,-0.12841329012589842,-0.45597154247182203,-0.15883263035239986,57.007,59.539
1764946094.106889,25,103;104;200,59.525;54.096;82.166,-0.022712277406156986,1.4985386021919256,2.759064707889767,-0.1677043543697765,-0.14322071424120106,0.44411939113627097,-0.4771352644354004,1.4046028899762955,2.5815217504289656,-0.1285589324435782,-0.4558566772137422,-0.15872781135797462,57.021,59.545
1764946094.282724,26,103;104;200,59.784;54.196;83.523,-0.022904448742648294,1.4986290884633116,2.7590455872034143,-0.1676979864203786,-0.1432753541419822,0.44411318561940055,-0.4773028869114071,1.404653149562669,2.5814218665699373,-0.1285438012875288,-0.4558935637452718,-0.15866375633753804,57.024,59.550
1764946094.452217,27,103;104;200,59.997;54.390;83.428,-0.022712970136107517,1.4988161085164373,2.7590509046593485,-0.16769213968918814,-0.14331422189277188,0.44405694988808875,-0.4770952183472713,1.4047186164851886,2.5813008617881112,-0.1286471166531239,-0.4558573571535087,-0.15857384969525298,57.030,59.552
1764946094.672261,28,103;104;200,60.223;54.425;84.326,-0.02253884892619248,1.498622668624408,2.7589174464968127,-0.16768455282587064,-0.14331675360173893,0.44413325164083833,-0.4769727517888451,1.4047767625171999,2.5815440598437243,-0.12859269736449208,-0.45593615584800634,-0.15859350815198145,57.026,59.548
1764946094.918200,29,103;104;200,59.546;54.203;83.861,-0.02213563758079982,1.498581262927968,2.758754115768529,-0.16765848724354412,-0.14326719195032325,0.4441375644197192,-0.4766155887364174,1.4049215108108322,2.5817157764802,-0.12859948479477754,-0.45591985290816167,-0.1585763856247961,57.028,59.546
1764946095.102577,30,103;104;200,60.217;54.595;83.131,-0.0224192618325759,1.4987413180968148,2.758956617011765,-0.16765177149111943,-0.14326469260872257,0.444192950090359,-0.4768397785901252,1.4047838837541446,2.581452270066339,-0.12859675063926002,-0.4559454134525064,-0.1586455349359173,57.029,59.548
1764946095.281541,31,103;104;200,60.049;54.627;84.227,-0.02209714211013855,1.4988609938584965,2.7588790389071978,-0.16764296538525428,-0.14324958928444936,0.4441526975266123,-0.4765270370816244,1.4049050868151407,2.5814431121345964,-0.1286749384042497,-0.4559004778113311,-0.1585881638552716,57.034,59.549
1764946095.430111,32,103;104;200,60.124;53.869;84.289,-0.021894872896331317,1.498715892125847,2.75890754067777,-0.16762649954019104,-0.1432193176022111,0.4441396746941848,-0.4763573851408505,1.4048256849682397,2.581585434143205,-0.1286714883391751,-0.45585851986108,-0.1586258281090377,57.029,59.542
1764946095.557703,33,103;104;200,59.960;54.216;83.831,-0.021670145588599487,1.498692541777451,2.7587424024727403,-0.16761068097039913,-0.14318536149240157,0.44410868065382064,-0.47616449456212967,1.4049774095640337,2.581711660318489,-0.12866332711722314,-0.45583009293389104,-0.15858193217231728,57.031,59.543
1764946095.686705,34,103;104;200,60.225;54.382;82.913,-0.021466286156725137,1.4987689472602652,2.7586611654836686,-0.16760443544398929,-0.1431343820841082,0.4440742521785268,-0.4759690985455762,1.4050851981974402,2.5817184129296464,-0.12869532139702872,-0.4557768496110514,-0.15856379577261445,57.035,59.544
1764946095.838416,35,103;104;200,60.098;54.403;84.474,-0.021625327182631937,1.4989654225667304,2.758650156281449,-0.16758116211587692,-0.14314879599631947,0.4440309866436505,-0.4760891776648445,1.405167111281702,2.5815346183264416,-0.12869305518578125,-0.45575766136593127,-0.15849307374114877,57.042,59.551
1764946096.087319,36,103;104;200,60.486;55.504;83.173,-0.02120752443342508,1.499421637400579,2.7586132065907494,-0.1675126749346258,-0.14296617155247565,0.4441726461725046,-0.47563291325872525,1.4053740429426536,2.581250792540746,-0.128736609866213,-0.45576236056907854,-0.15860019271987733,57.057,59.558
1764946096.263187,37,103;104;200,60.057;54.469;85.184,-0.02175752670419707,1.4999695958476618,2.7587141458844484,-0.167470503265366,-0.14291007123694485,0.4443383086134092,-0.4760562964840755,1.4054749314769333,2.5806656142559765,-0.12867044240703784,-0.45588052921978306,-0.15867262035477134,57.073,59.576
1764946096.418911,38,103;104;200,59.928;54.589;84.565,-0.022521523023368704,1.5002978612410185,2.7586516841453586,-0.1674270327853918,-0.14282906106123422,0.44449289457329794,-0.4767261682085235,1.4056499582056057,2.5802887961985252,-0.12846628641057656,-0.45601302287944767,-0.15874539602799714,57.085,59.595
1764946096.588787,39,103;104;200,60.381;54.551;84.646,-0.022779968806309336,1.5005012664429493,2.7585514706722134,-0.1673518756116867,-0.1428006149016278,0.4445822578823133,-0.4769454097825161,1.4058190876536303,2.580118208775619,-0.12833747226552464,-0.45610084431128955,-0.1587312701094674,57.093,59.606
1764946096.753846,40,103;104;200,61.035;54.083;83.895,-0.02302631104579077,1.500790965513515,2.758478709951225,-0.1673626898597339,-0.14287865983925266,0.44474120705111975,-0.47713799914702165,1.4059936397260562,2.5798680457920837,-0.12833446896894346,-0.4563005485386416,-0.15869429637679283,57.104,59.618
1764946096.902412,41,103;104;200,59.913;55.217;83.289,-0.023350505728545544,1.5002543024383748,2.7586721773973624,-0.16742554738276175,-0.1429848107348355,0.4446668602278313,-0.4775058144409814,1.4056076073938624,2.5801697745129633,-0.128285207132584,-0.4562803510974288,-0.15873618697187097,57.083,59.604
1764946097.068880,42,103;104;200,59.774;54.144;85.241,-0.02362879241501676,1.4997509994273608,2.758984398807151,-0.1674960780833095,-0.1431789518187708,0.4446753394900691,-0.4778157115437436,1.4051199637343648,2.5804036320419823,-0.1282950695050863,-0.456355937093078,-0.15878324389824156,57.062,59.588
1764946097.208974,43,103;104;200,58.588;53.757;83.662,-0.023444143343142078,1.4994329459555649,2.7591210783330298,-0.1675284651139857,-0.14316405832728474,0.44451272659165403,-0.47767970356938333,1.4048729283112682,2.5806398212501653,-0.12835090376512884,-0.4561803838744356,-0.1588079983144547,57.049,59.574
1764946097.358841,44,103;104;200,59.344;51.849;83.937,-0.0230812210645543,1.4997942331804368,2.758964239206405,-0.16755907668064018,-0.14316863538871913,0.4443895860716143,-0.47729912589955614,1.4051597161981435,2.5804732802534067,-0.12853562689568776,-0.456087928439906,-0.15864781483125545,57.063,59.582
1764946097.486850,45,103;104;200,60.156;54.211;84.661,-0.022977615046639217,1.4996352079229178,2.758982800417712,-0.16757597448722525,-0.14324949422093847,0.4444191056098555,-0.47722473770331164,1.405084102167511,2.580613725863029,-0.12856012733144745,-0.45614879905149036,-0.15863209830604008,57.058,59.577
1764946097.619446,46,103;104;200,59.976;53.878;83.993,-0.02268307854670133,1.499441639667838,2.7590754894774645,-0.16756730091314942,-0.14319016256794023,0.4442943772933747,-0.47697088622560163,1.4049260369950993,2.5807856611367788,-0.12860060032807807,-0.4559824279711784,-0.15866341976829715,57.050,59.566
1764946097.792342,47,103;104;200,59.687;54.258;83.913,-0.02206837973876633,1.4993343866983977,2.7588400545254816,-0.1675764943099435,-0.14316855303835255,0.4442414499924567,-0.4764320838837163,1.4051174381724418,2.581077824641623,-0.12867711855225086,-0.4559352052927453,-0.1585924820375313,57.050,59.561
1764946098.000681,48,103;104;200,59.830;54.216;83.129,-0.021401844431503773,1.499161487516177,2.7586824163296493,-0.1675701338494442,-0.14308805683547526,0.44414607907076314,-0.4758480116469264,1.4052101449323395,2.5814006625285866,-0.12874327632342097,-0.4558049536830601,-0.15857266943215725,57.047,59.552
1764946098.189060,49,103;104;200,59.311;54.279;84.769,-0.022024126408674488,1.4991850945629441,2.7586714493373474,-0.16759075580728944,-0.14319564168290996,0.444241860717177,-0.4764272416817365,1.405224685622695,2.581276477044331,-0.1286391011007207,-0.455975900740858,-0.15854734232260725,57.048,59.561
1764946098.364034,50,103;104;200,60.049;54.882;82.957,-0.021554700949532116,1.4990888763305181,2.75865544305378,-0.16757868456966085,-0.14312215132494957,0.44419056164596155,-0.4760041135204961,1.4052081235121454,2.581444110952539,-0.12869618554187406,-0.4558727200887006,-0.15857646941826556,57.045,59.553
1764946098.562927,51,103;104;200,60.064;54.748;84.247,-0.02153669187048835,1.498928479888334,2.758644804699063,-0.1675751888078958,-0.14313625325480636,0.4441927719824508,-0.4760122943476461,1.4051592833447841,2.58158253981348,-0.12866202348194206,-0.45588311525056374,-0.15858515994515432,57.040,59.549
1764946098.753362,52,103;104;200,59.532;54.365;83.714,-0.021421806872120436,1.4988588175352566,2.7586257537276273,-0.16757599420992128,-0.14313055746341471,0.4441945624216131,-0.4759169193840655,1.4051527308959424,2.581667384754799,-0.12866664492175325,-0.45587909830878626,-0.15859343551114155,57.038,59.547
1764946098.926192,53,103;104;200,60.777;54.319;83.451,-0.021767889527997856,1.4986676362675724,2.7590463630209188,-0.16758011181821048,-0.1430527140368072,0.4441945648030669,-0.476234358015921,1.404675477786464,2.5815902656786305,-0.1286149914004443,-0.4557846178776721,-0.15881448430854447,57.025,59.536
1764946099.081110,54,103;104;200,60.384;54.119;83.593,-0.021552278570629253,1.4987843639203142,2.7589920218905872,-0.16757598383493183,-0.1430328836067971,0.4441349142445239,-0.47601970713589636,1.4047724031870266,2.581555184549172,-0.12868043098004106,-0.45572222379648947,-0.15876173037359467,57.030,59.537
1764946099.234989,55,103;104;200,60.127;53.788;83.797,-0.021719304896064485,1.4986864288566157,2.7595101518946326,-0.16759426125987387,-0.14300425923544907,0.4442624820819928,-0.4761475065531057,1.4042373188230979,2.5813933804951406,-0.12871250542571178,-0.4557369318979353,-0.15902614161666168,57.018,59.524
1764946099.388738,56,103;104;200,59.890;54.448;83.994,-0.021449949225599545,1.4988050588699189,2.7593928359266777,-0.16760101631966692,-0.14298426988492455,0.44422371247252807,-0.47588761551216574,1.4043958151175964,2.581392017952106,-0.12878323925937152,-0.4556997791885689,-0.1589680820163309,57.023,59.526
1764946099.521632,57,103;104;200,59.860;54.111;83.836,-0.021141820816602836,1.4988325669675848,2.7591766842607806,-0.16760253201284064,-0.14299568229210077,0.4441613994508932,-0.47561334752360207,1.4046158675319198,2.581512268091292,-0.12883028939558466,-0.45567425627774066,-0.15885482580419005,57.028,59.528
1764946099.666885,58,103;104;200,59.987;53.732;83.397,-0.021270833318699115,1.4989657591777317,2.75917693631348,-0.16760124691346476,-0.1429835446420166,0.4441533558792982,-0.47571392067095747,1.404663836104671,2.5813808358307266,-0.12882854989058062,-0.4556670836414822,-0.158842656107147,57.032,59.533
1764946099.906609,59,103;104;200,60.013;53.914;82.747,-0.021206745949276067,1.499063961859282,2.7590752774890928,-0.16759884504548325,-0.14294690377978297,0.4441479342759357,-0.475647668981514,1.4047982005611914,2.5813536059139826,-0.1288320399476503,-0.4556561261192043,-0.1588223697287812,57.037,59.537
1764946100.102844,60,103;104;200,60.180;53.938;85.676,-0.0212592274196087,1.499299494783951,2.7590553436617125,-0.16759032126427065,-0.1429725321116851,0.44413487611607205,-0.4756629700544513,1.4049038565673324,2.5811603552222766,-0.1288716088490355,-0.4556648179196284,-0.15875327047650042,57.045,59.544
1764946100.281184,61,103;104;200,59.693;54.686;86.196,-0.02161814782119153,1.4995252058891562,2.7591709195802636,-0.1675843831119187,-0.1430635743956227,0.44416734285255743,-0.4759549411068828,1.4048733948557057,2.5808657950693834,-0.12888133562429915,-0.45573993160301773,-0.1587033996104302,57.050,59.551
1764946100.457066,62,103;104;200,59.460;54.778;85.320,-0.022176472472770183,1.4996178978606454,2.759251761660575,-0.16759935539874032,-0.14309128445143754,0.4442698703608552,-0.47645610247117537,1.4048256587636472,2.580658880067705,-0.1287963803242752,-0.45585491048203103,-0.15875852705125498,57.052,59.559
1764946100.629148,63,103;104;200,59.978;54.326;82.192,-0.021891079749203013,1.499518600764437,2.759015454594598,-0.1675968890860934,-0.14303378716858808,0.44424989594878456,-0.4762239880607163,1.4050182307852268,2.580886870151138,-0.12877312594068224,-0.45583179362397147,-0.15873235195158103,57.053,59.559
1764946100.794294,64,103;104;200;202,59.774;53.501;82.946;72.801,-0.023309178077748096,1.4975383874913557,2.7599254809702565,-0.16717025666631252,-0.142811222625182,0.44389381734193606,-0.47777194942829343,1.4034016917969723,2.5818793170820804,-0.1278044299747504,-0.455327541666248,-0.15915715601537755,56.974,59.506
1764946100.924029,65,103;104;200,60.055;53.958;84.836,-0.02317287175071753,1.497708429834514,2.759589066285752,-0.16727749105272754,-0.14290945845656525,0.44392107800413483,-0.47764714704924854,1.4037887459725849,2.5819027419205987,-0.12792675075939317,-0.4554534172608542,-0.15900504630760223,56.986,59.517
1764946101.044504,66,103;104;200,59.925;53.875;82.710,-0.023607267657014187,1.49816136735471,2.7594702874857235,-0.1673806697404376,-0.14306326381379025,0.4441615763356467,-0.47799485424940624,1.4040667474588007,2.58150528598924,-0.12800115984995863,-0.45578023892944114,-0.15894844797190316,57.002,59.537
1764946101.169178,67,103;104;200,60.025;54.431;81.288,-0.023514780832366893,1.4985526171447408,2.7592196553916537,-0.16744825179286388,-0.14306112605551047,0.44412724813209925,-0.47787039646990365,1.404452777149649,2.5813051920286347,-0.12812761913541415,-0.4557875163194956,-0.1588238141579835,57.019,59.552
1764946101.306282,68,103;104;200,59.530;54.261;84.205,-0.023492983733978328,1.4987397239037936,2.7592400718429126,-0.1674898455214428,-0.14317077206650272,0.44416660708568234,-0.4778200466474279,1.404502439878108,2.581148035373318,-0.12824228977910643,-0.4558762092238655,-0.1587507391736376,57.025,59.555
1764946101.492742,69,103;104;200,59.926;53.721;83.154,-0.02367212174778342,1.499188804529791,2.759234746806096,-0.16751263671819266,-0.14314313365617748,0.4442542356774909,-0.4779200942327917,1.4046718254825112,2.5807521937807776,-0.12829886399991414,-0.45594438221984857,-0.15876091687518745,57.040,59.568
1764946101.685757,70,103;104;200,59.022;54.243;84.503,-0.0234280916960435,1.4992197297776917,2.759104866818756,-0.16752085447225487,-0.1432377413869451,0.4443157245381246,-0.47769826331957094,1.40480999001317,2.5808232573299894,-0.1283563417868741,-0.4560570127539376,-0.15867354155035562,57.043,59.569
1764946101.900915,71,103;104;200,60.201;53.922;85.747,-0.02391369883200871,1.4992801614993425,2.7590580039851833,-0.16754305358449226,-0.14332398508962454,0.44433919915869047,-0.47814694692643145,1.4048732958214072,2.5807073157932083,-0.12829324214175702,-0.4561548822375627,-0.1586106360291157,57.046,59.578
1764946102.170058,72,103;104;200,59.587;54.035;83.682,-0.02435368010654262,1.4994259084377157,2.759115930148331,-0.16756438471093105,-0.1434068659940639,0.4444562322309495,-0.4785312139244751,1.4048677107301604,2.5804868392170066,-0.1282611719338725,-0.45631004476997533,-0.1586154117983479,57.050,59.586
1764946102.369442,73,103;104;200,60.667;54.120;82.139,-0.02477407470445746,1.4993630031662166,2.759301992136594,-0.167584159786251,-0.14340215640187826,0.4445231486809423,-0.4789178431778324,1.4046621996642001,2.5803875257367244,-0.12819573133775714,-0.456353585885605,-0.1587312596086942,57.045,59.585
1764946102.582032,74,103;104;200,60.666;54.446;84.138,-0.024813748479273534,1.4994416223718778,2.7594049135269954,-0.16760378262030767,-0.14342711314520448,0.4445851755100675,-0.4789342944317408,1.404591997010741,2.5802742267814747,-0.12823953543388006,-0.45640443392097996,-0.15876979542514125,57.045,59.585
1764946102.767876,75,103;104;200,60.101;54.533;84.923,-0.024525870851802852,1.499357657632621,2.7593865538936915,-0.16762511515320877,-0.14348097651828534,0.44466220704596127,-0.47867957820258733,1.4045811383965985,2.5804012426131417,-0.12830122633371652,-0.4564876982510333,-0.15877611615676834,57.043,59.580
1764946102.952872,76,103;104;200,60.628;54.404;82.994,-0.024112981743756503,1.4994835093780408,2.759220793337656,-0.1676359261314884,-0.14353465953635605,0.4446937580400313,-0.47828872227082064,1.4047902555721214,2.580439522273384,-0.12840687966704045,-0.4565507008815485,-0.15867941062934907,57.049,59.582
1764946103.114707,77,103;104;200,60.425;55.004;83.401,-0.024050582768284708,1.4993646696899507,2.759395754838967,-0.16765810139803594,-0.14355526280165484,0.44482734769107096,-0.47823362934504016,1.4045789053982431,2.580475879233001,-0.128430541774733,-0.45664253051415465,-0.15880703684210778,57.043,59.574
1764946103.270932,78,103;104;200,59.614;54.380;84.408,-0.024011901760673235,1.4993571750725005,2.7594609950496527,-0.16767705251730858,-0.14356995498430147,0.44484857894210833,-0.4781931179146543,1.4045138051273978,2.580462118961537,-0.12846891606486127,-0.45665594117770575,-0.15883281857936424,57.041,59.571
1764946103.451403,79,103;104;200,60.814;54.474;85.282,-0.02414956412788919,1.499411276698764,2.759553628510697,-0.16768619479649632,-0.14362470192277935,0.44483829545658843,-0.4783057522577748,1.4044436362252553,2.5803557011697134,-0.12849649025684123,-0.4566686362851621,-0.15880972053372217,57.041,59.572
1764946103.608361,80,103;104;200,60.609;54.672;83.817,-0.024272550946127534,1.4995022645213407,2.759488335819146,-0.16768839596334725,-0.14359896465367672,0.4448048927334021,-0.4784124123483147,1.404538858302849,2.5802864550239,-0.12847723372200842,-0.4566432411185212,-0.15878314502114313,57.045,59.577
1764946103.834093,81,103;104;200,60.457;54.520;84.736,-0.02370689560271345,1.4995571630058826,2.7595298466149365,-0.1676765651717501,-0.14358145448241927,0.4447242133964939,-0.47787210802194924,1.404523953599942,2.580324699049416,-0.12862453144707164,-0.4565318215737371,-0.1587470188373749,57.046,59.570
1764946104.024404,82,103;104;200,60.154;54.199;84.582,-0.023718917548148873,1.4996142982234186,2.7593422435588177,-0.16766891717622692,-0.14357201605183917,0.4446540541514494,-0.47789049376782117,1.4047251016240496,2.5803527779451354,-0.12859965184538555,-0.45649906156279724,-0.15865228745235307,57.051,59.577
1764946104.215629,83,103;104;200,59.613;54.508;84.620,-0.023966245940057702,1.499590242946258,2.7592862675157317,-0.16766577923904336,-0.14354355104697644,0.4446770779819427,-0.47812994952049376,1.4047679460346918,2.5803515973731384,-0.12851142401616233,-0.4565239769692077,-0.15867609623365828,57.052,59.581
1764946104.408777,84,103;104;200,59.663;54.148;84.144,-0.02381297529084166,1.4994244098984346,2.7593363182682755,-0.16766035148043595,-0.1435557153233571,0.4446143026265532,-0.4780075768197562,1.4046600029290746,2.5804934952335388,-0.12852939374087718,-0.45646232220843147,-0.15866934976165392,57.045,59.573
1764946104.647009,85,103;104;200,59.549;54.434;82.903,-0.023960643560803598,1.4993218462866138,2.759272021854722,-0.16765250106363247,-0.14352625295934676,0.4445553671378312,-0.4781664878297697,1.404682706336996,2.58057738517362,-0.12845545823911833,-0.4564144487725134,-0.1586581042584282,57.043,59.575
1764946104.822768,86,103;104;200,60.225;53.460;83.868,-0.024225329195096342,1.4993229625479016,2.7593798082518206,-0.1676396726511902,-0.14352323090290792,0.44458064012178067,-0.4784045688545705,1.4045773711629879,2.580485515414442,-0.12840125896925628,-0.4564290109891466,-0.15870492198730354,57.042,59.575
1764946105.013245,87,103;104;200,59.863;53.913;84.718,-0.02439199498622542,1.4992192220824778,2.7596332550115568,-0.16765530738471424,-0.14357478351765277,0.4446950306199234,-0.4785545822631082,1.404294282124316,2.5804368420463275,-0.12840039791289753,-0.4565196968382255,-0.15882103446881252,57.034,59.568
1764946105.186664,88,103;104;200,60.517;54.141;84.481,-0.024355452177751452,1.499247007940201,2.759662149545364,-0.16766196074498335,-0.1435608193323761,0.4446846962577191,-0.47851379538205974,1.4042770925262769,2.580408811771238,-0.12842509743976321,-0.45649698529717453,-0.15883308831124893,57.034,59.568
1764946105.332110,89,103;104;200,60.041;54.359;84.189,-0.023994182806128226,1.4992431569978641,2.759593499421993,-0.1676489794029104,-0.14351172838606757,0.4445764098009044,-0.47818262548602086,1.4043446407459226,2.5805039909199974,-0.1284855512596329,-0.45637314917808175,-0.15878650535204347,57.035,59.565
1764946105.463832,90,103;104;200,60.277;54.389;84.373,-0.023906633633682506,1.4992650070034799,2.7595286632631466,-0.16763633118571936,-0.14345301686167605,0.44453470522733074,-0.47810298317001365,1.404415698510081,2.5805282051663383,-0.12847578050791397,-0.4563125035420312,-0.1587831778741587,57.037,59.566
1764946105.587793,91,103;104;200,59.538;54.639;84.556,-0.02397968472672249,1.4993509749402836,2.759458200724332,-0.16766494163769657,-0.14349898508581552,0.44465827601955354,-0.4781641870372437,1.404514471333439,2.5804740185771493,-0.12847989576610683,-0.4564564742758356,-0.1587874897620097,57.041,59.571
1764946105.749931,92,103;104;200,59.618;54.623;85.315,-0.023749551802795976,1.4992159885112846,2.7593096046639594,-0.16767770179661787,-0.14351186177732592,0.4446637615513972,-0.47798205098624674,1.4046093137065392,2.5806856769661364,-0.12848414830142804,-0.45648144450665273,-0.1587563882221333,57.039,59.568
1764946105.966623,93,103;104;200,59.832;55.319;83.096,-0.024090295101184666,1.499226647663525,2.7591509911127257,-0.16769043821698587,-0.1434841562884363,0.44464433212852866,-0.4783122484327343,1.4047627596349677,2.580681670380679,-0.12838501326605312,-0.45649257655504616,-0.15872966891010507,57.042,59.577
1764946106.175552,94,103;104;200,59.969;55.584;82.968,-0.024085683355899994,1.4991763397424522,2.7591425454783987,-0.16770844828663917,-0.14347931362464955,0.4446306881618031,-0.4783162576386363,1.404752351368107,2.580726987582933,-0.12839099083736621,-0.456479812965594,-0.15873768253304055,57.041,59.576
1764946106.362156,95,103;104;200,59.640;54.806;83.311,-0.024037045647329846,1.4992069650652677,2.759126880795713,-0.16772494357348908,-0.14350956320655384,0.44458256620464176,-0.4782674908328978,1.4047791038818964,2.5807170202289513,-0.12843940398639725,-0.45645625963394826,-0.1586854607516686,57.042,59.576
1764946106.553646,96,103;104;200,60.041;54.304;83.276,-0.023769976720811384,1.499252768733766,2.759308100192162,-0.16771828041914968,-0.14350414906721579,0.44450383645424735,-0.4779957077990497,1.4046241575983784,2.58065267720632,-0.12855516598438868,-0.45634464313900397,-0.15869034349704456,57.040,59.569
1764946106.735078,97,103;104;200,60.528;54.454;83.553,-0.02334274204802766,1.4992210916487634,2.75937261738318,-0.1677066132427603,-0.14351244774501154,0.4443984210339449,-0.4775958004911859,1.4045540081193677,2.5807275691599636,-0.12866929156251372,-0.4562294419460275,-0.15864309500061938,57.038,59.561
1764946106.934265,98,103;104;200,59.333;54.108;82.582,-0.023022959171647636,1.4992589714010176,2.75920928600082,-0.1676836540365768,-0.14341959371039006,0.4443834629207192,-0.4773049171964954,1.4047274417732527,2.5808199910695864,-0.1286694638096931,-0.4561774811371681,-0.1586411218033538,57.042,59.562
1764946107.142310,99,103;104;200,60.500;53.860;82.954,-0.02288819300268213,1.499283443552984,2.759321862483523,-0.16767372333587352,-0.14337744378442052,0.44435851304046314,-0.47716583777726645,1.4046294145752285,2.580777687260795,-0.12871195234580146,-0.45610857133751875,-0.15868580109146296,57.041,59.558
1764946107.311780,100,103;104;200,59.658;54.393;85.440,-0.02296087930444034,1.4994727520878617,2.7593941589528304,-0.16767622152170145,-0.14346862171726765,0.4443291588040376,-0.47719915262722196,1.404629210669291,2.5805808128496666,-0.12878864695967746,-0.45612518860425966,-0.15859525200368454,57.046,59.562
1764946107.472003,101,103;104;200,60.075;54.402;85.045,-0.022855080358904205,1.4993152677161383,2.7591325904410793,-0.16769364082337135,-0.14348849783719442,0.44432235822345717,-0.47714593719063114,1.4048232175513946,2.580835073153219,-0.12874531732772254,-0.45616822441437227,-0.15852577437391027,57.045,59.563
1764946107.660544,102,103;104;200,59.349;54.302;83.321,-0.02310071812564164,1.4993803229190437,2.759147772176285,-0.1677183587864178,-0.14345910792871314,0.44443477607439846,-0.47736443729421013,1.4048306632343122,2.580732450598494,-0.12870062881899844,-0.45625611752395295,-0.15861364245091228,57.047,59.568
1764946107.851704,103,103;104;200,59.932;54.637;83.500,-0.022729886648193535,1.4991807165108209,2.7590161110093154,-0.16769985340326743,-0.1433690237318123,0.44441930289676007,-0.4770589563350859,1.4048864649358783,2.581014628685218,-0.12867000770347584,-0.45619766859684935,-0.1586539569742137,57.043,59.562
1764946108.048414,104,103;104;200,59.604;54.411;84.017,-0.02296578681701022,1.499269437475521,2.7589301815798164,-0.16770766502758308,-0.14329586809110959,0.4443487962088859,-0.4772732824664519,1.4049998636053702,2.5809358183513345,-0.128619474560871,-0.45612422999738006,-0.15864395370944914,57.047,59.569
1764946108.279943,105,103;104;200,59.597;53.952;85.030,-0.0232170457250231,1.4991816375367035,2.758832316413126,-0.16771166468144116,-0.14346121288008823,0.44440080709581,-0.4775296172985385,1.4050594676364718,2.581003187409637,-0.12856473117949302,-0.4562860315801481,-0.1585294728596669,57.046,59.573
1764946108.454633,106,103;104;200,59.983;54.052;84.132,-0.023191109168986746,1.4992760977078055,2.758813550568806,-0.1677135345049862,-0.1433976606964789,0.4444096899702748,-0.4774926841307719,1.4051125522993086,2.5809383669763157,-0.1285694561040352,-0.4562607258613615,-0.15856486453521149,57.049,59.575
1764946108.640978,107,103;104;200,59.249;53.773;83.953,-0.02261452710364167,1.4989550708550003,2.7587654230882483,-0.16771343886345172,-0.14332036696373093,0.44437694287592494,-0.47700610070001404,1.4050449320295935,2.5813217417833907,-0.12859908769677597,-0.45617129616661345,-0.1586320353995314,57.040,59.561
1764946108.830940,108,103;104;200,59.339;54.360;83.981,-0.023078920038647453,1.498912449450494,2.7588976085716044,-0.16772618106605425,-0.14338149745282078,0.4445396014929568,-0.4774356468823744,1.4048985201244948,2.581220488860316,-0.12851075918202023,-0.4563419032906527,-0.15872394624683156,57.036,59.563
1764946109.033565,109,103;104;200,59.955;53.353;83.771,-0.023529699790488988,1.4989332655065002,2.758890321784506,-0.16773417175379857,-0.14343407390841567,0.4446251029211346,-0.4778545376384526,1.4049095456087017,2.5811268852901823,-0.128419108453616,-0.456465246826244,-0.15873089024760603,57.037,59.569
1764946109.229129,110,103;104;200,59.837;53.368;84.405,-0.023668353104256336,1.4988578378449429,2.7591500067396075,-0.1677519835834704,-0.14347724583137866,0.444695968963145,-0.477973704864771,1.4046311145798782,2.5810575796946607,-0.12844047004465714,-0.4565125017878741,-0.15882959211369926,57.030,59.563
1764946109.411785,111,103;104;200,59.215;54.575;83.387,-0.023732736557325235,1.4988300131367478,2.759129305797808,-0.16775940892008492,-0.14348595186094,0.44467047804213206,-0.4780398328503546,1.4046401959099404,2.5810773781985303,-0.12843001199373094,-0.45650241757590754,-0.15881140800554933,57.030,59.563
1764946109.566113,112,103;104;200,60.442;54.452;82.191,-0.023669861732070516,1.4989580085683405,2.758949070145241,-0.1677537236077589,-0.14345275474931524,0.4446135052773355,-0.4779768863004944,1.4048610911385622,2.58105787177308,-0.1284317732061997,-0.45646298869992324,-0.1587333862228731,57.037,59.570
1764946109.734092,113,103;104;200,60.517;54.231;83.469,-0.023599747834083445,1.4990856962196406,2.759137168989224,-0.16775940420494587,-0.14346628669958975,0.4446483745385014,-0.47787623570040455,1.4047281052038325,2.5808890620763743,-0.12851808677692328,-0.45646545174865294,-0.1587786006047687,57.038,59.568
1764946109.960593,114,103;104;200,60.470;54.611;83.844,-0.023781103777867504,1.4991522071679053,2.7590872745069133,-0.16773350451199473,-0.14344442640533742,0.44458192185639267,-0.47803989240535305,1.4047990766791045,2.5808231739211625,-0.12846489138571776,-0.456414500834423,-0.15873140810768174,57.041,59.573
1764946110.197098,115,103;104;200,60.782;54.575;85.325,-0.02350302712056882,1.4990069844659217,2.7589666849514884,-0.16770669681901,-0.14341831156863,0.4445280599253994,-0.47781204977525793,1.4048636155798073,2.5810401811436257,-0.12844679837735373,-0.4563612268559039,-0.15869594612612245,57.038,59.569
1764946138.770507,0,103;104;200,60.136;54.249;86.075,-0.022251744859319127,1.4970538036452135,2.7591594417886465,-0.16850490158271259,-0.14455200707381524,0.44394774397617714,-0.4769204473172894,1.4039663604990809,2.582775425360957,-0.12951583494115568,-0.456407770053681,-0.1581132107729697,56.972,59.500
1764946139.188028,1,103;104;200,59.607;55.461;83.615,-0.022076747123160885,1.4974771734522547,2.7586483617699744,-0.16842740659574354,-0.14413175218538873,0.44399835213211675,-0.4767356447862312,1.4046153750948103,2.5826704466992787,-0.12933901129911185,-0.4562955514276462,-0.15822532766694478,56.994,59.521
1764946139.419295,2,103;104;200,59.589;53.066;84.818,-0.02213855835819864,1.4979100321029,2.7584607086687623,-0.16837540107167331,-0.14393991816231005,0.4440029083438292,-0.4767439163113037,1.404955309611385,2.582383237593089,-0.12927878614224136,-0.4562279168802523,-0.1582423681444398,57.011,59.537
1764946139.631792,3,103;104;200,59.190;54.587;82.643,-0.022058260096921464,1.4983087644853705,2.7580995726350657,-0.1683369906336511,-0.1436257545411714,0.44392214980272476,-0.4766388251673903,1.4054503209617792,2.5822198567991177,-0.12920033133662245,-0.45604388685464314,-0.15826826834036653,57.030,59.555
1764946139.817596,4,103;104;200,59.720;54.202;84.628,-0.021945681133133797,1.4983827277043285,2.7581343903360147,-0.16831972827396058,-0.1435403217959699,0.4440235573621862,-0.47651945916129446,1.4054450576373314,2.582165048562183,-0.12918833472502467,-0.4560710968040272,-0.15837847982798148,57.032,59.555
1764946140.039546,5,103;104;200,60.298;54.728;84.743,-0.02225989180002934,1.4985481721090146,2.7579896942293174,-0.16829126504615788,-0.14346314696420734,0.4440023977713905,-0.47680054019606016,1.4056428036850845,2.5820338978370745,-0.12908058356818325,-0.4560499442480362,-0.15835663356852392,57.040,59.566
1764946140.261236,6,103;104;200,60.009;54.125;84.226,-0.0224265445981102,1.4988020573517085,2.7579099287528566,-0.168234148060332,-0.14332643679760618,0.44399119475181487,-0.4769248204541782,1.4058119208559423,2.5818299189129768,-0.12899328461506437,-0.4559866621491289,-0.15838053558602452,57.050,59.577
1764946140.512481,7,103;104;200,59.961;53.330;82.942,-0.022023543574482853,1.4988682841060366,2.757733810994653,-0.16815286142064909,-0.14311623909402205,0.44398556832561925,-0.4765524961116154,1.4060087497502296,2.5819188979072445,-0.12892535001286642,-0.4558761936032771,-0.158445760296703,57.055,59.577
1764946140.980831,8,103;104;200,59.935;54.476;83.871,-0.021575255582814985,1.4990168593371238,2.7575335915724173,-0.16808046305350885,-0.14290450838744767,0.4439022988470688,-0.4761273246514177,1.4062594353523956,2.5819583671149102,-0.12890452616627535,-0.4557015676663762,-0.15845619846586442,57.063,59.580
1764946141.241243,9,103;104;200,60.175;54.113;82.792,-0.021734102389278715,1.4992376353322887,2.7574687587635047,-0.16807888399900484,-0.14286445548089688,0.44382261326658984,-0.47624808369156746,1.4064020234998496,2.5817766613351436,-0.1289082519071969,-0.45563113657047744,-0.15839811625207356,57.071,59.589
1764946141.423001,10,103;104;200,59.811;53.560;82.342,-0.02118962780601047,1.4990829359325104,2.7572125844481254,-0.16808244763928706,-0.1427967572790598,0.44378887419331925,-0.47578312634033526,1.406595256431404,2.5821034558636637,-0.1289316890319086,-0.45558170583239854,-0.1583729443442471,57.070,59.585
1764946141.608147,11,103;104;200,59.799;54.308;84.624,-0.021591160747731007,1.499224694305923,2.757357956010243,-0.1681073826234189,-0.1429059034144347,0.44380481476139877,-0.4761254848204237,1.4065048331455625,2.5818576728361307,-0.12895637723476383,-0.45565022950629863,-0.15833310312277704,57.072,59.590
1764946141.756669,12,103;104;200,60.318;53.013;83.320,-0.021862804814696112,1.4991910016657906,2.7575611046300414,-0.16813384091684785,-0.14298454842749436,0.443832489615342,-0.47636785127836834,1.4062950790882989,2.5817543353584598,-0.12897263580776067,-0.45569634099297657,-0.15836428504081163,57.068,59.588
1764946141.938409,13,103;104;200,59.743;54.676;82.894,-0.02253384544435505,1.4993160331849273,2.7574201940353964,-0.16815671552987146,-0.14298458463586747,0.4438344690705231,-0.4769885406351333,1.4064714564736414,2.581591639568303,-0.1288428163675429,-0.45575372142944953,-0.1583244772772244,57.075,59.603
1764946142.142063,14,103;104;200,59.972;53.906;83.117,-0.021843953843929027,1.4994206153368956,2.7573693655948532,-0.1681302701555899,-0.14288035229756613,0.4438149013166371,-0.47633155347598344,1.4065642271344778,2.581648542971993,-0.12895870261816347,-0.45565530110584107,-0.15834550600141795,57.079,59.598
1764946142.351468,15,103;104;200,60.275;53.643;85.000,-0.021859126802651466,1.4995305752626962,2.757702349988922,-0.16813071348591607,-0.14296795276078902,0.44382375132875984,-0.47630151173715746,1.4062846081927072,2.5814199648817024,-0.12907385841134217,-0.4556564781979016,-0.15836435287603598,57.076,59.592
1764946142.563180,16,103;104;200,59.543;54.645;83.173,-0.021914959387742086,1.4994843460109064,2.7576810166832972,-0.16813980853023097,-0.14291093643964276,0.4438836252827228,-0.4763624773456592,1.4062876382966563,2.58145660815739,-0.12902648698272273,-0.45568203740501817,-0.15844405939509326,57.075,59.592
1764946142.764309,17,103;104;200,59.572;54.672;86.151,-0.0221336267164302,1.4993747799744548,2.757700430204378,-0.16814678599703983,-0.14304418555264328,0.44393545535774254,-0.4765819236017782,1.4062268913814968,2.581499635117229,-0.1289919323136252,-0.4558054968064758,-0.15839320942013652,57.071,59.592
1764946143.000167,18,103;104;200,60.214;54.870;85.032,-0.022500052774871823,1.499347535422037,2.757802590171828,-0.16816054093594854,-0.14310286674801712,0.44393548041261505,-0.476920271456634,1.4061158075616047,2.58141554837734,-0.12895525183538253,-0.4558385532769737,-0.15839231132297718,57.069,59.594
1764946143.236568,19,103;104;200,61.179;53.697;83.996,-0.022546705108497378,1.499326204174362,2.7578688280808965,-0.16814005431993465,-0.1431522564418968,0.44389153692319167,-0.47696159712967523,1.4060439147655315,2.5813976539823114,-0.12895779562342252,-0.4558197606268018,-0.15834753326452936,57.067,59.592
1764946143.452019,20,103;104;200,59.571;54.082;85.445,-0.022686701464335924,1.4994190131041747,2.7577026724011326,-0.16813976452368262,-0.1432061217402046,0.44397676748375625,-0.4770924136635933,1.4062367315789253,2.581365133490849,-0.1289113867210989,-0.4559545163751729,-0.1582876338627436,57.073,59.600
1764946143.669240,21,103;104;200,58.645;53.563;84.310,-0.023171259707734627,1.4994866055845448,2.757717014080679,-0.16813962280023653,-0.14326008183048763,0.44406807559902717,-0.4775342326441521,1.4062440038149848,2.581218570409955,-0.12881900984693434,-0.4560815213325385,-0.1582938057397224,57.075,59.608
1764946143.856471,22,103;104;200,60.443;54.943;84.244,-0.02294327897208897,1.4996053190023788,2.757596710932579,-0.1681219929727125,-0.14317807246238548,0.4440383190639465,-0.4773131391160393,1.4064052366636355,2.581211064160311,-0.12883721706536713,-0.45602043267763376,-0.15828026371114484,57.081,59.611
1764946144.044117,23,103;104;200,59.892;54.700;84.319,-0.022850693100450403,1.4995046584305476,2.7575516393592183,-0.1681065187915504,-0.14313806979229626,0.44398062034848207,-0.4772455018048197,1.4064121789310415,2.581328011334636,-0.12881097492323984,-0.455953067435845,-0.15827680371053482,57.079,59.608
1764946144.300473,24,103;104;200,59.633;54.136;84.584,-0.02303996819296331,1.499337917619018,2.7575797384892238,-0.16811205404874152,-0.14313186382331292,0.44394672011379077,-0.47744537654059443,1.4063221590867807,2.5814192592181087,-0.1287469010830652,-0.4559259036559934,-0.1583022307880018,57.073,59.606
1764946144.555284,25,103;104;200,59.810;54.646;83.959,-0.02299819200993603,1.4991529164361703,2.7575714652253525,-0.16810706621301397,-0.14307597049573306,0.443868754668317,-0.4774349247893652,1.4062621912975068,2.581581062556082,-0.12870711711469685,-0.4558294400016623,-0.1583287635364908,57.067,59.601
1764946144.758117,26,103;104;200,59.592;53.908;83.572,-0.023372963608269785,1.498935417845746,2.7575925423910275,-0.1681212577311451,-0.14304737331844475,0.44385705048032453,-0.47781660656471164,1.4061586315656454,2.581683817646043,-0.12858585089208538,-0.4558188972720712,-0.15839446559538292,57.060,59.600
1764946145.016237,27,103;104;200,60.284;54.158;84.190,-0.022979287535129962,1.499068127410188,2.7576966656095987,-0.1681410022618565,-0.14307076632429183,0.4438846826377369,-0.4774195652610069,1.4061107209092114,2.5816024352504234,-0.12874530732259576,-0.45581891257386703,-0.15840210469778854,57.062,59.596
1764946145.301476,28,103;104;200,60.311;54.596;84.112,-0.023077252634516706,1.498979842890473,2.7578938517146883,-0.16815097223827397,-0.14311093037297257,0.4439308372295046,-0.47750802387847796,1.4058878442608886,2.581576571586591,-0.128756425485666,-0.4558520433248769,-0.158470426840576,57.056,59.590
1764946145.529195,29,103;104;200,59.875;54.402;84.041,-0.02290748799734842,1.4989911875012176,2.757588523621895,-0.16816175870195693,-0.1431295488333237,0.44389815760674245,-0.47737306120357526,1.4061868344103892,2.581722143191325,-0.12875516140975957,-0.45587664920629206,-0.1583478507464697,57.061,59.596
1764946145.889531,30,103;104;200,59.718;54.465;83.597,-0.02279976136390431,1.4990741296738803,2.7576243806702054,-0.16816395481600416,-0.1430858398543739,0.4438690208589312,-0.47725676317269666,1.4061838417655337,2.5816587759543026,-0.1288006280694016,-0.45581734611152763,-0.15836507770909292,57.063,59.595
1764946146.172740,31,103;104;200,60.061;53.998;84.349,-0.02293845344182773,1.4990308457920771,2.7576637111179965,-0.16817299057404228,-0.14317641588183685,0.4438695393786809,-0.47738975252026455,1.4061289607016183,2.5816535556158873,-0.12880280983620035,-0.4558673989994518,-0.1583175320148607,57.061,59.595
1764946146.365883,32,103;104;200,58.854;53.856;83.492,-0.02273817922154442,1.4988756875609168,2.7578248042170874,-0.16818231148245114,-0.14322644232903847,0.4438858961817467,-0.4772123481840269,1.4059184594036727,2.581749682924727,-0.12886598859416581,-0.4558724228315884,-0.15835682404184323,57.054,59.585
1764946146.566308,33,103;104;200,59.263;53.987;84.182,-0.02264814481841185,1.4988353284979343,2.757822599453756,-0.16819056814729902,-0.14318838956595817,0.44389958310970756,-0.47713439689695675,1.405906390089041,2.581799413639188,-0.1288703857103924,-0.45585930938026764,-0.15840032446542446,57.052,59.583
1764946147.337007,34,103;104;200,59.142;53.252;84.663,-0.02256135256608991,1.4988045425257874,2.757948203808921,-0.1681816499166465,-0.14324124575772101,0.4438857622024786,-0.4770473577062002,1.4057749995280702,2.5817884652103764,-0.12891880697451497,-0.45585162256535483,-0.15838893614814542,57.049,59.578
1764946147.816538,35,103;104;200,60.296;54.077;83.374,-0.02264885673017696,1.4989249224849275,2.7575207949498677,-0.16817501912650776,-0.14317173984958848,0.4439403202802601,-0.4771467561067027,1.406229524136811,2.581849575264217,-0.12880000055206348,-0.4559337214722153,-0.1583258696212554,57.060,59.592
1764946148.169406,36,103;104;200,60.603;54.467;84.403,-0.02268723273950494,1.4990949749368805,2.7575499016671388,-0.16816741725863593,-0.14320365617587308,0.44398363311043365,-0.47715456814484847,1.4062640110890292,2.581692061341538,-0.1288296393044987,-0.4559843765918525,-0.1583045376791688,57.065,59.596
1764946149.190543,37,103;104;200,59.629;53.859;84.726,-0.0230218800812776,1.4991326008675887,2.7576276274090823,-0.16817937866594956,-0.14322191563460976,0.44404833662834964,-0.47745545171593884,1.4062005254697068,2.5815705063285574,-0.12878334034751898,-0.4560521400311199,-0.15835032549928446,57.065,59.600
1764946149.465642,38,103;104;200,60.762;54.252;84.391,-0.023125722969695183,1.4991541543473819,2.7577590947083523,-0.16816579817099003,-0.14319415866716959,0.4441292140486696,-0.4775383261200841,1.4060812911156912,2.581480821964573,-0.12875560238697487,-0.45608826585869916,-0.15844597283912026,57.064,59.598
1764946149.913398,39,103;104;200,59.374;53.937;85.547,-0.023284500369558182,1.499353770338128,2.757691372264273,-0.16817583682184561,-0.14322617485076256,0.4440890827863079,-0.4776623623814946,1.4062187388060134,2.581317498746667,-0.12877804009301702,-0.4560907773878591,-0.15835748118131807,57.072,59.607
1764946150.216883,40,103;104;200,60.248;54.089;85.145,-0.022906941105428392,1.4993177115516534,2.7576609861402734,-0.1681854400031831,-0.1432317743452476,0.4440796236200703,-0.47731719562189906,1.4062376809395776,2.581426026281357,-0.12886027943027487,-0.4560727234756786,-0.15834161357244061,57.071,59.602
1764946150.455415,41,103;104;200,59.681;54.459;84.268,-0.02269008529961194,1.4991910593544049,2.757693608564257,-0.16819218024468519,-0.1431899960490055,0.4440282214810236,-0.4771307333799479,1.4061613242129236,2.5815543528179346,-0.1288911301638665,-0.45599115958674097,-0.15837536964333643,57.066,59.595
1764946150.732932,42,103;104;200,60.200;55.423;86.181,-0.022957423365699194,1.4990304436969604,2.7576840014775836,-0.1682272172765614,-0.14326745523229925,0.44402174671407596,-0.47740586135230717,1.4061091595202493,2.5816422384973357,-0.12884965037188628,-0.45604273549868923,-0.15834845459039917,57.061,59.595
1764946151.127872,43,103;104;200,59.702;54.502;84.096,-0.023002291256098588,1.4991733135709322,2.7575959677779953,-0.16823607571757623,-0.14324508469941957,0.44399874232997877,-0.4774336292822927,1.4062461345702626,2.5815536686293967,-0.12886001720915743,-0.4560278755029961,-0.1583113412497802,57.067,59.601
1764946151.469328,44,103;104;200,59.837;54.289;83.839,-0.023067857201711044,1.4990822074721575,2.757782789107877,-0.1682194154683067,-0.14318020953801808,0.44399120915863766,-0.47749307974368044,1.4060324352362246,2.581540086677299,-0.12883074496595243,-0.4559587227692923,-0.15842257866174417,57.061,59.595
1764946151.683866,45,103;104;200,59.281;54.582;84.921,-0.023065952110611403,1.4990065996344477,2.757741203307138,-0.16820594074374046,-0.14318416202409026,0.4439006965916291,-0.47750619666736627,1.406044512831918,2.5816191531252937,-0.12881191969427525,-0.45589154334141957,-0.15836750831752142,57.059,59.594
1764946151.922576,46,103;104;200,60.152;54.512;84.359,-0.023114000394522497,1.4989387646024537,2.7577598587807306,-0.16819431978762037,-0.1431755959510662,0.44396651320212094,-0.4775598240128651,1.4060011580455838,2.5816584180715973,-0.12876321780042688,-0.45594129108177234,-0.15841966950412303,57.057,59.593
1764946152.198907,47,103;104;200,59.602;54.311;84.616,-0.023000120973221166,1.4989651550430787,2.757780696695028,-0.16819358197433404,-0.14317497547567928,0.44399216397944047,-0.47744756715671444,1.4059917880663135,2.581648459222779,-0.12879298883078127,-0.4559535482974441,-0.1584333395127405,57.057,59.591
1764946152.453017,48,103;104;200,60.069;54.637;84.455,-0.022781810522908563,1.4990423833360809,2.757794353138104,-0.16819501417204996,-0.14315387268561716,0.4439351257308693,-0.47723055320694374,1.406008909460868,2.581618354939576,-0.12886863666188764,-0.4558814091785354,-0.1584107704400276,57.059,59.590
1764946152.804885,49,103;104;200,59.658;54.001;83.555,-0.02256550077254806,1.4992122162467338,2.7578311706751872,-0.1681889268546593,-0.1430923051016018,0.4439076194907516,-0.4769995159508981,1.4060379053669005,2.581502798655583,-0.1289449518072446,-0.455808228414033,-0.1584257905400013,57.064,59.590
1764946153.103285,50,103;104;200,59.579;54.369;84.749,-0.02289622804388481,1.499126876279931,2.757666905996198,-0.16818990529070518,-0.14314498726525643,0.44393855509052854,-0.47733548782141444,1.4061616672882264,2.5815813008937685,-0.12882759954553652,-0.45590578045304364,-0.1583694436242386,57.064,59.597
1764946153.372669,51,103;104;200,60.112;54.201;85.069,-0.02254690188638048,1.499043308002527,2.757686284680808,-0.16821334734775192,-0.14316882563944738,0.44390309895624747,-0.4770196927455412,1.4061149682698644,2.5817032272448555,-0.1289265951170082,-0.45586918359393624,-0.1583530912716626,57.061,59.590
1764946153.680917,52,103;104;200,58.935;53.727;84.201,-0.022850615565912457,1.499149130369769,2.7578070780720356,-0.16824807639681041,-0.14320037313566886,0.4440164609662264,-0.4772777390667607,1.4060355261912634,2.581513864955661,-0.1289271487256829,-0.4559766373156023,-0.15842347076272617,57.063,59.593
1764946154.112386,53,103;104;200,58.671;53.980;84.752,-0.022930216732706697,1.4990454523321626,2.7576885763444134,-0.16828301529229497,-0.14325579760897728,0.4440329014771153,-0.47737776189917575,1.406110519500539,2.5816329170040837,-0.1289066722199069,-0.4560442087643308,-0.15838168453856957,57.061,59.595
1764946154.398749,54,103;104;200,59.640;54.599;83.873,-0.022686459213526747,1.499223289397127,2.757635447664958,-0.16824448636398984,-0.14314265754204356,0.44397590293361705,-0.4771273362093361,1.4062291437047192,2.581552458242991,-0.12893267101079808,-0.45593133679667974,-0.1583825650327858,57.068,59.597
1764946154.961898,55,103;104;200,59.914;54.258;85.898,-0.02251833042297661,1.4992595756398268,2.7579317267204115,-0.168258518181189,-0.14318457861385278,0.44409385321623035,-0.4769398575734568,1.4059591110394247,2.5814313271640725,-0.12904217645258456,-0.4559965293910338,-0.15849420053937863,57.064,59.588
1764946155.705340,56,103;104;200,59.026;52.653;83.650,-0.02226489901295485,1.4988339573280989,2.7579603115363676,-0.16825931265323169,-0.14319482728510674,0.44395862729503993,-0.4767645942486069,1.405776539560845,2.581811747664391,-0.12903882925633026,-0.4558718742639998,-0.15848411032485035,57.050,59.574
1764946156.003033,57,103;104;200,59.443;54.260;82.494,-0.021893005328211486,1.498689750104772,2.757598466814248,-0.16822908860715605,-0.14315664453417296,0.44373423016654856,-0.4764685201284053,1.4060739049347004,2.582143010440908,-0.12901883296091607,-0.4557039175127405,-0.15829711823707507,57.051,59.575
1764946156.210238,58,103;104;200,60.240;54.573;84.037,-0.022060444417867614,1.4989449424408645,2.757573111736474,-0.16823179482600872,-0.14312042700130104,0.4438311300300448,-0.476588844095582,1.40619121507802,2.5819155410654764,-0.12900673386155237,-0.4557776936207893,-0.15833379995771582,57.060,59.584
1764946156.449150,59,103;104;200,59.540;54.806;84.505,-0.02252638567677002,1.4988660636867515,2.7575284924960575,-0.1682175714354188,-0.14313016139216062,0.443910596718009,-0.4770404071369892,1.4062013606679535,2.5819160838692605,-0.12884923488788685,-0.4558794120612389,-0.15836736044693037,57.058,59.589
1764946156.695081,60,103;104;200,59.607;54.127;84.273,-0.022616708664808423,1.4989883296415454,2.7576759608079398,-0.1682256281979663,-0.14320086945197671,0.44404022448678543,-0.4770941537462552,1.4061040491860481,2.5817400253234815,-0.1288899104035375,-0.4560068796234637,-0.15840770790730274,57.060,59.590
1764946156.908506,61,103;104;200,59.426;54.552;83.472,-0.02236702334049857,1.4991710639830287,2.7575586535357774,-0.16821978074045918,-0.1430761511110997,0.4440023340883244,-0.4768427900201062,1.4062861916337448,2.5816828164619037,-0.12892835752026927,-0.4559142803416783,-0.15841902042778488,57.067,59.594
1764946157.121264,62,103;104;200,59.602;54.352;83.041,-0.02226092299975242,1.4992233889364155,2.757699793838086,-0.1681975746634092,-0.14305559557749672,0.4440795585995753,-0.476723878763762,1.406170669631203,2.5816010796435127,-0.1289512575798441,-0.4559394218500532,-0.158499022087801,57.067,59.590
1764946157.398643,63,103;104;200,60.642;54.507;84.281,-0.0226163793263018,1.4993337152258273,2.7576418116917516,-0.16819356951673192,-0.14309718916913336,0.44413839148163387,-0.47704458681096823,1.4062643184743706,2.581472057652037,-0.12888146456624391,-0.45603803135745236,-0.158467286114822,57.071,59.599
1764946157.637571,64,103;104;200,60.110;53.653;85.179,-0.02237283822266754,1.499291639970007,2.757631535825674,-0.16816360068739059,-0.143132930619722,0.44405496223423246,-0.47682396991581655,1.406260582871241,2.581553544760263,-0.12892311804631057,-0.4559770936350567,-0.1583853762851246,57.070,59.595
1764946157.898115,65,103;104;200,59.278;54.206;84.883,-0.022500132180040346,1.4992830207502799,2.757798743151782,-0.16817064415700905,-0.14321095765314762,0.4439465975962226,-0.47693039773825957,1.4060957054494578,2.5814697782134917,-0.12897854096131825,-0.4559074118980472,-0.15832466863390682,57.067,59.592
1764946158.319898,66,103;104;200,60.238;54.666;85.060,-0.02257470036425758,1.499225544448124,2.7576143216455278,-0.168161209081432,-0.14319757010403428,0.4438643283920205,-0.4770242128878898,1.4062511620005014,2.5815789638583118,-0.12891399401681863,-0.455864846164132,-0.15824503726502956,57.068,59.596
1764946158.557159,67,103;104;200,59.382;54.763;84.925,-0.02261421541918955,1.4991561393049848,2.757891421764223,-0.1681780367888399,-0.1432466963364653,0.44389399906867094,-0.47704851069391235,1.4059589275013051,2.581515348472952,-0.12897145467301147,-0.4558731706169316,-0.1583204209602011,57.061,59.588
1764946158.822972,68,103;104;200,59.760;54.770;84.703,-0.022838778153748022,1.4990392808404265,2.7578819181322536,-0.16817753069467878,-0.1432680852023119,0.44387889182775236,-0.4772769873148283,1.4059231581996996,2.58157502334681,-0.12890162698398383,-0.45588459036670104,-0.15831367879415487,57.058,59.588
1764946159.197371,69,103;104;200,60.244;54.191;84.960,-0.02282385763404457,1.4990140874998363,2.7579077327113763,-0.16815652761129898,-0.14326203256616477,0.4438790619722785,-0.47726467431231856,1.4058891704087397,2.581587663666794,-0.12888318417452305,-0.45587630982041744,-0.1583222026457171,57.057,59.587
1764946159.491583,70,103;104;200,59.809;53.813;85.148,-0.022959381264210443,1.4987808216674523,2.757946161006218,-0.16814860267347992,-0.14327477447334225,0.4439020814548194,-0.47742343493036915,1.405765047602338,2.581738445701043,-0.12879977694915526,-0.45590282776808844,-0.15836863684134025,57.049,59.582
1764946159.744271,71,103;104;200,60.389;54.502;84.902,-0.02338820032940874,1.4987646425977776,2.7577604325960086,-0.16814494717885853,-0.1432032631300348,0.4438633630681775,-0.47784257860423834,1.4059340998238041,2.5817518853488086,-0.128645100877757,-0.45588251500902294,-0.15835831707878087,57.051,59.592
1764946159.953489,72,103;104;200,59.784;53.554;84.764,-0.02299823649445532,1.4986591268590483,2.757837999200795,-0.1681290643731005,-0.14323975544113027,0.4439333353061497,-0.47748720905511627,1.4058237416169233,2.5818751773897692,-0.12870619770147135,-0.45592944190874923,-0.1583913354573328,57.047,59.583
1764946160.177023,73,103;104;200,59.442;54.327;84.675,-0.022666056450696925,1.4986775648232304,2.7577800759484754,-0.1681302584522595,-0.14318748320261623,0.44386181317907236,-0.47717850888953706,1.4058888603944768,2.581942442534284,-0.1287725621083072,-0.4558344485721302,-0.15837126080341557,57.048,59.580
1764946160.407757,74,103;104;200,59.372;54.309;84.289,-0.022796623181677994,1.4988218767362687,2.757778536226961,-0.1681321289227568,-0.14313870113806723,0.4438478008816111,-0.4772790100380275,1.405942594682108,2.581802226507666,-0.12876616202992835,-0.4558026836085574,-0.15838393815207133,57.053,59.585
1764946160.725375,75,103;104;200,60.002;53.863;85.112,-0.02300923568874884,1.4988441178975818,2.7577199386016606,-0.16814126292991072,-0.14316263756926492,0.4439516070966588,-0.4774794541594949,1.4060054254187677,2.5817705102185955,-0.12870634969308437,-0.4559227434918232,-0.1584037637973654,57.055,59.590
1764946160.997680,76,103;104;200,60.067;54.300;85.429,-0.02293674412443561,1.4989007480816117,2.757953844846501,-0.16815578127548783,-0.1432145322516069,0.4439850547578856,-0.47738351428763504,1.4058021208081972,2.5816414018087728,-0.12880626359052805,-0.4559373456233368,-0.15844504167238174,57.052,59.585
1764946161.175396,77,103;104;200,59.615;54.414;82.944,-0.023063846918292663,1.4990050484010364,2.757868144682549,-0.16815509177697804,-0.1431731715640087,0.4440359922119909,-0.4774938316655979,1.4059219603092954,2.581568876773815,-0.12876080590983302,-0.4559777253796464,-0.15846460346560176,57.057,59.591
1764946161.342918,78,103;104;200,60.093;54.209;84.626,-0.023095930230049924,1.4990440830681362,2.757762043935909,-0.16815036987658427,-0.14317757043575488,0.44407203176838095,-0.47752683347412583,1.4060380768252851,2.5815747367041135,-0.12873002107454456,-0.45602922974683124,-0.15844103836421528,57.060,59.595
1764946161.556607,79,103;104;200,60.373;54.502;84.928,-0.022745799970566697,1.4990916072014482,2.7578895853954775,-0.16814592664253777,-0.1431705966248403,0.4440658424157393,-0.47718148026500534,1.4059358392853256,2.5815455741889064,-0.12884064275890011,-0.4559823796878426,-0.15846700038943232,57.059,59.588
1764946161.786651,80,103;104;200,60.535;54.596;84.433,-0.02304954926714804,1.499151970961951,2.7577496854246495,-0.1681507936431742,-0.14317179476347036,0.4441117827276387,-0.477468192134561,1.4060901413559264,2.5814999019624154,-0.12875306331954212,-0.45605919955208185,-0.15844571183527703,57.064,59.597
1764946162.040096,81,103;104;200,59.711;55.005;85.005,-0.023161896709089577,1.4990167600535387,2.757873574892349,-0.16817817668551002,-0.14323382173603696,0.44411096688508866,-0.47758332068564124,1.4059202746581643,2.5815397814198833,-0.1287670444176191,-0.4560776809836401,-0.1584645144517206,57.057,59.592
1764946162.282617,82,103;104;200,59.808;54.516;85.039,-0.023070883651604743,1.499042375953542,2.757956281915295,-0.16818736818520794,-0.14324925305966968,0.44402963092381925,-0.4774873960622351,1.4058509797542142,2.5815011144304716,-0.12883975472497453,-0.4559999563913107,-0.1584337905573702,57.057,59.590
1764946162.516307,83,103;104;200,60.133;54.854;85.470,-0.02318869040743257,1.4991337692544995,2.7580965708968903,-0.16821359650309267,-0.14329213347985323,0.44403035144348807,-0.477572022330759,1.405748943918506,2.5813483277961375,-0.12890040100765693,-0.45600679413232253,-0.15844004444800713,57.057,59.590
1764946162.766496,84,103;104;200,59.678;53.883;84.715,-0.023154234674306745,1.4989248591906887,2.757971223079753,-0.16821846520151873,-0.1433010372441593,0.44404940821521666,-0.47758184987635993,1.4057925746664648,2.5815762137880562,-0.12883785857230753,-0.4560466289055493,-0.15843695562131327,57.053,59.588
1764946453.542951,58,102;103;104;200,49.208;59.744;64.247;80.918,-0.34374720055520713,1.4971207130911177,2.3451482552314733,-0.34674974894720223,-0.026537164267971043,0.656683660815156,0.7869635187135365,-1.6435397188033016,-2.374146922845886,0.007955971591314667,-0.6980314043923886,-0.25111669516553986,65.383,74.772
1764946453.723320,59,103;104;106;200;202,62.285;56.374;60.291;92.509;85.324,-0.2943317429539943,1.510868899962393,2.3989460139348333,-0.3505956496069846,-0.011594909289032273,0.6413764268170764,0.745944555852347,-1.647795250595924,-2.440669751161865,-0.038448445246746676,-0.6721965934672782,-0.2827535061113994,64.595,72.970
1764946453.889920,60,103;104;106;200;202,62.285;56.374;60.291;92.509;85.324,-0.2943317429539943,1.510868899962393,2.3989460139348333,-0.3505956496069846,-0.011594909289032273,0.6413764268170764,0.745944555852347,-1.647795250595924,-2.440669751161865,-0.038448445246746676,-0.6721965934672782,-0.2827535061113994,64.595,72.970
1764946454.070266,61,103;104;106;200;202,62.285;56.374;60.291;92.509;85.324,-0.2943317429539943,1.510868899962393,2.3989460139348333,-0.3505956496069846,-0.011594909289032273,0.6413764268170764,0.745944555852347,-1.647795250595924,-2.440669751161865,-0.038448445246746676,-0.6721965934672782,-0.2827535061113994,64.595,72.970
1764946454.254707,62,103;104;200;202,59.502;56.219;93.230;78.826,-0.2911486781022342,1.5206706726016463,2.4432920347789384,-0.3408929871800531,-0.009620178993890342,0.6373861768171036,0.7511331134268125,-1.648520884777913,-2.4885852018163632,-0.04697223479006524,-0.6560721209911375,-0.29762693554503544,64.163,72.064
1764946454.417561,63,103;104;200;202,59.502;56.219;93.230;78.826,-0.2911486781022342,1.5206706726016463,2.4432920347789384,-0.3408929871800531,-0.009620178993890342,0.6373861768171036,0.7511331134268125,-1.648520884777913,-2.4885852018163632,-0.04697223479006524,-0.6560721209911375,-0.29762693554503544,64.163,72.064
1764946454.583367,64,101;102;103,59.709;55.076;66.825,-0.04967819134035116,1.8012543716667964,2.4355392872624013,-0.100500219674137,0.24902167904307554,0.6426237618944013,-0.47413243041898084,1.8120853543163484,2.401469740470092,0.07222931688696393,-0.5541514400202383,-0.404373912608532,72.859,75.804
1764946454.848193,65,101;102;200,57.171;65.579;56.832,0.0887000094883742,1.9361000449124894,2.363636789253212,0.03182440650283531,0.3902363992202799,0.5851751317211324,-0.31811547807929413,1.8995453188952103,2.3070627639191796,0.14970811328609115,-0.5004101179916417,-0.4571981520329093,78.617,79.490
1764946455.029103,66,101;102;200;201,57.206;68.235;75.820;67.857,0.28866720373609456,1.9378047291064062,2.2765140335051686,0.10629399086371777,0.47665366729305214,0.5167271908727111,-0.11273471876295875,1.9742768660632086,2.327229637019731,0.14167896104278144,-0.43862005258340436,-0.5264734386093117,81.196,80.617
1764946455.292392,67,101;102;103;200,45.859;61.622;60.553;73.678,0.23337036649730364,1.9375270355856313,2.2305140659418488,0.13359080256431075,0.4852400053692281,0.48601930668175314,-0.16363486781395983,2.0300958432173397,2.3242959915880985,0.18923025749127467,-0.41497908483604534,-0.5138524205906878,81.971,82.420
1764946455.460293,68,103;104;200,54.282;55.146;85.467,0.054639320909312394,1.1137200684421749,2.8210413817322455,-0.0019284462890278972,0.24063822960079023,0.4527737095342416,-0.4479812939809691,1.1560841112294702,2.8638861237598423,0.12593257089247278,-0.13874931073991087,-0.46027622580692734,43.068,46.815
1764946455.625524,69,103;104;200,54.282;55.146;85.467,0.054639320909312394,1.1137200684421749,2.8210413817322455,-0.0019284462890278972,0.24063822960079023,0.4527737095342416,-0.4479812939809691,1.1560841112294702,2.8638861237598423,0.12593257089247278,-0.13874931073991087,-0.46027622580692734,43.068,46.815
1764946455.805709,70,103;104;200,54.282;55.146;85.467,0.054639320909312394,1.1137200684421749,2.8210413817322455,-0.0019284462890278972,0.24063822960079023,0.4527737095342416,-0.4479812939809691,1.1560841112294702,2.8638861237598423,0.12593257089247278,-0.13874931073991087,-0.46027622580692734,43.068,46.815
1764946456.001954,71,103;104;200,54.282;55.146;85.467,0.054639320909312394,1.1137200684421749,2.8210413817322455,-0.0019284462890278972,0.24063822960079023,0.4527737095342416,-0.4479812939809691,1.1560841112294702,2.8638861237598423,0.12593257089247278,-0.13874931073991087,-0.46027622580692734,43.068,46.815
1764946456.167031,72,103;104;200,54.282;55.146;85.467,0.054639320909312394,1.1137200684421749,2.8210413817322455,-0.0019284462890278972,0.24063822960079023,0.4527737095342416,-0.4479812939809691,1.1560841112294702,2.8638861237598423,0.12593257089247278,-0.13874931073991087,-0.46027622580692734,43.068,46.815
1764946456.326335,73,103;104;200,54.282;55.146;85.467,0.054639320909312394,1.1137200684421749,2.8210413817322455,-0.0019284462890278972,0.24063822960079023,0.4527737095342416,-0.4479812939809691,1.1560841112294702,2.8638861237598423,0.12593257089247278,-0.13874931073991087,-0.46027622580692734,43.068,46.815
1764946456.493524,74,103;104;200,54.282;55.146;85.467,0.054639320909312394,1.1137200684421749,2.8210413817322455,-0.0019284462890278972,0.24063822960079023,0.4527737095342416,-0.4479812939809691,1.1560841112294702,2.8638861237598423,0.12593257089247278,-0.13874931073991087,-0.46027622580692734,43.068,46.815
1764946456.659368,75,103;104;200,54.282;55.146;85.467,0.054639320909312394,1.1137200684421749,2.8210413817322455,-0.0019284462890278972,0.24063822960079023,0.4527737095342416,-0.4479812939809691,1.1560841112294702,2.8638861237598423,0.12593257089247278,-0.13874931073991087,-0.46027622580692734,43.068,46.815
1764946456.806797,76,103;104;200,54.282;55.146;85.467,0.054639320909312394,1.1137200684421749,2.8210413817322455,-0.0019284462890278972,0.24063822960079023,0.4527737095342416,-0.4479812939809691,1.1560841112294702,2.8638861237598423,0.12593257089247278,-0.13874931073991087,-0.46027622580692734,43.068,46.815
1764946456.957929,77,103;104;200,54.282;55.146;85.467,0.054639320909312394,1.1137200684421749,2.8210413817322455,-0.0019284462890278972,0.24063822960079023,0.4527737095342416,-0.4479812939809691,1.1560841112294702,2.8638861237598423,0.12593257089247278,-0.13874931073991087,-0.46027622580692734,43.068,46.815
1764946457.093327,78,103;104;200,54.282;55.146;85.467,0.054639320909312394,1.1137200684421749,2.8210413817322455,-0.0019284462890278972,0.24063822960079023,0.4527737095342416,-0.4479812939809691,1.1560841112294702,2.8638861237598423,0.12593257089247278,-0.13874931073991087,-0.46027622580692734,43.068,46.815
1764946457.246768,79,103;104;200,54.282;55.146;85.467,0.054639320909312394,1.1137200684421749,2.8210413817322455,-0.0019284462890278972,0.24063822960079023,0.4527737095342416,-0.4479812939809691,1.1560841112294702,2.8638861237598423,0.12593257089247278,-0.13874931073991087,-0.46027622580692734,43.068,46.815
1764946457.481539,80,103;104;200,54.282;55.146;85.467,0.054639320909312394,1.1137200684421749,2.8210413817322455,-0.0019284462890278972,0.24063822960079023,0.4527737095342416,-0.4479812939809691,1.1560841112294702,2.8638861237598423,0.12593257089247278,-0.13874931073991087,-0.46027622580692734,43.068,46.815
1764946457.672516,81,103;104;200,54.282;55.146;85.467,0.054639320909312394,1.1137200684421749,2.8210413817322455,-0.0019284462890278972,0.24063822960079023,0.4527737095342416,-0.4479812939809691,1.1560841112294702,2.8638861237598423,0.12593257089247278,-0.13874931073991087,-0.46027622580692734,43.068,46.815
1764946457.871797,82,103;104;200,54.282;55.146;85.467,0.054639320909312394,1.1137200684421749,2.8210413817322455,-0.0019284462890278972,0.24063822960079023,0.4527737095342416,-0.4479812939809691,1.1560841112294702,2.8638861237598423,0.12593257089247278,-0.13874931073991087,-0.46027622580692734,43.068,46.815
1764946458.039284,83,103;104;200,54.282;55.146;85.467,0.054639320909312394,1.1137200684421749,2.8210413817322455,-0.0019284462890278972,0.24063822960079023,0.4527737095342416,-0.4479812939809691,1.1560841112294702,2.8638861237598423,0.12593257089247278,-0.13874931073991087,-0.46027622580692734,43.068,46.815
1764946458.213041,84,103;104;200,54.282;55.146;85.467,0.054639320909312394,1.1137200684421749,2.8210413817322455,-0.0019284462890278972,0.24063822960079023,0.4527737095342416,-0.4479812939809691,1.1560841112294702,2.8638861237598423,0.12593257089247278,-0.13874931073991087,-0.46027622580692734,43.068,46.815
1764946458.407154,85,103;104;200,54.282;55.146;85.467,0.054639320909312394,1.1137200684421749,2.8210413817322455,-0.0019284462890278972,0.24063822960079023,0.4527737095342416,-0.4479812939809691,1.1560841112294702,2.8638861237598423,0.12593257089247278,-0.13874931073991087,-0.46027622580692734,43.068,46.815
1764946458.596931,86,103;104;200,54.282;55.146;85.467,0.054639320909312394,1.1137200684421749,2.8210413817322455,-0.0019284462890278972,0.24063822960079023,0.4527737095342416,-0.4479812939809691,1.1560841112294702,2.8638861237598423,0.12593257089247278,-0.13874931073991087,-0.46027622580692734,43.068,46.815
1764946458.749093,87,103;104;200,54.282;55.146;85.467,0.054639320909312394,1.1137200684421749,2.8210413817322455,-0.0019284462890278972,0.24063822960079023,0.4527737095342416,-0.4479812939809691,1.1560841112294702,2.8638861237598423,0.12593257089247278,-0.13874931073991087,-0.46027622580692734,43.068,46.815
1764946458.916311,88,103;104;200,54.282;55.146;85.467,0.054639320909312394,1.1137200684421749,2.8210413817322455,-0.0019284462890278972,0.24063822960079023,0.4527737095342416,-0.4479812939809691,1.1560841112294702,2.8638861237598423,0.12593257089247278,-0.13874931073991087,-0.46027622580692734,43.068,46.815
1764946459.086212,89,103;104;200,54.282;55.146;85.467,0.054639320909312394,1.1137200684421749,2.8210413817322455,-0.0019284462890278972,0.24063822960079023,0.4527737095342416,-0.4479812939809691,1.1560841112294702,2.8638861237598423,0.12593257089247278,-0.13874931073991087,-0.46027622580692734,43.068,46.815
1764946459.286514,90,103;104;200,54.282;55.146;85.467,0.054639320909312394,1.1137200684421749,2.8210413817322455,-0.0019284462890278972,0.24063822960079023,0.4527737095342416,-0.4479812939809691,1.1560841112294702,2.8638861237598423,0.12593257089247278,-0.13874931073991087,-0.46027622580692734,43.068,46.815
1764946459.474667,91,103;104;200,54.282;55.146;85.467,0.054639320909312394,1.1137200684421749,2.8210413817322455,-0.0019284462890278972,0.24063822960079023,0.4527737095342416,-0.4479812939809691,1.1560841112294702,2.8638861237598423,0.12593257089247278,-0.13874931073991087,-0.46027622580692734,43.068,46.815
1764946459.658585,92,103;104;200,54.282;55.146;85.467,0.054639320909312394,1.1137200684421749,2.8210413817322455,-0.0019284462890278972,0.24063822960079023,0.4527737095342416,-0.4479812939809691,1.1560841112294702,2.8638861237598423,0.12593257089247278,-0.13874931073991087,-0.46027622580692734,43.068,46.815
1764946459.825721,93,103;104;200,54.282;55.146;85.467,0.054639320909312394,1.1137200684421749,2.8210413817322455,-0.0019284462890278972,0.24063822960079023,0.4527737095342416,-0.4479812939809691,1.1560841112294702,2.8638861237598423,0.12593257089247278,-0.13874931073991087,-0.46027622580692734,43.068,46.815
1764946460.009865,94,103;104;200,54.282;55.146;85.467,0.054639320909312394,1.1137200684421749,2.8210413817322455,-0.0019284462890278972,0.24063822960079023,0.4527737095342416,-0.4479812939809691,1.1560841112294702,2.8638861237598423,0.12593257089247278,-0.13874931073991087,-0.46027622580692734,43.068,46.815
1764946460.201249,95,103;104;200,54.282;55.146;85.467,0.054639320909312394,1.1137200684421749,2.8210413817322455,-0.0019284462890278972,0.24063822960079023,0.4527737095342416,-0.4479812939809691,1.1560841112294702,2.8638861237598423,0.12593257089247278,-0.13874931073991087,-0.46027622580692734,43.068,46.815
1764946460.389287,96,103;104;200,54.282;55.146;85.467,0.054639320909312394,1.1137200684421749,2.8210413817322455,-0.0019284462890278972,0.24063822960079023,0.4527737095342416,-0.4479812939809691,1.1560841112294702,2.8638861237598423,0.12593257089247278,-0.13874931073991087,-0.46027622580692734,43.068,46.815
1764946460.563208,97,103;104;200,54.282;55.146;85.467,0.054639320909312394,1.1137200684421749,2.8210413817322455,-0.0019284462890278972,0.24063822960079023,0.4527737095342416,-0.4479812939809691,1.1560841112294702,2.8638861237598423,0.12593257089247278,-0.13874931073991087,-0.46027622580692734,43.068,46.815
1764946460.719286,98,103;104;200,54.282;55.146;85.467,0.054639320909312394,1.1137200684421749,2.8210413817322455,-0.0019284462890278972,0.24063822960079023,0.4527737095342416,-0.4479812939809691,1.1560841112294702,2.8638861237598423,0.12593257089247278,-0.13874931073991087,-0.46027622580692734,43.068,46.815
1764946460.884491,99,103;104;200,54.282;55.146;85.467,0.054639320909312394,1.1137200684421749,2.8210413817322455,-0.0019284462890278972,0.24063822960079023,0.4527737095342416,-0.4479812939809691,1.1560841112294702,2.8638861237598423,0.12593257089247278,-0.13874931073991087,-0.46027622580692734,43.068,46.815
1764946461.049904,100,103;104;200,54.282;55.146;85.467,0.054639320909312394,1.1137200684421749,2.8210413817322455,-0.0019284462890278972,0.24063822960079023,0.4527737095342416,-0.4479812939809691,1.1560841112294702,2.8638861237598423,0.12593257089247278,-0.13874931073991087,-0.46027622580692734,43.068,46.815
1764946461.278262,101,103;104;200,54.282;55.146;85.467,0.054639320909312394,1.1137200684421749,2.8210413817322455,-0.0019284462890278972,0.24063822960079023,0.4527737095342416,-0.4479812939809691,1.1560841112294702,2.8638861237598423,0.12593257089247278,-0.13874931073991087,-0.46027622580692734,43.068,46.815
1764946461.531734,102,103;104;200,54.282;55.146;85.467,0.054639320909312394,1.1137200684421749,2.8210413817322455,-0.0019284462890278972,0.24063822960079023,0.4527737095342416,-0.4479812939809691,1.1560841112294702,2.8638861237598423,0.12593257089247278,-0.13874931073991087,-0.46027622580692734,43.068,46.815
1764946461.752741,103,103;104;200,54.282;55.146;85.467,0.054639320909312394,1.1137200684421749,2.8210413817322455,-0.0019284462890278972,0.24063822960079023,0.4527737095342416,-0.4479812939809691,1.1560841112294702,2.8638861237598423,0.12593257089247278,-0.13874931073991087,-0.46027622580692734,43.068,46.815
1764946461.940535,104,103;104;200,54.282;55.146;85.467,0.054639320909312394,1.1137200684421749,2.8210413817322455,-0.0019284462890278972,0.24063822960079023,0.4527737095342416,-0.4479812939809691,1.1560841112294702,2.8638861237598423,0.12593257089247278,-0.13874931073991087,-0.46027622580692734,43.068,46.815
1764946462.143283,105,103;104;200,54.282;55.146;85.467,0.054639320909312394,1.1137200684421749,2.8210413817322455,-0.0019284462890278972,0.24063822960079023,0.4527737095342416,-0.4479812939809691,1.1560841112294702,2.8638861237598423,0.12593257089247278,-0.13874931073991087,-0.46027622580692734,43.068,46.815
1764946462.343601,106,103;104;200,54.282;55.146;85.467,0.054639320909312394,1.1137200684421749,2.8210413817322455,-0.0019284462890278972,0.24063822960079023,0.4527737095342416,-0.4479812939809691,1.1560841112294702,2.8638861237598423,0.12593257089247278,-0.13874931073991087,-0.46027622580692734,43.068,46.815
1764946462.528603,107,103;104;200,54.282;55.146;85.467,0.054639320909312394,1.1137200684421749,2.8210413817322455,-0.0019284462890278972,0.24063822960079023,0.4527737095342416,-0.4479812939809691,1.1560841112294702,2.8638861237598423,0.12593257089247278,-0.13874931073991087,-0.46027622580692734,43.068,46.815
1764946462.680826,108,103;104;200,54.282;55.146;85.467,0.054639320909312394,1.1137200684421749,2.8210413817322455,-0.0019284462890278972,0.24063822960079023,0.4527737095342416,-0.4479812939809691,1.1560841112294702,2.8638861237598423,0.12593257089247278,-0.13874931073991087,-0.46027622580692734,43.068,46.815
1764946462.841410,109,103;104;200,54.282;55.146;85.467,0.054639320909312394,1.1137200684421749,2.8210413817322455,-0.0019284462890278972,0.24063822960079023,0.4527737095342416,-0.4479812939809691,1.1560841112294702,2.8638861237598423,0.12593257089247278,-0.13874931073991087,-0.46027622580692734,43.068,46.815
1764946462.978532,110,103;104;200,54.282;55.146;85.467,0.054639320909312394,1.1137200684421749,2.8210413817322455,-0.0019284462890278972,0.24063822960079023,0.4527737095342416,-0.4479812939809691,1.1560841112294702,2.8638861237598423,0.12593257089247278,-0.13874931073991087,-0.46027622580692734,43.068,46.815
1764946463.162494,111,103;104;200,54.282;55.146;85.467,0.054639320909312394,1.1137200684421749,2.8210413817322455,-0.0019284462890278972,0.24063822960079023,0.4527737095342416,-0.4479812939809691,1.1560841112294702,2.8638861237598423,0.12593257089247278,-0.13874931073991087,-0.46027622580692734,43.068,46.815
1764946463.405140,112,103;104;200,54.282;55.146;85.467,0.054639320909312394,1.1137200684421749,2.8210413817322455,-0.0019284462890278972,0.24063822960079023,0.4527737095342416,-0.4479812939809691,1.1560841112294702,2.8638861237598423,0.12593257089247278,-0.13874931073991087,-0.46027622580692734,43.068,46.815
1764946463.625328,113,103;104;200,54.282;55.146;85.467,0.054639320909312394,1.1137200684421749,2.8210413817322455,-0.0019284462890278972,0.24063822960079023,0.4527737095342416,-0.4479812939809691,1.1560841112294702,2.8638861237598423,0.12593257089247278,-0.13874931073991087,-0.46027622580692734,43.068,46.815
1764946463.858126,114,103;104;200,54.282;55.146;85.467,0.054639320909312394,1.1137200684421749,2.8210413817322455,-0.0019284462890278972,0.24063822960079023,0.4527737095342416,-0.4479812939809691,1.1560841112294702,2.8638861237598423,0.12593257089247278,-0.13874931073991087,-0.46027622580692734,43.068,46.815
1764946464.034885,115,103;104;200,54.282;55.146;85.467,0.054639320909312394,1.1137200684421749,2.8210413817322455,-0.0019284462890278972,0.24063822960079023,0.4527737095342416,-0.4479812939809691,1.1560841112294702,2.8638861237598423,0.12593257089247278,-0.13874931073991087,-0.46027622580692734,43.068,46.815
1764946464.174054,116,103;104;200,54.282;55.146;85.467,0.054639320909312394,1.1137200684421749,2.8210413817322455,-0.0019284462890278972,0.24063822960079023,0.4527737095342416,-0.4479812939809691,1.1560841112294702,2.8638861237598423,0.12593257089247278,-0.13874931073991087,-0.46027622580692734,43.068,46.815
1764946464.345334,117,103;104;200,54.282;55.146;85.467,0.054639320909312394,1.1137200684421749,2.8210413817322455,-0.0019284462890278972,0.24063822960079023,0.4527737095342416,-0.4479812939809691,1.1560841112294702,2.8638861237598423,0.12593257089247278,-0.13874931073991087,-0.46027622580692734,43.068,46.815
1764946464.525289,118,103;104;200,54.282;55.146;85.467,0.054639320909312394,1.1137200684421749,2.8210413817322455,-0.0019284462890278972,0.24063822960079023,0.4527737095342416,-0.4479812939809691,1.1560841112294702,2.8638861237598423,0.12593257089247278,-0.13874931073991087,-0.46027622580692734,43.068,46.815
1764946464.677337,119,103;104;200,54.282;55.146;85.467,0.054639320909312394,1.1137200684421749,2.8210413817322455,-0.0019284462890278972,0.24063822960079023,0.4527737095342416,-0.4479812939809691,1.1560841112294702,2.8638861237598423,0.12593257089247278,-0.13874931073991087,-0.46027622580692734,43.068,46.815
1764946464.825234,120,103;104;200,54.282;55.146;85.467,0.054639320909312394,1.1137200684421749,2.8210413817322455,-0.0019284462890278972,0.24063822960079023,0.4527737095342416,-0.4479812939809691,1.1560841112294702,2.8638861237598423,0.12593257089247278,-0.13874931073991087,-0.46027622580692734,43.068,46.815
1764946464.952207,121,103;104;200,54.282;55.146;85.467,0.054639320909312394,1.1137200684421749,2.8210413817322455,-0.0019284462890278972,0.24063822960079023,0.4527737095342416,-0.4479812939809691,1.1560841112294702,2.8638861237598423,0.12593257089247278,-0.13874931073991087,-0.46027622580692734,43.068,46.815
1764946465.083908,122,103;104;200,54.282;55.146;85.467,0.054639320909312394,1.1137200684421749,2.8210413817322455,-0.0019284462890278972,0.24063822960079023,0.4527737095342416,-0.4479812939809691,1.1560841112294702,2.8638861237598423,0.12593257089247278,-0.13874931073991087,-0.46027622580692734,43.068,46.815
1764946465.217054,123,103;104;200,54.282;55.146;85.467,0.054639320909312394,1.1137200684421749,2.8210413817322455,-0.0019284462890278972,0.24063822960079023,0.4527737095342416,-0.4479812939809691,1.1560841112294702,2.8638861237598423,0.12593257089247278,-0.13874931073991087,-0.46027622580692734,43.068,46.815
1764946465.414132,124,103;104;200,54.282;55.146;85.467,0.054639320909312394,1.1137200684421749,2.8210413817322455,-0.0019284462890278972,0.24063822960079023,0.4527737095342416,-0.4479812939809691,1.1560841112294702,2.8638861237598423,0.12593257089247278,-0.13874931073991087,-0.46027622580692734,43.068,46.815
1764946465.597088,125,103;104;200,54.282;55.146;85.467,0.054639320909312394,1.1137200684421749,2.8210413817322455,-0.0019284462890278972,0.24063822960079023,0.4527737095342416,-0.4479812939809691,1.1560841112294702,2.8638861237598423,0.12593257089247278,-0.13874931073991087,-0.46027622580692734,43.068,46.815
1764946465.920369,126,103;104;200,54.282;55.146;85.467,0.054639320909312394,1.1137200684421749,2.8210413817322455,-0.0019284462890278972,0.24063822960079023,0.4527737095342416,-0.4479812939809691,1.1560841112294702,2.8638861237598423,0.12593257089247278,-0.13874931073991087,-0.46027622580692734,43.068,46.815
1764946466.138837,127,103;104;200,54.282;55.146;85.467,0.054639320909312394,1.1137200684421749,2.8210413817322455,-0.0019284462890278972,0.24063822960079023,0.4527737095342416,-0.4479812939809691,1.1560841112294702,2.8638861237598423,0.12593257089247278,-0.13874931073991087,-0.46027622580692734,43.068,46.815
1764946466.338974,128,103;104;200,54.282;55.146;85.467,0.054639320909312394,1.1137200684421749,2.8210413817322455,-0.0019284462890278972,0.24063822960079023,0.4527737095342416,-0.4479812939809691,1.1560841112294702,2.8638861237598423,0.12593257089247278,-0.13874931073991087,-0.46027622580692734,43.068,46.815
1764946466.695137,129,103;104;200,54.282;55.146;85.467,0.054639320909312394,1.1137200684421749,2.8210413817322455,-0.0019284462890278972,0.24063822960079023,0.4527737095342416,-0.4479812939809691,1.1560841112294702,2.8638861237598423,0.12593257089247278,-0.13874931073991087,-0.46027622580692734,43.068,46.815
1764946466.938909,130,103;104;200,54.282;55.146;85.467,0.054639320909312394,1.1137200684421749,2.8210413817322455,-0.0019284462890278972,0.24063822960079023,0.4527737095342416,-0.4479812939809691,1.1560841112294702,2.8638861237598423,0.12593257089247278,-0.13874931073991087,-0.46027622580692734,43.068,46.815
1764946467.152954,131,103;104;200,54.282;55.146;85.467,0.054639320909312394,1.1137200684421749,2.8210413817322455,-0.0019284462890278972,0.24063822960079023,0.4527737095342416,-0.4479812939809691,1.1560841112294702,2.8638861237598423,0.12593257089247278,-0.13874931073991087,-0.46027622580692734,43.068,46.815
1764946467.322244,132,103;104;200,54.282;55.146;85.467,0.054639320909312394,1.1137200684421749,2.8210413817322455,-0.0019284462890278972,0.24063822960079023,0.4527737095342416,-0.4479812939809691,1.1560841112294702,2.8638861237598423,0.12593257089247278,-0.13874931073991087,-0.46027622580692734,43.068,46.815
1764946467.475310,133,103;104;200,54.282;55.146;85.467,0.054639320909312394,1.1137200684421749,2.8210413817322455,-0.0019284462890278972,0.24063822960079023,0.4527737095342416,-0.4479812939809691,1.1560841112294702,2.8638861237598423,0.12593257089247278,-0.13874931073991087,-0.46027622580692734,43.068,46.815
1764946467.611196,134,103;104;200,54.282;55.146;85.467,0.054639320909312394,1.1137200684421749,2.8210413817322455,-0.0019284462890278972,0.24063822960079023,0.4527737095342416,-0.4479812939809691,1.1560841112294702,2.8638861237598423,0.12593257089247278,-0.13874931073991087,-0.46027622580692734,43.068,46.815
1764946467.776809,135,103;104;200,54.282;55.146;85.467,0.054639320909312394,1.1137200684421749,2.8210413817322455,-0.0019284462890278972,0.24063822960079023,0.4527737095342416,-0.4479812939809691,1.1560841112294702,2.8638861237598423,0.12593257089247278,-0.13874931073991087,-0.46027622580692734,43.068,46.815
1764946468.016821,136,103;104;200,54.282;55.146;85.467,0.054639320909312394,1.1137200684421749,2.8210413817322455,-0.0019284462890278972,0.24063822960079023,0.4527737095342416,-0.4479812939809691,1.1560841112294702,2.8638861237598423,0.12593257089247278,-0.13874931073991087,-0.46027622580692734,43.068,46.815
1764946468.282510,137,103;104;200,54.282;55.146;85.467,0.054639320909312394,1.1137200684421749,2.8210413817322455,-0.0019284462890278972,0.24063822960079023,0.4527737095342416,-0.4479812939809691,1.1560841112294702,2.8638861237598423,0.12593257089247278,-0.13874931073991087,-0.46027622580692734,43.068,46.815
1764946468.482429,138,103;104;200,54.282;55.146;85.467,0.054639320909312394,1.1137200684421749,2.8210413817322455,-0.0019284462890278972,0.24063822960079023,0.4527737095342416,-0.4479812939809691,1.1560841112294702,2.8638861237598423,0.12593257089247278,-0.13874931073991087,-0.46027622580692734,43.068,46.815
1764946468.663970,139,103;104;200,54.282;55.146;85.467,0.054639320909312394,1.1137200684421749,2.8210413817322455,-0.0019284462890278972,0.24063822960079023,0.4527737095342416,-0.4479812939809691,1.1560841112294702,2.8638861237598423,0.12593257089247278,-0.13874931073991087,-0.46027622580692734,43.068,46.815
1764946468.831971,140,103;104;200,54.282;55.146;85.467,0.054639320909312394,1.1137200684421749,2.8210413817322455,-0.0019284462890278972,0.24063822960079023,0.4527737095342416,-0.4479812939809691,1.1560841112294702,2.8638861237598423,0.12593257089247278,-0.13874931073991087,-0.46027622580692734,43.068,46.815
1764946468.998913,141,103;104;200,54.282;55.146;85.467,0.054639320909312394,1.1137200684421749,2.8210413817322455,-0.0019284462890278972,0.24063822960079023,0.4527737095342416,-0.4479812939809691,1.1560841112294702,2.8638861237598423,0.12593257089247278,-0.13874931073991087,-0.46027622580692734,43.068,46.815
1764946469.163530,142,103;104;200,54.282;55.146;85.467,0.054639320909312394,1.1137200684421749,2.8210413817322455,-0.0019284462890278972,0.24063822960079023,0.4527737095342416,-0.4479812939809691,1.1560841112294702,2.8638861237598423,0.12593257089247278,-0.13874931073991087,-0.46027622580692734,43.068,46.815
1764946469.350124,143,103;104;200,54.282;55.146;85.467,0.054639320909312394,1.1137200684421749,2.8210413817322455,-0.0019284462890278972,0.24063822960079023,0.4527737095342416,-0.4479812939809691,1.1560841112294702,2.8638861237598423,0.12593257089247278,-0.13874931073991087,-0.46027622580692734,43.068,46.815
1764946469.518134,144,103;104;200,54.282;55.146;85.467,0.054639320909312394,1.1137200684421749,2.8210413817322455,-0.0019284462890278972,0.24063822960079023,0.4527737095342416,-0.4479812939809691,1.1560841112294702,2.8638861237598423,0.12593257089247278,-0.13874931073991087,-0.46027622580692734,43.068,46.815
1764946469.680391,145,103;104;200,54.282;55.146;85.467,0.054639320909312394,1.1137200684421749,2.8210413817322455,-0.0019284462890278972,0.24063822960079023,0.4527737095342416,-0.4479812939809691,1.1560841112294702,2.8638861237598423,0.12593257089247278,-0.13874931073991087,-0.46027622580692734,43.068,46.815
1764946469.846002,146,103;104;200,54.282;55.146;85.467,0.054639320909312394,1.1137200684421749,2.8210413817322455,-0.0019284462890278972,0.24063822960079023,0.4527737095342416,-0.4479812939809691,1.1560841112294702,2.8638861237598423,0.12593257089247278,-0.13874931073991087,-0.46027622580692734,43.068,46.815
1764946470.023741,147,103;104;200,54.282;55.146;85.467,0.054639320909312394,1.1137200684421749,2.8210413817322455,-0.0019284462890278972,0.24063822960079023,0.4527737095342416,-0.4479812939809691,1.1560841112294702,2.8638861237598423,0.12593257089247278,-0.13874931073991087,-0.46027622580692734,43.068,46.815
1764946470.239678,148,103;104;200,54.282;55.146;85.467,0.054639320909312394,1.1137200684421749,2.8210413817322455,-0.0019284462890278972,0.24063822960079023,0.4527737095342416,-0.4479812939809691,1.1560841112294702,2.8638861237598423,0.12593257089247278,-0.13874931073991087,-0.46027622580692734,43.068,46.815
1764946470.440345,149,103;104;200,54.282;55.146;85.467,0.054639320909312394,1.1137200684421749,2.8210413817322455,-0.0019284462890278972,0.24063822960079023,0.4527737095342416,-0.4479812939809691,1.1560841112294702,2.8638861237598423,0.12593257089247278,-0.13874931073991087,-0.46027622580692734,43.068,46.815
1764946470.653695,150,103;104;200,54.282;55.146;85.467,0.054639320909312394,1.1137200684421749,2.8210413817322455,-0.0019284462890278972,0.24063822960079023,0.4527737095342416,-0.4479812939809691,1.1560841112294702,2.8638861237598423,0.12593257089247278,-0.13874931073991087,-0.46027622580692734,43.068,46.815
1764946470.852401,151,103;104;200,54.282;55.146;85.467,0.054639320909312394,1.1137200684421749,2.8210413817322455,-0.0019284462890278972,0.24063822960079023,0.4527737095342416,-0.4479812939809691,1.1560841112294702,2.8638861237598423,0.12593257089247278,-0.13874931073991087,-0.46027622580692734,43.068,46.815
1764946471.041998,152,103;104;200,54.282;55.146;85.467,0.054639320909312394,1.1137200684421749,2.8210413817322455,-0.0019284462890278972,0.24063822960079023,0.4527737095342416,-0.4479812939809691,1.1560841112294702,2.8638861237598423,0.12593257089247278,-0.13874931073991087,-0.46027622580692734,43.068,46.815
1764946471.238757,153,103;104;200,54.282;55.146;85.467,0.054639320909312394,1.1137200684421749,2.8210413817322455,-0.0019284462890278972,0.24063822960079023,0.4527737095342416,-0.4479812939809691,1.1560841112294702,2.8638861237598423,0.12593257089247278,-0.13874931073991087,-0.46027622580692734,43.068,46.815
1764946471.437940,154,103;104;200,54.282;55.146;85.467,0.054639320909312394,1.1137200684421749,2.8210413817322455,-0.0019284462890278972,0.24063822960079023,0.4527737095342416,-0.4479812939809691,1.1560841112294702,2.8638861237598423,0.12593257089247278,-0.13874931073991087,-0.46027622580692734,43.068,46.815
1764946471.615714,155,103;104;200,54.282;55.146;85.467,0.054639320909312394,1.1137200684421749,2.8210413817322455,-0.0019284462890278972,0.24063822960079023,0.4527737095342416,-0.4479812939809691,1.1560841112294702,2.8638861237598423,0.12593257089247278,-0.13874931073991087,-0.46027622580692734,43.068,46.815
1764946471.781642,156,103;104;200,54.282;55.146;85.467,0.054639320909312394,1.1137200684421749,2.8210413817322455,-0.0019284462890278972,0.24063822960079023,0.4527737095342416,-0.4479812939809691,1.1560841112294702,2.8638861237598423,0.12593257089247278,-0.13874931073991087,-0.46027622580692734,43.068,46.815
1764946471.992152,157,103;104;200,54.282;55.146;85.467,0.054639320909312394,1.1137200684421749,2.8210413817322455,-0.0019284462890278972,0.24063822960079023,0.4527737095342416,-0.4479812939809691,1.1560841112294702,2.8638861237598423,0.12593257089247278,-0.13874931073991087,-0.46027622580692734,43.068,46.815
1764946472.218036,158,103;104;200,54.282;55.146;85.467,0.054639320909312394,1.1137200684421749,2.8210413817322455,-0.0019284462890278972,0.24063822960079023,0.4527737095342416,-0.4479812939809691,1.1560841112294702,2.8638861237598423,0.12593257089247278,-0.13874931073991087,-0.46027622580692734,43.068,46.815
1764946472.395843,159,103;104;200,54.282;55.146;85.467,0.054639320909312394,1.1137200684421749,2.8210413817322455,-0.0019284462890278972,0.24063822960079023,0.4527737095342416,-0.4479812939809691,1.1560841112294702,2.8638861237598423,0.12593257089247278,-0.13874931073991087,-0.46027622580692734,43.068,46.815
1764946472.574646,160,103;104;200,54.282;55.146;85.467,0.054639320909312394,1.1137200684421749,2.8210413817322455,-0.0019284462890278972,0.24063822960079023,0.4527737095342416,-0.4479812939809691,1.1560841112294702,2.8638861237598423,0.12593257089247278,-0.13874931073991087,-0.46027622580692734,43.068,46.815
1764946472.779293,161,103;104;200,54.282;55.146;85.467,0.054639320909312394,1.1137200684421749,2.8210413817322455,-0.0019284462890278972,0.24063822960079023,0.4527737095342416,-0.4479812939809691,1.1560841112294702,2.8638861237598423,0.12593257089247278,-0.13874931073991087,-0.46027622580692734,43.068,46.815
1764946472.965279,162,103;104;200,54.282;55.146;85.467,0.054639320909312394,1.1137200684421749,2.8210413817322455,-0.0019284462890278972,0.24063822960079023,0.4527737095342416,-0.4479812939809691,1.1560841112294702,2.8638861237598423,0.12593257089247278,-0.13874931073991087,-0.46027622580692734,43.068,46.815
1764946473.142480,163,103;104;200,54.282;55.146;85.467,0.054639320909312394,1.1137200684421749,2.8210413817322455,-0.0019284462890278972,0.24063822960079023,0.4527737095342416,-0.4479812939809691,1.1560841112294702,2.8638861237598423,0.12593257089247278,-0.13874931073991087,-0.46027622580692734,43.068,46.815
1764946473.332271,164,103;104;200,54.282;55.146;85.467,0.054639320909312394,1.1137200684421749,2.8210413817322455,-0.0019284462890278972,0.24063822960079023,0.4527737095342416,-0.4479812939809691,1.1560841112294702,2.8638861237598423,0.12593257089247278,-0.13874931073991087,-0.46027622580692734,43.068,46.815
1764946473.482570,165,103;104;200,54.282;55.146;85.467,0.054639320909312394,1.1137200684421749,2.8210413817322455,-0.0019284462890278972,0.24063822960079023,0.4527737095342416,-0.4479812939809691,1.1560841112294702,2.8638861237598423,0.12593257089247278,-0.13874931073991087,-0.46027622580692734,43.068,46.815
1764946473.646065,166,103;104;200,54.282;55.146;85.467,0.054639320909312394,1.1137200684421749,2.8210413817322455,-0.0019284462890278972,0.24063822960079023,0.4527737095342416,-0.4479812939809691,1.1560841112294702,2.8638861237598423,0.12593257089247278,-0.13874931073991087,-0.46027622580692734,43.068,46.815
1764946473.805354,167,103;104;200,54.282;55.146;85.467,0.054639320909312394,1.1137200684421749,2.8210413817322455,-0.0019284462890278972,0.24063822960079023,0.4527737095342416,-0.4479812939809691,1.1560841112294702,2.8638861237598423,0.12593257089247278,-0.13874931073991087,-0.46027622580692734,43.068,46.815
1764946473.998403,168,103;104;200,54.282;55.146;85.467,0.054639320909312394,1.1137200684421749,2.8210413817322455,-0.0019284462890278972,0.24063822960079023,0.4527737095342416,-0.4479812939809691,1.1560841112294702,2.8638861237598423,0.12593257089247278,-0.13874931073991087,-0.46027622580692734,43.068,46.815
1767382550.415174,0,101;102;103;200;202,10.150;14.001;12.029;18.800;15.883,-0.2722966691970873,-2.2541166204134955,-1.5055815338911755,-0.12073719921223908,1.488256045491523,0.06779259252179849,,,,,,,70.757,
1767382550.699456,1,101;102;103;104;200,9.952;15.002;12.228;8.278;19.890,-0.281188441647141,-2.343803296357386,-1.6072689711537698,-0.12029004620311794,1.5107381379194766,0.06770615863111115,,,,,,,70.196,
1767382550.900366,2,101;102;104;200;202,9.535;13.065;8.454;18.486;15.820,-0.44224990353377636,-2.3291658014638372,-1.746624469670631,-0.1629710127377431,1.4628783692557155,0.08170707844056656,,,,,,,73.510,
1767382550.987808,3,102;103;200;202,13.367;11.813;18.144;16.426,-0.42925847838421427,-2.3579977527175626,-1.7330504035441376,-0.2026243347563847,1.4690004289414051,0.11984493247448416,,,,,,,72.407,
1767382551.088293,4,101;102;103;200;202,12.161;13.731;11.543;19.694;17.082,-0.3868407477866609,-2.327427164577358,-1.6800758443244364,-0.18153048944505218,1.4763762603547548,0.12469815572734042,,,,,,,72.108,
1767382551.172052,5,101;102;103;200;202,9.947;15.263;10.639;18.702;16.652,-0.35743794223913317,-2.3028431211265192,-1.6418950098683383,-0.16755696987252588,1.4829117671964984,0.12426674331672258,,,,,,,72.032,
1767382551.270958,6,101;102;103;200;202,10.487;14.666;12.303;20.963;17.522,-0.3352140974623076,-2.2913263854014714,-1.6150078882353225,-0.16049818244301262,1.486761815292004,0.12095622955878964,,,,,,,71.835,
1767382551.369012,7,101;102;103;200;202,8.603;14.748;11.455;20.103;17.900,-0.31382224065479697,-2.2864670024567517,-1.5932774348547718,-0.1489643512360489,1.4938992095403247,0.1127526936539551,,,,,,,71.558,
1767382551.463122,8,101;102;103;200,10.651;14.323;11.775;18.735,-0.30361951567773826,-2.2853785699922957,-1.5913073178211834,-0.12750109979267127,1.5111216957399254,0.10341883284843037,,,,,,,71.591,
1767382551.566259,9,101;102;103;200;202,10.739;15.443;10.114;19.511;16.573,-0.29504374784702303,-2.2778460168266075,-1.5759861332222598,-0.1266326378155691,1.5116354584135396,0.1001217074452712,,,,,,,71.508,
1767382551.665790,10,101;102;103;200;201,8.560;15.169;12.026;19.429;15.054,0.6599863473390513,2.406838769269563,1.4721021834942611,0.6456629288406034,1.12707591764926,0.19030176869438287,,,,,,,62.499,
1767382551.762898,11,101;102;103;200,10.856;14.877;11.806;20.429,0.5966174669178,2.534888643142856,1.6192659465289077,0.5004373778817786,1.2807654728941842,0.14036061140317727,,,,,,,63.876,
1767382551.865800,12,101;102;103;200;202,11.627;13.880;11.190;18.961;17.131,-0.5201013411207763,-2.5483463054497175,-1.6573069957520916,0.3567483260527337,1.3720363773625865,0.11537531990535073,,,,,,,65.086,
1767382551.965851,13,101;102;103;200;202,7.981;12.313;8.702;18.298;16.378,-0.44871323631903226,-2.4645212603410416,-1.6281184427823672,0.23263900768926998,1.4240062900759087,0.10955168932645894,,,,,,,66.563,
1767382552.066293,14,101;102;103;200;202,7.981;12.313;8.702;18.298;16.378,-0.44871323631903226,-2.4645212603410416,-1.6281184427823672,0.23263900768926998,1.4240062900759087,0.10955168932645894,,,,,,,66.563,
1767382552.163966,15,101;102;103;200,12.437;14.833;13.011;18.078,-0.4007519507833004,-2.411422922790487,-1.6236945079112257,0.15158077131695719,1.4676202205756257,0.10682338323347321,,,,,,,68.104,
1767382552.264115,16,101;102;103;200,8.490;14.016;11.203;19.666,-0.5190893004450516,-2.3831641911423214,-1.730511575866675,0.06053941047318701,1.4589950373637601,0.09977766819088175,,,,,,,71.171,
1767382552.370590,17,101;102;103;200;202,7.780;14.397;10.703;18.946;17.977,-0.5922316590405432,-2.359411673848359,-1.7884895332102988,-0.017048526614989328,1.4752555376830478,0.09812532207107943,,,,,,,72.939,
1767382552.466858,18,102;103;200,15.065;11.605;18.734,-0.5485256214551814,-2.3741329173918193,-1.7984489946356113,-0.08717620331331076,1.4942220248009737,0.15169044552541305,,,,,,,73.108,
1767382552.565556,19,101;102;103;200;202,9.282;14.862;11.859;19.129;17.922,-0.4754359360875894,-2.3401385389396734,-1.7346936535158413,-0.10184165565844093,1.4913223253649692,0.1585693393290669,,,,,,,72.701,
1767382552.665366,20,101;102;103;200;202,9.335;12.300;11.549;16.452;16.218,-0.5552739271011473,-2.3357044098290407,-1.7924689052977951,-0.13039109831911871,1.5020162866306208,0.14708807650284572,,,,,,,73.896,
1767382552.764516,21,101;102;103;200;202,10.068;14.772;11.156;19.024;17.113,-0.5101977896548685,-2.2287061163023676,-1.8687865908104941,-0.1347653967210756,1.4794995297473315,0.13720636892750712,,,,,,,79.144,
1767382552.863803,22,101;102;103;200;202,7.945;13.829;10.802;20.697;17.253,-0.4446298836426933,-2.2340540955182084,-1.788081309308243,-0.14068762142904073,1.4741114706732426,0.15282523702743112,,,,,,,77.356,
1767382552.964164,23,101;102;103;200;202,9.100;13.765;10.872;19.877;18.287,-0.5270216033066757,-2.249081602997043,-1.8331121652834206,-0.1616238726450996,1.489194600175745,0.1486917449360177,,,,,,,77.535,
1767382553.064596,24,101;102;103;200;202,8.264;13.138;11.435;18.904;16.758,-0.4551578524519339,-2.254912761155919,-1.7602615050412453,-0.14312463193537356,1.4838141849729771,0.15105160310800028,,,,,,,75.962,
1767382553.165687,25,101;102;103;200;202,9.951;13.957;8.312;20.069;17.504,-0.5341595504426803,-2.266395131392604,-1.816314073179046,-0.16115266259752214,1.4961614890345367,0.14762867486155637,,,,,,,76.561,
1767382553.264331,26,101;102;103;200;202,10.920;13.595;10.253;20.291;18.296,-0.46326105293160913,-2.2652995717046536,-1.7509981094752287,-0.14666503752752533,1.4888443749694418,0.1541413502041146,,,,,,,75.365,
1767382553.365798,27,101;102;103;104;200;202,7.722;14.079;11.846;9.921;20.854;18.042,-0.5301214038207582,-2.3477636588194803,-1.8716733496630213,-0.16437769129141078,1.4987793790703137,0.15621716803531754,,,,,,,75.898,
1767382553.462960,28,101;102;103;200,8.799;12.714;11.080;19.602,-0.46750701597066385,-2.3294342960356578,-1.8080221973329098,-0.12319988682972013,1.5063008793768657,0.16130434913149652,,,,,,,74.998,
1767382553.563572,29,101;102;103;200;202,8.013;14.205;11.478;20.217;18.113,-0.41642919333387796,-2.316627867995769,-1.747256034497291,-0.11681417922442987,1.5000236272963412,0.16328565750275523,,,,,,,74.022,
1767382553.662111,30,101;102;103;200,7.515;13.633;11.266;19.534,-0.38546498978193555,-2.313378698216614,-1.734071833638413,-0.09805000292223653,1.5132653340790911,0.16108967060118,,,,,,,73.931,
1767382553.761977,31,101;102;103;200,9.643;14.619;10.321;19.694,-0.360309047789216,-2.3079966163423578,-1.71914098216222,-0.07831571683996523,1.5239358440929542,0.15731731572654722,,,,,,,73.826,
1767382553.863055,32,101;102;103;200;202,8.052;12.752;11.411;18.678;17.862,-0.34574459401469276,-2.2909706347644163,-1.6913516303176852,-0.08139432114058767,1.5163961863043767,0.16123264331211148,,,,,,,73.707,
1767382553.961551,33,101;102;103;200;202,8.139;12.602;11.865;20.408;18.826,-0.34034613463390817,-2.281765182383966,-1.674925038086537,-0.08661786625843321,1.506656996044533,0.164632501520941,,,,,,,73.608,
1767382554.062706,34,101;102;103;200;202,8.088;13.177;11.707;19.517;17.773,-0.3350200319025304,-2.2749127161440197,-1.6598871772195944,-0.08485577958699049,1.5007667869323469,0.16407579130915978,,,,,,,73.478,
1767382554.163064,35,101;102;103;200;202,7.125;13.658;10.494;18.799;16.765,-0.32842448349511744,-2.2719058613676344,-1.6455488269696876,-0.07265304551730374,1.5030991450317956,0.1563677536977129,,,,,,,73.252,
1767382554.262832,36,101;102;103;200,8.433;14.313;11.420;19.579,-0.33070175793327367,-2.282280252812914,-1.6563611633652253,-0.04925048149289804,1.5147578112542994,0.14800548176149672,,,,,,,73.175,
1767382554.366785,37,101;102;200;202,8.967;13.362;18.675;17.294,-0.3328252161314129,-2.1737584070557068,-1.5867622308627862,-0.05030322473701209,1.4781889606664562,0.16856574965601995,,,,,,,75.201,
1767382554.467003,38,101;102;103;200;202,7.443;12.353;11.847;19.491;17.704,-0.3273159098484191,-2.2061619436031954,-1.5955805370043707,-0.04697658529413221,1.4850251985456229,0.15480623729533638,,,,,,,74.283,
1767382554.563342,39,102;103;104;200;202,11.162;10.252;6.778;18.974;16.158,-0.3495489003408872,-2.3650959778789824,-1.7492723544125839,-0.09393368432529944,1.466729543379609,0.20313940720838494,,,,,,,73.010,
1767382554.659676,40,102;103;200,13.908;10.148;20.179,-0.376040555233548,-2.3971083047548327,-1.7864730246617981,-0.11803313477981794,1.4861262641204513,0.21471625339638326,,,,,,,73.046,
1767382554.765017,41,102;103;200;202,13.764;12.875;20.025;16.620,-0.3918892236482522,-2.408276968394183,-1.7868991826661393,-0.16280456364940118,1.4855385009891708,0.22734997093489204,,,,,,,72.703,
1767382554.865197,42,101;102;103;104;200;202,10.860;14.367;12.368;8.847;19.995;17.625,-0.37339818250506635,-2.4468679873286527,-1.81687723587129,-0.14572007514040974,1.5064853036970638,0.19233667328832507,,,,,,,72.659,
1767382554.965265,43,101;102;103;104;200;202,8.760;14.882;12.087;8.400;19.168;17.250,-0.35492406944967086,-2.483617971018515,-1.8336725212747824,-0.12422754356977043,1.5223881736495122,0.16102543918613718,,,,,,,72.348,
1767382555.063079,44,101;102;103;200,9.656;12.006;11.947;18.788,-0.3464237649901951,-2.428895343749029,-1.7885843902932925,-0.08762043958086684,1.532182157307594,0.16043236220525356,,,,,,,72.402,
1767382555.165828,45,101;102;103;104;200;202,9.853;12.176;11.444;7.776;20.877;16.471,-0.33464601766049173,-2.4536791975705152,-1.8065444608396661,-0.08551216359038817,1.5403721762476366,0.1408922177894516,,,,,,,72.336,
1767382555.263729,46,101;102;103;200;202,9.343;14.088;11.945;17.814;14.687,-0.3255227467214993,-2.4035723245315066,-1.7525633356107853,-0.08299778719801304,1.5312372927305555,0.14437340119956216,,,,,,,72.140,
1767382555.366823,47,101;102;103;200;202,9.343;14.088;11.945;17.814;14.687,-0.3255227467214993,-2.4035723245315066,-1.7525633356107853,-0.08299778719801304,1.5312372927305555,0.14437340119956216,,,,,,,72.140,
1767382555.464569,48,101;102;103;200;202,9.343;14.088;11.945;17.814;14.687,-0.3255227467214993,-2.4035723245315066,-1.7525633356107853,-0.08299778719801304,1.5312372927305555,0.14437340119956216,,,,,,,72.140,
1767382555.564788,49,101;102;103;200;202,9.018;12.121;10.286;19.236;16.800,-0.45224664894325123,-2.381171163667076,-1.816403902000735,-0.10121614783318934,1.522234192797372,0.1262152544420463,,,,,,,73.940,
1767382555.662892,50,101;102;103;200,11.297;14.480;10.896;20.663,-0.41602731978623053,-2.3498558476867197,-1.766667974220648,-0.08003772811294078,1.524458329358997,0.13338375822364773,,,,,,,73.598,
1767382555.762255,51,101;102;103;200,10.460;13.950;12.097;20.554,-0.3860788504622431,-2.3305193759152565,-1.7258282267067333,-0.052583400932923956,1.534109233966862,0.12657133577191762,,,,,,,73.211,
1767382555.864452,52,101;102;103;200;202,10.306;12.309;11.699;20.018;16.012,-0.36588293749330564,-2.3173782852234233,-1.691689367972855,-0.06362646428853878,1.5263504725446035,0.12872824432425428,,,,,,,72.811,
1767382555.964154,53,101;102;103;200;202,10.306;12.309;11.699;20.018;16.012,-0.36588293749330564,-2.3173782852234233,-1.691689367972855,-0.06362646428853878,1.5263504725446035,0.12872824432425428,,,,,,,72.811,
1767382556.066201,54,102;103;200;202,13.593;13.386;19.186;16.992,-0.3666774183499457,-2.3710819863570447,-1.709325615135225,-0.10760415875874414,1.5144224054910371,0.1528474819254723,,,,,,,71.701,
1767382556.168200,55,101;102;103;200;202,10.522;14.421;11.949;21.155;19.106,-0.47122539475538683,-2.365536726781691,-1.7809110460405848,-0.12534694213333616,1.51203786339605,0.13973404503335138,,,,,,,73.278,
1767382556.268019,56,101;102;103;200,7.976;13.916;11.003;19.794,-0.424564385875657,-2.3429032849485543,-1.7376091225468586,-0.08352905693208662,1.5186522964223732,0.13384560572241436,,,,,,,72.976,
1767382556.368910,57,101;102;103;200;202,7.769;13.520;12.211;18.963;17.551,-0.38324964224958197,-2.324237995165039,-1.694610664261413,-0.07560914336214203,1.515256804440511,0.130836878090367,,,,,,,72.597,
1767382556.466672,58,101;102;103;200,9.213;13.287;12.806;19.338,-0.3630194373912353,-2.3187199827522065,-1.684622984538702,-0.057720474878194004,1.5266799494669832,0.12504934869422232,,,,,,,72.603,
1767382556.565668,59,101;102;103;200;202,10.936;13.393;11.421;19.715;17.341,-0.3442330987739652,-2.307181024411518,-1.6557505327936006,-0.06012951107837116,1.5187687272791148,0.12148831369534979,,,,,,,72.309,
1767382556.663118,60,102;103;200;202,13.921;10.973;19.099;17.952,-0.399424646726664,-2.2471642844070083,-1.8601451263081683,-0.13766283886606925,1.4491043567846649,0.15535583595051605,,,,,,,79.041,
1767382556.761259,61,102;103;200,14.074;11.777;20.323,-0.4071437709525201,-2.3136646478417093,-1.8611323444003354,-0.15184138347892912,1.4731867187123404,0.17777959104940042,,,,,,,77.152,
1767382556.863122,62,101;102;103;200,8.715;14.122;10.829;20.052,-0.3806570038326916,-2.308704405444257,-1.8011456050108379,-0.10776370014747455,1.4956225998536612,0.1654578307425314,,,,,,,75.836,
1767382556.963092,63,101;102;103;200,9.082;13.782;10.878;18.152,-0.3540319235550885,-2.310297407994647,-1.7574466957425157,-0.07639594063770233,1.513478106951814,0.1494031284409458,,,,,,,74.775,
1767382557.064584,64,101;102;103;200;202,9.071;13.654;12.190;20.314;17.046,-0.33915494687165587,-2.3073549548381864,-1.7130703320384362,-0.0770623586604448,1.510624492034883,0.14155183786426045,,,,,,,73.786,
1767382557.164735,65,101;102;103;104;200,8.798;14.094;11.226;9.778;20.167,-0.33463579920981623,-2.3882627164172825,-1.782986800774543,-0.07266898003399416,1.5344370608604443,0.1290511999015358,,,,,,,73.346,
1767382557.264575,66,101;102;103;200;202,7.825;11.782;9.678;19.209;16.382,-0.3189047702063158,-2.3612489446741676,-1.7276607063971754,-0.075341088026244,1.5282328166058115,0.12996354310637834,,,,,,,72.665,
1767382557.364558,67,101;102;103;200;202,8.497;13.736;10.048;19.744;17.916,-0.43916043351078027,-2.351048937385184,-1.7979503445313412,-0.10186566590252479,1.5163212446013017,0.12275811443879653,,,,,,,74.292,
1767382557.464244,68,101;102;103;200;202,10.461;13.548;12.375;19.174;18.223,-0.39302107892685295,-2.3231097829306426,-1.7397460463820906,-0.10123260225843309,1.5091490590890582,0.13314237740698154,,,,,,,73.757,
1767382557.563029,69,101;102;103;200,9.663;12.024;10.981;20.200,-0.367751200975899,-2.3158299614702473,-1.7179774664754301,-0.08074434207537314,1.5231781290116468,0.13152219996232856,,,,,,,73.527,
1767382557.666004,70,101;102;103;104;200;202,8.596;14.719;11.640;8.115;19.920;17.222,-0.34706793162863625,-2.3787335692526237,-1.7657567627731807,-0.08956595811685114,1.5331691625265296,0.12258519059307382,,,,,,,73.087,
1767382557.764594,71,101;102;103;200;202,6.982;15.080;11.611;19.571;18.198,-0.33288976114674174,-2.346525238057864,-1.7178932158253821,-0.09546681984412853,1.5245832730862832,0.13086852718285918,,,,,,,72.775,
1767382557.863650,72,102;103;200;202,13.830;10.422;19.746;18.874,-0.35645362674125236,-2.3740858082805234,-1.7263849623713894,-0.14764183891326577,1.5049253399950446,0.16029019890724397,,,,,,,72.117,
1767382557.964626,73,101;102;103;200;202,9.639;13.132;11.758;19.892;17.278,-0.335478127715614,-2.345271240223955,-1.689577674343041,-0.13003717418400731,1.5037992860684162,0.154384032158669,,,,,,,72.060,
1767382558.064661,74,101;102;103;200;202,9.359;14.539;12.163;20.182;18.834,-0.32105725401374174,-2.323962809326948,-1.6613958450428936,-0.12077222169217645,1.5012778693393598,0.14952379184966397,,,,,,,72.036,
1767382558.162737,75,101;102;103;200,11.955;14.568;11.479;20.424,-0.3090536319414841,-2.3194608990447905,-1.6566696723066014,-0.09030994218768393,1.5179352611404195,0.13467624436011466,,,,,,,72.105,
1767382558.265167,76,101;102;103;200;202,10.291;13.581;10.624;19.866;17.544,-0.30126458586347143,-2.3088670725078666,-1.6344489698277698,-0.0830342936188503,1.5187744254191426,0.12597718710360317,,,,,,,71.908,
1767382558.370383,77,101;102;103;200;202,10.291;13.581;10.624;19.866;17.544,-0.30126458586347143,-2.3088670725078666,-1.6344489698277698,-0.0830342936188503,1.5187744254191426,0.12597718710360317,,,,,,,71.908,
1767382558.474058,78,101;102;103;200;202,10.154;14.185;11.662;18.674;16.388,-0.2939476479891856,-2.3025117611171555,-1.6189870743973684,-0.0819321025029532,1.5157253743732513,0.12171855000180115,,,,,,,71.755,
1767382558.572592,79,102;103;200;202,14.085;11.349;19.952;17.512,-0.3245870992036017,-2.3374851210899696,-1.657788963823804,-0.13640651269529228,1.4933837457959407,0.15728965543656082,,,,,,,71.514,
1767382558.668159,80,101;102;200;202,10.714;13.330;19.937;18.468,-0.32111761068463873,-2.2141284921933932,-1.5775873261036835,-0.12517323381300186,1.456204865450293,0.18540167891889153,,,,,,,73.618,
1767382558.766493,81,101;102;103;104;200;202,9.724;13.684;10.875;7.937;20.213;17.421,-0.41795475631039763,-2.3141555936312255,-1.7432556889169037,-0.15817789154701967,1.449643617273604,0.18853129271892985,,,,,,,73.982,
1767382558.864992,82,101;102;103;200;202,9.031;13.810;10.484;19.108;15.958,-0.3822544726845361,-2.295350009915625,-1.6984255626431448,-0.1419669614740781,1.4597214137740808,0.17981873748402574,,,,,,,73.572,
1767382558.962696,83,101;102;103;200,9.422;15.508;11.128;19.203,-0.35935705118329986,-2.298888632552209,-1.6858062390282198,-0.11033707725113821,1.4872494141478299,0.16100268041883248,,,,,,,73.257,
1767382559.064556,84,101;102;103;104;200,9.219;12.758;11.019;8.835;18.201,-0.3515345044666258,-2.3583947951681368,-1.754161711335218,-0.10775529521086821,1.5137819406174586,0.14561017652526195,,,,,,,73.319,
1767382559.163687,85,102;103;200;202,13.629;11.723;19.769;18.170,-0.3654135811297002,-2.3861026935130143,-1.754713850975956,-0.1558407067423691,1.5038019172641377,0.1696596827722881,,,,,,,72.514,
1767382559.267126,86,101;102;103;104;200;202,7.590;13.779;10.405;8.192;19.301;16.965,-0.3426241398744076,-2.430039415465588,-1.7821822156956493,-0.14201597418079054,1.521562210652806,0.14138961610476924,,,,,,,72.208,
1767382559.366194,87,101;102;103;104;200;202,6.349;14.316;12.708;9.524;19.998;16.952,0.41816848661858075,2.459062165980824,1.872006115741468,-0.15748888908395567,1.5289357373961652,0.13261817313507762,,,,,,,73.786,
1767382559.464485,88,101;102;103;200;202,11.047;12.996;11.238;19.033;17.487,-0.38181218559762914,-2.4407260701042595,-1.8137076088005708,-0.14067116992256468,1.516075254472429,0.14621893875497868,,,,,,,72.685,
1767382559.566468,89,101;102;103;200;202,9.838;13.753;9.958;19.242;16.813,-0.3535638900068522,-2.3897842776829505,-1.7465180844095682,-0.12168876461511562,1.5119520773165465,0.1483600497251342,,,,,,,72.240,
1767382559.664593,90,101;102;103;200;202,8.544;13.161;11.817;19.025;16.435,-0.33443793905759306,-2.3557102974081596,-1.6985006466520525,-0.11425242556470201,1.508968356113187,0.14633142682798553,,,,,,,71.992,
1767382559.762436,91,102;103;200,14.266;11.284;18.500,-0.3556307467395786,-2.3920035839139406,-1.7395562450973356,-0.14385086587156487,1.5142344970583435,0.17157196295301655,,,,,,,71.982,
1767382559.865169,92,101;102;103;200;202,9.914;12.559;11.927;18.223;17.184,-0.33833995469244893,-2.356313730023249,-1.6999328625765053,-0.13679445138174917,1.5076434124447358,0.16799404389857345,,,,,,,71.996,
1767382559.965894,93,101;102;103;200,8.967;13.747;11.199;20.306,-0.4487060990382356,-2.3625821433154583,-1.789359481019175,-0.1389838789127642,1.5155108954430887,0.15420156651244496,,,,,,,73.703,
1767382560.067728,94,101;102;103;200;202,9.018;14.362;12.502;19.485;16.967,-0.5310618643736879,-2.3495676707593196,-1.8358962450292116,-0.15570516976086526,1.5209185960630622,0.14782028320912352,,,,,,,74.865,
1767382560.166954,95,102;103;200;202,13.114;10.886;19.108;17.226,-0.4975570121616454,-2.3643404944513047,-1.8160256180957,-0.1984482723031198,1.5100333357436557,0.18141023970530715,,,,,,,74.129,
1767382560.268304,96,101;102;103;200,10.141;13.497;10.951;18.928,-0.4709001087167388,-2.2557344243272666,-1.905475930972643,-0.15847595499100903,1.4947618591983984,0.15417608410241376,,,,,,,79.571,
1767382560.376960,97,102;103;200;202,13.314;11.963;18.751;15.332,-0.45189038318443353,-2.305827022553874,-1.862454333894285,-0.20179729209767616,1.4915331081109147,0.17976906498714065,,,,,,,77.174,
1767382560.473625,98,101;102;103;200;202,8.096;13.602;12.029;17.939;15.969,-0.40709595605070753,-2.305099230170439,-1.7807958584249075,-0.17787038645013695,1.4903403961203467,0.16586158513289637,,,,,,,75.278,
1767382560.577146,99,101;102;103;200;202,10.497;14.712;11.748;18.176;15.354,-0.37212998935955677,-2.305977668081431,-1.7214648912388189,-0.15825424573641433,1.4921155096419976,0.1495702732216657,,,,,,,73.890,
1767382560.669446,100,101;102;103;200;202,7.967;13.054;12.272;17.093;15.969,-0.47779540954141314,-2.3178992670098233,-1.7855955319522192,-0.16677531657882336,1.499831685862946,0.12713748729730098,,,,,,,74.660,
1767382560.768618,101,101;102;103;200;202,9.074;14.789;11.796;18.857;16.298,-0.42350556925288646,-2.32335591632691,-1.7307033549963173,-0.15141019567148478,1.4972083197327701,0.1205692349718307,,,,,,,73.358,
1767382560.867136,102,101;102;103;200;202,8.348;13.471;12.265;18.945;15.823,-0.389348413649185,-2.3053340481325733,-1.6811775932629276,-0.14004789129569506,1.4941304070816506,0.12040549917414017,,,,,,,72.791,
1767382560.967940,103,101;102;103;200;202,9.026;15.547;12.381;18.147;15.764,-0.36331965901942154,-2.2994080680651465,-1.6465484542753916,-0.13008053092933441,1.4934325487728637,0.11368676323608226,,,,,,,72.229,
1767382561.066975,104,101;102;103;200;202,7.531;12.068;10.807;18.484;15.103,-0.3429349541327447,-2.301488047933291,-1.6277155441872861,-0.11846028119606151,1.4987819060436096,0.10563607701472243,,,,,,,71.789,
1767382561.165719,105,101;102;103;200;202,9.378;12.172;11.983;17.691;16.690,-0.33238183856285075,-2.2960944341378187,-1.6144213757863144,-0.11348340308509614,1.4956922255709826,0.10452992313257371,,,,,,,71.680,
1767382561.262014,106,101;102;200,7.987;13.062;18.741,-0.33219678121952345,-2.1931526150258076,-1.567373296455504,-0.07784083599801174,1.4796039050194163,0.13007458264909563,,,,,,,74.069,
1767382561.362970,107,101;102;103;200,8.710;12.530;12.591;17.565,-0.4512870813299539,-2.257470674495856,-1.7092486383884082,-0.07647085917997445,1.479815539401543,0.13561843641694926,,,,,,,74.622,
1767382561.460988,108,102;103;200,11.576;9.686;15.038,-0.4617700743642805,-2.30468618377589,-1.776168896285168,-0.09877214561133472,1.4869620968671775,0.1905077456918586,,,,,,,74.874,
1767382561.563031,109,101;102;103;200;202,9.980;11.948;10.577;18.285;18.929,-0.4158261172413048,-2.307878351434304,-1.7515598249741262,-0.06821455653459702,1.4858672897445286,0.1867712980505911,,,,,,,74.392,
1767382561.659783,110,102;103;200,11.900;11.188;19.222,-0.4249019773501245,-2.3686570239182685,-1.8130960126431677,-0.07816162234292923,1.497922648655614,0.2175346224848159,,,,,,,74.304,
1767382561.760399,111,102;200;202,12.912;20.507;19.096,-0.45699837048574526,-2.2446802113065476,-1.7504693034566354,-0.16198803597905162,1.4400129768690662,0.28627092838332063,,,,,,,76.014,
1767382561.860067,112,101;102;200,7.619;11.903;18.746,-0.4257322990133783,-2.160253991591044,-1.6832624593536467,-0.08425187267321477,1.4289564416651668,0.28048951560054247,,,,,,,77.318,
1767382561.961252,113,101;102;200;202,6.745;12.692;17.769;16.855,-0.43719626284912666,-1.977661885350572,-1.7701991276870772,-0.06693174546873452,1.3578539315084257,0.25022886515816867,,,,,,,85.582,
1767382562.063587,114,101;102;103;200;202,8.033;12.206;9.007;18.698;17.251,-0.39541311603408325,-1.9730996201361783,-1.8998309464618937,-0.09259175324654538,1.3853865370905671,0.2026269591415242,,,,,,,88.803,
1767382562.162891,115,101;102;103;200;202,8.033;12.206;9.007;18.698;17.251,-0.39541311603408325,-1.9730996201361783,-1.8998309464618937,-0.09259175324654538,1.3853865370905671,0.2026269591415242,,,,,,,88.803,
1767382562.265358,116,101;102;103;200;202,8.033;12.206;9.007;18.698;17.251,-0.39541311603408325,-1.9730996201361783,-1.8998309464618937,-0.09259175324654538,1.3853865370905671,0.2026269591415242,,,,,,,88.803,
1767382562.366372,117,102;103;200,13.504;8.998;18.501,-0.4109368918727594,-2.1182971148612824,-1.907008183729435,-0.10324086085305062,1.4120198573252478,0.2188097116794159,,,,,,,84.043,
1767382562.469756,118,101;102;103;200;202,9.100;12.556;10.484;17.369;16.743,-0.38131099638694693,-2.180404368572594,-1.8219917697775059,-0.08045146279909446,1.4334886960802178,0.18436585299667435,,,,,,,80.219,
1767382562.570568,119,101;102;103;200,9.920;12.446;9.802;18.070,-0.3611834228199607,-2.2330386640209268,-1.7767973101625374,-0.041207531527764525,1.4722113056010326,0.14853624358949014,,,,,,,77.569,
1767382562.662671,120,101;102;103;200,8.800;12.536;9.952;17.748,-0.35002709134605503,-2.2561923554970034,-1.7450296512599361,-0.021823291576520295,1.4954914167217006,0.13000115673720095,,,,,,,76.114,
1767382562.763796,121,101;102;103;200,8.597;13.620;11.364;18.600,-0.33800846394289463,-2.2835716405516004,-1.7236916500602402,-0.0037087086706291653,1.5149440325384,0.11248699802196009,,,,,,,74.788,
1767382562.864876,122,101;102;103;200;202,10.485;12.733;11.862;19.036;17.594,-0.3280679652170819,-2.295997743840544,-1.6874483475542494,-0.006125669159326382,1.5139643955865554,0.10058804159900217,,,,,,,73.533,
1767382562.963524,123,101;102;103;200,10.216;12.091;10.920;18.830,-0.324175129536029,-2.3099580036948564,-1.682891910788726,0.006338028645596837,1.528060981925457,0.09261948589894531,,,,,,,73.002,
1767382563.064083,124,101;102;103;200,11.234;13.224;12.142;18.912,-0.32220205329581714,-2.312944040819643,-1.6806564922001619,0.009634836044567273,1.5330592716992792,0.09017507801296473,,,,,,,72.862,
1767382563.166015,125,101;102;103;200,11.234;13.224;12.142;18.912,-0.32220205329581714,-2.312944040819643,-1.6806564922001619,0.009634836044567273,1.5330592716992792,0.09017507801296473,,,,,,,72.862,
1767382563.263101,126,101;102;103;200,9.264;13.747;11.657;18.648,-0.3213403776090728,-2.3253181827359106,-1.6827097435149383,0.013640526181024402,1.539797593203516,0.08754500995636609,,,,,,,72.540,
1767382563.361345,127,102;103;200,14.641;11.954;20.836,-0.3533104043283555,-2.379792397146861,-1.7371148923520932,-0.027463436301110464,1.5267025959204261,0.1263500022401707,,,,,,,72.260,
1767382563.465142,128,102;103;200,14.641;11.954;20.836,-0.3533104043283555,-2.379792397146861,-1.7371148923520932,-0.027463436301110464,1.5267025959204261,0.1263500022401707,,,,,,,72.260,
1767382563.588986,129,102;103;104;200;202,13.697;10.023;7.768;18.891;17.426,-0.3690311883985877,-2.4693118509108976,-1.8228739357991477,-0.07697888709128135,1.514978915086231,0.15264456587447234,,,,,,,72.316,
1767382563.664814,130,101;102;103;104;200,9.630;13.343;11.014;9.153;19.841,0.35454838788009585,2.4996630958336787,1.8563839023716608,-0.05705208469515416,1.5409737096731524,0.1309645366257634,,,,,,,72.655,
1767382563.764528,131,101;102;103;200;202,7.754;14.165;12.909;18.758;16.953,-0.3412793243492787,-2.4515118582456275,-1.7906487864742615,-0.052596082125401365,1.52956902861034,0.13432306679364195,,,,,,,71.916,
1767382563.865249,132,101;102;103;104;200;202,8.071;13.555;11.531;8.660;17.729;17.301,-0.3385578602453742,-2.4919291213787393,-1.826197346914206,-0.05651832926846551,1.5326418653778073,0.12242613258184251,,,,,,,71.995,
1767382563.963974,133,101;102;103;200;202,8.796;13.751;12.555;19.020;17.520,-0.32830268915131816,-2.43672466004141,-1.7607584976288917,-0.04956240068385306,1.524613588780879,0.12635634285591987,,,,,,,71.490,
1767382564.064799,134,101;102;103;200;202,7.801;14.201;12.618;18.333;16.145,-0.32221845339734473,-2.3965270769382343,-1.7174957069468295,-0.04707651979584313,1.5173773970205415,0.12425813127949986,,,,,,,71.389,
1767382564.164754,135,101;102;103;200;202,10.683;12.867;13.257;18.577;16.078,-0.45988737214169356,-2.3754949374391843,-1.8028555203727707,-0.06694967226648665,1.502254424540308,0.10996721770910357,,,,,,,73.676,
1767382564.267791,136,101;102;103;104;200;202,8.239;14.747;11.878;8.562;20.367;17.411,-0.42421818610920015,-2.4340229916462945,-1.8399527973173553,-0.06884930745985018,1.5197096392556027,0.10646784113367512,,,,,,,73.422,
1767382564.368479,137,101;102;103;200;202,7.609;12.860;13.337;20.307;16.868,-0.39017492832820894,-2.3997167645506368,-1.7767803948695498,-0.064652289667997,1.5126324120054306,0.11529892241848504,,,,,,,72.652,
1767382564.467495,138,102;103;200;202,13.874;11.975;17.059;17.542,-0.4008328263195519,-2.420147339547347,-1.7814847443139206,-0.11557941090930497,1.5030582731193192,0.14819449529226256,,,,,,,72.213,
1767382564.566865,139,102;103;200;202,14.181;13.449;18.588;16.987,-0.39831616614648785,-2.4455737187981756,-1.7771582529764576,-0.14499382305594968,1.4972666726690878,0.16444606325320857,,,,,,,71.469,
1767382564.664723,140,101;102;103;200;202,8.781;14.998;12.253;18.635;16.790,-0.37217251976424837,-2.3967319335259214,-1.729443009338242,-0.11592158694786699,1.493140944450414,0.1600429138798709,,,,,,,71.510,
1767382564.764451,141,101;102;103;200;202,10.458;13.414;12.756;19.450;17.557,-0.3488726478838848,-2.366545636795074,-1.6937421607835002,-0.09215537766479763,1.4929654625074427,0.14884103389919262,,,,,,,71.492,
1767382564.861705,142,102;103;200,14.825;13.117;19.797,-0.37086230319480884,-2.4018832375107824,-1.746321237186952,-0.11326237395130266,1.5007755786038757,0.171389059684816,,,,,,,71.839,
1767382564.963749,143,101;102;103;200;202,9.417;13.934;12.867;19.484;17.951,-0.3555661281689485,-2.369978567692566,-1.7122670172490433,-0.10223843519100247,1.4973358396793008,0.16421721643923162,,,,,,,71.858,
1767382565.066639,144,101;102;103;104;200;202,9.975;13.805;12.107;6.843;18.444;16.062,-0.34714278382918456,-2.4100547595177755,-1.7557129049777507,-0.09677561790823595,1.5086971214642777,0.14471133900684985,,,,,,,71.974,
1767382565.165449,145,101;102;103;200;202,9.711;12.922;13.258;20.038;17.032,-0.33549319682794,-2.3862812506187687,-1.717560513545757,-0.08067347571029593,1.5090781435638374,0.1364696568873176,,,,,,,71.624,
1767382565.264756,146,101;102;103;200;202,9.711;12.922;13.258;20.038;17.032,-0.33549319682794,-2.3862812506187687,-1.717560513545757,-0.08067347571029593,1.5090781435638374,0.1364696568873176,,,,,,,71.624,
1767382565.367062,147,101;102;103;200;202,8.007;13.964;11.354;18.913;16.880,-0.3252019323246541,-2.3606457737643827,-1.6870079180476882,-0.07636861418411714,1.503955768492339,0.13419115823656544,,,,,,,71.583,
1767382565.463087,148,102;103;200;202,14.383;12.229;20.247;17.407,-0.3448622880008042,-2.3902394486678276,-1.710461621005283,-0.11877783654234211,1.4910662837266984,0.1580986089618782,,,,,,,71.286,
1767382565.564761,149,101;102;103;200;202,7.385;14.646;12.103;19.030;18.508,-0.3334223641333926,-2.359504352406839,-1.6806181566218044,-0.10143729006260149,1.4892623616167588,0.15100521319419366,,,,,,,71.415,
1767382565.662588,150,101;102;103;200,8.598;14.633;11.050;19.739,-0.330907531684346,-2.3387727562789613,-1.6754040781524417,-0.07186387549718307,1.5010143938177989,0.14095643902215227,,,,,,,71.904,
1767382565.766409,151,101;102;103;104;200;202,10.737;14.632;11.971;8.245;18.450;15.219,-0.3299214715925819,-2.394602395530978,-1.7302923929371217,-0.07266033862861368,1.511611888046105,0.1267105257116397,,,,,,,71.760,
1767382565.863292,152,101;102;103;200,9.249;13.638;12.812;18.920,-0.32491485615291665,-2.3723660440679324,-1.7147843478432998,-0.0496897314016248,1.522582194707248,0.12207533602258493,,,,,,,71.983,
1767382565.963765,153,101;102;103;200,10.960;13.774;11.540;19.559,-0.32366903125830354,-2.3468856034329746,-1.692230503593946,-0.03115274927734679,1.5305404895076016,0.11535991334551932,,,,,,,72.130,
1767382566.065244,154,101;102;103;200;202,11.525;13.606;11.461;18.140;15.705,-0.3118790001506969,-2.3300347454648183,-1.6637561963335914,-0.035722118009271546,1.5223974607944104,0.10926410111978156,,,,,,,71.948,
1767382566.163675,155,101;102;103;200,8.946;13.328;12.955;19.220,-0.45455872381735946,-2.337914481109491,-1.7771245623369005,-0.0451944409716208,1.5094207989360087,0.09597597455736076,,,,,,,74.010,
1767382566.263064,156,102;103;200,13.411;12.398;18.040,-0.45279107252472445,-2.377101459665706,-1.7946629142236172,-0.0801150760842896,1.5130854663926485,0.1308582876239319,,,,,,,73.445,
1767382566.369262,157,102;103;200;202,14.417;13.296;18.839;17.215,-0.438799494425638,-2.4142292183991136,-1.785037462791596,-0.11960162340124908,1.5101048128185899,0.14881006730150756,,,,,,,72.295,
1767382566.477607,158,101;102;103;200;202,9.824;14.961;12.977;19.671;17.531,-0.40244183916128873,-2.378120972289264,-1.7321990410185009,-0.10286505151333393,1.5045468664477686,0.14313004564163767,,,,,,,71.958,
1767382566.573197,159,102;103;200;202,13.571;13.518;20.137;17.272,-0.40804054915918714,-2.3987846247611766,-1.7353195962861305,-0.14599682094934197,1.4931464441291908,0.16481377597998162,,,,,,,71.459,
1767382566.670457,160,101;102;103;200;202,11.223;13.119;11.713;18.170;17.063,-0.37917354375207457,-2.366146260264748,-1.691157367175476,-0.12151309996815761,1.488444351751374,0.15221471540699133,,,,,,,71.301,
1767382566.768740,161,101;102;103;200,8.881;13.780;12.018;17.977,-0.3625185705620404,-2.350056175766157,-1.681175515515524,-0.09038054623162234,1.502448958737947,0.1368661554244324,,,,,,,71.580,
1767382566.864443,162,102;103;200;202,14.567;12.738;19.567;17.667,-0.3746950056016905,-2.382065710570178,-1.70232960288348,-0.13250583831689192,1.4897610279112958,0.1560979886097434,,,,,,,71.169,
1767382566.965666,163,101;102;103;200;202,9.017;15.192;12.871;18.600;16.480,-0.3545849199549543,-2.3578629177242694,-1.670567071399383,-0.11410954729704036,1.4899280489296678,0.14449607573453155,,,,,,,71.108,
1767382567.064682,164,101;102;103;200,6.541;14.140;11.026;19.507,-0.34495794966994175,-2.342756068360736,-1.6654639197955725,-0.0831138974156493,1.504265285320927,0.12951694550492104,,,,,,,71.466,
1767382567.166023,165,101;102;103;200;202,9.914;13.907;11.696;18.277;16.628,-0.32989581243927224,-2.3260504515651275,-1.6356741218758601,-0.0711002019991627,1.5021926058646435,0.1181781437879866,,,,,,,71.276,
1767382567.266145,166,101;102;103;200;202,11.076;13.497;11.271;19.021;17.493,-0.32387884425157065,-2.313440525295619,-1.6178784305382252,-0.06730364213621355,1.4986329762273782,0.11026902225940848,,,,,,,71.249,
1767382567.365174,167,101;102;103;200,9.566;13.254;10.603;19.224,-0.3219447379826226,-2.3185893007075995,-1.621464020485606,-0.04200350633104677,1.5161709070818457,0.09532396862747863,,,,,,,71.185,
1767382567.466224,168,101;102;103;200;202,8.915;12.482;10.672;19.191;16.526,-0.3153870380542128,-2.304960895847788,-1.6135535325075363,-0.04787064255073659,1.5102474063691056,0.09727067417920345,,,,,,,71.449,
1767382567.564885,169,101;102;103;200;202,7.162;11.229;12.028;18.527;17.530,-0.3171484484691741,-2.2921965408842966,-1.613300459268704,-0.05885724752890791,1.5023244364784254,0.10476989043591595,,,,,,,71.848,
1767382567.665489,170,101;102;103;200;202,8.921;15.024;12.769;19.111;16.677,-0.4287092445022842,-2.3211182430485136,-1.7070404652858777,-0.08027800459547148,1.4900613962566163,0.10544153212198952,,,,,,,72.777,
1767382567.764975,171,101;102;103;200;202,8.921;15.024;12.769;19.111;16.677,-0.4287092445022842,-2.3211182430485136,-1.7070404652858777,-0.08027800459547148,1.4900613962566163,0.10544153212198952,,,,,,,72.777,
1767382567.863624,172,102;103;200;202,13.607;11.210;19.696;16.571,-0.4323053378176353,-2.344084268844626,-1.7249822176605443,-0.13474619242232483,1.4764051070332613,0.15012503318119663,,,,,,,72.567,
1767382567.964409,173,102;103;104;200,14.298;11.869;9.276;19.076,-0.4383357428931251,-2.461446487049073,-1.8565482099696402,-0.14905035922511475,1.4976244427493206,0.17067264024370588,,,,,,,73.207,
1767382568.066266,174,102;103;104;200,14.298;11.869;9.276;19.076,-0.4383357428931251,-2.461446487049073,-1.8565482099696402,-0.14905035922511475,1.4976244427493206,0.17067264024370588,,,,,,,73.207,
1767382568.163583,175,102;103;200,13.653;12.722;19.122,0.4865467233784538,2.3259766283396655,2.0423594222614194,-0.18680432519692128,1.458538128272137,0.17936706257321566,,,,,,,81.357,
1767382568.264233,176,102;103;104;200,14.222;12.126;10.290;18.642,0.45330417359728664,2.272270325047447,1.9562304479027353,-0.19300230031486595,1.4968229558975688,0.1879273971202442,,,,,,,80.549,
1767382684.314328,21,103;104;200,15.407;10.062;14.407,0.5380716313987436,1.1588267850296958,2.1338263707003753,-0.768352601301117,1.6058057487036141,0.7145300605958217,,,,,,,58.215,
1767382684.408200,22,103;104;200,15.407;10.062;14.407,0.5380716313987436,1.1588267850296958,2.1338263707003753,-0.768352601301117,1.6058057487036141,0.7145300605958217,,,,,,,58.215,
1767382684.511949,23,103;104;200,15.176;11.525;14.756,0.5127768055220046,1.1632840810017337,2.0985830033094284,-0.7468602300519301,1.6223037438972736,0.6836819883820092,,,,,,,58.389,
1767382684.613396,24,103;104;200,15.176;11.525;14.756,0.5127768055220046,1.1632840810017337,2.0985830033094284,-0.7468602300519301,1.6223037438972736,0.6836819883820092,,,,,,,58.389,
1767382684.706702,25,103;104;200,15.176;11.525;14.756,0.5127768055220046,1.1632840810017337,2.0985830033094284,-0.7468602300519301,1.6223037438972736,0.6836819883820092,,,,,,,58.389,
1767382684.807542,26,103;104;200,15.176;11.525;14.756,0.5127768055220046,1.1632840810017337,2.0985830033094284,-0.7468602300519301,1.6223037438972736,0.6836819883820092,,,,,,,58.389,
1767382684.907694,27,103;104;200,15.176;11.525;14.756,0.5127768055220046,1.1632840810017337,2.0985830033094284,-0.7468602300519301,1.6223037438972736,0.6836819883820092,,,,,,,58.389,
1767382685.011177,28,103;104;200,15.176;11.525;14.756,0.5127768055220046,1.1632840810017337,2.0985830033094284,-0.7468602300519301,1.6223037438972736,0.6836819883820092,,,,,,,58.389,
1767382685.106925,29,103;104;200,15.176;11.525;14.756,0.5127768055220046,1.1632840810017337,2.0985830033094284,-0.7468602300519301,1.6223037438972736,0.6836819883820092,,,,,,,58.389,
1767382685.209730,30,103;104;200,15.176;11.525;14.756,0.5127768055220046,1.1632840810017337,2.0985830033094284,-0.7468602300519301,1.6223037438972736,0.6836819883820092,,,,,,,58.389,
1767382685.307975,31,103;104;200,15.176;11.525;14.756,0.5127768055220046,1.1632840810017337,2.0985830033094284,-0.7468602300519301,1.6223037438972736,0.6836819883820092,,,,,,,58.389,
1767382685.407205,32,103;104;200,15.176;11.525;14.756,0.5127768055220046,1.1632840810017337,2.0985830033094284,-0.7468602300519301,1.6223037438972736,0.6836819883820092,,,,,,,58.389,
1767382685.508246,33,103;104;200,15.176;11.525;14.756,0.5127768055220046,1.1632840810017337,2.0985830033094284,-0.7468602300519301,1.6223037438972736,0.6836819883820092,,,,,,,58.389,
1767382685.609270,34,103;104;200,15.176;11.525;14.756,0.5127768055220046,1.1632840810017337,2.0985830033094284,-0.7468602300519301,1.6223037438972736,0.6836819883820092,,,,,,,58.389,
1767382685.707925,35,103;104;200,15.176;11.525;14.756,0.5127768055220046,1.1632840810017337,2.0985830033094284,-0.7468602300519301,1.6223037438972736,0.6836819883820092,,,,,,,58.389,
1767382685.806244,36,103;104;200,15.176;11.525;14.756,0.5127768055220046,1.1632840810017337,2.0985830033094284,-0.7468602300519301,1.6223037438972736,0.6836819883820092,,,,,,,58.389,
1767382685.907702,37,103;104;200,15.176;11.525;14.756,0.5127768055220046,1.1632840810017337,2.0985830033094284,-0.7468602300519301,1.6223037438972736,0.6836819883820092,,,,,,,58.389,
1767382686.007167,38,103;104;200,15.176;11.525;14.756,0.5127768055220046,1.1632840810017337,2.0985830033094284,-0.7468602300519301,1.6223037438972736,0.6836819883820092,,,,,,,58.389,
1767382686.106461,39,103;104;200,15.176;11.525;14.756,0.5127768055220046,1.1632840810017337,2.0985830033094284,-0.7468602300519301,1.6223037438972736,0.6836819883820092,,,,,,,58.389,
1767382686.207660,40,103;104;200,15.176;11.525;14.756,0.5127768055220046,1.1632840810017337,2.0985830033094284,-0.7468602300519301,1.6223037438972736,0.6836819883820092,,,,,,,58.389,
1767382686.310989,41,103;104;200,15.176;11.525;14.756,0.5127768055220046,1.1632840810017337,2.0985830033094284,-0.7468602300519301,1.6223037438972736,0.6836819883820092,,,,,,,58.389,
1767382686.412668,42,103;104;200,15.176;11.525;14.756,0.5127768055220046,1.1632840810017337,2.0985830033094284,-0.7468602300519301,1.6223037438972736,0.6836819883820092,,,,,,,58.389,
1767382686.511217,43,103;104;200,15.176;11.525;14.756,0.5127768055220046,1.1632840810017337,2.0985830033094284,-0.7468602300519301,1.6223037438972736,0.6836819883820092,,,,,,,58.389,
1767382686.612321,44,103;104;200,15.176;11.525;14.756,0.5127768055220046,1.1632840810017337,2.0985830033094284,-0.7468602300519301,1.6223037438972736,0.6836819883820092,,,,,,,58.389,
1767382686.711485,45,103;104;200,15.176;11.525;14.756,0.5127768055220046,1.1632840810017337,2.0985830033094284,-0.7468602300519301,1.6223037438972736,0.6836819883820092,,,,,,,58.389,
1767382686.811682,46,103;104;200,15.176;11.525;14.756,0.5127768055220046,1.1632840810017337,2.0985830033094284,-0.7468602300519301,1.6223037438972736,0.6836819883820092,,,,,,,58.389,
1767382686.912866,47,103;104;200,15.176;11.525;14.756,0.5127768055220046,1.1632840810017337,2.0985830033094284,-0.7468602300519301,1.6223037438972736,0.6836819883820092,,,,,,,58.389,
1767382687.011825,48,103;104;200,15.176;11.525;14.756,0.5127768055220046,1.1632840810017337,2.0985830033094284,-0.7468602300519301,1.6223037438972736,0.6836819883820092,,,,,,,58.389,
1767382687.107854,49,103;104;200,15.176;11.525;14.756,0.5127768055220046,1.1632840810017337,2.0985830033094284,-0.7468602300519301,1.6223037438972736,0.6836819883820092,,,,,,,58.389,
1767382687.208109,50,103;104;200,15.176;11.525;14.756,0.5127768055220046,1.1632840810017337,2.0985830033094284,-0.7468602300519301,1.6223037438972736,0.6836819883820092,,,,,,,58.389,
1767382687.306355,51,103;104;200,15.176;11.525;14.756,0.5127768055220046,1.1632840810017337,2.0985830033094284,-0.7468602300519301,1.6223037438972736,0.6836819883820092,,,,,,,58.389,
1767382687.507920,52,103;104;200,15.176;11.525;14.756,0.5127768055220046,1.1632840810017337,2.0985830033094284,-0.7468602300519301,1.6223037438972736,0.6836819883820092,,,,,,,58.389,
1767382687.606593,53,103;104;200,15.176;11.525;14.756,0.5127768055220046,1.1632840810017337,2.0985830033094284,-0.7468602300519301,1.6223037438972736,0.6836819883820092,,,,,,,58.389,
1767382687.704442,54,103;104;200,15.176;11.525;14.756,0.5127768055220046,1.1632840810017337,2.0985830033094284,-0.7468602300519301,1.6223037438972736,0.6836819883820092,,,,,,,58.389,
1767382687.905822,55,103;104;200,15.176;11.525;14.756,0.5127768055220046,1.1632840810017337,2.0985830033094284,-0.7468602300519301,1.6223037438972736,0.6836819883820092,,,,,,,58.389,
1767382688.010497,56,103;104;200,15.176;11.525;14.756,0.5127768055220046,1.1632840810017337,2.0985830033094284,-0.7468602300519301,1.6223037438972736,0.6836819883820092,,,,,,,58.389,
1767382688.127491,57,103;104;200,15.176;11.525;14.756,0.5127768055220046,1.1632840810017337,2.0985830033094284,-0.7468602300519301,1.6223037438972736,0.6836819883820092,,,,,,,58.389,
1767382688.210166,58,103;104;200,15.176;11.525;14.756,0.5127768055220046,1.1632840810017337,2.0985830033094284,-0.7468602300519301,1.6223037438972736,0.6836819883820092,,,,,,,58.389,
1767382688.314870,59,103;104;200,15.176;11.525;14.756,0.5127768055220046,1.1632840810017337,2.0985830033094284,-0.7468602300519301,1.6223037438972736,0.6836819883820092,,,,,,,58.389,
1767382688.410641,60,103;104;200,15.176;11.525;14.756,0.5127768055220046,1.1632840810017337,2.0985830033094284,-0.7468602300519301,1.6223037438972736,0.6836819883820092,,,,,,,58.389,
1767382688.514476,61,102;103;104,12.266;13.357;10.302,0.4960393499443918,1.5177202679644044,1.986847291443628,-0.45377175310164475,1.5904412948764253,0.572111666956348,,,,,,,73.614,
1767382688.615457,62,102;103;104,12.266;13.357;10.302,0.4960393499443918,1.5177202679644044,1.986847291443628,-0.45377175310164475,1.5904412948764253,0.572111666956348,,,,,,,73.614,
1767382688.711566,63,102;103;104,13.567;15.903;9.073,0.47677591018846305,1.7688721776043528,1.8804755575712482,-0.24087727839170112,1.6205437766850472,0.44522880330678277,,,,,,,84.861,
1767382688.811297,64,102;103;104,13.567;15.903;9.073,0.47677591018846305,1.7688721776043528,1.8804755575712482,-0.24087727839170112,1.6205437766850472,0.44522880330678277,,,,,,,84.861,
1767382688.910013,65,102;103;104,13.567;15.903;9.073,0.47677591018846305,1.7688721776043528,1.8804755575712482,-0.24087727839170112,1.6205437766850472,0.44522880330678277,,,,,,,84.861,
1767382689.010490,66,102;103;200,13.161;14.238;14.500,0.6249288651998716,2.0450848670802437,2.0078826459205645,-0.2828743711781523,1.554084717473402,0.5022017880240917,,,,,,,87.052,
1767382689.109434,67,102;103;200,13.161;14.238;14.500,0.6249288651998716,2.0450848670802437,2.0078826459205645,-0.2828743711781523,1.554084717473402,0.5022017880240917,,,,,,,87.052,
1767382689.209810,68,102;103;200,13.161;14.238;14.500,0.6249288651998716,2.0450848670802437,2.0078826459205645,-0.2828743711781523,1.554084717473402,0.5022017880240917,,,,,,,87.052,
1767382689.317308,69,102;103;200,13.161;14.238;14.500,0.6249288651998716,2.0450848670802437,2.0078826459205645,-0.2828743711781523,1.554084717473402,0.5022017880240917,,,,,,,87.052,
1767382689.409002,70,102;103;200,13.161;14.238;14.500,0.6249288651998716,2.0450848670802437,2.0078826459205645,-0.2828743711781523,1.554084717473402,0.5022017880240917,,,,,,,87.052,
1767382689.513452,71,102;103;200,13.161;14.238;14.500,0.6249288651998716,2.0450848670802437,2.0078826459205645,-0.2828743711781523,1.554084717473402,0.5022017880240917,,,,,,,87.052,
1767382689.611516,72,102;103;200,13.161;14.238;14.500,0.6249288651998716,2.0450848670802437,2.0078826459205645,-0.2828743711781523,1.554084717473402,0.5022017880240917,,,,,,,87.052,
1767382689.713261,73,102;103;200,13.161;14.238;14.500,0.6249288651998716,2.0450848670802437,2.0078826459205645,-0.2828743711781523,1.554084717473402,0.5022017880240917,,,,,,,87.052,
1767382689.812399,74,102;103;200,13.161;14.238;14.500,0.6249288651998716,2.0450848670802437,2.0078826459205645,-0.2828743711781523,1.554084717473402,0.5022017880240917,,,,,,,87.052,
1767382689.913047,75,101;102;103;200,8.469;12.336;15.308;15.424,0.7936294301925108,2.1963436524870175,2.0490907203755753,-0.2294376570564127,1.5598145393927756,0.4453019386685967,,,,,,,82.549,
1767382690.015695,76,101;102;103;104;200;202,7.450;13.169;13.788;9.759;14.524;12.639,-0.7460682703801234,-2.2097514110746017,-1.9383351978075687,-0.21440985241442487,1.519074518052978,0.40166445423585606,,,,,,,79.663,
1767382690.110845,77,101;102;103;104;200;202,7.450;13.169;13.788;9.759;14.524;12.639,-0.7460682703801234,-2.2097514110746017,-1.9383351978075687,-0.21440985241442487,1.519074518052978,0.40166445423585606,,,,,,,79.663,
1767382690.218402,78,101;102;103;104;200;202,8.309;14.520;12.354;8.214;13.946;10.533,-0.8014329198458635,-2.2230469331610316,-1.860666907336531,-0.24878952082142008,1.5389253470268567,0.3259627540069643,,,,,,,76.758,
1767382690.401754,79,101;102;103;104;200,7.948;14.710;14.078;9.515;14.771,-0.8456779047783428,-2.2358663097046088,-1.820635209059542,-0.2435751879801106,1.5619307411034287,0.26862795954988417,,,,,,,74.939,
1767382690.488741,80,101;102;103;200;202,6.118;12.662;14.858;14.837;12.321,-0.7514342255118914,-2.1304796418231695,-1.6567214983617282,-0.24053701724502427,1.4668262012732238,0.28405421178907453,,,,,,,74.734,
1767382690.573529,81,101;102;103;104;200;202,6.737;13.092;12.487;10.202;14.179;10.660,-0.6995690239604472,-2.1375857092810273,-1.613268301128574,-0.23040672083832495,1.4709149595389959,0.2345498246226006,,,,,,,74.037,
1767382690.645283,82,101;102;103;104;200,8.716;13.472;14.895;10.447;14.023,-0.6677658417136311,-2.161556492979093,-1.6102364135179128,-0.20691434121913693,1.5010394444261623,0.1839752915366843,,,,,,,73.510,
1767382690.720835,83,102;103;200,12.419;14.427;14.379,-0.6708804561565624,-2.110594014997057,-1.557227262213806,-0.2555748875799557,1.4584618997144216,0.22146728307458613,,,,,,,73.966,
1767382690.815398,84,101;102;103;104,6.982;14.873;14.647;9.546,-0.6052005603677487,-2.2357276140884763,-1.5845478097057524,-0.13460384991244775,1.5664914582041203,0.07449739984883297,,,,,,,71.067,
1767382690.913338,85,102;103;104,13.870;15.144;9.959,-0.5736409876216187,-2.434954595858274,-1.6555982445573183,-0.039517978418510125,1.6457939459880029,0.007376587034464978,,,,,,,67.428,
1767382691.012395,86,102;103;104,13.870;15.144;9.959,-0.5736409876216187,-2.434954595858274,-1.6555982445573183,-0.039517978418510125,1.6457939459880029,0.007376587034464978,,,,,,,67.428,
1767382691.117046,87,101;102;103;104;200,7.344;14.832;15.277;9.800;14.215,-0.5805710334326365,-2.347297109635259,-1.6301284319663116,-0.07483492074862177,1.6123330217653926,0.03684380223891209,,,,,,,69.043,
1767382691.213385,88,102;103;104,14.362;15.523;9.801,-0.5472525522232389,-2.5122920498139676,-1.6810163112275192,0.008062306032214821,1.676827241750316,-0.01891673239160787,,,,,,,66.458,
1767382691.315323,89,102;103;104,14.362;15.523;9.801,-0.5472525522232389,-2.5122920498139676,-1.6810163112275192,0.008062306032214821,1.676827241750316,-0.01891673239160787,,,,,,,66.458,
1767382691.415700,90,102;103;104,14.362;15.523;9.801,-0.5472525522232389,-2.5122920498139676,-1.6810163112275192,0.008062306032214821,1.676827241750316,-0.01891673239160787,,,,,,,66.458,
1767382691.515805,91,102;103;104;200,14.713;15.433;8.657;14.068,-0.5978752633185931,-2.433234200861336,-1.6798782898480953,-0.10789159188653166,1.6203945119617342,0.04652462375166327,,,,,,,68.012,
1767382691.616255,92,102;103;104;200,14.713;15.433;8.657;14.068,-0.5978752633185931,-2.433234200861336,-1.6798782898480953,-0.10789159188653166,1.6203945119617342,0.04652462375166327,,,,,,,68.012,
1767382691.717373,93,102;103;200,12.877;14.671;13.947,-0.6263515117515331,-2.3069547745419428,-1.6175989110026099,-0.1905283705989797,1.5596320512224333,0.11915562923108414,,,,,,,69.537,
1767382691.819454,94,101;102;103;104;200,8.552;13.680;14.146;8.226;12.823,-0.6278906075849591,-2.2435595205414267,-1.6030535253485798,-0.19642095808118065,1.5371965035994195,0.13437175381584623,,,,,,,71.079,
1767382691.917262,95,102;103;200,13.000;14.514;13.961,-0.6353760376853671,-2.1921519011843174,-1.5627677674040719,-0.22600052717413313,1.504717678991432,0.17499969899272477,,,,,,,71.687,
1767382692.017708,96,101;102;103;104,8.578;14.356;14.934;9.354,-0.5784038409102575,-2.2991435237163134,-1.5941755231586385,-0.10493625907084639,1.5978410788434687,0.051773360633855285,,,,,,,69.540,
1767382692.117948,97,101;102;103;104;200,8.149;13.816;16.522;10.101;15.314,-0.6984468206891833,-2.274260150483203,-1.6326563840773713,-0.15337005467728218,1.5665212994364743,0.073534908389947,,,,,,,70.276,
1767382692.217310,98,101;102;103;200,7.117;14.851;13.896;11.869,-0.6544266585806711,-2.1697352795075733,-1.559754403247044,-0.1448718311441505,1.5223884739162086,0.11087075585525856,,,,,,,72.177,
1767382692.320471,99,102;103;104;200,14.395;14.256;8.794;12.746,-0.674878580067845,-2.1992025386617597,-1.596136315825333,-0.1953118955023234,1.508053487162649,0.15372368950040982,,,,,,,71.878,
1767382692.419338,100,102;103;200,13.710;14.013;13.834,-0.5866784060287681,-2.019963186903471,-1.6585183928662128,-0.2326974156982562,1.401141563149691,0.1999631050725295,,,,,,,80.307,
1767382692.521595,101,102;103;200,13.710;14.013;13.834,-0.5866784060287681,-2.019963186903471,-1.6585183928662128,-0.2326974156982562,1.401141563149691,0.1999631050725295,,,,,,,80.307,
1767382692.622801,102,102;103;104,14.687;15.179;6.908,-0.5605169102180164,-2.273619584852045,-1.7272907994709892,-0.11816375782898224,1.5368980426155798,0.10922060538199004,,,,,,,73.862,
1767382692.721134,103,101;102;103;104,6.802;11.633;14.356;10.167,-0.5159206642151274,-2.3470695906962713,-1.7089655516466555,-0.01036098399234937,1.612299322622727,0.028129675891163705,,,,,,,71.582,
1767382692.811645,104,102;103;104,13.212;16.713;9.338,-0.4946959253621186,-2.5104530094458712,-1.7490273805405532,0.05858890070816214,1.6716278933995068,-0.002510282384209711,,,,,,,68.747,
1767382692.914789,105,102;103;104;200,11.434;14.905;10.033;12.553,-0.5603585544302654,-2.4415421709074523,-1.7425332036850463,-0.06459198860843768,1.6242454169732417,0.057355769178539,,,,,,,69.813,
1767382693.012626,106,102;103;200,15.277;13.607;12.238,-0.603038015961488,-2.3064107002271,-1.6669509243498615,-0.1672103647695258,1.5660752848632224,0.13486588405693306,,,,,,,71.026,
1767382693.111238,107,102;103;200,15.277;13.607;12.238,-0.603038015961488,-2.3064107002271,-1.6669509243498615,-0.1672103647695258,1.5660752848632224,0.13486588405693306,,,,,,,71.026,
1767382693.212486,108,102;103;104,13.697;13.813;9.347,-0.5638602604815689,-2.487576838101032,-1.7320704071687918,-0.06454661389214363,1.6533016534301397,0.05667104033162472,,,,,,,68.430,
1767382693.312059,109,102;103;200,12.650;13.503;12.976,-0.6038140068109081,-2.332263587263043,-1.6638331912161899,-0.17331673254771165,1.579889530861617,0.14314655163873574,,,,,,,70.201,
1767382693.412964,110,102;103;104;200,13.318;14.188;9.837;13.037,-0.6372613977251522,-2.315362724487254,-1.6852155109233726,-0.2282503761446917,1.5581783986045332,0.18636247528789754,,,,,,,70.994,
1767382693.513870,111,101;102;103;104,6.740;14.215;14.384;8.222,-0.6924797121552319,-2.4366220962222838,-1.7507154889101861,-0.11785667141949446,1.6548686868549403,0.08903465577732737,,,,,,,69.380,
1767382693.610888,112,101;102;103;104,6.740;14.215;14.384;8.222,-0.6924797121552319,-2.4366220962222838,-1.7507154889101861,-0.11785667141949446,1.6548686868549403,0.08903465577732737,,,,,,,69.380,
1767382693.712094,113,101;102;103,8.844;12.942;14.344,-0.5814432803566748,-2.394137221100635,-1.6642170544947492,0.018741168145703466,1.6410291102206853,0.04024642295214096,,,,,,,68.676,
1767382693.808695,114,101;102;103,8.844;12.942;14.344,-0.5814432803566748,-2.394137221100635,-1.6642170544947492,0.018741168145703466,1.6410291102206853,0.04024642295214096,,,,,,,68.676,
1767382693.910386,115,101;102;103,8.844;12.942;14.344,-0.5814432803566748,-2.394137221100635,-1.6642170544947492,0.018741168145703466,1.6410291102206853,0.04024642295214096,,,,,,,68.676,
1767382694.011710,116,102;103;104,12.779;15.044;10.179,-0.5526272172517571,-2.5572533520681926,-1.723327355565093,0.07899270731085974,1.6925190603309441,0.010586699624477995,,,,,,,66.747,
1767382694.110091,117,102;103;104,12.779;15.044;10.179,-0.5526272172517571,-2.5572533520681926,-1.723327355565093,0.07899270731085974,1.6925190603309441,0.010586699624477995,,,,,,,66.747,
1767382694.212736,118,101;102;103,7.190;13.007;14.212,-0.48422510295285026,-2.480103274524513,-1.6423017207682844,0.1567930647854451,1.6938415018072426,-0.02002671487860139,,,,,,,66.401,
1767382694.318471,119,102;103;200,13.990;14.054;11.187,-0.5563101387862698,-2.321182406755715,-1.5972647200197967,-0.02105035588049599,1.6016920586193621,0.06318377982002128,,,,,,,69.116,
1767382694.414679,120,102;103;200,13.990;14.054;11.187,-0.5563101387862698,-2.321182406755715,-1.5972647200197967,-0.02105035588049599,1.6016920586193621,0.06318377982002128,,,,,,,69.116,
1767382694.510863,121,102;103;200,13.990;14.054;11.187,-0.5563101387862698,-2.321182406755715,-1.5972647200197967,-0.02105035588049599,1.6016920586193621,0.06318377982002128,,,,,,,69.116,
1767382694.615398,122,102;103;200,13.990;14.054;11.187,-0.5563101387862698,-2.321182406755715,-1.5972647200197967,-0.02105035588049599,1.6016920586193621,0.06318377982002128,,,,,,,69.116,
1767382694.709562,123,102;103;200,13.990;14.054;11.187,-0.5563101387862698,-2.321182406755715,-1.5972647200197967,-0.02105035588049599,1.6016920586193621,0.06318377982002128,,,,,,,69.116,
1767382694.810930,124,101;102;103,5.933;12.962;14.921,-0.48585395070072107,-2.312628410907977,-1.5597234058932146,0.07845535616423828,1.6404837596581099,-0.0029714017080094686,,,,,,,68.908,
1767382694.911596,125,101;102;103,5.933;12.962;14.921,-0.48585395070072107,-2.312628410907977,-1.5597234058932146,0.07845535616423828,1.6404837596581099,-0.0029714017080094686,,,,,,,68.908,
1767382695.010846,126,102;103;104,14.102;12.647;8.748,-0.4682835573500274,-2.4800050026858624,-1.6417943378902633,0.12028284903504637,1.6873734941036096,-0.007374293813197693,,,,,,,66.465,
1767382695.110525,127,102;103;104,14.102;12.647;8.748,-0.4682835573500274,-2.4800050026858624,-1.6417943378902633,0.12028284903504637,1.6873734941036096,-0.007374293813197693,,,,,,,66.465,
1767382695.211737,128,102;103;104,12.534;14.276;6.117,-0.45407572280081576,-2.600367737760344,-1.6983433222866207,0.15054991029572437,1.7245405957611961,-0.014418837617028404,,,,,,,65.513,
1767382695.312310,129,102;103;200,13.548;14.963;10.859,-0.5494150933229317,-2.3795707133021184,-1.6385470383321719,-0.061153645154545286,1.6217569688395994,0.07686634259333466,,,,,,,68.573,
1767382695.410288,130,102;103;200,13.548;14.963;10.859,-0.5494150933229317,-2.3795707133021184,-1.6385470383321719,-0.061153645154545286,1.6217569688395994,0.07686634259333466,,,,,,,68.573,
1767382695.510137,131,102;103;200,13.548;14.963;10.859,-0.5494150933229317,-2.3795707133021184,-1.6385470383321719,-0.061153645154545286,1.6217569688395994,0.07686634259333466,,,,,,,68.573,
1767382695.609824,132,102;103;200,13.548;14.963;10.859,-0.5494150933229317,-2.3795707133021184,-1.6385470383321719,-0.061153645154545286,1.6217569688395994,0.07686634259333466,,,,,,,68.573,
1767382695.710569,133,102;103;104,12.873;14.301;7.119,-0.5120476991473181,-2.5332053592969803,-1.7098453156072455,0.013560102946104203,1.6871799530214364,0.03213303219004338,,,,,,,67.016,
1767382695.809741,134,102;103;104,12.873;14.301;7.119,-0.5120476991473181,-2.5332053592969803,-1.7098453156072455,0.013560102946104203,1.6871799530214364,0.03213303219004338,,,,,,,67.016,
1767382695.908762,135,102;103;104,12.873;14.301;7.119,-0.5120476991473181,-2.5332053592969803,-1.7098453156072455,0.013560102946104203,1.6871799530214364,0.03213303219004338,,,,,,,67.016,
1767382696.009463,136,102;103;104,12.873;14.301;7.119,-0.5120476991473181,-2.5332053592969803,-1.7098453156072455,0.013560102946104203,1.6871799530214364,0.03213303219004338,,,,,,,67.016,
1767382696.108645,137,102;103;104,12.873;14.301;7.119,-0.5120476991473181,-2.5332053592969803,-1.7098453156072455,0.013560102946104203,1.6871799530214364,0.03213303219004338,,,,,,,67.016,
1767382696.209445,138,102;103;104,12.873;14.301;7.119,-0.5120476991473181,-2.5332053592969803,-1.7098453156072455,0.013560102946104203,1.6871799530214364,0.03213303219004338,,,,,,,67.016,
1767382696.312878,139,102;103;104,12.873;14.301;7.119,-0.5120476991473181,-2.5332053592969803,-1.7098453156072455,0.013560102946104203,1.6871799530214364,0.03213303219004338,,,,,,,67.016,
1767382696.414497,140,101;102;103,5.184;13.445;14.747,-0.6062128180526658,-2.5269215915137453,-1.7146323363807816,0.08758718337877258,1.7301070300636863,-0.025609659806494982,,,,,,,66.853,
1767382696.514774,141,101;102;103,8.825;14.260;12.644,-0.5196492969898688,-2.4539110705909137,-1.6357278928890333,0.15671122761828885,1.7155890059693981,-0.04581490194320615,,,,,,,66.691,
1767382696.615996,142,101;102;103,8.825;14.260;12.644,-0.5196492969898688,-2.4539110705909137,-1.6357278928890333,0.15671122761828885,1.7155890059693981,-0.04581490194320615,,,,,,,66.691,
1767382696.718803,143,101;102;103,8.825;14.260;12.644,-0.5196492969898688,-2.4539110705909137,-1.6357278928890333,0.15671122761828885,1.7155890059693981,-0.04581490194320615,,,,,,,66.691,
1767382696.816139,144,101;102;103,8.825;14.260;12.644,-0.5196492969898688,-2.4539110705909137,-1.6357278928890333,0.15671122761828885,1.7155890059693981,-0.04581490194320615,,,,,,,66.691,
1767382696.912569,145,101;102;103,8.825;14.260;12.644,-0.5196492969898688,-2.4539110705909137,-1.6357278928890333,0.15671122761828885,1.7155890059693981,-0.04581490194320615,,,,,,,66.691,
1767382697.013041,146,101;102;103,8.197;14.210;13.034,-0.46178110105256615,-2.4096468416362775,-1.5826864180711526,0.20129881793694585,1.7275492871753337,-0.0767092491383921,,,,,,,66.734,
1767382697.110119,147,101;102;103,8.197;14.210;13.034,-0.46178110105256615,-2.4096468416362775,-1.5826864180711526,0.20129881793694585,1.7275492871753337,-0.0767092491383921,,,,,,,66.734,
1767382697.209812,148,101;102;103,8.197;14.210;13.034,-0.46178110105256615,-2.4096468416362775,-1.5826864180711526,0.20129881793694585,1.7275492871753337,-0.0767092491383921,,,,,,,66.734,
1767382697.316775,149,101;102;103,8.197;14.210;13.034,-0.46178110105256615,-2.4096468416362775,-1.5826864180711526,0.20129881793694585,1.7275492871753337,-0.0767092491383921,,,,,,,66.734,
1767382697.417180,150,101;102;103,8.197;14.210;13.034,-0.46178110105256615,-2.4096468416362775,-1.5826864180711526,0.20129881793694585,1.7275492871753337,-0.0767092491383921,,,,,,,66.734,
1767382697.519358,151,101;102;103,8.197;14.210;13.034,-0.46178110105256615,-2.4096468416362775,-1.5826864180711526,0.20129881793694585,1.7275492871753337,-0.0767092491383921,,,,,,,66.734,
1767382697.617799,152,102;103;104,12.663;12.129;7.015,-0.46401376623015844,-2.5471743376172404,-1.6352786858281096,0.21229040852528228,1.745959327904761,-0.0730654990472847,,,,,,,64.696,
1767382697.712274,153,102;103;104,12.663;12.129;7.015,-0.46401376623015844,-2.5471743376172404,-1.6352786858281096,0.21229040852528228,1.745959327904761,-0.0730654990472847,,,,,,,64.696,
1767382697.812516,154,102;103;104,12.663;12.129;7.015,-0.46401376623015844,-2.5471743376172404,-1.6352786858281096,0.21229040852528228,1.745959327904761,-0.0730654990472847,,,,,,,64.696,
1767382697.912111,155,102;103;104,12.663;12.129;7.015,-0.46401376623015844,-2.5471743376172404,-1.6352786858281096,0.21229040852528228,1.745959327904761,-0.0730654990472847,,,,,,,64.696,
1767382698.010020,156,102;103;104,12.663;12.129;7.015,-0.46401376623015844,-2.5471743376172404,-1.6352786858281096,0.21229040852528228,1.745959327904761,-0.0730654990472847,,,,,,,64.696,
1767382698.111021,157,102;103;104,12.663;12.129;7.015,-0.46401376623015844,-2.5471743376172404,-1.6352786858281096,0.21229040852528228,1.745959327904761,-0.0730654990472847,,,,,,,64.696,
1767382698.209094,158,102;103;104,12.663;12.129;7.015,-0.46401376623015844,-2.5471743376172404,-1.6352786858281096,0.21229040852528228,1.745959327904761,-0.0730654990472847,,,,,,,64.696,
1767382698.319202,159,101;102;103,6.114;12.641;12.347,-0.5916535648737868,-2.53865621973184,-1.6573236729632936,0.22619103148481437,1.7558339392612483,-0.11475820785145678,,,,,,,64.959,
1767382698.415757,160,101;102;103,6.114;12.641;12.347,-0.5916535648737868,-2.53865621973184,-1.6573236729632936,0.22619103148481437,1.7558339392612483,-0.11475820785145678,,,,,,,64.959,
1767382698.516662,161,101;102;103,6.114;12.641;12.347,-0.5916535648737868,-2.53865621973184,-1.6573236729632936,0.22619103148481437,1.7558339392612483,-0.11475820785145678,,,,,,,64.959,
1767382698.616872,162,101;102;103,6.114;12.641;12.347,-0.5916535648737868,-2.53865621973184,-1.6573236729632936,0.22619103148481437,1.7558339392612483,-0.11475820785145678,,,,,,,64.959,
1767382698.717743,163,101;102;103,6.114;12.641;12.347,-0.5916535648737868,-2.53865621973184,-1.6573236729632936,0.22619103148481437,1.7558339392612483,-0.11475820785145678,,,,,,,64.959,
1767382698.813989,164,101;102;103,6.114;12.641;12.347,-0.5916535648737868,-2.53865621973184,-1.6573236729632936,0.22619103148481437,1.7558339392612483,-0.11475820785145678,,,,,,,64.959,
1767382698.913683,165,101;102;103,6.114;12.641;12.347,-0.5916535648737868,-2.53865621973184,-1.6573236729632936,0.22619103148481437,1.7558339392612483,-0.11475820785145678,,,,,,,64.959,
1767382699.015829,166,102;103;200,9.772;11.534;10.778,-0.634040703179115,-2.3585674985529463,-1.5562826065406252,-0.010307733930114728,1.666260278543723,-0.04530879869795223,,,,,,,66.354,
1767382699.214006,167,102;103;200,9.772;11.534;10.778,-0.634040703179115,-2.3585674985529463,-1.5562826065406252,-0.010307733930114728,1.666260278543723,-0.04530879869795223,,,,,,,66.354,
1767382699.311168,168,102;103;200,9.772;11.534;10.778,-0.634040703179115,-2.3585674985529463,-1.5562826065406252,-0.010307733930114728,1.666260278543723,-0.04530879869795223,,,,,,,66.354,
1767382699.507997,169,102;103;200,9.772;11.534;10.778,-0.634040703179115,-2.3585674985529463,-1.5562826065406252,-0.010307733930114728,1.666260278543723,-0.04530879869795223,,,,,,,66.354,
1767382699.612251,170,102;103;200,9.772;11.534;10.778,-0.634040703179115,-2.3585674985529463,-1.5562826065406252,-0.010307733930114728,1.666260278543723,-0.04530879869795223,,,,,,,66.354,
1767382699.806976,171,102;103;200,9.772;11.534;10.778,-0.634040703179115,-2.3585674985529463,-1.5562826065406252,-0.010307733930114728,1.666260278543723,-0.04530879869795223,,,,,,,66.354,
1767382699.911713,172,102;103;200,9.772;11.534;10.778,-0.634040703179115,-2.3585674985529463,-1.5562826065406252,-0.010307733930114728,1.666260278543723,-0.04530879869795223,,,,,,,66.354,
1767382700.013246,173,102;103;200,12.204;12.386;12.506,-0.633327110223141,-2.267515795631259,-1.513334115960492,-0.10674246311932153,1.6361587474220083,0.05787598181401216,,,,,,,68.034,
1767382700.111392,174,102;103;200,12.204;12.386;12.506,-0.633327110223141,-2.267515795631259,-1.513334115960492,-0.10674246311932153,1.6361587474220083,0.05787598181401216,,,,,,,68.034,
1767382700.214060,175,101;102;103,7.516;11.876;13.172,-0.5540525306878323,-2.269271838695222,-1.4729985013656586,0.0133103139697162,1.6946922670297355,-0.003273758108776893,,,,,,,67.670,
1767382700.314609,176,101;102;103,7.516;11.876;13.172,-0.5540525306878323,-2.269271838695222,-1.4729985013656586,0.0133103139697162,1.6946922670297355,-0.003273758108776893,,,,,,,67.670,
1767382700.416979,177,101;102;103,7.516;11.876;13.172,-0.5540525306878323,-2.269271838695222,-1.4729985013656586,0.0133103139697162,1.6946922670297355,-0.003273758108776893,,,,,,,67.670,
1767382700.516638,178,101;102;103,7.516;11.876;13.172,-0.5540525306878323,-2.269271838695222,-1.4729985013656586,0.0133103139697162,1.6946922670297355,-0.003273758108776893,,,,,,,67.670,
1767382700.617339,179,101;102;103,7.516;11.876;13.172,-0.5540525306878323,-2.269271838695222,-1.4729985013656586,0.0133103139697162,1.6946922670297355,-0.003273758108776893,,,,,,,67.670,
1767382700.715540,180,101;102;103,7.516;11.876;13.172,-0.5540525306878323,-2.269271838695222,-1.4729985013656586,0.0133103139697162,1.6946922670297355,-0.003273758108776893,,,,,,,67.670,
1767382700.810331,181,101;102;103,7.516;11.876;13.172,-0.5540525306878323,-2.269271838695222,-1.4729985013656586,0.0133103139697162,1.6946922670297355,-0.003273758108776893,,,,,,,67.670,
1767382701.411015,182,101;102;103,7.516;11.876;13.172,-0.5540525306878323,-2.269271838695222,-1.4729985013656586,0.0133103139697162,1.6946922670297355,-0.003273758108776893,,,,,,,67.670,
1767383468.091908,1,200;201;202,16.496;11.644;12.483,0.5771963959130856,0.4689212370380661,0.2735060067566155,-0.04803127906763696,0.36875121380507137,1.5857744596733498,,,,,,,42.469,
1767383487.146819,9,200;201;202,22.006;19.195;19.384,0.4399554095975066,0.4243404247341569,0.2675775681126511,-0.06014397086930322,0.3750885956459804,1.532350995209067,,,,,,,34.914,
1767383487.253489,10,102;103;200;201;202,9.304;12.256;22.356;21.185;26.085,0.4570449701064211,1.0822525700898624,0.4866311086604817,0.7031004947915619,0.6113981168427962,1.3657591556599398,,,,,,,66.545,
1767383487.361271,11,102;103;104;200;201;202,11.597;16.086;12.092;24.477;22.061;27.073,0.43234653464667466,1.4623209933073424,0.6174200576267576,0.9658619188430292,0.9541015258002187,1.0163382314962948,,,,,,,85.582,
1767383487.457300,12,102;103;104;200;201;202,11.597;16.086;12.092;24.477;22.061;27.073,0.43234653464667466,1.4623209933073424,0.6174200576267576,0.9658619188430292,0.9541015258002187,1.0163382314962948,,,,,,,85.582,
1767383487.566825,13,102;103;104;200;201;202,11.597;16.086;12.092;24.477;22.061;27.073,0.43234653464667466,1.4623209933073424,0.6174200576267576,0.9658619188430292,0.9541015258002187,1.0163382314962948,,,,,,,85.582,
1767383487.694032,14,102;103;104;200;201;202,11.597;16.086;12.092;24.477;22.061;27.073,0.43234653464667466,1.4623209933073424,0.6174200576267576,0.9658619188430292,0.9541015258002187,1.0163382314962948,,,,,,,85.582,
1767383487.856395,15,102;103;104;200;201;202,11.597;16.086;12.092;24.477;22.061;27.073,0.43234653464667466,1.4623209933073424,0.6174200576267576,0.9658619188430292,0.9541015258002187,1.0163382314962948,,,,,,,85.582,
1767383487.960529,16,102;103;104;200;201;202,11.597;16.086;12.092;24.477;22.061;27.073,0.43234653464667466,1.4623209933073424,0.6174200576267576,0.9658619188430292,0.9541015258002187,1.0163382314962948,,,,,,,85.582,
1767383488.045247,17,102;103;104;200;201;202,11.597;16.086;12.092;24.477;22.061;27.073,0.43234653464667466,1.4623209933073424,0.6174200576267576,0.9658619188430292,0.9541015258002187,1.0163382314962948,,,,,,,85.582,
1767383488.129423,18,102;103;104;200;201;202,11.597;16.086;12.092;24.477;22.061;27.073,0.43234653464667466,1.4623209933073424,0.6174200576267576,0.9658619188430292,0.9541015258002187,1.0163382314962948,,,,,,,85.582,
1767383488.204942,19,102;103;104;200;201;202,11.597;16.086;12.092;24.477;22.061;27.073,0.43234653464667466,1.4623209933073424,0.6174200576267576,0.9658619188430292,0.9541015258002187,1.0163382314962948,,,,,,,85.582,
1767383488.266441,20,103;104;200;201;202,15.573;13.512;24.100;20.345;26.591,0.3880714155843909,1.5786752672508537,0.6587381972011563,0.8780622742316802,1.2185902621167448,0.786718821782917,,,,,,,89.112,
1767383488.351105,21,103;104;200;201;202,15.573;13.512;24.100;20.345;26.591,0.3880714155843909,1.5786752672508537,0.6587381972011563,0.8780622742316802,1.2185902621167448,0.786718821782917,,,,,,,89.112,
1767383488.449516,22,103;104;200;201;202,15.573;13.512;24.100;20.345;26.591,0.3880714155843909,1.5786752672508537,0.6587381972011563,0.8780622742316802,1.2185902621167448,0.786718821782917,,,,,,,89.112,
1767383488.549577,23,103;104;200;201;202,15.573;13.512;24.100;20.345;26.591,0.3880714155843909,1.5786752672508537,0.6587381972011563,0.8780622742316802,1.2185902621167448,0.786718821782917,,,,,,,89.112,
1767383488.649396,24,103;104;200;201;202,15.573;13.512;24.100;20.345;26.591,0.3880714155843909,1.5786752672508537,0.6587381972011563,0.8780622742316802,1.2185902621167448,0.786718821782917,,,,,,,89.112,
1767383488.749200,25,103;104;200;201;202,15.573;13.512;24.100;20.345;26.591,0.3880714155843909,1.5786752672508537,0.6587381972011563,0.8780622742316802,1.2185902621167448,0.786718821782917,,,,,,,89.112,
1767383488.848567,26,103;104;200;201;202,15.573;13.512;24.100;20.345;26.591,0.3880714155843909,1.5786752672508537,0.6587381972011563,0.8780622742316802,1.2185902621167448,0.786718821782917,,,,,,,89.112,
1767383488.948909,27,103;104;200;201;202,15.573;13.512;24.100;20.345;26.591,0.3880714155843909,1.5786752672508537,0.6587381972011563,0.8780622742316802,1.2185902621167448,0.786718821782917,,,,,,,89.112,
1767383489.047304,28,103;104;200;201;202,15.573;13.512;24.100;20.345;26.591,0.3880714155843909,1.5786752672508537,0.6587381972011563,0.8780622742316802,1.2185902621167448,0.786718821782917,,,,,,,89.112,
1767383489.148776,29,103;104;200;201;202,15.573;13.512;24.100;20.345;26.591,0.3880714155843909,1.5786752672508537,0.6587381972011563,0.8780622742316802,1.2185902621167448,0.786718821782917,,,,,,,89.112,
1767383489.249341,30,102;103;104;200;201;202,13.743;15.951;16.080;24.628;19.877;25.706,0.36732751207534814,1.810638334127383,0.7353183714465562,0.8616270206554093,1.4002171301502682,0.5827770544573719,,,,,,,77.677,
1767383489.411284,31,102;103;104;200;201;202,13.391;16.869;13.901;25.089;20.914;25.743,0.19430064996590657,2.008455541216029,0.9348990754328053,0.8322983476417095,1.4724626227900788,0.4836160301265406,,,,,,,71.123,
1767383489.567224,32,102;103;104;200;201;202,13.391;16.869;13.901;25.089;20.914;25.743,0.19430064996590657,2.008455541216029,0.9348990754328053,0.8322983476417095,1.4724626227900788,0.4836160301265406,,,,,,,71.123,
1767383489.677304,33,102;103;104;200;201;202,13.391;16.869;13.901;25.089;20.914;25.743,0.19430064996590657,2.008455541216029,0.9348990754328053,0.8322983476417095,1.4724626227900788,0.4836160301265406,,,,,,,71.123,
1767383489.766619,34,102;103;104;200;201;202,13.391;16.869;13.901;25.089;20.914;25.743,0.19430064996590657,2.008455541216029,0.9348990754328053,0.8322983476417095,1.4724626227900788,0.4836160301265406,,,,,,,71.123,
1767383489.860642,35,102;103;104;200;201;202,13.391;16.869;13.901;25.089;20.914;25.743,0.19430064996590657,2.008455541216029,0.9348990754328053,0.8322983476417095,1.4724626227900788,0.4836160301265406,,,,,,,71.123,
1767383489.968205,36,102;103;104;200;201;202,13.391;16.869;13.901;25.089;20.914;25.743,0.19430064996590657,2.008455541216029,0.9348990754328053,0.8322983476417095,1.4724626227900788,0.4836160301265406,,,,,,,71.123,
1767383490.071096,37,102;103;104;200;201;202,13.391;16.869;13.901;25.089;20.914;25.743,0.19430064996590657,2.008455541216029,0.9348990754328053,0.8322983476417095,1.4724626227900788,0.4836160301265406,,,,,,,71.123,
1767383490.176664,38,102;103;104;200;201;202,13.391;16.869;13.901;25.089;20.914;25.743,0.19430064996590657,2.008455541216029,0.9348990754328053,0.8322983476417095,1.4724626227900788,0.4836160301265406,,,,,,,71.123,
1767383490.279069,39,102;103;104;200;201;202,13.391;16.869;13.901;25.089;20.914;25.743,0.19430064996590657,2.008455541216029,0.9348990754328053,0.8322983476417095,1.4724626227900788,0.4836160301265406,,,,,,,71.123,
1767383490.376351,40,103;200;201;202,9.809;24.961;22.162;26.327,0.2280481005213408,2.007641124952071,0.872898430635834,0.7619893119209518,1.4780993590142193,0.46134366060687476,,,,,,,70.161,
1767383490.478091,41,103;200;201;202,9.809;24.961;22.162;26.327,0.2280481005213408,2.007641124952071,0.872898430635834,0.7619893119209518,1.4780993590142193,0.46134366060687476,,,,,,,70.161,
1767383490.615399,42,103;200;201;202,9.809;24.961;22.162;26.327,0.2280481005213408,2.007641124952071,0.872898430635834,0.7619893119209518,1.4780993590142193,0.46134366060687476,,,,,,,70.161,
1767383490.707027,43,101;102;103;104;200;201;202,8.409;13.213;16.345;14.096;24.898;21.596;26.671,0.3519559013034083,2.0633710422459064,0.956911026071337,0.7194139651728838,1.5069966036870366,0.3060118725021405,,,,,,,67.717,
1767383490.787197,44,102;103;104;200;201;202,14.515;17.668;13.131;24.252;21.493;26.311,0.3434093506549371,2.1623814176513383,0.9592815600506843,0.6524840561701039,1.5992587577315327,0.26294629518540386,,,,,,,63.120,
1767383490.862336,45,102;103;104;200;201;202,14.355;17.613;13.737;24.831;22.222;26.909,0.17290047778021025,2.266620217519315,1.1134519644532201,0.628432761782879,1.6221068289217857,0.24163490216040137,,,,,,,62.135,
1767383490.952415,46,102;103;104;200;201;202,14.355;17.613;13.737;24.831;22.222;26.909,0.17290047778021025,2.266620217519315,1.1134519644532201,0.628432761782879,1.6221068289217857,0.24163490216040137,,,,,,,62.135,
1767383491.053541,47,102;103;104;200;201;202,14.355;17.613;13.737;24.831;22.222;26.909,0.17290047778021025,2.266620217519315,1.1134519644532201,0.628432761782879,1.6221068289217857,0.24163490216040137,,,,,,,62.135,
1767383491.156267,48,102;103;104;200;201;202,13.845;16.800;13.972;24.352;22.577;26.520,0.2122768577660694,2.302436796624831,1.0695269546379453,0.575467372164355,1.6701192546720547,0.22395587029534833,,,,,,,59.576,
1767383491.326686,49,102;103;104;200;201;202,13.845;16.800;13.972;24.352;22.577;26.520,0.2122768577660694,2.302436796624831,1.0695269546379453,0.575467372164355,1.6701192546720547,0.22395587029534833,,,,,,,59.576,
1767383491.419858,50,102;103;104;200;201;202,13.333;17.230;12.888;24.980;22.319;27.940,0.24179553034162835,2.329568031946465,1.038300635551763,0.5393649641148177,1.7070702266240168,0.20993473762148504,,,,,,,57.658,
1767383491.500430,51,102;103;200;201;202,14.498;17.697;25.433;22.912;26.681,0.26941772340772885,2.435368170178115,1.0319621605142306,0.5444495068718972,1.724100859558973,0.19194560411380124,,,,,,,53.019,
1767383491.572471,52,101;102;103;104;200;201;202,8.078;14.889;17.773;11.423;25.190;22.700;26.289,0.28837258320898196,2.517934659594724,1.05896578555902,0.5452151928916574,1.7481234994635295,0.1615917253046691,,,,,,,50.416,
1767383491.650641,53,102;103;104;200;201;202,16.057;16.762;12.073;23.863;22.855;27.385,0.29409856640443444,2.4789353008205364,1.0260676008601866,0.5160238457201856,1.7605960183477818,0.17178974759382548,,,,,,,51.060,
1767383491.751240,54,102;103;104;200;201;202,14.446;15.748;13.853;25.141;22.970;27.562,0.30111887273553223,2.4539580613711567,1.0033872532176593,0.49456869910511286,1.7703317765148745,0.17486642387658446,,,,,,,51.482,
1767383491.851293,55,102;103;104;200;201;202,14.455;15.857;10.069;24.963;22.228;27.317,0.30635832431425725,2.4450326139290537,0.9902003589703579,0.4881267084515516,1.7770470256645206,0.17546726395114445,,,,,,,51.517,
1767383491.949319,56,102;103;200;201;202,12.500;15.804;23.812;22.343;26.635,0.3211024927987227,2.526964449863214,0.9964486734359977,0.5105522186836954,1.7734704301650572,0.1652965095109192,,,,,,,48.398,
1767383492.051098,57,102;103;104;200;201;202,13.812;16.036;10.933;25.263;21.611;26.958,0.31841198530197357,2.495099395281686,0.9819531889248339,0.4906438646292804,1.7823678483998728,0.16806603462199013,,,,,,,49.282,
1767383492.150543,58,102;103;200;201;202,14.830;17.365;24.901;21.745;26.853,0.32565875227722135,2.56175462890459,0.9880170311415453,0.509679656670726,1.775029069454852,0.15885007285301614,,,,,,,46.885,
1767383492.250010,59,102;103;200;201;202,15.654;16.654;25.029;22.650;27.615,0.33399806576985275,2.6036722026520525,0.9919064608571664,0.528104517242022,1.7680459752631532,0.15253041558278793,,,,,,,45.465,
1767383492.350591,60,101;102;103;200;201;202,6.172;14.830;15.586;25.093;22.174;27.262,0.3459945746389701,2.734293252415833,1.0499970068743603,0.5589896547953046,1.7620258268464504,0.12584953702062338,,,,,,,43.078,
1767383492.449594,61,102;103;200;201;202,13.816;17.398;25.083;22.831;27.266,0.3453978592193722,2.7293831925984327,1.0338444693231872,0.5636032821341016,1.7623160539493898,0.12567803457922677,,,,,,,42.727,
1767383492.548751,62,102;103;200;201;202,13.206;16.189;24.208;22.727;27.611,0.35073402796050407,2.72582097914739,1.0234740823881951,0.568610550827186,1.7598220905759163,0.1256016541604354,,,,,,,42.497,
1767383492.649067,63,102;103;200;201;202,12.730;16.493;25.283;23.109;27.385,0.3536809586798148,2.7239704591459994,1.0133251340912384,0.5715264585093863,1.7576278057781476,0.1251901719282001,,,,,,,42.236,
1767383492.752401,64,102;103;104;200;201;202,13.586;15.291;10.926;24.770;23.181;27.374,0.3405795114037774,2.630030441103048,0.9945282587328172,0.5342360295949062,1.7681583150583517,0.15220925897075807,,,,,,,44.617,
1767383492.854997,65,102;103;200;201;202,12.897;15.437;24.567;21.303;27.191,0.34795712903609516,2.6589642572642855,0.9976713247885765,0.5496930375618081,1.7658550599270466,0.14495633773782854,,,,,,,43.736,
1767383492.949930,66,102;103;200;201;202,15.801;16.098;24.676;22.735;27.235,0.35308326468202483,2.676731192564328,0.999095543490567,0.5603451646335538,1.7631825283532638,0.1395582620379652,,,,,,,43.203,
1767383493.051711,67,102;103;104;200;201;202,14.687;15.931;11.560;25.171;22.474;26.603,0.3415031885740716,2.5929459654614204,0.9832402759025387,0.5264146473453998,1.7700213992301443,0.160445672891805,,,,,,,45.577,
1767383493.149042,68,102;103;200;201;202,11.897;16.381;25.612;23.678;27.167,0.34599140861666744,2.6271374038713797,0.9880533723111284,0.5410471350960467,1.7669695738131992,0.15266933946411196,,,,,,,44.515,
1767383493.249523,69,102;103;200;201;202,12.351;16.010;25.915;22.279;26.996,0.3483204792191425,2.649876119080912,0.992043646226764,0.5537083787459112,1.7620679752525947,0.14846375987431293,,,,,,,43.869,
1767383493.357482,70,102;103;200;201;202,13.381;16.477;26.214;22.914;26.983,0.35195305797478915,2.669817052799689,0.9932085324285708,0.561323966138946,1.7582525640517617,0.14281530107169166,,,,,,,43.255,
1767383493.449485,71,102;104;200;201;202,12.947;10.254;25.968;23.275;27.179,0.35308138841796605,2.5755425190435406,0.9893871245524609,0.5529250436846974,1.7416236935683473,0.17627532481982497,,,,,,,46.295,
1767383493.550374,72,102;103;104;200;201;202,13.343;15.373;9.896;25.370;22.386;27.500,0.3416564599986453,2.5228016805291213,0.9777005295836886,0.5217818369789823,1.7607644240613358,0.18249194010418215,,,,,,,47.999,
1767383493.649754,73,102;103;200;201;202,13.704;15.214;25.469;20.760;27.155,0.34626015129170384,2.5806882869885994,0.984961381710568,0.5368605138046247,1.758907080934436,0.16943351095025988,,,,,,,46.031,
1767383493.749572,74,102;103;200;201;202,13.725;15.927;26.024;23.463;25.969,0.3481629796890757,2.615242618376976,0.9876811315870448,0.5496761327663497,1.7568608551210378,0.16084636594459087,,,,,,,44.895,
1767383493.849538,75,102;103;200;201;202,12.385;14.161;24.807;22.783;27.371,0.35474127728918337,2.6462726056336665,0.9920119132868567,0.561662548713297,1.7566981326781559,0.1518208549187276,,,,,,,43.957,
1767383493.948060,76,102;103;200;201;202,12.385;14.161;24.807;22.783;27.371,0.35474127728918337,2.6462726056336665,0.9920119132868567,0.561662548713297,1.7566981326781559,0.1518208549187276,,,,,,,43.957,
1767383494.048486,77,102;103;200;201;202,12.921;14.760;25.348;22.648;27.705,0.3581763303023429,2.6694465474267917,0.9949190026828306,0.5686840813385268,1.756624292058031,0.14451295581780302,,,,,,,43.289,
1767383494.150500,78,102;103;200;201;202,12.510;15.502;24.681;22.713;26.724,0.3548123339747163,2.6823811982608956,0.9939828386725313,0.5722910287027623,1.7581370264450626,0.14027149767040004,,,,,,,42.879,
1767383494.249763,79,102;103;200;201;202,12.510;15.502;24.681;22.713;26.724,0.3548123339747163,2.6823811982608956,0.9939828386725313,0.5722910287027623,1.7581370264450626,0.14027149767040004,,,,,,,42.879,
1767383494.352210,80,101;102;103;200;201;202,5.304;12.865;15.113;25.541;23.311;27.039,0.5200438548314512,2.605184451630934,1.0992649010810167,0.5622141278475975,1.6848278077954377,0.08907357079968145,,,,,,,47.354,
1767383494.450176,81,102;103;200;201;202,12.594;15.230;25.847;22.016;27.067,0.47671418125455245,2.6354843236133902,1.0723915601541587,0.5671692878988034,1.7046383868697523,0.1012567000164196,,,,,,,45.938,
1767383494.547423,82,102;200;201;202,12.728;25.904;22.631;26.639,0.47806320113027617,2.708834654271287,1.0824254536798827,0.6345390605481559,1.6796907896343916,0.11735513254199821,,,,,,,44.196,
1767383494.647413,83,102;200;201;202,12.728;25.904;22.631;26.639,0.47806320113027617,2.708834654271287,1.0824254536798827,0.6345390605481559,1.6796907896343916,0.11735513254199821,,,,,,,44.196,
1767383494.750697,84,102;103;200;201;202,12.527;14.255;25.761;21.826;26.859,0.4448243405092178,2.710515842905863,1.0563806344848785,0.6220732922205483,1.7026885660210238,0.12183821335753324,,,,,,,43.518,
1767383494.849732,85,102;103;200;201;202,12.527;14.362;26.211;20.845;26.492,0.4184261675625695,2.709497636873646,1.039951626820894,0.6108235239842702,1.7186196685157762,0.1255368168231011,,,,,,,43.169,
1767383494.948866,86,102;103;200;201;202,12.197;14.411;24.088;20.556;27.145,0.40410684368049055,2.7077484735170834,1.0272591279031216,0.604787217933573,1.7287299704190713,0.12846070031673248,,,,,,,42.902,
1767383495.050183,87,102;103;200;201;202,12.464;14.666;24.646;23.739;26.528,0.39017868956737356,2.7123026855696666,1.016596488988078,0.5962961650694908,1.7399545299355281,0.12737352984010997,,,,,,,42.518,
1767383495.148925,88,102;103;200;201;202,12.464;14.666;24.646;23.739;26.528,0.39017868956737356,2.7123026855696666,1.016596488988078,0.5962961650694908,1.7399545299355281,0.12737352984010997,,,,,,,42.518,
1767383495.249137,89,102;103;200;201;202,12.547;15.110;25.493;21.858;25.502,0.38461491026623035,2.7119311495151948,1.0111682780654363,0.5949431586990775,1.7450904634383997,0.1286277420730281,,,,,,,42.391,
1767383495.359576,90,102;103;200;201;202,12.103;14.878;25.387;22.170;26.120,0.3793025997261107,2.7087848728113846,1.0070769947129108,0.5936232333240603,1.7522195152959006,0.1302041596921735,,,,,,,42.381,
1767383495.446895,91,102;200;201;202,13.007;24.249;21.516;27.040,0.4065104383112585,2.754149160404176,1.0337114290698877,0.6629554635489188,1.7136995999673101,0.1386358070404798,,,,,,,41.865,
1767383495.548774,92,102;200;201;202,11.174;25.139;22.581;26.705,0.4267364349365769,2.789499508869947,1.0515312138279511,0.7145464787300938,1.687210886538305,0.13919372166414604,,,,,,,41.519,
1767383495.648555,93,102;200;201;202,11.682;25.292;22.830;26.687,0.4417660517551415,2.8103757736490613,1.0640995158759465,0.7570828028372845,1.6646170949587027,0.14034809619922772,,,,,,,41.429,
1767383495.747188,94,102;200;201;202,11.682;25.292;22.830;26.687,0.4417660517551415,2.8103757736490613,1.0640995158759465,0.7570828028372845,1.6646170949587027,0.14034809619922772,,,,,,,41.429,
1767383495.847633,95,102;200;201;202,11.587;25.697;22.076;26.440,0.4519855503732267,2.823215189404859,1.0752771770023002,0.7906439987740153,1.649361036114658,0.14066548876000826,,,,,,,41.507,
1767383495.949299,96,102;103;200;201;202,12.194;14.074;25.315;21.945;27.291,0.426982916464032,2.7945305383052514,1.0535932388727252,0.7369807781610407,1.6826920753803505,0.1443767556264687,,,,,,,41.473,
1767383496.047649,97,102;200;201;202,12.619;25.223;22.452;26.461,0.4399156508649987,2.8169273782233875,1.0647576245676977,0.7741637943228027,1.6602795344978007,0.14318336839257112,,,,,,,41.325,
1767383496.150585,98,102;103;200;201;202,11.387;13.704;24.952;22.652;26.037,0.41530507266091443,2.7897642902296287,1.04204481390113,0.7218011001094822,1.6894943365995232,0.14557809840430572,,,,,,,41.252,
1767383496.250365,99,102;103;200;201;202,11.091;13.200;25.626;22.504;27.194,0.3997587829485899,2.7672607159052784,1.0279007595412861,0.684691502419655,1.7109456343714753,0.14495504963666067,,,,,,,41.388,
1767383496.349041,100,102;200;201;202,11.972;25.580;22.587;26.803,0.4226656271566179,2.80151659802292,1.046693680400369,0.7298636957718132,1.6880321644786085,0.14118524522126313,,,,,,,41.118,
1767383496.448566,101,102;200;201;202,11.692;24.812;23.173;26.805,0.43335631784932577,2.8143097312654874,1.065615723389544,0.7723040810318712,1.6661016182255735,0.14405848013051198,,,,,,,41.425,
1767383496.548090,102,102;200;201;202,11.391;26.484;22.878;26.554,0.44772006504173,2.83563568845988,1.0741275045467678,0.7936086702746228,1.6553114965385791,0.1369929959860812,,,,,,,41.251,
1767383496.647357,103,102;200;201;202,11.391;26.484;22.878;26.554,0.44772006504173,2.83563568845988,1.0741275045467678,0.7936086702746228,1.6553114965385791,0.1369929959860812,,,,,,,41.251,
1767383496.747732,104,102;200;201;202,11.361;25.736;21.866;26.524,0.4558350137453396,2.8444444625241667,1.084170740389652,0.8166157150932367,1.6432655814161852,0.1362280762520266,,,,,,,41.401,
1767383496.848255,105,102;200;201;202,11.571;25.966;20.864;26.476,0.46678649685814655,2.8515176867743603,1.0885442586564595,0.832682714972437,1.6373809377988564,0.1344461708853695,,,,,,,41.396,
1767383496.950439,106,102;200;201;202,11.571;25.966;20.864;26.476,0.46678649685814655,2.8515176867743603,1.0885442586564595,0.832682714972437,1.6373809377988564,0.1344461708853695,,,,,,,41.396,
1767383497.048297,107,102;200;201;202,11.571;25.966;20.864;26.476,0.46678649685814655,2.8515176867743603,1.0885442586564595,0.832682714972437,1.6373809377988564,0.1344461708853695,,,,,,,41.396,
1767383497.146751,108,102;200;201;202,11.571;25.966;20.864;26.476,0.46678649685814655,2.8515176867743603,1.0885442586564595,0.832682714972437,1.6373809377988564,0.1344461708853695,,,,,,,41.396,
1767383497.248081,109,102;200;201;202,11.571;25.966;20.864;26.476,0.46678649685814655,2.8515176867743603,1.0885442586564595,0.832682714972437,1.6373809377988564,0.1344461708853695,,,,,,,41.396,
1767383497.361431,110,102;200;201;202,10.839;25.099;23.305;26.210,0.47077465536707835,2.86175064855695,1.0914147170366524,0.8435482118688326,1.632667110963187,0.13186198394084223,,,,,,,41.315,
1767383497.452887,111,102;200;201;202,10.839;25.099;23.305;26.210,0.47077465536707835,2.86175064855695,1.0914147170366524,0.8435482118688326,1.632667110963187,0.13186198394084223,,,,,,,41.315,
1767383497.553892,112,102;200;201;202,10.839;25.099;23.305;26.210,0.47077465536707835,2.86175064855695,1.0914147170366524,0.8435482118688326,1.632667110963187,0.13186198394084223,,,,,,,41.315,
1767383497.646831,113,102;200;201;202,10.839;25.099;23.305;26.210,0.47077465536707835,2.86175064855695,1.0914147170366524,0.8435482118688326,1.632667110963187,0.13186198394084223,,,,,,,41.315,
1767383497.748511,114,102;200;201;202,10.839;25.099;23.305;26.210,0.47077465536707835,2.86175064855695,1.0914147170366524,0.8435482118688326,1.632667110963187,0.13186198394084223,,,,,,,41.315,
1767383497.850265,115,102;103;200;201;202,10.963;11.701;24.741;21.503;26.409,0.43537326364595896,2.8067582159466133,1.0638523985795276,0.7768508943539401,1.667722782753576,0.1518483102150953,,,,,,,41.516,
1767383497.947359,116,102;103;200;201;202,10.963;11.701;24.741;21.503;26.409,0.43537326364595896,2.8067582159466133,1.0638523985795276,0.7768508943539401,1.667722782753576,0.1518483102150953,,,,,,,41.516,
1767383498.048515,117,102;200;201;202,9.426;24.888;21.058;25.803,0.4476618520474095,2.8283776935314417,1.0714758450204356,0.7996324178626159,1.6611319394068775,0.14421908627624788,,,,,,,41.299,
1767383498.146747,118,102;200;201;202,9.426;24.888;21.058;25.803,0.4476618520474095,2.8283776935314417,1.0714758450204356,0.7996324178626159,1.6611319394068775,0.14421908627624788,,,,,,,41.299,
1767383498.247749,119,102;200;201;202,9.426;24.888;21.058;25.803,0.4476618520474095,2.8283776935314417,1.0714758450204356,0.7996324178626159,1.6611319394068775,0.14421908627624788,,,,,,,41.299,
1767383498.348693,120,102;200;201;202,10.962;25.970;22.160;25.610,0.45178202911962567,2.835611138674383,1.0799164560927057,0.8237379977220729,1.6452759676754876,0.14515422209671874,,,,,,,41.430,
1767383498.446575,121,102;200;201;202,10.962;25.970;22.160;25.610,0.45178202911962567,2.835611138674383,1.0799164560927057,0.8237379977220729,1.6452759676754876,0.14515422209671874,,,,,,,41.430,
1767383498.546774,122,102;200;201;202,10.962;25.970;22.160;25.610,0.45178202911962567,2.835611138674383,1.0799164560927057,0.8237379977220729,1.6452759676754876,0.14515422209671874,,,,,,,41.430,
1767383498.648375,123,102;200;201;202,10.962;25.970;22.160;25.610,0.45178202911962567,2.835611138674383,1.0799164560927057,0.8237379977220729,1.6452759676754876,0.14515422209671874,,,,,,,41.430,
1767383498.748120,124,102;200;201;202,11.066;24.842;21.724;25.323,0.45397838412907404,2.8367889873113694,1.0859529336294875,0.8483843336727485,1.6266847488622083,0.15015132434834333,,,,,,,41.600,
1767383498.846585,125,102;200;201;202,11.066;24.842;21.724;25.323,0.45397838412907404,2.8367889873113694,1.0859529336294875,0.8483843336727485,1.6266847488622083,0.15015132434834333,,,,,,,41.600,
1767383498.947928,126,102;200;201;202,11.758;25.430;21.237;26.001,0.46315377980206274,2.8519257338311954,1.090214265682487,0.8535584118200521,1.629457321824515,0.14222187889956625,,,,,,,41.454,
1767383499.048240,127,102;200;201;202,11.758;25.430;21.237;26.001,0.46315377980206274,2.8519257338311954,1.090214265682487,0.8535584118200521,1.629457321824515,0.14222187889956625,,,,,,,41.454,
1767383499.146883,128,102;200;201;202,11.758;25.430;21.237;26.001,0.46315377980206274,2.8519257338311954,1.090214265682487,0.8535584118200521,1.629457321824515,0.14222187889956625,,,,,,,41.454,
1767383499.246936,129,102;200;201;202,11.758;25.430;21.237;26.001,0.46315377980206274,2.8519257338311954,1.090214265682487,0.8535584118200521,1.629457321824515,0.14222187889956625,,,,,,,41.454,
1767383499.351084,130,102;200;201;202,11.758;25.430;21.237;26.001,0.46315377980206274,2.8519257338311954,1.090214265682487,0.8535584118200521,1.629457321824515,0.14222187889956625,,,,,,,41.454,
1767383499.446975,131,102;200;201;202,11.758;25.430;21.237;26.001,0.46315377980206274,2.8519257338311954,1.090214265682487,0.8535584118200521,1.629457321824515,0.14222187889956625,,,,,,,41.454,
1767383499.546394,132,102;200;201;202,11.758;25.430;21.237;26.001,0.46315377980206274,2.8519257338311954,1.090214265682487,0.8535584118200521,1.629457321824515,0.14222187889956625,,,,,,,41.454,
1767383499.646395,133,102;200;201;202,11.758;25.430;21.237;26.001,0.46315377980206274,2.8519257338311954,1.090214265682487,0.8535584118200521,1.629457321824515,0.14222187889956625,,,,,,,41.454,
1767383499.746925,134,102;200;201;202,11.758;25.430;21.237;26.001,0.46315377980206274,2.8519257338311954,1.090214265682487,0.8535584118200521,1.629457321824515,0.14222187889956625,,,,,,,41.454,
1767383499.847966,135,102;200;201;202,11.758;25.430;21.237;26.001,0.46315377980206274,2.8519257338311954,1.090214265682487,0.8535584118200521,1.629457321824515,0.14222187889956625,,,,,,,41.454,
1767383499.946600,136,200;201;202,24.530;18.844;24.090,0.5871448337241018,2.2869848344454944,0.9654340317484532,1.1126946030887281,1.1567169627164464,0.6186184387949165,,,,,,,55.365,
1767383500.046552,137,200;201;202,24.446;21.375;23.780,0.6412958819572537,1.8330029119055555,0.8710126845124717,1.0160675636168608,0.8127239164286447,1.0131855599679924,,,,,,,74.157,
1767383500.146606,138,200;201;202,24.446;21.375;23.780,0.6412958819572537,1.8330029119055555,0.8710126845124717,1.0160675636168608,0.8127239164286447,1.0131855599679924,,,,,,,74.157,
1767383500.247703,139,200;201;202,24.446;21.375;23.780,0.6412958819572537,1.8330029119055555,0.8710126845124717,1.0160675636168608,0.8127239164286447,1.0131855599679924,,,,,,,74.157,
1767383500.369014,140,200;201;202,24.446;21.375;23.780,0.6412958819572537,1.8330029119055555,0.8710126845124717,1.0160675636168608,0.8127239164286447,1.0131855599679924,,,,,,,74.157,
1767383500.449671,141,200;201;202,24.446;21.375;23.780,0.6412958819572537,1.8330029119055555,0.8710126845124717,1.0160675636168608,0.8127239164286447,1.0131855599679924,,,,,,,74.157,
1767383500.549680,142,200;201;202,24.446;21.375;23.780,0.6412958819572537,1.8330029119055555,0.8710126845124717,1.0160675636168608,0.8127239164286447,1.0131855599679924,,,,,,,74.157,
1767383500.650295,143,200;201;202,24.446;21.375;23.780,0.6412958819572537,1.8330029119055555,0.8710126845124717,1.0160675636168608,0.8127239164286447,1.0131855599679924,,,,,,,74.157,
1767383500.751059,144,200;201;202,24.446;21.375;23.780,0.6412958819572537,1.8330029119055555,0.8710126845124717,1.0160675636168608,0.8127239164286447,1.0131855599679924,,,,,,,74.157,
1767383500.851371,145,200;201;202,24.446;21.375;23.780,0.6412958819572537,1.8330029119055555,0.8710126845124717,1.0160675636168608,0.8127239164286447,1.0131855599679924,,,,,,,74.157,
1767383500.951157,146,200;201;202,24.446;21.375;23.780,0.6412958819572537,1.8330029119055555,0.8710126845124717,1.0160675636168608,0.8127239164286447,1.0131855599679924,,,,,,,74.157,
1767383501.049952,147,200;201;202,25.256;21.394;24.413,0.592725399189601,1.4273237059813009,0.6925151808329993,0.8321167998557559,0.6003923817790942,1.2430891783784934,,,,,,,86.260,
1767384550.453948,0,102;103;200;201;202,13.530;15.819;23.754;20.425;26.293,0.43217276331207305,2.572804422314159,0.958924106175036,0.6272664038937393,1.62328902307213,0.2435404015175349,,,,,,,45.184,
1767384550.514743,1,102;103;200;201;202,13.530;15.819;23.754;20.425;26.293,0.43217276331207305,2.572804422314159,0.958924106175036,0.6272664038937393,1.62328902307213,0.2435404015175349,,,,,,,45.184,
1767384550.574389,2,102;103;104;200;201;202,13.648;14.805;12.861;23.814;20.202;25.286,0.4018474525478436,2.4900030241695283,0.9462675279743455,0.5998294483326435,1.6687695276444692,0.23791944460268877,,,,,,,48.177,
1767384550.641472,3,102;103;200;201;202,14.360;14.844;23.503;21.334;24.347,0.3948183791155781,2.5198477661960226,0.948001968401843,0.6280978903515898,1.6847465958247902,0.21472182070563445,,,,,,,47.102,
1767384550.736622,4,102;103;200;201;202,14.627;15.192;23.517;21.856;24.920,0.38967080967774875,2.5393368205353477,0.9496125979976469,0.6473930433039483,1.6953345538684577,0.1973604035521547,,,,,,,46.431,
1767384550.837893,5,102;103;104;200;201;202,13.926;15.557;11.310;23.764;20.899;23.784,0.3724390306847627,2.4724574578234613,0.9405774084127406,0.6187144596876009,1.7233582658914897,0.20130748332498097,,,,,,,48.928,
1767384550.936422,6,102;103;200;201;202,14.739;15.816;22.440;21.175;24.539,0.3745864572677254,2.5001415485625955,0.9452388406818786,0.6428652668307012,1.7224233741871202,0.1908972602505926,,,,,,,47.922,
1767384551.036510,7,102;103;200;201;202,13.717;15.234;23.306;21.563;25.105,0.37476953375832045,2.523111859321977,0.9485940902531802,0.6598686528488371,1.7227725430304617,0.1815484364891361,,,,,,,47.108,
1767384551.137972,8,102;103;104;200;201;202,13.625;17.130;9.697;22.962;21.588;24.876,0.36160070251451737,2.459100341826336,0.9393109092875808,0.6302924995419581,1.7394946663058322,0.19091077848578092,,,,,,,49.507,
1767384551.238372,9,102;103;104;200;201;202,13.815;15.672;10.543;23.633;20.639;26.038,0.18106192603225058,2.4578338156132435,1.0838847180415259,0.6247746317682784,1.7222907933763738,0.17204868262832265,,,,,,,53.652,
1767384551.342454,10,102;103;104;200;201;202,14.081;13.646;11.883;24.016;20.308;26.411,0.22099403864451242,2.4143162612657223,1.0352209643275379,0.602815217233203,1.7371075642662275,0.1858292574388103,,,,,,,54.138,
1767384551.444726,11,102;103;104;200;201;202,13.468;14.268;10.592;24.575;20.911;24.652,0.25038994606763054,2.3664856588982417,1.0035163561860885,0.5943429010628397,1.7520740556922885,0.20024666333392385,,,,,,,55.332,
1767384551.543606,12,102;103;104;200;201;202,13.277;14.443;11.575;24.424;21.279;25.421,0.27106709074333973,2.342197218559853,0.9786837746672006,0.5864748317371979,1.7663649381175726,0.2021917764861635,,,,,,,55.774,
1767384551.643956,13,102;103;104;200;201;202,13.553;15.864;12.394;23.536;21.045;25.372,0.10395113992159734,2.3605268667103503,1.1177826501883223,0.5939447487921682,1.7438758592660037,0.18957232666673332,,,,,,,58.460,
1767384551.739952,14,102;103;104;200;201;202,14.504;14.034;10.795;24.375;21.085;25.782,-0.008566114413000033,2.373299119430819,1.2089482784399683,0.6079421494281866,1.761506615808481,0.1810854966034708,,,,,,,60.071,
1767384551.835556,15,102;103;200;201;202,14.701;15.783;23.862;20.046;25.886,0.09374764970770313,2.4215589120288374,1.1470120659946617,0.6326393125796951,1.7477610689182799,0.1804400333723648,,,,,,,56.711,
1767384551.936259,16,103;200;201;202,15.368;23.926;21.463;25.551,0.1814069938211827,2.2936695413697197,1.0429927397981589,0.6648606115477932,1.6745127088685272,0.2880299699550528,,,,,,,59.543,
1767384552.034849,17,102;200;201;202,13.693;23.992;21.578;25.227,0.25947546328833804,2.3888863241879057,1.0478871894097979,0.7516440203229878,1.6463318506613402,0.28934056855016876,,,,,,,55.297,
1767384552.137576,18,102;103;200;201;202,12.134;15.893;23.859;21.729;25.839,0.2897994811260768,2.4351139798282717,1.0259170682482794,0.7443945097324506,1.6727068605221949,0.25540987529299863,,,,,,,52.799,
1767384552.238812,19,102;103;200;201;202,14.187;14.625;24.988;21.024;25.011,0.31425702636519387,2.47742219019592,1.0110157084938125,0.7376709420393767,1.6964270297850008,0.22492778247555942,,,,,,,50.670,
1767384552.340103,20,102;103;200;201;202,14.717;15.389;23.197;20.547;26.002,0.3294924824546985,2.5088330240430046,0.9969569020523679,0.7263007082895881,1.7097492428892085,0.20269495580925898,,,,,,,49.054,
1767384552.441974,21,102;103;104;200;201;202,14.692;15.369;11.929;24.518;20.743;25.641,0.14700560782238845,2.492219974687201,1.1309634397184212,0.6905665862160734,1.713969814289737,0.1777098585071513,,,,,,,53.581,
1767384552.538980,22,102;103;104;200;201;202,14.692;15.369;11.929;24.518;20.743;25.641,0.14700560782238845,2.492219974687201,1.1309634397184212,0.6905665862160734,1.713969814289737,0.1777098585071513,,,,,,,53.581,
1767384552.641405,23,102;103;104;200;201;202,14.366;15.101;11.954;22.919;21.771;25.759,-0.0004618109791933897,2.465213744768666,1.234206333859001,0.6725145623669918,1.7405580925742645,0.16030741567402707,,,,,,,57.266,
1767384552.751985,24,102;103;200;201;202,14.178;16.479;22.957;20.745;24.806,0.10191192636816848,2.5010283918549625,1.1602286613543156,0.6756672171701367,1.7251965627036776,0.16106367294665233,,,,,,,54.073,
1767384552.840426,25,102;103;200;201;202,13.470;16.043;24.154;20.300;25.330,0.17677432550742375,2.529323307757515,1.1055767717894778,0.6769771824013712,1.7247844967596866,0.1584333705379676,,,,,,,51.543,
1767384552.943982,26,102;103;104;200;201;202,13.101;15.004;9.758;23.026;20.909;24.930,0.030364934139522293,2.5010063333932067,1.2085767858494312,0.6606155298508332,1.7466808807690137,0.14455287074591236,,,,,,,55.362,
1767384553.044126,27,102;103;104;200;201;202,14.737;15.217;11.534;24.974;21.924;24.389,0.11818961286824828,2.4405986474862518,1.1248140989559967,0.6274424106877761,1.7320196479743435,0.17828147872292333,,,,,,,55.421,
1767384553.142870,28,102;103;104;200;201;202,13.458;16.363;12.746;23.764;20.898;25.095,-0.009398371426992881,2.425109064634756,1.2240661195956721,0.6315476196782973,1.751444948126065,0.16754349155784454,,,,,,,58.466,
1767384553.240131,29,102;103;200;201;202,12.890;16.307;23.982;21.183;24.546,0.09148973728422788,2.4810209862519823,1.155596936391834,0.6399112400122837,1.7409580892495855,0.1601205185316136,,,,,,,54.692,
1767384553.339505,30,102;103;200;201;202,13.336;14.675;24.073;21.157;25.511,0.1655957497439208,2.5151480190163378,1.10295706093572,0.650264003172142,1.7371029808832323,0.15813427271162578,,,,,,,52.012,
1767384553.441390,31,102;103;200;201;202,13.390;14.691;24.506;20.919;26.223,0.21969458795806496,2.535770182366916,1.063522394496658,0.6615772966132596,1.7366080796805334,0.15786010258551414,,,,,,,50.132,
1767384553.542520,32,102;103;200;201;202,13.390;14.691;24.506;20.919;26.223,0.21969458795806496,2.535770182366916,1.063522394496658,0.6615772966132596,1.7366080796805334,0.15786010258551414,,,,,,,50.132,
1767384553.642101,33,102;103;200;201;202,12.408;14.950;24.283;21.306;25.602,0.2625081754206959,2.549658422099805,1.035225437959572,0.6719396058930024,1.7351057707486532,0.1570653187808066,,,,,,,48.774,
1767384553.739184,34,102;103;104;200;201;202,15.506;15.871;12.434;23.416;20.784;25.656,0.1028661684558415,2.5239191408356434,1.1525599835531612,0.6525076053662189,1.7432074655357903,0.14354963433908188,,,,,,,53.071,
1767384553.837138,35,102;103;200;201;202,14.593;14.631;24.003;21.172;25.615,0.17674853835451637,2.5368569675068393,1.0973291982496078,0.6629412411337511,1.7333911116174276,0.15028392916955063,,,,,,,51.067,
1767384553.938220,36,102;103;104;200;201;202,14.861;13.762;11.654;24.124;21.705;25.850,0.22037321311966798,2.4708720810148623,1.045387361128238,0.6314319531490752,1.7371338390352633,0.1753713238481329,,,,,,,52.122,
1767384554.038413,37,102;103;104;200;201;202,13.744;13.113;10.679;24.057;21.715;25.688,0.08679970311251455,2.468953948964764,1.1468328144231956,0.6283602968344445,1.7467995009646566,0.16337997960878053,,,,,,,54.927,
1767384554.137930,38,102;103;104;200;201;202,12.049;15.701;10.279;23.730;20.663;24.825,-0.02256089381354163,2.4582756488360995,1.2291864210063115,0.628913039938325,1.768015083582974,0.15598847891290327,,,,,,,57.384,
1767384554.238947,39,102;103;104;200;201;202,13.999;16.099;11.188;23.889;21.188;25.372,-0.12534202879826783,2.4326697220835736,1.3019211586075858,0.6275455699369415,1.7936570690818114,0.15093014398839824,,,,,,,59.984,
1767384554.338269,40,102;103;104;200;201;202,13.141;16.173;11.826;24.082;21.756;25.679,-0.1968744692205907,2.4133942608135697,1.3515900410689374,0.6276197381655936,1.8197762667339503,0.1505704528995062,,,,,,,61.725,
1767384554.436857,41,102;103;200;201;202,13.890;15.964;22.917;19.605;24.834,-0.041889916600020935,2.471680032531018,1.2507237694376194,0.6355840464192047,1.7693678499360939,0.14547213398266218,,,,,,,57.442,
1767384554.536676,42,102;103;200;201;202,13.369;16.682;22.864;20.965;24.471,0.0701548449359654,2.5071069854599908,1.1740104932007183,0.6450317253371844,1.749147901218357,0.14778965246760564,,,,,,,54.244,
1767384554.636343,43,102;103;200;201;202,13.369;16.682;22.864;20.965;24.471,0.0701548449359654,2.5071069854599908,1.1740104932007183,0.6450317253371844,1.749147901218357,0.14778965246760564,,,,,,,54.244,
1767384554.739768,44,102;103;104;200;201;202,15.448;15.723;11.960;23.538;21.104;24.824,-0.04567451790685498,2.4758191199160087,1.2575025579915111,0.6390743487491888,1.7724321893333872,0.14213993868447128,,,,,,,57.467,
1767384554.836358,45,102;103;200;201;202,13.367;15.421;23.312;20.293;25.076,0.06548578184627668,2.50947643302822,1.1784993719365189,0.6496734813377786,1.7480880348760435,0.14799219029464894,,,,,,,54.279,
1767384554.935885,46,102;103;200;201;202,13.841;15.868;24.362;21.942;26.037,0.14980532662627968,2.5308154001919188,1.118765404551337,0.6624932343903593,1.7357451580407484,0.15296507777245563,,,,,,,51.886,
1767384555.036992,47,102;103;200;201;202,12.779;15.638;24.175;21.350;26.387,0.21123690547044138,2.5474308789764297,1.076725640483417,0.6712312152287212,1.7337034283044297,0.153415324353707,,,,,,,50.075,
1767384555.137859,48,102;103;104;200;201;202,13.158;15.407;13.224;23.972;21.447;25.709,0.2450233079547706,2.4737535982486265,1.0297190514336383,0.6373029774156568,1.741501257586891,0.17983656059309264,,,,,,,51.554,
1767384555.239006,49,102;103;104;200;201;202,14.496;15.791;10.493;24.299;19.912;25.076,0.07560243681441565,2.461010409186188,1.1599292917187354,0.6251962818612193,1.7385176002916847,0.16140510533564142,,,,,,,55.552,
1767384555.342459,50,102;103;104;200;201;202,14.583;15.711;12.472;23.023;20.243;25.456,0.14741738363327658,2.4089803679373176,1.0884636560440737,0.599600276360359,1.736808198710053,0.1849757885943889,,,,,,,55.763,
1767384555.441257,51,102;103;104;200;201;202,14.885;15.486;9.513;24.470;20.889;25.474,0.19728318926204627,2.368716958957463,1.0396951001470467,0.5888577773460398,1.747389505185409,0.19828158237297017,,,,,,,56.205,
1767384555.542364,52,102;103;200;201;202,14.048;16.525;22.859;21.761;25.440,0.2432521697221025,2.427172950418061,1.0194487758234676,0.6209030136606692,1.7468905518813556,0.19026134198807235,,,,,,,53.180,
1767384555.642518,53,102;103;104;200;201;202,13.439;16.036;11.578;24.062;21.350;25.740,0.0998252315498138,2.428157834470864,1.1345865169498208,0.6247518888471011,1.7442763258118221,0.17838184721673664,,,,,,,56.159,
1767384555.738682,54,102;103;104;200;201;202,12.424;15.238;12.393;23.812;21.414;26.425,0.16236905429731896,2.385428096685866,1.0724157980388334,0.6048098060084529,1.7507087437112887,0.19451888902638534,,,,,,,56.323,
1767384555.841882,55,102;103;104;200;201;202,12.855;16.529;11.837;24.294;20.904;25.548,0.014847997058718865,2.381620157502503,1.1906118094833362,0.6125837098286405,1.7539391960233672,0.1810839297261958,,,,,,,59.329,
1767384555.938025,56,102;103;200;201;202,14.620;14.654;24.041;20.935;25.386,0.1100201682874005,2.433541842681856,1.1316011580042997,0.6351637463676704,1.7466178654804736,0.17803680029140442,,,,,,,55.865,
1767384556.034432,57,102;200;201;202,14.013;24.317;21.274;25.296,0.2067236638489361,2.4877419194015267,1.112692534014718,0.7350229792874071,1.7021198881946245,0.20415556939417218,,,,,,,53.141,
1767384556.137287,58,102;103;104;200;201;202,13.257;15.071;10.658;23.265;21.968;25.649,0.05929162174063602,2.4714206190975636,1.2123266315911077,0.7068901270441039,1.7329449490681061,0.18030863013642026,,,,,,,56.476,
1767384556.257039,59,102;103;200;201;202,14.626;14.311;24.383;19.662;25.807,0.1424637679698691,2.5115535805562113,1.1447411255093423,0.697020326542258,1.727583896558715,0.17033411371288443,,,,,,,53.239,
1767384556.336493,60,102;103;200;201;202,13.309;14.705;24.879;21.003;25.759,0.20286156273195954,2.5361109974521527,1.094210003656969,0.6930843880676831,1.7268287040328425,0.16466817047436927,,,,,,,50.945,
1767384556.436775,61,102;103;200;201;202,13.168;15.817;23.031;22.331;26.470,0.25016941977118806,2.5499906019556,1.0568598828789926,0.6958744268384274,1.7275966749361809,0.16281351436706365,,,,,,,49.354,
1767384556.537574,62,102;103;104;200;201;202,14.492;15.387;8.127;23.432;21.196;25.377,0.2732092858437224,2.4801754002150234,1.0194694340653594,0.6582771382259669,1.7374243857893807,0.18528724365627983,,,,,,,50.950,
1767384556.635665,63,102;103;200;201;202,13.428;14.878;23.557;20.567;26.335,0.2990142804412503,2.5121418955919763,1.0004074705718025,0.6659149135433073,1.7382285165347906,0.17431312041167943,,,,,,,49.156,
1767384556.737189,64,102;103;200;201;202,12.818;16.548;23.528;21.299;25.167,0.3192583408935759,2.537135841924255,0.9866417278335291,0.6730143085799124,1.735634557187349,0.1662277915102344,,,,,,,47.787,
1767384556.835680,65,102;103;200;201;202,13.429;15.232;24.459;20.556;26.197,0.33473028840994934,2.552999913245131,0.9777438862814697,0.6792300667326292,1.7352302052059798,0.16043870722168113,,,,,,,46.905,
1767384556.938519,66,102;103;200;201;202,13.429;15.232;24.459;20.556;26.197,0.33473028840994934,2.552999913245131,0.9777438862814697,0.6792300667326292,1.7352302052059798,0.16043870722168113,,,,,,,46.905,
1767384557.037054,67,102;104;200;201;202,14.339;11.486;24.044;21.217;26.753,0.3467457022954479,2.451160766525142,0.9638459696188229,0.6699288139364777,1.7178685928563058,0.20410735410627856,,,,,,,50.463,
1767384557.139178,68,102;103;104;200;201;202,14.721;14.451;11.859;24.208;20.963;26.547,0.16150756112040968,2.450138694651483,1.1084688052211207,0.6549670695275022,1.709061212322542,0.18042909029465018,,,,,,,54.577,
1767384557.240042,69,102;103;104;200;201;202,12.829;14.132;12.101;23.241;21.543;26.035,0.02876572171421808,2.444714856536906,1.207296308526969,0.6489571521717511,1.7323780894712966,0.16632583724054134,,,,,,,57.336,
1767384557.341987,70,102;103;200;201;202,14.240;14.437;24.212;20.214;24.525,0.12454872775307993,2.491765877618576,1.1425497948735057,0.6544179577919689,1.724408435190626,0.1604419733905918,,,,,,,53.928,
1767384557.442957,71,102;103;200;201;202,11.772;15.211;23.879;21.793;25.221,0.19263422795438562,2.5164493403083887,1.0927079795423353,0.6639719477839636,1.7250359370323736,0.1610747447734291,,,,,,,51.640,
1767384557.544319,72,102;103;104;200;201;202,14.256;15.382;11.303;24.051;20.434;25.587,0.04432192580161445,2.4893918101939043,1.1994779673889597,0.6520894960010098,1.7425020755838572,0.14820453799062877,,,,,,,55.530,
1767384557.643713,73,102;103;104;200;201;202,13.131;15.808;11.760;23.974;20.424;25.872,-0.06249833386610926,2.4632683374035906,1.2741068277042968,0.6477447277938652,1.7709536052030013,0.14452120417721587,,,,,,,58.308,
1767384557.739423,74,102;103;104;200;201;202,14.020;14.683;11.737;24.182;20.264;25.871,0.05005687922561694,2.4201244924614698,1.1723182848326177,0.617147248951876,1.7406010080582015,0.17448424154693362,,,,,,,57.406,
1767384557.837947,75,102;103;104;200;201;202,14.831;15.484;10.681;24.352;20.982;26.073,0.12831613252338225,2.37331680896564,1.0975255500330559,0.5973032171087549,1.7384585720787924,0.19650178144274125,,,,,,,57.449,
1767384557.938953,76,102;103;104;200;201;202,12.696;15.758;10.019;23.497;20.914;26.513,0.1870186694366483,2.3403894526623796,1.0466302122817748,0.5889914749925542,1.7455459747828093,0.20748971987652193,,,,,,,57.582,
1767384558.037556,77,102;103;104;200;201;202,14.709;14.661;11.578;24.424;20.611;25.585,0.2261839065547555,2.330973166014801,1.009245147706248,0.5838041078214367,1.755249486244082,0.2063142336668186,,,,,,,57.079,
1767384558.134747,78,103;200;201;202,14.087;24.364;22.115;25.286,0.2755813195743051,2.221686732191626,0.9433753628426578,0.625899468989564,1.6943260614717768,0.2936616732664719,,,,,,,60.530,
1767384558.238366,79,102;103;200;201;202,13.601;16.239;23.633;20.586;25.872,0.30009662348788374,2.3203553743491283,0.9528931345945205,0.6489571139230665,1.7076883751781602,0.2619398798295301,,,,,,,56.073,
1767384558.337653,80,102;103;104;200;201;202,14.702;15.642;12.167;24.271;20.950;25.056,0.3043891579387714,2.3088173338091895,0.9414275284730796,0.6240508112469512,1.7348469924191943,0.2445965548383821,,,,,,,56.344,
1767384558.436435,81,102;103;200;201;202,14.609;16.033;24.155;21.087;26.015,0.323548021361863,2.3838640484504765,0.9495433324859751,0.6485017781116762,1.7369937317461845,0.2238696578406671,,,,,,,53.099,
1767384558.538508,82,102;103;200;201;202,11.840;16.046;24.154;21.158;25.364,0.33695432741150566,2.4327197831133707,0.9545395007830992,0.6693032333367146,1.7382441148650092,0.20938729742482548,,,,,,,51.069,
1767384558.638639,83,102;103;200;201;202,13.193;16.506;24.317;20.201;25.452,0.3449971955543572,2.4707115572880314,0.956893248287239,0.6834647874103531,1.7387168883098953,0.19617953479794442,,,,,,,49.527,
1767384558.737839,84,102;103;104;200;201;202,14.138;16.206;11.542;23.833;21.177;25.406,0.16640631660776672,2.4673344522161345,1.0957496345719744,0.657267854251337,1.7296987404189037,0.1746446319351171,,,,,,,53.608,
1767384558.842090,85,102;103;104;200;201;202,14.216;16.001;10.977;23.447;21.440;25.424,0.20990477539921346,2.413979633739009,1.0419703903574633,0.6225314467636801,1.7406741817902813,0.19187072563406038,,,,,,,54.341,
1767384558.942649,86,102;103;104;200;201;202,15.202;16.518;11.731;24.849;21.773;25.473,0.0682348878662689,2.411362473775502,1.1560311841874316,0.6271741887599849,1.744247395613874,0.17999878252415652,,,,,,,57.347,
1767384559.044095,87,102;103;104;200;201;202,14.220;15.645;11.401;24.175;21.289;25.582,0.1429669133140527,2.36681298784823,1.0893519784424897,0.6108420333196173,1.7406738115422529,0.20135150141118904,,,,,,,57.505,
1767384559.140582,88,102;103;200;201;202,14.435;16.056;24.222;21.623;25.234,0.20629740304183072,2.4289880121150857,1.0599889227697603,0.6354926849345501,1.744223986509156,0.1883395419715961,,,,,,,54.152,
1767384559.236855,89,102;103;200;201;202,13.916;16.810;23.495;21.850;25.266,0.2469660919397064,2.46015566892546,1.0338933215110964,0.6569909097741599,1.741073571236856,0.18546028113940816,,,,,,,52.175,
1767384559.343489,90,102;103;104;200;201;202,14.056;15.672;11.231;24.493;22.142;25.457,0.08106566797047837,2.4491750733065114,1.1591111025339789,0.6430212765004493,1.7410201910374223,0.16772936877486452,,,,,,,55.966,
1767384559.442803,91,102;103;104;200;201;202,13.877;16.820;10.912;24.279;20.393;24.806,-0.03179657152589463,2.4355400065358905,1.2412796991642532,0.6397611335952348,1.7645842838677912,0.1608232127027671,,,,,,,58.495,
1767384559.542510,92,102;103;104;200;201;202,11.169;15.651;12.129;22.969;21.557;25.075,-0.12315921908860397,2.418662554354683,1.3050337888659596,0.6379842622389938,1.7913769160769446,0.15834716838084892,,,,,,,60.556,
1767384559.643836,93,102;103;104;200;201;202,12.916;15.406;11.521;24.284;20.811;25.647,-0.1845757290062485,2.412999776153383,1.3468860271669727,0.636118016641481,1.8182949287016068,0.15591515812414736,,,,,,,61.654,
1767384559.740540,94,102;103;104;200;201;202,15.029;14.691;11.266;23.755;20.798;25.977,-0.03810318608932338,2.3888015337597874,1.2284349682574938,0.6075972304344919,1.7642404364879698,0.17918095248822052,,,,,,,59.916,
1767384559.839162,95,102;103;104;200;201;202,14.084;13.701;11.919;23.829;21.436;24.980,-0.11539497304384567,2.384666795733324,1.2900772201430006,0.6203772220121075,1.7889582959524393,0.17607241182694713,,,,,,,61.430,
1767384559.939233,96,102;103;104;200;201;202,14.248;15.078;11.765;23.815;21.722;24.427,0.011043539637573298,2.354209245227495,1.1843245644561329,0.6006721024805103,1.7550357389112796,0.19878044473684187,,,,,,,60.266,
1767384560.038546,97,102;103;104;200;201;202,14.304;15.699;10.565;24.212;19.991;25.788,-0.08380666522080406,2.3577971300582785,1.2635017060386247,0.6137260581489442,1.7781780079200102,0.19073578095968535,,,,,,,61.860,
1767384560.137888,98,102;103;104;200;201;202,14.176;14.987;10.822;23.778;21.421;25.650,0.03294328608960925,2.333970381217899,1.1668614697932622,0.5968680470830906,1.752306593307632,0.20715434859861892,,,,,,,60.688,
1767384560.239402,99,102;103;104;200;201;202,13.418;15.174;12.187;23.322;21.033;25.554,-0.07131463558105325,2.3430085744945837,1.2547064381404671,0.6122665515319874,1.7711940319762263,0.19700064987196522,,,,,,,62.242,
1767384560.337243,100,102;103;104;200;201;202,13.418;15.174;12.187;23.322;21.033;25.554,-0.07131463558105325,2.3430085744945837,1.2547064381404671,0.6122665515319874,1.7711940319762263,0.19700064987196522,,,,,,,62.242,
1767384560.438034,101,102;103;104;200;201;202,13.418;15.174;12.187;23.322;21.033;25.554,-0.07131463558105325,2.3430085744945837,1.2547064381404671,0.6122665515319874,1.7711940319762263,0.19700064987196522,,,,,,,62.242,
1767384560.537188,102,102;103;104;200;201;202,13.418;15.174;12.187;23.322;21.033;25.554,-0.07131463558105325,2.3430085744945837,1.2547064381404671,0.6122665515319874,1.7711940319762263,0.19700064987196522,,,,,,,62.242,
1767384560.637465,103,102;103;104;200;201;202,14.992;15.371;11.240;23.902;20.408;26.096,-0.15183057008931966,2.349343258064608,1.314301552186001,0.619056433336034,1.8007028079290628,0.188197673521269,,,,,,,63.229,
1767384560.740141,104,102;103;104;200;201;202,14.992;15.371;11.240;23.902;20.408;26.096,-0.15183057008931966,2.349343258064608,1.314301552186001,0.619056433336034,1.8007028079290628,0.188197673521269,,,,,,,63.229,
1767384560.838934,105,102;103;104;200;201;202,12.934;15.396;9.553;24.436;21.891;25.454,-0.015042054282672992,2.330025749014967,1.20434372808626,0.6009061664012512,1.7550149267358865,0.20588915833075894,,,,,,,61.670,
1767384560.936107,106,102;103;200;201;202,15.147;16.121;24.031;20.170;25.694,0.08790848754329786,2.4011571111025423,1.146564135158742,0.6245058319143044,1.746982419071468,0.19325225942906754,,,,,,,57.501,
1767384561.039054,107,102;103;104;200;201;202,14.300;15.776;11.221;24.251;20.145;25.407,-0.025785683357518553,2.3963555538930925,1.2300319914869176,0.630274351069653,1.7685498124633647,0.1820895569509775,,,,,,,59.674,
1767384561.138372,108,102;103;104;200;201;202,12.888;15.348;10.803;24.128;20.645;25.125,-0.0966937060095031,2.3956999463804376,1.2854822859914565,0.6379279988815985,1.795297347508021,0.17815497999503913,,,,,,,60.947,
1767384561.237457,109,102;103;200;201;202,14.238;15.119;23.511;20.951;25.077,0.030924007313679676,2.446354512250844,1.200359097827739,0.653260670662224,1.7626216990136203,0.17332836946837984,,,,,,,57.106,
1767384561.350514,110,102;103;104;200;201;202,13.581;15.239;11.957;23.820;20.387;25.041,-0.06176887025188342,2.4332326996037654,1.2648522280832208,0.6484816272366117,1.7869061464555704,0.16653543454750436,,,,,,,59.133,
1767384561.440934,111,102;103;200;201;202,14.861;15.531;23.894;21.593;26.263,0.05641682787533707,2.488233039403471,1.1850836259179665,0.6521801266291721,1.7597412450630774,0.1562727843181773,,,,,,,55.201,
1767384561.542076,112,102;103;200;201;202,13.294;16.097;23.928;20.878;25.397,0.1439733218033164,2.51672132707762,1.1259375270086303,0.662999322452234,1.7426754331442844,0.15757142093941987,,,,,,,52.579,
1767384561.639255,113,103;200;201;202,14.800;24.795;19.992;26.139,0.22195534055351906,2.3713109969191404,1.0254231740303488,0.681023459422035,1.6638592086014317,0.26993200487400726,,,,,,,55.704,
1767384561.743383,114,101;102;103;104;200;201;202,7.269;15.142;15.425;11.509;23.928;21.961;25.053,0.2521632701571059,2.42343092964465,1.0348988808646893,0.6738944745516829,1.7034760355042526,0.22181073361151674,,,,,,,53.638,
1767384561.837176,115,102;103;200;201;202,14.805;15.832;23.882;21.521;24.122,0.28460293413334875,2.4660271851642594,1.0186381045949295,0.6864044464447361,1.7143207276920824,0.20522183990216736,,,,,,,51.433,
1767384561.939324,116,102;103;104;200;201;202,12.996;15.434;10.838;22.199;21.207;24.857,0.2959331125382162,2.414686768810628,0.9875214308762106,0.6483709676249755,1.7308251549666442,0.21249924382311552,,,,,,,52.752,
1767384562.037365,117,102;103;200;201;202,14.096;15.352;22.990;20.664;25.553,0.31644230759940695,2.4617321259906695,0.9825880326809426,0.6675964873121293,1.7330024527087107,0.19753485187046288,,,,,,,50.623,
1767384562.135568,118,102;200;201;202,14.293;25.206;21.269;25.855,0.3621505458122775,2.523983884223399,0.9976215540182777,0.745511014450983,1.6784441119482347,0.21035378394802312,,,,,,,48.331,
1767384562.239249,119,102;103;200;201;202,13.696;15.204;24.295;21.782;25.518,0.36558939814225944,2.538938480195853,0.9849848296525043,0.7337343334085873,1.6900113224305915,0.1956988363975807,,,,,,,47.447,
1767384562.341866,120,102;103;104;200;201;202,13.956;15.677;14.287;24.174;21.230;25.416,0.35143874704172895,2.4652104541685977,0.9609111480836212,0.6759961621208868,1.7177790209663004,0.20856410475931975,,,,,,,49.803,
1767384562.441293,121,102;103;200;201;202,14.235;16.091;24.496;20.155;24.293,0.3543540283817187,2.5001450769347473,0.9598079521316307,0.6796536301494058,1.7246805379148282,0.19147254230085603,,,,,,,48.377,
1767384562.542772,122,102;103;200;201;202,14.235;16.091;24.496;20.155;24.293,0.3543540283817187,2.5001450769347473,0.9598079521316307,0.6796536301494058,1.7246805379148282,0.19147254230085603,,,,,,,48.377,
1767384562.640400,123,102;103;200;201;202,12.488;16.433;23.923;21.227;25.152,0.35631625460849425,2.525077439262677,0.9573116995149897,0.6839104998966702,1.725964879630825,0.18071722800491324,,,,,,,47.344,
1767384562.742129,124,102;103;200;201;202,12.488;16.433;23.923;21.227;25.152,0.35631625460849425,2.525077439262677,0.9573116995149897,0.6839104998966702,1.725964879630825,0.18071722800491324,,,,,,,47.344,
1767384562.840564,125,102;103;200;201;202,12.488;16.433;23.923;21.227;25.152,0.35631625460849425,2.525077439262677,0.9573116995149897,0.6839104998966702,1.725964879630825,0.18071722800491324,,,,,,,47.344,
1767384562.942912,126,102;103;200;201;202,12.488;16.433;23.923;21.227;25.152,0.35631625460849425,2.525077439262677,0.9573116995149897,0.6839104998966702,1.725964879630825,0.18071722800491324,,,,,,,47.344,
1767384563.040601,127,102;103;200;201;202,13.407;15.814;23.863;21.367;26.012,0.3605893713738782,2.5409688577346334,0.9576725781149851,0.6897601641896787,1.7267386595017162,0.17317079912729136,,,,,,,46.728,
1767384563.140766,128,102;103;200;201;202,13.313;16.022;23.591;19.824;25.768,0.3648761974763045,2.5569651457107687,0.9566960362581317,0.6925134315806301,1.7307410355731043,0.16475963292489015,,,,,,,46.084,
1767384563.240741,129,102;103;200;201;202,13.313;16.022;23.591;19.824;25.768,0.3648761974763045,2.5569651457107687,0.9566960362581317,0.6925134315806301,1.7307410355731043,0.16475963292489015,,,,,,,46.084,
1767384563.343373,130,102;200;201;202,14.274;24.251;21.294;25.221,0.3995119963469416,2.596464844810153,0.9768101494471367,0.766162133062083,1.682510751983231,0.17718363368444887,,,,,,,44.999,
1767384563.443377,131,102;103;200;201;202,12.756;14.849;23.789;20.977;25.704,0.3943662159452151,2.596036193253305,0.9710735325384338,0.7482070722700062,1.6952481290229875,0.1682038897866029,,,,,,,44.892,
1767384563.542048,132,102;103;200;201;202,13.208;16.348;23.602;21.490;25.685,0.38802890787254246,2.5891373747296953,0.968310009272079,0.738204463611611,1.6998950938798638,0.16672583380753545,,,,,,,45.095,
1767384563.641181,133,102;103;200;201;202,13.208;16.348;23.602;21.490;25.685,0.38802890787254246,2.5891373747296953,0.968310009272079,0.738204463611611,1.6998950938798638,0.16672583380753545,,,,,,,45.095,
1767384563.739530,134,102;103;200;201;202,14.435;15.181;24.245;21.298;25.214,0.381860816473403,2.58256208436695,0.9637150884946326,0.7298214360588188,1.7058229823774882,0.16631030975059446,,,,,,,45.242,
1767384563.836025,135,102;103;200;201;202,14.435;15.181;24.245;21.298;25.214,0.381860816473403,2.58256208436695,0.9637150884946326,0.7298214360588188,1.7058229823774882,0.16631030975059446,,,,,,,45.242,
1767384563.939152,136,102;103;200;201;202,14.435;15.181;24.245;21.298;25.214,0.381860816473403,2.58256208436695,0.9637150884946326,0.7298214360588188,1.7058229823774882,0.16631030975059446,,,,,,,45.242,
1767384564.044066,137,102;103;200;201;202,14.435;15.181;24.245;21.298;25.214,0.381860816473403,2.58256208436695,0.9637150884946326,0.7298214360588188,1.7058229823774882,0.16631030975059446,,,,,,,45.242,
1767384564.138820,138,102;103;200;201;202,14.715;15.674;24.192;21.670;24.901,0.3769564318441925,2.5812929452632347,0.9586551601051819,0.7214231264340623,1.711657872175411,0.16315448243406228,,,,,,,45.184,
1767384564.239783,139,102;103;200;201;202,14.715;15.674;24.192;21.670;24.901,0.3769564318441925,2.5812929452632347,0.9586551601051819,0.7214231264340623,1.711657872175411,0.16315448243406228,,,,,,,45.184,
1767384564.337727,140,102;103;200;201;202,14.125;15.976;23.291;22.260;25.949,0.3737529016786494,2.584271244738316,0.9567361333545459,0.7155337090882368,1.7162335877083752,0.15921324501411663,,,,,,,45.045,
1767384564.435836,141,102;103;200;201;202,14.125;15.976;23.291;22.260;25.949,0.3737529016786494,2.584271244738316,0.9567361333545459,0.7155337090882368,1.7162335877083752,0.15921324501411663,,,,,,,45.045,
1767384564.537334,142,102;103;200;201;202,14.125;15.976;23.291;22.260;25.949,0.3737529016786494,2.584271244738316,0.9567361333545459,0.7155337090882368,1.7162335877083752,0.15921324501411663,,,,,,,45.045,
1767384564.637261,143,102;103;200;201;202,13.471;15.061;23.983;20.873;24.884,0.3738179017922168,2.5936943637940244,0.9567061589727394,0.709057387594169,1.7215871211404037,0.15233734359003767,,,,,,,44.708,
1767384564.744422,144,102;103;104;200;201;202,13.926;16.401;10.700;23.366;20.755;25.633,0.3598018241994702,2.5081842866043376,0.9438074169073533,0.662979823912554,1.7395471711787978,0.17589261275363738,,,,,,,47.658,
1767384564.838812,145,102;103;104;200;201;202,13.926;16.401;10.700;23.366;20.755;25.633,0.3598018241994702,2.5081842866043376,0.9438074169073533,0.662979823912554,1.7395471711787978,0.17589261275363738,,,,,,,47.658,
1767384564.938234,146,102;103;104;200;201;202,13.580;15.554;11.204;24.074;21.567;24.733,0.34952721989812136,2.4445118734216513,0.9343320170130313,0.6310346008714735,1.752528490778838,0.18788134671225445,,,,,,,50.068,
1767384565.038372,147,102;103;104;200;201;202,14.241;14.426;10.997;23.792;20.643;24.832,0.34137582190064575,2.3924650660884126,0.92627661116454,0.612294114959168,1.7642283156852596,0.19612163547791372,,,,,,,52.146,
1767384565.138490,148,102;103;104;200;201;202,13.277;15.259;10.783;24.241;20.856;26.096,0.33590788396706356,2.356687589751898,0.9222062477103007,0.5984100308989435,1.7762275596799604,0.1990978039039259,,,,,,,53.655,
1767384565.239302,149,102;103;104;200;201;202,14.610;14.326;10.385;24.155;20.312;25.750,0.14993063362716785,2.370192495427729,1.0787782078347847,0.59725079883095,1.7362163137636988,0.187901289047858,,,,,,,57.120,
1767384565.345062,150,102;103;104;200;201;202,14.715;15.547;10.017;23.544;20.937;25.919,0.19839010108951785,2.3415311705464563,1.032845426287677,0.5866868044607213,1.7466103287720711,0.1980413709779561,,,,,,,57.211,
1767384565.444478,151,102;103;200;201;202,12.650;15.193;23.696;21.432;25.645,0.24450582266744458,2.39854906414806,1.0149968755942291,0.6208691798648659,1.7448909945808662,0.19439811677407515,,,,,,,54.253,
1767384565.550123,152,102;103;104;200;201;202,13.251;15.623;10.847;23.862;21.644;25.807,0.09084038435260723,2.403690072185648,1.1409453884399665,0.6256800165514996,1.740655057097375,0.18031591263649768,,,,,,,57.270,
1767384565.647927,153,102;103;200;201;202,13.589;16.080;23.735;20.705;24.798,0.16583087894793017,2.4509763599922336,1.094697145539901,0.6451662853982586,1.7405663718837143,0.17523915036156126,,,,,,,54.211,
1767384565.751241,154,102;103;104;200;201;202,12.890;16.554;10.917;23.823;21.236;25.116,0.21240945689170995,2.4055925865296137,1.0435449223048991,0.6170386996569717,1.749577210489556,0.18966187902832884,,,,,,,54.708,
1767384565.855239,155,102;103;104;200;201;202,13.128;15.283;9.862;23.143;21.046;25.736,0.24387375834081426,2.3636012508096633,1.0057106426730136,0.6016564342293358,1.759138093775329,0.20021545806615473,,,,,,,55.529,
1767384565.945215,156,102;103;104;200;201;202,13.773;15.670;10.880;23.391;20.861;26.156,0.06830646906693003,2.36288002666458,1.1497341053533319,0.6041075510170015,1.736861337020451,0.18673339812793804,,,,,,,59.116,
1767384566.042919,157,102;103;104;200;201;202,13.318;16.066;11.706;24.020;21.558;25.528,-0.0380447859662688,2.3687851069670143,1.2310388740106333,0.6166108568447534,1.7604404390125044,0.18070716602542533,,,,,,,60.739,
1767384566.138036,158,102;103;104;200;201;202,14.020;14.565;10.566;23.349;22.117;24.865,0.06381449979187293,2.3450142042985296,1.1413450120542876,0.5962000528513571,1.7470292276551926,0.19644932408701746,,,,,,,59.661,
1767384566.236084,159,102;103;200;201;202,14.579;14.282;23.389;21.354;25.676,0.147342529218273,2.4160892696709575,1.0987054136277157,0.6227516118646486,1.748122404566086,0.18502794894017235,,,,,,,55.712,
1767384566.336648,160,102;103;200;201;202,14.579;14.282;23.389;21.354;25.676,0.147342529218273,2.4160892696709575,1.0987054136277157,0.6227516118646486,1.748122404566086,0.18502794894017235,,,,,,,55.712,
1767384566.436021,161,102;103;200;201;202,14.210;14.200;24.427;20.667;23.900,0.2077634714546893,2.4688710019018183,1.0654065370945978,0.644524402002346,1.7503866815310494,0.17526315672502224,,,,,,,52.712,
1767384566.539551,162,102;103;104;200;201;202,13.164;15.629;10.092;23.943;20.219;24.869,0.23791260779899734,2.4122223843291875,1.0196419488957424,0.6151486722438047,1.7591962482995935,0.19178765157858232,,,,,,,53.816,
1767384566.635960,163,102;103;200;201;202,14.312;14.613;23.171;21.941;24.510,0.2725482509375194,2.4581960803739773,1.0061547400325328,0.643018991581694,1.756026817149284,0.18462766676055103,,,,,,,51.510,
1767384566.737926,164,102;103;104;200;201;202,11.579;14.793;9.193;22.875;21.723;25.043,0.11362525275448773,2.4496988551516807,1.1324163510901635,0.6380176658780743,1.7475738117220392,0.17041720294852558,,,,,,,55.262,
1767384566.839890,165,102;103;200;201;202,14.401;13.656;22.227;20.777;24.249,0.18268723662156675,2.4939289002661553,1.085422367965931,0.6477127651628874,1.740712843835057,0.1625314382337455,,,,,,,52.316,
1767384567.054804,166,102;103;200;201;202,13.645;14.711;24.318;20.408;25.225,0.2341788368488317,2.524838975572956,1.0510938303720079,0.6591118680677334,1.7396075210656163,0.15765651247123186,,,,,,,50.174,
1767384567.113114,167,102;103;200;201;202,13.799;12.348;23.694;20.942;26.269,0.2727221157356323,2.5397739211625887,1.0241048537366393,0.6714423690740259,1.734259105961456,0.15836100511069104,,,,,,,48.815,
1767384567.165899,168,102;103;104;200;201;202,11.996;13.721;6.675;24.413;21.383;24.942,0.12267538217590612,2.515658216261093,1.1382495573166613,0.6586033117091712,1.7387862127563396,0.14721189447946958,,,,,,,52.967,
1767384567.237608,169,102;103;200;201;202,13.581;13.414;23.961;20.233;24.497,0.18987048974569695,2.5335271842257354,1.0891875222617131,0.6701637696324586,1.7302533428246827,0.15263124079161142,,,,,,,50.945,
1767384567.341240,170,102;103;200;201;202,12.814;14.245;23.358;20.599;25.179,0.23979323060862717,2.5464194909022106,1.0519051595706448,0.6773468383545881,1.7302138115482515,0.1546491503985204,,,,,,,49.392,
1767384567.441828,171,102;103;200;201;202,13.601;14.307;24.378;20.682;25.680,0.2766602655597637,2.5610429700406017,1.0268912083127852,0.6831001090005804,1.7337739920479212,0.1524635091154945,,,,,,,48.101,
1767384567.542438,172,102;103;104;200;201;202,13.689;15.114;8.771;23.616;20.980;25.132,0.2884125138015664,2.4844511405516387,0.9913157359334689,0.6446142260635743,1.7442924978200745,0.17676192411006453,,,,,,,50.059,
1767384567.639779,173,102;103;200;201;202,14.538;13.597;24.737;20.877;24.560,0.31249254000427323,2.518531373444179,0.9861198217629246,0.661728804938428,1.7405275947745293,0.1694323488877986,,,,,,,48.507,
1767384567.744798,174,102;103;104;200;201;202,13.245;12.694;9.764;24.026;20.296;24.386,0.31494550036781443,2.4454554122872967,0.9647976678027301,0.6311505472546219,1.749622062439836,0.18935930838238613,,,,,,,50.891,
1767384567.845003,175,102;103;104;200;201;202,14.106;14.244;9.512;22.666;21.069;25.924,0.15819139331603566,2.4441993371483997,1.0919531340963198,0.6309310822664974,1.7368941847951167,0.17591029012654133,,,,,,,54.428,
1767384567.935665,176,102;200;201;202,13.556;23.892;20.977;24.836,0.2453044646251937,2.4919082052416686,1.0814709092121455,0.7322441935310724,1.6910533576243851,0.2034888617637116,,,,,,,52.096,
1767384568.037201,177,102;103;200;201;202,14.230;14.394;23.514;21.224;24.514,0.2841637113618051,2.5208825122397434,1.0501135451143615,0.725515160749065,1.7013235529427182,0.18894813131740557,,,,,,,50.106,
1767384568.136844,178,102;103;200;201;202,14.230;14.394;23.514;21.224;24.514,0.2841637113618051,2.5208825122397434,1.0501135451143615,0.725515160749065,1.7013235529427182,0.18894813131740557,,,,,,,50.106,
1767384568.239435,179,102;103;104;200;201;202,13.309;14.690;11.727;23.578;21.502;25.201,0.11596310955822922,2.492174774719172,1.1650628304918746,0.6940890860599038,1.7163604715278116,0.17029345531068468,,,,,,,54.487,
1767384568.339045,180,102;103;104;200;201;202,14.168;13.986;11.206;24.080;21.887;25.462,-0.0002545939635371058,2.4734240074803706,1.2441400835044318,0.6779518569259665,1.746370043643642,0.16004234864075687,,,,,,,57.227,
1767384568.435678,181,102;103;200;201;202,14.165;14.743;24.408;21.428;25.293,0.10255765320827093,2.5076736107805493,1.1676555361075645,0.6776720786407131,1.729484937065047,0.1586466839909263,,,,,,,54.024,
1767384568.537345,182,102;103;104;200;201;202,14.552;15.377;11.723;22.147;21.303;25.613,-0.016443447246361393,2.4778308412496757,1.2497650470662733,0.6653911649586165,1.7548586274119105,0.1523444859058173,,,,,,,57.214,
1767384568.640106,183,102;103;104;200;201;202,13.491;14.400;9.897;24.502;21.739;25.669,-0.0893252232711729,2.4646644634342234,1.297869979612318,0.6587600811959659,1.7900539454153415,0.14973802199798414,,,,,,,58.834,
1767384568.737884,184,102;103;104;200;201;202,13.168;15.682;9.697;24.019;21.585;25.245,-0.157490815585238,2.4418128082357504,1.341228927969679,0.6503473179953456,1.8166039636743856,0.149954948768853,,,,,,,60.595,
1767384568.837132,185,102;103;104;200;201;202,12.951;14.340;7.513;24.102;21.906;25.954,-0.01675850621173363,2.415298397929781,1.2226049237075252,0.6267198266006422,1.760161720952196,0.17666885428501514,,,,,,,58.793,
1767384568.939314,186,102;103;104;200;201;202,13.063;15.865;8.651;24.228;21.110;24.809,0.08014735141455549,2.3748447212445067,1.1365786127190236,0.6084028982323599,1.744825773914548,0.19963276750726883,,,,,,,58.330,
1767384569.038205,187,102;103;104;200;201;202,11.142;15.010;8.328;23.614;20.682;25.132,-0.03747000464140848,2.3724648296252626,1.229905425488519,0.620091710836596,1.764456898620152,0.18831831247465305,,,,,,,60.572,
1767384569.137080,188,102;103;104;200;201;202,13.387;13.489;8.219;24.336;20.438;24.174,0.0678440397233997,2.353222916942854,1.1464302240093143,0.6048788715715503,1.7460376664424024,0.2001588810192501,,,,,,,59.433,
1767384569.262287,189,102;103;104;200;201;202,13.387;13.489;8.219;24.336;20.438;24.174,0.0678440397233997,2.353222916942854,1.1464302240093143,0.6048788715715503,1.7460376664424024,0.2001588810192501,,,,,,,59.433,
1767384569.504477,190,102;103;200;201;202,13.748;15.937;24.218;20.491;26.689,0.14973624585119405,2.4150451417213934,1.1012364009106843,0.629226519435504,1.7468952660901833,0.1892674521505347,,,,,,,55.805,
1767384569.608714,191,102;103;200;201;202,14.427;14.523;24.290;21.753;25.192,0.20778835309220128,2.455857075582665,1.0661739478021484,0.6545638134280917,1.739732588985507,0.18609102689941692,,,,,,,53.232,
1767384569.691230,192,102;103;104;200;201;202,13.319;14.082;10.294;22.715;21.497;25.528,0.05078628015408927,2.4421395889562554,1.1797243191920013,0.6407780139033373,1.7436962639231468,0.17043798042108957,,,,,,,56.752,
1767384569.758722,193,102;103;104;200;201;202,13.982;13.403;9.326;24.045;21.475;24.486,-0.05925789810633938,2.42746653598377,1.259592672511898,0.636525080378643,1.767434679183689,0.1620277660342255,,,,,,,59.214,
1767384569.847090,194,102;103;104;200;201;202,11.943;13.441;8.489;22.877;21.370;25.459,0.0544024775998603,2.402583874285221,1.1670059429830302,0.6125506356744139,1.7440141289767854,0.1796943881860465,,,,,,,57.953,
1767384569.939445,195,102;103;200;201;202,13.144;13.102;23.149;20.750;25.141,0.13778700477995115,2.4562800476515685,1.114467988622574,0.6337778042248325,1.7443808062825066,0.1725864445740942,,,,,,,54.539,
1767384570.037798,196,102;103;200;201;202,13.505;15.103;23.953;20.703;24.148,0.20106723337690577,2.5027446457642557,1.074913886351586,0.6471837135619511,1.7412449719609842,0.162881965822398,,,,,,,51.680,
1767384570.138047,197,102;103;104;200;201;202,13.301;14.545;8.406;23.158;21.085;24.938,0.23568039865736154,2.4388972531561683,1.0265841674909517,0.6193092660576051,1.7446904132545316,0.18487270142444667,,,,,,,52.896,
1767384570.237679,198,102;103;200;201;202,14.384;14.629;23.290;21.487;26.207,0.27016513857441704,2.4757046632928503,1.0110811792910357,0.6460922086796566,1.7448044890608212,0.17966322056315281,,,,,,,50.942,
1767384570.338858,199,102;103;104;200;201;202,13.455;14.995;8.777;22.741;21.878;24.630,0.12027260617454029,2.469010366131815,1.1266362361947513,0.6358510337992999,1.7419415733487804,0.166979588940437,,,,,,,54.385,
1767384570.438246,200,102;103;104;200;201;202,13.478;13.878;10.908;24.411;20.929;24.938,-0.0008973471873421678,2.4543477370192903,1.2157212972822922,0.6336550214444963,1.760546425568213,0.15804090362134676,,,,,,,57.197,
1767384570.537244,201,102;103;104;200;201;202,14.155;14.856;10.257;24.431;20.547;25.302,0.09336779721858997,2.407472918905474,1.129182610455374,0.6057552419586383,1.7473434742648863,0.18405732873627603,,,,,,,56.850,
1767384570.637815,202,102;103;104;200;201;202,13.504;15.442;8.579;23.432;20.625;26.342,-0.02773197507064154,2.3946031461990795,1.223901120599518,0.6157028938664687,1.7622770895779283,0.17604429769637195,,,,,,,59.596,
1767384570.738236,203,102;103;104;200;201;202,13.620;14.211;9.509;23.678;20.337;25.379,-0.11302250588271935,2.385213377318683,1.2901601654262007,0.6251668273788256,1.789198059992509,0.17334432998527413,,,,,,,61.416,
1767384570.836868,204,102;103;200;201;202,13.905;15.982;23.838;20.358;25.510,0.019273263537929235,2.4357446461142693,1.206598291525896,0.6430996352188603,1.758146227195132,0.1712992355141691,,,,,,,57.652,
1767384570.937171,205,102;103;104;200;201;202,13.501;13.231;10.695;23.858;19.956;25.331,-0.07732241934061414,2.4216775914643,1.2739893850752564,0.6415670735255191,1.7826527881322636,0.16522258012331306,,,,,,,59.755,
1767384571.036284,206,102;103;200;201;202,13.410;14.822;24.177;21.117;25.822,0.04706378369906911,2.470713594513995,1.1908656853155308,0.6500925829638157,1.7543499030448046,0.16061552915269126,,,,,,,55.979,
1767384571.136998,207,102;103;200;201;202,13.410;14.822;24.177;21.117;25.822,0.04706378369906911,2.470713594513995,1.1908656853155308,0.6500925829638157,1.7543499030448046,0.16061552915269126,,,,,,,55.979,
1767384571.238677,208,102;103;104;200;201;202,14.034;14.581;7.951;23.720;21.513;25.703,0.12715216208958546,2.4269457996368295,1.1148093301428619,0.625365065996525,1.7432404352398656,0.18315373495779133,,,,,,,55.699,
1767384571.344796,209,102;103;104;200;201;202,14.034;14.581;7.951;23.720;21.513;25.703,0.12715216208958546,2.4269457996368295,1.1148093301428619,0.625365065996525,1.7432404352398656,0.18315373495779133,,,,,,,55.699,
1767384571.436201,210,102;103;200;201;202,14.537;13.703;24.343;21.363;25.004,0.19569722707369325,2.463996687853812,1.0738826099932275,0.6486128956246249,1.739111907532181,0.1794194120068697,,,,,,,53.136,
1767384571.539092,211,102;103;104;200;201;202,11.801;15.078;8.995;24.208;21.160;26.222,0.23542427348823003,2.425652639009805,1.0312490512529158,0.6258256001527248,1.7446332236622095,0.18857114037214728,,,,,,,53.535,
1767384571.637238,212,102;103;104;200;201;202,13.120;15.247;7.868;23.743;20.248;25.730,0.09050060868154948,2.4216238686251947,1.145270431355563,0.626931985636782,1.7452464911895975,0.17634965882559808,,,,,,,56.673,
1767384571.738368,213,102;103;104;200;201;202,14.746;14.539;7.794;23.523;20.775;25.288,0.15913973082724575,2.3743863807767784,1.079461462026612,0.6104120358595753,1.7392164027981014,0.1973419999163987,,,,,,,56.938,
1767458434.990463,0,105;106;200;201;202,13.223;17.059;28.546;29.699;31.814,-0.3905749454685621,1.321604558004783,0.9556334792014615,-0.05099234119061463,2.9135221090183467,1.3337255250608377,,,,,,,75.338,
1767458435.380856,1,105;106;200;201;202,13.865;16.953;27.774;30.591;32.360,-0.3945004185419259,1.327839676028968,0.9479772767706531,-0.0668412189729681,2.922687727091332,1.310440029297561,,,,,,,75.775,
1767458435.585761,2,105;106;200;201;202,15.801;16.495;26.940;28.688;31.050,-0.3962964891660692,1.335041833150646,0.9425681079437588,-0.0768906064778245,2.9315726577759262,1.2896368505428588,,,,,,,76.212,
1767458435.684248,3,105;106;200;201;202,14.706;17.370;26.936;29.500;31.515,-0.3993576252275238,1.3353632863481035,0.9368899838037431,-0.08700159328334427,2.9353192358545996,1.2780131836067958,,,,,,,76.317,
1767458435.790147,4,105;106;200;201;202,14.706;17.370;26.936;29.500;31.515,-0.3993576252275238,1.3353632863481035,0.9368899838037431,-0.08700159328334427,2.9353192358545996,1.2780131836067958,,,,,,,76.317,
1767458435.888145,5,105;106;200;201;202,14.920;16.523;28.178;30.010;32.464,-0.399458693347744,1.3367524192321056,0.9356396707209463,-0.09167602518092616,2.9336304476789374,1.2730786347748653,,,,,,,76.399,
1767458435.969923,6,105;106;200;201;202,13.859;17.509;28.905;28.580;31.517,-0.39854337092525693,1.3422583669438868,0.9347986392194467,-0.0933558768886995,2.93075972408746,1.2659716196298285,,,,,,,76.675,
1767458436.037295,7,105;200;201;202,15.228;28.398;30.106;32.656,-0.41276954738856153,1.3694949368690357,0.9936409235620098,-0.04824438982634977,2.843037470871278,1.4539793698740133,,,,,,,77.828,
1767458436.108151,8,105;106;200;201;202,15.455;18.371;28.236;30.038;32.352,-0.4108179818771653,1.360483575915617,0.9767768623329338,-0.06861474194134881,2.867957115732349,1.4023982303989215,,,,,,,77.474,
1767458436.204315,9,105;106;200;201;202,15.455;18.371;28.236;30.038;32.352,-0.4108179818771653,1.360483575915617,0.9767768623329338,-0.06861474194134881,2.867957115732349,1.4023982303989215,,,,,,,77.474,
1767458436.304623,10,105;200;201;202,14.999;27.541;29.247;31.425,-0.41688377784715025,1.3880239539891395,1.0231891864964238,-0.022471008133239864,2.8143238598091447,1.53832518556457,,,,,,,78.585,
1767458436.404036,11,105;200;201;202,14.999;27.541;29.247;31.425,-0.41688377784715025,1.3880239539891395,1.0231891864964238,-0.022471008133239864,2.8143238598091447,1.53832518556457,,,,,,,78.585,
1767458436.506617,12,105;200;201;202,14.999;27.541;29.247;31.425,-0.41688377784715025,1.3880239539891395,1.0231891864964238,-0.022471008133239864,2.8143238598091447,1.53832518556457,,,,,,,78.585,
1767458436.604077,13,105;200;201;202,15.568;26.267;30.480;33.101,-0.4213972439573897,1.3988094170190055,1.0627013776046426,0.015230392011599939,2.7822267207778277,1.6492045701844278,,,,,,,78.855,
1767458436.704548,14,105;200;201;202,15.568;26.267;30.480;33.101,-0.4213972439573897,1.3988094170190055,1.0627013776046426,0.015230392011599939,2.7822267207778277,1.6492045701844278,,,,,,,78.855,
1767458436.804780,15,105;200;201;202,15.568;26.267;30.480;33.101,-0.4213972439573897,1.3988094170190055,1.0627013776046426,0.015230392011599939,2.7822267207778277,1.6492045701844278,,,,,,,78.855,
1767458436.905576,16,105;106;200;201;202,14.043;18.297;28.462;29.887;32.343,-0.6244437724246906,1.3463182799172377,1.1748021725003561,0.012650602050479317,2.725800541171331,1.5116498646205032,,,,,,,79.007,
1767458437.003984,17,106;200;201;202,18.642;27.529;30.250;31.488,-0.8821200996934913,1.092443747737503,1.3657454724334073,-0.0698290511292061,2.34037896507263,1.4065077193303852,,,,,,,73.038,
1767458437.109714,18,106;200;201;202,18.642;27.529;30.250;31.488,-0.8821200996934913,1.092443747737503,1.3657454724334073,-0.0698290511292061,2.34037896507263,1.4065077193303852,,,,,,,73.038,
1767458437.208617,19,106;200;201;202,18.642;27.529;30.250;31.488,-0.8821200996934913,1.092443747737503,1.3657454724334073,-0.0698290511292061,2.34037896507263,1.4065077193303852,,,,,,,73.038,
1767458437.307363,20,105;200;201;202,14.632;27.405;29.313;33.197,-0.7708128044383106,1.1966357994521868,1.3153930993226763,-0.08907677543835726,2.3919375478674096,1.5336845798453038,,,,,,,74.519,
1767458437.405234,21,105;200;201;202,14.089;26.862;30.084;32.155,-0.6160388544979921,1.250357553685354,1.2983056231152337,-0.06855213509121186,2.531244142831351,1.6578881322217147,,,,,,,73.203,
1767458437.504519,22,105;200;201;202,14.089;26.862;30.084;32.155,-0.6160388544979921,1.250357553685354,1.2983056231152337,-0.06855213509121186,2.531244142831351,1.6578881322217147,,,,,,,73.203,
1767458437.604660,23,105;200;201;202,15.439;27.808;29.145;32.471,-0.5686268354081424,1.3153497672478673,1.2589369662373275,-0.031539238500010024,2.57399195598781,1.720873181971369,,,,,,,75.572,
1767458437.705092,24,105;106;200;201;202,14.598;18.670;27.026;29.568;31.490,-0.7259802369939604,1.2855672450628832,1.3116214002888724,-0.007701122348526231,2.6647586232564144,1.5909578112411018,,,,,,,77.210,
1767458437.805310,25,105;106;200;201;202,14.909;15.498;27.527;28.729;32.162,-0.84512751160082,1.256429063586078,1.3490318704212199,-0.0019249561717963907,2.7513028191226074,1.516860466507063,,,,,,,78.673,
1767458437.902365,26,105;106;200;201;202,14.909;15.498;27.527;28.729;32.162,-0.84512751160082,1.256429063586078,1.3490318704212199,-0.0019249561717963907,2.7513028191226074,1.516860466507063,,,,,,,78.673,
1767458438.003833,27,105;200;201;202,14.690;27.973;29.781;32.148,-0.7350585036800902,1.3219665855778107,1.2992120951054469,0.0038284269756385654,2.715962573953478,1.609726664496697,,,,,,,79.150,
1767458438.106027,28,105;200;201;202,14.682;26.594;29.225;32.755,-0.6579455839513316,1.3568855275313716,1.2663979959599452,0.017362727992123645,2.6993111664450233,1.706251179406955,,,,,,,79.277,
1767458438.205226,29,105;200;201;202,15.344;27.031;29.287;32.388,-0.6006599599408947,1.3815839701046493,1.2417970179305757,0.030751745224735793,2.7011052281832812,1.7756921728213735,,,,,,,79.464,
1767458438.303089,30,105;200;201;202,15.344;27.031;29.287;32.388,-0.6006599599408947,1.3815839701046493,1.2417970179305757,0.030751745224735793,2.7011052281832812,1.7756921728213735,,,,,,,79.464,
1767458438.404203,31,105;200;201;202,15.344;27.031;29.287;32.388,-0.6006599599408947,1.3815839701046493,1.2417970179305757,0.030751745224735793,2.7011052281832812,1.7756921728213735,,,,,,,79.464,
1767458438.504994,32,105;200;201;202,15.344;27.031;29.287;32.388,-0.6006599599408947,1.3815839701046493,1.2417970179305757,0.030751745224735793,2.7011052281832812,1.7756921728213735,,,,,,,79.464,
1767458438.603392,33,105;200;201;202,14.364;28.439;29.526;31.684,-0.5584649569848003,1.4028207883694366,1.2217756672050317,0.046773345210958196,2.7040565361607016,1.82227174907966,,,,,,,79.845,
1767458438.707748,34,105;106;200;201;202,13.565;17.380;26.906;29.925;31.780,-0.4703359740606938,1.3742865043632224,1.1571926709237428,-0.018614331405416705,2.786720054010305,1.7111105001059985,,,,,,,77.557,
1767458438.804405,35,105;106;200;201;202,13.565;17.380;26.906;29.925;31.780,-0.4703359740606938,1.3742865043632224,1.1571926709237428,-0.018614331405416705,2.786720054010305,1.7111105001059985,,,,,,,77.557,
1767458438.905257,36,105;200;201;202,15.092;27.151;29.130;32.209,-0.4600192667114949,1.3975658833910727,1.158202991007466,0.02218367510655652,2.768302831069946,1.7682025086621949,,,,,,,78.514,
1767458439.003258,37,105;200;201;202,15.092;27.151;29.130;32.209,-0.4600192667114949,1.3975658833910727,1.158202991007466,0.02218367510655652,2.768302831069946,1.7682025086621949,,,,,,,78.514,
1767458439.109497,38,105;200;201;202,14.608;28.544;28.828;30.686,-0.4504576525828282,1.422598510430567,1.1544718611007518,0.05218512244474654,2.765354745282364,1.7962816642405952,,,,,,,79.624,
1767458439.211179,39,105;200;201;202,14.110;27.529;29.411;32.554,-0.4479922817590212,1.4258367070320717,1.159773666619761,0.07297406294643077,2.744519489221668,1.8408256660360647,,,,,,,79.692,
1767458439.307018,40,105;200;201;202,14.110;27.529;29.411;32.554,-0.4479922817590212,1.4258367070320717,1.159773666619761,0.07297406294643077,2.744519489221668,1.8408256660360647,,,,,,,79.692,
1767458439.409290,41,105;200;201;202,14.839;27.900;29.616;32.253,-0.5005903712453851,1.431241449275094,1.1554297020114992,0.06828609700601165,2.7067131685371186,1.8366211729567135,,,,,,,80.848,
1767458439.508361,42,105;200;201;202,15.168;27.685;29.131;31.565,-0.48611450412122725,1.4353033492925886,1.1581237309446544,0.0792388761340787,2.7067517763611493,1.8661342352418386,,,,,,,80.776,
1767458439.609925,43,105;200;201;202,15.168;27.685;29.131;31.565,-0.48611450412122725,1.4353033492925886,1.1581237309446544,0.0792388761340787,2.7067517763611493,1.8661342352418386,,,,,,,80.776,
1767458439.705355,44,105;200;201;202,14.485;28.326;29.171;31.823,-0.4725803499655682,1.4412360276797338,1.1605339627117772,0.0902701591539848,2.7092483244596695,1.885482897542736,,,,,,,80.821,
1767458439.804339,45,105;200;201;202,14.485;28.326;29.171;31.823,-0.4725803499655682,1.4412360276797338,1.1605339627117772,0.0902701591539848,2.7092483244596695,1.885482897542736,,,,,,,80.821,
1767458439.931409,46,105;200;201;202,14.485;28.326;29.171;31.823,-0.4725803499655682,1.4412360276797338,1.1605339627117772,0.0902701591539848,2.7092483244596695,1.885482897542736,,,,,,,80.821,
1767458440.007520,47,105;200;201;202,14.485;28.326;29.171;31.823,-0.4725803499655682,1.4412360276797338,1.1605339627117772,0.0902701591539848,2.7092483244596695,1.885482897542736,,,,,,,80.821,
1767458440.106172,48,105;200;201;202,14.919;27.957;29.212;32.026,-0.4620953453323066,1.4476787810304461,1.1623049027054568,0.09800857466373314,2.713550082654972,1.8945110463553034,,,,,,,80.952,
1767458440.206723,49,105;106;200;201;202,14.671;14.884;28.301;29.480;32.337,-0.4441348947996156,1.4212479782726197,1.1032093745006502,0.0073027182856007285,2.778417831600948,1.732677456697473,,,,,,,79.951,
1767458440.303082,50,105;106;200;201;202,14.671;14.884;28.301;29.480;32.337,-0.4441348947996156,1.4212479782726197,1.1032093745006502,0.0073027182856007285,2.778417831600948,1.732677456697473,,,,,,,79.951,
1767458440.457531,51,105;200;201;202,13.672;27.783;28.315;32.065,-0.44186167291738404,1.4326805072770061,1.1193800854627756,0.03909012898663278,2.759322404393868,1.7832510526384748,,,,,,,80.328,
1767458440.537544,52,105;200;201;202,13.672;27.783;28.315;32.065,-0.44186167291738404,1.4326805072770061,1.1193800854627756,0.03909012898663278,2.759322404393868,1.7832510526384748,,,,,,,80.328,
1767458440.613394,53,105;106;200;201;202,13.700;16.727;27.373;28.650;32.517,-0.4271668073100896,1.4101215730118462,1.072591174613643,-0.02334752978268901,2.8092468806280775,1.6458634259209797,,,,,,,79.420,
1767458440.712010,54,105;106;200;201;202,13.700;16.727;27.373;28.650;32.517,-0.4271668073100896,1.4101215730118462,1.072591174613643,-0.02334752978268901,2.8092468806280775,1.6458634259209797,,,,,,,79.420,
1767458440.805320,55,105;106;200;201;202,13.700;16.727;27.373;28.650;32.517,-0.4271668073100896,1.4101215730118462,1.072591174613643,-0.02334752978268901,2.8092468806280775,1.6458634259209797,,,,,,,79.420,
1767458440.905123,56,105;106;200;201;202,13.700;16.727;27.373;28.650;32.517,-0.4271668073100896,1.4101215730118462,1.072591174613643,-0.02334752978268901,2.8092468806280775,1.6458634259209797,,,,,,,79.420,
1767458441.006295,57,105;106;200;201;202,13.700;16.727;27.373;28.650;32.517,-0.4271668073100896,1.4101215730118462,1.072591174613643,-0.02334752978268901,2.8092468806280775,1.6458634259209797,,,,,,,79.420,
1767458441.112484,58,105;106;200;201;202,12.950;16.579;27.365;28.613;32.113,-0.4162572602357579,1.3909872441518176,1.0411935695964523,-0.060353291850708896,2.8509881662917085,1.5448096248196272,,,,,,,78.572,
1767458441.210151,59,105;106;200;201;202,12.950;16.579;27.365;28.613;32.113,-0.4162572602357579,1.3909872441518176,1.0411935695964523,-0.060353291850708896,2.8509881662917085,1.5448096248196272,,,,,,,78.572,
1767458441.315791,60,105;106;200;201;202,12.950;16.579;27.365;28.613;32.113,-0.4162572602357579,1.3909872441518176,1.0411935695964523,-0.060353291850708896,2.8509881662917085,1.5448096248196272,,,,,,,78.572,
1767458441.408465,61,105;106;200;201;202,12.950;16.579;27.365;28.613;32.113,-0.4162572602357579,1.3909872441518176,1.0411935695964523,-0.060353291850708896,2.8509881662917085,1.5448096248196272,,,,,,,78.572,
1767458441.511467,62,105;106;200;201;202,12.950;16.579;27.365;28.613;32.113,-0.4162572602357579,1.3909872441518176,1.0411935695964523,-0.060353291850708896,2.8509881662917085,1.5448096248196272,,,,,,,78.572,
1767458441.610920,63,105;106;200;201;202,12.950;16.579;27.365;28.613;32.113,-0.4162572602357579,1.3909872441518176,1.0411935695964523,-0.060353291850708896,2.8509881662917085,1.5448096248196272,,,,,,,78.572,
1767458441.711223,64,105;200;201;202,14.579;28.073;29.257;32.395,-0.4199638585255283,1.4120701818601424,1.0761828963712645,-0.011065765900805978,2.8094441652398356,1.6462970486332424,,,,,,,79.376,
1767458441.808881,65,105;200;201;202,14.579;28.073;29.257;32.395,-0.4199638585255283,1.4120701818601424,1.0761828963712645,-0.011065765900805978,2.8094441652398356,1.6462970486332424,,,,,,,79.376,
1767458441.907019,66,105;200;201;202,16.571;26.544;29.274;31.341,-0.42289689674127495,1.4284403005229611,1.09940740873113,0.0284469687288445,2.78527259370429,1.7149125219479329,,,,,,,80.023,
1767458442.004784,67,105;200;201;202,16.571;26.544;29.274;31.341,-0.42289689674127495,1.4284403005229611,1.09940740873113,0.0284469687288445,2.78527259370429,1.7149125219479329,,,,,,,80.023,
1767458442.103623,68,105;200;201;202,16.571;26.544;29.274;31.341,-0.42289689674127495,1.4284403005229611,1.09940740873113,0.0284469687288445,2.78527259370429,1.7149125219479329,,,,,,,80.023,
1767458442.203616,69,105;200;201;202,16.571;26.544;29.274;31.341,-0.42289689674127495,1.4284403005229611,1.09940740873113,0.0284469687288445,2.78527259370429,1.7149125219479329,,,,,,,80.023,
1767458442.304977,70,105;200;201;202,13.141;27.511;29.709;32.926,-0.427698758274065,1.4346478578717827,1.1199316382573148,0.0539578519555159,2.763328889010193,1.7757500881326556,,,,,,,80.207,
1767458442.403362,71,105;200;201;202,13.141;27.511;29.709;32.926,-0.427698758274065,1.4346478578717827,1.1199316382573148,0.0539578519555159,2.763328889010193,1.7757500881326556,,,,,,,80.207,
1767458442.506510,72,105;200;201;202,13.141;27.511;29.709;32.926,-0.427698758274065,1.4346478578717827,1.1199316382573148,0.0539578519555159,2.763328889010193,1.7757500881326556,,,,,,,80.207,
1767458442.604867,73,105;200;201;202,14.498;27.735;29.202;31.455,-0.43068222674773043,1.444090275582625,1.1308563940449783,0.07629984319349667,2.749182432667402,1.8137694452288062,,,,,,,80.612,
1767458442.706907,74,105;106;200;201;202,14.963;15.587;27.868;29.199;31.699,-0.4194141184788428,1.4198606100923807,1.0797693018113435,0.00185622964443718,2.8073125742288703,1.668655279545753,,,,,,,79.725,
1767458442.807342,75,105;106;200;201;202,14.804;17.204;28.268;30.146;31.485,-0.41248015316806014,1.399421628394942,1.0432514683860987,-0.04316748371439261,2.853039089978658,1.5612921499076937,,,,,,,78.922,
1767458442.905892,76,105;200;201;202,15.009;27.650;29.546;32.396,-0.4163851363893301,1.4170467567007017,1.077025451253035,0.003158798832498352,2.8098496837332045,1.6578534875239275,,,,,,,79.565,
1767458443.007325,77,105;106;200;201;202,14.209;17.540;28.185;29.367;32.987,-0.3678541528042261,1.38354224744436,1.052393561802746,-0.015883928787865643,2.8905091765276145,1.5883986306358104,,,,,,,77.407,
1767458443.113632,78,105;106;200;201;202,14.276;17.767;27.367;29.627;31.841,-0.3756930674514946,1.3735794631215335,1.0228560085386025,-0.046641517794827766,2.9145319574216724,1.4990525754829618,,,,,,,77.255,
1767458443.210973,79,105;200;201;202,15.284;27.427;28.790;31.820,-0.3903578089457028,1.3998706995074441,1.0618550422358815,-0.0013272898752353774,2.8502642467988433,1.6084047863821513,,,,,,,78.463,
1767458443.313993,80,105;200;201;202,15.284;27.427;28.790;31.820,-0.3903578089457028,1.3998706995074441,1.0618550422358815,-0.0013272898752353774,2.8502642467988433,1.6084047863821513,,,,,,,78.463,
1767458443.410340,81,105;200;201;202,14.387;27.850;29.066;32.521,-0.40272911154682534,1.4134288085141598,1.0906498332126837,0.0339224931946828,2.800091881379618,1.6957218810443009,,,,,,,79.062,
1767458443.509647,82,105;106;200;201;202,14.930;16.863;27.775;28.387;32.737,-0.4011250584313146,1.3992283644886583,1.050342215533407,-0.016985961994970742,2.8518687251485106,1.5800205383376782,,,,,,,78.684,
1767458443.606099,83,105;106;200;201;202,14.930;16.863;27.775;28.387;32.737,-0.4011250584313146,1.3992283644886583,1.050342215533407,-0.016985961994970742,2.8518687251485106,1.5800205383376782,,,,,,,78.684,
1767458443.710946,84,105;200;201;202,15.687;28.433;29.653;32.591,-0.3430067260032504,1.3940248463246654,1.0994563710941188,0.0793744799189226,2.892606588415564,1.726443171218498,,,,,,,77.207,
1767458443.804775,85,105;200;201;202,15.687;28.433;29.653;32.591,-0.3430067260032504,1.3940248463246654,1.0994563710941188,0.0793744799189226,2.892606588415564,1.726443171218498,,,,,,,77.207,
1767458443.904089,86,105;200;201;202,15.687;28.433;29.653;32.591,-0.3430067260032504,1.3940248463246654,1.0994563710941188,0.0793744799189226,2.892606588415564,1.726443171218498,,,,,,,77.207,
1767458444.006129,87,105;106;200;201;202,14.873;17.886;28.874;29.694;32.146,-0.357432883263652,1.3840919715168192,1.0543739206017537,0.020884803923448467,2.920330519140897,1.5979855804515157,,,,,,,77.280,
1767458444.106194,88,105;200;201;202,14.076;28.314;28.982;31.462,-0.37663665850395517,1.4015162527278098,1.084648538391364,0.05197788457765857,2.854014401245514,1.685031763168708,,,,,,,78.155,
1767458444.208073,89,105;200;201;202,14.076;28.314;28.982;31.462,-0.37663665850395517,1.4015162527278098,1.084648538391364,0.05197788457765857,2.854014401245514,1.685031763168708,,,,,,,78.155,
1767458444.307220,90,105;200;201;202,14.076;28.314;28.982;31.462,-0.37663665850395517,1.4015162527278098,1.084648538391364,0.05197788457765857,2.854014401245514,1.685031763168708,,,,,,,78.155,
1767458444.409736,91,105;200;201;202,13.774;27.566;30.169;32.292,-0.3923180117388805,1.4127130291199035,1.1078339389410896,0.07384599323638365,2.8095676478771634,1.7520253118503752,,,,,,,78.722,
1767458444.507580,92,105;200;201;202,13.774;27.566;30.169;32.292,-0.3923180117388805,1.4127130291199035,1.1078339389410896,0.07384599323638365,2.8095676478771634,1.7520253118503752,,,,,,,78.722,
1767458444.607625,93,105;200;201;202,13.866;27.136;29.135;32.444,-0.4056035577489124,1.422970413061992,1.1254676496001539,0.09105787899816188,2.778269884463487,1.801588862419949,,,,,,,79.256,
1767458444.710160,94,105;200;201;202,13.866;27.136;29.135;32.444,-0.4056035577489124,1.422970413061992,1.1254676496001539,0.09105787899816188,2.778269884463487,1.801588862419949,,,,,,,79.256,
1767458444.809632,95,105;200;201;202,13.718;28.161;28.469;32.681,-0.4118344633465036,1.432196345367232,1.1350099763525854,0.10552448361295652,2.760671235215147,1.8303650015402115,,,,,,,79.711,
1767458444.917367,96,105;200;201;202,13.718;28.161;28.469;32.681,-0.4118344633465036,1.432196345367232,1.1350099763525854,0.10552448361295652,2.760671235215147,1.8303650015402115,,,,,,,79.711,
1767458445.014641,97,105;200;201;202,14.939;27.274;28.927;31.706,-0.41944449043559684,1.4375949953289975,1.1439946430177246,0.11549437991442223,2.7475618110313884,1.8588198872861292,,,,,,,80.000,
1767458445.118943,98,105;200;201;202,14.939;27.274;28.927;31.706,-0.41944449043559684,1.4375949953289975,1.1439946430177246,0.11549437991442223,2.7475618110313884,1.8588198872861292,,,,,,,80.000,
1767458445.254178,99,105;200;201;202,14.939;27.274;28.927;31.706,-0.41944449043559684,1.4375949953289975,1.1439946430177246,0.11549437991442223,2.7475618110313884,1.8588198872861292,,,,,,,80.000,
1767458445.376800,100,105;106;200;201;202,14.041;17.870;28.427;29.194;32.397,-0.414141708226731,1.4126811252645572,1.0870203884860226,0.026765338175576206,2.809374082739359,1.7047559748017687,,,,,,,79.223,
1767458445.486036,101,105;106;200;201;202,14.041;17.870;28.427;29.194;32.397,-0.414141708226731,1.4126811252645572,1.0870203884860226,0.026765338175576206,2.809374082739359,1.7047559748017687,,,,,,,79.223,
1767458445.582759,102,105;106;200;201;202,14.041;17.870;28.427;29.194;32.397,-0.414141708226731,1.4126811252645572,1.0870203884860226,0.026765338175576206,2.809374082739359,1.7047559748017687,,,,,,,79.223,
1767458445.669159,103,105;200;201;202,13.338;28.071;29.856;32.101,-0.34946506392969057,1.4013333939720014,1.126304971775846,0.11024058662862535,2.8557491041000307,1.8178250903776443,,,,,,,77.415,
1767458445.751586,104,105;200;201;202,13.338;28.071;29.856;32.101,-0.34946506392969057,1.4013333939720014,1.126304971775846,0.11024058662862535,2.8557491041000307,1.8178250903776443,,,,,,,77.415,
1767458445.879380,105,105;200;201;202,13.338;28.071;29.856;32.101,-0.34946506392969057,1.4013333939720014,1.126304971775846,0.11024058662862535,2.8557491041000307,1.8178250903776443,,,,,,,77.415,
1767458445.966803,106,105;200;201;202,13.338;28.071;29.856;32.101,-0.34946506392969057,1.4013333939720014,1.126304971775846,0.11024058662862535,2.8557491041000307,1.8178250903776443,,,,,,,77.415,
1767458446.042985,107,105;200;201;202,13.338;28.071;29.856;32.101,-0.34946506392969057,1.4013333939720014,1.126304971775846,0.11024058662862535,2.8557491041000307,1.8178250903776443,,,,,,,77.415,
1767458446.125885,108,105;106;200;201;202,14.533;17.792;29.315;28.846;31.613,-0.3649209569655499,1.3872827411176691,1.073177514108531,0.038991131807686034,2.891196052815946,1.6703892183332232,,,,,,,77.379,
1767458446.222467,109,105;106;200;201;202,13.480;16.275;27.467;29.531;31.542,-0.3769071321760318,1.3739567359973586,1.035673424843244,-0.008289709632890392,2.912229797866771,1.5648658337927788,,,,,,,77.185,
1767458446.317142,110,105;106;200;201;202,13.947;17.190;28.370;29.160;32.292,-0.385150984100674,1.3637910752664095,1.0102054021723228,-0.03948109669795108,2.9239609925499312,1.4862979068609083,,,,,,,76.994,
1767458446.411718,111,105;200;201;202,13.320;25.799;28.596;31.637,-0.39598638486054494,1.3886061948516044,1.0518650912976326,0.004150069801816205,2.8549874775419886,1.6037518744611587,,,,,,,78.061,
1767458446.510534,112,105;200;201;202,13.725;28.353;28.614;32.949,-0.4067783841771325,1.4026957487953209,1.0834494357417839,0.03800151415342092,2.808491782199004,1.6943737995234138,,,,,,,78.648,
1767458446.604197,113,105;200;201;202,13.725;28.353;28.614;32.949,-0.4067783841771325,1.4026957487953209,1.0834494357417839,0.03800151415342092,2.808491782199004,1.6943737995234138,,,,,,,78.648,
1767458446.707713,114,105;200;201;202,13.725;28.353;28.614;32.949,-0.4067783841771325,1.4026957487953209,1.0834494357417839,0.03800151415342092,2.808491782199004,1.6943737995234138,,,,,,,78.648,
1767458446.806271,115,105;200;201;202,13.725;28.353;28.614;32.949,-0.4067783841771325,1.4026957487953209,1.0834494357417839,0.03800151415342092,2.808491782199004,1.6943737995234138,,,,,,,78.648,
1767458446.908640,116,105;200;201;202,14.560;28.510;28.296;31.808,-0.41498955893113126,1.4173652714579081,1.1036187469331686,0.0660715768145314,2.7805146774079548,1.755553785902188,,,,,,,79.316,
1767458447.006214,117,105;200;201;202,14.560;28.510;28.296;31.808,-0.41498955893113126,1.4173652714579081,1.1036187469331686,0.0660715768145314,2.7805146774079548,1.755553785902188,,,,,,,79.316,
1767458447.119959,118,105;106;200;201;202,14.298;17.374;26.525;30.133;32.460,-0.36993760851264806,1.3836357770063175,1.0677941445939905,0.02364663279117362,2.8741808838374654,1.6648024216318058,,,,,,,77.308,
1767458447.215812,119,105;106;200;201;202,14.298;17.374;26.525;30.133;32.460,-0.36993760851264806,1.3836357770063175,1.0677941445939905,0.02364663279117362,2.8741808838374654,1.6648024216318058,,,,,,,77.308,
1767458447.321215,120,105;106;200;201;202,14.250;17.787;27.383;29.660;32.623,-0.37946307093013343,1.3747098342061808,1.031310447673318,-0.017583804162778813,2.906899181902301,1.5579132809633787,,,,,,,77.296,
1767458447.450197,121,105;106;200;201;202,15.058;19.105;27.555;30.268;32.725,-0.3855383894385877,1.3654530745084186,1.0052307323663672,-0.045746230926193406,2.9261988728540476,1.4784279062250778,,,,,,,77.124,
1767458447.570993,122,105;106;200;201;202,14.944;18.270;27.682;28.987;31.335,-0.39114210409767325,1.3632606655409967,0.9828925416952522,-0.0628210592433839,2.9364394692378437,1.415431026831374,,,,,,,77.272,
1767458447.678673,123,105;106;200;201;202,14.379;18.788;26.894;27.886;32.957,-0.396027616153666,1.3597746472069434,0.9677688903171257,-0.0756740590887239,2.9459351713443533,1.3709686972323367,,,,,,,77.285,
1767458447.771241,124,105;106;200;201;202,14.379;18.788;26.894;27.886;32.957,-0.396027616153666,1.3597746472069434,0.9677688903171257,-0.0756740590887239,2.9459351713443533,1.3709686972323367,,,,,,,77.285,
1767458447.865415,125,105;106;200;201;202,14.379;18.788;26.894;27.886;32.957,-0.396027616153666,1.3597746472069434,0.9677688903171257,-0.0756740590887239,2.9459351713443533,1.3709686972323367,,,,,,,77.285,
1767458447.943133,126,105;106;200;201;202,14.379;18.788;26.894;27.886;32.957,-0.396027616153666,1.3597746472069434,0.9677688903171257,-0.0756740590887239,2.9459351713443533,1.3709686972323367,,,,,,,77.285,
1767458448.018429,127,105;106;200;201;202,14.379;18.788;26.894;27.886;32.957,-0.396027616153666,1.3597746472069434,0.9677688903171257,-0.0756740590887239,2.9459351713443533,1.3709686972323367,,,,,,,77.285,
1767458448.109912,128,105;106;200;201;202,14.379;18.788;26.894;27.886;32.957,-0.396027616153666,1.3597746472069434,0.9677688903171257,-0.0756740590887239,2.9459351713443533,1.3709686972323367,,,,,,,77.285,
1767458448.265965,129,105;106;200;201;202,15.405;18.392;28.307;29.918;32.115,-0.39748247168369927,1.3575711073390186,0.9593076525257467,-0.08384056492444271,2.95185792497041,1.3391663738728248,,,,,,,77.259,
1767458448.373930,130,105;106;200;201;202,15.405;18.392;28.307;29.918;32.115,-0.39748247168369927,1.3575711073390186,0.9593076525257467,-0.08384056492444271,2.95185792497041,1.3391663738728248,,,,,,,77.259,
1767458448.473440,131,105;106;200;201;202,15.405;18.392;28.307;29.918;32.115,-0.39748247168369927,1.3575711073390186,0.9593076525257467,-0.08384056492444271,2.95185792497041,1.3391663738728248,,,,,,,77.259,
1767458448.558086,132,105;106;200;201;202,15.405;18.392;28.307;29.918;32.115,-0.39748247168369927,1.3575711073390186,0.9593076525257467,-0.08384056492444271,2.95185792497041,1.3391663738728248,,,,,,,77.259,
1767458448.635155,133,105;106;200;201;202,15.405;18.392;28.307;29.918;32.115,-0.39748247168369927,1.3575711073390186,0.9593076525257467,-0.08384056492444271,2.95185792497041,1.3391663738728248,,,,,,,77.259,
1767458448.714907,134,105;106;200;201;202,14.843;18.190;26.771;28.710;32.831,-0.39970965373811673,1.3541350306079332,0.9514401705437187,-0.09000686398875703,2.950241163085693,1.316209993800596,,,,,,,77.177,
1767458448.816892,135,105;106;200;201;202,14.843;18.190;26.771;28.710;32.831,-0.39970965373811673,1.3541350306079332,0.9514401705437187,-0.09000686398875703,2.950241163085693,1.316209993800596,,,,,,,77.177,
1767458448.907497,136,105;106;200;201;202,14.843;18.190;26.771;28.710;32.831,-0.39970965373811673,1.3541350306079332,0.9514401705437187,-0.09000686398875703,2.950241163085693,1.316209993800596,,,,,,,77.177,
1767458449.003924,137,105;106;200;201;202,14.843;18.190;26.771;28.710;32.831,-0.39970965373811673,1.3541350306079332,0.9514401705437187,-0.09000686398875703,2.950241163085693,1.316209993800596,,,,,,,77.177,
1767458449.110684,138,105;106;200;201;202,14.843;18.190;26.771;28.710;32.831,-0.39970965373811673,1.3541350306079332,0.9514401705437187,-0.09000686398875703,2.950241163085693,1.316209993800596,,,,,,,77.177,
1767458449.218169,139,105;106;200;201;202,14.843;18.190;26.771;28.710;32.831,-0.39970965373811673,1.3541350306079332,0.9514401705437187,-0.09000686398875703,2.950241163085693,1.316209993800596,,,,,,,77.177,
1767458449.347677,140,105;106;200;201;202,14.397;18.317;27.129;29.541;32.821,-0.40193428995857855,1.3522489897893095,0.9441275126778073,-0.09657001200261922,2.9551232260888214,1.2982130220312629,,,,,,,77.169,
1767458449.494693,141,105;106;200;201;202,14.397;18.317;27.129;29.541;32.821,-0.40193428995857855,1.3522489897893095,0.9441275126778073,-0.09657001200261922,2.9551232260888214,1.2982130220312629,,,,,,,77.169,
1767458449.608466,142,105;200;201;202,14.608;28.122;29.569;32.190,-0.3446670013865113,1.3538572348808664,1.0206697471294197,0.018200631841228002,2.9597200822530696,1.5350140853025391,,,,,,,75.845,
1767458449.702893,143,105;200;201;202,14.608;28.122;29.569;32.190,-0.3446670013865113,1.3538572348808664,1.0206697471294197,0.018200631841228002,2.9597200822530696,1.5350140853025391,,,,,,,75.845,
1767458449.801848,144,105;200;201;202,14.608;28.122;29.569;32.190,-0.3446670013865113,1.3538572348808664,1.0206697471294197,0.018200631841228002,2.9597200822530696,1.5350140853025391,,,,,,,75.845,
1767458449.907156,145,105;106;200;201;202,15.520;16.956;28.157;29.754;32.108,-0.3175685799209298,1.3410051503336207,1.0064719676331264,0.01769002821656459,3.0096203354752107,1.4980798923685679,,,,,,,74.952,
1767458449.998948,146,105;106;200;201;202,15.520;16.956;28.157;29.754;32.108,-0.3175685799209298,1.3410051503336207,1.0064719676331264,0.01769002821656459,3.0096203354752107,1.4980798923685679,,,,,,,74.952,
1767458450.100638,147,105;106;200;201;202,15.520;16.956;28.157;29.754;32.108,-0.3175685799209298,1.3410051503336207,1.0064719676331264,0.01769002821656459,3.0096203354752107,1.4980798923685679,,,,,,,74.952,
1767458450.200325,148,105;106;200;201;202,15.431;19.739;27.944;29.368;32.417,-0.3406790740556,1.3428628148790476,0.9846664188785448,-0.014274267186957604,2.992393500099938,1.4246904183135636,,,,,,,75.509,
1767458450.299843,149,105;106;200;201;202,15.650;17.655;28.231;28.926;32.792,-0.31443064279930144,1.3315076092574363,0.9797598608935554,-0.0024654555459900107,3.0274143921624406,1.4154234262505914,,,,,,,74.625,
1767458450.386666,150,105;200;201;202,14.362;28.013;30.755;32.783,-0.3453629684798724,1.3638353312517868,1.0292507718990158,0.023292511083914724,2.920586225337826,1.5507818194679424,,,,,,,76.297,
1767458450.480483,151,105;106;200;201;202,13.491;18.273;26.885;29.358;31.850,-0.3606735630654643,1.3580215194500145,1.0011041227243083,-0.013324198903628471,2.927591685117794,1.4698586700833645,,,,,,,76.429,
1767458450.570074,152,105;106;200;201;202,13.491;18.273;26.885;29.358;31.850,-0.3606735630654643,1.3580215194500145,1.0011041227243083,-0.013324198903628471,2.927591685117794,1.4698586700833645,,,,,,,76.429,
1767458450.768638,153,105;106;200;201;202,13.491;18.273;26.885;29.358;31.850,-0.3606735630654643,1.3580215194500145,1.0011041227243083,-0.013324198903628471,2.927591685117794,1.4698586700833645,,,,,,,76.429,
1767458450.896212,154,105;200;201;202,13.201;26.593;29.626;31.784,-0.3832533363831061,1.3807583226733837,1.0426344656388695,0.02030097313190989,2.8420141015328704,1.5967763592974005,,,,,,,77.561,
1767458451.012783,155,105;200;201;202,14.936;27.767;29.280;33.158,-0.32712176693371464,1.3786209051083296,1.092369748433547,0.11035621401257033,2.8759259088703995,1.7402226861548116,,,,,,,76.293,
1767458451.136108,156,105;200;201;202,13.630;28.352;30.148;32.887,-0.35899305997486164,1.392486304312551,1.1118150984781234,0.11921664027478773,2.811233656221613,1.7952610407987262,,,,,,,77.222,
1767458451.345028,157,105;200;201;202,13.630;28.352;30.148;32.887,-0.35899305997486164,1.392486304312551,1.1118150984781234,0.11921664027478773,2.811233656221613,1.7952610407987262,,,,,,,77.222,
1767458451.475045,158,105;200;201;202,13.630;28.352;30.148;32.887,-0.35899305997486164,1.392486304312551,1.1118150984781234,0.11921664027478773,2.811233656221613,1.7952610407987262,,,,,,,77.222,
1767458451.592332,159,105;106;200;201;202,13.972;18.993;26.510;30.062;32.317,-0.3288257159137192,1.368418219962819,1.070977249554839,0.06981094445826339,2.8958819848305497,1.6889098351581506,,,,,,,75.977,
1767458451.691570,160,105;106;200;201;202,13.972;18.993;26.510;30.062;32.317,-0.3288257159137192,1.368418219962819,1.070977249554839,0.06981094445826339,2.8958819848305497,1.6889098351581506,,,,,,,75.977,
1767458451.776639,161,105;106;200;201;202,13.972;18.993;26.510;30.062;32.317,-0.3288257159137192,1.368418219962819,1.070977249554839,0.06981094445826339,2.8958819848305497,1.6889098351581506,,,,,,,75.977,
1767458451.855801,162,105;106;200;201;202,13.972;18.993;26.510;30.062;32.317,-0.3288257159137192,1.368418219962819,1.070977249554839,0.06981094445826339,2.8958819848305497,1.6889098351581506,,,,,,,75.977,
1767458451.922829,163,105;106;200;201;202,14.404;18.287;28.303;30.356;32.488,-0.30652106318236094,1.3507855366865447,1.0422793080238073,0.04701691367495187,2.9613905897846955,1.6103428741703474,,,,,,,75.042,
1767458452.004340,164,105;106;200;201;202,14.404;18.287;28.303;30.356;32.488,-0.30652106318236094,1.3507855366865447,1.0422793080238073,0.04701691367495187,2.9613905897846955,1.6103428741703474,,,,,,,75.042,
1767458452.105232,165,105;106;200;201;202,14.404;18.287;28.303;30.356;32.488,-0.30652106318236094,1.3507855366865447,1.0422793080238073,0.04701691367495187,2.9613905897846955,1.6103428741703474,,,,,,,75.042,
1767458452.207490,166,105;106;200;201;202,16.366;18.419;27.112;29.558;32.463,-0.3325242245852356,1.3542167272766694,1.0102494903826227,0.007281900897276969,2.965402177133891,1.505652505201583,,,,,,,75.791,
1767458452.303437,167,105;106;200;201;202,16.366;18.419;27.112;29.558;32.463,-0.3325242245852356,1.3542167272766694,1.0102494903826227,0.007281900897276969,2.965402177133891,1.505652505201583,,,,,,,75.791,
1767458452.404105,168,105;200;201;202,15.092;27.994;29.894;32.549,-0.3601535242534785,1.3802330059769725,1.0509487725517803,0.036931619085257834,2.8733227902213034,1.6184551657017323,,,,,,,77.148,
1767458452.505937,169,105;200;201;202,16.337;27.980;30.154;32.606,-0.3786206593232025,1.4017401480672083,1.078110312010722,0.06440249910014859,2.8145093153042096,1.695118830685632,,,,,,,78.251,
1767458452.604551,170,105;200;201;202,14.080;26.909;28.988;33.458,-0.39645248104249975,1.4073025051804777,1.1031856727617533,0.08394298000806989,2.771694360312548,1.7685777137540757,,,,,,,78.552,
1767458452.705147,171,105;200;201;202,14.080;26.909;28.988;33.458,-0.39645248104249975,1.4073025051804777,1.1031856727617533,0.08394298000806989,2.771694360312548,1.7685777137540757,,,,,,,78.552,
1767458452.805430,172,105;200;201;202,14.080;26.909;28.988;33.458,-0.39645248104249975,1.4073025051804777,1.1031856727617533,0.08394298000806989,2.771694360312548,1.7685777137540757,,,,,,,78.552,
1767458452.905396,173,105;200;201;202,14.080;26.909;28.988;33.458,-0.39645248104249975,1.4073025051804777,1.1031856727617533,0.08394298000806989,2.771694360312548,1.7685777137540757,,,,,,,78.552,
1767458453.005234,174,105;200;201;202,14.080;26.909;28.988;33.458,-0.39645248104249975,1.4073025051804777,1.1031856727617533,0.08394298000806989,2.771694360312548,1.7685777137540757,,,,,,,78.552,
1767458453.113825,175,105;106;200;201;202,14.955;18.664;28.003;28.744;33.279,-0.40181963075426586,1.3880097143221548,1.0555876967657525,0.012041751478978006,2.8223313630017377,1.6384496378351683,,,,,,,78.083,
1767458453.211930,176,105;106;200;201;202,14.955;18.664;28.003;28.744;33.279,-0.40181963075426586,1.3880097143221548,1.0555876967657525,0.012041751478978006,2.8223313630017377,1.6384496378351683,,,,,,,78.083,
1767458453.311077,177,105;200;201;202,13.502;27.216;29.837;33.097,-0.34163254423897726,1.3804950244684338,1.102401575558595,0.10051612560938024,2.857043451546978,1.7736762548761127,,,,,,,76.479,
1767458453.411437,178,105;200;201;202,13.502;27.216;29.837;33.097,-0.34163254423897726,1.3804950244684338,1.102401575558595,0.10051612560938024,2.857043451546978,1.7736762548761127,,,,,,,76.479,
1767458453.504657,179,105;200;201;202,13.502;27.216;29.837;33.097,-0.34163254423897726,1.3804950244684338,1.102401575558595,0.10051612560938024,2.857043451546978,1.7736762548761127,,,,,,,76.479,
1767458453.605203,180,105;200;201;202,13.502;27.216;29.837;33.097,-0.34163254423897726,1.3804950244684338,1.102401575558595,0.10051612560938024,2.857043451546978,1.7736762548761127,,,,,,,76.479,
1767458453.703344,181,105;200;201;202,13.502;27.216;29.837;33.097,-0.34163254423897726,1.3804950244684338,1.102401575558595,0.10051612560938024,2.857043451546978,1.7736762548761127,,,,,,,76.479,
1767458453.803703,182,105;200;201;202,13.502;27.216;29.837;33.097,-0.34163254423897726,1.3804950244684338,1.102401575558595,0.10051612560938024,2.857043451546978,1.7736762548761127,,,,,,,76.479,
1767458453.903055,183,105;200;201;202,15.372;27.103;29.246;32.496,-0.36580235727187976,1.4055333353995323,1.1164969319147195,0.11478266094030425,2.812511585956831,1.8031259745930113,,,,,,,77.925,
1767458454.002717,184,105;200;201;202,15.372;27.103;29.246;32.496,-0.36580235727187976,1.4055333353995323,1.1164969319147195,0.11478266094030425,2.812511585956831,1.8031259745930113,,,,,,,77.925,
1767458454.102016,185,105;200;201;202,15.372;27.103;29.246;32.496,-0.36580235727187976,1.4055333353995323,1.1164969319147195,0.11478266094030425,2.812511585956831,1.8031259745930113,,,,,,,77.925,
1767458454.206412,186,105;200;201;202,15.372;27.103;29.246;32.496,-0.36580235727187976,1.4055333353995323,1.1164969319147195,0.11478266094030425,2.812511585956831,1.8031259745930113,,,,,,,77.925,
1767458454.304288,187,105;200;201;202,15.372;27.103;29.246;32.496,-0.36580235727187976,1.4055333353995323,1.1164969319147195,0.11478266094030425,2.812511585956831,1.8031259745930113,,,,,,,77.925,
1767458454.409812,188,105;200;201;202,15.372;27.103;29.246;32.496,-0.36580235727187976,1.4055333353995323,1.1164969319147195,0.11478266094030425,2.812511585956831,1.8031259745930113,,,,,,,77.925,
1767458454.507454,189,105;200;201;202,15.372;27.103;29.246;32.496,-0.36580235727187976,1.4055333353995323,1.1164969319147195,0.11478266094030425,2.812511585956831,1.8031259745930113,,,,,,,77.925,
1767458454.608745,190,105;200;201;202,15.372;27.103;29.246;32.496,-0.36580235727187976,1.4055333353995323,1.1164969319147195,0.11478266094030425,2.812511585956831,1.8031259745930113,,,,,,,77.925,
1767458454.707616,191,105;200;201;202,15.372;27.103;29.246;32.496,-0.36580235727187976,1.4055333353995323,1.1164969319147195,0.11478266094030425,2.812511585956831,1.8031259745930113,,,,,,,77.925,
1767458454.807273,192,105;200;201;202,15.372;27.103;29.246;32.496,-0.36580235727187976,1.4055333353995323,1.1164969319147195,0.11478266094030425,2.812511585956831,1.8031259745930113,,,,,,,77.925,
1767458454.909884,193,105;200;201;202,13.757;27.697;29.775;31.512,-0.3130641173985305,1.3927943455378473,1.1504529207403094,0.1783930179354681,2.8498274223815367,1.895986137121739,,,,,,,76.329,
1767458455.007673,194,105;200;201;202,13.757;27.697;29.775;31.512,-0.3130641173985305,1.3927943455378473,1.1504529207403094,0.1783930179354681,2.8498274223815367,1.895986137121739,,,,,,,76.329,
1767458455.118527,195,105;200;201;202,14.422;27.142;29.010;31.499,-0.27654378120700385,1.3834683085740116,1.171341632289559,0.22823652535443176,2.878083650244109,1.9659278684178114,,,,,,,75.274,
1767458455.213063,196,105;200;201;202,15.860;27.252;29.592;31.908,-0.24820108379708528,1.3837352777862386,1.1850900698709668,0.26755120995537196,2.9092483428302027,2.0047375652850654,,,,,,,74.889,
1767458455.310795,197,105;200;201;202,14.775;28.089;29.224;31.956,-0.22642311177930352,1.3816515346893856,1.1954794279815357,0.2987949937941807,2.932846295052539,2.0383290738897215,,,,,,,74.498,
1767458455.415551,198,105;106;200;201;202,14.802;17.483;28.257;30.263;32.302,-0.22887733853312542,1.3625128494156853,1.1373701256217363,0.20724998459479774,3.0012409131475226,1.8754118923897403,,,,,,,74.062,
1767458455.503451,199,105;106;200;201;202,14.802;17.483;28.257;30.263;32.302,-0.22887733853312542,1.3625128494156853,1.1373701256217363,0.20724998459479774,3.0012409131475226,1.8754118923897403,,,,,,,74.062,
1767458455.608582,200,105;106;200;201;202,14.802;17.483;28.257;30.263;32.302,-0.22887733853312542,1.3625128494156853,1.1373701256217363,0.20724998459479774,3.0012409131475226,1.8754118923897403,,,,,,,74.062,
1767458455.705955,201,105;106;200;201;202,14.802;17.483;28.257;30.263;32.302,-0.22887733853312542,1.3625128494156853,1.1373701256217363,0.20724998459479774,3.0012409131475226,1.8754118923897403,,,,,,,74.062,
1767458455.807017,202,105;106;200;201;202,14.802;17.483;28.257;30.263;32.302,-0.22887733853312542,1.3625128494156853,1.1373701256217363,0.20724998459479774,3.0012409131475226,1.8754118923897403,,,,,,,74.062,
1767458455.902300,203,105;106;200;201;202,14.802;17.483;28.257;30.263;32.302,-0.22887733853312542,1.3625128494156853,1.1373701256217363,0.20724998459479774,3.0012409131475226,1.8754118923897403,,,,,,,74.062,
1767458456.001607,204,105;106;200;201;202,14.802;17.483;28.257;30.263;32.302,-0.22887733853312542,1.3625128494156853,1.1373701256217363,0.20724998459479774,3.0012409131475226,1.8754118923897403,,,,,,,74.062,
1767458456.104155,205,105;200;201;202,15.387;27.438;29.445;32.335,-0.2140174298559843,1.3598448376193006,1.163767442452071,0.25816748231480213,2.9830392804179593,1.9585572680824446,,,,,,,73.570,
1767458456.203523,206,105;200;201;202,14.685;27.859;29.457;31.915,-0.2017663357407349,1.3639219613543845,1.1801620511493576,0.29704669539373224,2.9753785591786452,2.008560508985276,,,,,,,73.538,
1767458456.304101,207,105;200;201;202,14.214;27.840;28.917;32.407,-0.2636232155655887,1.3897373110065228,1.1744780491531701,0.2607998390006952,2.8994826333562016,1.9623765705839982,,,,,,,75.435,
1767458456.403292,208,105;200;201;202,14.214;27.840;28.917;32.407,-0.2636232155655887,1.3897373110065228,1.1744780491531701,0.2607998390006952,2.8994826333562016,1.9623765705839982,,,,,,,75.435,
1767458456.502708,209,105;200;201;202,14.214;27.840;28.917;32.407,-0.2636232155655887,1.3897373110065228,1.1744780491531701,0.2607998390006952,2.8994826333562016,1.9623765705839982,,,,,,,75.435,
1767458456.602282,210,105;200;201;202,14.214;27.840;28.917;32.407,-0.2636232155655887,1.3897373110065228,1.1744780491531701,0.2607998390006952,2.8994826333562016,1.9623765705839982,,,,,,,75.435,
1767458456.700517,211,105;200;201;202,14.214;27.840;28.917;32.407,-0.2636232155655887,1.3897373110065228,1.1744780491531701,0.2607998390006952,2.8994826333562016,1.9623765705839982,,,,,,,75.435,
1767458456.804820,212,105;106;200;201;202,16.139;17.847;27.427;28.100;32.285,-0.26156509517671794,1.3662657612230424,1.1176561034519874,0.1715226913721308,2.9790640273564954,1.8187308338259476,,,,,,,74.726,
1767458456.903223,213,106;200;201;202,17.738;27.444;28.640;32.027,-0.5501309322821737,1.1034203975316095,1.3621211251030698,-0.009857204480256069,2.508189984519529,1.603473628620008,,,,,,,64.465,
1767458457.001850,214,106;200;201;202,17.738;27.444;28.640;32.027,-0.5501309322821737,1.1034203975316095,1.3621211251030698,-0.009857204480256069,2.508189984519529,1.603473628620008,,,,,,,64.465,
1767458457.105449,215,106;200;201;202,17.738;27.444;28.640;32.027,-0.5501309322821737,1.1034203975316095,1.3621211251030698,-0.009857204480256069,2.508189984519529,1.603473628620008,,,,,,,64.465,
1767458457.208456,216,105;200;201;202,14.682;27.205;30.204;32.354,-0.45533149354549884,1.1801001218024754,1.329377378531939,0.02350296379385389,2.6116778238320313,1.7337576968170114,,,,,,,66.374,
1767458457.306389,217,105;200;201;202,13.587;28.069;29.733;32.006,-0.38212665927177514,1.2377048162955648,1.3030004238880042,0.07673094545734062,2.7007880820429797,1.8319011711587272,,,,,,,68.159,
1767458457.405797,218,105;200;201;202,13.587;28.069;29.733;32.006,-0.38212665927177514,1.2377048162955648,1.3030004238880042,0.07673094545734062,2.7007880820429797,1.8319011711587272,,,,,,,68.159,
1767458457.502575,219,105;200;201;202,15.229;27.396;29.651;32.188,-0.3296266461710436,1.2757215512996176,1.285129950390554,0.13465008185598054,2.76543813110233,1.9180895129492586,,,,,,,69.455,
1767458457.601071,220,105;200;201;202,15.229;27.396;29.651;32.188,-0.3296266461710436,1.2757215512996176,1.285129950390554,0.13465008185598054,2.76543813110233,1.9180895129492586,,,,,,,69.455,
1767458457.702485,221,105;200;201;202,13.483;27.415;29.056;32.047,-0.36070527397473406,1.3283414341061424,1.252368123610291,0.14213136271323332,2.751752665378453,1.9088705180135284,,,,,,,72.759,
1767458457.803023,222,105;200;201;202,14.751;27.657;29.272;32.765,-0.3116786830120741,1.3434476706742664,1.247873072691433,0.18989077212465927,2.8099650919229844,1.968416931651179,,,,,,,72.938,
1767458457.904549,223,105;106;200;201;202,15.277;15.961;28.140;29.258;31.717,-0.29318031832749336,1.3391886503154444,1.1734447908649317,0.11982737012706593,2.908549564898845,1.821208369595415,,,,,,,73.191,
1767458458.002090,224,105;200;201;202,14.555;28.406;28.966;31.938,-0.259982958904649,1.3476393005118146,1.1895613469206265,0.18788764737144728,2.922600948750253,1.9088457686271638,,,,,,,73.130,
1767458458.105373,225,105;106;200;201;202,14.897;16.607;28.039;29.287;31.755,-0.25623600139033714,1.3367477479696286,1.132988373984686,0.13009526025646084,2.9891852593943042,1.7793408862050089,,,,,,,73.030,
1767458458.201553,226,105;106;200;201;202,14.897;16.607;28.039;29.287;31.755,-0.25623600139033714,1.3367477479696286,1.132988373984686,0.13009526025646084,2.9891852593943042,1.7793408862050089,,,,,,,73.030,
1767458458.302011,227,105;200;201;202,13.913;27.415;29.221;32.692,-0.30350517891683826,1.3723599609435482,1.141112717148645,0.13504122874902416,2.899766557502531,1.7987709378301442,,,,,,,75.272,
1767458458.404148,228,105;106;200;201;202,15.237;15.887;27.640;30.145;32.488,-0.2881847638263315,1.353992791440172,1.0989989708733596,0.08985285193990825,2.9732749167257073,1.6989404805303716,,,,,,,74.532,
1767458458.502312,229,105;200;201;202,15.233;27.802;29.282;32.108,-0.3266858645304954,1.3845110144255817,1.1143827312257035,0.10596496104370424,2.881009027471677,1.7466849004311693,,,,,,,76.394,
1767458458.603514,230,105;106;200;201;202,15.415;17.011;28.199;28.908;31.660,-0.3052036172208248,1.3620458397955124,1.0764476514521537,0.06571014170559862,2.9567605682512523,1.654836633128205,,,,,,,75.324,
1767458458.702327,231,105;200;201;202,14.546;28.055;30.159;32.218,-0.33622491241904945,1.3905760387406672,1.1008957340488634,0.08504131951297086,2.875483631289437,1.714978672456935,,,,,,,76.936,
1767458458.804228,232,105;106;200;201;202,13.652;15.553;27.836;30.230;32.446,-0.3510910910891974,1.3806497461295761,1.0594506531606909,0.026014604590639902,2.908537464724545,1.5924736041014609,,,,,,,76.978,
1767458458.903366,233,105;200;201;202,14.998;28.150;30.125;32.487,-0.3054683732891704,1.3771560191457894,1.1060979945676273,0.11376132754361752,2.9207058407738833,1.7432492681944707,,,,,,,75.846,
1767458459.002482,234,105;200;201;202,14.264;28.079;28.847;31.554,-0.34054010603003254,1.3967576109610262,1.1224995794326342,0.12004821423060733,2.8565248226019406,1.7846435952822755,,,,,,,77.108,
1767458459.106717,235,105;200;201;202,14.259;27.866;27.563;32.580,-0.2954942405449296,1.3914801275688495,1.1530918495679388,0.18190058936408596,2.892213772277689,1.8718974420529173,,,,,,,76.044,
1767458459.208446,236,105;200;201;202,14.259;27.866;27.563;32.580,-0.2954942405449296,1.3914801275688495,1.1530918495679388,0.18190058936408596,2.892213772277689,1.8718974420529173,,,,,,,76.044,
1767458459.308641,237,105;200;201;202,13.815;26.978;30.114;31.796,-0.3324336831291461,1.409049251740895,1.1555631224196588,0.17392111807664315,2.838893907218531,1.8763725455591649,,,,,,,77.324,
1767458459.406544,238,105;200;201;202,13.815;26.978;30.114;31.796,-0.3324336831291461,1.409049251740895,1.1555631224196588,0.17392111807664315,2.838893907218531,1.8763725455591649,,,,,,,77.324,
1767458459.502916,239,105;200;201;202,14.705;27.730;29.482;31.968,-0.3591483996411144,1.423456519358238,1.1579274200137184,0.16752877483000037,2.805000502272807,1.8804215885179036,,,,,,,78.349,
1767458459.602054,240,105;200;201;202,14.798;28.014;28.908;31.281,-0.37978751568767505,1.4312823519676519,1.161963030795109,0.1613619176917536,2.774699739859699,1.8909615417817454,,,,,,,78.965,
1767458459.701723,241,105;200;201;202,14.682;28.007;28.245;31.910,-0.3265063904600026,1.4135477131026402,1.1823000568846502,0.20616181026508087,2.821855837379876,1.9576847559896489,,,,,,,77.227,
1767458459.803032,242,105;200;201;202,14.294;27.296;28.941;32.904,-0.35476126909732814,1.422664386698982,1.1809728844466612,0.18950387820686274,2.790126512579351,1.9477779438683316,,,,,,,78.032,
1767458459.903099,243,105;200;201;202,14.294;27.296;28.941;32.904,-0.35476126909732814,1.422664386698982,1.1809728844466612,0.18950387820686274,2.790126512579351,1.9477779438683316,,,,,,,78.032,
1767458460.001417,244,105;200;201;202,14.294;27.296;28.941;32.904,-0.35476126909732814,1.422664386698982,1.1809728844466612,0.18950387820686274,2.790126512579351,1.9477779438683316,,,,,,,78.032,
1767458460.105162,245,105;106;200;201;202,14.374;16.030;27.543;29.635;32.836,-0.5662613043434419,1.3769277497666728,1.2625837400705096,0.12283440531873316,2.7935832541688277,1.724756426552095,,,,,,,78.354,
1767458460.202281,246,105;106;200;201;202,14.374;16.030;27.543;29.635;32.836,-0.5662613043434419,1.3769277497666728,1.2625837400705096,0.12283440531873316,2.7935832541688277,1.724756426552095,,,,,,,78.354,
1767458460.300619,247,105;106;200;201;202,14.374;16.030;27.543;29.635;32.836,-0.5662613043434419,1.3769277497666728,1.2625837400705096,0.12283440531873316,2.7935832541688277,1.724756426552095,,,,,,,78.354,
1767458460.404965,248,105;106;200;201;202,14.587;16.721;27.319;29.502;32.831,-0.5190227333859567,1.37292161912178,1.1741810735026705,0.03163384120455279,2.8135129050410996,1.6109664166923745,,,,,,,78.176,
1767458460.503683,249,105;106;200;201;202,14.587;16.721;27.319;29.502;32.831,-0.5190227333859567,1.37292161912178,1.1741810735026705,0.03163384120455279,2.8135129050410996,1.6109664166923745,,,,,,,78.176,
1767458460.602803,250,105;106;200;201;202,14.587;16.721;27.319;29.502;32.831,-0.5190227333859567,1.37292161912178,1.1741810735026705,0.03163384120455279,2.8135129050410996,1.6109664166923745,,,,,,,78.176,
1767458460.703998,251,105;200;201;202,15.290;28.319;28.765;32.284,-0.49500328304221747,1.4011316115519332,1.1696896404575694,0.05290036965329064,2.7876883481775994,1.6881627753757786,,,,,,,79.156,
1767458460.802192,252,105;200;201;202,15.290;28.319;28.765;32.284,-0.49500328304221747,1.4011316115519332,1.1696896404575694,0.05290036965329064,2.7876883481775994,1.6881627753757786,,,,,,,79.156,
1767458460.901391,253,105;200;201;202,15.290;28.319;28.765;32.284,-0.49500328304221747,1.4011316115519332,1.1696896404575694,0.05290036965329064,2.7876883481775994,1.6881627753757786,,,,,,,79.156,
1767458461.001841,254,105;200;201;202,16.023;27.575;29.611;32.195,-0.4764507993691898,1.4221711860507138,1.1672292505373758,0.07063393368333656,2.774709954766292,1.7417285396778042,,,,,,,79.890,
1767458461.109628,255,105;200;201;202,14.927;27.865;29.721;33.332,-0.4635504147736993,1.434688459820022,1.165439513259518,0.08242924344487991,2.7662754713932864,1.7849238542618284,,,,,,,80.310,
1767458461.206380,256,105;200;201;202,14.927;27.865;29.721;33.332,-0.4635504147736993,1.434688459820022,1.165439513259518,0.08242924344487991,2.7662754713932864,1.7849238542618284,,,,,,,80.310,
1767458461.306274,257,105;200;201;202,14.927;27.865;29.721;33.332,-0.4635504147736993,1.434688459820022,1.165439513259518,0.08242924344487991,2.7662754713932864,1.7849238542618284,,,,,,,80.310,
1767458461.406881,258,105;200;201;202,14.927;27.865;29.721;33.332,-0.4635504147736993,1.434688459820022,1.165439513259518,0.08242924344487991,2.7662754713932864,1.7849238542618284,,,,,,,80.310,
1767458461.504656,259,105;106;200;201;202,14.686;15.673;27.468;28.815;32.208,-0.44447183130126017,1.410217069008837,1.1054823553059276,0.00294345315104546,2.8117907219321436,1.6518398327863737,,,,,,,79.389,
1767458461.602147,260,105;106;200;201;202,14.686;15.673;27.468;28.815;32.208,-0.44447183130126017,1.410217069008837,1.1054823553059276,0.00294345315104546,2.8117907219321436,1.6518398327863737,,,,,,,79.389,
1767458461.704344,261,105;106;200;201;202,15.368;16.851;28.063;28.718;32.772,-0.42931355643242874,1.3921868041957177,1.0638649453613036,-0.04334072455871912,2.846443119192799,1.549129129424495,,,,,,,78.633,
1767458461.804297,262,105;106;200;201;202,15.312;16.541;27.887;30.250;31.817,-0.41794870591528666,1.3831595788901054,1.033891146496061,-0.06935262719951583,2.885112187524308,1.4698461672391356,,,,,,,78.265,
1767458461.902896,263,105;106;200;201;202,15.312;16.541;27.887;30.250;31.817,-0.41794870591528666,1.3831595788901054,1.033891146496061,-0.06935262719951583,2.885112187524308,1.4698461672391356,,,,,,,78.265,
1767458462.003509,264,105;200;201;202,14.549;26.972;29.480;32.505,-0.41895798222366337,1.4072030495949843,1.0692494495378964,-0.02020739004648747,2.836273049949084,1.586968574757115,,,,,,,79.180,
1767458462.107308,265,105;106;200;201;202,15.231;16.283;27.952;28.044;33.093,-0.4128087725448015,1.3907404980008804,1.0361356002249265,-0.05543130448319393,2.870353615805979,1.4996937403913673,,,,,,,78.551,
1767458462.203611,266,105;106;200;201;202,15.231;16.283;27.952;28.044;33.093,-0.4128087725448015,1.3907404980008804,1.0361356002249265,-0.05543130448319393,2.870353615805979,1.4996937403913673,,,,,,,78.551,
1767458462.302767,267,105;200;201;202,15.519;27.311;29.811;33.081,-0.4159381436718153,1.4137289717926533,1.0707916377743518,-0.009308905276312718,2.8237979394188644,1.6074137254123924,,,,,,,79.448,
1767458462.405759,268,105;106;200;201;202,14.806;15.855;27.184;28.742;32.278,-0.40987527742492125,1.3972288869718321,1.0383553843033066,-0.045932928593182924,2.862871876405551,1.5168963190609124,,,,,,,78.815,
1767458462.503295,269,105;106;200;201;202,14.806;15.855;27.184;28.742;32.278,-0.40987527742492125,1.3972288869718321,1.0383553843033066,-0.045932928593182924,2.862871876405551,1.5168963190609124,,,,,,,78.815,
1767458462.603744,270,105;200;201;202,14.401;28.230;29.882;32.191,-0.4146741728534256,1.415123852214196,1.071519151970058,-0.001535135976846526,2.8116361241997128,1.6222854970457554,,,,,,,79.493,
1767458462.705371,271,105;106;200;201;202,13.819;17.779;27.914;29.131;32.517,-0.4060866998055941,1.3986245928578487,1.0371301237075774,-0.04263247740809408,2.8561745772038827,1.5227930857448968,,,,,,,78.840,
1767458462.806718,272,105;106;200;201;202,12.909;16.352;27.915;29.535;31.839,-0.4002472922770258,1.386663836651591,1.0143681749540392,-0.06593485211554011,2.8826990668192702,1.4495947604041974,,,,,,,78.342,
1767458462.903666,273,105;106;200;201;202,12.909;16.352;27.915;29.535;31.839,-0.4002472922770258,1.386663836651591,1.0143681749540392,-0.06593485211554011,2.8826990668192702,1.4495947604041974,,,,,,,78.342,
1767458463.001794,274,105;106;200;201;202,12.909;16.352;27.915;29.535;31.839,-0.4002472922770258,1.386663836651591,1.0143681749540392,-0.06593485211554011,2.8826990668192702,1.4495947604041974,,,,,,,78.342,
1767458463.109375,275,105;200;201;202,15.011;27.880;29.541;32.145,-0.40686961516859776,1.4103919027283363,1.0552692343010288,-0.01780552591506813,2.8313081973506056,1.570243914752548,,,,,,,79.287,
1767458463.211941,276,105;106;200;201;202,14.328;15.686;27.586;30.377;32.795,-0.4029698513350635,1.3933441901514059,1.0267370699206044,-0.053529668649926296,2.870590413037311,1.4868856084671866,,,,,,,78.617,
1767458463.310876,277,105;106;200;201;202,15.416;17.599;27.267;29.379;32.100,-0.432954374971307,1.3814117143800497,1.0026787349073023,-0.08383965056295299,2.881514751598378,1.403696175257846,,,,,,,78.672,
1767458463.410871,278,105;106;200;201;202,13.813;15.534;27.231;29.555;31.741,-0.4207712667362745,1.3747116066487786,0.9895365682665003,-0.09424624512412083,2.9011593058902423,1.3632601165449085,,,,,,,78.249,
1767458463.505811,279,105;106;200;201;202,15.158;16.554;28.517;29.767;32.477,-0.4143915032060774,1.367606965219115,0.9790823259700896,-0.10130175175045955,2.919384165426702,1.3361263530739504,,,,,,,77.874,
1767458463.605443,280,105;106;200;201;202,13.469;15.770;28.464;29.756;32.321,-0.4072554325319088,1.3628624296246319,0.9713451799955372,-0.10400044343916778,2.9240175509182196,1.3146109220107913,,,,,,,77.584,
1767458463.703676,281,105;200;201;202,13.656;27.388;29.183;31.829,-0.4159497014182908,1.3824699304879415,1.025095076464008,-0.0540604742234876,2.843070943070569,1.4888933508713627,,,,,,,78.274,
1767458463.803336,282,105;200;201;202,13.656;27.388;29.183;31.829,-0.4159497014182908,1.3824699304879415,1.025095076464008,-0.0540604742234876,2.843070943070569,1.4888933508713627,,,,,,,78.274,
1767458463.903680,283,105;200;201;202,13.656;27.388;29.183;31.829,-0.4159497014182908,1.3824699304879415,1.025095076464008,-0.0540604742234876,2.843070943070569,1.4888933508713627,,,,,,,78.274,
1767458464.005994,284,105;106;200;201;202,14.419;16.905;28.942;30.411;32.458,-0.41014877654880455,1.37429870747084,1.0024697904101298,-0.07548768025427535,2.8778726643469037,1.424628599663987,,,,,,,77.960,
1767458464.105260,285,105;106;200;201;202,13.994;17.708;27.630;28.770;32.021,-0.4060015863665514,1.3670113861504452,0.9870325132107386,-0.08904712334760803,2.9013738834526337,1.3769846395781682,,,,,,,77.652,
1767458464.203621,286,105;200;201;202,13.643;28.342;29.284;31.706,-0.41174363779884227,1.3922041333015862,1.0349371562150118,-0.03914737546082986,2.8370870984396697,1.5219149305881414,,,,,,,78.619,
1767458464.307421,287,105;106;200;201;202,15.124;17.255;27.802;29.322;32.247,-0.4070726273168597,1.3809797736435288,1.0094968428521844,-0.06615705424060919,2.8738560147394256,1.4476454206193399,,,,,,,78.195,
1767458464.406168,288,105;106;200;201;202,13.844;17.496;27.053;29.288;32.327,-0.40192556623737813,1.3736132958789524,0.991609442782355,-0.08228370930864334,2.900077964065348,1.3903640759622031,,,,,,,77.890,
1767458464.510300,289,105;106;200;201;202,14.610;16.854;28.631;29.183;32.078,-0.3997471371013253,1.3643333126497086,0.9787952871823209,-0.09319581833590113,2.915168811924447,1.351694492084333,,,,,,,77.487,
1767458464.606507,290,105;200;201;202,14.718;28.316;29.226;31.485,-0.4087783763061867,1.3917748197412798,1.0269346181134755,-0.04287665592540971,2.8439880948152902,1.5033936376578323,,,,,,,78.621,
1767458464.708464,291,105;200;201;202,14.718;28.316;29.226;31.485,-0.4087783763061867,1.3917748197412798,1.0269346181134755,-0.04287665592540971,2.8439880948152902,1.5033936376578323,,,,,,,78.621,
1767458464.810086,292,105;106;200;201;202,13.435;17.359;27.547;30.332;32.844,-0.4035978599739513,1.3800380341746399,1.006338794512894,-0.0678183805779629,2.874093997791992,1.4359732518195667,,,,,,,78.122,
1767458464.909947,293,105;106;200;201;202,14.065;16.700;28.043;29.297;32.599,-0.39864448494749805,1.3752704586811384,0.989135471193531,-0.08081261907819777,2.898413206273826,1.3821251899417946,,,,,,,77.946,
1767458465.010055,294,105;200;201;202,13.526;28.456;29.898;33.351,-0.4058707313538397,1.395527384246589,1.03765492406136,-0.032032249378109875,2.8343478533088358,1.5294509461178827,,,,,,,78.676,
1767458465.111251,295,105;106;200;201;202,15.427;15.884;29.175;29.231;32.279,-0.40286457990511143,1.3841673737481333,1.0100941324861241,-0.06020696884800417,2.874577392864173,1.4543263938093298,,,,,,,78.289,
1767458465.208759,296,105;106;200;201;202,14.878;17.595;27.454;29.263;31.318,-0.4017671332188223,1.3775054529915676,0.9917157202688475,-0.07805783845463145,2.908790496957391,1.3963260739713028,,,,,,,78.085,
1767458465.310406,297,105;200;201;202,15.236;28.793;29.348;32.530,-0.408313547736617,1.4049342651224193,1.0361788651660144,-0.03020115781354197,2.8463275691621632,1.5292932963667087,,,,,,,79.200,
1767458465.410946,298,105;106;200;201;202,15.530;15.897;26.788;29.456;32.877,-0.4018990782656927,1.3922503382897224,1.01272801434067,-0.05708383989515892,2.878937466938104,1.453914380606817,,,,,,,78.664,
1767458465.507723,299,105;200;201;202,14.524;28.351;29.951;33.477,-0.4109329166094317,1.4090481198258635,1.0536980758038044,-0.009897762113752099,2.8174773895060348,1.582698187793185,,,,,,,79.292,
1767458465.605547,300,105;106;200;201;202,13.067;16.210;28.688;29.475;32.322,-0.40434026764352077,1.3918761410533944,1.0240085232291736,-0.04782796887537122,2.8567098888262357,1.4938972093209182,,,,,,,78.586,
1767458465.703005,301,106;200;201;202,16.654;27.747;29.395;32.397,-0.7252806226643613,1.1466383820442543,1.2662481473630534,-0.16104515155967938,2.287998891593336,1.318100030568404,,,,,,,71.625,
1767458465.804394,302,105;106;200;201;202,15.069;16.936;28.138;29.537;32.115,-0.6331790385931791,1.2164277028977144,1.177930406124505,-0.20385854452846514,2.4336272997105937,1.2885184298668557,,,,,,,73.175,
1767458465.904846,303,105;106;200;201;202,13.956;16.928;29.122;29.711;33.645,-0.5664481723866849,1.2581829357029446,1.1129433667157462,-0.21276894237835975,2.558444057308923,1.2744592592584911,,,,,,,74.178,
1767458466.004859,304,105;106;200;201;202,13.956;16.928;29.122;29.711;33.645,-0.5664481723866849,1.2581829357029446,1.1129433667157462,-0.21276894237835975,2.558444057308923,1.2744592592584911,,,,,,,74.178,
1767458466.104166,305,105;200;201;202,13.804;28.888;29.066;31.362,-0.53277445956569,1.314924906847039,1.1269248769945037,-0.14607851640852434,2.597158653620057,1.4485658729058128,,,,,,,76.086,
1767458466.203433,306,105;200;201;202,13.804;28.888;29.066;31.362,-0.53277445956569,1.314924906847039,1.1269248769945037,-0.14607851640852434,2.597158653620057,1.4485658729058128,,,,,,,76.086,
1767458466.306349,307,105;106;200;201;202,15.234;18.670;27.909;29.652;32.029,-0.4955608910211291,1.3265154191398878,1.0761299828557556,-0.15517321831600545,2.692851003260493,1.3967095740012647,,,,,,,76.389,
1767458466.404252,308,105;106;200;201;202,15.234;18.670;27.909;29.652;32.029,-0.4955608910211291,1.3265154191398878,1.0761299828557556,-0.15517321831600545,2.692851003260493,1.3967095740012647,,,,,,,76.389,
1767458466.503888,309,105;200;201;202,14.163;27.871;30.170;33.112,-0.47844270536247685,1.3654053673663733,1.0998767668753178,-0.0891367403714413,2.689805173769854,1.5368017964299456,,,,,,,77.787,
1767458466.603347,310,105;200;201;202,13.561;28.552;29.066;32.774,-0.46512098958781567,1.3895250434832502,1.118715695119726,-0.034028697170171596,2.687488184209151,1.641847438428214,,,,,,,78.576,
1767458466.706844,311,105;106;200;201;202,14.114;17.628;27.503;30.173;32.720,-0.44509167051581533,1.380950311987609,1.0699335354841093,-0.07332126343218334,2.764463621351011,1.538228344253007,,,,,,,78.267,
1767458466.805009,312,105;106;200;201;202,13.699;17.463;28.563;29.658;32.617,-0.42999874756344736,1.3733083838280438,1.0363071510534438,-0.09202092788283496,2.8159064548535655,1.462852829371208,,,,,,,77.935,
1767458466.903762,313,105;106;200;201;202,13.699;17.463;28.563;29.658;32.617,-0.42999874756344736,1.3733083838280438,1.0363071510534438,-0.09202092788283496,2.8159064548535655,1.462852829371208,,,,,,,77.935,
1767458467.005511,314,105;106;200;201;202,13.654;16.737;28.580;29.403;32.137,-0.41962364321006296,1.3672733042813012,1.011794496803324,-0.10119955931743038,2.851732207681928,1.4077556582817237,,,,,,,77.673,
1767458467.111316,315,105;106;200;201;202,15.215;16.472;28.209;29.402;32.990,-0.4111459944988176,1.3630759203890865,0.99348668144471,-0.10449629676720992,2.8783683702945297,1.3663770575417864,,,,,,,77.478,
1767458467.209247,316,105;200;201;202,14.908;28.041;29.912;32.875,-0.34634138711117923,1.3684725326442089,1.0552328739108128,0.010716466612182318,2.9056451177008285,1.5623120117900013,,,,,,,76.332,
1767458467.307816,317,105;200;201;202,15.225;28.131;29.353;32.674,-0.3697040953237342,1.3978932648304732,1.0829472694858242,0.043699455005150566,2.839977207756894,1.6490834803533534,,,,,,,77.894,
1767458467.408563,318,105;106;200;201;202,14.130;17.422;28.299;30.542;32.436,-0.3773065068490989,1.3805747011743512,1.045959045631805,-0.00687058111310168,2.8731985235678494,1.5494060385284474,,,,,,,77.441,
1767458467.507597,319,105;106;200;201;202,14.076;17.218;28.887;29.147;32.931,-0.41228864684729893,1.3692324459541623,1.0155075215219347,-0.04900333648902068,2.8794028970463468,1.4492841060640325,,,,,,,77.629,
1767458467.603454,320,105;200;201;202,14.795;28.235;28.903;33.159,-0.41559429284220667,1.3949861837503434,1.0563244152283262,-0.006680372713150344,2.825026548611532,1.5714269055487755,,,,,,,78.631,
1767458467.705118,321,105;106;200;201;202,15.313;17.245;28.692;29.008;32.273,-0.40974847239930345,1.3826663918612325,1.0251319136928196,-0.04260954933026145,2.8629301085733485,1.4861459629198392,,,,,,,78.190,
1767458467.803480,322,105;200;201;202,13.891;29.003;29.291;32.358,-0.41575610000429647,1.4060516235241884,1.0599866024917572,0.0011628755917314534,2.811958993079676,1.5986000498386788,,,,,,,79.157,
1767458467.905606,323,105;106;200;201;202,13.969;17.217;28.188;29.697;32.538,-0.4079448132884081,1.390734328496935,1.0271552301802054,-0.03922270531828765,2.852756508536705,1.5060696255274328,,,,,,,78.554,
1767458468.002138,324,105;106;200;201;202,13.969;17.217;28.188;29.697;32.538,-0.4079448132884081,1.390734328496935,1.0271552301802054,-0.03922270531828765,2.852756508536705,1.5060696255274328,,,,,,,78.554,
1767458468.106071,325,105;106;200;201;202,14.385;16.570;28.665;29.871;32.401,-0.4049570701339348,1.3795363094493087,1.0023014435981015,-0.06435828301903933,2.8851660084253856,1.4367876995090907,,,,,,,78.150,
1767458468.203966,326,105;106;200;201;202,14.385;16.570;28.665;29.871;32.401,-0.4049570701339348,1.3795363094493087,1.0023014435981015,-0.06435828301903933,2.8851660084253856,1.4367876995090907,,,,,,,78.150,
1767458468.305291,327,105;106;200;201;202,14.266;17.463;28.670;28.124;33.715,-0.4002492506097717,1.3704909617444596,0.9862620699679441,-0.08056118553235425,2.9082172523269696,1.3846677725652703,,,,,,,77.749,
1767458468.402736,328,105;200;201;202,13.910;28.801;29.215;32.091,-0.41022451135089527,1.3967140782721534,1.0327565481830099,-0.031855553707525894,2.8412848119525833,1.529313176046828,,,,,,,78.843,
1767458468.505067,329,105;106;200;201;202,14.242;17.007;28.491;29.382;32.344,-0.40651482366811176,1.3843064412440422,1.0082281955649703,-0.059577845348989356,2.877584924009903,1.4562139463300445,,,,,,,78.366,
1767458468.605257,330,105;200;201;202,15.607;28.646;29.924;32.367,-0.41488848283187024,1.4029598217307746,1.048923655198656,-0.01236535811051583,2.8197278319923385,1.581831317789349,,,,,,,79.087,
1767458468.705472,331,106;200;201;202,17.461;26.808;30.070;32.440,-0.7306297994126131,1.1512180995964214,1.283549709495868,-0.1339761670287755,2.2820355495371505,1.3848430941898104,,,,,,,71.806,
1767458468.803380,332,106;200;201;202,17.461;26.808;30.070;32.440,-0.7306297994126131,1.1512180995964214,1.283549709495868,-0.1339761670287755,2.2820355495371505,1.3848430941898104,,,,,,,71.806,
1767458468.907524,333,105;106;200;201;202,13.987;17.150;29.119;28.454;32.621,-0.6384422804026432,1.216336936719315,1.1896281918583351,-0.18483861322286002,2.420825360120472,1.3415359219541727,,,,,,,73.193,
1767458469.007210,334,105;106;200;201;202,14.038;17.833;28.826;29.105;32.357,-0.5701736964919523,1.2585530650432954,1.1215838280149193,-0.20052734048245963,2.551118703612743,1.3136109765767772,,,,,,,74.202,
1767458469.111166,335,105;106;200;201;202,15.372;17.173;28.755;29.742;32.180,-0.520178542245131,1.2871457709713376,1.0724601908338172,-0.1949738466877625,2.653586044271402,1.2959048362847032,,,,,,,74.961,
1767458469.209508,336,105;200;201;202,14.324;28.209;30.081;32.375,-0.49843971503044004,1.3359705608975163,1.094084042357693,-0.12559366379040626,2.663016372214419,1.464302348145247,,,,,,,76.749,
1767458469.309153,337,105;200;201;202,15.577;27.928;29.685;32.098,-0.48393827247302984,1.373385758726528,1.1094962861843924,-0.0660673473952077,2.6777900700126867,1.5848011491778307,,,,,,,78.186,
1767458469.409248,338,105;200;201;202,15.511;27.433;29.546;31.968,-0.4021072406034862,1.378648108187721,1.1391672681100236,0.02663810287790717,2.7689778852903837,1.7135197261652102,,,,,,,76.874,
1767458469.508576,339,105;200;201;202,15.511;27.433;29.546;31.968,-0.4021072406034862,1.378648108187721,1.1391672681100236,0.02663810287790717,2.7689778852903837,1.7135197261652102,,,,,,,76.874,
1767458469.604020,340,105;200;201;202,15.511;27.433;29.546;31.968,-0.4021072406034862,1.378648108187721,1.1391672681100236,0.02663810287790717,2.7689778852903837,1.7135197261652102,,,,,,,76.874,
1767458469.705095,341,105;200;201;202,14.474;28.001;29.419;32.143,-0.41054674574260774,1.4046327477149623,1.1433797112915867,0.05849888994112755,2.755498204071631,1.7611191803130224,,,,,,,78.247,
1767458469.804871,342,105;200;201;202,14.474;28.001;29.419;32.143,-0.41054674574260774,1.4046327477149623,1.1433797112915867,0.05849888994112755,2.755498204071631,1.7611191803130224,,,,,,,78.247,
1767458469.904660,343,105;200;201;202,14.474;28.001;29.419;32.143,-0.41054674574260774,1.4046327477149623,1.1433797112915867,0.05849888994112755,2.755498204071631,1.7611191803130224,,,,,,,78.247,
1767458470.006016,344,105;106;200;201;202,13.386;17.588;28.369;29.634;32.690,-0.4058667348192891,1.3910744909792483,1.0857274275983264,-0.004038196908250041,2.8127651432829452,1.6280773129405846,,,,,,,78.032,
1767458470.106073,345,105;106;200;201;202,15.125;17.391;28.282;27.904;33.144,-0.3604141734333967,1.3671385098251108,1.0551377063865142,-0.01725580257566231,2.894957082769751,1.5616870365653532,,,,,,,76.450,
1767458470.206994,346,105;106;200;201;202,14.626;17.451;27.927;29.514;32.577,-0.3703397734329853,1.3625475422351325,1.0215710213199227,-0.04361754961342524,2.9152961489670086,1.4762991013106632,,,,,,,76.629,
1767458470.303464,347,105;200;201;202,13.923;28.243;27.772;32.582,-0.3862217314000922,1.3898313713835964,1.059077049277521,0.0008011051060981709,2.846041237539817,1.591812640204932,,,,,,,77.922,
1767458470.404686,348,105;200;201;202,13.647;28.548;29.157;32.735,-0.40118627021785175,1.4061101145907358,1.0866896840995999,0.035977641998146605,2.789460380521568,1.684540555498783,,,,,,,78.709,
1767458470.506531,349,105;200;201;202,13.647;28.548;29.157;32.735,-0.40118627021785175,1.4061101145907358,1.0866896840995999,0.035977641998146605,2.789460380521568,1.684540555498783,,,,,,,78.709,
1767458470.607442,350,105;106;200;201;202,13.898;16.627;28.220;30.679;31.647,-0.3978826554241791,1.3908313804066228,1.0468197692390577,-0.01522921817929855,2.837780785550131,1.570163480072374,,,,,,,78.244,
1767458470.705406,351,105;106;200;201;202,14.308;16.787;28.520;29.727;31.965,-0.3543505862355704,1.3671252327144483,1.0270875552768066,-0.019804151574027127,2.917908707444556,1.519240889846307,,,,,,,76.601,
1767458470.804596,352,105;106;200;201;202,14.308;16.787;28.520;29.727;31.965,-0.3543505862355704,1.3671252327144483,1.0270875552768066,-0.019804151574027127,2.917908707444556,1.519240889846307,,,,,,,76.601,
1767458470.906825,353,105;106;200;201;202,13.746;17.512;28.757;29.007;32.807,-0.32470431196730903,1.3452597251402076,1.013663693384786,-0.015885466708751527,2.9786382684851995,1.4877779243039786,,,,,,,75.204,
1767458471.006145,354,105;106;200;201;202,12.128;17.134;28.153;29.270;32.333,-0.30062308115046477,1.3297804837557565,1.0039923627453713,-0.008828260218008904,3.0249415767382875,1.4610310218817972,,,,,,,74.187,
1767458471.109903,355,105;200;201;202,13.892;28.726;29.521;32.455,-0.33563791000102033,1.3648887925759956,1.044844909135868,0.02142591733680369,2.9113356506467083,1.5735026291405663,,,,,,,76.099,
1767458471.210492,356,105;200;201;202,13.892;28.726;29.521;32.455,-0.33563791000102033,1.3648887925759956,1.044844909135868,0.02142591733680369,2.9113356506467083,1.5735026291405663,,,,,,,76.099,
1767458471.312656,357,105;106;200;201;202,14.829;16.844;28.442;29.505;32.982,-0.3112857649505675,1.3492322864206487,1.0240915425776471,0.013918204768554604,2.980826596617297,1.5217948777771548,,,,,,,75.163,
1767458471.410559,358,105;106;200;201;202,14.829;16.844;28.442;29.505;32.982,-0.3112857649505675,1.3492322864206487,1.0240915425776471,0.013918204768554604,2.980826596617297,1.5217948777771548,,,,,,,75.163,
1767458471.510439,359,105;200;201;202,14.194;28.073;29.752;32.817,-0.34359690526375797,1.3816005681822607,1.0592963448091075,0.042659816288892656,2.8903782656989114,1.6193505603622746,,,,,,,76.932,
1767458471.607601,360,105;106;200;201;202,15.584;17.490;28.335;29.074;32.671,-0.35752116023886704,1.3747977545612726,1.022974592421643,-0.002631635428562594,2.9199888847708735,1.5158571301595134,,,,,,,77.069,
1767458471.707289,361,105;106;200;201;202,14.778;17.432;27.869;28.792;32.553,-0.3284601709172897,1.3547592757024938,1.007155342604071,-0.004489480054785062,2.980645809832403,1.4797366764591937,,,,,,,75.792,
1767458471.806672,362,105;106;200;201;202,13.418;17.004;28.662;29.898;32.128,-0.347536710442678,1.3522991541404126,0.9864008481971681,-0.032570524536501916,2.9779334841361678,1.4132164428542182,,,,,,,76.073,
1767458471.903555,363,105;106;200;201;202,13.418;17.004;28.662;29.898;32.128,-0.347536710442678,1.3522991541404126,0.9864008481971681,-0.032570524536501916,2.9779334841361678,1.4132164428542182,,,,,,,76.073,
1767458472.006238,364,105;106;200;201;202,13.418;17.004;28.662;29.898;32.128,-0.347536710442678,1.3522991541404126,0.9864008481971681,-0.032570524536501916,2.9779334841361678,1.4132164428542182,,,,,,,76.073,
1767458472.106336,365,105;106;200;201;202,13.418;17.004;28.662;29.898;32.128,-0.347536710442678,1.3522991541404126,0.9864008481971681,-0.032570524536501916,2.9779334841361678,1.4132164428542182,,,,,,,76.073,
1767458472.206218,366,105;106;200;201;202,13.057;17.998;29.177;29.701;32.839,-0.3612724212931574,1.351283078035149,0.9720913886878939,-0.05109109946230663,2.9729326370602838,1.3658924256243998,,,,,,,76.317,
1767458472.305138,367,105;200;201;202,13.811;27.501;29.022;32.544,-0.31222980700549896,1.3562253974985088,1.0374128052077352,0.05638949805237674,2.9728801160356353,1.577397715851878,,,,,,,75.428,
1767458472.404817,368,105;200;201;202,15.204;28.606;30.107;32.657,-0.34344522596644717,1.3854395551766696,1.0664062444787012,0.07725596626050786,2.884150922321058,1.657610782239592,,,,,,,77.065,
1767458472.504630,369,105;200;201;202,15.204;28.606;30.107;32.657,-0.34344522596644717,1.3854395551766696,1.0664062444787012,0.07725596626050786,2.884150922321058,1.657610782239592,,,,,,,77.065,
1767458472.607473,370,105;106;200;201;202,14.727;18.044;28.155;29.533;32.609,-0.3586262134656886,1.3763330953600448,1.0281467503056976,0.02133269347114326,2.9126234290908126,1.5469231272052184,,,,,,,77.120,
1767458472.705266,371,105;200;201;202,14.215;27.380;30.816;32.981,-0.37789749574637943,1.3994874922559242,1.0617041858670775,0.049579317145300825,2.8482745429711054,1.6400595631798336,,,,,,,78.272,
1767458472.806277,372,105;106;200;201;202,13.960;18.113;28.208;28.579;32.414,-0.38634231959204113,1.3862121027809509,1.0230778661758393,-0.004134541797610269,2.8875239383819773,1.534554668134209,,,,,,,78.046,
1767458472.906517,373,105;106;200;201;202,14.352;16.112;28.281;28.978;33.095,-0.34904082779488577,1.3616712892991367,1.009399908021292,-0.007364760639098253,2.954402049351187,1.4977156841512795,,,,,,,76.394,
1767458473.005627,374,105;106;200;201;202,14.352;16.112;28.281;28.978;33.095,-0.34904082779488577,1.3616712892991367,1.009399908021292,-0.007364760639098253,2.954402049351187,1.4977156841512795,,,,,,,76.394,
1767458473.110188,375,105;200;201;202,13.556;28.678;29.217;33.440,-0.36934216355192956,1.3896928649679332,1.046018610452352,0.027336697482064323,2.872808060063025,1.6014237111463114,,,,,,,77.794,
1767458473.209456,376,105;200;201;202,14.282;28.027;29.203;32.355,-0.31683015021985933,1.3847392629758437,1.093357857717295,0.11805973585769045,2.8931162965336235,1.7440678487797414,,,,,,,76.474,
1767458473.310477,377,105;200;201;202,14.282;28.027;29.203;32.355,-0.31683015021985933,1.3847392629758437,1.093357857717295,0.11805973585769045,2.8931162965336235,1.7440678487797414,,,,,,,76.474,
1767458473.408229,378,105;200;201;202,12.830;27.987;29.084;32.424,-0.3481449480459965,1.402762387823227,1.1089484899156408,0.12731908797340608,2.8328441396687856,1.7832060697923522,,,,,,,77.628,
1767458473.508438,379,105;200;201;202,13.954;28.794;29.396;32.617,-0.3710165990238284,1.4177099623588543,1.1208288515643763,0.13315038789178482,2.7990262945103317,1.81345160199443,,,,,,,78.564,
1767458473.606930,380,105;200;201;202,13.954;28.794;29.396;32.617,-0.3710165990238284,1.4177099623588543,1.1208288515643763,0.13315038789178482,2.7990262945103317,1.81345160199443,,,,,,,78.564,
1767458473.706505,381,105;106;200;201;202,13.882;18.408;28.295;28.378;32.098,-0.3376529920935166,1.3864596095010029,1.079206160822944,0.0729026118833416,2.891343262416514,1.702574147774656,,,,,,,76.934,
1767458473.804219,382,105;106;200;201;202,13.882;18.408;28.295;28.378;32.098,-0.3376529920935166,1.3864596095010029,1.079206160822944,0.0729026118833416,2.891343262416514,1.702574147774656,,,,,,,76.934,
1767458473.904402,383,105;106;200;201;202,13.882;18.408;28.295;28.378;32.098,-0.3376529920935166,1.3864596095010029,1.079206160822944,0.0729026118833416,2.891343262416514,1.702574147774656,,,,,,,76.934,
1767458474.006241,384,105;200;201;202,14.144;27.616;29.595;32.637,-0.3651576128539119,1.4053311383636373,1.0988990175005569,0.09206723978266285,2.830471236464934,1.7559699772717545,,,,,,,78.066,
1767458474.105834,385,105;200;201;202,14.141;27.861;30.367;31.174,-0.31364894988998393,1.3950875510865257,1.1330061422208535,0.16431153489269806,2.8651941368150657,1.8570923748239738,,,,,,,76.610,
1767458474.205698,386,105;200;201;202,13.750;28.257;29.572;32.983,-0.34753082097751214,1.4115088727791745,1.1380969474242533,0.16205563766307882,2.818464946780193,1.8675851814785283,,,,,,,77.793,
1767458474.306157,387,105;200;201;202,13.750;28.257;29.572;32.983,-0.34753082097751214,1.4115088727791745,1.1380969474242533,0.16205563766307882,2.818464946780193,1.8675851814785283,,,,,,,77.793,
1767458474.411328,388,105;106;200;201;202,13.279;17.854;27.702;29.465;31.988,-0.36283122212740804,1.393885385635608,1.0813944386559045,0.0705126400095977,2.8586633502454486,1.7070248988140522,,,,,,,77.614,
1767458474.507556,389,105;200;201;202,15.651;28.811;30.753;32.172,-0.38240663133729613,1.413206144453404,1.0990231426829056,0.0915449789669058,2.8078381743050143,1.7579979799497367,,,,,,,78.691,
1767458474.609639,390,105;200;201;202,12.869;28.497;29.177;32.415,-0.39759585764712635,1.4213247337358181,1.113956174854088,0.10432229035672379,2.773228094886054,1.803086011036884,,,,,,,79.169,
1767458474.711901,391,105;200;201;202,12.869;28.497;29.177;32.415,-0.39759585764712635,1.4213247337358181,1.113956174854088,0.10432229035672379,2.773228094886054,1.803086011036884,,,,,,,79.169,
1767458474.809646,392,105;200;201;202,14.064;27.767;30.128;31.892,-0.4102365919248601,1.4303127039175434,1.1245534224418563,0.11452534932889509,2.752568295813728,1.8370268677136803,,,,,,,79.695,
1767458474.906270,393,105;200;201;202,14.757;28.191;29.514;32.304,-0.346463850063791,1.4169885075600852,1.1515689992626403,0.17309789951870747,2.8129692448908488,1.908648497865537,,,,,,,77.929,
1767458475.012769,394,105;106;200;201;202,14.565;17.639;28.628;29.977;32.539,-0.3202471746751842,1.384870474486331,1.0999596619441543,0.10149581997169496,2.899269448876498,1.7787201110377902,,,,,,,76.463,
1767458475.213622,395,105;106;200;201;202,14.565;17.639;28.628;29.977;32.539,-0.3202471746751842,1.384870474486331,1.0999596619441543,0.10149581997169496,2.899269448876498,1.7787201110377902,,,,,,,76.463,
1767458475.372614,396,105;106;200;201;202,12.609;18.459;27.680;30.083;32.359,-0.3014537815660682,1.3613699632008425,1.0625048032657414,0.06235767820650167,2.9711618504260326,1.6764686197114103,,,,,,,75.363,
1767458949.277793,0,105;200;201;202,13.744;26.477;30.130;31.509,-0.406519426041274,1.4376858376083772,1.1782397473945838,0.22152979860005,2.717373674204265,1.9767873680617976,,,,,,,79.483,
1767458949.531213,1,105;200;201;202,13.744;26.477;30.130;31.509,-0.406519426041274,1.4376858376083772,1.1782397473945838,0.22152979860005,2.717373674204265,1.9767873680617976,,,,,,,79.483,
1767458949.697231,2,105;200;201;202,13.744;26.477;30.130;31.509,-0.406519426041274,1.4376858376083772,1.1782397473945838,0.22152979860005,2.717373674204265,1.9767873680617976,,,,,,,79.483,
1767458949.800205,3,105;200;201;202,13.480;26.081;30.612;31.413,-0.4114145717374065,1.4492250991045248,1.1735528444867984,0.19787198010703153,2.7309794059456673,1.9596540699907186,,,,,,,80.166,
1767458949.899052,4,105;200;201;202,12.798;28.062;29.387;31.628,-0.41538568256163544,1.4529025706427594,1.1715358074644078,0.1813092300006568,2.7343071879780974,1.953799094162542,,,,,,,80.423,
1767458950.010074,5,105;200;201;202,12.798;28.062;29.387;31.628,-0.41538568256163544,1.4529025706427594,1.1715358074644078,0.1813092300006568,2.7343071879780974,1.953799094162542,,,,,,,80.423,
1767458950.108772,6,105;106;200;201;202,12.785;17.413;26.194;29.755;30.741,-0.4083550627103057,1.4245586138993065,1.1059535288874411,0.06731682855385086,2.7955293343888883,1.7805136640421,,,,,,,79.557,
1767458950.187096,7,105;106;200;201;202,12.785;17.413;26.194;29.755;30.741,-0.4083550627103057,1.4245586138993065,1.1059535288874411,0.06731682855385086,2.7955293343888883,1.7805136640421,,,,,,,79.557,
1767458950.267936,8,105;106;200;201;202,12.785;17.413;26.194;29.755;30.741,-0.4083550627103057,1.4245586138993065,1.1059535288874411,0.06731682855385086,2.7955293343888883,1.7805136640421,,,,,,,79.557,
1767458950.371176,9,105;106;200;201;202,13.424;16.260;26.113;28.999;31.378,-0.40190505294112105,1.4058510756655551,1.0599527236434072,0.0017788701720797746,2.8448976536128168,1.645093402453924,,,,,,,78.945,
1767458950.470113,10,105;106;200;201;202,14.050;16.619;26.838;30.303;30.888,-0.36005355098484687,1.3781968982867918,1.037066570020182,-0.013172373796643346,2.924660039908135,1.5814712537266085,,,,,,,77.160,
1767458950.569646,11,105;200;201;202,14.394;25.927;30.031;32.169,-0.3787249240455989,1.3991257983474543,1.0743862683044105,0.024008525574851676,2.8545072985628472,1.680593927932213,,,,,,,78.153,
1767458950.668022,12,105;200;201;202,14.394;25.927;30.031;32.169,-0.3787249240455989,1.3991257983474543,1.0743862683044105,0.024008525574851676,2.8545072985628472,1.680593927932213,,,,,,,78.153,
1767458950.764502,13,105;200;201;202,14.394;25.927;30.031;32.169,-0.3787249240455989,1.3991257983474543,1.0743862683044105,0.024008525574851676,2.8545072985628472,1.680593927932213,,,,,,,78.153,
1767458950.863870,14,105;200;201;202,13.041;26.338;29.595;31.404,-0.3226296131171225,1.3954135901328486,1.1169786897612015,0.10981845520225356,2.888435098526805,1.7979180697939214,,,,,,,76.875,
1767458950.962824,15,105;200;201;202,13.041;26.338;29.595;31.404,-0.3226296131171225,1.3954135901328486,1.1169786897612015,0.10981845520225356,2.888435098526805,1.7979180697939214,,,,,,,76.875,
1767458951.071822,16,105;200;201;202,13.041;26.338;29.595;31.404,-0.3226296131171225,1.3954135901328486,1.1169786897612015,0.10981845520225356,2.888435098526805,1.7979180697939214,,,,,,,76.875,
1767458951.170542,17,105;106;200;201;202,13.099;17.294;26.769;29.295;31.508,-0.3422491825803145,1.383584820391101,1.0665003185610786,0.039618598003941324,2.9170267829462357,1.6546418200738175,,,,,,,76.955,
1767458951.268737,18,105;106;200;201;202,13.099;17.294;26.769;29.295;31.508,-0.3422491825803145,1.383584820391101,1.0665003185610786,0.039618598003941324,2.9170267829462357,1.6546418200738175,,,,,,,76.955,
1767458951.369905,19,105;106;200;201;202,13.149;17.641;25.776;30.366;31.592,-0.3147138108996188,1.3608939279363812,1.0418341971245162,0.019696493988257947,2.977213800235444,1.5871764747035997,,,,,,,75.662,
1767458951.469640,20,105;106;200;201;202,13.149;17.641;25.776;30.366;31.592,-0.3147138108996188,1.3608939279363812,1.0418341971245162,0.019696493988257947,2.977213800235444,1.5871764747035997,,,,,,,75.662,
1767458951.568827,21,105;106;200;201;202,12.235;16.372;26.888;29.647;30.546,-0.29199629582778025,1.3442298715043135,1.0239810064952528,0.014606670112191272,3.017593702573805,1.5352183360933818,,,,,,,74.682,
1767458951.665217,22,105;106;200;201;202,14.932;16.654;27.445;29.423;30.426,-0.3201529573678208,1.3493800195080217,0.9994979913530384,-0.014639969228138455,3.0070095275918205,1.4555440807251065,,,,,,,75.471,
1767458951.764476,23,105;106;200;201;202,12.344;16.560;26.536;30.357;31.710,-0.33668305461892833,1.350422076745225,0.9846228278968221,-0.03682126723527508,2.999517953793184,1.4018306273785763,,,,,,,75.848,
1767458951.861601,24,105;106;200;201;202,12.344;16.560;26.536;30.357;31.710,-0.33668305461892833,1.350422076745225,0.9846228278968221,-0.03682126723527508,2.999517953793184,1.4018306273785763,,,,,,,75.848,
1767458951.964372,25,105;106;200;201;202,14.614;16.426;27.327;30.422;32.294,-0.3518322064847233,1.353325729768588,0.972340466562949,-0.05295522057007868,2.992232046343194,1.3631825450092856,,,,,,,76.292,
1767458952.068382,26,105;106;200;201;202,14.614;16.426;27.327;30.422;32.294,-0.3518322064847233,1.353325729768588,0.972340466562949,-0.05295522057007868,2.992232046343194,1.3631825450092856,,,,,,,76.292,
1767458952.168140,27,105;106;200;201;202,14.614;16.426;27.327;30.422;32.294,-0.3518322064847233,1.353325729768588,0.972340466562949,-0.05295522057007868,2.992232046343194,1.3631825450092856,,,,,,,76.292,
1767458952.268273,28,105;106;200;201;202,14.614;16.426;27.327;30.422;32.294,-0.3518322064847233,1.353325729768588,0.972340466562949,-0.05295522057007868,2.992232046343194,1.3631825450092856,,,,,,,76.292,
1767458952.368229,29,105;106;200;201;202,14.614;16.426;27.327;30.422;32.294,-0.3518322064847233,1.353325729768588,0.972340466562949,-0.05295522057007868,2.992232046343194,1.3631825450092856,,,,,,,76.292,
1767458952.467891,30,105;106;200;201;202,14.614;16.426;27.327;30.422;32.294,-0.3518322064847233,1.353325729768588,0.972340466562949,-0.05295522057007868,2.992232046343194,1.3631825450092856,,,,,,,76.292,
1767458952.569170,31,105;106;200;201;202,14.614;16.426;27.327;30.422;32.294,-0.3518322064847233,1.353325729768588,0.972340466562949,-0.05295522057007868,2.992232046343194,1.3631825450092856,,,,,,,76.292,
1767458952.662700,32,105;106;200;201;202,14.614;16.426;27.327;30.422;32.294,-0.3518322064847233,1.353325729768588,0.972340466562949,-0.05295522057007868,2.992232046343194,1.3631825450092856,,,,,,,76.292,
1767458952.763753,33,105;106;200;201;202,14.614;16.426;27.327;30.422;32.294,-0.3518322064847233,1.353325729768588,0.972340466562949,-0.05295522057007868,2.992232046343194,1.3631825450092856,,,,,,,76.292,
1767458952.864651,34,105;106;200;201;202,13.578;16.514;26.910;30.285;31.313,-0.3640155692318218,1.352468102963564,0.9636220800466861,-0.06762875847241663,2.9903563129616377,1.3365441449500934,,,,,,,76.480,
1767458952.961918,35,105;106;200;201;202,13.578;16.514;26.910;30.285;31.313,-0.3640155692318218,1.352468102963564,0.9636220800466861,-0.06762875847241663,2.9903563129616377,1.3365441449500934,,,,,,,76.480,
1767458953.069916,36,105;106;200;201;202,13.578;16.514;26.910;30.285;31.313,-0.3640155692318218,1.352468102963564,0.9636220800466861,-0.06762875847241663,2.9903563129616377,1.3365441449500934,,,,,,,76.480,
1767458953.169151,37,105;200;201;202,13.389;28.181;29.802;32.171,-0.37843270414087155,1.3856651587192685,1.0157533047626885,-0.02587085444623658,2.8981364926561373,1.4928802261722316,,,,,,,77.968,
1767458953.271671,38,105;200;201;202,13.389;28.181;29.802;32.171,-0.37843270414087155,1.3856651587192685,1.0157533047626885,-0.02587085444623658,2.8981364926561373,1.4928802261722316,,,,,,,77.968,
1767458953.368893,39,105;200;201;202,13.389;28.181;29.802;32.171,-0.37843270414087155,1.3856651587192685,1.0157533047626885,-0.02587085444623658,2.8981364926561373,1.4928802261722316,,,,,,,77.968,
1767458953.470051,40,105;200;201;202,13.389;28.181;29.802;32.171,-0.37843270414087155,1.3856651587192685,1.0157533047626885,-0.02587085444623658,2.8981364926561373,1.4928802261722316,,,,,,,77.968,
1767458953.568874,41,105;200;201;202,13.389;28.181;29.802;32.171,-0.37843270414087155,1.3856651587192685,1.0157533047626885,-0.02587085444623658,2.8981364926561373,1.4928802261722316,,,,,,,77.968,
1767458953.664292,42,105;200;201;202,13.389;28.181;29.802;32.171,-0.37843270414087155,1.3856651587192685,1.0157533047626885,-0.02587085444623658,2.8981364926561373,1.4928802261722316,,,,,,,77.968,
1767458953.762561,43,105;200;201;202,13.389;28.181;29.802;32.171,-0.37843270414087155,1.3856651587192685,1.0157533047626885,-0.02587085444623658,2.8981364926561373,1.4928802261722316,,,,,,,77.968,
1767458953.865043,44,105;106;200;201;202,12.658;16.897;26.909;29.975;31.704,-0.38201395029529944,1.3764499922137123,0.9937537667226387,-0.052118160408323407,2.9205554493758425,1.4316134792757078,,,,,,,77.728,
1767458953.962734,45,105;106;200;201;202,12.658;16.897;26.909;29.975;31.704,-0.38201395029529944,1.3764499922137123,0.9937537667226387,-0.052118160408323407,2.9205554493758425,1.4316134792757078,,,,,,,77.728,
1767458954.060653,46,105;106;200;201;202,12.658;16.897;26.909;29.975;31.704,-0.38201395029529944,1.3764499922137123,0.9937537667226387,-0.052118160408323407,2.9205554493758425,1.4316134792757078,,,,,,,77.728,
1767458954.163289,47,105;106;200;201;202,12.658;16.897;26.909;29.975;31.704,-0.38201395029529944,1.3764499922137123,0.9937537667226387,-0.052118160408323407,2.9205554493758425,1.4316134792757078,,,,,,,77.728,
1767458954.262428,48,105;106;200;201;202,12.658;16.897;26.909;29.975;31.704,-0.38201395029529944,1.3764499922137123,0.9937537667226387,-0.052118160408323407,2.9205554493758425,1.4316134792757078,,,,,,,77.728,
1767458954.362291,49,105;106;200;201;202,12.658;16.897;26.909;29.975;31.704,-0.38201395029529944,1.3764499922137123,0.9937537667226387,-0.052118160408323407,2.9205554493758425,1.4316134792757078,,,,,,,77.728,
1767458954.462752,50,105;106;200;201;202,12.658;16.897;26.909;29.975;31.704,-0.38201395029529944,1.3764499922137123,0.9937537667226387,-0.052118160408323407,2.9205554493758425,1.4316134792757078,,,,,,,77.728,
1767458954.562759,51,105;106;200;201;202,12.658;16.897;26.909;29.975;31.704,-0.38201395029529944,1.3764499922137123,0.9937537667226387,-0.052118160408323407,2.9205554493758425,1.4316134792757078,,,,,,,77.728,
1767458954.662991,52,105;200;201;202,12.886;28.660;29.646;31.081,-0.3950228685382637,1.397189916745527,1.0409460003197917,-0.010655582001378207,2.847360056625189,1.5720892078218138,,,,,,,78.575,
1767458954.764597,53,105;106;200;201;202,13.480;17.914;27.776;29.783;31.886,-0.3942746440455915,1.385618843769244,1.0114963869712115,-0.045227488581768276,2.88376633349623,1.4909497190681529,,,,,,,78.226,
1767458954.863060,54,105;106;200;201;202,13.565;17.819;28.177;30.530;29.801,-0.3929678309258301,1.3760304515543036,0.9935978400422156,-0.06556931919643486,2.908259499001008,1.4333109736583314,,,,,,,77.865,
1767458954.963994,55,105;106;200;201;202,13.565;17.819;28.177;30.530;29.801,-0.3929678309258301,1.3760304515543036,0.9935978400422156,-0.06556931919643486,2.908259499001008,1.4333109736583314,,,,,,,77.865,
1767458955.126223,56,105;106;200;201;202,13.565;17.819;28.177;30.530;29.801,-0.3929678309258301,1.3760304515543036,0.9935978400422156,-0.06556931919643486,2.908259499001008,1.4333109736583314,,,,,,,77.865,
1767458955.274881,57,105;200;201;202,14.253;27.135;30.600;31.398,-0.40202529653524477,1.397451127120491,1.0410731919152987,-0.019527743357677114,2.838555324852571,1.5737408718520427,,,,,,,78.688,
1767458955.396688,58,105;200;201;202,14.253;27.135;30.600;31.398,-0.40202529653524477,1.397451127120491,1.0410731919152987,-0.019527743357677114,2.838555324852571,1.5737408718520427,,,,,,,78.688,
1767458955.470205,59,105;200;201;202,14.253;27.135;30.600;31.398,-0.40202529653524477,1.397451127120491,1.0410731919152987,-0.019527743357677114,2.838555324852571,1.5737408718520427,,,,,,,78.688,
1767458955.553398,60,105;106;200;201;202,12.418;17.877;26.840;30.779;30.168,-0.3993414388314551,1.3868441516199095,1.0099645828187032,-0.05374957908947298,2.8816133290773602,1.4880470776047645,,,,,,,78.375,
1767458955.636859,61,105;106;200;201;202,12.243;15.921;27.181;29.613;32.189,-0.3968774177439547,1.3713585656980614,0.992971662200517,-0.07420718474558388,2.8979007689667537,1.4351774647582631,,,,,,,77.689,
1767458955.711582,62,105;106;200;201;202,13.068;17.515;26.202;29.826;31.113,-0.39464395726126944,1.3647299767456698,0.9777102728202333,-0.08669032957839753,2.9162152780137647,1.389687221627914,,,,,,,77.440,
1767458955.779637,63,105;106;200;201;202,13.068;17.515;26.202;29.826;31.113,-0.39464395726126944,1.3647299767456698,0.9777102728202333,-0.08669032957839753,2.9162152780137647,1.389687221627914,,,,,,,77.440,
1767458955.865004,64,105;106;200;201;202,14.406;18.665;27.248;30.389;31.508,-0.3915427207577919,1.360962136832259,0.9665184425176198,-0.09449593555699812,2.9313579709304523,1.353459284014539,,,,,,,77.289,
1767458955.963873,65,105;106;200;201;202,14.406;18.665;27.248;30.389;31.508,-0.3915427207577919,1.360962136832259,0.9665184425176198,-0.09449593555699812,2.9313579709304523,1.353459284014539,,,,,,,77.289,
1767458956.063390,66,105;200;201;202,15.187;27.666;29.701;31.828,-0.4029768252149746,1.3874012635458333,1.0205375372080379,-0.044927430559369104,2.8512990763060033,1.5178385794685871,,,,,,,78.368,
1767458956.164358,67,105;200;201;202,15.187;27.666;29.701;31.828,-0.4029768252149746,1.3874012635458333,1.0205375372080379,-0.044927430559369104,2.8512990763060033,1.5178385794685871,,,,,,,78.368,
1767458956.262097,68,105;200;201;202,15.187;27.666;29.701;31.828,-0.4029768252149746,1.3874012635458333,1.0205375372080379,-0.044927430559369104,2.8512990763060033,1.5178385794685871,,,,,,,78.368,
1767458956.363869,69,105;200;201;202,15.187;27.666;29.701;31.828,-0.4029768252149746,1.3874012635458333,1.0205375372080379,-0.044927430559369104,2.8512990763060033,1.5178385794685871,,,,,,,78.368,
1767458956.462800,70,105;200;201;202,15.187;27.666;29.701;31.828,-0.4029768252149746,1.3874012635458333,1.0205375372080379,-0.044927430559369104,2.8512990763060033,1.5178385794685871,,,,,,,78.368,
1767458956.564838,71,105;106;200;201;202,13.614;16.647;27.243;29.768;31.349,-0.40050410891817606,1.3748820579069134,0.99902548997042,-0.06885710333396566,2.8806448783963736,1.4547863230088673,,,,,,,77.873,
1767458956.663404,72,105;106;200;201;202,13.614;16.647;27.243;29.768;31.349,-0.40050410891817606,1.3748820579069134,0.99902548997042,-0.06885710333396566,2.8806448783963736,1.4547863230088673,,,,,,,77.873,
1767458956.762838,73,105;106;200;201;202,13.614;16.647;27.243;29.768;31.349,-0.40050410891817606,1.3748820579069134,0.99902548997042,-0.06885710333396566,2.8806448783963736,1.4547863230088673,,,,,,,77.873,
1767458956.865164,74,105;106;200;201;202,13.402;16.261;27.147;29.825;30.356,-0.3562316321136841,1.3552349302690856,0.9930921195462041,-0.05487064984995803,2.9477127467682056,1.4357992536398645,,,,,,,76.288,
1767458956.966046,75,105;106;200;201;202,13.123;17.192;26.936;29.701;31.272,-0.36739258339867553,1.3556515863695926,0.9774530136080785,-0.06889993741330645,2.9582858358753508,1.387944158381243,,,,,,,76.585,
1767458957.072240,76,105;200;201;202,12.343;28.140;30.407;31.708,-0.3812746830758409,1.3883337324802778,1.0246938306418147,-0.0249963147818538,2.879181436706466,1.5280574158855742,,,,,,,78.069,
1767458957.164693,77,105;106;200;201;202,13.953;18.731;27.220;30.148;30.723,-0.3438580643668565,1.3699148704438318,1.008532244450202,-0.025068777781469147,2.951750672719198,1.4871363987516348,,,,,,,76.757,
1767458957.264484,78,105;106;200;201;202,12.892;17.771;28.243;30.132;31.224,-0.35734561263912745,1.3672369023404691,0.9880540553824408,-0.047513620968282405,2.959002210452336,1.4248393496365277,,,,,,,76.960,
1767458957.364090,79,105;106;200;201;202,14.685;17.214;27.667;30.280;31.005,-0.32711365767302886,1.3502892937088742,0.9846362405187348,-0.032547232057377584,3.009214586370664,1.4190175307646191,,,,,,,75.719,
1767458957.464966,80,105;106;200;201;202,12.582;18.313;26.407;29.813;30.913,-0.3462816246180206,1.3518180393482235,0.9701753999134676,-0.05179402035103226,3.0002100668387657,1.371454817710051,,,,,,,76.156,
1767458957.562580,81,105;106;200;201;202,12.582;18.313;26.407;29.813;30.913,-0.3462816246180206,1.3518180393482235,0.9701753999134676,-0.05179402035103226,3.0002100668387657,1.371454817710051,,,,,,,76.156,
1767458957.662783,82,105;200;201;202,13.454;27.423;30.512;31.188,-0.368033406594657,1.3808094618315636,1.0232107020453252,-0.013341634310153736,2.9007246130465285,1.5256457519817117,,,,,,,77.516,
1767458957.763541,83,105;200;201;202,13.454;27.423;30.512;31.188,-0.368033406594657,1.3808094618315636,1.0232107020453252,-0.013341634310153736,2.9007246130465285,1.5256457519817117,,,,,,,77.516,
1767458957.861498,84,105;200;201;202,12.873;25.236;29.427;32.515,-0.38413684712896595,1.4026222309356637,1.0634812933832092,0.021744671988294793,2.834379694641199,1.6395330907352323,,,,,,,78.500,
1767458957.963726,85,105;200;201;202,12.873;25.236;29.427;32.515,-0.38413684712896595,1.4026222309356637,1.0634812933832092,0.021744671988294793,2.834379694641199,1.6395330907352323,,,,,,,78.500,
1767458958.068598,86,105;106;200;201;202,12.445;18.011;26.923;30.382;31.668,-0.3859475730851264,1.3889301609533042,1.0284305550114474,-0.02464103115158398,2.877577239104789,1.5403719617636442,,,,,,,78.134,
1767458978.289778,0,105;106;202,14.090;17.577;20.703,-0.42233051113337605,1.5111209855957028,0.877554952171772,-0.150393785928275,3.2111228319033116,0.8784438522679302,,,,,,,86.166,
1767458978.399688,1,105;106;202,14.090;17.577;20.703,-0.42233051113337605,1.5111209855957028,0.877554952171772,-0.150393785928275,3.2111228319033116,0.8784438522679302,,,,,,,86.166,
1767458978.520395,2,105;106;202,14.090;17.577;20.703,-0.42233051113337605,1.5111209855957028,0.877554952171772,-0.150393785928275,3.2111228319033116,0.8784438522679302,,,,,,,86.166,
1767458978.614591,3,105;106;202,14.090;17.577;20.703,-0.42233051113337605,1.5111209855957028,0.877554952171772,-0.150393785928275,3.2111228319033116,0.8784438522679302,,,,,,,86.166,
1767458978.703550,4,105;106;202,14.090;17.577;20.703,-0.42233051113337605,1.5111209855957028,0.877554952171772,-0.150393785928275,3.2111228319033116,0.8784438522679302,,,,,,,86.166,
1767458978.774549,5,105;106;202,14.090;17.577;20.703,-0.42233051113337605,1.5111209855957028,0.877554952171772,-0.150393785928275,3.2111228319033116,0.8784438522679302,,,,,,,86.166,
1767458978.865540,6,105;106;202,14.090;17.577;20.703,-0.42233051113337605,1.5111209855957028,0.877554952171772,-0.150393785928275,3.2111228319033116,0.8784438522679302,,,,,,,86.166,
1767458978.973400,7,105;106;202,14.090;17.577;20.703,-0.42233051113337605,1.5111209855957028,0.877554952171772,-0.150393785928275,3.2111228319033116,0.8784438522679302,,,,,,,86.166,
1767458979.091559,8,105;106;202,14.090;17.577;20.703,-0.42233051113337605,1.5111209855957028,0.877554952171772,-0.150393785928275,3.2111228319033116,0.8784438522679302,,,,,,,86.166,
1767458979.174475,9,105;106;202,14.090;17.577;20.703,-0.42233051113337605,1.5111209855957028,0.877554952171772,-0.150393785928275,3.2111228319033116,0.8784438522679302,,,,,,,86.166,
1767458979.298281,10,105;106;202,14.090;17.577;20.703,-0.42233051113337605,1.5111209855957028,0.877554952171772,-0.150393785928275,3.2111228319033116,0.8784438522679302,,,,,,,86.166,
1767458979.459579,11,105;106;202,14.090;17.577;20.703,-0.42233051113337605,1.5111209855957028,0.877554952171772,-0.150393785928275,3.2111228319033116,0.8784438522679302,,,,,,,86.166,
1767458979.574312,12,105;106;202,14.090;17.577;20.703,-0.42233051113337605,1.5111209855957028,0.877554952171772,-0.150393785928275,3.2111228319033116,0.8784438522679302,,,,,,,86.166,
1767458979.665187,13,105;106;202,14.090;17.577;20.703,-0.42233051113337605,1.5111209855957028,0.877554952171772,-0.150393785928275,3.2111228319033116,0.8784438522679302,,,,,,,86.166,
1767458979.751788,14,105;106;202,14.090;17.577;20.703,-0.42233051113337605,1.5111209855957028,0.877554952171772,-0.150393785928275,3.2111228319033116,0.8784438522679302,,,,,,,86.166,
1767458979.833333,15,105;106;202,14.090;17.577;20.703,-0.42233051113337605,1.5111209855957028,0.877554952171772,-0.150393785928275,3.2111228319033116,0.8784438522679302,,,,,,,86.166,
1767458979.910595,16,105;106;202,14.090;17.577;20.703,-0.42233051113337605,1.5111209855957028,0.877554952171772,-0.150393785928275,3.2111228319033116,0.8784438522679302,,,,,,,86.166,
1767458979.978733,17,105;106;202,14.090;17.577;20.703,-0.42233051113337605,1.5111209855957028,0.877554952171772,-0.150393785928275,3.2111228319033116,0.8784438522679302,,,,,,,86.166,
1767458980.068360,18,105;106;202,14.090;17.577;20.703,-0.42233051113337605,1.5111209855957028,0.877554952171772,-0.150393785928275,3.2111228319033116,0.8784438522679302,,,,,,,86.166,
1767458980.165067,19,105;106;202,14.090;17.577;20.703,-0.42233051113337605,1.5111209855957028,0.877554952171772,-0.150393785928275,3.2111228319033116,0.8784438522679302,,,,,,,86.166,
1767458980.264126,20,105;106;202,14.090;17.577;20.703,-0.42233051113337605,1.5111209855957028,0.877554952171772,-0.150393785928275,3.2111228319033116,0.8784438522679302,,,,,,,86.166,
1767458980.364545,21,105;106;202,14.090;17.577;20.703,-0.42233051113337605,1.5111209855957028,0.877554952171772,-0.150393785928275,3.2111228319033116,0.8784438522679302,,,,,,,86.166,
1767458980.459835,22,105;106;202,14.090;17.577;20.703,-0.42233051113337605,1.5111209855957028,0.877554952171772,-0.150393785928275,3.2111228319033116,0.8784438522679302,,,,,,,86.166,
1767458980.563406,23,104;105;201,9.403;10.486;14.611,-0.6063822925305824,1.4730054322885928,1.0919212570221966,0.06581667389660369,2.8846448664933986,1.0318111924167057,,,,,,,85.428,
1767458980.658696,24,104;105;201,9.403;10.486;14.611,-0.6063822925305824,1.4730054322885928,1.0919212570221966,0.06581667389660369,2.8846448664933986,1.0318111924167057,,,,,,,85.428,
1767458980.759996,25,104;105;201,9.403;10.486;14.611,-0.6063822925305824,1.4730054322885928,1.0919212570221966,0.06581667389660369,2.8846448664933986,1.0318111924167057,,,,,,,85.428,
1767458980.862940,26,104;105;201,9.403;10.486;14.611,-0.6063822925305824,1.4730054322885928,1.0919212570221966,0.06581667389660369,2.8846448664933986,1.0318111924167057,,,,,,,85.428,
1767458980.960783,27,104;105;201,9.403;10.486;14.611,-0.6063822925305824,1.4730054322885928,1.0919212570221966,0.06581667389660369,2.8846448664933986,1.0318111924167057,,,,,,,85.428,
1767458981.067271,28,104;105;201,9.403;10.486;14.611,-0.6063822925305824,1.4730054322885928,1.0919212570221966,0.06581667389660369,2.8846448664933986,1.0318111924167057,,,,,,,85.428,
1767458981.165325,29,104;105;201,9.403;10.486;14.611,-0.6063822925305824,1.4730054322885928,1.0919212570221966,0.06581667389660369,2.8846448664933986,1.0318111924167057,,,,,,,85.428,
1767458981.268575,30,104;105;201,9.403;10.486;14.611,-0.6063822925305824,1.4730054322885928,1.0919212570221966,0.06581667389660369,2.8846448664933986,1.0318111924167057,,,,,,,85.428,
1767458981.365153,31,104;105;201,9.403;10.486;14.611,-0.6063822925305824,1.4730054322885928,1.0919212570221966,0.06581667389660369,2.8846448664933986,1.0318111924167057,,,,,,,85.428,
1767458981.465227,32,104;105;201,9.403;10.486;14.611,-0.6063822925305824,1.4730054322885928,1.0919212570221966,0.06581667389660369,2.8846448664933986,1.0318111924167057,,,,,,,85.428,
1767458981.566290,33,104;105;201,9.403;10.486;14.611,-0.6063822925305824,1.4730054322885928,1.0919212570221966,0.06581667389660369,2.8846448664933986,1.0318111924167057,,,,,,,85.428,
1767458981.667394,34,104;105;106;200;201;202,9.384;13.354;10.496;17.977;13.983;19.068,-0.7139630970775688,1.1953503992788117,1.1456055934341849,0.30081225270667356,2.5671700654311183,1.2570412209115955,,,,,,,74.548,
1767458981.764417,35,104;105;106;200;201;202,9.384;13.354;10.496;17.977;13.983;19.068,-0.7139630970775688,1.1953503992788117,1.1456055934341849,0.30081225270667356,2.5671700654311183,1.2570412209115955,,,,,,,74.548,
1767458981.867402,36,104;105;106;200;201;202,9.384;13.354;10.496;17.977;13.983;19.068,-0.7139630970775688,1.1953503992788117,1.1456055934341849,0.30081225270667356,2.5671700654311183,1.2570412209115955,,,,,,,74.548,
1767458981.966435,37,104;105;106;200;201,10.094;13.485;12.876;17.741;14.587,-0.7069016400280671,1.1486203801140824,1.031219048821686,0.4268038611513213,2.5194251253964013,1.462347288676233,,,,,,,73.202,
1767458982.077640,38,104;105;106;200;201,10.094;13.485;12.876;17.741;14.587,-0.7069016400280671,1.1486203801140824,1.031219048821686,0.4268038611513213,2.5194251253964013,1.462347288676233,,,,,,,73.202,
1767458982.173479,39,104;105;106;200;201,10.094;13.485;12.876;17.741;14.587,-0.7069016400280671,1.1486203801140824,1.031219048821686,0.4268038611513213,2.5194251253964013,1.462347288676233,,,,,,,73.202,
1767458982.270077,40,104;105;200;201,9.419;13.215;17.825;14.473,-0.7256083859489914,1.1412116200406217,0.9511939509569234,0.5558174217743708,2.397914673547196,1.6920344513441639,,,,,,,73.991,
1767458982.372244,41,104;105;200;201,9.419;13.215;17.825;14.473,-0.7256083859489914,1.1412116200406217,0.9511939509569234,0.5558174217743708,2.397914673547196,1.6920344513441639,,,,,,,73.991,
1767458982.473572,42,104;105;200;201,9.419;13.215;17.825;14.473,-0.7256083859489914,1.1412116200406217,0.9511939509569234,0.5558174217743708,2.397914673547196,1.6920344513441639,,,,,,,73.991,
1767458982.570355,43,104;105;200;201,9.419;13.215;17.825;14.473,-0.7256083859489914,1.1412116200406217,0.9511939509569234,0.5558174217743708,2.397914673547196,1.6920344513441639,,,,,,,73.991,
1767458982.669445,44,104;105;200;201,9.419;13.215;17.825;14.473,-0.7256083859489914,1.1412116200406217,0.9511939509569234,0.5558174217743708,2.397914673547196,1.6920344513441639,,,,,,,73.991,
1767458982.763854,45,104;105;200;201,9.419;13.215;17.825;14.473,-0.7256083859489914,1.1412116200406217,0.9511939509569234,0.5558174217743708,2.397914673547196,1.6920344513441639,,,,,,,73.991,
1767458982.868869,46,104;105;200;201,9.419;13.215;17.825;14.473,-0.7256083859489914,1.1412116200406217,0.9511939509569234,0.5558174217743708,2.397914673547196,1.6920344513441639,,,,,,,73.991,
1767458982.966941,47,104;105;200;201,9.419;13.215;17.825;14.473,-0.7256083859489914,1.1412116200406217,0.9511939509569234,0.5558174217743708,2.397914673547196,1.6920344513441639,,,,,,,73.991,
1767458983.071593,48,104;105;200;201,9.419;13.215;17.825;14.473,-0.7256083859489914,1.1412116200406217,0.9511939509569234,0.5558174217743708,2.397914673547196,1.6920344513441639,,,,,,,73.991,
1767458983.171500,49,104;105;200;201,9.419;13.215;17.825;14.473,-0.7256083859489914,1.1412116200406217,0.9511939509569234,0.5558174217743708,2.397914673547196,1.6920344513441639,,,,,,,73.991,
1767458983.272951,50,104;105;200;201;202,10.054;13.077;17.551;14.930;19.709,-0.7175110354670037,0.9204857307180139,1.0413762912978863,0.5752876890621317,2.0757637914569163,1.9268871058857924,,,,,,,63.452,
1767458983.367195,51,104;105;200;201;202,11.457;13.730;17.584;14.628;18.910,-0.7119287347958402,0.8655989199146064,1.0363574719788793,0.5999452683860297,2.0073586682809332,2.1947503984157968,,,,,,,61.000,
1767458983.466770,52,104;105;200;201;202,10.648;14.098;17.903;15.362;19.882,-0.7054652352581997,0.8260598186215139,1.03135478230098,0.6094193893157328,1.9487571965092207,2.389965762650022,,,,,,,59.178,
1767458983.564520,53,104;200;201;202,10.363;18.550;15.953;19.574,-0.7275426118275681,0.7176426967925145,1.0391940441694465,0.6014235658183592,1.708050685733612,2.6796672157080925,,,,,,,55.669,
1767458983.666036,54,104;105;200;201;202,9.547;13.744;17.529;14.424;18.379,-0.7220198089108067,0.7138712477453929,1.0330275844530588,0.5924620558227582,1.716854481826373,2.7539494598782945,,,,,,,55.348,
1767458983.766915,55,104;105;200;201;202,9.547;13.744;17.529;14.424;18.379,-0.7220198089108067,0.7138712477453929,1.0330275844530588,0.5924620558227582,1.716854481826373,2.7539494598782945,,,,,,,55.348,
1767458983.865532,56,104;200;201;202,9.604;18.733;15.376;19.623,-0.7376904085740048,0.6364866488993751,1.0379385364049947,0.5694631495566688,1.5332740018386821,2.9484924544968654,,,,,,,53.110,
1767458983.964363,57,104;200;201;202,9.604;18.733;15.376;19.623,-0.7376904085740048,0.6364866488993751,1.0379385364049947,0.5694631495566688,1.5332740018386821,2.9484924544968654,,,,,,,53.110,
1767458984.065907,58,104;105;200;201;202,11.223;13.068;18.514;14.575;19.233,-0.720711963304931,0.5550449126819881,1.0930379657831688,0.6035717605564945,1.4438584842815727,2.839491539211232,,,,,,,49.350,
1767458984.164956,59,105;200;201;202,13.351;17.786;14.425;19.224,-0.795581619848631,0.3996134090619304,1.1316180805179754,0.5585289694393736,1.259761448549908,2.872556916834701,,,,,,,48.119,
1767458984.265510,60,104;105;200;201;202,8.936;12.385;18.653;14.763;19.012,-0.7747121301435256,0.4848740942275712,1.101150630440388,0.5402601771258051,1.3726468069234872,2.8998002251449435,,,,,,,49.538,
1767458984.366227,61,104;105;200;201;202,10.676;11.818;18.129;14.219;19.474,-0.7466428969788028,0.44679693012069127,1.1383432554048027,0.6037991271131107,1.3571916438451703,2.819719132868956,,,,,,,47.005,
1767458984.467034,62,104;105;200;201;202,10.856;12.959;18.008;15.223;19.420,-0.7324427931726993,0.5242936201030622,1.110502921872254,0.5913896825943451,1.4562841469416716,2.8520905523466897,,,,,,,48.784,
1767458984.564957,63,104;105;200;201;202,10.856;12.959;18.008;15.223;19.420,-0.7324427931726993,0.5242936201030622,1.110502921872254,0.5913896825943451,1.4562841469416716,2.8520905523466897,,,,,,,48.784,
1767458984.667640,64,104;105;200;201;202,10.856;12.959;18.008;15.223;19.420,-0.7324427931726993,0.5242936201030622,1.110502921872254,0.5913896825943451,1.4562841469416716,2.8520905523466897,,,,,,,48.784,
1767458984.765382,65,104;105;200;201;202,9.053;12.429;17.595;14.228;19.981,-0.7149882031960163,0.47258227578115763,1.1470464087630563,0.6328447835409309,1.4136222739664879,2.781573090296276,,,,,,,46.263,
1767458984.863374,66,104;200;202,9.129;18.199;18.726,-0.7016548462922209,0.48789814960179245,1.0920345114022834,0.6503244175434979,1.3078997464537583,2.9745526783634095,,,,,,,46.393,
1767458984.964567,67,104;105;200;202,11.573;13.345;18.057;20.095,-0.673364928474571,0.5825405298491058,1.0497434800904164,0.6615881227555692,1.4422358164705817,2.931681412634726,,,,,,,48.518,
1767458985.078581,68,104;105;200;202,10.640;12.532;17.524;19.910,-0.6491571101262927,0.6478087775843473,1.0193812260148736,0.6805082452545218,1.5449074827901002,2.9000479340335916,,,,,,,50.106,
1767458985.180345,69,104;105;106;200;201;202,10.202;12.752;11.276;18.084;14.593;19.590,-0.6429305181374622,0.6633363357358079,1.0096681772389406,0.6296881449292908,1.6743545146598557,2.8033316176193153,,,,,,,50.514,
1767458985.272032,70,105;200;201;202,14.313;17.362;14.611;19.048,-0.6658350545015259,0.5462349426018255,0.9946519106175591,0.4897522231677377,1.4701096720434847,2.8797766953781103,,,,,,,47.184,
1767458985.365657,71,105;200;201;202,14.313;17.362;14.611;19.048,-0.6658350545015259,0.5462349426018255,0.9946519106175591,0.4897522231677377,1.4701096720434847,2.8797766953781103,,,,,,,47.184,
1767458985.465559,72,105;200;201;202,14.313;17.362;14.611;19.048,-0.6658350545015259,0.5462349426018255,0.9946519106175591,0.4897522231677377,1.4701096720434847,2.8797766953781103,,,,,,,47.184,
1767458985.566865,73,104;105;200;201;202,9.150;12.728;18.361;14.886;19.699,-0.6724355409970321,0.5948544057083728,1.0012648393846213,0.5213436851448053,1.5443739295121834,2.889496896570359,,,,,,,49.142,
1767458985.666534,74,104;105;200;201;202,10.423;13.592;18.246;14.714;19.372,-0.6810840224725241,0.6260494188025841,1.0019460902405484,0.5384413778327453,1.5928330282167227,2.901193925945362,,,,,,,50.622,
1767458985.767507,75,104;105;200;201;202,9.579;13.255;17.760;14.183;19.163,-0.6240197228951481,0.658474053588712,1.0674243870846825,0.6147016449500208,1.5335916193570716,2.768432307224786,,,,,,,49.342,
1767458985.866980,76,104;105;200;201;202,9.579;13.255;17.760;14.183;19.163,-0.6240197228951481,0.658474053588712,1.0674243870846825,0.6147016449500208,1.5335916193570716,2.768432307224786,,,,,,,49.342,
1767458985.966275,77,104;105;200;201;202,11.265;13.018;17.669;15.525;19.430,-0.637674303352942,0.6823330652677038,1.0539354832030419,0.6255689202242672,1.6026063864185836,2.806600495965431,,,,,,,50.849,
1767458986.064372,78,104;105;201;202,10.050;12.430;14.510;19.945,-0.6228468122756419,0.7648950327341062,1.1491456117983385,0.6829507503264737,1.9308633517210367,2.7402499860182763,,,,,,,53.155,
1767458986.163811,79,104;105;200;201;202,10.487;13.262;17.174;14.608;19.424,-0.6411116939275842,0.7490498138639275,1.1170254008095042,0.6766508267916852,1.8846761006746668,2.799786405721159,,,,,,,53.311,
1767458986.261187,80,105;200;201;202,14.199;17.456;14.572;19.362,-0.6669772534343307,0.6066559810375213,1.0720962736764161,0.5284456467528709,1.6216438881874586,2.885542771804473,,,,,,,49.018,
1767458986.366057,81,104;105;106;200;201;202,10.132;13.620;11.671;17.676;14.531;19.699,-0.6580827560191956,0.6372627474365651,1.0460218288664607,0.5129927581711525,1.7424309900718449,2.790605243988209,,,,,,,49.924,
1767458986.462249,82,104;105;106;200;201;202,10.132;13.620;11.671;17.676;14.531;19.699,-0.6580827560191956,0.6372627474365651,1.0460218288664607,0.5129927581711525,1.7424309900718449,2.790605243988209,,,,,,,49.924,
1767458986.564238,83,104;105;106;200;202,10.435;13.098;10.346;17.804;19.075,-0.6244641192303766,0.6766832519134761,1.006303804928286,0.5276395616362035,1.8402956314276113,2.681473180966995,,,,,,,50.368,
1767458986.663444,84,104;105;200;201;202,9.416;13.583;17.328;14.795;19.325,-0.636627040735667,0.5888472007496158,1.07897034042345,0.5742249152126118,1.6759336001385734,2.6331917089365855,,,,,,,47.131,
1767458986.760843,85,104;105;200;201;202,9.416;13.583;17.328;14.795;19.325,-0.636627040735667,0.5888472007496158,1.07897034042345,0.5742249152126118,1.6759336001385734,2.6331917089365855,,,,,,,47.131,
1767458986.860447,86,104;105;201;202,9.718;14.002;14.442;19.893,-0.6133863259246654,0.5508161556839344,1.2524015766512506,0.7018776891331191,1.7743760962538564,2.5144939894456386,,,,,,,44.007,
1767458986.957731,87,104;105;201;202,9.718;14.002;14.442;19.893,-0.6133863259246654,0.5508161556839344,1.2524015766512506,0.7018776891331191,1.7743760962538564,2.5144939894456386,,,,,,,44.007,
1767458987.354275,88,104;105;201;202,9.718;14.002;14.442;19.893,-0.6133863259246654,0.5508161556839344,1.2524015766512506,0.7018776891331191,1.7743760962538564,2.5144939894456386,,,,,,,44.007,
1767458987.453997,89,104;105;201;202,9.718;14.002;14.442;19.893,-0.6133863259246654,0.5508161556839344,1.2524015766512506,0.7018776891331191,1.7743760962538564,2.5144939894456386,,,,,,,44.007,
1767458987.552881,90,104;105;201;202,9.718;14.002;14.442;19.893,-0.6133863259246654,0.5508161556839344,1.2524015766512506,0.7018776891331191,1.7743760962538564,2.5144939894456386,,,,,,,44.007,
1767458987.652238,91,104;105;201;202,9.718;14.002;14.442;19.893,-0.6133863259246654,0.5508161556839344,1.2524015766512506,0.7018776891331191,1.7743760962538564,2.5144939894456386,,,,,,,44.007,
1767458987.849641,92,104;105;201;202,9.718;14.002;14.442;19.893,-0.6133863259246654,0.5508161556839344,1.2524015766512506,0.7018776891331191,1.7743760962538564,2.5144939894456386,,,,,,,44.007,
1767458988.048843,93,104;105;201;202,9.718;14.002;14.442;19.893,-0.6133863259246654,0.5508161556839344,1.2524015766512506,0.7018776891331191,1.7743760962538564,2.5144939894456386,,,,,,,44.007,
1767458988.248195,94,104;105;201;202,9.718;14.002;14.442;19.893,-0.6133863259246654,0.5508161556839344,1.2524015766512506,0.7018776891331191,1.7743760962538564,2.5144939894456386,,,,,,,44.007,
1767458988.348087,95,104;105;201;202,9.718;14.002;14.442;19.893,-0.6133863259246654,0.5508161556839344,1.2524015766512506,0.7018776891331191,1.7743760962538564,2.5144939894456386,,,,,,,44.007,
1767458988.448160,96,104;105;201;202,9.718;14.002;14.442;19.893,-0.6133863259246654,0.5508161556839344,1.2524015766512506,0.7018776891331191,1.7743760962538564,2.5144939894456386,,,,,,,44.007,
1767458988.550556,97,104;105;201;202,9.718;14.002;14.442;19.893,-0.6133863259246654,0.5508161556839344,1.2524015766512506,0.7018776891331191,1.7743760962538564,2.5144939894456386,,,,,,,44.007,
1767458988.650507,98,104;105;201;202,9.718;14.002;14.442;19.893,-0.6133863259246654,0.5508161556839344,1.2524015766512506,0.7018776891331191,1.7743760962538564,2.5144939894456386,,,,,,,44.007,
1767458988.748959,99,104;105;201;202,9.718;14.002;14.442;19.893,-0.6133863259246654,0.5508161556839344,1.2524015766512506,0.7018776891331191,1.7743760962538564,2.5144939894456386,,,,,,,44.007,
1767458988.851455,100,104;105;201;202,9.718;14.002;14.442;19.893,-0.6133863259246654,0.5508161556839344,1.2524015766512506,0.7018776891331191,1.7743760962538564,2.5144939894456386,,,,,,,44.007,
1767458988.955477,101,104;105;201;202,9.718;14.002;14.442;19.893,-0.6133863259246654,0.5508161556839344,1.2524015766512506,0.7018776891331191,1.7743760962538564,2.5144939894456386,,,,,,,44.007,
1767458989.061289,102,104;105;201;202,9.718;14.002;14.442;19.893,-0.6133863259246654,0.5508161556839344,1.2524015766512506,0.7018776891331191,1.7743760962538564,2.5144939894456386,,,,,,,44.007,
1767458989.258293,103,104;105;201;202,9.718;14.002;14.442;19.893,-0.6133863259246654,0.5508161556839344,1.2524015766512506,0.7018776891331191,1.7743760962538564,2.5144939894456386,,,,,,,44.007,
1767458989.657177,104,104;105;201;202,9.718;14.002;14.442;19.893,-0.6133863259246654,0.5508161556839344,1.2524015766512506,0.7018776891331191,1.7743760962538564,2.5144939894456386,,,,,,,44.007,
1767458989.759277,105,104;105;201;202,9.718;14.002;14.442;19.893,-0.6133863259246654,0.5508161556839344,1.2524015766512506,0.7018776891331191,1.7743760962538564,2.5144939894456386,,,,,,,44.007,
1767458989.861362,106,104;105;200;201,10.242;14.319;17.295;15.007,-0.3561658538611371,0.6996190715992171,1.1883798958817866,0.6270682735830897,1.920434524185311,2.3909005674160815,,,,,,,42.223,
1767458989.964259,107,104;105;200;201,10.242;14.319;17.295;15.007,-0.3561658538611371,0.6996190715992171,1.1883798958817866,0.6270682735830897,1.920434524185311,2.3909005674160815,,,,,,,42.223,
1767458990.061468,108,104;105;200;201,10.242;14.319;17.295;15.007,-0.3561658538611371,0.6996190715992171,1.1883798958817866,0.6270682735830897,1.920434524185311,2.3909005674160815,,,,,,,42.223,
1767458990.166920,109,104;105;201;202,11.532;14.030;13.808;20.789,-0.4108323179014038,0.7719605996542134,1.2529763730635333,0.6800187479213978,2.131206930383562,2.473866675005259,,,,,,,46.648,
1767458990.269215,110,104;105;201;202,11.532;14.030;13.808;20.789,-0.4108323179014038,0.7719605996542134,1.2529763730635333,0.6800187479213978,2.131206930383562,2.473866675005259,,,,,,,46.648,
1767458990.368600,111,104;105;200;202,11.482;14.033;15.500;19.658,-0.2812342129263807,0.756607646614353,1.2229541540258018,0.7572342337386655,2.195907331972936,2.662110393845894,,,,,,,43.239,
1767458990.469681,112,105;200;201;202,13.289;16.402;14.029;21.117,-0.4037457385627393,0.6116130425419901,1.1596694613278102,0.6543380102897306,1.8515461548863021,2.7069000293573517,,,,,,,39.555,
1767458990.563088,113,105;200;201;202,13.289;16.402;14.029;21.117,-0.4037457385627393,0.6116130425419901,1.1596694613278102,0.6543380102897306,1.8515461548863021,2.7069000293573517,,,,,,,39.555,
1767458990.670205,114,105;200;201;202,13.289;16.402;14.029;21.117,-0.4037457385627393,0.6116130425419901,1.1596694613278102,0.6543380102897306,1.8515461548863021,2.7069000293573517,,,,,,,39.555,
1767458990.770414,115,104;105;200;201,10.356;12.762;14.921;15.664,-0.32288140392656867,0.5949606969296493,1.20245110901302,0.7778052804323871,1.9860927759650153,2.638042385877843,,,,,,,36.389,
1767458990.870398,116,104;105;200;201,10.356;12.762;14.921;15.664,-0.32288140392656867,0.5949606969296493,1.20245110901302,0.7778052804323871,1.9860927759650153,2.638042385877843,,,,,,,36.389,
1767458990.966779,117,104;105;200;201,10.356;12.762;14.921;15.664,-0.32288140392656867,0.5949606969296493,1.20245110901302,0.7778052804323871,1.9860927759650153,2.638042385877843,,,,,,,36.389,
1767458991.079956,118,104;105;200;201,10.356;12.762;14.921;15.664,-0.32288140392656867,0.5949606969296493,1.20245110901302,0.7778052804323871,1.9860927759650153,2.638042385877843,,,,,,,36.389,
1767458991.170864,119,104;105;200;201,10.356;12.762;14.921;15.664,-0.32288140392656867,0.5949606969296493,1.20245110901302,0.7778052804323871,1.9860927759650153,2.638042385877843,,,,,,,36.389,
1767458991.269598,120,105;106;200,14.884;11.191;15.620,-0.3634484822752549,0.6339241341126332,1.1142304743140052,0.7582157891826188,2.3481299427826956,2.792902792246347,,,,,,,39.623,
1767458991.368143,121,105;106;200,14.884;11.191;15.620,-0.3634484822752549,0.6339241341126332,1.1142304743140052,0.7582157891826188,2.3481299427826956,2.792902792246347,,,,,,,39.623,
1767458991.468186,122,105;106;200,14.884;11.191;15.620,-0.3634484822752549,0.6339241341126332,1.1142304743140052,0.7582157891826188,2.3481299427826956,2.792902792246347,,,,,,,39.623,
1767458991.570147,123,105;106;200,14.884;11.191;15.620,-0.3634484822752549,0.6339241341126332,1.1142304743140052,0.7582157891826188,2.3481299427826956,2.792902792246347,,,,,,,39.623,
1767458991.665831,124,105;106;200,14.884;11.191;15.620,-0.3634484822752549,0.6339241341126332,1.1142304743140052,0.7582157891826188,2.3481299427826956,2.792902792246347,,,,,,,39.623,
1767458991.765516,125,104;105;200;202,10.644;13.009;14.809;20.374,-0.4117643151569644,0.6899373083043105,1.0755367480390454,0.8253143098441312,2.2174788370274423,2.73755761343557,,,,,,,43.707,
1767458991.865943,126,104;105;200;201;202,12.427;13.618;17.439;13.507;19.591,-0.33436965829346404,0.6705869367802919,1.1058631298756594,0.8449720542858826,2.208933546852705,2.8935436700475097,,,,,,,40.659,
1767458991.965211,127,104;105;200;201,11.413;14.351;15.550;13.660,-0.4468581755833764,0.6816160040881806,1.1083846616343325,0.8459242408915324,2.1249276550035474,2.5797709964790165,,,,,,,44.188,
1767458992.063430,128,104;105;200;202,9.776;14.700;15.834;18.537,-0.4753403452519648,0.6085218458005173,1.1375349440502909,0.8492970391352394,1.9442810358821971,2.509518730348531,,,,,,,41.757,
1767458992.163388,129,105;200;201;202,13.988;16.044;13.586;20.255,-0.6151576431416659,0.44376275532490705,1.1777191379922556,0.7358366514721467,1.6311516370683796,2.5774689669860305,,,,,,,40.852,
1767458992.257203,130,105;200;201;202,13.988;16.044;13.586;20.255,-0.6151576431416659,0.44376275532490705,1.1777191379922556,0.7358366514721467,1.6311516370683796,2.5774689669860305,,,,,,,40.852,
1767458992.359391,131,105;200;201;202,13.988;16.044;13.586;20.255,-0.6151576431416659,0.44376275532490705,1.1777191379922556,0.7358366514721467,1.6311516370683796,2.5774689669860305,,,,,,,40.852,
1767458992.748059,132,105;200;201;202,13.988;16.044;13.586;20.255,-0.6151576431416659,0.44376275532490705,1.1777191379922556,0.7358366514721467,1.6311516370683796,2.5774689669860305,,,,,,,40.852,
1767458992.849770,133,105;200;201;202,13.988;16.044;13.586;20.255,-0.6151576431416659,0.44376275532490705,1.1777191379922556,0.7358366514721467,1.6311516370683796,2.5774689669860305,,,,,,,40.852,
1767458992.947206,134,105;200;201;202,13.988;16.044;13.586;20.255,-0.6151576431416659,0.44376275532490705,1.1777191379922556,0.7358366514721467,1.6311516370683796,2.5774689669860305,,,,,,,40.852,
1767458993.054528,135,105;200;201;202,13.988;16.044;13.586;20.255,-0.6151576431416659,0.44376275532490705,1.1777191379922556,0.7358366514721467,1.6311516370683796,2.5774689669860305,,,,,,,40.852,
1767458993.149800,136,105;200;201;202,13.988;16.044;13.586;20.255,-0.6151576431416659,0.44376275532490705,1.1777191379922556,0.7358366514721467,1.6311516370683796,2.5774689669860305,,,,,,,40.852,
1767458993.251475,137,105;200;201;202,13.988;16.044;13.586;20.255,-0.6151576431416659,0.44376275532490705,1.1777191379922556,0.7358366514721467,1.6311516370683796,2.5774689669860305,,,,,,,40.852,
1767458993.351849,138,105;200;201;202,13.988;16.044;13.586;20.255,-0.6151576431416659,0.44376275532490705,1.1777191379922556,0.7358366514721467,1.6311516370683796,2.5774689669860305,,,,,,,40.852,
1767458993.449529,139,105;200;201;202,13.988;16.044;13.586;20.255,-0.6151576431416659,0.44376275532490705,1.1777191379922556,0.7358366514721467,1.6311516370683796,2.5774689669860305,,,,,,,40.852,
1767458993.550271,140,105;200;201;202,13.988;16.044;13.586;20.255,-0.6151576431416659,0.44376275532490705,1.1777191379922556,0.7358366514721467,1.6311516370683796,2.5774689669860305,,,,,,,40.852,
1767458993.648872,141,105;200;201;202,13.988;16.044;13.586;20.255,-0.6151576431416659,0.44376275532490705,1.1777191379922556,0.7358366514721467,1.6311516370683796,2.5774689669860305,,,,,,,40.852,
1767458993.748765,142,105;200;201;202,13.988;16.044;13.586;20.255,-0.6151576431416659,0.44376275532490705,1.1777191379922556,0.7358366514721467,1.6311516370683796,2.5774689669860305,,,,,,,40.852,
1767458996.660873,143,106;201;202,10.786;14.979;18.861,-0.5856214801017361,0.3212279917191594,1.2142225757985547,0.47196656293312805,1.57606239632184,2.4546240005159454,,,,,,,35.863,
1767458996.758575,144,105;200;202,12.903;17.789;19.989,-0.5739860884684456,0.3571194967073624,1.1029907336426539,0.47704683745750387,1.4082486024398218,2.4849807411717713,,,,,,,36.713,
1767458996.857088,145,105;200;202,12.903;17.789;19.989,-0.5739860884684456,0.3571194967073624,1.1029907336426539,0.47704683745750387,1.4082486024398218,2.4849807411717713,,,,,,,36.713,
1767458996.956415,146,105;200;202,12.903;17.789;19.989,-0.5739860884684456,0.3571194967073624,1.1029907336426539,0.47704683745750387,1.4082486024398218,2.4849807411717713,,,,,,,36.713,
1767458997.066719,147,106;201;202,9.453;16.605;20.054,-0.6578906848153305,0.32033949581155957,1.22067368969029,0.38594362710584984,1.6184755897109615,2.632760941096572,,,,,,,39.238,
1767458997.164938,148,106;201;202,9.453;16.605;20.054,-0.6578906848153305,0.32033949581155957,1.22067368969029,0.38594362710584984,1.6184755897109615,2.632760941096572,,,,,,,39.238,
1767458997.265159,149,106;201;202,9.453;16.605;20.054,-0.6578906848153305,0.32033949581155957,1.22067368969029,0.38594362710584984,1.6184755897109615,2.632760941096572,,,,,,,39.238,
1767458997.367084,150,105;201;202,13.753;15.729;19.364,-0.6320626651713632,0.3853111501921576,1.2575447257099492,0.35973825537807347,1.7324324238905557,2.5630556292499995,,,,,,,39.528,
1767458997.464512,151,104;105;200;202,10.770;12.166;16.916;19.450,-0.472196644266151,0.5505455327225528,1.219820540765254,0.468231370634077,1.9177814843058854,2.5316340988740786,,,,,,,38.899,
1767458997.563812,152,104;105;200;202,10.770;12.166;16.916;19.450,-0.472196644266151,0.5505455327225528,1.219820540765254,0.468231370634077,1.9177814843058854,2.5316340988740786,,,,,,,38.899,
1767458997.663810,153,105;200;201;202,12.758;17.863;16.976;20.102,-0.42565260092604407,0.5113376143230198,1.1454302312970448,0.4316562664234,1.6711801149421193,2.586221696530937,,,,,,,35.982,
1767458997.764056,154,200;201;202,18.184;16.635;20.756,-0.28879180953350525,0.21962186161563757,1.1640259625107514,0.28703971804943695,1.1163230465334018,2.8249346696645707,,,,,,,19.620,
1767458997.867020,155,200;201;202,18.184;16.635;20.756,-0.28879180953350525,0.21962186161563757,1.1640259625107514,0.28703971804943695,1.1163230465334018,2.8249346696645707,,,,,,,19.620,
1767458997.966473,156,200;201;202,18.184;16.635;20.756,-0.28879180953350525,0.21962186161563757,1.1640259625107514,0.28703971804943695,1.1163230465334018,2.8249346696645707,,,,,,,19.620,
1767458998.065589,157,105;200;201;202,13.897;18.528;17.393;19.980,-0.28760699957669095,0.27953801149051877,1.1056102907934948,0.29812116924641924,1.112812548250141,2.750710395239564,,,,,,,21.809,
1767458998.166335,158,105;200;201;202,13.897;18.528;17.393;19.980,-0.28760699957669095,0.27953801149051877,1.1056102907934948,0.29812116924641924,1.112812548250141,2.750710395239564,,,,,,,21.809,
1767458998.267813,159,105;200;201;202,13.897;18.528;17.393;19.980,-0.28760699957669095,0.27953801149051877,1.1056102907934948,0.29812116924641924,1.112812548250141,2.750710395239564,,,,,,,21.809,
1767458998.367205,160,105;200;201;202,13.897;18.528;17.393;19.980,-0.28760699957669095,0.27953801149051877,1.1056102907934948,0.29812116924641924,1.112812548250141,2.750710395239564,,,,,,,21.809,
1767458998.466943,161,105;200;201;202,13.897;18.528;17.393;19.980,-0.28760699957669095,0.27953801149051877,1.1056102907934948,0.29812116924641924,1.112812548250141,2.750710395239564,,,,,,,21.809,
1767458998.567616,162,105;200;201;202,13.897;18.528;17.393;19.980,-0.28760699957669095,0.27953801149051877,1.1056102907934948,0.29812116924641924,1.112812548250141,2.750710395239564,,,,,,,21.809,
1767458998.666009,163,105;200;201;202,13.897;18.528;17.393;19.980,-0.28760699957669095,0.27953801149051877,1.1056102907934948,0.29812116924641924,1.112812548250141,2.750710395239564,,,,,,,21.809,
1767458998.764142,164,105;200;201;202,13.897;18.528;17.393;19.980,-0.28760699957669095,0.27953801149051877,1.1056102907934948,0.29812116924641924,1.112812548250141,2.750710395239564,,,,,,,21.809,
1767458998.867345,165,105;200;201;202,13.897;18.528;17.393;19.980,-0.28760699957669095,0.27953801149051877,1.1056102907934948,0.29812116924641924,1.112812548250141,2.750710395239564,,,,,,,21.809,
1767458998.969056,166,105;200;201;202,13.897;18.528;17.393;19.980,-0.28760699957669095,0.27953801149051877,1.1056102907934948,0.29812116924641924,1.112812548250141,2.750710395239564,,,,,,,21.809,
1767458999.075583,167,104;105;200;201;202,9.375;14.190;18.676;16.008;20.506,-0.25777097397122795,0.43241122084339645,1.1175749176654155,0.4470860628347964,1.4149310197084075,2.7920085117150957,,,,,,,27.330,
1767458999.171291,168,104;105;200;201;202,9.375;14.190;18.676;16.008;20.506,-0.25777097397122795,0.43241122084339645,1.1175749176654155,0.4470860628347964,1.4149310197084075,2.7920085117150957,,,,,,,27.330,
1767458999.271842,169,104;105;200;201;202,9.375;14.190;18.676;16.008;20.506,-0.25777097397122795,0.43241122084339645,1.1175749176654155,0.4470860628347964,1.4149310197084075,2.7920085117150957,,,,,,,27.330,
1767458999.368787,170,200;201;202,17.722;15.673;19.260,-0.16669879965944956,0.16325419670150035,1.138412355287026,0.2832526201719912,0.9085362845783513,2.933123778887595,,,,,,,12.655,
1767458999.466821,171,200;201;202,17.722;15.673;19.260,-0.16669879965944956,0.16325419670150035,1.138412355287026,0.2832526201719912,0.9085362845783513,2.933123778887595,,,,,,,12.655,
1767458999.563260,172,200;201;202,17.722;15.673;19.260,-0.16669879965944956,0.16325419670150035,1.138412355287026,0.2832526201719912,0.9085362845783513,2.933123778887595,,,,,,,12.655,
1767458999.664149,173,105;200;201;202,13.765;16.638;16.691;20.419,-0.14350276051656252,0.18539726662363468,1.1270622618788921,0.3069518241987902,1.0445412994025298,2.9579335405806964,,,,,,,12.729,
1767458999.765418,174,105;200;201;202,13.765;16.638;16.691;20.419,-0.14350276051656252,0.18539726662363468,1.1270622618788921,0.3069518241987902,1.0445412994025298,2.9579335405806964,,,,,,,12.729,
1767458999.863428,175,105;200;201;202,13.765;16.638;16.691;20.419,-0.14350276051656252,0.18539726662363468,1.1270622618788921,0.3069518241987902,1.0445412994025298,2.9579335405806964,,,,,,,12.729,
1767458999.966426,176,105;200;201;202,13.765;16.638;16.691;20.419,-0.14350276051656252,0.18539726662363468,1.1270622618788921,0.3069518241987902,1.0445412994025298,2.9579335405806964,,,,,,,12.729,
1767459000.067774,177,105;200;201;202,13.765;16.638;16.691;20.419,-0.14350276051656252,0.18539726662363468,1.1270622618788921,0.3069518241987902,1.0445412994025298,2.9579335405806964,,,,,,,12.729,
1767459000.170746,178,105;200;201;202,13.765;16.638;16.691;20.419,-0.14350276051656252,0.18539726662363468,1.1270622618788921,0.3069518241987902,1.0445412994025298,2.9579335405806964,,,,,,,12.729,
1767459000.270127,179,105;200;201;202,13.765;16.638;16.691;20.419,-0.14350276051656252,0.18539726662363468,1.1270622618788921,0.3069518241987902,1.0445412994025298,2.9579335405806964,,,,,,,12.729,
1767459000.371471,180,105;200;201;202,13.765;16.638;16.691;20.419,-0.14350276051656252,0.18539726662363468,1.1270622618788921,0.3069518241987902,1.0445412994025298,2.9579335405806964,,,,,,,12.729,
1767459000.469106,181,104;200;201;202,10.322;16.913;16.914;18.879,-0.12073561584491709,0.0933930290937641,1.249335212365563,0.4681117358264174,0.920023418141875,2.830900420837202,,,,,,,8.187,
1767459000.567822,182,104;200;201;202,10.322;16.913;16.914;18.879,-0.12073561584491709,0.0933930290937641,1.249335212365563,0.4681117358264174,0.920023418141875,2.830900420837202,,,,,,,8.187,
1767459000.670405,183,104;200;201;202,10.322;16.913;16.914;18.879,-0.12073561584491709,0.0933930290937641,1.249335212365563,0.4681117358264174,0.920023418141875,2.830900420837202,,,,,,,8.187,
1767459000.769378,184,104;200;201;202,10.322;16.913;16.914;18.879,-0.12073561584491709,0.0933930290937641,1.249335212365563,0.4681117358264174,0.920023418141875,2.830900420837202,,,,,,,8.187,
1767459000.869441,185,104;200;201;202,10.322;16.913;16.914;18.879,-0.12073561584491709,0.0933930290937641,1.249335212365563,0.4681117358264174,0.920023418141875,2.830900420837202,,,,,,,8.187,
1767459000.971027,186,104;200;201;202,10.322;16.913;16.914;18.879,-0.12073561584491709,0.0933930290937641,1.249335212365563,0.4681117358264174,0.920023418141875,2.830900420837202,,,,,,,8.187,
1767459001.075443,187,104;200;201;202,10.322;16.913;16.914;18.879,-0.12073561584491709,0.0933930290937641,1.249335212365563,0.4681117358264174,0.920023418141875,2.830900420837202,,,,,,,8.187,
1767459001.175245,188,104;200;201;202,10.322;16.913;16.914;18.879,-0.12073561584491709,0.0933930290937641,1.249335212365563,0.4681117358264174,0.920023418141875,2.830900420837202,,,,,,,8.187,
1767459001.275725,189,106;200;201;202,11.113;18.125;18.266;20.760,-0.09294560413727272,0.019791856647036282,1.190247636415949,0.293855464042767,0.9299074407504127,2.7958329593477784,,,,,,,5.129,
1767459001.395350,190,106;200;201;202,11.113;18.125;18.266;20.760,-0.09294560413727272,0.019791856647036282,1.190247636415949,0.293855464042767,0.9299074407504127,2.7958329593477784,,,,,,,5.129,
1767459001.512856,191,106;200;201;202,11.113;18.125;18.266;20.760,-0.09294560413727272,0.019791856647036282,1.190247636415949,0.293855464042767,0.9299074407504127,2.7958329593477784,,,,,,,5.129,
1767459001.607059,192,106;200;201;202,11.113;18.125;18.266;20.760,-0.09294560413727272,0.019791856647036282,1.190247636415949,0.293855464042767,0.9299074407504127,2.7958329593477784,,,,,,,5.129,
1767459001.686057,193,106;200;201;202,11.113;18.125;18.266;20.760,-0.09294560413727272,0.019791856647036282,1.190247636415949,0.293855464042767,0.9299074407504127,2.7958329593477784,,,,,,,5.129,
1767459001.768806,194,105;200;201;202,13.863;17.874;18.062;20.395,-0.08374297383413895,0.07557389048333368,1.166980691423746,0.30728163940812503,1.0477821114685324,2.85724344485192,,,,,,,6.102,
1767459001.863389,195,105;200;201;202,13.863;17.874;18.062;20.395,-0.08374297383413895,0.07557389048333368,1.166980691423746,0.30728163940812503,1.0477821114685324,2.85724344485192,,,,,,,6.102,
1767459001.965093,196,105;200;201;202,13.863;17.874;18.062;20.395,-0.08374297383413895,0.07557389048333368,1.166980691423746,0.30728163940812503,1.0477821114685324,2.85724344485192,,,,,,,6.102,
1767459002.062800,197,105;200;201;202,13.863;17.874;18.062;20.395,-0.08374297383413895,0.07557389048333368,1.166980691423746,0.30728163940812503,1.0477821114685324,2.85724344485192,,,,,,,6.102,
1767459002.162511,198,105;200;201;202,13.863;17.874;18.062;20.395,-0.08374297383413895,0.07557389048333368,1.166980691423746,0.30728163940812503,1.0477821114685324,2.85724344485192,,,,,,,6.102,
1767459002.261932,199,105;200;201;202,13.863;17.874;18.062;20.395,-0.08374297383413895,0.07557389048333368,1.166980691423746,0.30728163940812503,1.0477821114685324,2.85724344485192,,,,,,,6.102,
1767459002.363313,200,105;200;201;202,13.863;17.874;18.062;20.395,-0.08374297383413895,0.07557389048333368,1.166980691423746,0.30728163940812503,1.0477821114685324,2.85724344485192,,,,,,,6.102,
1767459002.461903,201,105;200;201;202,13.863;17.874;18.062;20.395,-0.08374297383413895,0.07557389048333368,1.166980691423746,0.30728163940812503,1.0477821114685324,2.85724344485192,,,,,,,6.102,
1767459002.564143,202,105;200;201;202,13.863;17.874;18.062;20.395,-0.08374297383413895,0.07557389048333368,1.166980691423746,0.30728163940812503,1.0477821114685324,2.85724344485192,,,,,,,6.102,
1767459002.664527,203,105;200;201;202,13.863;17.874;18.062;20.395,-0.08374297383413895,0.07557389048333368,1.166980691423746,0.30728163940812503,1.0477821114685324,2.85724344485192,,,,,,,6.102,
1767459002.761197,204,104;105;200;202,11.399;13.901;16.890;19.310,-0.08679117640460061,0.33918815911024736,1.265251659341221,0.5670756861476001,1.448665535465909,2.848971826054184,,,,,,,18.734,
1767459002.863083,205,103;104;105;200;201;202,3.867;10.157;12.073;19.294;16.660;21.682,-0.17825511582378442,0.3663369996292172,1.3099325609119434,0.7183253480034466,1.4629831564581786,2.5340116035057023,,,,,,,21.684,
1767459002.963799,206,104;105;200;201;202,10.263;10.436;17.282;16.865;19.464,-0.14857412790229907,0.3589069979435899,1.35542016175471,0.7804304195092123,1.5472570690051315,2.5171690025025266,,,,,,,20.568,
1767459003.066656,207,104;105;200;201;202,10.263;10.436;17.282;16.865;19.464,-0.14857412790229907,0.3589069979435899,1.35542016175471,0.7804304195092123,1.5472570690051315,2.5171690025025266,,,,,,,20.568,
1767459003.167192,208,104;105;200;201;202,10.263;10.436;17.282;16.865;19.464,-0.14857412790229907,0.3589069979435899,1.35542016175471,0.7804304195092123,1.5472570690051315,2.5171690025025266,,,,,,,20.568,
1767459003.269160,209,104;105;200;201;202,10.263;10.436;17.282;16.865;19.464,-0.14857412790229907,0.3589069979435899,1.35542016175471,0.7804304195092123,1.5472570690051315,2.5171690025025266,,,,,,,20.568,
1767459003.369119,210,104;105;200;201;202,10.263;10.436;17.282;16.865;19.464,-0.14857412790229907,0.3589069979435899,1.35542016175471,0.7804304195092123,1.5472570690051315,2.5171690025025266,,,,,,,20.568,
1767459003.467350,211,105;106;200;201;202,15.852;10.468;19.222;17.796;22.926,-0.2392459091611144,0.3666970961311543,1.3223778525963188,0.712080215628145,1.6740423512087204,2.690970407065069,,,,,,,23.266,
1767459003.562578,212,105;106;200;201;202,15.852;10.468;19.222;17.796;22.926,-0.2392459091611144,0.3666970961311543,1.3223778525963188,0.712080215628145,1.6740423512087204,2.690970407065069,,,,,,,23.266,
1767459003.663866,213,104;105;200;201;202,9.697;13.346;18.466;17.693;21.980,-0.27090514403453575,0.3136886046936931,1.4452833617260432,0.8115091708580762,1.6882729408719261,2.619638076150978,,,,,,,21.703,
1767459003.761623,214,104;105;200;201;202,9.697;13.346;18.466;17.693;21.980,-0.27090514403453575,0.3136886046936931,1.4452833617260432,0.8115091708580762,1.6882729408719261,2.619638076150978,,,,,,,21.703,
1767459003.864188,215,104;200;201;202,10.740;18.508;17.872;22.045,-0.18943910463537028,0.33849018395977143,1.4079940085286398,0.8154072395197904,1.5740250839091194,2.84403115021156,,,,,,,20.409,
1767459003.968451,216,104;200;201;202,10.740;18.508;17.872;22.045,-0.18943910463537028,0.33849018395977143,1.4079940085286398,0.8154072395197904,1.5740250839091194,2.84403115021156,,,,,,,20.409,
1767459004.068034,217,104;105;200;201;202,12.843;15.197;19.351;18.486;21.815,-0.15082497204013987,0.3381268217763423,1.4183299914593572,0.8368636979753196,1.6240803412485032,2.754161254348546,,,,,,,19.458,
1767459004.164626,218,104;105;200;201;202,12.034;13.950;18.716;17.681;21.494,-0.11682737836904626,0.3324511125333832,1.4236025787725248,0.8477495398008739,1.6485644538604027,2.6913447902593055,,,,,,,18.509,
1767459004.260699,219,104;105;200;201;202,12.034;13.950;18.716;17.681;21.494,-0.11682737836904626,0.3324511125333832,1.4236025787725248,0.8477495398008739,1.6485644538604027,2.6913447902593055,,,,,,,18.509,
1767459004.355291,220,104;105;200;201;202,12.034;13.950;18.716;17.681;21.494,-0.11682737836904626,0.3324511125333832,1.4236025787725248,0.8477495398008739,1.6485644538604027,2.6913447902593055,,,,,,,18.509,
1767459005.164626,221,104;105;200;201;202,12.034;13.950;18.716;17.681;21.494,-0.11682737836904626,0.3324511125333832,1.4236025787725248,0.8477495398008739,1.6485644538604027,2.6913447902593055,,,,,,,18.509,
1767459005.270968,222,104;105;200;201;202,12.034;13.950;18.716;17.681;21.494,-0.11682737836904626,0.3324511125333832,1.4236025787725248,0.8477495398008739,1.6485644538604027,2.6913447902593055,,,,,,,18.509,
1767459005.372751,223,104;105;200;201;202,12.034;13.950;18.716;17.681;21.494,-0.11682737836904626,0.3324511125333832,1.4236025787725248,0.8477495398008739,1.6485644538604027,2.6913447902593055,,,,,,,18.509,
1767459005.471460,224,104;105;200;201;202,12.034;13.950;18.716;17.681;21.494,-0.11682737836904626,0.3324511125333832,1.4236025787725248,0.8477495398008739,1.6485644538604027,2.6913447902593055,,,,,,,18.509,
1767459005.565384,225,104;105;200;201;202,12.034;13.950;18.716;17.681;21.494,-0.11682737836904626,0.3324511125333832,1.4236025787725248,0.8477495398008739,1.6485644538604027,2.6913447902593055,,,,,,,18.509,
1767459005.667589,226,104;105;200;201;202,12.034;13.950;18.716;17.681;21.494,-0.11682737836904626,0.3324511125333832,1.4236025787725248,0.8477495398008739,1.6485644538604027,2.6913447902593055,,,,,,,18.509,
1767459005.771912,227,104;105;106;200;201;202,12.440;14.185;10.966;18.448;19.193;20.834,-0.011256579394561171,0.36979603390104115,1.398542394071834,0.7956438862757572,1.7297157982758884,2.510644060553837,,,,,,,19.491,
1767459005.871551,228,104;105;106;200;201;202,12.440;14.185;10.966;18.448;19.193;20.834,-0.011256579394561171,0.36979603390104115,1.398542394071834,0.7956438862757572,1.7297157982758884,2.510644060553837,,,,,,,19.491,
1767459005.971309,229,104;105;106;200;201;202,12.440;14.185;10.966;18.448;19.193;20.834,-0.011256579394561171,0.36979603390104115,1.398542394071834,0.7956438862757572,1.7297157982758884,2.510644060553837,,,,,,,19.491,
1767459006.073730,230,104;105;106;200;201;202,12.440;14.185;10.966;18.448;19.193;20.834,-0.011256579394561171,0.36979603390104115,1.398542394071834,0.7956438862757572,1.7297157982758884,2.510644060553837,,,,,,,19.491,
1767459006.171386,231,104;105;106;200;201;202,12.440;14.185;10.966;18.448;19.193;20.834,-0.011256579394561171,0.36979603390104115,1.398542394071834,0.7956438862757572,1.7297157982758884,2.510644060553837,,,,,,,19.491,
1767459006.270934,232,104;105;200;201;202,12.364;16.377;20.925;17.907;21.460,0.08487248242509544,0.38393050388821687,1.4013913766161499,0.8030805296671367,1.7192009563337356,2.4720850764981765,,,,,,,20.705,
1767459006.371543,233,104;105;200;201;202,12.364;16.377;20.925;17.907;21.460,0.08487248242509544,0.38393050388821687,1.4013913766161499,0.8030805296671367,1.7192009563337356,2.4720850764981765,,,,,,,20.705,
1767459006.470647,234,104;105;200;201;202,12.364;16.377;20.925;17.907;21.460,0.08487248242509544,0.38393050388821687,1.4013913766161499,0.8030805296671367,1.7192009563337356,2.4720850764981765,,,,,,,20.705,
1767459006.569767,235,104;105;200;201;202,12.364;16.377;20.925;17.907;21.460,0.08487248242509544,0.38393050388821687,1.4013913766161499,0.8030805296671367,1.7192009563337356,2.4720850764981765,,,,,,,20.705,
1767459006.670341,236,104;105;200;201;202,12.364;16.377;20.925;17.907;21.460,0.08487248242509544,0.38393050388821687,1.4013913766161499,0.8030805296671367,1.7192009563337356,2.4720850764981765,,,,,,,20.705,
1767459006.770636,237,104;105;200;201;202,12.364;16.377;20.925;17.907;21.460,0.08487248242509544,0.38393050388821687,1.4013913766161499,0.8030805296671367,1.7192009563337356,2.4720850764981765,,,,,,,20.705,
1767459006.868550,238,104;105;200;202,11.695;14.760;19.597;21.301,0.1289041809910603,0.38536450498992375,1.39446184339633,0.8808314978743752,1.7502851025108475,2.438607177463733,,,,,,,21.413,
1767459006.972682,239,104;105;200;202,11.695;14.760;19.597;21.301,0.1289041809910603,0.38536450498992375,1.39446184339633,0.8808314978743752,1.7502851025108475,2.438607177463733,,,,,,,21.413,
1767459007.076001,240,104;105;200;202,11.695;14.760;19.597;21.301,0.1289041809910603,0.38536450498992375,1.39446184339633,0.8808314978743752,1.7502851025108475,2.438607177463733,,,,,,,21.413,
1767459007.177258,241,104;105;200;202,11.695;14.760;19.597;21.301,0.1289041809910603,0.38536450498992375,1.39446184339633,0.8808314978743752,1.7502851025108475,2.438607177463733,,,,,,,21.413,
1767459007.277554,242,104;105;200;201;202,11.986;15.416;19.038;18.362;22.492,0.08483845218711014,0.3747692985806279,1.414312950987342,0.8895411554887506,1.7530844683215134,2.440972808034554,,,,,,,20.202,
1767459007.375053,243,104;105;200;201;202,11.986;15.416;19.038;18.362;22.492,0.08483845218711014,0.3747692985806279,1.414312950987342,0.8895411554887506,1.7530844683215134,2.440972808034554,,,,,,,20.202,
1767459007.474307,244,104;105;200;201;202,11.986;15.416;19.038;18.362;22.492,0.08483845218711014,0.3747692985806279,1.414312950987342,0.8895411554887506,1.7530844683215134,2.440972808034554,,,,,,,20.202,
1767459007.570422,245,104;105;200;201;202,11.986;15.416;19.038;18.362;22.492,0.08483845218711014,0.3747692985806279,1.414312950987342,0.8895411554887506,1.7530844683215134,2.440972808034554,,,,,,,20.202,
1767459007.667748,246,104;105;200;201;202,11.986;15.416;19.038;18.362;22.492,0.08483845218711014,0.3747692985806279,1.414312950987342,0.8895411554887506,1.7530844683215134,2.440972808034554,,,,,,,20.202,
1767459007.767318,247,104;105;200;201;202,11.986;15.416;19.038;18.362;22.492,0.08483845218711014,0.3747692985806279,1.414312950987342,0.8895411554887506,1.7530844683215134,2.440972808034554,,,,,,,20.202,
1767459007.871492,248,104;105;200;201;202,11.986;15.416;19.038;18.362;22.492,0.08483845218711014,0.3747692985806279,1.414312950987342,0.8895411554887506,1.7530844683215134,2.440972808034554,,,,,,,20.202,
1767459007.968315,249,104;105;200;201;202,11.986;15.416;19.038;18.362;22.492,0.08483845218711014,0.3747692985806279,1.414312950987342,0.8895411554887506,1.7530844683215134,2.440972808034554,,,,,,,20.202,
1767459008.070553,250,104;105;200;201;202,11.986;15.416;19.038;18.362;22.492,0.08483845218711014,0.3747692985806279,1.414312950987342,0.8895411554887506,1.7530844683215134,2.440972808034554,,,,,,,20.202,
1767459008.173349,251,104;105;200;201;202,11.986;15.416;19.038;18.362;22.492,0.08483845218711014,0.3747692985806279,1.414312950987342,0.8895411554887506,1.7530844683215134,2.440972808034554,,,,,,,20.202,
1767459008.272786,252,104;105;106;200;201;202,13.556;12.887;10.730;19.939;18.227;23.474,-0.19316663330513614,0.5149942128514738,1.352556905035483,0.9593681773908523,1.7995521268064714,2.2853430711585854,,,,,,,29.100,
1767459008.372979,253,104;105;106;200;201;202,13.556;12.887;10.730;19.939;18.227;23.474,-0.19316663330513614,0.5149942128514738,1.352556905035483,0.9593681773908523,1.7995521268064714,2.2853430711585854,,,,,,,29.100,
1767459008.470337,254,104;105;106;200;201;202,13.556;12.887;10.730;19.939;18.227;23.474,-0.19316663330513614,0.5149942128514738,1.352556905035483,0.9593681773908523,1.7995521268064714,2.2853430711585854,,,,,,,29.100,
1767459008.571148,255,104;105;106;200;201;202,13.556;12.887;10.730;19.939;18.227;23.474,-0.19316663330513614,0.5149942128514738,1.352556905035483,0.9593681773908523,1.7995521268064714,2.2853430711585854,,,,,,,29.100,
1767459008.672337,256,104;105;200;201;202,13.012;14.571;20.194;17.616;21.624,-0.3104090559452664,0.4788271767788318,1.3356871640766024,0.9445598427065147,1.6941836761957698,2.2125019428434194,,,,,,,30.246,
1767459008.771980,257,104;105;200;201;202,13.012;14.571;20.194;17.616;21.624,-0.3104090559452664,0.4788271767788318,1.3356871640766024,0.9445598427065147,1.6941836761957698,2.2125019428434194,,,,,,,30.246,
1767459008.871102,258,104;105;200;201;202,12.864;14.503;19.517;17.223;22.327,-0.23193585250665102,0.5486669036199188,1.3035940360851872,0.8988145355321638,1.7659604904138884,2.373261692173296,,,,,,,31.685,
1767459008.967757,259,105;200;201;202,14.540;19.326;18.292;21.442,-0.3322378903546077,0.5690947722609843,1.192484766809673,0.8192904469966588,1.495290776301664,2.3905721577048022,,,,,,,35.467,
1767459009.075953,260,105;200;201;202,15.131;19.711;17.298;22.061,-0.4328366008427738,0.4793624640798281,1.12405719245638,0.710860263998868,1.3396743913773606,2.459886181750667,,,,,,,35.010,
1767459009.174837,261,105;200;201;202,13.357;19.967;18.848;22.097,-0.2620227716479532,0.49864116140916936,1.1170443831054306,0.5813941466075523,1.2875745829681564,2.5322838396549723,,,,,,,30.572,
1767459009.277515,262,105;200;201;202,13.357;19.967;18.848;22.097,-0.2620227716479532,0.49864116140916936,1.1170443831054306,0.5813941466075523,1.2875745829681564,2.5322838396549723,,,,,,,30.572,
1767459009.373643,263,104;200;201;202,13.199;19.311;17.464;22.414,-0.05848843558880994,0.5123589970643424,1.1522391722740155,0.622141767254329,1.284513981158571,2.635097118718013,,,,,,,27.898,
1767459009.474103,264,104;200;201;202,13.199;19.311;17.464;22.414,-0.05848843558880994,0.5123589970643424,1.1522391722740155,0.622141767254329,1.284513981158571,2.635097118718013,,,,,,,27.898,
1767459009.568545,265,104;200;201;202,13.199;19.311;17.464;22.414,-0.05848843558880994,0.5123589970643424,1.1522391722740155,0.622141767254329,1.284513981158571,2.635097118718013,,,,,,,27.898,
1767459009.669870,266,104;200;201;202,13.199;19.311;17.464;22.414,-0.05848843558880994,0.5123589970643424,1.1522391722740155,0.622141767254329,1.284513981158571,2.635097118718013,,,,,,,27.898,
1767459009.772680,267,104;200;201;202,13.199;19.311;17.464;22.414,-0.05848843558880994,0.5123589970643424,1.1522391722740155,0.622141767254329,1.284513981158571,2.635097118718013,,,,,,,27.898,
1767459009.869823,268,104;200;201;202,13.199;19.311;17.464;22.414,-0.05848843558880994,0.5123589970643424,1.1522391722740155,0.622141767254329,1.284513981158571,2.635097118718013,,,,,,,27.898,
1767459009.971887,269,104;200;201;202,13.199;19.311;17.464;22.414,-0.05848843558880994,0.5123589970643424,1.1522391722740155,0.622141767254329,1.284513981158571,2.635097118718013,,,,,,,27.898,
1767459010.066242,270,200;201;202,19.070;16.440;21.781,-0.0021382982716461724,0.2318786377051805,1.1613951867383998,0.44067646810183625,0.8497080725522164,2.8253367428282288,,,,,,,12.548,
1767459010.170736,271,200;201;202,19.070;16.440;21.781,-0.0021382982716461724,0.2318786377051805,1.1613951867383998,0.44067646810183625,0.8497080725522164,2.8253367428282288,,,,,,,12.548,
1767459010.273459,272,200;201;202,19.070;16.440;21.781,-0.0021382982716461724,0.2318786377051805,1.1613951867383998,0.44067646810183625,0.8497080725522164,2.8253367428282288,,,,,,,12.548,
1767459010.372748,273,104;106;200;202,11.001;10.372;17.310;21.414,-0.14088839675037806,0.1996243565694146,1.1560196448843048,0.5175597967765643,0.9375509579279757,2.5528760224432787,,,,,,,13.228,
1767459010.474094,274,104;106;200;202,11.001;10.372;17.310;21.414,-0.14088839675037806,0.1996243565694146,1.1560196448843048,0.5175597967765643,0.9375509579279757,2.5528760224432787,,,,,,,13.228,
1767459010.576506,275,104;106;200;202,11.001;10.372;17.310;21.414,-0.14088839675037806,0.1996243565694146,1.1560196448843048,0.5175597967765643,0.9375509579279757,2.5528760224432787,,,,,,,13.228,
1767459010.673085,276,104;106;200;202,11.001;10.372;17.310;21.414,-0.14088839675037806,0.1996243565694146,1.1560196448843048,0.5175597967765643,0.9375509579279757,2.5528760224432787,,,,,,,13.228,
1767459010.777911,277,104;106;200;202,11.001;10.372;17.310;21.414,-0.14088839675037806,0.1996243565694146,1.1560196448843048,0.5175597967765643,0.9375509579279757,2.5528760224432787,,,,,,,13.228,
1767459010.872531,278,104;106;200;202,11.001;10.372;17.310;21.414,-0.14088839675037806,0.1996243565694146,1.1560196448843048,0.5175597967765643,0.9375509579279757,2.5528760224432787,,,,,,,13.228,
1767459010.972023,279,104;106;200;202,11.001;10.372;17.310;21.414,-0.14088839675037806,0.1996243565694146,1.1560196448843048,0.5175597967765643,0.9375509579279757,2.5528760224432787,,,,,,,13.228,
1767459011.082679,280,104;106;200;202,11.001;10.372;17.310;21.414,-0.14088839675037806,0.1996243565694146,1.1560196448843048,0.5175597967765643,0.9375509579279757,2.5528760224432787,,,,,,,13.228,
1767459011.175972,281,104;106;200;202,11.001;10.372;17.310;21.414,-0.14088839675037806,0.1996243565694146,1.1560196448843048,0.5175597967765643,0.9375509579279757,2.5528760224432787,,,,,,,13.228,
1767459011.273677,282,104;106;200;202,11.001;10.372;17.310;21.414,-0.14088839675037806,0.1996243565694146,1.1560196448843048,0.5175597967765643,0.9375509579279757,2.5528760224432787,,,,,,,13.228,
1767459011.375820,283,104;105;106;200;201;202,13.464;14.340;9.444;18.519;16.790;20.754,-0.12423795136813881,0.2422301266574829,1.2145550616832692,0.5825542611162757,1.2498615067049215,2.6773464846160913,,,,,,,14.650,
1767459011.476859,284,104;105;106;200;201;202,13.464;14.340;9.444;18.519;16.790;20.754,-0.12423795136813881,0.2422301266574829,1.2145550616832692,0.5825542611162757,1.2498615067049215,2.6773464846160913,,,,,,,14.650,
1767459011.572197,285,104;105;106;200;201;202,13.464;14.340;9.444;18.519;16.790;20.754,-0.12423795136813881,0.2422301266574829,1.2145550616832692,0.5825542611162757,1.2498615067049215,2.6773464846160913,,,,,,,14.650,
1767459011.669883,286,104;105;106;200;201;202,13.464;14.340;9.444;18.519;16.790;20.754,-0.12423795136813881,0.2422301266574829,1.2145550616832692,0.5825542611162757,1.2498615067049215,2.6773464846160913,,,,,,,14.650,
1767459011.769977,287,104;105;106;200;201;202,13.464;14.340;9.444;18.519;16.790;20.754,-0.12423795136813881,0.2422301266574829,1.2145550616832692,0.5825542611162757,1.2498615067049215,2.6773464846160913,,,,,,,14.650,
1767459011.866979,288,104;105;106;200;201;202,13.464;14.340;9.444;18.519;16.790;20.754,-0.12423795136813881,0.2422301266574829,1.2145550616832692,0.5825542611162757,1.2498615067049215,2.6773464846160913,,,,,,,14.650,
1767459011.970324,289,104;105;106;200;201;202,13.464;14.340;9.444;18.519;16.790;20.754,-0.12423795136813881,0.2422301266574829,1.2145550616832692,0.5825542611162757,1.2498615067049215,2.6773464846160913,,,,,,,14.650,
1767459012.068707,290,104;105;106;200;201;202,13.464;14.340;9.444;18.519;16.790;20.754,-0.12423795136813881,0.2422301266574829,1.2145550616832692,0.5825542611162757,1.2498615067049215,2.6773464846160913,,,,,,,14.650,
1767459012.171411,291,104;105;106;200;201;202,13.464;14.340;9.444;18.519;16.790;20.754,-0.12423795136813881,0.2422301266574829,1.2145550616832692,0.5825542611162757,1.2498615067049215,2.6773464846160913,,,,,,,14.650,
1767459012.269257,292,104;105;106;200;201;202,13.464;14.340;9.444;18.519;16.790;20.754,-0.12423795136813881,0.2422301266574829,1.2145550616832692,0.5825542611162757,1.2498615067049215,2.6773464846160913,,,,,,,14.650,
1767459012.366867,293,106;200;201;202,10.042;18.708;16.363;21.765,-0.41362638421570225,0.17531767498211226,1.1640439430667964,0.5381883974792875,1.0878429797765543,2.6058208246337164,,,,,,,24.284,
1767459012.469231,294,104;105;200;201;202,14.064;14.395;18.244;16.309;21.023,-0.37684283535143454,0.22194852556494915,1.179886724197174,0.5813587106698853,1.1235521744838006,2.5684975993501644,,,,,,,23.604,
1767459012.572216,295,104;105;200;201;202,13.327;13.880;18.723;16.097;20.818,-0.18837849339797227,0.30894183888054083,1.186425674879673,0.5608999375706267,1.2931714730423007,2.6081508441544092,,,,,,,19.523,
1767459012.674185,296,104;105;200;201;202,13.327;13.880;18.723;16.097;20.818,-0.18837849339797227,0.30894183888054083,1.186425674879673,0.5608999375706267,1.2931714730423007,2.6081508441544092,,,,,,,19.523,
1767459012.772840,297,104;105;106;200;201;202,13.115;15.558;11.380;17.725;17.686;22.049,-0.24992159901504188,0.3021392100404945,1.239422583668354,0.6223395839729052,1.485088951372892,2.7195193137101725,,,,,,,21.035,
1767459012.875112,298,104;105;106;200;201;202,13.115;15.558;11.380;17.725;17.686;22.049,-0.24992159901504188,0.3021392100404945,1.239422583668354,0.6223395839729052,1.485088951372892,2.7195193137101725,,,,,,,21.035,
1767459012.977123,299,104;105;106;200;201;202,13.115;15.558;11.380;17.725;17.686;22.049,-0.24992159901504188,0.3021392100404945,1.239422583668354,0.6223395839729052,1.485088951372892,2.7195193137101725,,,,,,,21.035,
1767459013.088885,300,104;105;106;200;201;202,13.115;15.558;11.380;17.725;17.686;22.049,-0.24992159901504188,0.3021392100404945,1.239422583668354,0.6223395839729052,1.485088951372892,2.7195193137101725,,,,,,,21.035,
1767459013.185076,301,104;105;106;200;201;202,13.115;15.558;11.380;17.725;17.686;22.049,-0.24992159901504188,0.3021392100404945,1.239422583668354,0.6223395839729052,1.485088951372892,2.7195193137101725,,,,,,,21.035,
1767459013.285314,302,104;105;106;200;201;202,13.115;15.558;11.380;17.725;17.686;22.049,-0.24992159901504188,0.3021392100404945,1.239422583668354,0.6223395839729052,1.485088951372892,2.7195193137101725,,,,,,,21.035,
1767459013.387674,303,104;105;200;202,13.527;14.661;17.262;22.094,-0.33154708733490307,0.3076023957683079,1.2136170358886866,0.726470474753818,1.4134293942262768,2.580752152507215,,,,,,,24.322,
1767459013.501457,304,104;105;200;202,13.527;14.661;17.262;22.094,-0.33154708733490307,0.3076023957683079,1.2136170358886866,0.726470474753818,1.4134293942262768,2.580752152507215,,,,,,,24.322,
1767459013.631122,305,104;105;200;202,13.527;14.661;17.262;22.094,-0.33154708733490307,0.3076023957683079,1.2136170358886866,0.726470474753818,1.4134293942262768,2.580752152507215,,,,,,,24.322,
1767459013.749936,306,104;105;200;202,13.527;14.661;17.262;22.094,-0.33154708733490307,0.3076023957683079,1.2136170358886866,0.726470474753818,1.4134293942262768,2.580752152507215,,,,,,,24.322,
1767459013.844370,307,104;105;200;202,13.527;14.661;17.262;22.094,-0.33154708733490307,0.3076023957683079,1.2136170358886866,0.726470474753818,1.4134293942262768,2.580752152507215,,,,,,,24.322,
1767459013.932858,308,104;105;200;202,13.527;14.661;17.262;22.094,-0.33154708733490307,0.3076023957683079,1.2136170358886866,0.726470474753818,1.4134293942262768,2.580752152507215,,,,,,,24.322,
1767459014.020392,309,104;105;200;201;202,12.014;14.896;18.254;15.996;20.928,-0.3322735946606695,0.4040435271300784,1.1624762450011432,0.7211366051096131,1.3849991546867901,2.6217518166273885,,,,,,,28.270,
1767459014.099565,310,104;105;200;201;202,12.014;14.896;18.254;15.996;20.928,-0.3322735946606695,0.4040435271300784,1.1624762450011432,0.7211366051096131,1.3849991546867901,2.6217518166273885,,,,,,,28.270,
1767459014.166420,311,104;105;200;201;202,12.014;14.896;18.254;15.996;20.928,-0.3322735946606695,0.4040435271300784,1.1624762450011432,0.7211366051096131,1.3849991546867901,2.6217518166273885,,,,,,,28.270,
1767459014.267410,312,104;200;201;202,13.565;17.141;16.035;21.626,-0.44782587285080144,0.279473398372881,1.1905044139921177,0.6867373789709933,1.0825132727814344,2.576121634836755,,,,,,,28.444,
1767459014.369023,313,104;200;201;202,13.565;17.141;16.035;21.626,-0.44782587285080144,0.279473398372881,1.1905044139921177,0.6867373789709933,1.0825132727814344,2.576121634836755,,,,,,,28.444,
1767459014.471802,314,104;200;201;202,13.565;17.141;16.035;21.626,-0.44782587285080144,0.279473398372881,1.1905044139921177,0.6867373789709933,1.0825132727814344,2.576121634836755,,,,,,,28.444,
1767459014.569500,315,104;200;201;202,13.565;17.141;16.035;21.626,-0.44782587285080144,0.279473398372881,1.1905044139921177,0.6867373789709933,1.0825132727814344,2.576121634836755,,,,,,,28.444,
1767459014.667828,316,104;105;200;201;202,13.508;14.815;18.397;15.873;21.877,-0.3383200271497661,0.33718275022360716,1.1930234574662777,0.6504882168418575,1.274793508780139,2.7110131228722074,,,,,,,25.739,
1767459014.772076,317,104;105;200;201;202,13.508;14.815;18.397;15.873;21.877,-0.3383200271497661,0.33718275022360716,1.1930234574662777,0.6504882168418575,1.274793508780139,2.7110131228722074,,,,,,,25.739,
1767459014.865867,318,104;200;202,13.064;16.534;21.903,-0.4120092862948133,0.3714378254382541,1.1276066944245164,0.7424765973546245,1.12115564099247,2.807220251484964,,,,,,,30.077,
1767459014.965731,319,104;200;202,13.064;16.534;21.903,-0.4120092862948133,0.3714378254382541,1.1276066944245164,0.7424765973546245,1.12115564099247,2.807220251484964,,,,,,,30.077,
1767459015.118358,320,104;200;202,13.064;16.534;21.903,-0.4120092862948133,0.3714378254382541,1.1276066944245164,0.7424765973546245,1.12115564099247,2.807220251484964,,,,,,,30.077,
1767459015.260046,321,104;200;202,13.064;16.534;21.903,-0.4120092862948133,0.3714378254382541,1.1276066944245164,0.7424765973546245,1.12115564099247,2.807220251484964,,,,,,,30.077,
1767459015.351717,322,104;105;200;202,13.404;16.786;18.043;22.025,-0.451933987174915,0.36276283988746333,1.1316526786194716,0.7947332701353996,1.14388343133164,2.670310832869814,,,,,,,31.404,
1767459015.449028,323,104;105;200;202,13.404;16.786;18.043;22.025,-0.451933987174915,0.36276283988746333,1.1316526786194716,0.7947332701353996,1.14388343133164,2.670310832869814,,,,,,,31.404,
1767459015.541005,324,104;105;200;202,13.404;16.786;18.043;22.025,-0.451933987174915,0.36276283988746333,1.1316526786194716,0.7947332701353996,1.14388343133164,2.670310832869814,,,,,,,31.404,
1767459015.639409,325,104;105;200;202,13.404;16.786;18.043;22.025,-0.451933987174915,0.36276283988746333,1.1316526786194716,0.7947332701353996,1.14388343133164,2.670310832869814,,,,,,,31.404,
1767459015.734254,326,104;105;200;202,13.404;16.786;18.043;22.025,-0.451933987174915,0.36276283988746333,1.1316526786194716,0.7947332701353996,1.14388343133164,2.670310832869814,,,,,,,31.404,
1767459015.840624,327,104;105;200;202,13.404;16.786;18.043;22.025,-0.451933987174915,0.36276283988746333,1.1316526786194716,0.7947332701353996,1.14388343133164,2.670310832869814,,,,,,,31.404,
1767459015.954899,328,104;105;200;202,13.404;16.786;18.043;22.025,-0.451933987174915,0.36276283988746333,1.1316526786194716,0.7947332701353996,1.14388343133164,2.670310832869814,,,,,,,31.404,
1767459016.077198,329,104;105;201;202,13.823;14.970;16.290;22.076,-0.4813083776936471,0.3696620217278589,1.2932579761590794,0.8737253332156042,1.4056811966150862,2.554081101705185,,,,,,,32.316,
1767459016.230194,330,104;105;201;202,13.823;14.970;16.290;22.076,-0.4813083776936471,0.3696620217278589,1.2932579761590794,0.8737253332156042,1.4056811966150862,2.554081101705185,,,,,,,32.316,
1767459016.377815,331,104;105;201;202,13.823;14.970;16.290;22.076,-0.4813083776936471,0.3696620217278589,1.2932579761590794,0.8737253332156042,1.4056811966150862,2.554081101705185,,,,,,,32.316,
1767459016.469632,332,104;105;201;202,13.823;14.970;16.290;22.076,-0.4813083776936471,0.3696620217278589,1.2932579761590794,0.8737253332156042,1.4056811966150862,2.554081101705185,,,,,,,32.316,
1767459016.568809,333,104;105;106;200;201;202,12.837;15.614;12.320;18.072;15.990;20.459,-0.4385562442066233,0.44299632102934444,1.2130835055237845,0.7556298591249168,1.441778839260326,2.5368957130913654,,,,,,,33.486,
1767459016.656017,334,104;105;200;202,12.468;14.069;17.536;21.029,-0.4817655922460289,0.500553780839113,1.133367553195515,0.7977021032891484,1.4152099617823581,2.604186060760317,,,,,,,37.610,
1767459016.745322,335,104;105;200;201,12.130;16.166;17.050;15.725,-0.346629763191534,0.4784299622256301,1.1590610629724782,0.8235294338816568,1.5431950529443332,2.5846433699080342,,,,,,,31.925,
1767459016.827534,336,104;105;200;201,12.130;16.166;17.050;15.725,-0.346629763191534,0.4784299622256301,1.1590610629724782,0.8235294338816568,1.5431950529443332,2.5846433699080342,,,,,,,31.925,
1767459016.900661,337,104;105;200;201,12.130;16.166;17.050;15.725,-0.346629763191534,0.4784299622256301,1.1590610629724782,0.8235294338816568,1.5431950529443332,2.5846433699080342,,,,,,,31.925,
1767459016.968347,338,104;105;200;201,12.130;16.166;17.050;15.725,-0.346629763191534,0.4784299622256301,1.1590610629724782,0.8235294338816568,1.5431950529443332,2.5846433699080342,,,,,,,31.925,
1767459017.079487,339,104;105;200;201,12.130;16.166;17.050;15.725,-0.346629763191534,0.4784299622256301,1.1590610629724782,0.8235294338816568,1.5431950529443332,2.5846433699080342,,,,,,,31.925,
1767459017.170494,340,104;105;200;201;202,12.541;15.500;16.992;15.490;21.426,-0.26650552647708614,0.46967508479276177,1.168588346094359,0.8015290672896263,1.6047654990827875,2.7758217185016494,,,,,,,29.162,
1767459017.271228,341,104;105;106;200;201;202,10.705;14.138;13.089;18.270;16.970;20.479,-0.27317073277633686,0.43986869180984045,1.1615657617024413,0.7222848204824419,1.5696127184784407,2.647103511550729,,,,,,,27.985,
1767459017.366200,342,105;200;202,13.344;18.223;22.119,-0.09865842812059997,0.29924784962670803,1.1220554777387393,0.6021824427845763,1.3523240676009471,2.8140026482547573,,,,,,,17.112,
1767459017.470531,343,105;200;202,13.344;18.223;22.119,-0.09865842812059997,0.29924784962670803,1.1220554777387393,0.6021824427845763,1.3523240676009471,2.8140026482547573,,,,,,,17.112,
1767459017.570645,344,105;200;202,13.344;18.223;22.119,-0.09865842812059997,0.29924784962670803,1.1220554777387393,0.6021824427845763,1.3523240676009471,2.8140026482547573,,,,,,,17.112,
1767459017.665644,345,105;200;202,13.344;18.223;22.119,-0.09865842812059997,0.29924784962670803,1.1220554777387393,0.6021824427845763,1.3523240676009471,2.8140026482547573,,,,,,,17.112,
1767459017.771075,346,105;200;202,13.344;18.223;22.119,-0.09865842812059997,0.29924784962670803,1.1220554777387393,0.6021824427845763,1.3523240676009471,2.8140026482547573,,,,,,,17.112,
1767459017.867343,347,105;200;202,13.344;18.223;22.119,-0.09865842812059997,0.29924784962670803,1.1220554777387393,0.6021824427845763,1.3523240676009471,2.8140026482547573,,,,,,,17.112,
1767459017.965131,348,105;200;202,13.344;18.223;22.119,-0.09865842812059997,0.29924784962670803,1.1220554777387393,0.6021824427845763,1.3523240676009471,2.8140026482547573,,,,,,,17.112,
1767459018.072670,349,105;200;202,13.344;18.223;22.119,-0.09865842812059997,0.29924784962670803,1.1220554777387393,0.6021824427845763,1.3523240676009471,2.8140026482547573,,,,,,,17.112,
1767459018.167018,350,105;200;202,13.344;18.223;22.119,-0.09865842812059997,0.29924784962670803,1.1220554777387393,0.6021824427845763,1.3523240676009471,2.8140026482547573,,,,,,,17.112,
1767459018.267607,351,105;200;202,13.344;18.223;22.119,-0.09865842812059997,0.29924784962670803,1.1220554777387393,0.6021824427845763,1.3523240676009471,2.8140026482547573,,,,,,,17.112,
1767459018.369367,352,104;105;200;201;202,11.663;13.376;17.186;16.247;20.837,-0.26135936971241847,0.36874894137906333,1.1020440914936847,0.6704005301090181,1.3167384811037326,2.7446928158422335,,,,,,,24.581,
1767459018.471311,353,104;105;200;201;202,11.663;13.376;17.186;16.247;20.837,-0.26135936971241847,0.36874894137906333,1.1020440914936847,0.6704005301090181,1.3167384811037326,2.7446928158422335,,,,,,,24.581,
1767459018.567627,354,104;105;200;201;202,11.663;13.376;17.186;16.247;20.837,-0.26135936971241847,0.36874894137906333,1.1020440914936847,0.6704005301090181,1.3167384811037326,2.7446928158422335,,,,,,,24.581,
1767459018.667724,355,104;105;200;202,14.138;14.948;16.723;20.909,-0.34538475198885826,0.3455043297744594,1.1144266069967155,0.7397729438211049,1.2569956794217305,2.6137737157954892,,,,,,,26.532,
1767459018.770413,356,103;104;105;200;201;202,8.936;14.708;15.175;18.651;16.094;21.208,-0.23512736603436307,0.3788787839891974,1.174443918362708,0.8430189210424199,1.3985973629953474,2.65333592150469,,,,,,,24.078,
1767459018.872383,357,104;105;106;200;201;202,13.190;15.440;12.887;17.441;17.103;20.972,-0.34671910986348775,0.3555622425033945,1.1692128637615058,0.7868824117945973,1.4192303227103256,2.531442710209504,,,,,,,26.824,
1767459018.971743,358,104;105;106;200;201;202,11.763;14.630;11.817;16.831;16.064;21.044,-0.2774433981479886,0.37969534621041623,1.164418227860444,0.722867072405342,1.578438937905529,2.639377111666924,,,,,,,25.416,
1767459019.078200,359,104;105;106;200;201;202,13.625;14.965;11.280;17.622;15.561;21.300,-0.2248909407333318,0.3968916149214944,1.1599647544325418,0.6972431151449873,1.6945175213173282,2.7408111709032807,,,,,,,24.668,
1767459019.169628,360,104;105;106;201;202,13.792;16.631;10.924;15.971;20.408,-0.3032953790951531,0.3969620266465419,1.271094341596132,0.6926895768485223,1.865368862790487,2.5371059531161158,,,,,,,26.690,
1767459019.271470,361,104;105;106;201;202,12.907;15.161;12.201;16.562;20.971,-0.36400941871748904,0.39557529489459087,1.354286655187779,0.6854316996619337,2.001790879807245,2.4019229674815215,,,,,,,28.438,
1767459019.370252,362,104;105;200;202,14.168;15.187;16.303;20.642,-0.21140182364926208,0.42649747942086935,1.2964228814292167,0.7184927955582862,1.961913373785599,2.624359734891975,,,,,,,25.364,
1767459019.467039,363,104;105;200;202,14.168;15.187;16.303;20.642,-0.21140182364926208,0.42649747942086935,1.2964228814292167,0.7184927955582862,1.961913373785599,2.624359734891975,,,,,,,25.364,
1767459019.571008,364,104;105;200;201;202,13.962;14.394;16.674;16.230;20.900,-0.1632121464148551,0.4234055044802044,1.2732142130666189,0.7451715490577431,1.883288098470104,2.8508599246127098,,,,,,,24.245,
1767459019.669193,365,104;105;200;201;202,13.691;14.905;17.863;14.482;21.848,-0.18647970611931597,0.3836590590835655,1.3157958374004068,0.8007893577931977,1.8368952086630856,3.0015425266169435,,,,,,,22.687,
1767459019.766162,366,104;105;200;201;202,13.691;14.905;17.863;14.482;21.848,-0.18647970611931597,0.3836590590835655,1.3157958374004068,0.8007893577931977,1.8368952086630856,3.0015425266169435,,,,,,,22.687,
1767459019.870604,367,104;105;200;201;202,13.691;14.905;17.863;14.482;21.848,-0.18647970611931597,0.3836590590835655,1.3157958374004068,0.8007893577931977,1.8368952086630856,3.0015425266169435,,,,,,,22.687,
1767459019.970473,368,104;105;106;200;201;202,13.420;15.750;12.461;17.713;16.635;21.276,-0.24689106426435262,0.42591571867485584,1.298698685782852,0.8009496911663695,1.9644731661083292,3.1096924688130803,,,,,,,26.222,
1767459020.067703,369,104;105;106;200;201;202,13.420;15.750;12.461;17.713;16.635;21.276,-0.24689106426435262,0.42591571867485584,1.298698685782852,0.8009496911663695,1.9644731661083292,3.1096924688130803,,,,,,,26.222,
1767459020.172779,370,104;105;106;200;201;202,13.420;15.750;12.461;17.713;16.635;21.276,-0.24689106426435262,0.42591571867485584,1.298698685782852,0.8009496911663695,1.9644731661083292,3.1096924688130803,,,,,,,26.222,
1767459020.266684,371,104;200;202,13.476;17.732;20.363,-0.353208724994842,0.28327904803184006,1.256989269138012,0.7556890104703716,1.4696116578491034,2.900480844985383,,,,,,,24.235,
1767459020.370394,372,104;105;200;202,13.951;14.308;17.976;20.946,-0.20450890090332094,0.33409243685557116,1.2228988019551308,0.7593689605825477,1.5248499685709536,2.9679782688270575,,,,,,,21.051,
1767459020.474501,373,104;105;200;202,13.951;14.308;17.976;20.946,-0.20450890090332094,0.33409243685557116,1.2228988019551308,0.7593689605825477,1.5248499685709536,2.9679782688270575,,,,,,,21.051,
1767459020.574154,374,104;105;200;202,13.951;14.308;17.976;20.946,-0.20450890090332094,0.33409243685557116,1.2228988019551308,0.7593689605825477,1.5248499685709536,2.9679782688270575,,,,,,,21.051,
1767459020.674373,375,104;105;200;202,13.951;14.308;17.976;20.946,-0.20450890090332094,0.33409243685557116,1.2228988019551308,0.7593689605825477,1.5248499685709536,2.9679782688270575,,,,,,,21.051,
1767459020.771271,376,104;105;200;202,13.951;14.308;17.976;20.946,-0.20450890090332094,0.33409243685557116,1.2228988019551308,0.7593689605825477,1.5248499685709536,2.9679782688270575,,,,,,,21.051,
1767459020.875725,377,104;105;200;202,13.951;14.308;17.976;20.946,-0.20450890090332094,0.33409243685557116,1.2228988019551308,0.7593689605825477,1.5248499685709536,2.9679782688270575,,,,,,,21.051,
1767459020.974429,378,104;105;200;202,13.951;14.308;17.976;20.946,-0.20450890090332094,0.33409243685557116,1.2228988019551308,0.7593689605825477,1.5248499685709536,2.9679782688270575,,,,,,,21.051,
1767459021.082384,379,104;105;200;202,13.951;14.308;17.976;20.946,-0.20450890090332094,0.33409243685557116,1.2228988019551308,0.7593689605825477,1.5248499685709536,2.9679782688270575,,,,,,,21.051,
1767459021.175631,380,104;105;200;202,13.951;14.308;17.976;20.946,-0.20450890090332094,0.33409243685557116,1.2228988019551308,0.7593689605825477,1.5248499685709536,2.9679782688270575,,,,,,,21.051,
1767459021.270218,381,104;105;200;202,13.951;14.308;17.976;20.946,-0.20450890090332094,0.33409243685557116,1.2228988019551308,0.7593689605825477,1.5248499685709536,2.9679782688270575,,,,,,,21.051,
1767459021.370145,382,104;105;200;201;202,12.400;15.955;18.360;15.094;21.077,-0.3388541203585631,0.3069159311316859,1.2143300396709669,0.7407624675813634,1.40602718922086,2.7932613112785107,,,,,,,24.584,
1767459021.469642,383,104;105;200;201;202,12.400;15.955;18.360;15.094;21.077,-0.3388541203585631,0.3069159311316859,1.2143300396709669,0.7407624675813634,1.40602718922086,2.7932613112785107,,,,,,,24.584,
1767459021.567270,384,104;105;200;202,14.457;14.455;18.849;21.930,-0.17947541065972172,0.2451724379095214,1.2349598909306323,0.7782697322697876,1.369603429944618,2.7724698664437026,,,,,,,16.314,
1767459021.666793,385,104;105;200;202,14.457;14.455;18.849;21.930,-0.17947541065972172,0.2451724379095214,1.2349598909306323,0.7782697322697876,1.369603429944618,2.7724698664437026,,,,,,,16.314,
1767459021.768453,386,104;105;200;202,13.558;15.803;17.924;20.876,-0.07240078674023151,0.3067582469256141,1.20505170777942,0.7968766283899421,1.4540993012463206,2.892106897114107,,,,,,,16.976,
1767459021.868721,387,104;105;200;201;202,12.598;16.099;17.820;16.349;20.730,-0.05926495030548301,0.24600762787416106,1.247418435383826,0.7869025205039182,1.4175282529282096,2.9174347930081783,,,,,,,13.571,
1767459021.969953,388,104;105;200;201;202,12.598;16.099;17.820;16.349;20.730,-0.05926495030548301,0.24600762787416106,1.247418435383826,0.7869025205039182,1.4175282529282096,2.9174347930081783,,,,,,,13.571,
1767459022.068634,389,104;105;200;202,13.946;14.602;17.821;21.565,0.018296347123467147,0.3081836210987927,1.213222594901847,0.8366691308438649,1.4813113258357875,3.0221495459988765,,,,,,,16.614,
1767459022.168489,390,104;105;200;202,13.946;14.602;17.821;21.565,0.018296347123467147,0.3081836210987927,1.213222594901847,0.8366691308438649,1.4813113258357875,3.0221495459988765,,,,,,,16.614,
1767459022.268205,391,104;105;200;202,13.946;14.602;17.821;21.565,0.018296347123467147,0.3081836210987927,1.213222594901847,0.8366691308438649,1.4813113258357875,3.0221495459988765,,,,,,,16.614,
1767459022.372216,392,104;105;200;202,13.946;14.602;17.821;21.565,0.018296347123467147,0.3081836210987927,1.213222594901847,0.8366691308438649,1.4813113258357875,3.0221495459988765,,,,,,,16.614,
1767459022.468007,393,104;105;200;202,11.321;15.169;16.725;21.395,0.07533247393994297,0.35967623772501295,1.1888760703451204,0.9063552528222681,1.5444898445605193,3.1008144029898355,,,,,,,19.821,
1767459022.566090,394,104;105;200;202,11.321;15.169;16.725;21.395,0.07533247393994297,0.35967623772501295,1.1888760703451204,0.9063552528222681,1.5444898445605193,3.1008144029898355,,,,,,,19.821,
1767459022.672045,395,104;105;200;202,11.321;15.169;16.725;21.395,0.07533247393994297,0.35967623772501295,1.1888760703451204,0.9063552528222681,1.5444898445605193,3.1008144029898355,,,,,,,19.821,
1767459022.772124,396,104;105;200;202,11.321;15.169;16.725;21.395,0.07533247393994297,0.35967623772501295,1.1888760703451204,0.9063552528222681,1.5444898445605193,3.1008144029898355,,,,,,,19.821,
1767459022.872562,397,104;105;200;202,11.321;15.169;16.725;21.395,0.07533247393994297,0.35967623772501295,1.1888760703451204,0.9063552528222681,1.5444898445605193,3.1008144029898355,,,,,,,19.821,
1767459022.973112,398,104;105;200;202,11.321;15.169;16.725;21.395,0.07533247393994297,0.35967623772501295,1.1888760703451204,0.9063552528222681,1.5444898445605193,3.1008144029898355,,,,,,,19.821,
1767459023.079385,399,104;105;106;200;201;202,14.317;15.718;12.739;17.577;15.838;20.252,0.04214757662047694,0.39342372817824484,1.1778485050878285,0.88416557864511,1.6703348737739907,3.0917145120694585,,,,,,,21.364,
1767459023.174807,400,104;105;106;200;201;202,14.317;15.718;12.739;17.577;15.838;20.252,0.04214757662047694,0.39342372817824484,1.1778485050878285,0.88416557864511,1.6703348737739907,3.0917145120694585,,,,,,,21.364,
1767459023.272666,401,104;105;106;200;201;202,14.317;15.718;12.739;17.577;15.838;20.252,0.04214757662047694,0.39342372817824484,1.1778485050878285,0.88416557864511,1.6703348737739907,3.0917145120694585,,,,,,,21.364,
1767459023.371895,402,104;105;106;200;201;202,14.317;15.718;12.739;17.577;15.838;20.252,0.04214757662047694,0.39342372817824484,1.1778485050878285,0.88416557864511,1.6703348737739907,3.0917145120694585,,,,,,,21.364,
1767459023.470047,403,104;105;200;201;202,12.360;14.899;18.587;15.498;21.146,-0.15641983255355,0.35294430130342547,1.1900004596274152,0.7983851927573175,1.531600695089884,2.781064512386871,,,,,,,20.819,
1767459023.569040,404,104;105;200;201;202,12.360;14.899;18.587;15.498;21.146,-0.15641983255355,0.35294430130342547,1.1900004596274152,0.7983851927573175,1.531600695089884,2.781064512386871,,,,,,,20.819,
1767459023.669358,405,104;105;200;201;202,12.360;14.899;18.587;15.498;21.146,-0.15641983255355,0.35294430130342547,1.1900004596274152,0.7983851927573175,1.531600695089884,2.781064512386871,,,,,,,20.819,
1767459023.769287,406,104;105;200;201;202,12.360;14.899;18.587;15.498;21.146,-0.15641983255355,0.35294430130342547,1.1900004596274152,0.7983851927573175,1.531600695089884,2.781064512386871,,,,,,,20.819,
1767459023.869864,407,105;201;202,15.750;16.969;21.734,-0.27726725064982394,0.31118643950477926,1.285440418593003,0.6654080698031795,1.5582465612996617,2.781451140474465,,,,,,,22.244,
1767459023.972268,408,104;105;106;200;201;202,13.303;15.210;10.902;15.996;15.063;22.014,-0.22451456551188367,0.37049718334799353,1.2633233383263747,0.661165644524092,1.7161555344188142,2.8248064303864426,,,,,,,23.175,
1767459024.069110,409,104;105;106;200;201;202,13.303;15.210;10.902;15.996;15.063;22.014,-0.22451456551188367,0.37049718334799353,1.2633233383263747,0.661165644524092,1.7161555344188142,2.8248064303864426,,,,,,,23.175,
1767459024.166950,410,104;105;106;200;201;202,13.303;15.210;10.902;15.996;15.063;22.014,-0.22451456551188367,0.37049718334799353,1.2633233383263747,0.661165644524092,1.7161555344188142,2.8248064303864426,,,,,,,23.175,
1767459024.268223,411,104;105;106;200;201;202,13.303;15.210;10.902;15.996;15.063;22.014,-0.22451456551188367,0.37049718334799353,1.2633233383263747,0.661165644524092,1.7161555344188142,2.8248064303864426,,,,,,,23.175,
1767459024.368360,412,104;105;106;200;201;202,13.303;15.210;10.902;15.996;15.063;22.014,-0.22451456551188367,0.37049718334799353,1.2633233383263747,0.661165644524092,1.7161555344188142,2.8248064303864426,,,,,,,23.175,
1767459024.469697,413,104;105;106;200;201;202,13.303;15.210;10.902;15.996;15.063;22.014,-0.22451456551188367,0.37049718334799353,1.2633233383263747,0.661165644524092,1.7161555344188142,2.8248064303864426,,,,,,,23.175,
1767459024.569231,414,104;105;106;200;201;202,13.303;15.210;10.902;15.996;15.063;22.014,-0.22451456551188367,0.37049718334799353,1.2633233383263747,0.661165644524092,1.7161555344188142,2.8248064303864426,,,,,,,23.175,
1767459024.669854,415,104;105;106;200;201;202,13.303;15.210;10.902;15.996;15.063;22.014,-0.22451456551188367,0.37049718334799353,1.2633233383263747,0.661165644524092,1.7161555344188142,2.8248064303864426,,,,,,,23.175,
1767459024.771444,416,104;105;106;200;201;202,13.303;15.210;10.902;15.996;15.063;22.014,-0.22451456551188367,0.37049718334799353,1.2633233383263747,0.661165644524092,1.7161555344188142,2.8248064303864426,,,,,,,23.175,
1767459024.870091,417,104;105;106;200;201;202,13.303;15.210;10.902;15.996;15.063;22.014,-0.22451456551188367,0.37049718334799353,1.2633233383263747,0.661165644524092,1.7161555344188142,2.8248064303864426,,,,,,,23.175,
1767459024.971467,418,103;104;105;106;200;202,8.981;15.587;17.379;10.702;18.790;24.201,-0.3128748203401527,0.5791544027728971,1.2493228903691462,0.8419940120658994,1.8767502023246647,2.646261264946041,,,,,,,35.211,
1767459025.076601,419,105;106;200;201,18.248;12.117;19.118;18.353,-0.21476740543361716,0.5389124687245364,1.160863340331999,0.6765935943431001,1.881202121834951,2.6704398602656765,,,,,,,31.345,
1767459025.178536,420,105;106;200;201,18.248;12.117;19.118;18.353,-0.21476740543361716,0.5389124687245364,1.160863340331999,0.6765935943431001,1.881202121834951,2.6704398602656765,,,,,,,31.345,
1767459025.272375,421,105;106;200;201,18.248;12.117;19.118;18.353,-0.21476740543361716,0.5389124687245364,1.160863340331999,0.6765935943431001,1.881202121834951,2.6704398602656765,,,,,,,31.345,
1767459025.369674,422,103;104;201;202,8.568;14.907;16.336;22.113,-0.16032263118162504,0.626188588324713,1.4292833106921063,0.897698121824765,1.9154848804845177,2.743280319047953,,,,,,,33.843,
1767459025.471865,423,103;104;201;202,8.568;14.907;16.336;22.113,-0.16032263118162504,0.626188588324713,1.4292833106921063,0.897698121824765,1.9154848804845177,2.743280319047953,,,,,,,33.843,
1767459025.569863,424,104;105;106;200;202,14.344;15.184;13.189;21.933;24.746,-0.31031462052374353,0.5445248766490026,1.4402675398614535,0.839204035992927,1.906076342922695,2.4375756760210527,,,,,,,32.775,
1767459025.668996,425,104;105;106;200;202,14.344;15.184;13.189;21.933;24.746,-0.31031462052374353,0.5445248766490026,1.4402675398614535,0.839204035992927,1.906076342922695,2.4375756760210527,,,,,,,32.775,
1767459025.769010,426,104;200;202,15.008;20.044;24.207,-0.3922892038811351,0.3976338043925609,1.4298444575027738,0.8846907325964594,1.550953528652376,2.408551331660784,,,,,,,29.270,
1767459025.871544,427,104;200;202,15.008;20.044;24.207,-0.3922892038811351,0.3976338043925609,1.4298444575027738,0.8846907325964594,1.550953528652376,2.408551331660784,,,,,,,29.270,
1767459025.972959,428,104;105;106;200;201;202,14.832;18.210;13.020;20.225;19.041;25.948,-0.31891946141994776,0.4790041313121276,1.3893328395940745,0.7693282165283085,1.7609149102969917,2.466083220457262,,,,,,,30.303,
1767459026.068525,429,104;105;106;200;201;202,14.832;18.210;13.020;20.225;19.041;25.948,-0.31891946141994776,0.4790041313121276,1.3893328395940745,0.7693282165283085,1.7609149102969917,2.466083220457262,,,,,,,30.303,
1767459026.173450,430,103;104;105;106;200;201;202,10.783;15.388;17.954;11.632;22.588;20.792;26.322,-0.21985258137570587,0.5770108946850911,1.430629594274399,0.8278496260553934,2.01111402315349,2.4635171061985566,,,,,,,32.334,
1767459026.269055,431,103;104;105;106;200;201;202,10.783;15.388;17.954;11.632;22.588;20.792;26.322,-0.21985258137570587,0.5770108946850911,1.430629594274399,0.8278496260553934,2.01111402315349,2.4635171061985566,,,,,,,32.334,
1767459026.369004,432,104;105;200;202,16.140;18.298;21.668;27.317,-0.3045890463697014,0.5418392227226303,1.4124976191837857,0.8751850070609664,1.8963369730295436,2.3415088076822532,,,,,,,32.623,
1767459026.469765,433,104;105;200;202,16.140;18.298;21.668;27.317,-0.3045890463697014,0.5418392227226303,1.4124976191837857,0.8751850070609664,1.8963369730295436,2.3415088076822532,,,,,,,32.623,
1767459026.572700,434,104;105;106;200;201;202,17.045;17.945;13.070;21.775;19.176;26.858,-0.30687292657152304,0.6143301652494715,1.3493808266515412,0.7995509558772795,1.912938193292913,2.3480850379558595,,,,,,,36.298,
1767459026.670843,435,104;105;200;201;202,16.481;18.584;21.647;20.345;25.927,-0.24967748298386933,0.6262955788162526,1.3489225235009894,0.803837700821264,1.990093997445082,2.5596134649510742,,,,,,,35.645,
1767459026.770381,436,104;105;200;201;202,16.481;18.584;21.647;20.345;25.927,-0.24967748298386933,0.6262955788162526,1.3489225235009894,0.803837700821264,1.990093997445082,2.5596134649510742,,,,,,,35.645,
1767459026.873244,437,104;105;200;201;202,16.481;18.584;21.647;20.345;25.927,-0.24967748298386933,0.6262955788162526,1.3489225235009894,0.803837700821264,1.990093997445082,2.5596134649510742,,,,,,,35.645,
1767459026.973367,438,104;105;106;200;201;202,18.142;18.165;12.877;21.877;19.088;26.380,-0.12042960038193573,0.6617752996496522,1.3238837736130011,0.7539084664150579,2.0650520181717003,2.5691682533422875,,,,,,,35.668,
1767459027.079780,439,104;105;106;200;201;202,18.142;18.165;12.877;21.877;19.088;26.380,-0.12042960038193573,0.6617752996496522,1.3238837736130011,0.7539084664150579,2.0650520181717003,2.5691682533422875,,,,,,,35.668,
1767459027.178387,440,104;105;106;200;201;202,18.142;18.165;12.877;21.877;19.088;26.380,-0.12042960038193573,0.6617752996496522,1.3238837736130011,0.7539084664150579,2.0650520181717003,2.5691682533422875,,,,,,,35.668,
1767459027.270016,441,104;105;200;202,14.350;16.175;20.532;25.400,-0.2322278755070486,0.6040106342411712,1.3297052472867281,0.792805343334468,1.9166713452595339,2.3739478595160977,,,,,,,34.300,
1767459027.372139,442,104;105;200;202,14.350;16.175;20.532;25.400,-0.2322278755070486,0.6040106342411712,1.3297052472867281,0.792805343334468,1.9166713452595339,2.3739478595160977,,,,,,,34.300,
1767459027.473753,443,104;105;200;202,14.350;16.175;20.532;25.400,-0.2322278755070486,0.6040106342411712,1.3297052472867281,0.792805343334468,1.9166713452595339,2.3739478595160977,,,,,,,34.300,
1767459027.573189,444,104;105;106;200;201;202,16.626;17.902;11.532;21.899;18.646;25.230,-0.19139615572451446,0.6269949565922701,1.3060422385009296,0.7706506613999151,2.033768265109182,2.479632925942947,,,,,,,34.841,
1767459027.673778,445,104;105;106;200;201;202,15.858;16.574;10.593;19.512;18.453;25.476,-0.3042015460407497,0.5721176538511507,1.3106861791301692,0.7246449224418033,1.9537517780619056,2.322194745474716,,,,,,,34.421,
1767459027.770245,446,104;105;106;200;201;202,15.858;16.574;10.593;19.512;18.453;25.476,-0.3042015460407497,0.5721176538511507,1.3106861791301692,0.7246449224418033,1.9537517780619056,2.322194745474716,,,,,,,34.421,
1767459027.872059,447,104;105;106;200;201;202,14.434;16.726;12.529;19.787;17.774;24.382,-0.3913937617023517,0.6079158302165417,1.257282078872468,0.7306735170625956,1.939662935397238,2.3205474415282827,,,,,,,38.616,
1767459027.971735,448,104;105;106;200;201;202,15.313;17.136;12.426;19.915;17.927;24.297,-0.4587532354837946,0.63295653939701,1.2127198003034718,0.717674981759764,1.9356469597734036,2.330162058906628,,,,,,,41.934,
1767459028.068603,449,104;105;106;200;201;202,15.313;17.136;12.426;19.915;17.927;24.297,-0.4587532354837946,0.63295653939701,1.2127198003034718,0.717674981759764,1.9356469597734036,2.330162058906628,,,,,,,41.934,
1767459028.171242,450,104;105;106;200;201;202,14.540;17.369;11.289;20.624;17.672;23.253,-0.35769698229331276,0.6580795957156605,1.2392934333953716,0.7071683772441022,2.1080649623451615,2.5063413309331364,,,,,,,40.075,
1767459028.269949,451,105;106;200;201;202,16.537;10.138;18.589;18.237;24.371,-0.3724405876674706,0.5455014455806884,1.2481343503564444,0.6480552220252692,2.084276946623829,2.7350399052603978,,,,,,,35.335,
1767459028.366525,452,105;106;200;201;202,16.537;10.138;18.589;18.237;24.371,-0.3724405876674706,0.5455014455806884,1.2481343503564444,0.6480552220252692,2.084276946623829,2.7350399052603978,,,,,,,35.335,
1767459028.467983,453,104;105;200;202,14.893;16.943;17.337;23.528,-0.23296935905084282,0.5850269513512637,1.2356965209294375,0.7617087068748676,2.0993664640979905,2.817645199085221,,,,,,,33.742,
1767459028.569377,454,104;105;200;202,14.893;16.943;17.337;23.528,-0.23296935905084282,0.5850269513512637,1.2356965209294375,0.7617087068748676,2.0993664640979905,2.817645199085221,,,,,,,33.742,
1767459028.669662,455,104;105;200;201;202,15.262;17.485;20.343;19.742;24.941,-0.35197036282548205,0.5110880247054764,1.2571679218966332,0.7104510056703949,1.8634978717326858,2.64010782954926,,,,,,,33.176,
1767459028.770561,456,104;105;200;201;202,15.262;17.485;20.343;19.742;24.941,-0.35197036282548205,0.5110880247054764,1.2571679218966332,0.7104510056703949,1.8634978717326858,2.64010782954926,,,,,,,33.176,
1767459028.869620,457,104;105;200;201;202,15.262;17.485;20.343;19.742;24.941,-0.35197036282548205,0.5110880247054764,1.2571679218966332,0.7104510056703949,1.8634978717326858,2.64010782954926,,,,,,,33.176,
1767459028.968853,458,104;105;106;200;202,14.630;17.506;13.652;20.480;23.942,-0.3938589100853547,0.491427335243554,1.236931339156573,0.7303711785531113,1.8394228506089279,2.4501694297905785,,,,,,,33.742,
1767459029.075378,459,104;105;201;202,15.593;18.204;18.271;23.321,-0.29199186053011034,0.4997892338197488,1.388345616616995,0.7740443483617334,1.9570625880798964,2.348871877101517,,,,,,,30.484,
1767459029.179031,460,104;105;201;202,15.593;18.204;18.271;23.321,-0.29199186053011034,0.4997892338197488,1.388345616616995,0.7740443483617334,1.9570625880798964,2.348871877101517,,,,,,,30.484,
1767459029.273792,461,104;105;106;200;201;202,14.489;17.447;13.279;19.491;19.106;25.099,-0.28585339231310114,0.4842202561251187,1.3992261756495574,0.778755303846009,2.0573186720750716,2.489647107367039,,,,,,,29.578,
1767459029.368367,462,104;105;106;200;201;202,14.489;17.447;13.279;19.491;19.106;25.099,-0.28585339231310114,0.4842202561251187,1.3992261756495574,0.778755303846009,2.0573186720750716,2.489647107367039,,,,,,,29.578,
1767459029.472218,463,104;105;106;200;201;202,15.604;17.444;13.876;19.095;17.840;25.400,-0.23196317388613646,0.5148602248107567,1.3483987708784355,0.7446349690221838,2.102240518615352,2.5869562228836216,,,,,,,29.888,
1767459029.569495,464,104;105;106;200;201;202,15.803;17.650;13.981;19.331;19.504;23.684,-0.25356955251014,0.5775819992108155,1.2802180373250465,0.7323810016390904,2.0492185878558695,2.5361181705330478,,,,,,,33.632,
1767459029.672311,465,103;104;105;106;200;201;202,7.173;14.994;18.014;14.104;20.067;17.981;25.001,-0.3165952513337037,0.6176483647629939,1.263123936931626,0.7844076644934321,2.0293411991345356,2.40054374049166,,,,,,,37.056,
1767459029.768301,466,104;105;200;201;202,15.624;16.781;19.966;18.168;24.093,-0.2494791139128012,0.6014744862904907,1.26616834840316,0.8025390133013316,2.03088132213286,2.6306538626529017,,,,,,,34.767,
1767459029.871124,467,104;105;200;201;202,15.624;16.781;19.966;18.168;24.093,-0.2494791139128012,0.6014744862904907,1.26616834840316,0.8025390133013316,2.03088132213286,2.6306538626529017,,,,,,,34.767,
1767459029.969664,468,104;105;106;200;201,16.298;16.295;14.556;19.973;17.959,-0.18855122782322195,0.6900386974555652,1.198748193609093,0.8132119555618551,2.191176442631418,2.587752037820784,,,,,,,38.456,
1767459030.072867,469,103;104;105;106;200;201;202,7.656;15.658;16.992;13.614;20.265;19.018;24.796,-0.26815091229032023,0.6982548042891839,1.2030973594483612,0.822824026280892,2.127199198510221,2.4253048330001663,,,,,,,40.179,
1767459030.169375,470,103;104;105;106;200;201;202,7.656;15.658;16.992;13.614;20.265;19.018;24.796,-0.26815091229032023,0.6982548042891839,1.2030973594483612,0.822824026280892,2.127199198510221,2.4253048330001663,,,,,,,40.179,
1767459030.264024,471,103;104;105;106;200;201;202,7.656;15.658;16.992;13.614;20.265;19.018;24.796,-0.26815091229032023,0.6982548042891839,1.2030973594483612,0.822824026280892,2.127199198510221,2.4253048330001663,,,,,,,40.179,
1767459030.371996,472,104;105;106;200;201;202,15.436;17.449;13.024;19.178;17.340;22.941,-0.21985885166988742,0.6680886472155069,1.2077532923917322,0.8045248388095003,2.170186775578334,2.5440737775965947,,,,,,,37.778,
1767459030.473061,473,104;105;106;200;201;202,14.772;16.865;13.150;19.344;17.552;24.815,-0.27160979353264747,0.668264348314446,1.2356365802918163,0.8347239022846884,2.2646289553780226,2.7056696014044634,,,,,,,38.621,
1767459030.574184,474,104;105;106;200;201;202,14.772;16.865;13.150;19.344;17.552;24.815,-0.27160979353264747,0.668264348314446,1.2356365802918163,0.8347239022846884,2.2646289553780226,2.7056696014044634,,,,,,,38.621,
1767459030.672891,475,104;105;106;200;201;202,14.772;16.865;13.150;19.344;17.552;24.815,-0.27160979353264747,0.668264348314446,1.2356365802918163,0.8347239022846884,2.2646289553780226,2.7056696014044634,,,,,,,38.621,
1767459030.771813,476,104;105;200;201,17.138;17.939;20.562;18.772,-0.4052987639218201,0.6681767680317905,1.2161816652427353,0.8362867350428367,2.10171432025481,2.4057188296984835,,,,,,,41.906,
1767459030.873572,477,104;105;200;201,17.138;17.939;20.562;18.772,-0.4052987639218201,0.6681767680317905,1.2161816652427353,0.8362867350428367,2.10171432025481,2.4057188296984835,,,,,,,41.906,
1767459030.975935,478,104;105;106;200;201;202,15.450;17.968;12.276;20.977;19.137;25.874,-0.46660828801082915,0.5828376883743249,1.2324716395855426,0.7586832391899249,1.9547272194884746,2.3394042169122113,,,,,,,39.977,
1767459031.079162,479,104;105;106;200;201;202,15.450;17.968;12.276;20.977;19.137;25.874,-0.46660828801082915,0.5828376883743249,1.2324716395855426,0.7586832391899249,1.9547272194884746,2.3394042169122113,,,,,,,39.977,
1767459031.181014,480,104;105;106;200;201;202,15.450;17.968;12.276;20.977;19.137;25.874,-0.46660828801082915,0.5828376883743249,1.2324716395855426,0.7586832391899249,1.9547272194884746,2.3394042169122113,,,,,,,39.977,
1767459031.276120,481,104;105;106;200;201;202,13.642;19.136;12.308;21.315;18.551;25.040,-0.5183482629378267,0.613737789087987,1.200549900618244,0.7279658647015028,1.9499244431041682,2.36640202163599,,,,,,,43.141,
1767459031.371851,482,104;105;106;200;201;202,13.642;19.136;12.308;21.315;18.551;25.040,-0.5183482629378267,0.613737789087987,1.200549900618244,0.7279658647015028,1.9499244431041682,2.36640202163599,,,,,,,43.141,
1767459031.469954,483,104;105;106;200;201;202,13.642;19.136;12.308;21.315;18.551;25.040,-0.5183482629378267,0.613737789087987,1.200549900618244,0.7279658647015028,1.9499244431041682,2.36640202163599,,,,,,,43.141,
1767459031.569238,484,104;105;106;200;202,15.620;17.689;12.551;21.510;25.567,-0.45306213757789665,0.6591912086089391,1.2202353106967354,0.7616005587616766,2.2036117131346455,2.538337553374749,,,,,,,42.864,
1767459031.668652,485,104;105;201;202,15.415;18.116;18.652;25.688,-0.4889905877514456,0.7188267419551747,1.3222296190114495,0.7244761262974415,2.3369432226456976,2.551585662901604,,,,,,,46.000,
1767459031.871417,486,104;105;201;202,15.415;18.116;18.652;25.688,-0.4889905877514456,0.7188267419551747,1.3222296190114495,0.7244761262974415,2.3369432226456976,2.551585662901604,,,,,,,46.000,
1767459031.966600,487,104;105;200;202,13.046;15.631;22.367;27.299,-0.5370073281298752,0.7358242042780938,1.2628165074887192,0.7558609318872964,2.22256193253138,2.59815424281853,,,,,,,48.514,
1767459032.066660,488,104;105;106;201;202,15.604;16.862;10.246;20.259;28.650,-0.42507274383250077,0.7904985011193345,1.3259913607531832,0.6568159474454579,2.4061949698873497,2.479207529364371,,,,,,,47.449,
1767459032.168517,489,104;105;200;201;202,15.743;16.119;23.297;20.786;28.917,-0.41197295466621114,0.7670034233421603,1.2936844304167276,0.654846433765596,2.2292716358028253,2.6326599631044996,,,,,,,46.225,
1767459032.264416,490,104;105;106;200,15.563;18.200;11.608;22.197,-0.2437113727877919,0.8627582773701595,1.1938709155161942,0.6975204562483758,2.3687229129595853,2.4495170937243844,,,,,,,48.130,
1767459032.369705,491,104;105;106;200;201;202,17.086;17.035;11.029;22.247;23.263;27.944,-0.2784940893666771,0.7958504402394294,1.235105057694576,0.7353531046666663,2.395753774842342,2.6553679286522494,,,,,,,45.087,
1767459032.466858,492,104;105;106;200;201;202,17.086;17.035;11.029;22.247;23.263;27.944,-0.2784940893666771,0.7958504402394294,1.235105057694576,0.7353531046666663,2.395753774842342,2.6553679286522494,,,,,,,45.087,
1767459032.565479,493,104;105;200;202,15.999;16.012;22.728;29.569,-0.16689645430214045,0.7487531535525911,1.2382953737791,0.8063194034862691,2.342321243817826,2.824136161008737,,,,,,,41.041,
1767459032.668849,494,104;105;200;201;202,16.153;16.757;21.563;23.226;28.462,-0.21110876959575503,0.7371048030902324,1.2311257248876573,0.7668372283965219,2.1708557110966784,2.84981695003124,,,,,,,41.053,
1767459032.767250,495,104;105;106;201;202,15.832;17.268;12.074;21.260;28.901,-0.2956482632439033,0.7676115329160327,1.3002281350973965,0.6872286524650836,2.3648787867692542,2.705760543143118,,,,,,,43.666,
1767459032.866616,496,104;105;106;200;202,15.397;18.215;12.458;22.426;26.970,-0.37254025307179645,0.7655561808526171,1.2387349971383677,0.6792529093631695,2.3164703469861623,2.591432771831282,,,,,,,45.503,
1767459032.969460,497,104;105;106;200;201;202,16.478;17.065;11.305;23.001;22.001;26.279,-0.38220183586004064,0.7262786329584364,1.2666550643305026,0.6924890807112638,2.387368832327614,2.7702708259759556,,,,,,,43.740,
1767459033.077644,498,104;105;106;200;201;202,15.759;18.278;11.614;23.524;22.195;27.834,-0.46415936358441345,0.7013827546575283,1.2363553144020751,0.6347986370534893,2.2682689113534398,2.6937016461858714,,,,,,,44.969,
1767459033.175557,499,104;105;200;201;202,15.757;18.037;22.950;21.980;27.720,-0.5908955537202462,0.5373812899062541,1.3329698423259528,0.5651885837129145,1.907119690936126,2.588006078095667,,,,,,,42.246,
1767459033.264860,500,104;105;202,15.702;18.966;29.156,-0.6257062794550247,0.4340822354536861,1.5891056200979266,0.7132710408098233,1.9255177696900247,2.450453245171403,,,,,,,38.948,
1767459033.367623,501,104;105;202,15.702;18.966;29.156,-0.6257062794550247,0.4340822354536861,1.5891056200979266,0.7132710408098233,1.9255177696900247,2.450453245171403,,,,,,,38.948,
1767459033.465911,502,105;106;200;202,17.082;13.266;21.983;29.494,-0.6222112854859942,0.40322752670330453,1.4119938919110617,0.5911972056691451,1.7506277667090184,2.5178262971363594,,,,,,,38.861,
1767459033.570109,503,104;105;106;200;201;202,16.723;16.601;13.038;22.263;22.267;28.767,-0.5367208288511471,0.40175779094384706,1.4319593816777827,0.5661939916733962,1.9072486610642665,2.623793516953416,,,,,,,35.080,
1767459033.669911,504,104;105;106;200;201;202,14.971;15.794;11.522;21.489;20.707;27.709,-0.3363793047743562,0.46826871491128863,1.3964953704586598,0.4911306248793263,1.951876249527053,2.595280132319667,,,,,,,30.334,
1767459033.769157,505,104;105;106;200;201;202,14.971;15.794;11.522;21.489;20.707;27.709,-0.3363793047743562,0.46826871491128863,1.3964953704586598,0.4911306248793263,1.951876249527053,2.595280132319667,,,,,,,30.334,
1767459033.869940,506,104;105;106;200;201;202,14.971;15.794;11.522;21.489;20.707;27.709,-0.3363793047743562,0.46826871491128863,1.3964953704586598,0.4911306248793263,1.951876249527053,2.595280132319667,,,,,,,30.334,
1767459033.965927,507,104;105;200,13.412;15.116;21.186,-0.13341236756606342,0.5134096989726447,1.3545490234444202,0.6584411347233174,2.0439829527353077,2.457484626006551,,,,,,,28.063,
1767459034.067864,508,104;105;200,13.412;15.116;21.186,-0.13341236756606342,0.5134096989726447,1.3545490234444202,0.6584411347233174,2.0439829527353077,2.457484626006551,,,,,,,28.063,
1767459034.168370,509,104;105;200;202,15.034;17.803;21.476;26.446,-0.05122593369659146,0.5546847144100305,1.3253149038190133,0.7406493879440168,2.0934084163714526,2.662927779062596,,,,,,,29.565,
1767459034.267962,510,104;105;200;202,15.034;17.803;21.476;26.446,-0.05122593369659146,0.5546847144100305,1.3253149038190133,0.7406493879440168,2.0934084163714526,2.662927779062596,,,,,,,29.565,
1767459034.369739,511,104;105;200;202,15.034;17.803;21.476;26.446,-0.05122593369659146,0.5546847144100305,1.3253149038190133,0.7406493879440168,2.0934084163714526,2.662927779062596,,,,,,,29.565,
1767459034.469323,512,104;105;106;200;202,16.321;18.653;11.875;21.094;27.076,-0.10760192479864444,0.6119899725592334,1.3237839900839836,0.8072249840774611,2.278236554696349,2.8013549686440933,,,,,,,32.967,
1767459034.566197,513,104;105;106;202,15.536;17.851;12.196;28.249,-0.160164929448409,0.5971576840743628,1.4252745774148712,0.7413752967763564,2.4391127042396805,2.4943137094594716,,,,,,,32.397,
1767459034.667118,514,104;105;106;202,15.536;17.851;12.196;28.249,-0.160164929448409,0.5971576840743628,1.4252745774148712,0.7413752967763564,2.4391127042396805,2.4943137094594716,,,,,,,32.397,
1767459034.768813,515,104;105;106;200;201;202,16.031;16.436;12.981;21.679;21.773;28.822,-0.21742498624007126,0.5163875788195738,1.453750925253934,0.7208119549527578,2.375914641869662,2.6177051536841542,,,,,,,29.270,
1767459034.869802,516,104;105;106;200;201;202,16.031;16.436;12.981;21.679;21.773;28.822,-0.21742498624007126,0.5163875788195738,1.453750925253934,0.7208119549527578,2.375914641869662,2.6177051536841542,,,,,,,29.270,
1767459034.967074,517,104;105;106;200;201;202,16.031;16.436;12.981;21.679;21.773;28.822,-0.21742498624007126,0.5163875788195738,1.453750925253934,0.7208119549527578,2.375914641869662,2.6177051536841542,,,,,,,29.270,
1767459035.076189,518,104;105;106;200;201;202,15.124;17.642;13.217;21.514;21.350;27.724,-0.25879572664516104,0.45780267422309334,1.4702439965021699,0.6951200666153216,2.3404589350754605,2.7220766819459077,,,,,,,27.423,
1767459035.171451,519,104;105;106;202,16.299;17.906;12.379;28.597,-0.2719948919920238,0.4853643344098545,1.5254301177324125,0.6606546942294899,2.5220657640348194,2.4488901329570014,,,,,,,28.792,
1767459035.269837,520,104;105;106;201;202,17.202;17.409;12.883;21.480;28.783,-0.32936833802894294,0.47060932307035475,1.565264379491118,0.5792076353332268,2.515635422289349,2.336045241059284,,,,,,,29.556,
1767459035.368567,521,104;105;106;201;202,17.202;17.409;12.883;21.480;28.783,-0.32936833802894294,0.47060932307035475,1.565264379491118,0.5792076353332268,2.515635422289349,2.336045241059284,,,,,,,29.556,
1767459035.468938,522,104;105;106;201;202,17.202;17.409;12.883;21.480;28.783,-0.32936833802894294,0.47060932307035475,1.565264379491118,0.5792076353332268,2.515635422289349,2.336045241059284,,,,,,,29.556,
1767459035.567832,523,104;105;106;201;202,15.679;17.152;12.311;21.987;27.869,-0.3549987910833643,0.5045756482715835,1.6326641264141688,0.5133307503690197,2.603773522340526,2.3711121254934575,,,,,,,31.422,
1767459035.669345,524,104;105;106;200;201;202,15.732;17.890;13.356;21.752;20.896;27.087,-0.37000915638075216,0.5381700093732561,1.5679952305355263,0.562086390345513,2.5870028089681285,2.609899224305533,,,,,,,33.558,
1767459035.767911,525,103;104;105;201;202,7.947;15.421;17.368;19.875;28.559,-0.48985500605087806,0.5648882306321905,1.7518777227040943,0.6327623075846215,2.480978027941427,2.5439579960862995,,,,,,,37.307,
1767459035.867164,526,103;104;105;201;202,7.947;15.421;17.368;19.875;28.559,-0.48985500605087806,0.5648882306321905,1.7518777227040943,0.6327623075846215,2.480978027941427,2.5439579960862995,,,,,,,37.307,
1767459035.969329,527,104;105;106;200;201;202,15.057;16.891;12.684;21.828;20.733;28.225,-0.5228696892236082,0.53907732409082,1.6556623966413138,0.6401926601577889,2.333060040395541,2.5809456880715156,,,,,,,38.038,
1767459036.066721,528,104;105;106;200;201;202,15.057;16.891;12.684;21.828;20.733;28.225,-0.5228696892236082,0.53907732409082,1.6556623966413138,0.6401926601577889,2.333060040395541,2.5809456880715156,,,,,,,38.038,
1767459036.165323,529,103;104;105;201;202,10.577;15.686;17.595;20.732;27.430,-0.5419814985778866,0.6417169374276365,1.749532534935162,0.732271624638175,2.462339489736195,2.562983528837216,,,,,,,41.845,
1767459036.264286,530,104;105;106;202,15.024;17.100;11.632;27.405,-0.610482409351236,0.642861906028965,1.7690968716182696,0.6437698703163923,2.699050953597764,2.425296788155381,,,,,,,43.976,
1767459036.369403,531,104;105;106;200;201;202,14.908;17.546;8.752;21.029;19.807;27.544,-0.70608805863999,0.569141399625523,1.6592974394700608,0.6668506424711795,2.496266431268242,2.4624952662786685,,,,,,,45.766,
1767459036.463328,532,104;105;106;200;201;202,14.908;17.546;8.752;21.029;19.807;27.544,-0.70608805863999,0.569141399625523,1.6592974394700608,0.6668506424711795,2.496266431268242,2.4624952662786685,,,,,,,45.766,
1767459036.564107,533,103;104;105;201;202,10.366;15.615;14.430;20.544;28.174,-0.6800818246239861,0.652016233560847,1.7529599982617134,0.7257992938632686,2.5831678356274077,2.4630108355199365,,,,,,,46.793,
1767459036.665557,534,103;104;105;201;202,10.366;15.615;14.430;20.544;28.174,-0.6800818246239861,0.652016233560847,1.7529599982617134,0.7257992938632686,2.5831678356274077,2.4630108355199365,,,,,,,46.793,
1767459036.761680,535,104;105;200,12.997;13.834;20.714,-0.3674728433667178,0.6429540290882784,1.6266549607616227,0.7856348766309229,2.301660429312188,2.3124912924846313,,,,,,,37.680,
1767459036.860996,536,104;105;200,12.997;13.834;20.714,-0.3674728433667178,0.6429540290882784,1.6266549607616227,0.7856348766309229,2.301660429312188,2.3124912924846313,,,,,,,37.680,
1767459036.963364,537,103;104;105,7.751;14.639;12.181,-0.35988130169319643,0.7273372723000643,1.8525812840290747,1.017718037531704,2.6601082908464497,1.7849950081037034,,,,,,,39.759,
1767459037.067661,538,103;104;105,7.751;14.639;12.181,-0.35988130169319643,0.7273372723000643,1.8525812840290747,1.017718037531704,2.6601082908464497,1.7849950081037034,,,,,,,39.759,
1767459037.166973,539,103;104;105,7.751;14.639;12.181,-0.35988130169319643,0.7273372723000643,1.8525812840290747,1.017718037531704,2.6601082908464497,1.7849950081037034,,,,,,,39.759,
1767459037.268344,540,103;104;105,7.751;14.639;12.181,-0.35988130169319643,0.7273372723000643,1.8525812840290747,1.017718037531704,2.6601082908464497,1.7849950081037034,,,,,,,39.759,
1767459037.363959,541,103;104;105,7.751;14.639;12.181,-0.35988130169319643,0.7273372723000643,1.8525812840290747,1.017718037531704,2.6601082908464497,1.7849950081037034,,,,,,,39.759,
1767459037.461714,542,103;104;105,7.751;14.639;12.181,-0.35988130169319643,0.7273372723000643,1.8525812840290747,1.017718037531704,2.6601082908464497,1.7849950081037034,,,,,,,39.759,
1767459037.563859,543,103;104;105,7.751;14.639;12.181,-0.35988130169319643,0.7273372723000643,1.8525812840290747,1.017718037531704,2.6601082908464497,1.7849950081037034,,,,,,,39.759,
1767459037.664717,544,103;104;105,7.751;14.639;12.181,-0.35988130169319643,0.7273372723000643,1.8525812840290747,1.017718037531704,2.6601082908464497,1.7849950081037034,,,,,,,39.759,
1767459037.763229,545,103;104;105,7.751;14.639;12.181,-0.35988130169319643,0.7273372723000643,1.8525812840290747,1.017718037531704,2.6601082908464497,1.7849950081037034,,,,,,,39.759,
1767459037.864540,546,104;105;106;200,15.262;18.109;12.504;8.244,-0.42907088387906056,0.760188015938361,1.6220355872177799,1.0348964184339675,2.4589301792919804,1.6970380851306859,,,,,,,44.336,
1767459037.963373,547,104;105;106;200,15.262;18.109;12.504;8.244,-0.42907088387906056,0.760188015938361,1.6220355872177799,1.0348964184339675,2.4589301792919804,1.6970380851306859,,,,,,,44.336,
1767459038.064862,548,104;105;106;200,15.262;18.109;12.504;8.244,-0.42907088387906056,0.760188015938361,1.6220355872177799,1.0348964184339675,2.4589301792919804,1.6970380851306859,,,,,,,44.336,
1767459038.162350,549,104;105;106;200,15.262;18.109;12.504;8.244,-0.42907088387906056,0.760188015938361,1.6220355872177799,1.0348964184339675,2.4589301792919804,1.6970380851306859,,,,,,,44.336,
1767459038.264746,550,104;105;106;200,15.736;18.159;12.572;8.725,-0.3628614810515211,0.7706639556530706,1.5455648425598603,0.9538053704330638,2.624594942435217,1.8521777980273404,,,,,,,43.771,
1767459038.365798,551,104;105;106;200;202,14.749;18.046;13.041;12.453;13.688,-0.5141129798371797,0.7015100227775312,1.487999720728105,0.9609679321486272,2.4934661746703735,1.924693663644634,,,,,,,45.040,
1767459038.462085,552,104;105;202,15.715;18.728;15.255,-0.5687842132955119,0.5722443610549177,1.7073209493965924,0.9164710878508997,2.4575557882955974,1.920894907316408,,,,,,,40.497,
1767459038.565124,553,104;105;106;202,14.319;17.354;13.310;28.778,-0.7105663504806377,0.5151885288862524,1.8158255204346445,0.8084416552534665,2.623925891354516,1.9274786351779156,,,,,,,43.204,
1767459038.666264,554,104;105;106;202,14.319;17.354;13.310;28.778,-0.7105663504806377,0.5151885288862524,1.8158255204346445,0.8084416552534665,2.623925891354516,1.9274786351779156,,,,,,,43.204,
1767459038.765503,555,104;105;106;202,14.319;17.354;13.310;28.778,-0.7105663504806377,0.5151885288862524,1.8158255204346445,0.8084416552534665,2.623925891354516,1.9274786351779156,,,,,,,43.204,
1767459038.866109,556,104;105;106;202,15.066;18.154;12.896;28.874,-0.7354487558129519,0.5449936963719444,1.8186050090698418,0.6815236184989085,2.7892422801368646,1.9552947257081896,,,,,,,44.994,
1767459038.965931,557,104;105;106;202,16.131;18.160;12.504;28.783,-0.7479375430598444,0.5713899078670751,1.8195494422879408,0.591947818465034,2.9114381216767256,1.9707572107439881,,,,,,,46.224,
1767459039.071638,558,104;105;106;202,13.970;16.866;12.061;28.457,-0.7609854285353417,0.5888187902737376,1.8195103973465059,0.5252288784186215,3.0036465231304788,1.9864730519471472,,,,,,,47.226,
1767459039.171592,559,104;105;106;202,16.083;17.682;12.579;28.001,-0.6354318886100382,0.5811359611239778,1.7828173687083981,0.48442093907200706,2.9227655257979066,1.910125778641889,,,,,,,42.642,
1767459039.273241,560,104;105;106;202,16.083;17.682;12.579;28.001,-0.6354318886100382,0.5811359611239778,1.7828173687083981,0.48442093907200706,2.9227655257979066,1.910125778641889,,,,,,,42.642,
1767459039.365357,561,104;105;106;202,14.770;17.706;13.386;27.255,-0.6806223242814626,0.5959914268335276,1.792314962045776,0.4574269942759747,3.0113962762513435,1.9375231724873547,,,,,,,44.681,
1767459039.465723,562,103;104;105;202,7.538;15.448;18.603;28.098,-0.615684783283977,0.7320807330442916,1.8702492440504752,0.5637217369447521,3.075994426484033,1.9737963204663853,,,,,,,46.540,
1767459039.566366,563,104;105;106;202,15.977;17.201;12.518;27.618,-0.6660583906687086,0.7053987428640532,1.8580908352235646,0.5118634608606342,3.1294507204022586,1.9895349785385652,,,,,,,47.285,
1767459039.667400,564,103;104;105;106;202,9.796;15.861;19.212;13.597;27.493,-0.7692273141818837,0.7670430046779172,1.955719640983323,0.5505229209116442,3.192646225497979,1.963771972922788,,,,,,,51.795,
1767459039.766598,565,103;104;105;106;202,9.796;15.861;19.212;13.597;27.493,-0.7692273141818837,0.7670430046779172,1.955719640983323,0.5505229209116442,3.192646225497979,1.963771972922788,,,,,,,51.795,
1767459039.867034,566,103;104;105;106;202,9.796;15.861;19.212;13.597;27.493,-0.7692273141818837,0.7670430046779172,1.955719640983323,0.5505229209116442,3.192646225497979,1.963771972922788,,,,,,,51.795,
1767459039.964848,567,105;106;202,18.466;13.675;28.454,-0.8168225840610097,0.7056048102900176,1.8575565951711923,0.4282058926778633,3.171765247282188,2.173478296520034,,,,,,,52.428,
1767459040.066348,568,104;105;106;202,14.586;16.683;12.791;27.419,-0.81656141199281,0.6846975121342731,1.8472845365928172,0.3900924989391976,3.1919264286417968,2.1465860658822153,,,,,,,51.881,
1767459040.166316,569,104;105;106;202,13.541;16.850;12.167;26.677,-0.7168551054285979,0.8020663051537115,1.7581395824453299,0.37564443355272115,3.1295275394037074,2.1006219482256,,,,,,,53.178,
1767459040.266428,570,104;105;106;202,11.440;16.233;13.154;25.325,-0.5105916613272038,0.9424676735899888,1.7309857875209078,0.3592506926597764,2.9169626256153864,1.7805976261870473,,,,,,,53.238,
1767459040.363509,571,105;106;202,16.615;15.939;24.816,-0.5261893826843648,0.8989937242667946,1.6638231910668553,0.2420861674570434,2.9266287700432594,1.9384130957286603,,,,,,,52.354,
1767459040.472493,572,105;106;107;202,15.779;16.684;9.299;24.957,-0.6945878788016708,0.7890231193693795,1.6670140961280524,0.09300922807528247,2.9649827454874025,1.8692095142993435,,,,,,,52.792,
1767459040.569099,573,104;105;106;202,9.118;15.784;15.635;25.535,-0.8206318717070565,0.8091030336222599,1.7888161433863559,0.12667420983466285,2.975270510476109,1.8857691895187425,,,,,,,56.522,
1767459040.670110,574,105;106;202,15.467;18.151;26.263,-0.7675508142451722,0.8504504482115404,1.7018244237225941,0.021682594461606614,2.957651378745071,1.9643753712602376,,,,,,,57.046,
1767459040.768295,575,105;106;202,15.467;18.151;26.263,-0.7675508142451722,0.8504504482115404,1.7018244237225941,0.021682594461606614,2.957651378745071,1.9643753712602376,,,,,,,57.046,
1767459040.867471,576,105;106;202,15.467;18.151;26.263,-0.7675508142451722,0.8504504482115404,1.7018244237225941,0.021682594461606614,2.957651378745071,1.9643753712602376,,,,,,,57.046,
1767459040.969729,577,105;106;202,15.467;18.151;26.263,-0.7675508142451722,0.8504504482115404,1.7018244237225941,0.021682594461606614,2.957651378745071,1.9643753712602376,,,,,,,57.046,
1767459041.079534,578,105;106;107;202,14.955;16.959;9.377;25.752,-0.717958483933759,0.8361620899008028,1.595099046938503,-0.10977868519416278,2.9487934203746846,1.9227450965653259,,,,,,,55.901,
1767459041.177648,579,105;106;107;202,14.955;16.959;9.377;25.752,-0.717958483933759,0.8361620899008028,1.595099046938503,-0.10977868519416278,2.9487934203746846,1.9227450965653259,,,,,,,55.901,
1767459041.277675,580,105;106;107;202,14.955;16.959;9.377;25.752,-0.717958483933759,0.8361620899008028,1.595099046938503,-0.10977868519416278,2.9487934203746846,1.9227450965653259,,,,,,,55.901,
1767459041.367760,581,105;106;202,15.974;17.058;26.274,-0.6924554735899718,0.8690518655569925,1.5611395491332751,-0.13701040009269394,2.978430677152639,1.9860458442207696,,,,,,,56.642,
1767459041.466636,582,105;106;107;202,15.357;16.988;9.653;26.123,-0.810381647058345,0.7734421082367204,1.5829091667301705,-0.19321550572734097,2.9949401153883812,1.8928773857349512,,,,,,,56.900,
1767459041.563963,583,105;106;202,15.368;16.571;26.524,-0.7599122437569379,0.8247955823520182,1.5504674395312479,-0.20776475304370112,3.0074404791854117,1.9548180009280425,,,,,,,57.244,
1767459041.665069,584,105;106;107;202,14.782;16.607;9.076;26.319,-0.8633351920348933,0.7396834878247472,1.5734830246165423,-0.2436517658279792,3.016384608514513,1.8767856602732143,,,,,,,57.802,
1767459041.763742,585,105;106;202,15.328;17.904;25.492,-0.8020962655526255,0.7990085816930181,1.5430985402686204,-0.24844875658203194,3.0094056081647174,1.9355900563708446,,,,,,,57.835,
1767459041.865961,586,105;106;202,15.328;17.904;25.492,-0.8020962655526255,0.7990085816930181,1.5430985402686204,-0.24844875658203194,3.0094056081647174,1.9355900563708446,,,,,,,57.835,
1767459041.963291,587,105;106;202,16.020;16.678;25.933,-0.753032276702305,0.847314277070453,1.5233276579011932,-0.24560895705573924,3.0345550120605185,1.9814657237837534,,,,,,,58.077,
1767459042.066364,588,105;106;107;202,16.826;18.482;12.091;25.272,-0.7045588532185554,0.8494974702259278,1.46853517039887,-0.27738259946220145,3.053900903647086,1.9028956923904616,,,,,,,57.037,
1767459042.163799,589,105;106;202,14.649;17.735;25.820,-0.8404793375492499,0.8531374386914891,1.5588384749704673,-0.2452028289136402,3.0098232636395665,1.9250670860794183,,,,,,,60.920,
1767459042.265905,590,105;106;202,14.649;17.735;25.820,-0.8404793375492499,0.8531374386914891,1.5588384749704673,-0.2452028289136402,3.0098232636395665,1.9250670860794183,,,,,,,60.920,
1767459042.366454,591,105;106;107;202,13.715;17.609;11.944;26.229,-0.7865965096528112,0.8718134973798126,1.4820119702553718,-0.3035523640836784,3.038833860921182,1.8385419792475908,,,,,,,60.461,
1767459042.466501,592,105;106;107;202,13.715;17.609;11.944;26.229,-0.7865965096528112,0.8718134973798126,1.4820119702553718,-0.3035523640836784,3.038833860921182,1.8385419792475908,,,,,,,60.461,
1767459042.565670,593,105;106;202,13.878;18.140;25.651,-0.7608326278379486,0.9324347578471298,1.4721658344508444,-0.2959846235590433,3.067003208792397,1.8920891190010605,,,,,,,62.007,
1767459042.664312,594,106;107;202,17.243;11.997;25.289,-0.912355769880168,0.834334425773441,1.4459544009648149,-0.3918035862899599,3.0835428424355693,1.8624104769691041,,,,,,,63.885,
1767459042.765596,595,105;106;107;202,14.123;16.034;10.623;26.744,-0.9807275178761031,0.7641894165427341,1.4874248946418802,-0.3960287912813517,3.087252292255077,1.7729170400036551,,,,,,,63.846,
1767459042.864359,596,105;106;202,14.236;18.618;26.273,-0.9077059499703098,0.8593758295821988,1.4750509492336001,-0.38135342498764224,3.089935166412478,1.8183278064864583,,,,,,,64.294,
1767459042.963286,597,105;106;202,13.749;17.100;25.430,-0.8493161575636475,0.92628307316779,1.4666582967765844,-0.3607902635889716,3.099783302742415,1.8687303859857771,,,,,,,64.707,
1767459043.073066,598,105;106;202,13.749;17.100;25.430,-0.8493161575636475,0.92628307316779,1.4666582967765844,-0.3607902635889716,3.099783302742415,1.8687303859857771,,,,,,,64.707,
1767459043.171495,599,105;106;202,13.749;17.100;25.430,-0.8493161575636475,0.92628307316779,1.4666582967765844,-0.3607902635889716,3.099783302742415,1.8687303859857771,,,,,,,64.707,
1767459043.269662,600,105;106;202,14.707;16.300;25.745,-0.809377379806996,0.9813757049608719,1.4568435036236158,-0.34151799960740814,3.1297778165262886,1.9089621060254913,,,,,,,65.564,
1767459043.365067,601,105;106;202,13.404;17.995;25.395,-0.7786216297036971,1.01604053571023,1.4512463534476054,-0.3244073360878435,3.1517819487849263,1.9450644282734466,,,,,,,66.014,
1767459043.464311,602,105;106;202,14.892;18.750;25.921,-0.7554723792927367,1.0352363256345958,1.449103592230885,-0.3109605330252867,3.1646649004215055,1.9764469434672667,,,,,,,66.110,
1767459043.567161,603,105;106;202,14.892;18.750;25.921,-0.7554723792927367,1.0352363256345958,1.449103592230885,-0.3109605330252867,3.1646649004215055,1.9764469434672667,,,,,,,66.110,
1767459043.666630,604,105;106;202,14.892;18.750;25.921,-0.7554723792927367,1.0352363256345958,1.449103592230885,-0.3109605330252867,3.1646649004215055,1.9764469434672667,,,,,,,66.110,
1767459043.764544,605,106;107;202,16.489;12.471;24.108,-0.7351635056226494,0.9502464627206165,1.3700649201929727,-0.47764470876806725,3.1355183818591312,1.8306606379675185,,,,,,,62.797,
1767459043.867419,606,106;107;202,16.489;12.471;24.108,-0.7351635056226494,0.9502464627206165,1.3700649201929727,-0.47764470876806725,3.1355183818591312,1.8306606379675185,,,,,,,62.797,
1767459043.967024,607,106;107;202,15.882;16.829;22.145,-0.7487956740409287,0.9983465576354617,1.2467629117873649,-0.5333788614740221,3.245914985869655,1.601739844040911,,,,,,,66.208,
1767459044.069970,608,106;107;108;202,15.057;17.222;13.357;22.943,-0.7561074224279428,0.9393679638387623,1.1301155913605025,-0.6348428330901135,3.315069311826077,1.3650345878237922,,,,,,,64.908,
1767459044.167364,609,106;107;108;202,16.237;17.928;12.428;23.086,-0.7612888338329837,0.8996944766913106,1.0476429959212967,-0.6740798571368192,3.377843228682353,1.1831310493084135,,,,,,,64.024,
1767459044.265849,610,106;107;202,15.058;17.714;23.989,-0.8271719021995911,0.7966040096284308,1.1712837795698092,-0.6541910481285127,3.228249415471704,1.0550101857758254,,,,,,,61.588,
1767459044.366679,611,106;107;108;202,15.972;17.395;11.751;23.398,-0.8118744009288915,0.7964973573257007,1.0755210148857228,-0.67014933397144,3.2971826231479238,0.9576196368166325,,,,,,,61.643,
1767459044.465667,612,106;107;108,14.922;17.915;11.247,-0.7846873734974342,0.8333389236148775,0.9486306689515026,-0.5985522716642274,3.409992329218286,0.7842274675435016,,,,,,,62.806,
1767459044.563550,613,106;107;108,14.896;17.834;11.082,-0.7636367015303711,0.8548584382538142,0.8580654150948985,-0.5345004146374003,3.503095903504875,0.6568503825242413,,,,,,,63.392,
1767459044.666540,614,106;107;108;202,14.649;18.048;13.252;23.431,-0.7639404626930694,0.8382398957178903,0.8531331816981187,-0.5675983287024051,3.508151199290963,0.6669903708012244,,,,,,,62.753,
1767459044.763893,615,106;107;108,15.021;17.363;12.827,-0.746308895181386,0.8554555950678245,0.7884408810986181,-0.5014869085077173,3.571967207378872,0.5700373481263736,,,,,,,63.135,
1767459044.870090,616,106;107;108,15.021;17.363;12.827,-0.746308895181386,0.8554555950678245,0.7884408810986181,-0.5014869085077173,3.571967207378872,0.5700373481263736,,,,,,,63.135,
1767459044.967588,617,106;107;201;202,14.763;17.388;25.424;23.411,-0.7238558759246502,0.9179486551004604,0.8711755003932936,-0.6045296101444846,3.583874211610313,0.7792547276591386,,,,,,,64.566,
1767459045.072569,618,106;107;201;202,14.887;17.435;26.553;23.672,-0.7019576412495527,0.9609118645908633,0.9338291552486061,-0.6621010786726806,3.5860688334032345,0.9374978642090556,,,,,,,65.350,
1767459045.168438,619,106;107;201,15.026;17.465;25.279,-0.6635283752405616,1.0365943365155468,0.9086079419503833,-0.5987239882264247,3.675054238191453,0.9194880663535666,,,,,,,67.712,
1767459045.273566,620,106;107;201,15.026;17.465;25.279,-0.6635283752405616,1.0365943365155468,0.9086079419503833,-0.5987239882264247,3.675054238191453,0.9194880663535666,,,,,,,67.712,
1767459045.367473,621,106;107;201,15.026;17.465;25.279,-0.6635283752405616,1.0365943365155468,0.9086079419503833,-0.5987239882264247,3.675054238191453,0.9194880663535666,,,,,,,67.712,
1767459045.464715,622,106;107;201;202,15.975;16.660;25.383;23.658,-0.6586928264192037,1.0485824940148942,0.9636574693663764,-0.6480516423326427,3.65617386316416,1.0467691370143795,,,,,,,67.775,
1767459045.566341,623,106;107;201;202,15.975;16.660;25.383;23.658,-0.6586928264192037,1.0485824940148942,0.9636574693663764,-0.6480516423326427,3.65617386316416,1.0467691370143795,,,,,,,67.775,
1767459045.665087,624,106;107;201;202,15.975;16.660;25.383;23.658,-0.6586928264192037,1.0485824940148942,0.9636574693663764,-0.6480516423326427,3.65617386316416,1.0467691370143795,,,,,,,67.775,
1767459045.767709,625,106;107;108;201;202,15.475;17.099;14.008;25.018;23.350,-0.6608788609322458,0.9657002785931466,0.9686540613643712,-0.7078309139635856,3.633065431871122,1.0285652139076653,,,,,,,64.070,
1767459045.867355,626,106;107;108;201;202,15.475;17.099;14.008;25.018;23.350,-0.6608788609322458,0.9657002785931466,0.9686540613643712,-0.7078309139635856,3.633065431871122,1.0285652139076653,,,,,,,64.070,
1767459045.966541,627,106;107;108;201;202,15.656;17.042;12.804;24.877;24.143,-0.6613916616473802,0.909670892054633,0.9727793968403113,-0.7404675246857207,3.6169756537822217,1.0190279936622153,,,,,,,61.588,
1767459046.065736,628,106;107;200;201;202,15.579;17.349;18.237;24.883;23.256,-0.6644602181481764,0.9424823360925146,1.0069721617696088,-0.7536680117523318,3.5006908810934627,1.1713834403997374,,,,,,,62.920,
1767459046.166257,629,106;107;108;201;202,15.938;17.445;12.012;24.354;23.732,-0.664137538695584,0.8916026280717472,0.9994302862459983,-0.7779579386193968,3.5166585018569427,1.1192252467653832,,,,,,,60.735,
1767459046.267284,630,106;107;108;201;202,15.938;17.445;12.012;24.354;23.732,-0.664137538695584,0.8916026280717472,0.9994302862459983,-0.7779579386193968,3.5166585018569427,1.1192252467653832,,,,,,,60.735,
1767459046.369007,631,106;107;108;201;202,15.938;17.445;12.012;24.354;23.732,-0.664137538695584,0.8916026280717472,0.9994302862459983,-0.7779579386193968,3.5166585018569427,1.1192252467653832,,,,,,,60.735,
1767459046.462301,632,106;107;108,15.488;18.404;12.524,-0.6772079402910095,0.889597350359383,0.8937547593874439,-0.6662963145914632,3.5996492942395766,0.8924652397862215,,,,,,,61.661,
1767459046.562671,633,106;107;108,15.488;18.404;12.524,-0.6772079402910095,0.889597350359383,0.8937547593874439,-0.6662963145914632,3.5996492942395766,0.8924652397862215,,,,,,,61.661,
1767459046.667598,634,106;107;108;200;201;202,13.086;17.470;12.373;18.379;24.558;23.384,-0.6785156111890941,0.8461014389205859,0.9205385005667394,-0.7108146445868602,3.511121195033888,0.9704872456988829,,,,,,,59.696,
1767459046.765819,635,106;107;201;202,15.067;17.160;24.569;23.036,-0.6707641114986634,0.907866972944852,0.9696291804474871,-0.7349350702556894,3.521089601489122,1.0779125753124446,,,,,,,61.827,
1767459046.864225,636,106;107;201;202,16.355;17.694;24.763;22.739,-0.6654894873083885,0.9549315466468901,1.005449356591988,-0.7437879032036341,3.5414274640850945,1.1553305841412584,,,,,,,63.509,
1767459046.966317,637,106;107;108;201;202,15.717;17.815;12.106;24.844;23.126,-0.6652156253215485,0.8991043420481675,0.9993155664970106,-0.7717171357053618,3.545315712082278,1.1069798293344433,,,,,,,61.096,
1767459047.073025,638,106;107;108;201;202,13.318;17.034;13.541;25.928;23.771,-0.6646443065904852,0.8528945812427913,0.9909598157077546,-0.7911032175698173,3.5539758602534626,1.0680815887446435,,,,,,,59.138,
1767459047.168776,639,106;107;108;201;202,14.293;15.924;11.946;25.691;23.451,-0.6636406755253123,0.828643820424911,0.9889313057830056,-0.7950732623870913,3.5564046544916157,1.0501481634376542,,,,,,,58.086,
1767459047.270779,640,106;107;108;201;202,14.507;16.659;13.565;24.967;23.046,-0.6630698468818014,0.809459275073121,0.9856033766829467,-0.7971857261370169,3.5648285605682664,1.032764938874149,,,,,,,57.278,
1767459047.365737,641,106;107;201;202,15.112;17.490;25.378;23.635,-0.6608492001186292,0.8843677289954439,1.0163559591032496,-0.7968666774627808,3.5652055502056066,1.1240811364327654,,,,,,,60.218,
1767459047.474425,642,106;107;201;202,15.497;18.151;24.996;23.302,-0.7115942393836935,0.7837632914588879,1.1893768893562013,-0.7869686653981307,3.3340060130544917,1.1343075827701572,,,,,,,56.736,
1767459047.563456,643,107;201;202,17.826;25.100;24.194,-0.6716197069901924,0.7162021861773121,1.2307933351015363,-0.9242739015729063,3.2808704114697536,1.2854346953895635,,,,,,,52.433,
1767459047.666933,644,106;107;108;201;202,14.914;18.070;13.104;25.733;24.205,-0.6701080868405426,0.7302910026156229,1.1605847542669219,-0.8953478469961098,3.3551013699247787,1.2079903511384453,,,,,,,53.341,
1767459047.764723,645,106;107;201;202,15.268;17.579;25.748;23.528,-0.6681091780102675,0.8305890346626206,1.1392597988763924,-0.862804126421247,3.4088360137384885,1.2360996742087864,,,,,,,57.441,
1767459047.868124,646,106;107;108;201;202,14.216;17.044;13.031;25.251;23.660,-0.6655568988521635,0.8115097986101218,1.0949708621447485,-0.8520938326353374,3.453114419203982,1.1682910155383213,,,,,,,56.835,
1767459047.967425,647,106;107;108;201;202,16.078;17.053;12.444;24.856;23.384,-0.6667147199049354,0.7963085043202079,1.0623297042040194,-0.8431294152542349,3.485351156156735,1.1215143364768547,,,,,,,56.436,
1767459048.068960,648,106;107;108;202,13.673;16.132;14.250;23.791,-0.7346768970420483,0.6634323259061391,1.1121713919385274,-0.8170052855619164,3.382764372769652,0.901269617164454,,,,,,,53.549,
1767459048.162391,649,106;107;108;202,13.673;16.132;14.250;23.791,-0.7346768970420483,0.6634323259061391,1.1121713919385274,-0.8170052855619164,3.382764372769652,0.901269617164454,,,,,,,53.549,
1767459048.264656,650,106;107;108;202,13.673;16.132;14.250;23.791,-0.7346768970420483,0.6634323259061391,1.1121713919385274,-0.8170052855619164,3.382764372769652,0.901269617164454,,,,,,,53.549,
1767459048.363261,651,106;107;108;202,13.673;16.132;14.250;23.791,-0.7346768970420483,0.6634323259061391,1.1121713919385274,-0.8170052855619164,3.382764372769652,0.901269617164454,,,,,,,53.549,
1767459048.463667,652,106;107;108;202,13.673;16.132;14.250;23.791,-0.7346768970420483,0.6634323259061391,1.1121713919385274,-0.8170052855619164,3.382764372769652,0.901269617164454,,,,,,,53.549,
1767459048.566486,653,106;107;108,13.493;17.779;12.912,-0.7267329093250618,0.7373587877228454,0.9776269682544745,-0.6840101334754983,3.4720566562007473,0.7417302810811895,,,,,,,56.720,
1767459048.663635,654,106;107;108,13.493;17.779;12.912,-0.7267329093250618,0.7373587877228454,0.9776269682544745,-0.6840101334754983,3.4720566562007473,0.7417302810811895,,,,,,,56.720,
1767459048.765102,655,106;107;108,15.468;18.117;11.195,-0.766555712057642,0.6454814409173281,0.9989720620816128,-0.5920628685628939,3.502414039503496,0.5635777507312779,,,,,,,54.812,
1767459048.865855,656,106;107;108,14.047;16.497;11.007,-0.7975109322020202,0.5855152026565537,1.0121689193054173,-0.5166253714399971,3.5546810636714254,0.4600651255087334,,,,,,,54.054,
1767459048.966278,657,106;107;108,14.047;16.497;11.007,-0.7975109322020202,0.5855152026565537,1.0121689193054173,-0.5166253714399971,3.5546810636714254,0.4600651255087334,,,,,,,54.054,
1767459049.071996,658,106;107;108,14.047;16.497;11.007,-0.7975109322020202,0.5855152026565537,1.0121689193054173,-0.5166253714399971,3.5546810636714254,0.4600651255087334,,,,,,,54.054,
1767459049.167398,659,106;107;108,14.047;16.497;11.007,-0.7975109322020202,0.5855152026565537,1.0121689193054173,-0.5166253714399971,3.5546810636714254,0.4600651255087334,,,,,,,54.054,
1767459049.267548,660,106;107;108,14.047;16.497;11.007,-0.7975109322020202,0.5855152026565537,1.0121689193054173,-0.5166253714399971,3.5546810636714254,0.4600651255087334,,,,,,,54.054,
1767459049.366895,661,106;107;108,14.047;16.497;11.007,-0.7975109322020202,0.5855152026565537,1.0121689193054173,-0.5166253714399971,3.5546810636714254,0.4600651255087334,,,,,,,54.054,
1767459049.463575,662,106;107;108,14.047;16.497;11.007,-0.7975109322020202,0.5855152026565537,1.0121689193054173,-0.5166253714399971,3.5546810636714254,0.4600651255087334,,,,,,,54.054,
1767459049.567365,663,106;107;108,14.047;16.497;11.007,-0.7975109322020202,0.5855152026565537,1.0121689193054173,-0.5166253714399971,3.5546810636714254,0.4600651255087334,,,,,,,54.054,
1767459049.663667,664,106;107;108,14.047;16.497;11.007,-0.7975109322020202,0.5855152026565537,1.0121689193054173,-0.5166253714399971,3.5546810636714254,0.4600651255087334,,,,,,,54.054,
1767459049.765163,665,106;107;108,9.888;15.980;13.678,-0.8019980526817112,0.5795134506402511,1.0068391702642152,-0.4649035861765505,3.587663506967849,0.40190214746372394,,,,,,,54.087,
1767459049.863867,666,106;107;108,9.888;15.980;13.678,-0.8019980526817112,0.5795134506402511,1.0068391702642152,-0.4649035861765505,3.587663506967849,0.40190214746372394,,,,,,,54.087,
1767459049.963971,667,106;107;108,9.888;15.980;13.678,-0.8019980526817112,0.5795134506402511,1.0068391702642152,-0.4649035861765505,3.587663506967849,0.40190214746372394,,,,,,,54.087,
1767459050.065791,668,106;107;108,9.888;15.980;13.678,-0.8019980526817112,0.5795134506402511,1.0068391702642152,-0.4649035861765505,3.587663506967849,0.40190214746372394,,,,,,,54.087,
1767459050.166382,669,106;107;108,9.888;15.980;13.678,-0.8019980526817112,0.5795134506402511,1.0068391702642152,-0.4649035861765505,3.587663506967849,0.40190214746372394,,,,,,,54.087,
1767459050.266563,670,106;107;108,9.888;15.980;13.678,-0.8019980526817112,0.5795134506402511,1.0068391702642152,-0.4649035861765505,3.587663506967849,0.40190214746372394,,,,,,,54.087,
1767459050.366907,671,106;107;108,9.888;15.980;13.678,-0.8019980526817112,0.5795134506402511,1.0068391702642152,-0.4649035861765505,3.587663506967849,0.40190214746372394,,,,,,,54.087,
1767459050.463699,672,106;107;108,9.888;15.980;13.678,-0.8019980526817112,0.5795134506402511,1.0068391702642152,-0.4649035861765505,3.587663506967849,0.40190214746372394,,,,,,,54.087,
1767459050.565824,673,106;107;108,9.888;15.980;13.678,-0.8019980526817112,0.5795134506402511,1.0068391702642152,-0.4649035861765505,3.587663506967849,0.40190214746372394,,,,,,,54.087,
1767459050.668012,674,106;107;108,9.888;15.980;13.678,-0.8019980526817112,0.5795134506402511,1.0068391702642152,-0.4649035861765505,3.587663506967849,0.40190214746372394,,,,,,,54.087,
1767459050.768697,675,106;107;108,9.888;15.980;13.678,-0.8019980526817112,0.5795134506402511,1.0068391702642152,-0.4649035861765505,3.587663506967849,0.40190214746372394,,,,,,,54.087,
1767459050.867169,676,106;107;108,9.888;15.980;13.678,-0.8019980526817112,0.5795134506402511,1.0068391702642152,-0.4649035861765505,3.587663506967849,0.40190214746372394,,,,,,,54.087,
1767459050.966346,677,106;107;108,9.888;15.980;13.678,-0.8019980526817112,0.5795134506402511,1.0068391702642152,-0.4649035861765505,3.587663506967849,0.40190214746372394,,,,,,,54.087,
1767459051.074310,678,106;107;108,9.888;15.980;13.678,-0.8019980526817112,0.5795134506402511,1.0068391702642152,-0.4649035861765505,3.587663506967849,0.40190214746372394,,,,,,,54.087,
1767459051.178634,679,106;107;108,9.888;15.980;13.678,-0.8019980526817112,0.5795134506402511,1.0068391702642152,-0.4649035861765505,3.587663506967849,0.40190214746372394,,,,,,,54.087,
1767459051.280434,680,106;107;108,12.959;16.733;13.163,-0.7705225002834878,0.6896684749477406,0.906279188973393,-0.4118959322218884,3.5297614242235804,0.3306232420205506,,,,,,,57.014,
1767459051.382390,681,106;107;108,12.959;16.733;13.163,-0.7705225002834878,0.6896684749477406,0.906279188973393,-0.4118959322218884,3.5297614242235804,0.3306232420205506,,,,,,,57.014,
1767459051.479033,682,106;107;108,12.959;16.733;13.163,-0.7705225002834878,0.6896684749477406,0.906279188973393,-0.4118959322218884,3.5297614242235804,0.3306232420205506,,,,,,,57.014,
1767459051.570233,683,106;107;108,12.959;16.733;13.163,-0.7705225002834878,0.6896684749477406,0.906279188973393,-0.4118959322218884,3.5297614242235804,0.3306232420205506,,,,,,,57.014,
1767459051.666564,684,106;107;108,12.959;16.733;13.163,-0.7705225002834878,0.6896684749477406,0.906279188973393,-0.4118959322218884,3.5297614242235804,0.3306232420205506,,,,,,,57.014,
1767459051.768761,685,106;107;108,12.959;16.733;13.163,-0.7705225002834878,0.6896684749477406,0.906279188973393,-0.4118959322218884,3.5297614242235804,0.3306232420205506,,,,,,,57.014,
1767459051.866253,686,105;106;201,14.583;17.483;9.702,-0.7621502157772303,0.7649433457027347,1.1068785410354354,-0.3783269554699744,3.3435527507726577,0.5365923178695521,,,,,,,58.379,
1767459051.966494,687,105;106;201,14.583;17.483;9.702,-0.7621502157772303,0.7649433457027347,1.1068785410354354,-0.3783269554699744,3.3435527507726577,0.5365923178695521,,,,,,,58.379,
1767459052.062899,688,105;106;201,14.583;17.483;9.702,-0.7621502157772303,0.7649433457027347,1.1068785410354354,-0.3783269554699744,3.3435527507726577,0.5365923178695521,,,,,,,58.379,
1767459052.164447,689,105;106;201,14.583;17.483;9.702,-0.7621502157772303,0.7649433457027347,1.1068785410354354,-0.3783269554699744,3.3435527507726577,0.5365923178695521,,,,,,,58.379,
1767459052.265091,690,107;108;202,13.966;15.250;27.505,-0.7771160546196559,0.7467070539774546,0.96311124058316,-0.4783295134817516,3.2946222971851946,0.5082983615471258,,,,,,,59.098,
1767459052.367150,691,107;108;109;202,12.517;16.256;14.185;26.868,-0.8017937190884584,0.6717973550955878,0.8368354079885942,-0.5748314874530929,3.295235338654743,0.4309286267955062,,,,,,,57.996,
1767459052.465469,692,108;109;202,16.646;14.598;26.990,-0.8227995751391822,0.5051481298356693,0.7559633267628306,-0.7303675105992712,3.2800306213089963,0.30583969191269883,,,,,,,53.881,
1767459052.566518,693,108;109;202,16.646;14.598;26.990,-0.8227995751391822,0.5051481298356693,0.7559633267628306,-0.7303675105992712,3.2800306213089963,0.30583969191269883,,,,,,,53.881,
1767459052.665649,694,108;109;202,16.646;14.598;26.990,-0.8227995751391822,0.5051481298356693,0.7559633267628306,-0.7303675105992712,3.2800306213089963,0.30583969191269883,,,,,,,53.881,
1767459052.762171,695,108;109;202,16.646;14.598;26.990,-0.8227995751391822,0.5051481298356693,0.7559633267628306,-0.7303675105992712,3.2800306213089963,0.30583969191269883,,,,,,,53.881,
1767459052.863040,696,108;109;202,16.646;14.598;26.990,-0.8227995751391822,0.5051481298356693,0.7559633267628306,-0.7303675105992712,3.2800306213089963,0.30583969191269883,,,,,,,53.881,
1767459052.963915,697,108;109;202,16.646;14.598;26.990,-0.8227995751391822,0.5051481298356693,0.7559633267628306,-0.7303675105992712,3.2800306213089963,0.30583969191269883,,,,,,,53.881,
1767459053.074995,698,108;109;202,16.646;14.598;26.990,-0.8227995751391822,0.5051481298356693,0.7559633267628306,-0.7303675105992712,3.2800306213089963,0.30583969191269883,,,,,,,53.881,
1767459053.170545,699,108;109;202,16.646;14.598;26.990,-0.8227995751391822,0.5051481298356693,0.7559633267628306,-0.7303675105992712,3.2800306213089963,0.30583969191269883,,,,,,,53.881,
1767459053.265319,700,108;109;202,16.646;14.598;26.990,-0.8227995751391822,0.5051481298356693,0.7559633267628306,-0.7303675105992712,3.2800306213089963,0.30583969191269883,,,,,,,53.881,
1767459053.370315,701,108;109;202,16.646;14.598;26.990,-0.8227995751391822,0.5051481298356693,0.7559633267628306,-0.7303675105992712,3.2800306213089963,0.30583969191269883,,,,,,,53.881,
1767459053.463779,702,108;109;202,16.646;14.598;26.990,-0.8227995751391822,0.5051481298356693,0.7559633267628306,-0.7303675105992712,3.2800306213089963,0.30583969191269883,,,,,,,53.881,
1767459053.564868,703,108;109;202,16.646;14.598;26.990,-0.8227995751391822,0.5051481298356693,0.7559633267628306,-0.7303675105992712,3.2800306213089963,0.30583969191269883,,,,,,,53.881,
1767459053.665656,704,108;109;202,16.646;14.598;26.990,-0.8227995751391822,0.5051481298356693,0.7559633267628306,-0.7303675105992712,3.2800306213089963,0.30583969191269883,,,,,,,53.881,
1767459053.767066,705,108;109;202,16.646;14.598;26.990,-0.8227995751391822,0.5051481298356693,0.7559633267628306,-0.7303675105992712,3.2800306213089963,0.30583969191269883,,,,,,,53.881,
1767459053.866550,706,107;108;200,19.325;14.823;13.687,-0.7688673991401609,0.5078153295043351,0.7157505339212488,-0.6607826457860095,3.227582891714301,0.29119524804173097,,,,,,,51.574,
1767459053.966066,707,107;108;200,19.325;14.823;13.687,-0.7688673991401609,0.5078153295043351,0.7157505339212488,-0.6607826457860095,3.227582891714301,0.29119524804173097,,,,,,,51.574,
1767459054.064489,708,107;108;200,19.325;14.823;13.687,-0.7688673991401609,0.5078153295043351,0.7157505339212488,-0.6607826457860095,3.227582891714301,0.29119524804173097,,,,,,,51.574,
1767459054.168741,709,106;107;108;200,14.702;19.164;11.940;13.118,-0.7468882127290347,0.6414907845207743,0.6990378553785238,-0.601902450157594,3.2177227370335797,0.296038347841707,,,,,,,55.150,
1767459054.265825,710,106;107;108;200,14.702;19.164;11.940;13.118,-0.7468882127290347,0.6414907845207743,0.6990378553785238,-0.601902450157594,3.2177227370335797,0.296038347841707,,,,,,,55.150,
1767459054.365861,711,106;107;108;200,14.702;19.164;11.940;13.118,-0.7468882127290347,0.6414907845207743,0.6990378553785238,-0.601902450157594,3.2177227370335797,0.296038347841707,,,,,,,55.150,
1767459054.463767,712,106;107;108;200,14.702;19.164;11.940;13.118,-0.7468882127290347,0.6414907845207743,0.6990378553785238,-0.601902450157594,3.2177227370335797,0.296038347841707,,,,,,,55.150,
1767459054.566283,713,106;107;108;200,14.702;19.164;11.940;13.118,-0.7468882127290347,0.6414907845207743,0.6990378553785238,-0.601902450157594,3.2177227370335797,0.296038347841707,,,,,,,55.150,
1767459054.663837,714,106;107;108;200,14.702;19.164;11.940;13.118,-0.7468882127290347,0.6414907845207743,0.6990378553785238,-0.601902450157594,3.2177227370335797,0.296038347841707,,,,,,,55.150,
1767459054.768648,715,106;107;108;200,14.702;19.164;11.940;13.118,-0.7468882127290347,0.6414907845207743,0.6990378553785238,-0.601902450157594,3.2177227370335797,0.296038347841707,,,,,,,55.150,
1767459054.868182,716,106;107;108;200,14.702;19.164;11.940;13.118,-0.7468882127290347,0.6414907845207743,0.6990378553785238,-0.601902450157594,3.2177227370335797,0.296038347841707,,,,,,,55.150,
1767459054.968023,717,106;107;108;200,14.702;19.164;11.940;13.118,-0.7468882127290347,0.6414907845207743,0.6990378553785238,-0.601902450157594,3.2177227370335797,0.296038347841707,,,,,,,55.150,
1767459055.078097,718,106;107;108;200,14.702;19.164;11.940;13.118,-0.7468882127290347,0.6414907845207743,0.6990378553785238,-0.601902450157594,3.2177227370335797,0.296038347841707,,,,,,,55.150,
1767459055.171034,719,106;107;108;200,14.702;19.164;11.940;13.118,-0.7468882127290347,0.6414907845207743,0.6990378553785238,-0.601902450157594,3.2177227370335797,0.296038347841707,,,,,,,55.150,
1767459055.275350,720,106;107;108;200,14.702;19.164;11.940;13.118,-0.7468882127290347,0.6414907845207743,0.6990378553785238,-0.601902450157594,3.2177227370335797,0.296038347841707,,,,,,,55.150,
1767459055.371604,721,106;107;108;200,14.702;19.164;11.940;13.118,-0.7468882127290347,0.6414907845207743,0.6990378553785238,-0.601902450157594,3.2177227370335797,0.296038347841707,,,,,,,55.150,
1767459055.467580,722,106;107;108;201;202,15.305;17.988;10.602;15.423;17.093,-0.7146440483271438,0.7025356920253715,0.7464304049063026,-0.62875787249605,3.25309918391076,0.3781096244111472,,,,,,,55.952,
1767459055.565894,723,106;107;108;201;202,15.305;17.988;10.602;15.423;17.093,-0.7146440483271438,0.7025356920253715,0.7464304049063026,-0.62875787249605,3.25309918391076,0.3781096244111472,,,,,,,55.952,
1767459055.666099,724,106;107;108;201;202,15.259;18.232;11.798;16.702;16.106,-0.6894228777779365,0.746315908032868,0.7803969937649128,-0.6437130917863352,3.2813009054125875,0.43821210977766895,,,,,,,56.585,
1767459055.764913,725,106;107;108;201;202,15.259;18.232;11.798;16.702;16.106,-0.6894228777779365,0.746315908032868,0.7803969937649128,-0.6437130917863352,3.2813009054125875,0.43821210977766895,,,,,,,56.585,
1767459055.866322,726,106;107;108;201;202,15.259;18.232;11.798;16.702;16.106,-0.6894228777779365,0.746315908032868,0.7803969937649128,-0.6437130917863352,3.2813009054125875,0.43821210977766895,,,,,,,56.585,
1767459055.962332,727,106;107;201;202,14.301;17.827;28.791;28.269,-0.6705770396872808,0.8646902754069856,0.8279620218954445,-0.6788325131577764,3.2989650086670603,0.5600515868066084,,,,,,,60.689,
1767459056.063856,728,106;107;200;201;202,12.881;18.351;25.488;29.820;29.099,-0.6632094925235374,0.9340723230597295,0.8666613704068481,-0.6980346177448052,3.242491570580377,0.7092296641297894,,,,,,,63.309,
1767459056.163426,729,106;107;201;202,13.645;18.152;29.452;28.774,-0.6499305682961932,0.9987047194712979,0.8897571218869973,-0.6945065138048861,3.277866779184217,0.7632420228268435,,,,,,,65.692,
1767459056.265841,730,106;107;201;202,13.645;18.152;29.452;28.774,-0.6499305682961932,0.9987047194712979,0.8897571218869973,-0.6945065138048861,3.277866779184217,0.7632420228268435,,,,,,,65.692,
1767459056.365890,731,106;107;201;202,14.507;18.340;30.559;29.350,-0.638916120728411,1.0459513996718899,0.907500820745519,-0.6877701963507489,3.3097575370618664,0.8027124299046163,,,,,,,67.441,
1767459056.465610,732,106;107;201;202,14.851;17.065;29.243;29.865,-0.6336862656496733,1.08042780218677,0.919387564795255,-0.6830766056767047,3.3371358391954042,0.8324483101065676,,,,,,,68.826,
1767459056.568607,733,106;107;200;201;202,14.854;18.271;26.948;30.371;29.814,-0.634773961532492,1.0909286459759198,0.9310851824817072,-0.6790540417385962,3.2811086267680514,0.90713071634512,,,,,,,69.272,
1767459056.669191,734,106;107;200;201;202,16.121;16.869;26.574;30.178;30.406,-0.6380261418124631,1.097210303793719,0.9396460762078577,-0.6765420155671797,3.243011542033059,0.9617037813865466,,,,,,,69.598,
1767459056.768676,735,106;107;200;201;202,14.653;17.870;25.112;30.830;30.719,-0.6358408873207968,1.104827316582516,0.9439241297694767,-0.6715246504013251,3.2195487844078396,0.9954159571669141,,,,,,,69.866,
1767459056.869837,736,106;107;108;200;201;202,14.955;18.920;10.577;26.632;30.883;30.026,-0.6376800204500587,1.024563107189544,0.9342294199331117,-0.7029867310399823,3.19114001328566,0.9386817398325934,,,,,,,66.258,
1767459056.967856,737,106;107;108;201;202,16.194;19.377;12.226;30.337;29.905,-0.6342759508579172,0.970593290062789,0.9210070712210712,-0.720109984585071,3.231246569954469,0.8507333226772873,,,,,,,63.768,
1767459057.076735,738,106;107;200;201;202,16.135;18.197;26.140;30.295;30.137,-0.6349674999621262,1.0160799594486667,0.9296009892100092,-0.7047746487411576,3.2046973894427393,0.9145010002521269,,,,,,,65.818,
1767459057.175634,739,106;107;200;201;202,16.220;18.595;25.928;30.584;29.652,-0.6340565978444216,1.0442334166952245,0.9394546537954468,-0.6924419798005944,3.1843024856477053,0.9651856791538875,,,,,,,67.030,
1767459057.274461,740,106;107;200;201;202,15.279;17.724;26.903;30.598;30.385,-0.634685806131587,1.0682714534153523,0.9443042530806979,-0.6822292405670508,3.172536210456401,0.9990558885350193,,,,,,,68.130,
1767459057.374517,741,106;107;200;201;202,16.360;18.369;26.628;30.447;29.837,-0.636682043450738,1.0846614712718876,0.9477886207217613,-0.6755802394764869,3.170182087901375,1.0233297221421087,,,,,,,68.924,
1767459057.468659,742,106;107;200;201;202,15.650;18.373;26.900;30.746;30.726,-0.6364718436703426,1.0957899520273895,0.9499144056610668,-0.6710584054850849,3.1643700207009866,1.0413806992597658,,,,,,,69.422,
1767459057.567513,743,106;107;200;201;202,15.650;18.373;26.900;30.746;30.726,-0.6364718436703426,1.0957899520273895,0.9499144056610668,-0.6710584054850849,3.1643700207009866,1.0413806992597658,,,,,,,69.422,
1767459057.669391,744,106;107;200;201;202,15.788;18.058;26.510;30.045;30.277,-0.6354469138163864,1.102701789908781,0.9537733749209986,-0.6673217989995921,3.1538956678580186,1.0560942748006747,,,,,,,69.691,
1767459057.767753,745,106;107;200;201;202,14.277;18.496;26.465;30.453;29.898,-0.635426723463793,1.1053157859835303,0.9560956257246879,-0.6659683662481392,3.1529881143222585,1.0647198646547738,,,,,,,69.797,
1767459057.870319,746,106;107;108;200;201;202,14.761;17.714;11.450;25.896;30.648;29.495,-0.761119074568431,1.10190821777102,0.9118144729978349,-0.6511245844682124,3.1821370676193537,1.0085715914868512,,,,,,,73.559,
1767459057.969197,747,106;107;200;201;202,15.428;18.423;26.164;30.755;30.403,-0.7272865419878316,1.1069001618388141,0.9259827994235401,-0.65894330570668,3.162569381769316,1.0328204383298016,,,,,,,72.666,
1767459058.071275,748,106;107;108;200;201;202,15.911;18.589;10.559;26.851;31.482;29.703,-0.8284075087225407,1.100497925941042,0.8855184156420901,-0.6558060664818769,3.1985869854315108,0.988312917089164,,,,,,,75.804,
1767459058.169192,749,106;107;200;201;202,16.709;18.302;27.230;30.521;30.121,-0.7769085189941738,1.106993381109433,0.9049359712723564,-0.6643219042317524,3.178248323376892,1.0125470059154813,,,,,,,74.318,
1767459058.269428,750,106;107;200;201;202,15.087;19.035;26.292;30.835;29.779,-0.7386253510143149,1.1091405564519867,0.9208021667399806,-0.6698879431013254,3.163206380467148,1.0331979170242906,,,,,,,73.140,
1767459058.367609,751,106;107;201;202,15.907;19.424;30.549;29.629,-0.705651723634092,1.1251319584952348,0.9288463986844693,-0.6740900690526003,3.226522288251979,0.9906759101086383,,,,,,,72.844,
1767459058.467186,752,106;107;201;202,17.314;18.357;30.169;29.552,-0.6816899049725642,1.138356829573662,0.9305285964559044,-0.675173694484258,3.2775548502630785,0.9603234180783257,,,,,,,72.765,
1767459058.569076,753,106;107;200;201;202,15.269;17.519;26.342;30.223;30.569,-0.6685288192647076,1.1326896519203633,0.9404830540009038,-0.6738634229079348,3.2391274904668563,0.9989357093550504,,,,,,,72.073,
1767459058.668210,754,106;107;200;201;202,15.440;18.251;25.969;31.003;29.750,-0.6589147780711806,1.1297025592257197,0.9463348936489254,-0.6726141529885488,3.219490284486747,1.025959844618834,,,,,,,71.632,
1767459058.768228,755,106;107;200;201;202,15.848;18.675;27.003;30.946;30.890,-0.654791948404759,1.1277912637351883,0.9486736451016814,-0.6715283290940961,3.1987194481960644,1.0451546417381388,,,,,,,71.416,
1767459058.868380,756,106;107;200;201;202,16.839;17.991;26.494;30.826;29.696,-0.6517606941952765,1.1251326367019487,0.9514564491241457,-0.6708200229384269,3.1902621931805575,1.0586104175207955,,,,,,,71.191,
1767459058.969478,757,106;107;108;200;201;202,14.873;17.300;12.056;27.615;30.691;30.209,-0.6493392044966462,1.038062134567793,0.9389660359154691,-0.7091419858268437,3.1672794819580323,0.9830262172440528,,,,,,,67.182,
1767459059.073733,758,106;107;201;202,16.987;18.815;30.885;29.675,-0.6426864025159389,1.0732663947055014,0.940220197834382,-0.6991345382652602,3.233045875626318,0.9630187967321704,,,,,,,68.609,
1767459059.178690,759,106;107;108;200;201;202,16.507;18.299;11.537;27.333;29.775;30.523,-0.6424466036550078,1.0071602623906502,0.9267281292366435,-0.7142904924165465,3.2073076316621076,0.9135934970515239,,,,,,,65.643,
1767459059.275567,760,106;107;200;201;202,15.401;19.151;25.871;29.036;30.825,-0.6396583670440595,1.0379603062921334,0.935030899049612,-0.6993260351779181,3.1871908495707975,0.9604618870677266,,,,,,,66.925,
1767459059.375949,761,106;107;200;201;202,15.401;19.151;25.871;29.036;30.825,-0.6396583670440595,1.0379603062921334,0.935030899049612,-0.6993260351779181,3.1871908495707975,0.9604618870677266,,,,,,,66.925,
1767459059.470518,762,106;107;200;201;202,15.612;19.647;26.656;30.455;29.387,-0.6365868254934176,1.0636813702490349,0.942241483631018,-0.6856380730383063,3.178647653047449,0.9918650916186207,,,,,,,67.983,
1767459059.570637,763,106;107;200;201;202,15.612;19.647;26.656;30.455;29.387,-0.6365868254934176,1.0636813702490349,0.942241483631018,-0.6856380730383063,3.178647653047449,0.9918650916186207,,,,,,,67.983,
1767459059.669834,764,106;107;200;201;202,15.612;19.647;26.656;30.455;29.387,-0.6365868254934176,1.0636813702490349,0.942241483631018,-0.6856380730383063,3.178647653047449,0.9918650916186207,,,,,,,67.983,
1767459059.769045,765,106;107;108;200;201;202,16.645;17.755;12.079;27.261;30.135;30.641,-0.6401639048701123,0.9967170458118642,0.9312880839119205,-0.7086854748167768,3.170926285192491,0.9335999171843298,,,,,,,65.072,
1767459059.869634,766,106;107;200;201;202,15.681;18.792;26.349;31.172;29.467,-0.6393241020953665,1.030286176918825,0.9393756955048815,-0.6958153868960226,3.1558475086717506,0.9776311688235828,,,,,,,66.536,
1767459059.967197,767,106;107;200;201;202,15.681;18.792;26.349;31.172;29.467,-0.6393241020953665,1.030286176918825,0.9393756955048815,-0.6958153868960226,3.1558475086717506,0.9776311688235828,,,,,,,66.536,
1767459060.068983,768,106;107;200;201;202,15.681;18.792;26.349;31.172;29.467,-0.6393241020953665,1.030286176918825,0.9393756955048815,-0.6958153868960226,3.1558475086717506,0.9776311688235828,,,,,,,66.536,
1767459060.169429,769,106;107;200;201;202,15.548;18.613;26.165;29.261;29.818,-0.6384793728897629,1.0569525041525414,0.9454646288016616,-0.6851840041296583,3.1526758772634755,1.0100165898471622,,,,,,,67.704,
1767459060.266495,770,106;107;201;202,15.805;19.018;30.672;30.279,-0.6327567680582987,1.0871072051843467,0.9446567419127925,-0.6806885708074856,3.2233288512932803,0.9801337817672366,,,,,,,68.951,
1767459060.369766,771,106;107;108;200;201;202,16.814;17.078;11.744;26.604;29.896;30.005,-0.6352859228568629,1.0157654738182011,0.9343679350205253,-0.703747881734592,3.19932789753383,0.9281765171889944,,,,,,,65.784,
1767459060.468771,772,106;107;200;201;202,15.372;17.935;27.682;30.616;30.606,-0.6370539196968792,1.0453121965117853,0.9412411981687882,-0.6930616304035991,3.177242946278832,0.9771773216167033,,,,,,,67.152,
1767459060.569772,773,106;107;108;200;201;202,16.294;17.139;11.138;27.633;29.877;30.520,-0.7819241522123317,0.9665042385359509,1.0052377218055932,-0.6751124384653739,3.0814275201860166,0.8996979988513333,,,,,,,67.763,
1767459060.671491,774,106;107;200;201;202,16.007;18.295;27.358;30.394;30.055,-0.7423286396494218,1.0117912253016357,0.9928634629418669,-0.6758188565593327,3.092256505134097,0.9453725387726936,,,,,,,68.474,
1767459060.772910,775,106;107;108;200;201;202,16.754;18.849;10.994;27.105;30.351;29.634,-0.7124266394978427,0.9614568957405152,0.9686594396757889,-0.7000902232811942,3.0918282748371633,0.9077235511931134,,,,,,,65.498,
1767459060.876066,776,106;107;200;201;202,16.131;18.091;26.908;30.018;30.086,-0.6960430909756191,1.0056369403484473,0.9659014410788597,-0.6948514836750953,3.0991694383592856,0.9567253927182892,,,,,,,66.937,
1767459060.973151,777,106;107;200;201;202,17.322;17.758;26.762;31.388;30.143,-0.680560346522893,1.0384248751107301,0.9641283690782569,-0.6871675794983407,3.1112104201409987,0.992423737817956,,,,,,,67.948,
1767459061.078358,778,106;107;200;201;202,15.802;18.143;26.114;29.995;29.450,-0.6690428316107823,1.0624228333866192,0.9615454656094641,-0.6806454229887525,3.1208526059408666,1.0191338312076426,,,,,,,68.716,
1767459061.180209,779,106;107;200;201;202,17.463;18.774;26.319;30.504;30.946,-0.6606425023043149,1.0789255586728432,0.9616976090979114,-0.6759583586713536,3.13183881975883,1.0371816894541055,,,,,,,69.231,
1767459061.279194,780,106;107;200;201;202,15.704;17.493;27.370;30.843;30.072,-0.6558753693633239,1.0899396634620702,0.9593913518540516,-0.6737600274528893,3.1320879579791274,1.053108487225829,,,,,,,69.620,
1767459061.377040,781,106;107;200;201;202,16.101;18.256;26.655;31.267;29.260,-0.6499402541504025,1.09809950910983,0.9591896072825519,-0.6701794490081069,3.1376260673725866,1.0612839420938134,,,,,,,69.835,
1767459061.485243,782,106;107;200;201;202,16.226;18.798;27.288;30.814;30.818,-0.648511721339535,1.1045126647083965,0.9584288140658361,-0.6686774310786148,3.139478336630528,1.0708655496612272,,,,,,,70.098,
1767459061.574230,783,106;107;108;200;201;202,15.798;18.589;10.939;27.500;30.448;30.263,-0.7745342556004801,1.0971558555804304,0.9119872279228136,-0.6559752587841681,3.171466074726918,1.013547486054158,,,,,,,73.762,
1767459061.670989,784,106;107;108;200;201;202,15.798;18.589;10.939;27.500;30.448;30.263,-0.7745342556004801,1.0971558555804304,0.9119872279228136,-0.6559752587841681,3.171466074726918,1.013547486054158,,,,,,,73.762,
1767459061.769366,785,106;107;200;201;202,15.557;17.988;26.430;31.006;29.985,-0.7385755681196943,1.1036993968316058,0.9271640987888793,-0.6641670599669374,3.1643626656109958,1.0355571092210112,,,,,,,72.851,
1767459061.868725,786,106;107;200;201;202,16.524;19.453;26.787;30.387;30.553,-0.7107365320845294,1.1080939755121133,0.9375222041902666,-0.667819244030614,3.1590034941285987,1.0494435343200428,,,,,,,72.156,
1767459061.969046,787,106;107;200;201;202,16.524;19.453;26.787;30.387;30.553,-0.7107365320845294,1.1080939755121133,0.9375222041902666,-0.667819244030614,3.1590034941285987,1.0494435343200428,,,,,,,72.156,
1767459062.068020,788,106;107;201;202,15.978;18.553;30.493;30.778,-0.6849311776099353,1.1248039465688786,0.9408616033120294,-0.6728618470490835,3.2252831327032565,1.005696744023443,,,,,,,72.160,
1767459062.169255,789,106;107;200;201;202,17.410;18.886;26.111;30.924;29.444,-0.6712772791733538,1.1250026231655574,0.9446888667096832,-0.6710216542508952,3.2090709762002065,1.0270525366594665,,,,,,,71.764,
1767459062.265769,790,106;107;201;202,17.274;18.652;31.124;30.618,-0.658436130481651,1.1386178318884506,0.9455575048045174,-0.6729124580945756,3.268616630748583,0.9917772250765583,,,,,,,72.039,
1767459062.368728,791,106;107;200;201;202,16.868;18.313;26.252;30.620;31.322,-0.652560283635198,1.13216364296401,0.9510625469128989,-0.6721830793864845,3.2355756302259047,1.021955590412653,,,,,,,71.543,
1767459062.467749,792,106;107;200;201;202,15.915;18.626;26.607;31.498;30.289,-0.6492221550332659,1.126453806479735,0.956531108088736,-0.6716988179535068,3.211057872300365,1.0458500449124468,,,,,,,71.150,
1767459062.571051,793,106;107;108;200;201;202,14.936;18.913;11.811;27.432;29.860;29.372,-0.7754895073564431,1.115273219329151,0.909381080174726,-0.6557679672454882,3.2253970624744857,0.9859995050972505,,,,,,,74.610,
1767459062.667425,794,106;107;201;202,15.919;18.953;30.583;31.008,-0.7321528725328583,1.1295445753174187,0.9207706770059737,-0.6651690150121209,3.268582464836503,0.9553403041056061,,,,,,,73.867,
1767459062.768664,795,106;107;201;202,15.935;18.495;30.451;30.598,-0.7010237823959944,1.142150444268385,0.9286458595904125,-0.6701515037484952,3.3077715981215006,0.9368751699419721,,,,,,,73.493,
1767459062.869225,796,106;107;200;201;202,16.158;19.338;26.054;30.114;30.275,-0.6831467221489521,1.1357461021965225,0.9394130717039405,-0.6700454874062276,3.267256213883838,0.9826320928621585,,,,,,,72.624,
1767459062.969950,797,106;107;200;201;202,17.012;18.826;26.605;31.760;30.106,-0.6707995430014524,1.1342248982236327,0.9434652104482978,-0.6682427139158013,3.2385777139868837,1.0122317350410772,,,,,,,72.185,
1767459063.080781,798,106;107;200;201;202,16.912;17.614;27.231;31.224;30.396,-0.6628142967266428,1.1286981932522118,0.9476475960251058,-0.669153579472565,3.2149408671081003,1.0369201825688252,,,,,,,71.683,
1767459063.179224,799,106;107;108;201;202,15.727;18.952;11.527;30.960;29.771,-0.6516999791838209,1.0513092239202106,0.9330471190068583,-0.7101257722870168,3.2481484544218073,0.9225515436453247,,,,,,,67.894,
1767459063.279330,800,106;107;200;201;202,15.215;18.157;27.324;30.916;30.550,-0.6474893447528863,1.069682282313658,0.941848112350288,-0.6969880417126894,3.2171915881318625,0.9715054721510288,,,,,,,68.566,
1767459063.379658,801,106;107;200;201;202,16.111;18.732;26.963;29.614;30.699,-0.6452850971717862,1.084499846130406,0.9476652948494452,-0.6871107800606869,3.1980184042318758,1.0057967187627634,,,,,,,69.153,
1767459063.483855,802,106;107;200;201;202,17.531;16.982;25.363;29.798;30.778,-0.642829828332147,1.0973112141455401,0.9513826185567451,-0.6779039489179962,3.1861852616765765,1.0302251070916544,,,,,,,69.656,
1767459063.575576,803,106;107;200;201;202,16.706;18.309;27.002;30.924;29.756,-0.6437376200969469,1.1033137187799213,0.954562698574847,-0.6743963871865558,3.1764904320970886,1.0501815054852355,,,,,,,69.939,
1767459063.675417,804,106;107;200;201;202,15.141;18.505;25.115;30.627;30.365,-0.6435937213044294,1.107947745789311,0.9535933134660385,-0.6709711465794737,3.1691359690107346,1.0598288500318018,,,,,,,70.157,
1767459063.768521,805,106;107;200;201;202,15.777;19.588;27.583;31.171;29.946,-0.6417685053099489,1.1120480608557461,0.9554914146548401,-0.6682402304942733,3.163570503731508,1.0703932991073666,,,,,,,70.286,
1767459063.867583,806,106;107;200;201;202,15.777;19.588;27.583;31.171;29.946,-0.6417685053099489,1.1120480608557461,0.9554914146548401,-0.6682402304942733,3.163570503731508,1.0703932991073666,,,,,,,70.286,
1767459063.969296,807,106;107;200;201;202,15.951;17.765;26.710;31.227;29.301,-0.6412588748880516,1.1156526602400312,0.9559225561515505,-0.6658399196324511,3.163027510482568,1.0757090754774425,,,,,,,70.437,
1767459076.341962,0,106;107;200;201;202,16.972;18.978;26.561;31.108;30.573,-0.6310625744471628,1.11538694762068,0.9850950423619433,-0.6304617300802309,3.1319498603969835,1.1626956536401416,,,,,,,69.955,
1767459076.468611,1,106;107;200;201;202,16.804;19.546;27.525;31.118;29.503,-0.6349409390112012,1.1153024804291316,0.9800018074313683,-0.6401776128970256,3.1349130435764057,1.14682582787585,,,,,,,70.089,
1767459076.605140,2,106;107;200;201;202,16.543;18.197;26.796;29.912;30.158,-0.6361659798597966,1.1174404424099447,0.9743559398439735,-0.6462307152347657,3.139135761538453,1.1320327155871521,,,,,,,70.259,
1767459076.701505,3,106;107;200;201;202,17.005;18.152;27.226;30.764;29.269,-0.6373071714800945,1.1206476995838992,0.9697036836911325,-0.6491024732037572,3.144784623191337,1.1205781950387983,,,,,,,70.471,
1767459076.784171,4,106;107;200;201;202,16.914;17.072;26.802;30.806;30.431,-0.6381854328563265,1.1222918668192239,0.9667480290899084,-0.6526817750993475,3.1510164859155188,1.112255663531693,,,,,,,70.591,
1767459076.892791,5,106;107;108;200;201;202,17.456;18.422;11.309;27.381;30.682;30.657,-0.6406420369966123,1.038343177461266,0.9495932684008175,-0.6964007710050576,3.145858491504657,1.0209130974607186,,,,,,,66.881,
1767459076.980440,6,106;107;200;201;202,15.902;18.963;26.849;31.563;30.333,-0.6395519260056413,1.0618282264253807,0.954532506247769,-0.6844864302622867,3.1430320832352923,1.0414783759954285,,,,,,,67.901,
1767459077.059689,7,106;107;201;202,16.101;18.984;30.671;29.823,-0.632162344071885,1.0944025395156034,0.953610592764283,-0.6769237742152956,3.2158817251414855,1.0017280559238702,,,,,,,69.217,
1767459077.145418,8,106;107;200;201;202,15.962;18.673;26.066;29.576;30.549,-0.6339883372310349,1.09984965840377,0.9577937025134758,-0.6729670010864403,3.1946555549631896,1.0303563925510308,,,,,,,69.493,
1767459077.229463,9,106;107;200;201;202,15.962;18.673;26.066;29.576;30.549,-0.6339883372310349,1.09984965840377,0.9577937025134758,-0.6729670010864403,3.1946555549631896,1.0303563925510308,,,,,,,69.493,
1767459077.327215,10,106;107;201;202,17.089;18.502;29.835;30.800,-0.630482966302102,1.120138585658367,0.9545248140068266,-0.6719295101244134,3.2550474920303016,0.9945398916664069,,,,,,,70.370,
1767459077.429036,11,106;107;200;201;202,16.502;19.182;27.393;31.037;30.177,-0.6347540338591728,1.118976137348017,0.9585266445985517,-0.6692538420551859,3.225412654821136,1.0270791904532082,,,,,,,70.401,
1767459077.529020,12,106;107;200;201;202,16.603;18.660;26.577;30.841;29.930,-0.6362389402423957,1.1192343214151115,0.9581188851472588,-0.6662382990896234,3.2029593000224645,1.046548018009713,,,,,,,70.456,
1767459077.632829,13,106;107;108;200;201;202,15.944;19.235;11.369;27.321;30.884;30.189,-0.8343756788914182,0.9910482369969312,1.0358839281890087,-0.6611071920739076,3.047653659516019,0.8993150364717986,,,,,,,70.341,
1767459077.728781,14,106;107;108;201;202,16.433;18.666;10.876;29.906;30.915,-0.7786368387601399,0.9499717148126531,0.994478813616565,-0.7054927060133958,3.1067905108798914,0.8230873326457204,,,,,,,67.036,
1767459077.827206,15,106;107;201;202,16.127;18.415;31.325;30.735,-0.7351234067088593,1.0124589494863112,0.9793596339805467,-0.704020308645985,3.1789659972231488,0.8326532401232222,,,,,,,68.365,
1767459077.927843,16,106;107;200;201;202,17.542;19.400;24.439;30.694;29.088,-0.7119044852152143,1.042304799820688,0.972269903141933,-0.6976112636680368,3.169834965355887,0.9050866700432537,,,,,,,69.005,
1767459078.038089,17,106;107;200;201;202,16.334;18.902;27.350;30.559;30.252,-0.6936915921912588,1.062690345266991,0.9699680274040352,-0.6910626582481519,3.1583221103083345,0.9605669956046676,,,,,,,69.388,
1767459078.139686,18,106;107;108;200;201;202,16.156;19.241;12.337;26.996;29.139;29.845,-0.6803815673653559,0.9936851429943373,0.9496721853226385,-0.7142736099364007,3.148021811175855,0.910367940859362,,,,,,,66.028,
1767459078.238863,19,106;107;200;201;202,16.870;18.149;27.151;31.670;30.674,-0.6682700335315747,1.0290108863548317,0.9535690315188216,-0.7013196988243914,3.1452110766151846,0.9613809061439403,,,,,,,67.228,
1767459078.328153,20,106;107;200;201;202,15.662;18.460;26.691;29.988;30.033,-0.659687944691934,1.055954509230812,0.9558670433589895,-0.6896305986386871,3.145385014036888,0.997306981039586,,,,,,,68.190,
1767459078.457936,21,106;107;200;201;202,15.990;18.030;27.084;30.865;30.887,-0.6561154047375797,1.0749117489259687,0.9582545549513081,-0.6832250430354146,3.146226871249165,1.026261469892165,,,,,,,68.943,
1767459078.531994,22,106;107;200;201;202,17.601;18.585;27.818;31.138;29.465,-0.6502010773798442,1.0869415370775912,0.962062935187688,-0.6757047426253099,3.1496556253126933,1.0467839797753,,,,,,,69.307,
1767459078.629823,23,106;107;200;201;202,17.770;18.288;26.788;30.894;30.096,-0.6464183868020565,1.098044887189851,0.9627612414106957,-0.6709292421278173,3.148682409982308,1.0617010574076897,,,,,,,69.712,
1767459078.729718,24,106;107;200;201;202,15.890;18.708;27.336;30.305;29.872,-0.6455485388804173,1.1051469321040484,0.9596718956213387,-0.667861771935137,3.1491594203564772,1.0698013957351522,,,,,,,70.039,
1767459078.832504,25,106;107;108;200;201;202,15.890;18.782;12.555;27.513;31.613;29.762,-0.7741310725519239,1.100299087541645,0.9121029568493716,-0.6532486744316807,3.1742081416602383,1.0110327950071916,,,,,,,73.887,
1767459078.946701,26,106;107;200;201;202,16.359;19.085;26.993;31.330;29.579,-0.7384529186495249,1.1046062093202356,0.926442638427958,-0.6619463798405856,3.1627160674193764,1.0329340739813422,,,,,,,72.893,
1767459079.074306,27,106;107;200;201;202,15.297;17.665;26.677;30.420;30.178,-0.7101631322780327,1.1076897765708669,0.9375832735347349,-0.6665279613400927,3.155776384177405,1.0496700935521723,,,,,,,72.121,
1767459079.171251,28,106;107;201;202,15.732;19.439;30.475;30.207,-0.6843242688902517,1.123868330841337,0.9405965466166958,-0.6705979133208911,3.220650298136333,1.003149376051397,,,,,,,72.102,
1767459079.241866,29,106;107;200;201;202,16.085;18.933;26.422;30.198;29.981,-0.6735824184517503,1.123213091965019,0.9449493157518223,-0.6714121999640896,3.2015222941453696,1.0302369314538637,,,,,,,71.743,
1767459079.330638,30,106;107;200;201;202,16.928;18.726;26.700;30.828;30.779,-0.6642414622543797,1.122625620676552,0.9470310354219775,-0.6694393042285425,3.1865248554766192,1.0464560370110125,,,,,,,71.444,
1767459079.429875,31,106;107;200;201;202,16.813;18.493;26.614;30.774;29.770,-0.6578025013687087,1.1208159063119831,0.952071735743476,-0.6693261437455246,3.178157538819538,1.0618121980781574,,,,,,,71.150,
1767459079.537782,32,106;107;108;201;202,16.409;18.623;12.291;31.065;28.965,-0.6488436035872958,1.0442471395288495,0.9364318670140817,-0.7115615645806371,3.217557126940361,0.9410719186939107,,,,,,,67.467,
1767459079.634143,33,106;107;200;201;202,16.812;19.654;26.351;31.587;30.801,-0.6482830300507274,1.0671228927987777,0.9423066539578928,-0.6975659750437061,3.201549636910433,0.9828630086000697,,,,,,,68.468,
1767459079.729544,34,106;107;108;200;201;202,16.235;18.753;11.818;27.052;30.571;29.995,-0.6484235538507183,0.9995504992790472,0.930289137582626,-0.7170588165487527,3.1844878631974933,0.9297752612783978,,,,,,,65.450,
1767459079.832483,35,106;107;108;200;201;202,16.818;19.001;11.827;27.323;30.273;29.847,-0.6461867421692218,0.9505717010350552,0.9217561534677221,-0.7233069090904752,3.1694323531024895,0.890463906170653,,,,,,,63.217,
1767459079.928752,36,106;107;108;200;201;202,16.818;19.001;11.827;27.323;30.273;29.847,-0.6461867421692218,0.9505717010350552,0.9217561534677221,-0.7233069090904752,3.1694323531024895,0.890463906170653,,,,,,,63.217,
1767459080.045929,37,106;107;108;200;201;202,16.818;19.001;11.827;27.323;30.273;29.847,-0.6461867421692218,0.9505717010350552,0.9217561534677221,-0.7233069090904752,3.1694323531024895,0.890463906170653,,,,,,,63.217,
1767459080.129907,38,106;107;200;201;202,17.014;17.194;26.605;30.046;30.034,-0.648347009638114,0.9979515147738308,0.9316634702271427,-0.7102110481386218,3.157459419980088,0.9492540529513493,,,,,,,65.367,
1767459080.229041,39,106;107;200;201;202,16.217;19.243;27.104;31.494;30.765,-0.6468222832479532,1.0322785946925361,0.937597819708182,-0.6967412234664507,3.152025672124632,0.9872176206779092,,,,,,,66.853,
1767459080.328167,40,106;107;108;201;202,16.806;17.877;11.207;30.757;30.572,-0.6427319783987653,0.9818282129584688,0.9227376213790124,-0.7173364475093286,3.20845332123644,0.8865078116887826,,,,,,,64.520,
1767459080.431882,41,106;107;108;201;202,16.806;17.877;11.207;30.757;30.572,-0.6427319783987653,0.9818282129584688,0.9227376213790124,-0.7173364475093286,3.20845332123644,0.8865078116887826,,,,,,,64.520,
1767459080.529967,42,106;107;200;201;202,17.258;18.537;27.695;30.593;30.765,-0.6440660467154533,1.0200236968772414,0.9312390433379442,-0.7056400813601014,3.1864478927422164,0.9442974680376427,,,,,,,66.251,
1767459080.626727,43,106;107;200;201;202,17.258;18.537;27.695;30.593;30.765,-0.6440660467154533,1.0200236968772414,0.9312390433379442,-0.7056400813601014,3.1864478927422164,0.9442974680376427,,,,,,,66.251,
1767459080.727890,44,106;107;201;202,15.979;18.730;31.033;30.279,-0.6364299907014538,1.0617221693712104,0.9357281743370147,-0.6943924456717088,3.2469605400066612,0.9331620826696888,,,,,,,67.929,
1767459080.832961,45,106;107;200;201;202,15.536;17.816;26.482;30.985;30.131,-0.6374800838980118,1.0775776555975767,0.9421841544129983,-0.6852825185420608,3.215315224341265,0.9804166173100685,,,,,,,68.653,
1767459080.933859,46,106;107;108;200;201;202,17.119;17.934;10.325;27.397;30.471;29.948,-0.6416352825070388,1.003043838398894,0.9318335170300224,-0.7106502236830481,3.1941168278436654,0.9268838241819184,,,,,,,65.400,
1767459081.037483,47,106;107;108;200;201;202,17.119;17.934;10.325;27.397;30.471;29.948,-0.6416352825070388,1.003043838398894,0.9318335170300224,-0.7106502236830481,3.1941168278436654,0.9268838241819184,,,,,,,65.400,
1767459081.140877,48,106;107;200;201;202,16.264;18.747;26.395;29.692;29.731,-0.6420283054211148,1.0344555938609115,0.9402522848970615,-0.698574483360856,3.176739938031709,0.9736899723407685,,,,,,,66.800,
1767459081.234200,49,106;107;200;201;202,16.048;18.469;26.304;30.172;29.928,-0.6435444068639663,1.0575849686452665,0.9463161957829868,-0.6895012499795512,3.1656833723165385,1.0086137402912616,,,,,,,67.869,
1767459081.335474,50,106;107;200;201;202,16.048;18.469;26.304;30.172;29.928,-0.6435444068639663,1.0575849686452665,0.9463161957829868,-0.6895012499795512,3.1656833723165385,1.0086137402912616,,,,,,,67.869,
1767459081.434301,51,106;107;200;201;202,16.048;18.469;26.304;30.172;29.928,-0.6435444068639663,1.0575849686452665,0.9463161957829868,-0.6895012499795512,3.1656833723165385,1.0086137402912616,,,,,,,67.869,
1767459081.532747,52,106;107;200;201;202,15.629;19.149;26.690;29.751;30.715,-0.7164459174493454,0.9237326869667798,1.1131973923790555,-0.6875670466062481,2.929493393320962,0.9690571355975329,,,,,,,63.078,
1767459081.633007,53,106;107;201;202,16.029;18.645;30.883;29.399,-0.6914313493635615,0.9964905270672626,1.062969647553579,-0.6948511829287338,3.0480361112011742,0.9409449089009801,,,,,,,65.752,
1767459081.736404,54,106;107;201;202,16.029;18.645;30.883;29.399,-0.6914313493635615,0.9964905270672626,1.062969647553579,-0.6948511829287338,3.0480361112011742,0.9409449089009801,,,,,,,65.752,
1767459081.828140,55,106;107;201;202,16.029;18.645;30.883;29.399,-0.6914313493635615,0.9964905270672626,1.062969647553579,-0.6948511829287338,3.0480361112011742,0.9409449089009801,,,,,,,65.752,
1767459081.931105,56,106;107;108;200;201;202,16.226;18.918;12.801;26.190;31.435;29.199,-0.6781622957002044,0.9489103604411779,1.0161105649358173,-0.711133191549679,3.0709802603156993,0.9022825469711734,,,,,,,63.571,
1767459082.030432,57,106;107;108;200;201;202,16.226;18.918;12.801;26.190;31.435;29.199,-0.6781622957002044,0.9489103604411779,1.0161105649358173,-0.711133191549679,3.0709802603156993,0.9022825469711734,,,,,,,63.571,
1767459082.129561,58,106;107;200;201;202,16.795;19.403;26.913;30.032;30.286,-0.6711734407473466,0.9976196901633417,0.9981687654841223,-0.6999139675736444,3.08294317990605,0.9514471834998278,,,,,,,65.620,
1767459082.228561,59,106;107;200;201;202,15.731;18.969;26.747;30.654;30.298,-0.6620391794234334,1.030907117851293,0.9892978261613641,-0.6902958070443768,3.0908470742113483,0.9930528956998591,,,,,,,66.903,
1767459082.328194,60,106;107;201;202,16.197;17.991;30.388;29.937,-0.6499243728373454,1.0700664232071815,0.9758123918762709,-0.6854676016579289,3.178117527700364,0.9647467771465623,,,,,,,68.431,
1767459082.430435,61,106;107;200;201;202,16.365;19.166;25.724;31.493;29.869,-0.6460062706004449,1.082908992941278,0.9736175135979399,-0.6779858336333344,3.1694826409441026,1.0001998236145249,,,,,,,68.928,
1767459082.529381,62,106;107;200;201;202,16.365;19.166;25.724;31.493;29.869,-0.6460062706004449,1.082908992941278,0.9736175135979399,-0.6779858336333344,3.1694826409441026,1.0001998236145249,,,,,,,68.928,
1767459082.627897,63,106;107;108;201;202,16.035;19.723;12.331;29.149;30.510,-0.6415216221573521,1.0136499432937243,0.9498687265494195,-0.7126428045732837,3.215315329930941,0.8953403308802559,,,,,,,65.773,
1767459082.729213,64,106;107;200;201;202,16.977;18.310;26.385;30.503;30.110,-0.6402540737479709,1.0453299914261271,0.9534876486514321,-0.6972543699316711,3.1947255885045345,0.9495390716890316,,,,,,,67.167,
1767459082.829064,65,106;107;201;202,16.123;19.137;30.691;30.788,-0.63327178609666,1.0810194109526006,0.9496061403126722,-0.6871925164119969,3.254522673263048,0.9334560891315321,,,,,,,68.650,
1767459082.930717,66,106;107;200;201;202,16.869;18.551;25.878;31.221;30.582,-0.63677765456996,1.0916767986905143,0.9517991236560017,-0.6800326040988744,3.2233587353002098,0.9792473667496676,,,,,,,69.227,
1767459083.043152,67,106;107;200;201;202,16.869;18.551;25.878;31.221;30.582,-0.63677765456996,1.0916767986905143,0.9517991236560017,-0.6800326040988744,3.2233587353002098,0.9792473667496676,,,,,,,69.227,
1767459083.145778,68,106;107;200;201;202,16.869;18.551;25.878;31.221;30.582,-0.63677765456996,1.0916767986905143,0.9517991236560017,-0.6800326040988744,3.2233587353002098,0.9792473667496676,,,,,,,69.227,
1767459083.231658,69,106;107;200;201;202,16.869;18.551;25.878;31.221;30.582,-0.63677765456996,1.0916767986905143,0.9517991236560017,-0.6800326040988744,3.2233587353002098,0.9792473667496676,,,,,,,69.227,
1767459083.329013,70,106;107;200;201;202,16.844;18.104;27.030;30.588;30.112,-0.6379854265503682,1.100438824344551,0.9544597365251997,-0.6739811382329035,3.197232732514765,1.0141327613186042,,,,,,,69.650,
1767459083.429429,71,106;107;200;201;202,16.582;19.288;26.923;31.386;30.013,-0.6377818239653786,1.1060790902075008,0.957269038263018,-0.6686433643133282,3.1853785810976105,1.0353940725314401,,,,,,,69.888,
1767459083.530042,72,106;107;200;201;202,16.407;17.907;27.217;31.336;29.954,-0.6375345288442584,1.1114392582207668,0.9578245661251763,-0.6663294108000867,3.1770156188808967,1.051689851074767,,,,,,,70.128,
1767459083.629039,73,106;107;200;201;202,16.407;17.907;27.217;31.336;29.954,-0.6375345288442584,1.1114392582207668,0.9578245661251763,-0.6663294108000867,3.1770156188808967,1.051689851074767,,,,,,,70.128,
1767459083.727815,74,106;107;201;202,16.943;18.617;30.584;30.433,-0.6355294942748556,1.127833628090309,0.9531234421616891,-0.6690416016678666,3.2457019072112403,1.0105251981456467,,,,,,,70.873,
1767459083.827621,75,106;107;201;202,17.098;18.592;30.342;29.649,-0.6307274724469182,1.1399902620359412,0.9506130344277478,-0.6692096531998031,3.2917228011347306,0.978832770769965,,,,,,,71.335,
1767459083.929458,76,106;107;200;201;202,15.729;18.936;25.987;29.857;30.191,-0.6344925830840838,1.1335151227862288,0.9565915830655499,-0.6683385338479562,3.2518431030743784,1.0171641764369912,,,,,,,71.089,
1767459084.029548,77,106;107;200;201;202,17.032;19.060;27.394;30.212;30.513,-0.6371962189093536,1.1309611927609677,0.9565432282962014,-0.6652749315093599,3.224895968441596,1.036605063849421,,,,,,,71.040,
1767459084.127291,78,106;107;201;202,15.948;18.518;29.968;29.472,-0.6328537645321046,1.1432236418276225,0.951354420845506,-0.6663569324054484,3.2819361560149765,0.9951045209611741,,,,,,,71.538,
1767459084.228520,79,106;107;201;202,15.948;18.518;29.968;29.472,-0.6328537645321046,1.1432236418276225,0.951354420845506,-0.6663569324054484,3.2819361560149765,0.9951045209611741,,,,,,,71.538,
1767459084.328481,80,106;107;200;201;202,15.802;17.836;27.327;31.274;31.026,-0.8213504141041645,1.1143071613110813,1.0502754308580873,-0.6527062528641829,3.100556336614322,1.0160547549265524,,,,,,,74.934,
1767459084.430807,81,106;107;200;201;202,15.802;17.836;27.327;31.274;31.026,-0.8213504141041645,1.1143071613110813,1.0502754308580873,-0.6527062528641829,3.100556336614322,1.0160547549265524,,,,,,,74.934,
1767459084.530484,82,106;107;108;200;201;202,16.363;19.106;12.168;26.334;30.150;29.846,-0.9175326839670512,1.0122981810802,1.0796634540338084,-0.6591158334454835,3.079687981766623,0.9302217108965742,,,,,,,73.743,
1767459084.626592,83,106;107;201;202,17.240;17.659;30.213;30.242,-1.0368212642494108,1.0296162203277313,1.1404143020402382,-0.65133137804216,3.12719222140263,0.9415156355732373,,,,,,,78.161,
1767459084.729683,84,106;107;200;201;202,16.076;19.422;26.803;30.818;30.970,-0.9289860012342064,1.060623439757217,1.087801409702492,-0.6615988528832435,3.088543803623983,0.9716002244167248,,,,,,,75.968,
1767459084.827618,85,106;107;201;202,17.373;19.613;31.389;29.328,-0.8443265166246775,1.0945545354219166,1.047275572777074,-0.6826557880457125,3.1447146394987424,0.9325780314558069,,,,,,,74.856,
1767459084.929746,86,106;107;200;201;202,17.029;18.945;26.500;30.228;31.058,-0.788286889286797,1.1010062774196239,1.024644933779338,-0.6844634151554564,3.1375790596953372,0.9781154516569275,,,,,,,73.538,
1767459085.029026,87,106;107;200;201;202,16.326;19.592;27.276;30.606;30.064,-0.7471407806212148,1.102823823572003,1.0094548760779831,-0.6858111842207953,3.1342598607111714,1.0144604208921109,,,,,,,72.482,
1767459085.135721,88,106;107;200;201;202,15.287;18.545;26.887;31.033;30.298,-0.7167127176777125,1.1090837260132906,0.9937908776425084,-0.6809952881367294,3.136900021810631,1.032527674252472,,,,,,,71.979,
1767459085.229532,89,106;107;200;201;202,15.820;19.251;26.674;31.021;29.999,-0.6950612886866475,1.1095020104696636,0.9852589522276792,-0.679301147523395,3.1355171200904666,1.050763722775748,,,,,,,71.437,
1767459085.329156,90,106;107;200;201;202,16.364;19.505;26.765;30.713;29.580,-0.6792024200545475,1.1125853351545558,0.9781782291703355,-0.6754732781518751,3.1416195334752786,1.0592572708222192,,,,,,,71.181,
1767459085.429001,91,106;107;200;201;202,15.646;18.077;26.342;30.712;30.276,-0.6694982887879223,1.1138385418455405,0.9734356478379956,-0.6740894181708901,3.1393395436796245,1.0711756393023502,,,,,,,71.002,
1767459085.565648,92,106;107;200;201;202,17.300;18.815;26.132;29.140;30.985,-0.6622959740595676,1.1156060071872986,0.9691834967122992,-0.6720733007567796,3.149468865427897,1.0768091776659248,,,,,,,70.915,
1767459085.636730,93,106;107;201;202,16.290;18.527;31.010;30.042,-0.6517687098581978,1.1301074848068962,0.9641657299387807,-0.6750217185688515,3.221460574315333,1.0283669901878225,,,,,,,71.336,
1767459085.732026,94,106;107;201;202,16.290;18.527;31.010;30.042,-0.6517687098581978,1.1301074848068962,0.9641657299387807,-0.6750217185688515,3.221460574315333,1.0283669901878225,,,,,,,71.336,
1767459085.829900,95,106;107;200;201;202,16.731;17.894;25.429;31.236;30.322,-0.6512730219097344,1.1289504597208335,0.9644857106199102,-0.6722471194023023,3.2024104819768504,1.0519700013992102,,,,,,,71.267,
1767459085.929685,96,106;107;108;201;202,17.321;18.419;10.882;30.730;30.623,-0.6456311114114712,1.0501067069315175,0.9453713207284479,-0.7149036093641942,3.2385525765432845,0.9362707944096638,,,,,,,67.589,
1767459086.032955,97,106;107;200;201;202,15.914;18.845;26.523;30.661;30.327,-0.6439885506716795,1.070122540364913,0.9477720679130885,-0.6997506014059138,3.209518294583827,0.9796070915055778,,,,,,,68.451,
1767459086.133398,98,106;107;200;201;202,15.792;18.174;27.193;31.521;30.197,-0.6441400450810975,1.0828677110346998,0.9521168975893218,-0.6902123620925767,3.1907042362821945,1.0158417143280263,,,,,,,69.017,
1767459086.230964,99,106;107;200;201;202,16.838;18.968;26.507;29.847;29.584,-0.6450823331654584,1.0935109296046923,0.9524499946941043,-0.6814914082390882,3.1786898116554503,1.0368785784177972,,,,,,,69.534,
1767459086.330359,100,106;107;200;201;202,16.920;18.020;25.912;30.974;29.854,-0.6458646376879968,1.100608825704817,0.9544457993452657,-0.6771216513168326,3.174835558360928,1.0539996170836698,,,,,,,69.871,
1767459086.430144,101,106;107;200;201;202,16.396;19.154;26.576;30.592;30.422,-0.6467698110129017,1.1038190853435927,0.9562277953232382,-0.6744625780257529,3.1687234853596062,1.067293217770178,,,,,,,70.033,
1767459086.528023,102,106;107;200;201;202,16.396;19.154;26.576;30.592;30.422,-0.6467698110129017,1.1038190853435927,0.9562277953232382,-0.6744625780257529,3.1687234853596062,1.067293217770178,,,,,,,70.033,
1767459086.654830,103,106;107;200;201;202,16.240;19.574;26.202;30.846;30.193,-0.6444978704046965,1.1096463917248869,0.9566175770512415,-0.6696726371854926,3.16502409150526,1.0727988161341813,,,,,,,70.240,
1767459086.738069,104,106;107;200;201;202,16.797;17.652;27.465;30.211;29.830,-0.6434735929232438,1.1126686033853521,0.9574637072476837,-0.6674767993347207,3.1610099691155535,1.0790525623428282,,,,,,,70.347,
1767459086.830607,105,106;107;200;201;202,17.020;17.937;27.240;30.940;30.953,-0.645069010048266,1.1130433204983643,0.9596967135142668,-0.6685794784770279,3.1582447709027766,1.0871865572010135,,,,,,,70.393,
1767459086.929324,106,106;107;200;201;202,17.615;19.728;26.313;31.335;29.428,-0.6435341295337064,1.1151169856537835,0.9611305386639564,-0.6667159040050621,3.1594032656341606,1.0894647218823734,,,,,,,70.438,
1767459087.028279,107,106;107;201;202,16.824;18.406;30.582;30.107,-0.6362759518331211,1.1299838355609368,0.9586321816602439,-0.6679045824320209,3.2320295154090433,1.0370108835702783,,,,,,,70.956,
1767459087.136484,108,106;107;108;200;201;202,15.145;19.329;11.933;26.159;30.624;29.999,-0.6385393560961155,1.0399702185885986,0.9428439768114094,-0.7062375927796886,3.2018059342446574,0.9634799637079765,,,,,,,66.938,
1767459087.230551,109,106;107;200;201;202,16.501;18.460;26.144;30.578;29.373,-0.6397542260301793,1.0622231979454158,0.9440962255267041,-0.6930607721294546,3.1819899227585653,0.9962366290522479,,,,,,,67.991,
1767459087.331057,110,106;107;108;200;201;202,16.870;17.842;12.218;25.459;30.825;29.950,-0.6424562734514724,0.9928655657437976,0.931141771644096,-0.714799282270037,3.1693814510689706,0.9363683006495035,,,,,,,64.965,
1767459087.429815,111,106;107;200;201;202,16.566;19.284;26.154;30.288;30.168,-0.6437745131430191,1.0283168612224425,0.9369647855344923,-0.7011515059433566,3.161801781490852,0.9788172853585534,,,,,,,66.588,
1767459087.528259,112,106;107;201;202,16.076;18.426;30.505;29.558,-0.6393641830820865,1.0675738365275855,0.938351435971948,-0.6924947646733518,3.232831181833186,0.9584861561757222,,,,,,,68.265,
1767459087.630445,113,106;107;108;200;201;202,15.873;18.426;11.801;26.618;30.519;29.542,-0.6413810784803106,0.9951548209866827,0.9272892153376343,-0.7135853515825363,3.20465606539026,0.9091141647634833,,,,,,,65.060,
1767459087.729456,114,106;107;200;201;202,16.576;18.696;25.270;30.412;30.155,-0.6437951284584895,1.0287673690632495,0.9348641353130202,-0.7019985021477292,3.184956161935756,0.9623360817312078,,,,,,,66.622,
1767459087.832284,115,106;107;200;201;202,16.576;18.696;25.270;30.412;30.155,-0.6437951284584895,1.0287673690632495,0.9348641353130202,-0.7019985021477292,3.184956161935756,0.9623360817312078,,,,,,,66.622,
1767459087.930490,116,106;107;200;201;202,16.634;18.154;27.130;31.141;31.003,-0.7185531019752734,0.9043641922932385,1.1041180732977005,-0.6948484731210173,2.9463048839212287,0.9447719744479636,,,,,,,62.400,
1767459088.031092,117,106;107;201;202,16.792;18.425;31.261;29.870,-0.693921812025512,0.9803011362852971,1.0592433022569405,-0.7017263975073527,3.0585298296175143,0.9271207893979374,,,,,,,65.147,
1767459088.129006,118,106;107;201;202,16.792;18.425;31.261;29.870,-0.693921812025512,0.9803011362852971,1.0592433022569405,-0.7017263975073527,3.0585298296175143,0.9271207893979374,,,,,,,65.147,
1767459088.229841,119,106;107;200;201;202,17.253;17.290;25.908;31.544;29.828,-0.7531791006843387,0.8641787487073508,1.1915471658322419,-0.6772350626414403,2.9040114719902683,0.9194913283691899,,,,,,,61.337,
1767459088.337266,120,106;107;108;200;201;202,16.483;18.865;12.831;26.845;30.961;29.473,-0.7241379740795084,0.8537492345457639,1.10870395371074,-0.6993503662392456,2.950990635756173,0.8895695976538558,,,,,,,60.479,
1767459088.436487,121,106;107;108;200;201;202,16.983;19.006;10.361;26.062;30.169;30.653,-0.7029643532805353,0.843097337164475,1.0477108340979246,-0.7123940261622803,2.9972420740883985,0.8603538568923417,,,,,,,59.695,
1767459088.529905,122,106;107;108;200;201;202,16.983;19.006;10.361;26.062;30.169;30.653,-0.7029643532805353,0.843097337164475,1.0477108340979246,-0.7123940261622803,2.9972420740883985,0.8603538568923417,,,,,,,59.695,
1767459088.629081,123,106;107;200;201;202,15.826;19.135;26.816;30.929;30.288,-0.6907978714022481,0.9219050139894162,1.0212127875875476,-0.7080652627271795,3.022625961919617,0.9185622533944643,,,,,,,62.770,
1767459088.729977,124,106;107;200;201;202,15.696;18.264;26.007;30.661;30.440,-0.6779463822382337,0.9779359616480788,1.0031868476843653,-0.6984687928355775,3.047561216620878,0.9615195892270713,,,,,,,64.920,
1767459088.875843,125,106;107;200;201;202,16.995;18.751;27.188;30.797;30.764,-0.6684478028077784,1.01938370368221,0.9920141505497394,-0.6896127349956044,3.0732162647584462,0.9970106237642636,,,,,,,66.553,
1767459088.953321,126,106;107;200;201;202,17.183;18.253;26.675;30.469;30.614,-0.662911989685788,1.0499206279872884,0.9821082665433212,-0.6832046944283595,3.091201074071524,1.0249754843884342,,,,,,,67.837,
1767459089.033702,127,106;107;200;201;202,17.183;18.253;26.675;30.469;30.614,-0.662911989685788,1.0499206279872884,0.9821082665433212,-0.6832046944283595,3.091201074071524,1.0249754843884342,,,,,,,67.837,
1767459089.133774,128,106;107;201;202,17.412;19.376;30.597;30.341,-0.653580492617442,1.0822518346497816,0.9717257749638714,-0.6829933360875625,3.1839834267694926,0.9906612548046458,,,,,,,69.120,
1767459089.232216,129,106;107;200;201;202,17.654;18.759;26.175;30.033;30.548,-0.6516372756473382,1.0940950206072482,0.9685865311835663,-0.6762080729923918,3.1736997055113516,1.0213785730776876,,,,,,,69.633,
1767459089.329603,130,106;107;200;201;202,17.195;19.844;26.465;29.167;29.679,-0.6510791530458998,1.1022727804041184,0.9657768436003142,-0.6714432645784625,3.1688641171089755,1.0424283838942479,,,,,,,70.015,
1767459089.428891,131,106;107;201;202,16.220;18.439;30.045;29.456,-0.6450370251493477,1.1210301260183775,0.9584247976212603,-0.6741537727638888,3.2401697365781796,1.0033714069164292,,,,,,,70.772,
1767459089.530479,132,106;107;200;201;202,15.099;19.166;26.391;31.145;30.723,-0.646374380568067,1.1165599394319354,0.9602551823429066,-0.6739046588963948,3.2161985018996266,1.0326188527483127,,,,,,,70.588,
1767459089.629965,133,106;107;200;201;202,15.099;19.166;26.391;31.145;30.723,-0.646374380568067,1.1165599394319354,0.9602551823429066,-0.6739046588963948,3.2161985018996266,1.0326188527483127,,,,,,,70.588,
1767459089.727552,134,106;107;200;201;202,15.099;19.166;26.391;31.145;30.723,-0.646374380568067,1.1165599394319354,0.9602551823429066,-0.6739046588963948,3.2161985018996266,1.0326188527483127,,,,,,,70.588,
1767459089.829312,135,106;107;200;201;202,16.726;18.536;26.957;30.478;29.996,-0.6435499388864812,1.1166443113796647,0.9602268467683945,-0.6694351978223437,3.199014765138089,1.0490865469942838,,,,,,,70.516,
1767459089.930575,136,107;108;200;201;202,18.569;11.964;26.345;30.379;30.489,-0.8326315212687389,1.0028088322930322,0.9266906469623115,-0.6959380142407415,3.1403585766245636,0.9862643844400256,,,,,,,71.527,
1767459090.030322,137,106;107;200;201;202,15.093;17.593;26.381;31.155;30.118,-0.7781101234408873,1.0360121726632645,0.9368640918447159,-0.6898338739011263,3.133842741048979,1.0083836702382456,,,,,,,71.042,
1767459090.129795,138,106;107;200;201;202,15.093;17.593;26.381;31.155;30.118,-0.7781101234408873,1.0360121726632645,0.9368640918447159,-0.6898338739011263,3.133842741048979,1.0083836702382456,,,,,,,71.042,
1767459090.228675,139,106;107;201;202,17.180;19.241;31.156;30.438,-0.733561590606366,1.0772463729070207,0.9385044448273472,-0.6833708966914902,3.205021123219486,0.9641953564889882,,,,,,,71.442,
1767459090.345368,140,106;107;200;201;202,16.603;18.577;26.542;30.845;29.286,-0.7087920008182297,1.0912692488207425,0.9433647441288436,-0.6792297232764679,3.1899950940214055,0.9985888023209544,,,,,,,71.299,
1767465320.477763,0,106;107;201;202,27.008;28.487;28.901;30.583,-0.6557546711783294,0.7573476263705838,1.309434723767502,-0.5265059944881152,1.5470583859162554,0.7293276170743374,,,,,,,52.983,
1767465320.625528,1,106;107;201;202,26.090;27.666;31.537;29.908,-0.6587107372345261,0.7596648015077646,1.3057766180497952,-0.5314750897073052,1.5452624120289207,0.7228606086966998,,,,,,,53.198,
1767465320.771365,2,106;107;202,26.236;26.810;30.774,-0.7103039399424043,0.7794219977559287,1.2589256634244785,-0.51830170599671,1.5454061885335384,0.660818342654837,,,,,,,56.066,
1767465320.881511,3,106;107;202,26.236;26.810;30.774,-0.7103039399424043,0.7794219977559287,1.2589256634244785,-0.51830170599671,1.5454061885335384,0.660818342654837,,,,,,,56.066,
1767465320.983578,4,106;107;201;202,26.582;28.169;28.422;30.714,-0.7546259335346378,0.6431170247687993,1.3862315533869725,-0.5220027670031786,1.4504227988113316,0.6425564013251422,,,,,,,51.938,
1767465321.201292,5,106;107;202,25.500;27.688;29.891,-0.7809796102723491,0.6967843706009653,1.314363959256083,-0.5114121057939824,1.4714148313188085,0.6052848796746846,,,,,,,55.278,
1767465321.342109,6,106;107;202,25.562;28.109;29.710,-0.867373255695447,0.5882986901961289,1.3834929350651768,-0.4953916507761751,1.4242593836417172,0.5441146921706568,,,,,,,54.863,
1767465321.473862,7,106;107;201;202,26.412;26.062;31.376;30.711,-0.8124023577191721,0.6386058982977549,1.3616872956522144,-0.516396920882172,1.4429111456005597,0.5815972945000454,,,,,,,54.262,
1767465321.585220,8,106;107;201;202,27.002;28.699;31.550;29.943,-0.7729974237090639,0.6759099323805957,1.3414905549183611,-0.5288866255511848,1.464370688797713,0.609049599046477,,,,,,,54.066,
1767465321.710458,9,106;107;201;202,27.127;27.180;30.349;30.180,-0.7463363110635731,0.7018985278723476,1.3278849647480748,-0.5370386910991671,1.4825334218869863,0.6336957157332342,,,,,,,54.040,
1767465321.837191,10,106;107;201;202,26.540;28.818;29.486;30.349,-0.7265897141830114,0.7211081553963278,1.3166403226144499,-0.5417056196036538,1.4976370530180487,0.6503452643838307,,,,,,,54.072,
1767465321.937614,11,106;107;201;202,26.940;26.770;28.883;30.705,-0.7124078024274944,0.7345431523314541,1.3103169246592776,-0.5440739212607167,1.5070946238410663,0.6647120279074789,,,,,,,54.093,
1767465322.046938,12,106;107;201;202,26.312;28.436;31.245;30.656,-0.7004643368599537,0.7422926254216924,1.3056549974041618,-0.5459152335231646,1.5151916433369803,0.6756780407955836,,,,,,,53.986,
1767465322.159685,13,106;107;201;202,26.126;27.457;27.954;29.589,-0.6916433847153859,0.7488036098005274,1.3047520811716746,-0.5462161434019511,1.5186670783847287,0.684926760273701,,,,,,,53.927,
1767465322.268476,14,106;107;201;202,25.925;28.074;29.595;30.839,-0.7408517557141537,0.62053105233178,1.4165033043067534,-0.5415752935137977,1.437926024443571,0.6586867878299438,,,,,,,50.445,
1767465322.372772,15,106;107;202,25.916;27.430;30.925,-0.7709505550870859,0.6821601815518891,1.3361373926970597,-0.52453352470098,1.4628475347572611,0.6166902224360616,,,,,,,54.237,
1767465322.479233,16,106;107;201;202,25.861;26.633;29.872;30.606,-0.7418332127741303,0.7053383658129665,1.3259316494444227,-0.5329797745463236,1.4782853584662232,0.6390618294429442,,,,,,,54.007,
1767465322.596505,17,106;107;201;202,25.486;27.283;30.995;30.104,-0.7227410074848367,0.7227971784133563,1.3173921268794142,-0.5382414083307459,1.491680280705073,0.6564202643426277,,,,,,,53.987,
1767465322.739165,18,106;107;201;202,26.197;27.457;32.103;30.561,-0.7079767735030786,0.7342956238980056,1.3115109542663603,-0.5420038998623989,1.5036110654512111,0.6696103829893999,,,,,,,53.916,
1767465322.856701,19,106;107;201;202,26.602;27.868;30.483;30.694,-0.6995366075249997,0.7443535058130781,1.3058179903198557,-0.5447595902831592,1.5145098935907249,0.6789742390660829,,,,,,,54.030,
1767465322.957038,20,106;107;202,25.730;27.507;29.937,-0.7400381367290236,0.7673055876394199,1.2568590030924474,-0.5289189065375834,1.5249017547938744,0.6301305615652051,,,,,,,56.681,
1767465323.072339,21,106;107;201;202,26.681;26.663;29.352;30.327,-0.7196442413639378,0.7672360130263313,1.2682078771977163,-0.5349582159017101,1.5259657828865227,0.6498797180336444,,,,,,,55.868,
1767465323.198025,22,106;107;201;202,25.503;28.445;30.469;30.384,-0.7069151006316351,0.764345934623738,1.2763196034579407,-0.5404829727649625,1.5296337565273295,0.6652131902043324,,,,,,,55.250,
1767465323.332245,23,106;107;201;202,27.361;27.435;28.352;30.777,-0.6975836720205248,0.7643967745081659,1.282222459350902,-0.543170178818618,1.5310857281849852,0.6768121421690824,,,,,,,54.884,
1767465323.452971,24,106;107;201;202,26.896;28.814;29.461;30.158,-0.690872789338229,0.7656687702145881,1.285051714334183,-0.5448838873715929,1.5345883125232411,0.6835093040833021,,,,,,,54.679,
1767465323.571400,25,106;107;202,25.833;27.621;30.997,-0.7346967927236959,0.7814390161386752,1.2438461854326235,-0.5298161160264725,1.5380406189429354,0.6348174072180849,,,,,,,57.111,
1767465323.674902,26,106;107;201;202,26.169;27.145;30.933;30.927,-0.7167994540988251,0.7759520017204697,1.2590374781937346,-0.5366806205848711,1.5368778788218667,0.6546811050651328,,,,,,,56.161,
1767465323.778065,27,106;107;201;202,27.072;28.307;30.899;29.811,-0.7031749821295754,0.7739684039141004,1.2682672496269916,-0.5403679704920613,1.5394560208415629,0.6666922107219326,,,,,,,55.542,
1767465323.869902,28,106;107;201;202,27.550;28.347;31.576;31.513,-0.6956071483954688,0.7711164525995436,1.2741977817118897,-0.5435041927774266,1.5392010318804155,0.6770246887699191,,,,,,,55.127,
1767465323.961792,29,106;107;201;202,26.984;27.336;31.202;29.908,-0.6876494616906731,0.7694194303460922,1.2793483891055706,-0.544956651326716,1.5392496355701544,0.6839653904905401,,,,,,,54.750,
1767465324.054196,30,106;107;201;202,26.036;28.074;30.132;30.481,-0.6833941147391156,0.7687434947010142,1.283528924032485,-0.546067782861653,1.5381917090921486,0.6900911722728964,,,,,,,54.548,
1767465324.144599,31,106;107;201;202,26.433;27.561;29.216;31.318,-0.7358965788347034,0.6353100198693237,1.4032414331918346,-0.5429021635660256,1.44564073806894,0.662361197980668,,,,,,,50.832,
1767465324.236515,32,106;107;201;202,25.933;28.132;31.295;30.485,-0.7186755441973924,0.6715579655179235,1.3730744998158422,-0.5456191895667392,1.4683511298548153,0.6719138948650055,,,,,,,51.621,
1767465324.330180,33,106;107;201;202,25.933;28.132;31.295;30.485,-0.7186755441973924,0.6715579655179235,1.3730744998158422,-0.5456191895667392,1.4683511298548153,0.6719138948650055,,,,,,,51.621,
1767465324.419956,34,106;107;201;202,26.158;27.440;30.908;30.624,-0.7052436332172625,0.6998600119292137,1.3501732011496468,-0.5459622192501133,1.4852892251950733,0.6789951740422249,,,,,,,52.287,
1767465324.501457,35,106;107;201;202,26.362;28.060;30.938;30.689,-0.6961212122235435,0.7184185663182897,1.3345695215960947,-0.5463512304959611,1.498868280336885,0.6859231232744746,,,,,,,52.743,
1767465324.578400,36,106;107;202,25.839;27.582;30.295,-0.8053264559109501,0.6052849495395004,1.398166110828845,-0.5260895024851957,1.4393575441643736,0.5907221703734904,,,,,,,52.675,
1767465324.677483,37,106;107;201;202,25.879;26.085;29.638;30.233,-0.7699243708003236,0.6499968718197602,1.3700808603027745,-0.5368168575005552,1.4588612250275432,0.6182338767034906,,,,,,,52.878,
1767465324.777508,38,106;107;201;202,25.743;27.785;29.221;30.640,-0.7430931228988435,0.6825677985732763,1.3496073759061826,-0.542485809610825,1.477623130736684,0.6392475400411659,,,,,,,53.089,
1767465324.879091,39,106;107;201;202,25.337;27.204;29.922;30.810,-0.7246249026855646,0.7053314186847358,1.3345591458445807,-0.5460248255026825,1.4920052429752828,0.6565688928707464,,,,,,,53.306,
1767465324.988777,40,105;106;107;201;202,10.107;25.636;27.675;33.415;30.679,-0.6896734899553246,0.6978519492097786,1.3834929947110723,-0.505665266959917,1.4936434016557514,0.6556589405924487,,,,,,,51.424,
1767465325.097360,41,106;107;201;202,26.769;28.388;29.741;30.347,-0.6844211030112756,0.7178048796880461,1.3582067597106362,-0.5166972730136032,1.503907386554383,0.6684954583543271,,,,,,,52.143,
1767465325.197634,42,106;107;201;202,26.926;27.952;30.159;30.484,-0.7349539122347386,0.5987071462008637,1.4539808907285727,-0.5182116752964503,1.440764373912627,0.6474992740217546,,,,,,,49.250,
1767465325.310058,43,106;107;201;202,26.362;28.285;32.191;30.278,-0.7161461362558595,0.6463232902872373,1.4100231049981253,-0.5263981718463414,1.4592209269207623,0.6595768828634668,,,,,,,50.400,
1767465325.444790,44,106;107;201;202,25.873;27.384;31.447;30.771,-0.702917132864109,0.6787875224080376,1.378639272446621,-0.5325185524927598,1.4760513377293596,0.6705793478086194,,,,,,,51.251,
1767465325.568831,45,106;107;201;202,26.539;28.047;30.611;30.283,-0.6944366412920304,0.7026386392618482,1.3542936442769236,-0.5366565715161128,1.49188374728578,0.6778587499690472,,,,,,,51.967,
1767465325.669685,46,106;107;201;202,25.766;28.068;30.792;29.964,-0.687971249388803,0.7203083617153738,1.337801112715083,-0.5391639560074277,1.5032597422508893,0.6847930707709925,,,,,,,52.499,
1767465325.769550,47,106;107;201;202,25.371;27.711;30.683;30.994,-0.684127025867435,0.732443949120824,1.3251180178290145,-0.5421998175259589,1.5129121496753632,0.6896315706821158,,,,,,,52.903,
1767465325.856594,48,106;107;202,26.581;26.927;30.417,-0.7301650337213432,0.7617059067036935,1.2710395201801974,-0.5254191260734757,1.522829374557643,0.6374613591639207,,,,,,,56.017,
1767465325.946393,49,106;107;201;202,25.403;28.584;31.038;30.557,-0.7699038469407048,0.631703560120962,1.3945418802865543,-0.5244751669719626,1.4407386227017707,0.6272591973099012,,,,,,,52.108,
1767465326.046617,50,106;107;201;202,25.905;27.132;31.972;30.244,-0.7427222806156546,0.6705437444540128,1.3672631636821264,-0.5332405629077521,1.4623287876288467,0.6451444132578338,,,,,,,52.538,
1767465326.149409,51,106;107;201;202,26.310;28.059;29.823;30.263,-0.7768951259469618,0.5618700059210647,1.4598609700790421,-0.5268090199511432,1.4134821387064316,0.6355308441540608,,,,,,,49.763,
1767465326.253158,52,106;107;202,25.780;28.320;30.550,-0.7985910125278802,0.6397392444667577,1.3670803675228298,-0.5140599750267993,1.4394040960739485,0.5992581253899223,,,,,,,53.704,
1767465326.359430,53,106;107;201;202,26.471;28.137;32.227;31.271,-0.8180450403910275,0.5410750121855326,1.456341238862627,-0.5117607238426556,1.4052765365041242,0.6045595432503719,,,,,,,50.908,
1767465326.464264,54,106;107;201;202,26.583;27.538;30.225;30.047,-0.7785721916459136,0.6043269070501356,1.4114426669654188,-0.5265544022552467,1.4287175282891653,0.6241029190265217,,,,,,,51.463,
1767465326.565439,55,106;107;201;202,26.532;28.588;30.939;30.872,-0.7508180769046668,0.6512281581450807,1.377691385771552,-0.5359055485579467,1.4526765633530905,0.64181520816876,,,,,,,52.120,
1767465326.665558,56,106;107;201;202,26.712;28.175;31.264;30.427,-0.7305017851060274,0.6842570068235869,1.3531235145469913,-0.5414393834207704,1.474192594307383,0.656860368022228,,,,,,,52.648,
1767465326.755434,57,106;107;202,25.613;27.180;29.706,-0.7631336552139463,0.7263070094745493,1.2899607907664394,-0.5250259485904296,1.4928076111847248,0.6135969640083703,,,,,,,55.803,
1767465326.849560,58,106;107;201;202,25.659;27.542;28.967;30.044,-0.7373302172830967,0.7360074298743499,1.2922379260694654,-0.5338535424059184,1.5022988319342996,0.6378578837711449,,,,,,,55.178,
1767465326.940182,59,106;107;201;202,26.553;28.030;31.722;30.759,-0.7192066342613294,0.7449663845008373,1.293514701929201,-0.5391323073529196,1.5107370564034703,0.6563706246976839,,,,,,,54.841,
1767465327.043462,60,106;107;201;202,26.268;27.868;30.515;30.650,-0.7061531637741896,0.7521616891731069,1.2920723524290478,-0.542066543508071,1.5177517011074493,0.6689497864654578,,,,,,,54.653,
1767465327.155769,61,106;107;201;202,27.250;27.539;31.959;30.318,-0.6966517595721261,0.7566171996113167,1.2926523499734182,-0.5441397139744477,1.523623478218644,0.679119019654058,,,,,,,54.483,
1767465327.305972,62,106;107;201;202,26.084;27.431;29.595;29.921,-0.689229864701754,0.7582498872985439,1.2940599878022163,-0.5452802230962646,1.5262758462544166,0.6865236085059236,,,,,,,54.275,
1767465327.494376,63,106;107;201;202,26.259;27.312;31.903;30.951,-0.683784491076517,0.757580318526999,1.2967811718576652,-0.5468286840418135,1.5275877069778607,0.6944886719587654,,,,,,,54.041,
1767465341.638141,0,108;109;200;201,18.020;25.874;35.909;39.675,-1.0122603769699958,0.4863001022313785,0.03911184467623029,-0.13217480696808692,1.2339798044214596,-0.2942839115236289,,,,,,,64.339,
1767465341.785093,1,108;109;200;201,21.468;27.062;35.325;41.233,-1.029339904742517,0.4746110409118572,0.047926227364816644,-0.11006196833510365,1.2446615109697494,-0.29676825690823083,,,,,,,64.937,
1767465341.950131,2,108;109;200;201,22.447;26.434;36.467;43.414,-1.0378883208414191,0.4738631944539481,0.04285796498565771,-0.10143433628866372,1.2534229824248138,-0.294883428860959,,,,,,,65.366,
1767465342.073531,3,108;109;200;201,22.447;26.434;36.467;43.414,-1.0378883208414191,0.4738631944539481,0.04285796498565771,-0.10143433628866372,1.2534229824248138,-0.294883428860959,,,,,,,65.366,
1767465342.173373,4,103;108;109;200;201,19.351;20.653;28.824;35.916;44.384,-1.0775055960814717,0.4854169488347285,0.008023493311170141,-0.08445431073118866,1.2425687677803958,-0.275823948388324,,,,,,,67.712,
1767465342.358838,5,108;109;200;201,19.333;29.652;38.737;42.220,-1.0759667833018172,0.4870938430224463,0.001563254167060219,-0.07587793225261813,1.2442404571476129,-0.2741115677791002,,,,,,,67.671,
1767465342.472905,6,103;108;109;200;201,20.612;20.047;30.293;40.597;43.824,-1.110201039733338,0.4922081818692126,-0.02820530590961913,-0.06650320201531829,1.2331230914250901,-0.258183030775823,,,,,,,69.578,
1767465342.576529,7,103;108;109;200;201,18.959;20.259;28.605;40.901;44.827,-1.0861371043897812,0.45433056776755243,-0.006519483840033883,-0.060699558307777596,1.2379020445657556,-0.24898404196207768,,,,,,,67.456,
1767465342.664217,8,108;109;200;201,20.898;28.366;41.163;43.176,-1.0844469899449616,0.4695039509554704,0.0003525819833757808,-0.06477520451166481,1.2406338237615744,-0.2529126946594132,,,,,,,67.707,
1767465342.742129,9,103;108;109;200;201,18.485;22.717;28.902;41.945;44.850,-1.0674603462118435,0.43907448242135266,0.011073656892099515,-0.056023015374404156,1.244977963783318,-0.24456955675744108,,,,,,,66.132,
1767465342.819089,10,108;109;200;201,21.744;28.510;41.259;44.408,-1.0711576375484488,0.4586964339245471,0.010646202614085776,-0.059591782131525516,1.2441389123149753,-0.24919353155705212,,,,,,,66.763,
1767465342.919853,11,103;108;109;200;201;202,17.040;22.282;28.304;40.737;46.455;42.069,-1.0327046875511818,0.4386775288894585,-0.021917710900478355,-0.01603699487220096,1.2614938446664923,-0.22181552653574982,,,,,,,64.285,
1767465343.032430,12,108;109;200;201;202,22.070;29.516;41.487;48.194;42.528,-1.0162950368856543,0.4594101919895546,-0.05899227094241806,0.01376080164855595,1.2703382444037874,-0.20793434190606497,,,,,,,63.892,
1767465343.160903,13,103;108;109;200;201;202,17.474;22.046;28.419;40.836;48.258;41.827,-0.9914741473841149,0.4362403004975088,-0.07174371041340075,0.03704095690149644,1.2805401301610397,-0.18751660425962788,,,,,,,62.048,
1767465343.284299,14,108;109;200;201;202,22.957;28.338;41.388;49.062;42.688,-0.9846766163487635,0.45789352938562555,-0.09584665290774648,0.05172042916197394,1.2825144693811372,-0.18059784770782664,,,,,,,62.192,
1767465343.476203,15,103;108;109;200;201;202,18.959;22.774;28.960;41.981;48.117;42.314,-0.9682182829244287,0.4355620024528629,-0.09951792396977927,0.06384070164302987,1.2878999495535384,-0.16588999688565625,,,,,,,60.801,
1767465343.621422,16,108;109;200;201;202,22.625;29.061;40.848;47.880;41.475,-0.9677138304147259,0.4574190909456208,-0.11302963259581969,0.06889752084319287,1.2908013520963355,-0.16633901024222983,,,,,,,61.291,
1767465343.751710,17,108;109;200;201;202,22.689;28.876;41.312;47.926;42.633,-0.9668687930707649,0.47239003956060666,-0.12315166170657689,0.07225651909958075,1.292191488745021,-0.16644578701848378,,,,,,,61.612,
1767465343.881988,18,103;108;109;200;201;202,18.007;22.926;28.165;41.407;48.651;42.538,-0.9542195172479225,0.4461117607460916,-0.1187682565562862,0.0784953447019759,1.2943344184490513,-0.15517273789132927,,,,,,,60.313,
1767465344.005834,19,107;108;109;200;201;202,11.379;23.652;29.472;40.979;48.490;42.883,-0.9738895006221568,0.5335902846854125,-0.10990337529877164,0.046449034868076874,1.3072471486392672,-0.17885389583750527,,,,,,,63.590,
1767465344.117230,20,108;109;200;201;202,23.205;30.034;40.799;48.412;42.769,-0.9714455865422521,0.5287511577397547,-0.1175734472425376,0.05415875870851276,1.304430093606791,-0.17662076097430748,,,,,,,63.329,
1767465344.221868,21,108;109;200;201;202,21.382;28.919;41.806;49.168;43.730,-0.9693155125371378,0.5271207791650706,-0.12581659572890785,0.060323441582397934,1.2998519506787038,-0.17158389027487614,,,,,,,63.171,
1767465344.320507,22,103;108;109;200;201;202,18.406;22.150;29.067;41.158;48.001;42.638,-0.9567739532431888,0.4870000640800952,-0.1188812796251637,0.06800921260818409,1.2995105295937257,-0.15934367652306927,,,,,,,61.471,
1767465344.416293,23,103;108;109;200;201;202,17.700;21.466;29.173;41.869;48.759;43.436,-0.9474329689086115,0.45759103294441983,-0.11381880606462218,0.07497806611983343,1.301612694414642,-0.1508823284936913,,,,,,,60.247,
1767465344.510943,24,108;109;200;201;202,21.372;29.582;41.396;48.598;42.444,-0.9520307194286386,0.4722444462903562,-0.12511668496825198,0.07782219326957886,1.2994260851657353,-0.15418150327237143,,,,,,,60.845,
1767465344.603151,25,108;109;200;201;202,22.719;29.056;41.307;48.297;42.255,-0.9555969995143645,0.48426245355283587,-0.13069130609078153,0.07825785815311774,1.2993084940074549,-0.15703343343878795,,,,,,,61.331,
1767465344.698862,26,103;108;109;200;201;202,17.010;23.473;29.131;40.831;48.788;42.855,-0.9474387701584273,0.45716705386921275,-0.12463922795211323,0.08106477270746848,1.2995272790418708,-0.14860234330305835,,,,,,,60.230,
1767465344.797536,27,108;109;200;201;202,23.260;29.046;41.403;48.592;43.245,-0.9517820823702962,0.4720420803905255,-0.13119237594166097,0.08026069723701217,1.2994224942096462,-0.153385253836677,,,,,,,60.822,
1767465344.892446,28,108;109;200;201;202,21.896;28.447;41.866;48.809;42.029,-0.9556051294764271,0.48436085121007894,-0.13492998114271626,0.07963893529256144,1.2989471402260127,-0.15593995274483144,,,,,,,61.331,
1767465345.001815,29,103;108;109;200;201;202,20.210;24.551;29.178;41.452;48.406;42.776,-0.9470008784638635,0.4555872193104632,-0.12658400219268223,0.08212341749130331,1.3000826239604706,-0.14722325150569696,,,,,,,60.166,
1767465345.110933,30,103;108;109;200;201;202,15.819;22.531;29.043;41.213;48.528;42.623,-0.9401785330157701,0.432852624242793,-0.12089209704977615,0.08412597311945294,1.3013067556364715,-0.14049205396093215,,,,,,,59.263,
1767465345.220311,31,103;108;109;200;201;202,18.760;21.743;28.883;41.467;49.368;43.377,-0.9345126280065653,0.4165780741567542,-0.11881522554688508,0.08745188543102755,1.3032756506792944,-0.13581790336933494,,,,,,,58.584,
1767465345.325827,32,108;109;200;201;202,21.765;29.139;41.808;48.552;42.639,-0.9423189046550391,0.442032219289528,-0.12652107490787015,0.08522924647939162,1.3019775964468452,-0.14207142408149845,,,,,,,59.591,
1767465345.451083,33,103;108;109;200;201;202,19.234;21.723;28.367;40.457;49.271;42.602,-0.9368706682606829,0.42395712158896653,-0.12175626265338123,0.08743538053383511,1.3036504548022252,-0.13714129895957344,,,,,,,58.878,
1767465345.568572,34,108;109;200;201;202,21.585;30.106;40.867;48.083;42.432,-0.94411194925172,0.4482903113437426,-0.12847181399996757,0.08412714596710467,1.3027683769157927,-0.14424140248580308,,,,,,,59.836,
1767465345.672294,35,103;108;109;200;201;202,16.325;23.460;28.359;42.171;48.874;41.721,-0.9383740609087472,0.4293120422931111,-0.12058593944184962,0.08419270726504526,1.3041824510722526,-0.13884223400505855,,,,,,,59.084,
1767465345.775790,36,108;109;200;201;202,23.591;29.199;41.721;49.523;42.766,-0.9457894491294072,0.452549939099517,-0.12811276158984258,0.08317238708169915,1.302712260947436,-0.14611574978665318,,,,,,,60.028,
1767465345.881366,37,108;109;200;201;202,21.730;29.221;41.793;48.734;42.844,-0.9508150023250003,0.4690786102014538,-0.13214063831708941,0.08061808389986111,1.3016788532154115,-0.15039872660236614,,,,,,,60.697,
1767465345.974472,38,108;109;200;201;202,23.835;28.088;41.790;48.511;43.371,-0.9543455162574189,0.482693023353607,-0.13699801128970734,0.0803113351848825,1.3008323926495553,-0.15411679785578103,,,,,,,61.222,
1767465346.067272,39,108;109;200;201;202,21.648;29.019;40.914;48.315;42.617,-0.957197714164656,0.49180394048063547,-0.1403439858489358,0.08077445364489408,1.299069542901034,-0.15663578803446412,,,,,,,61.602,
1767465346.155843,40,103;108;109;200;201;202,16.033;22.780;28.395;41.881;48.766;42.767,-0.9481201187702665,0.462568742028389,-0.13031125868025364,0.08302427042429711,1.2996404931173753,-0.1476199990456513,,,,,,,60.396,
1767465346.244532,41,108;109;200;201;202,22.910;29.355;40.919;48.886;43.004,-0.9527769363263169,0.4779267613742923,-0.13467789094159616,0.08172679416246852,1.2983749798865742,-0.15120399031606704,,,,,,,61.021,
1767465346.324573,42,108;109;200;201;202,22.476;28.863;40.839;48.396;42.973,-0.9556597950047573,0.4880971053371947,-0.1392113056245907,0.08120915833084576,1.2981872959936296,-0.15561497279270287,,,,,,,61.427,
1767465346.432186,43,108;109;200;201;202,24.012;28.647;41.032;48.888;42.082,-0.9584955997124038,0.49625165268892574,-0.13924436126064424,0.07965280632371763,1.299494310573857,-0.15841124236849036,,,,,,,61.785,
1767465346.529881,44,108;109;200;201;202,21.816;29.023;40.278;48.389;43.224,-0.9601278743935416,0.501863540831257,-0.14308302280832047,0.0810503839050349,1.2975690772420625,-0.16043544972137336,,,,,,,62.013,
1767465346.626113,45,103;108;109;200;201;202,17.072;22.156;27.272;41.621;49.469;41.996,-0.9498915825380172,0.46911508555538856,-0.1331578642800858,0.08272187336018988,1.2973991635494417,-0.15055614970070724,,,,,,,60.650,
1767465346.736533,46,108;109;200;201;202,23.285;29.315;41.694;48.630;42.740,-0.9545345069150558,0.48263500227318606,-0.1354752859304987,0.08047470362130554,1.2981961659089365,-0.1544082725843337,,,,,,,61.231,
1767465346.838565,47,108;109;200;201;202,23.285;29.315;41.694;48.630;42.740,-0.9545345069150558,0.48263500227318606,-0.1354752859304987,0.08047470362130554,1.2981961659089365,-0.1544082725843337,,,,,,,61.231,
1767465346.958781,48,108;109;200;201;202,21.619;28.754;41.323;48.623;42.847,-0.9576859287409047,0.4918411567975527,-0.13976483356016797,0.08065459644348703,1.2984529240795297,-0.15613847574237408,,,,,,,61.628,
1767465347.120632,49,103;108;109;200;201;202,17.020;24.406;28.867;40.723;48.598;42.543,-0.9480160375766306,0.46206662952146677,-0.1319014881235239,0.08404158909214912,1.2990452782681814,-0.14863812207726673,,,,,,,60.376,
1767465347.266784,50,108;109;200;201;202,24.951;29.335;41.604;48.971;43.198,-0.9528402643085649,0.4777095130136255,-0.13504059794966736,0.08198696321862245,1.2986422312177792,-0.1519249560289132,,,,,,,61.018,
1767465347.377993,51,108;109;200;201;202,24.366;29.046;41.540;48.525;42.968,-0.9560741959460705,0.4887489885709995,-0.13816087562975046,0.08076887377355689,1.2980794191624512,-0.15505825635167822,,,,,,,61.466,
1767465347.480852,52,108;109;200;201;202,22.093;28.214;41.441;48.607;42.591,-0.9590164009890493,0.496105733220272,-0.1415953918060801,0.08152950640825331,1.2987578536897098,-0.15818666080897503,,,,,,,61.806,
1767465347.576973,53,108;109;200;201;202,22.581;28.868;41.518;48.897;42.697,-0.9612313811656577,0.5023097179416235,-0.14322576273585555,0.08140901201750844,1.2990936176710162,-0.16059892447155633,,,,,,,62.081,
1767465347.671743,54,103;108;109;200;201;202,17.397;22.782;28.970;41.839;48.539;42.598,-0.951138805438945,0.46903708826557444,-0.1304398831828766,0.08211653172287386,1.30006026820205,-0.15226125095979745,,,,,,,60.714,
1767465347.761724,55,108;109;200;201;202,23.461;28.604;41.034;48.785;43.228,-0.9548932754581193,0.4814165809811053,-0.1350494923587544,0.08151354624368239,1.2997467534291018,-0.1561790970404728,,,,,,,61.219,
1767465347.844526,56,108;109;200;201;202,21.760;29.216;42.217;48.708;42.443,-0.9582719990085974,0.4902565107511964,-0.14026420010624452,0.08209521358540002,1.2975739160049804,-0.15748677012343906,,,,,,,61.616,
1767465347.923205,57,108;109;200;201;202,21.760;29.216;42.217;48.708;42.443,-0.9582719990085974,0.4902565107511964,-0.14026420010624452,0.08209521358540002,1.2975739160049804,-0.15748677012343906,,,,,,,61.616,
1767465348.025603,58,108;109;200;201;202,21.469;28.735;41.618;48.807;42.430,-0.9604551673558097,0.4973346831786722,-0.14220485052746176,0.080176437846427,1.2975873031429865,-0.15929235465046995,,,,,,,61.911,
1767465348.125078,59,108;109;200;201;202,23.152;28.967;41.513;48.757;41.964,-0.9618472075209705,0.5033125947026174,-0.1442239220383772,0.08078241638564168,1.2973851848127946,-0.16151442146388675,,,,,,,62.138,
1767465348.294487,60,103;108;109;200;201;202,16.445;22.181;29.348;41.568;48.174;43.063,-0.9513858241561024,0.46828225355135883,-0.13333248934995381,0.08346072107489966,1.2979367888266413,-0.15164993963810638,,,,,,,60.705,
1767465348.390643,61,103;108;109;200;201;202,16.572;22.052;27.300;41.899;48.439;42.075,-0.9433872447158621,0.44520814014642834,-0.12608214496122433,0.08533979790724736,1.2982247629183572,-0.14265834084007728,,,,,,,59.724,
1767465348.491227,62,108;109;200;201;202,21.552;28.570;41.692;48.572;42.023,-0.9488657452834489,0.46358993114438307,-0.1317752957653587,0.0840108330318347,1.2975687039995625,-0.14814720353685623,,,,,,,60.458,
1767465348.585711,63,108;109;200;201;202,23.349;28.839;41.519;49.117;42.287,-0.9532817047753274,0.4773846799811887,-0.13709724424680314,0.08402497050502745,1.2973423357933664,-0.15218604938851454,,,,,,,61.031,
1767465348.688482,64,108;109;200;201;202,23.988;29.674;41.488;48.337;42.816,-0.9571772704420846,0.48727876099458844,-0.1414637472387667,0.08294780601199013,1.2965528596347595,-0.15457121145646346,,,,,,,61.482,
1767465348.887497,65,103;108;109;200;201;202,18.529;23.699;29.076;42.254;48.997;42.171,-0.947893448383412,0.45671775141504695,-0.13147082170777644,0.08534840867856187,1.2987913668590356,-0.14753919008421781,,,,,,,60.237,
1767465349.074061,66,103;108;109;200;201;202,16.163;23.502;28.090;40.838;48.498;42.505,-0.9414180875348093,0.43621747174076675,-0.12326861944514828,0.08584810333838659,1.301530476711922,-0.14202575197807388,,,,,,,59.406,
1767465349.212551,67,108;109;200;201;202,22.077;28.110;41.164;49.165;42.735,-0.9478978745587269,0.45718491156369384,-0.13112335288336888,0.0850437617139896,1.3004780937598934,-0.14827319425473282,,,,,,,60.249,
1767465349.361914,68,108;109;200;201;202,24.577;29.193;41.305;48.895;41.735,-0.9521232535751686,0.47418369080432476,-0.1349243117257624,0.08237807862094863,1.2984423851213753,-0.15248539282226892,,,,,,,60.892,
1767465349.470035,69,108;109;200;201;202,24.278;29.413;41.436;48.716;42.793,-0.9557134284085007,0.48474596573352974,-0.1396056537966644,0.08155524151701837,1.2983770044525553,-0.15629623385462488,,,,,,,61.343,
1767465349.573219,70,108;109;200;201;202,21.032;28.473;42.112;49.084;41.992,-0.9581677391208747,0.49348608010009076,-0.14109834574464372,0.08025551212370807,1.297027794751488,-0.15727616975992,,,,,,,61.694,
1767465349.676765,71,108;109;200;201;202,24.190;28.334;41.823;48.578;42.103,-0.9598136457594747,0.5008292939876566,-0.14279661509384958,0.07945854318572976,1.2960881291734123,-0.15886924943602046,,,,,,,61.970,
1767465349.783112,72,103;108;109;200;201;202,15.700;22.088;29.154;41.215;48.303;42.037,-0.9503808958329752,0.46872445886870734,-0.13236274936691136,0.08249440811061663,1.297300866134558,-0.14996029732891283,,,,,,,60.665,
1767465349.891289,73,103;108;109;200;201;202,16.591;23.423;28.488;41.105;48.364;42.290,-0.9430275751565649,0.4450418631345342,-0.12624306904258575,0.08507367034263702,1.297805244004963,-0.14230890219804318,,,,,,,59.702,
1767465350.002289,74,103;108;109;200;201;202,17.541;23.284;30.139;41.216;47.812;42.168,-0.9378546032497967,0.4255689294202376,-0.12188248339212422,0.08711046428853038,1.299719777476937,-0.13783890466350895,,,,,,,58.968,
1767465350.118474,75,103;108;109;200;201;202,16.457;23.755;29.883;41.836;48.751;41.922,-0.9339060700618811,0.41290191087562517,-0.1174724378498471,0.08773045851100113,1.3019414555434194,-0.13465308784650434,,,,,,,58.468,
1767465350.247647,76,103;108;109;200;201;202,17.482;22.312;28.701;42.154;48.689;42.221,-0.9301191027379038,0.40328167704405893,-0.11502509857426986,0.08895613100980854,1.3029675724870282,-0.13001582423510177,,,,,,,58.050,
1767465350.384139,77,108;109;200;201;202,22.866;28.702;41.380;48.411;42.523,-0.9394576121833762,0.4332261017595739,-0.12218793757015403,0.08441255753289731,1.301631876019593,-0.13819038609062526,,,,,,,59.233,
1767465350.489758,78,103;108;109;200;201;202,18.058;23.509;29.996;41.040;48.596;41.994,-0.9355453791532048,0.41788657130444345,-0.11628287702371091,0.08451597600008515,1.3041495111367842,-0.13518678811718784,,,,,,,58.670,
1767465350.604190,79,108;109;200;201;202,22.618;28.898;42.016;48.667;42.727,-0.943199182184137,0.4439551868273861,-0.12434075555364488,0.08350483124032103,1.3029341038296756,-0.14147583491962362,,,,,,,59.685,
1767465350.716515,80,107;108;109;200;201;202,10.863;24.059;28.177;41.188;48.637;42.067,-0.9664120919681327,0.5345341690245459,-0.11224977698643872,0.04825138456972246,1.3145852526222974,-0.16941372954442835,,,,,,,63.239,
1767465350.821211,81,103;108;109;200;201;202,18.968;22.731;28.176;42.346;49.014;42.092,-0.9542439405476641,0.491500516733175,-0.11072863438999896,0.06007112137344084,1.3100407182732277,-0.15854413826389235,,,,,,,61.465,
1767465350.924406,82,103;108;109;200;201;202,18.001;22.553;29.361;41.338;48.371;41.822,-0.9460243795843651,0.46064771874753896,-0.1099977265804782,0.06767150353747703,1.3080458609519878,-0.1500324740824485,,,,,,,60.253,
1767465351.043919,83,103;107;108;109;200;201;202,16.639;10.019;24.050;29.162;42.058;48.538;42.936,-0.9570493499132146,0.5071823019738894,-0.09572361803234616,0.04575504668122256,1.3164082339694085,-0.15951101120368774,,,,,,,62.032,
1767465351.254059,84,103;108;109;200;201;202,15.744;23.098;28.314;41.333;48.490;42.509,-0.9480275885071444,0.474003503188036,-0.09852853988491961,0.05745727084401792,1.312445308022165,-0.1511149867847429,,,,,,,60.701,
1767465351.417658,85,108;109;200;201;202,22.921;29.445;42.120;47.787;41.921,-0.952669163396375,0.48507521491483263,-0.10974573403640062,0.061788543249397115,1.3079607887579288,-0.15474365114873195,,,,,,,61.218,
1767465351.603585,86,108;109;200;201;202,24.058;30.231;41.475;48.537;42.026,-0.9558056943640233,0.4936272384192823,-0.11791427938181048,0.0640794765709505,1.3057302381137779,-0.15786777184701126,,,,,,,61.595,
1767465351.700171,87,108;109;200;201;202,23.999;29.460;41.852;48.696;42.405,-0.9590817767289047,0.4996749890198612,-0.12474848013735608,0.06768363637447668,1.3035961800892382,-0.1604616468192818,,,,,,,61.916,
1767465351.797827,88,103;107;108;109;200;201;202,17.165;10.250;21.244;27.646;40.977;48.087;42.227,-0.9659304873750918,0.5333813455369225,-0.10563103433104165,0.04607392219354617,1.3129425605273721,-0.16558940271732392,,,,,,,63.187,
1767465351.896637,89,108;109;200;201;202,22.747;27.762;41.409;49.157;43.101,-0.9657533532537929,0.5294808854686645,-0.11855843881074259,0.056645337778608265,1.3076898508094117,-0.165570221462258,,,,,,,63.062,
1767465351.991576,90,108;109;200;201;202,22.747;27.762;41.409;49.157;43.101,-0.9657533532537929,0.5294808854686645,-0.11855843881074259,0.056645337778608265,1.3076898508094117,-0.165570221462258,,,,,,,63.062,
1767465352.089393,91,103;108;109;200;201;202,17.512;22.576;27.778;41.877;48.991;41.988,-0.9546291798854062,0.4881695795436812,-0.11539908519927147,0.0664057819871774,1.304333624944396,-0.15538600077517353,,,,,,,61.394,
1767465352.180964,92,107;108;109;200;201,8.481;24.188;28.785;41.472;48.436,-0.9980303383500496,0.5653282731428814,-0.07115166914432089,0.0015397567850348587,1.30381697940566,-0.19464366922201218,,,,,,,65.704,
1767465352.273559,93,108;109;200;201,23.324;27.953;40.791;48.853,-1.0195049623445092,0.5524446179288885,-0.051212146858050075,-0.01941142495887902,1.2870237708372054,-0.2111655704231264,,,,,,,66.430,
1767465352.362221,94,103;108;109;200;201,18.391;22.631;29.622;41.939;48.733,-1.020318836645194,0.5023195743772791,-0.026045417541560378,-0.026860171318156767,1.2770409452096003,-0.21345397975233407,,,,,,,65.158,
1767465352.441525,95,108;109;200;201,23.440;27.658;40.237;48.630,-1.036375222423283,0.5053304131438625,-0.01769766316137412,-0.03786918582240019,1.2682385704692465,-0.22664575062232778,,,,,,,66.062,
1767465352.526270,96,107;108;109;200;201,7.852;23.402;28.529;39.030;47.912,-1.0566762919456232,0.5773851540168383,0.006928391585003763,-0.07860290242764213,1.2802503358746615,-0.24813104391490035,,,,,,,68.992,
1767465352.622118,97,107;108;109;200;201,9.298;23.117;26.908;37.391;47.709,-1.1854825264423887,0.6752040208047846,-0.00614224153488606,-0.1266642061707614,1.2823803526141273,-0.24386356948086188,,,,,,,78.168,
1767465352.723608,98,107;108;200;201,17.620;26.852;38.809;45.209,-1.153265491337557,0.7475940204225039,0.06504373058285048,-0.1600118572380828,1.2943488839779314,-0.25720459627655495,,,,,,,78.729,
1767465352.819839,99,107;108;200;201,22.226;22.857;33.274;43.849,-1.1157794569463013,0.7329817945280948,0.1604160068657936,-0.18604223259505143,1.3064318412442402,-0.2756120699254487,,,,,,,76.390,
1767465352.931376,100,106;107;108;201,21.849;25.828;17.213;40.820,-1.1530408850589084,0.6463531308499617,0.3977672897567344,-0.17318402543637698,1.2828254722329724,-0.2902400852428294,,,,,,,75.133,
1767465353.031099,101,106;107;108;201,21.849;25.828;17.213;40.820,-1.1530408850589084,0.6463531308499617,0.3977672897567344,-0.17318402543637698,1.2828254722329724,-0.2902400852428294,,,,,,,75.133,
1767465353.128084,102,105;106;201,25.532;28.360;40.114,-0.9650958906007386,0.8786976721442818,0.620867214856097,-0.262250937658492,1.368007135984439,-0.161912061564626,,,,,,,73.347,
1767465353.265369,103,104;105;106;201;202,19.640;27.148;24.444;39.202;17.733,-0.8078043689418435,1.0030943619842736,0.8478868099966105,-0.3219552423772384,1.3907563300796244,0.08395397628210902,,,,,,,71.188,
1767465353.429022,104,103;104;105;201;202,11.899;24.936;30.675;41.583;20.616,-0.677331180785654,1.1908335955492888,1.0614989974176148,-0.31328363698638856,1.382303539153526,0.3543564540631306,,,,,,,74.088,
1767465353.623455,105,103;104;105;201;202,12.423;24.560;29.020;41.184;23.069,-0.4713943549709781,1.206757641006655,1.2573760640970062,-0.20825676300647863,1.3258845294587744,0.5222510531963628,,,,,,,68.571,
1767465353.747169,106,104;105;201;202,24.395;30.391;42.707;24.442,-0.5092053626414785,1.1843946710043287,1.3357405371968862,-0.17445979968740846,1.2543090962688104,0.6252894592691516,,,,,,,67.553,
1767465353.842384,107,104;105;201;202,25.839;31.197;43.722;25.495,-0.3974211647878757,1.21548328280865,1.390710144000701,-0.14126744687800158,1.256021315803024,0.7202887624293858,,,,,,,66.523,
1767465353.950887,108,103;104;105;106;200;201;202,14.310;26.322;30.904;19.536;40.984;42.333;47.538,-0.3569385459871699,1.2171501588762337,1.4129014650060228,-0.050227543502977645,1.2762374159231884,0.8196248706790706,,,,,,,65.795,
1767465354.036526,109,104;105;200;201;202,25.835;31.280;45.667;43.004;48.230,-0.4721626870373724,1.1157614538822358,1.3573816731779633,-0.01607010708474207,1.1606053389063535,0.8273154188198281,,,,,,,63.419,
1767465354.132073,110,104;105;106;200;201;202,25.461;29.532;21.525;44.403;41.934;48.296,-0.5391675703699499,1.0807858942517057,1.3349603372483547,-0.004412311587659016,1.154276473098362,0.8595471486107453,,,,,,,63.417,
1767465354.234503,111,104;105;200;201;202,24.967;29.334;45.086;43.892;49.461,-0.6025727237805009,1.0131118861344013,1.2974656027825489,0.0039509759551438345,1.0721389901510368,0.883416697776722,,,,,,,62.231,
1767465354.326054,112,104;105;200;201;202,24.967;29.334;45.086;43.892;49.461,-0.6025727237805009,1.0131118861344013,1.2974656027825489,0.0039509759551438345,1.0721389901510368,0.883416697776722,,,,,,,62.231,
1767465354.427852,113,103;104;105;200;201;202,14.179;24.436;29.280;42.543;42.492;49.441,-0.6511841499629687,1.054932786675946,1.3111881001720542,0.03218270910473811,1.0377994649300408,0.9069145926358486,,,,,,,65.248,
1767465354.528625,114,104;105;106;200;201;202,25.663;30.198;21.196;44.679;40.732;49.561,-0.7631905550449659,1.0042165537702714,1.294507329530376,0.01588115364060621,1.0498056845574177,0.8997163770700735,,,,,,,66.495,
1767465354.627737,115,103;104;105;106;200;201;202,14.473;25.795;30.279;21.005;42.778;41.748;49.327,-0.8409807593396044,1.0471348924804307,1.3145409739160203,0.024830801413107156,1.0737687497519652,0.9058323632836291,,,,,,,70.476,
1767465354.725538,116,103;104;105;106;200;201;202,14.837;25.541;30.137;22.597;43.525;42.750;49.337,-0.8987372066578195,1.077696002376066,1.3277846839606373,0.028861498796142977,1.0969844042074015,0.9118718622038692,,,,,,,73.383,
1767465354.824888,117,104;105;200;201;202,25.212;29.203;43.831;42.989;49.856,-0.8643495060875718,1.012536657588625,1.2942444121249594,0.010630570743934383,1.033307617748173,0.9460051419361085,,,,,,,70.069,
1767465354.924503,118,103;104;105;200;201;202,14.348;26.778;30.700;43.053;41.993;49.489,-0.8484890874973565,1.0578711122881754,1.3083335534082976,0.031114901906010187,1.022244391037613,0.9624633153468589,,,,,,,71.196,
1767465355.032749,119,104;105;200;201;202,26.731;30.528;43.596;42.657;49.589,-0.8266343144216997,1.0008568517143495,1.2805565828914753,0.010343608459994698,0.9804176247798067,0.9772115467632063,,,,,,,68.498,
1767465355.139265,120,103;104;105;200;201;202,15.215;25.275;29.854;43.932;42.814;48.913,-0.8208987389874844,1.0503540422386064,1.2977588789137326,0.032170852329653936,0.9825094696902409,0.9853342039419946,,,,,,,70.128,
1767465355.243040,121,103;104;105;106;200;201;202,14.993;27.053;30.158;22.162;43.773;42.068;49.384,-0.8832230396460811,1.0841530841740306,1.3164547690003978,0.03820990012212849,1.0329759132913905,0.9743733007757118,,,,,,,73.251,
1767465355.361541,122,103;104;105;200;201;202,12.860;25.871;29.799;43.350;41.934;49.482,-0.8622015781512765,1.1069564675709476,1.3237108462379532,0.05116820411532674,1.0215503210854122,0.9869641307015785,,,,,,,73.416,
1767465355.494393,123,103;104;105;106;200;201;202,13.521;26.235;29.550;21.425;42.539;43.317;49.499,-0.9163009794086704,1.1208861871997218,1.3345563364295165,0.04854820362669225,1.0650035024723608,0.974274757131042,,,,,,,75.538,
1767465355.599575,124,104;105;200;201;202,25.474;29.503;42.751;43.181;49.154,-0.8787362766697261,1.0437140030305303,1.29880575137067,0.018491853877725384,1.0079810193727177,0.9916319281781957,,,,,,,71.706,
1767465355.704402,125,103;104;105;106;200;201;202,13.678;24.148;29.970;20.591;43.457;42.272;49.588,-0.9278777153223265,1.0719518026401478,1.3158512801864004,0.024558893323380553,1.0517975529955204,0.9794677468755671,,,,,,,74.231,
1767465355.801020,126,103;104;105;200;201;202,15.252;26.494;28.734;43.589;41.949;48.931,-0.8966184548465201,1.1014882264915338,1.325377581856065,0.040738179640304635,1.0370298781277825,0.9911303288954278,,,,,,,74.260,
1767465355.908758,127,103;104;105;106;200;201;202,15.441;25.540;29.454;20.549;42.966;42.158;49.631,-0.9418445079431271,1.1162308728745953,1.3362816689668038,0.04063123721499218,1.0740676019569928,0.9792421291413272,,,,,,,76.154,
1767465356.001454,128,104;105;106;200;201;202,26.293;29.531;22.169;42.953;42.310;49.092,-0.978830157128755,1.0462318921789555,1.3103933908572871,0.004780362784562609,1.0796314059715155,0.9652113564019696,,,,,,,75.038,
1767465356.096713,129,104;105;200;201;202,25.661;30.508;42.571;42.900;48.973,-0.9229492833730695,0.9955171597947633,1.2816313821397112,-0.012063517384888131,1.0205553392284006,0.9829984976409029,,,,,,,71.521,
1767465356.195061,130,104;105;106;200;201;202,25.841;29.184;21.352;42.898;42.495;49.620,-0.9597724403994766,0.9603442773620499,1.2694710328172016,-0.029856849985098063,1.0398624610372547,0.9660602198642408,,,,,,,71.644,
1767465356.294412,131,103;104;105;200;201;202,13.923;25.946;30.189;43.665;41.433;48.794,-0.9199122195672474,1.0235798366190032,1.2925592526048624,0.0002578237974092796,1.02781396071192,0.9781699046956709,,,,,,,72.365,
1767465356.387047,132,104;105;200;201;202,26.019;29.515;43.465;42.616;49.654,-0.8806891398596796,0.9746684067123921,1.2679039789438986,-0.015073443305978993,0.9814442271342751,0.989566271461527,,,,,,,69.405,
1767465356.483466,133,103;104;105;200;201;202,14.910;25.283;30.331;43.368;41.937;48.738,-0.8607669112597209,1.03308658728875,1.2895825921209398,0.012159934343609066,0.9856798069146929,0.9951778052287872,,,,,,,70.793,
1767465356.584294,134,103;104;105;200;201;202,13.583;26.440;30.242;43.052;41.606;49.677,-0.8443504828966227,1.0731289089582743,1.3047203902920463,0.03217895264876797,0.988296004296857,0.9994501976971174,,,,,,,71.705,
1767465356.683285,135,103;104;105;106;200;201;202,16.437;26.356;29.700;21.221;43.374;41.919;49.205,-0.9018760328867623,1.1001619606491206,1.3220767944463367,0.03774151560544706,1.0390934374017067,0.9846096503604129,,,,,,,74.409,
1767465356.786909,136,103;104;105;200;201;202,13.469;26.758;30.650;43.339;42.129;48.966,-0.8759087739502819,1.1182256840846134,1.327659964021475,0.04909164061897003,1.0269838667992686,0.994093081391249,,,,,,,74.245,
1767465356.892442,137,103;104;105;200;201;202,16.075;25.995;29.630;43.104;42.376;49.816,-0.857363793551565,1.134315330257706,1.3326362731594132,0.059633623765186106,1.0181757967428768,1.001691016468173,,,,,,,74.266,
1767465357.007110,138,103;104;105;106;200;201;202,15.587;26.342;30.620;21.857;43.186;41.613;49.497,-0.9120477393563565,1.141666116318867,1.3409552465980197,0.05547842405093198,1.0614931269581607,0.9851015210340944,,,,,,,76.141,
1767465357.124466,139,103;104;105;106;200;201;202,13.112;26.384;28.533;19.840;43.606;42.829;50.089,-0.9530480118282442,1.143146590157149,1.3464502539992922,0.04966268419194535,1.092360379775664,0.9746192337177936,,,,,,,77.424,
1767465357.287210,140,104;105;106;200;201;202,26.134;29.264;21.317;43.144;42.964;49.345,-0.9841039464781919,1.0651235622858906,1.3180463790181625,0.010153552329159345,1.0905019177660886,0.9629795166376997,,,,,,,75.832,
1767465357.469229,141,103;104;105;106;200;201;202,14.097;25.685;30.384;21.980;43.531;42.408;48.860,-1.0075688015810695,1.0897745622783308,1.3284667223798279,0.013636544518835534,1.1153144029954525,0.9559772726770543,,,,,,,77.416,
