#{"config": {"calib_path_resolved": "/Users/Andreas/Desktop/ptl24_marker/common/calib/calib_c920_1280x720.yaml", "cli_overrides": ["camera", "config", "debug_metrics", "ekf", "ema_alpha", "extrinsics", "fps", "height", "hud", "print_tilt", "rig", "save_poses", "use_weighted_se3", "video", "width"], "config_path": "/Users/Andreas/Desktop/ptl24_marker/phase_b/config.yaml", "extrinsics_path_resolved": "/Users/Andreas/Desktop/ptl24_marker/common/extrinsics/T_WC_c920_1280x720.yaml", "rig_path_resolved": "/Users/Andreas/Desktop/ptl24_marker/phase_b/rigs/cyl_dotec.yaml", "runtime": {"bench": {"print_every": 60}, "fuse": {"axis_len_m": 0.1, "ema_alpha": 0.25, "use_weighted_se3": true}, "health": {"max_tilt_jump_deg": 15.0, "spike_reset_after": 10}, "hud": {"enabled": true}, "logging": {"debug_metrics_csv": "Preliminary_report/runs/720p/debug_metrics_dotec_c920_1280x720.csv", "poses_csv": "Preliminary_report/runs/720p/poses_dotec_c920_1280x720.csv"}, "ransac": {"A_ref_px2": 12000.0, "adaptive": false, "base_rot_deg": 5.0, "base_trans_m": 0.05, "min_inliers": 3, "rot_max_deg": 5.0, "trans_max_m": 0.05}, "video": {"device": "0", "fps": 30.0, "height": 720, "width": 1280}}, "yaml": {"bench": {"print_every": 60}, "fuse": {"axis_len_m": 0.1, "ema_alpha": 0.3, "use_weighted_se3": true}, "health": {"max_tilt_jump_deg": 15}, "hud": {"enabled": true}, "logging": {"debug_metrics_csv": "phase_b/debug_metrics.csv", "poses_csv": "phase_b/poses.csv"}, "ransac": {"A_ref_px2": 12000, "adaptive": false, "base_rot_deg": 5, "base_trans_m": 0.05, "min_inliers": 3, "rot_max_deg": 5, "trans_max_m": 0.05}, "video": {"device": 2, "fps": 30, "height": 1080, "width": 1920}}}, "files": {"camera_calib": {"path": "/Users/Andreas/Desktop/ptl24_marker/common/calib/calib_c920_1280x720.yaml", "sha256": "416ced30fbd86be9fd78c0e9845e0c4d470a9880bebda0eb2a612d21823f5dc3"}, "config": {"path": "/Users/Andreas/Desktop/ptl24_marker/phase_b/config.yaml", "sha256": "9c664548f0c4998345c599764857540af456008cc4bf230d90b575c908eaec28"}, "extrinsics": {"path": "/Users/Andreas/Desktop/ptl24_marker/common/extrinsics/T_WC_c920_1280x720.yaml", "sha256": "d0e4db12a5153c0e7ac3625f5eec478b504b3bfc242bc8f0b4efbd0bfbadb1d7"}, "rig": {"path": "/Users/Andreas/Desktop/ptl24_marker/phase_b/rigs/cyl_dotec.yaml", "sha256": "f0fd590bf211070dbb1b2c6b32f4041175f33703203978255bdee60a8b77b6ef"}}, "git_commit": null, "timestamp": 1766334362.5657961}
t,fps,n_visible,n_inliers,mean_reproj,ransac_score,weight_min,weight_max,tilt_deg,mean_tag_area_px2,mean_view_cos,mean_reproj_px,ransac_trans_eff,ransac_rot_eff,n_unknown_ids,n_mirror_discards,spike_delta_trans_m,spike_delta_rot_deg,spike_trans_thresh_m,spike_rot_thresh_deg,spike_ref_age_frames,spike_ref_frame_idx
1766334362.894471,29537.352,7,7,22.544,0.00000,0.041,0.396,77.548,581.2,0.6396,22.544,0.0500,5.000,0,0,,,,,,
1766334363.126510,3.812,7,7,22.556,0.00000,0.042,0.389,77.548,583.4,0.6417,22.556,0.0500,5.000,0,0,0.3432,25.745,,15.000,1,0
1766334363.329860,6.048,7,7,22.567,0.00000,0.042,0.388,77.548,583.3,0.6402,22.567,0.0500,5.000,0,0,0.3382,25.578,,15.000,2,0
1766334363.510432,4.734,7,7,22.553,0.00000,0.041,0.388,77.548,583.1,0.6410,22.553,0.0500,5.000,0,0,0.3426,25.515,,15.000,3,0
1766334363.614752,5.489,7,7,22.578,0.00000,0.042,0.390,77.548,583.2,0.6401,22.578,0.0500,5.000,0,0,0.3468,25.588,,15.000,4,0
1766334363.755464,7.398,7,7,22.543,0.00000,0.042,0.388,77.548,582.4,0.6403,22.543,0.0500,5.000,0,0,0.3424,25.324,,15.000,5,0
1766334363.873747,10.399,7,7,22.533,0.00000,0.042,0.388,77.548,582.5,0.6410,22.533,0.0500,5.000,0,0,0.3372,25.755,,15.000,6,0
1766334364.055573,7.576,7,7,22.549,0.00000,0.042,0.390,77.548,582.8,0.6400,22.549,0.0500,5.000,0,0,0.3430,25.791,,15.000,7,0
1766334364.159506,6.059,7,7,22.537,0.00000,0.041,0.389,77.548,581.8,0.6405,22.537,0.0500,5.000,0,0,0.3383,25.513,,15.000,8,0
1766334364.245311,7.633,6,6,22.452,0.00000,0.046,0.421,77.548,610.1,0.6653,22.452,0.0500,5.000,0,0,0.2522,16.385,,15.000,9,0
1766334364.310099,15.117,7,7,22.537,0.00000,0.042,0.387,71.185,582.4,0.6406,22.537,0.0500,5.000,0,0,0.3382,25.491,,15.000,10,0
1766334364.376832,15.160,7,7,22.547,0.00000,0.042,0.388,71.185,582.6,0.6404,22.547,0.0500,5.000,0,0,0.2748,19.683,,15.000,1,10
1766334364.439399,15.166,7,7,22.549,0.00000,0.042,0.387,71.185,582.9,0.6404,22.549,0.0500,5.000,0,0,0.2776,19.776,,15.000,2,10
1766334364.506148,15.150,7,7,22.533,0.00000,0.042,0.387,71.185,582.2,0.6407,22.533,0.0500,5.000,0,0,0.2749,19.822,,15.000,3,10
1766334364.573062,15.082,7,7,22.577,0.00000,0.042,0.391,71.185,582.7,0.6411,22.577,0.0500,5.000,0,0,0.2779,19.833,,15.000,4,10
1766334364.638564,15.080,7,7,22.559,0.00000,0.042,0.387,71.185,583.1,0.6415,22.559,0.0500,5.000,0,0,0.2755,20.080,,15.000,5,10
1766334364.703850,15.204,6,6,22.468,0.00000,0.045,0.421,68.483,610.6,0.6662,22.468,0.0500,5.000,0,0,,,,,,
1766334364.810377,9.951,7,7,22.549,0.00000,0.042,0.388,68.483,582.2,0.6413,22.549,0.0500,5.000,0,0,0.2471,17.723,,15.000,1,16
1766334364.877671,15.640,7,7,22.526,0.00000,0.042,0.386,68.483,582.4,0.6405,22.526,0.0500,5.000,0,0,0.2450,17.037,,15.000,2,16
1766334364.935913,15.166,7,7,22.563,0.00000,0.042,0.388,68.483,582.8,0.6406,22.563,0.0500,5.000,0,0,0.2456,17.467,,15.000,3,16
1766334365.010729,15.193,7,7,22.556,0.00000,0.042,0.388,68.483,583.0,0.6416,22.556,0.0500,5.000,0,0,0.2469,17.635,,15.000,4,16
1766334365.069309,14.961,7,7,22.548,0.00000,0.042,0.386,68.483,582.8,0.6407,22.548,0.0500,5.000,0,0,0.2432,17.561,,15.000,5,16
1766334365.139839,15.328,7,7,22.550,0.00000,0.042,0.385,68.483,582.9,0.6410,22.550,0.0500,5.000,0,0,0.2445,17.178,,15.000,6,16
1766334365.198670,14.978,7,7,22.556,0.00000,0.041,0.387,68.483,583.0,0.6416,22.556,0.0500,5.000,0,0,0.2477,17.591,,15.000,7,16
1766334365.266275,15.264,7,7,22.561,0.00000,0.041,0.387,68.483,583.1,0.6410,22.561,0.0500,5.000,0,0,0.2475,17.746,,15.000,8,16
1766334365.367215,15.142,7,7,22.538,0.00000,0.042,0.387,68.483,582.7,0.6414,22.538,0.0500,5.000,0,0,0.2483,17.346,,15.000,9,16
1766334365.435448,10.015,7,7,22.558,0.00000,0.041,0.389,64.157,582.7,0.6405,22.558,0.0500,5.000,0,0,0.2467,17.285,,15.000,10,16
1766334365.498703,15.352,7,7,22.556,0.00000,0.042,0.388,60.746,583.0,0.6407,22.556,0.0500,5.000,0,0,,,,,,
1766334365.567705,15.096,7,7,22.560,0.00000,0.042,0.388,58.137,582.7,0.6412,22.560,0.0500,5.000,0,0,,,,,,
1766334365.657053,15.189,7,7,22.544,0.00000,0.042,0.388,56.183,582.6,0.6405,22.544,0.0500,5.000,0,0,,,,,,
1766334365.733477,10.039,7,7,22.560,0.00000,0.042,0.389,56.183,582.8,0.6410,22.560,0.0500,5.000,0,0,0.3486,38.523,,15.000,1,29
1766334365.796595,15.111,7,7,22.550,0.00000,0.041,0.388,56.183,582.8,0.6409,22.550,0.0500,5.000,0,0,0.3472,38.663,,15.000,2,29
1766334365.862545,15.311,7,7,22.552,0.00000,0.041,0.387,56.183,582.4,0.6410,22.552,0.0500,5.000,0,0,0.3460,38.666,,15.000,3,29
1766334365.928594,14.990,7,7,22.546,0.00000,0.042,0.388,56.183,582.6,0.6411,22.546,0.0500,5.000,0,0,0.3474,38.680,,15.000,4,29
1766334365.991573,15.332,6,6,22.465,0.00000,0.046,0.421,56.183,610.3,0.6658,22.465,0.0500,5.000,0,0,0.2497,33.220,,15.000,5,29
1766334366.058264,15.175,6,6,22.461,0.00000,0.045,0.421,56.183,610.4,0.6658,22.461,0.0500,5.000,0,0,0.2490,33.623,,15.000,6,29
1766334366.124204,15.124,6,6,22.483,0.00000,0.045,0.422,56.183,610.7,0.6656,22.483,0.0500,5.000,0,0,0.2514,33.403,,15.000,7,29
1766334366.192014,15.186,7,7,22.548,0.00000,0.041,0.387,56.183,582.6,0.6413,22.548,0.0500,5.000,0,0,0.3468,38.665,,15.000,8,29
1766334366.256153,14.910,6,6,22.454,0.00000,0.045,0.422,56.183,610.3,0.6658,22.454,0.0500,5.000,0,0,0.2500,33.455,,15.000,9,29
1766334366.326039,15.033,7,7,22.551,0.00000,0.042,0.389,45.873,582.6,0.6412,22.551,0.0500,5.000,0,0,0.3481,38.446,,15.000,10,29
1766334366.394655,15.046,7,7,22.570,0.00000,0.041,0.387,45.873,582.8,0.6406,22.570,0.0500,5.000,0,0,0.2765,29.026,,15.000,1,39
1766334366.461101,15.366,7,7,22.545,0.00000,0.041,0.387,45.873,582.6,0.6413,22.545,0.0500,5.000,0,0,0.2771,29.070,,15.000,2,39
1766334366.528296,15.254,7,7,22.550,0.00000,0.042,0.388,45.873,582.4,0.6406,22.550,0.0500,5.000,0,0,0.2758,28.950,,15.000,3,39
1766334366.650260,7.586,7,7,22.551,0.00000,0.042,0.390,45.873,582.7,0.6402,22.551,0.0500,5.000,0,0,0.2811,28.869,,15.000,4,39
1766334366.714872,15.182,7,7,22.542,0.00000,0.042,0.388,45.873,582.7,0.6397,22.542,0.0500,5.000,0,0,0.2795,28.853,,15.000,5,39
1766334366.780137,15.197,7,7,22.565,0.00000,0.042,0.390,45.873,582.5,0.6405,22.565,0.0500,5.000,0,0,0.2784,28.819,,15.000,6,39
1766334366.846300,15.004,7,7,22.557,0.00000,0.042,0.389,45.873,582.6,0.6402,22.557,0.0500,5.000,0,0,0.2808,28.884,,15.000,7,39
1766334366.913083,15.105,7,7,22.547,0.00000,0.042,0.391,45.873,582.7,0.6403,22.547,0.0500,5.000,0,0,0.2766,28.984,,15.000,8,39
1766334366.979718,15.222,7,7,22.539,0.00000,0.041,0.388,45.873,582.3,0.6407,22.539,0.0500,5.000,0,0,0.2751,28.973,,15.000,9,39
1766334367.044443,15.289,7,7,22.545,0.00000,0.042,0.388,38.028,582.5,0.6408,22.545,0.0500,5.000,0,0,0.2776,28.909,,15.000,10,39
1766334367.127507,15.023,7,7,22.561,0.00000,0.042,0.388,38.028,582.2,0.6412,22.561,0.0500,5.000,0,0,0.2185,21.796,,15.000,1,49
1766334367.179794,15.194,7,7,22.548,0.00000,0.042,0.387,38.028,582.8,0.6411,22.548,0.0500,5.000,0,0,0.2234,21.838,,15.000,2,49
1766334367.247239,15.146,7,7,22.552,0.00000,0.042,0.388,38.028,583.3,0.6410,22.552,0.0500,5.000,0,0,0.2237,21.643,,15.000,3,49
1766334367.313126,15.030,7,7,22.551,0.00000,0.042,0.388,38.028,582.4,0.6407,22.551,0.0500,5.000,0,0,0.2189,21.649,,15.000,4,49
1766334367.411575,10.064,7,7,22.551,0.00000,0.042,0.389,38.028,582.8,0.6406,22.551,0.0500,5.000,0,0,0.2179,21.639,,15.000,5,49
1766334367.478868,15.253,7,7,22.558,0.00000,0.042,0.390,38.028,582.7,0.6406,22.558,0.0500,5.000,0,0,0.2214,21.546,,15.000,6,49
1766334367.549932,15.233,7,7,22.552,0.00000,0.042,0.389,38.028,582.8,0.6411,22.552,0.0500,5.000,0,0,0.2200,21.681,,15.000,7,49
1766334367.609228,15.120,6,6,22.456,0.00000,0.046,0.422,38.028,610.7,0.6655,22.456,0.0500,5.000,0,0,0.1435,16.780,,15.000,8,49
1766334367.675875,15.185,6,6,22.453,0.00000,0.045,0.422,38.028,610.0,0.6653,22.453,0.0500,5.000,0,0,0.1428,16.617,,15.000,9,49
1766334367.744169,15.115,7,7,22.533,0.00000,0.042,0.388,32.092,582.6,0.6404,22.533,0.0500,5.000,0,0,0.2210,21.684,,15.000,10,49
1766334367.809547,15.106,7,7,22.564,0.00000,0.042,0.388,32.092,583.0,0.6404,22.564,0.0500,5.000,0,0,0.1795,16.125,,15.000,1,59
1766334367.875073,15.117,7,7,22.538,0.00000,0.042,0.388,32.092,582.5,0.6404,22.538,0.0500,5.000,0,0,0.1793,16.162,,15.000,2,59
1766334367.942705,15.255,7,7,22.568,0.00000,0.042,0.389,32.092,583.1,0.6402,22.568,0.0500,5.000,0,0,0.1793,16.093,,15.000,3,59
1766334368.007820,15.125,7,7,22.550,0.00000,0.042,0.387,32.092,582.6,0.6411,22.550,0.0500,5.000,0,0,0.1765,16.303,,15.000,4,59
1766334368.069735,15.120,6,6,22.471,0.00000,0.045,0.422,29.109,609.9,0.6659,22.471,0.0500,5.000,0,0,,,,,,
1766334368.137464,15.230,6,6,22.449,0.00000,0.045,0.421,26.908,610.0,0.6648,22.449,0.0500,5.000,0,0,,,,,,
1766334368.204137,15.171,7,7,22.560,0.00000,0.042,0.387,23.810,582.9,0.6405,22.560,0.0500,5.000,0,0,,,,,,
1766334368.272720,14.990,6,6,22.455,0.00000,0.045,0.421,22.833,610.4,0.6659,22.455,0.0500,5.000,0,0,,,,,,
1766334368.339037,15.124,7,7,22.560,0.00000,0.042,0.389,20.704,583.0,0.6413,22.560,0.0500,5.000,0,0,,,,,,
1766334368.401816,15.499,6,6,22.450,0.00000,0.045,0.422,20.466,610.2,0.6654,22.450,0.0500,5.000,0,0,,,,,,
1766334368.467832,15.065,7,7,22.532,0.00000,0.042,0.388,18.985,582.6,0.6409,22.532,0.0500,5.000,0,0,,,,,,
1766334368.535486,15.219,6,6,22.470,0.00000,0.045,0.423,19.205,610.4,0.6645,22.470,0.0500,5.000,0,0,,,,,,
1766334368.598556,15.153,6,6,22.433,0.00000,0.045,0.422,19.306,609.7,0.6655,22.433,0.0500,5.000,0,0,,,,,,
1766334368.663104,15.125,6,6,22.453,0.00000,0.045,0.423,19.342,610.0,0.6654,22.453,0.0500,5.000,0,0,,,,,,
1766334368.734174,15.123,7,7,22.533,0.00000,0.042,0.389,18.148,582.1,0.6412,22.533,0.0500,5.000,0,0,,,,,,
1766334368.796164,15.166,6,6,22.449,0.00000,0.045,0.422,18.467,610.5,0.6659,22.449,0.0500,5.000,0,0,,,,,,
1766334368.863097,15.046,6,6,22.462,0.00000,0.045,0.421,18.702,610.5,0.6657,22.462,0.0500,5.000,0,0,,,,,,
1766334368.928510,15.199,7,7,22.555,0.00000,0.042,0.388,17.652,582.9,0.6411,22.555,0.0500,5.000,0,0,,,,,,
1766334368.992800,15.158,7,7,22.549,0.00000,0.042,0.388,16.865,582.6,0.6404,22.549,0.0500,5.000,0,0,,,,,,
1766334369.063853,14.968,7,7,22.557,0.00000,0.041,0.390,16.269,582.7,0.6408,22.557,0.0500,5.000,0,0,,,,,,
1766334369.131547,15.252,7,7,22.549,0.00000,0.042,0.388,15.793,582.7,0.6407,22.549,0.0500,5.000,0,0,,,,,,
1766334369.199549,15.172,7,7,22.545,0.00000,0.042,0.389,15.471,582.7,0.6405,22.545,0.0500,5.000,0,0,,,,,,
1766334369.271999,14.988,7,7,22.550,0.00000,0.041,0.389,15.188,582.7,0.6409,22.550,0.0500,5.000,0,0,,,,,,
1766334369.388806,7.604,7,7,22.542,0.00000,0.042,0.390,15.006,582.5,0.6402,22.542,0.0500,5.000,0,0,,,,,,
1766334369.454516,15.236,7,7,22.553,0.00000,0.042,0.391,14.887,582.6,0.6399,22.553,0.0500,5.000,0,0,,,,,,
1766334369.521157,15.218,7,7,22.548,0.00000,0.042,0.390,14.763,582.7,0.6402,22.548,0.0500,5.000,0,0,,,,,,
1766334369.587590,14.845,7,7,22.548,0.00000,0.042,0.390,14.693,582.4,0.6411,22.548,0.0500,5.000,0,0,,,,,,
1766334369.654012,15.139,7,7,22.563,0.00000,0.042,0.391,14.646,582.7,0.6402,22.563,0.0500,5.000,0,0,,,,,,
1766334369.719188,15.573,7,7,22.545,0.00000,0.042,0.389,14.571,582.8,0.6408,22.545,0.0500,5.000,0,0,,,,,,
1766334369.786233,14.744,7,7,22.541,0.00000,0.042,0.392,14.512,582.5,0.6405,22.541,0.0500,5.000,0,0,,,,,,
1766334369.856352,14.977,7,7,22.560,0.00000,0.042,0.389,14.437,582.9,0.6400,22.560,0.0500,5.000,0,0,,,,,,
1766334369.919066,15.131,7,7,22.549,0.00000,0.042,0.389,14.394,582.7,0.6397,22.549,0.0500,5.000,0,0,,,,,,
1766334369.985566,15.537,7,7,22.532,0.00000,0.042,0.389,14.346,582.6,0.6407,22.532,0.0500,5.000,0,0,,,,,,
1766334370.083961,10.004,6,6,22.450,0.00000,0.045,0.422,15.447,610.5,0.6654,22.450,0.0500,5.000,0,0,,,,,,
1766334370.146639,15.596,7,7,22.542,0.00000,0.042,0.389,15.198,582.4,0.6408,22.542,0.0500,5.000,0,0,,,,,,
1766334370.215376,14.799,7,7,22.528,0.00000,0.042,0.388,14.934,582.3,0.6408,22.528,0.0500,5.000,0,0,,,,,,
1766334370.282303,15.223,7,7,22.541,0.00000,0.042,0.388,14.742,582.7,0.6413,22.541,0.0500,5.000,0,0,,,,,,
1766334370.347241,15.344,7,7,22.531,0.00000,0.042,0.388,14.628,582.5,0.6406,22.531,0.0500,5.000,0,0,,,,,,
1766334370.413435,14.945,7,7,22.551,0.00000,0.042,0.388,14.560,582.7,0.6406,22.551,0.0500,5.000,0,0,,,,,,
1766334370.480096,15.279,7,7,22.546,0.00000,0.041,0.387,14.467,582.6,0.6403,22.546,0.0500,5.000,0,0,,,,,,
1766334370.546392,15.111,7,7,22.532,0.00000,0.042,0.388,14.356,582.5,0.6414,22.532,0.0500,5.000,0,0,,,,,,
1766334370.612462,15.090,7,7,22.565,0.00000,0.042,0.388,14.305,582.8,0.6400,22.565,0.0500,5.000,0,0,,,,,,
1766334370.677822,15.085,6,6,22.464,0.00000,0.045,0.422,15.377,610.1,0.6649,22.464,0.0500,5.000,0,0,,,,,,
1766334370.742827,15.355,6,6,22.446,0.00000,0.045,0.421,16.239,609.7,0.6660,22.446,0.0500,5.000,0,0,,,,,,
1766334370.810913,15.080,7,7,22.539,0.00000,0.042,0.387,15.744,582.7,0.6409,22.539,0.0500,5.000,0,0,,,,,,
1766334370.876913,15.163,7,7,22.558,0.00000,0.042,0.389,15.438,583.0,0.6408,22.558,0.0500,5.000,0,0,,,,,,
1766334370.941738,15.226,7,7,22.567,0.00000,0.042,0.389,15.219,583.2,0.6411,22.567,0.0500,5.000,0,0,,,,,,
1766334371.009780,15.212,7,7,22.559,0.00000,0.041,0.388,15.015,582.6,0.6409,22.559,0.0500,5.000,0,0,,,,,,
1766334371.074084,15.190,7,7,22.556,0.00000,0.041,0.390,14.796,582.6,0.6413,22.556,0.0500,5.000,0,0,,,,,,
1766334371.141615,14.938,7,7,22.543,0.00000,0.042,0.387,14.678,582.7,0.6414,22.543,0.0500,5.000,0,0,,,,,,
1766334371.211241,14.911,7,7,22.552,0.00000,0.042,0.388,14.603,582.9,0.6414,22.552,0.0500,5.000,0,0,,,,,,
1766334371.274745,15.420,7,7,22.553,0.00000,0.042,0.388,14.509,583.1,0.6417,22.553,0.0500,5.000,0,0,,,,,,
1766334371.341142,15.127,7,7,22.544,0.00000,0.041,0.388,14.420,582.7,0.6412,22.544,0.0500,5.000,0,0,,,,,,
1766334371.406563,15.229,7,7,22.555,0.00000,0.041,0.387,14.352,582.7,0.6406,22.555,0.0500,5.000,0,0,,,,,,
1766334371.472144,15.092,7,7,22.559,0.00000,0.042,0.388,14.281,582.8,0.6405,22.559,0.0500,5.000,0,0,,,,,,
1766334371.537856,14.939,7,7,22.549,0.00000,0.041,0.388,14.231,582.9,0.6413,22.549,0.0500,5.000,0,0,,,,,,
1766334371.604569,14.780,6,6,22.479,0.00000,0.045,0.422,15.321,610.6,0.6658,22.479,0.0500,5.000,0,0,,,,,,
1766334371.666654,15.762,6,6,22.465,0.00000,0.045,0.423,16.227,610.6,0.6662,22.465,0.0500,5.000,0,0,,,,,,
1766334371.731797,15.374,6,6,22.465,0.00000,0.045,0.422,16.920,610.4,0.6655,22.465,0.0500,5.000,0,0,,,,,,
1766334371.802155,15.050,7,7,22.543,0.00000,0.041,0.387,16.283,582.6,0.6408,22.543,0.0500,5.000,0,0,,,,,,
1766334371.874488,14.478,7,7,22.563,0.00000,0.042,0.388,15.760,582.9,0.6410,22.563,0.0500,5.000,0,0,,,,,,
1766334371.936646,15.556,6,6,22.475,0.00000,0.045,0.422,16.569,610.7,0.6658,22.475,0.0500,5.000,0,0,,,,,,
1766334372.005451,15.182,6,6,22.460,0.00000,0.045,0.422,17.220,610.4,0.6657,22.460,0.0500,5.000,0,0,,,,,,
1766334372.127110,7.582,6,6,22.464,0.00000,0.046,0.422,17.816,610.5,0.6657,22.464,0.0500,5.000,0,0,,,,,,
1766334372.194976,15.105,7,7,22.531,0.00000,0.041,0.388,16.984,582.4,0.6398,22.531,0.0500,5.000,0,0,,,,,,
1766334372.260505,15.493,7,7,22.553,0.00000,0.042,0.390,16.384,582.5,0.6403,22.553,0.0500,5.000,0,0,,,,,,
1766334372.325344,14.847,7,7,22.561,0.00000,0.042,0.390,15.876,582.9,0.6403,22.561,0.0500,5.000,0,0,,,,,,
1766334372.392590,15.068,7,7,22.565,0.00000,0.042,0.390,15.550,583.0,0.6415,22.565,0.0500,5.000,0,0,,,,,,
1766334372.458326,15.159,7,7,22.555,0.00000,0.042,0.389,15.302,582.9,0.6411,22.555,0.0500,5.000,0,0,,,,,,
1766334372.524357,15.094,7,7,22.548,0.00000,0.042,0.389,15.027,582.7,0.6399,22.548,0.0500,5.000,0,0,,,,,,
1766334372.591141,15.258,7,7,22.539,0.00000,0.042,0.390,14.836,582.2,0.6413,22.539,0.0500,5.000,0,0,,,,,,
1766334372.688815,10.100,7,7,22.548,0.00000,0.042,0.388,14.668,582.2,0.6406,22.548,0.0500,5.000,0,0,,,,,,
1766334372.755070,15.111,7,7,22.555,0.00000,0.042,0.389,14.567,583.1,0.6412,22.555,0.0500,5.000,0,0,,,,,,
1766334372.820742,15.313,7,7,22.534,0.00000,0.042,0.388,14.450,582.3,0.6400,22.534,0.0500,5.000,0,0,,,,,,
1766334372.886812,15.227,7,7,22.524,0.00000,0.042,0.388,14.388,581.9,0.6409,22.524,0.0500,5.000,0,0,,,,,,
1766334372.953798,15.259,7,7,22.543,0.00000,0.042,0.389,14.345,582.9,0.6407,22.543,0.0500,5.000,0,0,,,,,,
1766334373.024129,14.888,6,6,22.447,0.00000,0.046,0.421,15.376,610.1,0.6657,22.447,0.0500,5.000,0,0,,,,,,
1766334373.090208,15.393,6,6,22.480,0.00000,0.045,0.422,16.237,610.9,0.6658,22.480,0.0500,5.000,0,0,,,,,,
1766334373.159665,14.938,7,7,22.534,0.00000,0.042,0.389,15.761,582.8,0.6406,22.534,0.0500,5.000,0,0,,,,,,
1766334373.227537,14.934,7,7,22.548,0.00000,0.042,0.387,15.361,582.8,0.6411,22.548,0.0500,5.000,0,0,,,,,,
1766334373.293704,15.574,7,7,22.544,0.00000,0.042,0.386,15.072,582.6,0.6410,22.544,0.0500,5.000,0,0,,,,,,
1766334373.356420,15.087,7,7,22.549,0.00000,0.041,0.387,14.833,582.5,0.6401,22.549,0.0500,5.000,0,0,,,,,,
1766334373.427046,15.294,7,7,22.546,0.00000,0.042,0.389,14.666,582.9,0.6408,22.546,0.0500,5.000,0,0,,,,,,
1766334373.491334,14.558,7,7,22.557,0.00000,0.042,0.388,14.542,583.2,0.6410,22.557,0.0500,5.000,0,0,,,,,,
1766334373.555656,15.834,7,7,22.551,0.00000,0.042,0.389,14.458,582.8,0.6416,22.551,0.0500,5.000,0,0,,,,,,
1766334373.621261,15.314,7,7,22.537,0.00000,0.042,0.389,14.340,582.5,0.6413,22.537,0.0500,5.000,0,0,,,,,,
1766334373.688085,14.771,7,7,22.577,0.00000,0.041,0.389,14.339,583.5,0.6406,22.577,0.0500,5.000,0,0,,,,,,
1766334373.750704,15.020,7,7,22.560,0.00000,0.042,0.388,14.297,583.0,0.6408,22.560,0.0500,5.000,0,0,,,,,,
1766334373.815226,15.233,7,7,22.547,0.00000,0.042,0.387,14.288,582.6,0.6405,22.547,0.0500,5.000,0,0,,,,,,
1766334373.880549,15.289,7,7,22.560,0.00000,0.042,0.388,14.267,583.0,0.6408,22.560,0.0500,5.000,0,0,,,,,,
1766334373.947832,15.150,7,7,22.553,0.00000,0.042,0.387,14.223,582.9,0.6416,22.553,0.0500,5.000,0,0,,,,,,
1766334374.011866,15.063,6,6,22.459,0.00000,0.045,0.421,15.327,610.2,0.6653,22.459,0.0500,5.000,0,0,,,,,,
1766334374.080351,15.095,7,7,22.553,0.00000,0.041,0.389,15.074,582.6,0.6406,22.553,0.0500,5.000,0,0,,,,,,
1766334374.144327,15.124,7,7,22.534,0.00000,0.042,0.388,14.874,582.5,0.6408,22.534,0.0500,5.000,0,0,,,,,,
1766334374.212189,15.333,7,7,22.546,0.00000,0.042,0.389,14.739,582.6,0.6408,22.546,0.0500,5.000,0,0,,,,,,
1766334374.278936,14.959,7,7,22.563,0.00000,0.042,0.390,14.630,583.4,0.6416,22.563,0.0500,5.000,0,0,,,,,,
1766334374.344068,15.126,7,7,22.559,0.00000,0.042,0.390,14.562,582.8,0.6405,22.559,0.0500,5.000,0,0,,,,,,
1766334374.406659,15.473,6,6,22.473,0.00000,0.045,0.422,15.555,610.8,0.6656,22.473,0.0500,5.000,0,0,,,,,,
1766334374.474557,14.975,7,7,22.549,0.00000,0.042,0.389,15.248,582.3,0.6411,22.549,0.0500,5.000,0,0,,,,,,
1766334374.540278,15.207,6,6,22.464,0.00000,0.045,0.423,16.147,610.2,0.6660,22.464,0.0500,5.000,0,0,,,,,,
1766334374.607480,15.239,6,6,22.451,0.00000,0.045,0.422,16.859,610.1,0.6654,22.451,0.0500,5.000,0,0,,,,,,
1766334374.675653,15.098,7,7,22.562,0.00000,0.041,0.389,16.249,583.3,0.6419,22.562,0.0500,5.000,0,0,,,,,,
1766334374.741084,15.173,6,6,22.463,0.00000,0.045,0.423,16.961,610.3,0.6658,22.463,0.0500,5.000,0,0,,,,,,
1766334374.868842,7.539,7,7,22.516,0.00000,0.042,0.387,16.284,581.6,0.6406,22.516,0.0500,5.000,0,0,,,,,,
1766334374.932054,15.269,7,7,22.559,0.00000,0.042,0.391,15.840,582.9,0.6408,22.559,0.0500,5.000,0,0,,,,,,
1766334374.998202,15.324,7,7,22.559,0.00000,0.042,0.390,15.485,582.8,0.6407,22.559,0.0500,5.000,0,0,,,,,,
1766334375.063790,15.099,7,7,22.558,0.00000,0.042,0.388,15.227,582.1,0.6401,22.558,0.0500,5.000,0,0,,,,,,
1766334375.129748,14.812,6,6,22.448,0.00000,0.045,0.423,16.121,610.3,0.6653,22.448,0.0500,5.000,0,0,,,,,,
1766334375.197276,15.140,7,7,22.565,0.00000,0.042,0.390,15.720,582.9,0.6405,22.565,0.0500,5.000,0,0,,,,,,
1766334375.294646,10.190,7,7,22.566,0.00000,0.042,0.390,15.424,582.9,0.6412,22.566,0.0500,5.000,0,0,,,,,,
1766334375.392251,10.234,7,7,22.549,0.00000,0.042,0.389,15.154,582.6,0.6403,22.549,0.0500,5.000,0,0,,,,,,
1766334375.461659,14.969,7,7,22.574,0.00000,0.042,0.389,14.952,583.2,0.6406,22.574,0.0500,5.000,0,0,,,,,,
1766334375.527169,15.372,6,6,22.474,0.00000,0.046,0.423,15.912,610.7,0.6658,22.474,0.0500,5.000,0,0,,,,,,
1766334375.592383,15.062,7,7,22.544,0.00000,0.042,0.389,15.487,582.6,0.6403,22.544,0.0500,5.000,0,0,,,,,,
1766334375.658399,14.928,7,7,22.556,0.00000,0.042,0.389,15.189,582.9,0.6406,22.556,0.0500,5.000,0,0,,,,,,
1766334375.728560,15.163,7,7,22.566,0.00000,0.042,0.389,14.977,583.2,0.6415,22.566,0.0500,5.000,0,0,,,,,,
1766334375.792310,15.144,7,7,22.556,0.00000,0.042,0.388,14.739,582.9,0.6412,22.556,0.0500,5.000,0,0,,,,,,
1766334375.859065,14.983,7,7,22.545,0.00000,0.042,0.390,14.627,582.6,0.6403,22.545,0.0500,5.000,0,0,,,,,,
1766334375.925110,15.278,7,7,22.566,0.00000,0.042,0.389,14.550,583.0,0.6404,22.566,0.0500,5.000,0,0,,,,,,
1766334375.992784,15.105,7,7,22.546,0.00000,0.042,0.389,14.478,582.9,0.6406,22.546,0.0500,5.000,0,0,,,,,,
1766334376.059460,15.417,6,6,22.460,0.00000,0.045,0.423,15.488,610.3,0.6656,22.460,0.0500,5.000,0,0,,,,,,
1766334376.126174,14.711,7,7,22.547,0.00000,0.042,0.387,15.172,582.8,0.6410,22.547,0.0500,5.000,0,0,,,,,,
1766334376.187981,15.480,6,6,22.460,0.00000,0.046,0.424,13.252,609.8,0.6549,22.460,0.0500,5.000,0,0,,,,,,
1766334376.255100,14.988,6,6,22.474,0.00000,0.045,0.423,13.252,610.5,0.6656,22.474,0.0500,5.000,0,0,0.0991,17.486,,15.000,1,182
1766334376.320664,15.406,7,7,22.547,0.00000,0.042,0.388,13.252,582.9,0.6412,22.547,0.0500,5.000,0,0,0.1075,19.492,,15.000,2,182
1766334376.386589,15.009,7,7,22.562,0.00000,0.042,0.390,13.252,582.8,0.6409,22.562,0.0500,5.000,0,0,0.1066,19.630,,15.000,3,182
1766334376.454088,15.001,7,7,22.549,0.00000,0.041,0.388,13.252,582.3,0.6415,22.549,0.0500,5.000,0,0,0.1074,19.535,,15.000,4,182
1766334376.522542,15.051,7,7,22.553,0.00000,0.041,0.388,13.252,582.7,0.6412,22.553,0.0500,5.000,0,0,0.1070,19.502,,15.000,5,182
1766334376.586806,15.276,7,7,22.546,0.00000,0.042,0.386,13.252,582.6,0.6411,22.546,0.0500,5.000,0,0,0.1076,19.311,,15.000,6,182
1766334376.653807,15.016,7,7,22.544,0.00000,0.042,0.389,13.252,582.2,0.6412,22.544,0.0500,5.000,0,0,0.1073,19.411,,15.000,7,182
1766334376.719856,15.160,7,7,22.559,0.00000,0.042,0.389,13.252,582.9,0.6413,22.559,0.0500,5.000,0,0,0.1076,19.642,,15.000,8,182
1766334376.784793,14.986,6,6,22.455,0.00000,0.045,0.422,13.252,610.1,0.6650,22.455,0.0500,5.000,0,0,0.0979,17.554,,15.000,9,182
1766334376.849075,15.532,6,6,22.464,0.00000,0.045,0.423,14.013,610.0,0.6660,22.464,0.0500,5.000,0,0,0.0979,17.742,,15.000,10,182
1766334376.914089,15.364,6,6,22.449,0.00000,0.045,0.421,14.013,610.2,0.6654,22.449,0.0500,5.000,0,0,0.0766,17.086,,15.000,1,192
1766334376.980950,15.180,6,6,22.448,0.00000,0.045,0.421,14.013,610.0,0.6654,22.448,0.0500,5.000,0,0,0.0753,17.195,,15.000,2,192
1766334377.052444,15.132,7,7,22.546,0.00000,0.042,0.388,14.013,582.8,0.6411,22.546,0.0500,5.000,0,0,0.0819,19.009,,15.000,3,192
1766334377.119752,15.116,7,7,22.543,0.00000,0.041,0.388,14.013,582.5,0.6410,22.543,0.0500,5.000,0,0,0.0852,19.367,,15.000,4,192
1766334377.182473,15.139,7,7,22.558,0.00000,0.042,0.389,14.013,582.8,0.6409,22.558,0.0500,5.000,0,0,0.0861,19.385,,15.000,5,192
1766334377.248515,15.138,6,6,22.461,0.00000,0.045,0.423,14.013,610.3,0.6659,22.461,0.0500,5.000,0,0,0.0748,17.060,,15.000,6,192
1766334377.316194,15.158,6,6,22.468,0.00000,0.045,0.423,14.013,610.3,0.6654,22.468,0.0500,5.000,0,0,0.0748,17.239,,15.000,7,192
1766334377.385119,15.028,6,6,22.462,0.00000,0.045,0.423,14.013,610.6,0.6661,22.462,0.0500,5.000,0,0,0.0741,17.036,,15.000,8,192
1766334377.453317,14.963,6,6,22.469,0.00000,0.045,0.423,14.013,610.2,0.6659,22.469,0.0500,5.000,0,0,0.0723,16.999,,15.000,9,192
1766334377.524242,15.033,7,7,22.546,0.00000,0.041,0.388,17.224,582.6,0.6415,22.546,0.0500,5.000,0,0,0.0833,19.241,,15.000,10,192
1766334377.606744,10.228,7,7,22.520,0.00000,0.042,0.390,17.224,582.3,0.6403,22.520,0.0500,5.000,0,0,0.0591,16.311,,15.000,1,202
1766334377.670451,15.139,6,6,22.451,0.00000,0.046,0.423,20.367,610.3,0.6655,22.451,0.0500,5.000,0,0,,,,,,
1766334377.736116,15.157,6,6,22.432,0.00000,0.046,0.422,23.069,609.8,0.6654,22.432,0.0500,5.000,0,0,,,,,,
1766334377.803212,15.142,7,7,22.557,0.00000,0.042,0.390,25.649,582.6,0.6408,22.557,0.0500,5.000,0,0,,,,,,
1766334377.870162,15.083,7,7,22.574,0.00000,0.042,0.389,27.641,583.6,0.6409,22.574,0.0500,5.000,0,0,,,,,,
1766334377.969302,10.201,7,7,22.554,0.00000,0.042,0.389,29.187,582.8,0.6411,22.554,0.0500,5.000,0,0,,,,,,
1766334378.034078,15.182,7,7,22.567,0.00000,0.042,0.391,30.436,582.9,0.6401,22.567,0.0500,5.000,0,0,,,,,,
1766334378.100737,15.008,7,7,22.563,0.00000,0.042,0.391,31.409,582.8,0.6415,22.563,0.0500,5.000,0,0,,,,,,
1766334378.166720,15.299,7,7,22.547,0.00000,0.042,0.389,32.162,582.6,0.6403,22.547,0.0500,5.000,0,0,,,,,,
1766334378.234637,15.038,7,7,22.529,0.00000,0.042,0.388,32.640,582.3,0.6417,22.529,0.0500,5.000,0,0,,,,,,
1766334378.305395,15.303,6,6,22.438,0.00000,0.045,0.423,32.567,609.4,0.6655,22.438,0.0500,5.000,0,0,,,,,,
1766334378.373470,15.288,7,7,22.536,0.00000,0.042,0.388,32.998,582.3,0.6404,22.536,0.0500,5.000,0,0,,,,,,
1766334378.466965,14.828,6,6,22.447,0.00000,0.045,0.422,32.882,610.2,0.6656,22.447,0.0500,5.000,0,0,,,,,,
1766334378.554864,10.212,7,7,22.541,0.00000,0.042,0.389,33.280,582.1,0.6410,22.541,0.0500,5.000,0,0,,,,,,
1766334378.636068,10.075,7,7,22.540,0.00000,0.042,0.390,33.655,582.8,0.6409,22.540,0.0500,5.000,0,0,,,,,,
1766334378.733612,10.114,6,6,22.462,0.00000,0.045,0.423,33.397,610.6,0.6653,22.462,0.0500,5.000,0,0,,,,,,
1766334378.794973,15.152,7,7,22.548,0.00000,0.042,0.389,33.650,582.6,0.6399,22.548,0.0500,5.000,0,0,,,,,,
1766334378.863619,15.208,7,7,22.553,0.00000,0.042,0.388,33.847,582.8,0.6406,22.553,0.0500,5.000,0,0,,,,,,
1766334378.927663,15.038,6,6,22.465,0.00000,0.045,0.422,33.567,610.2,0.6644,22.465,0.0500,5.000,0,0,,,,,,
1766334378.993341,14.921,6,6,22.455,0.00000,0.045,0.422,33.303,610.2,0.6656,22.455,0.0500,5.000,0,0,,,,,,
1766334379.058620,15.474,6,6,22.449,0.00000,0.045,0.421,33.130,610.0,0.6657,22.449,0.0500,5.000,0,0,,,,,,
1766334379.127064,14.942,7,7,22.545,0.00000,0.042,0.388,33.530,582.2,0.6410,22.545,0.0500,5.000,0,0,,,,,,
1766334379.191976,15.190,7,7,22.565,0.00000,0.041,0.388,33.849,583.1,0.6403,22.565,0.0500,5.000,0,0,,,,,,
1766334379.261507,15.034,7,7,22.542,0.00000,0.041,0.388,33.995,582.6,0.6411,22.542,0.0500,5.000,0,0,,,,,,
1766334379.327550,15.008,7,7,22.532,0.00000,0.042,0.387,34.142,582.4,0.6408,22.532,0.0500,5.000,0,0,,,,,,
1766334379.395567,15.312,7,7,22.541,0.00000,0.042,0.388,34.211,582.6,0.6413,22.541,0.0500,5.000,0,0,,,,,,
1766334379.459147,15.055,7,7,22.536,0.00000,0.042,0.387,34.325,582.4,0.6403,22.536,0.0500,5.000,0,0,,,,,,
1766334379.527658,15.459,7,7,22.555,0.00000,0.041,0.390,34.396,582.8,0.6405,22.555,0.0500,5.000,0,0,,,,,,
1766334379.589359,15.167,7,7,22.529,0.00000,0.042,0.388,34.447,582.4,0.6402,22.529,0.0500,5.000,0,0,,,,,,
1766334379.658352,14.768,7,7,22.544,0.00000,0.041,0.388,34.469,582.6,0.6410,22.544,0.0500,5.000,0,0,,,,,,
1766334379.723583,15.174,7,7,22.540,0.00000,0.042,0.389,34.584,582.4,0.6400,22.540,0.0500,5.000,0,0,,,,,,
1766334379.788154,15.193,6,6,22.460,0.00000,0.046,0.422,34.020,610.6,0.6657,22.460,0.0500,5.000,0,0,,,,,,
1766334379.852902,15.396,6,6,22.457,0.00000,0.045,0.423,33.647,610.4,0.6657,22.457,0.0500,5.000,0,0,,,,,,
1766334379.917015,15.242,6,6,22.463,0.00000,0.045,0.423,33.352,610.6,0.6656,22.463,0.0500,5.000,0,0,,,,,,
1766334379.984627,14.887,7,7,22.559,0.00000,0.041,0.389,33.686,582.9,0.6408,22.559,0.0500,5.000,0,0,,,,,,
1766334380.050707,15.446,6,6,22.470,0.00000,0.045,0.423,33.397,610.4,0.6655,22.470,0.0500,5.000,0,0,,,,,,
1766334380.119033,15.159,6,6,22.469,0.00000,0.046,0.423,33.158,610.4,0.6650,22.469,0.0500,5.000,0,0,,,,,,
1766334380.186969,15.124,7,7,22.557,0.00000,0.042,0.390,33.537,583.0,0.6412,22.557,0.0500,5.000,0,0,,,,,,
1766334380.254996,15.053,7,7,22.555,0.00000,0.041,0.390,33.813,582.8,0.6403,22.555,0.0500,5.000,0,0,,,,,,
1766334380.343775,10.145,7,7,22.529,0.00000,0.042,0.390,34.007,581.7,0.6402,22.529,0.0500,5.000,0,0,,,,,,
1766334380.408617,15.248,7,7,22.550,0.00000,0.042,0.390,34.168,582.4,0.6399,22.550,0.0500,5.000,0,0,,,,,,
1766334380.474492,15.068,7,7,22.553,0.00000,0.042,0.391,34.313,582.6,0.6407,22.553,0.0500,5.000,0,0,,,,,,
1766334380.542118,15.045,7,7,22.539,0.00000,0.042,0.390,34.376,582.7,0.6405,22.539,0.0500,5.000,0,0,,,,,,
1766334380.641120,10.066,7,7,22.564,0.00000,0.042,0.391,34.470,582.6,0.6412,22.564,0.0500,5.000,0,0,,,,,,
1766334380.705547,15.447,7,7,22.545,0.00000,0.042,0.391,34.534,582.2,0.6416,22.545,0.0500,5.000,0,0,,,,,,
1766334380.772964,14.892,7,7,22.559,0.00000,0.042,0.391,34.516,583.3,0.6413,22.559,0.0500,5.000,0,0,,,,,,
1766334380.838374,15.319,6,6,22.470,0.00000,0.045,0.423,33.981,610.4,0.6656,22.470,0.0500,5.000,0,0,,,,,,
1766334380.905234,15.146,7,7,22.544,0.00000,0.042,0.388,34.112,582.7,0.6410,22.544,0.0500,5.000,0,0,,,,,,
1766334380.975169,15.203,7,7,22.544,0.00000,0.042,0.390,34.267,582.5,0.6406,22.544,0.0500,5.000,0,0,,,,,,
1766334381.039561,14.900,7,7,22.551,0.00000,0.042,0.390,34.349,583.0,0.6413,22.551,0.0500,5.000,0,0,,,,,,
1766334381.106446,15.315,7,7,22.555,0.00000,0.042,0.390,34.426,582.9,0.6405,22.555,0.0500,5.000,0,0,,,,,,
1766334381.170191,15.263,6,6,22.447,0.00000,0.046,0.422,33.972,609.8,0.6652,22.447,0.0500,5.000,0,0,,,,,,
1766334381.242623,15.005,7,7,22.521,0.00000,0.042,0.389,34.176,582.3,0.6405,22.521,0.0500,5.000,0,0,,,,,,
1766334381.305973,15.357,7,7,22.527,0.00000,0.042,0.389,34.306,581.9,0.6413,22.527,0.0500,5.000,0,0,,,,,,
1766334381.371926,14.861,7,7,22.549,0.00000,0.042,0.388,34.361,582.9,0.6406,22.549,0.0500,5.000,0,0,,,,,,
1766334381.437240,15.180,6,6,22.467,0.00000,0.045,0.423,33.959,610.5,0.6650,22.467,0.0500,5.000,0,0,,,,,,
1766334381.504001,15.334,7,7,22.526,0.00000,0.041,0.387,34.130,582.2,0.6403,22.526,0.0500,5.000,0,0,,,,,,
1766334381.569946,15.070,6,6,22.443,0.00000,0.046,0.423,33.647,610.0,0.6652,22.443,0.0500,5.000,0,0,,,,,,
1766334381.635215,15.366,7,7,22.535,0.00000,0.042,0.388,33.866,582.3,0.6401,22.535,0.0500,5.000,0,0,,,,,,
1766334381.701021,15.126,7,7,22.552,0.00000,0.042,0.388,34.069,582.9,0.6404,22.552,0.0500,5.000,0,0,,,,,,
1766334381.764116,15.148,6,6,22.452,0.00000,0.045,0.423,33.708,610.2,0.6652,22.452,0.0500,5.000,0,0,,,,,,
1766334381.832846,14.860,7,7,22.554,0.00000,0.042,0.390,33.957,583.0,0.6407,22.554,0.0500,5.000,0,0,,,,,,
1766334381.899110,14.939,6,6,22.454,0.00000,0.045,0.423,33.628,610.1,0.6650,22.454,0.0500,5.000,0,0,,,,,,
1766334381.968387,15.215,7,7,22.551,0.00000,0.041,0.389,33.845,582.8,0.6407,22.551,0.0500,5.000,0,0,,,,,,
1766334382.031733,15.484,7,7,22.535,0.00000,0.042,0.388,33.995,582.4,0.6402,22.535,0.0500,5.000,0,0,,,,,,
1766334382.100214,15.304,7,7,22.551,0.00000,0.041,0.390,34.150,582.9,0.6406,22.551,0.0500,5.000,0,0,,,,,,
1766334382.163080,14.727,6,6,22.454,0.00000,0.046,0.423,33.807,610.4,0.6650,22.454,0.0500,5.000,0,0,,,,,,
1766334382.228813,15.480,6,6,22.454,0.00000,0.045,0.423,33.480,610.0,0.6645,22.454,0.0500,5.000,0,0,,,,,,
1766334382.293271,15.094,6,6,22.464,0.00000,0.045,0.423,33.308,610.5,0.6656,22.464,0.0500,5.000,0,0,,,,,,
1766334382.361084,15.164,7,7,22.540,0.00000,0.042,0.388,33.639,582.6,0.6404,22.540,0.0500,5.000,0,0,,,,,,
1766334382.432150,14.860,7,7,22.538,0.00000,0.042,0.390,33.921,582.4,0.6404,22.538,0.0500,5.000,0,0,,,,,,
1766334382.494295,15.042,6,6,22.455,0.00000,0.045,0.423,33.581,610.3,0.6656,22.455,0.0500,5.000,0,0,,,,,,
1766334382.559756,15.478,7,7,22.569,0.00000,0.042,0.390,33.837,583.1,0.6407,22.569,0.0500,5.000,0,0,,,,,,
1766334382.622503,15.243,6,6,22.451,0.00000,0.045,0.423,33.476,610.3,0.6654,22.451,0.0500,5.000,0,0,,,,,,
1766334382.690267,14.843,6,6,22.446,0.00000,0.045,0.422,33.164,610.1,0.6657,22.446,0.0500,5.000,0,0,,,,,,
1766334382.759767,15.063,7,7,22.534,0.00000,0.042,0.389,33.575,582.5,0.6406,22.534,0.0500,5.000,0,0,,,,,,
1766334382.826748,15.157,6,6,22.450,0.00000,0.045,0.423,33.250,610.4,0.6654,22.450,0.0500,5.000,0,0,,,,,,
1766334382.895243,15.025,7,7,22.549,0.00000,0.042,0.391,33.626,582.7,0.6405,22.549,0.0500,5.000,0,0,,,,,,
1766334382.962728,15.242,7,7,22.538,0.00000,0.041,0.390,33.859,582.4,0.6402,22.538,0.0500,5.000,0,0,,,,,,
1766334383.083364,7.631,7,7,22.560,0.00000,0.042,0.391,34.001,583.2,0.6419,22.560,0.0500,5.000,0,0,,,,,,
1766334383.149682,15.034,7,7,22.550,0.00000,0.042,0.389,34.174,582.2,0.6403,22.550,0.0500,5.000,0,0,,,,,,
1766334383.214818,15.364,7,7,22.561,0.00000,0.042,0.390,34.259,583.2,0.6409,22.561,0.0500,5.000,0,0,,,,,,
1766334383.280962,15.184,7,7,22.556,0.00000,0.042,0.391,34.335,582.9,0.6408,22.556,0.0500,5.000,0,0,,,,,,
1766334383.347805,15.087,7,7,22.527,0.00000,0.042,0.390,34.408,581.8,0.6404,22.527,0.0500,5.000,0,0,,,,,,
1766334383.413403,15.192,7,7,22.545,0.00000,0.042,0.390,34.451,582.8,0.6418,22.545,0.0500,5.000,0,0,,,,,,
1766334383.478568,15.165,7,7,22.551,0.00000,0.042,0.391,34.530,582.4,0.6423,22.551,0.0500,5.000,0,0,,,,,,
1766334383.546476,15.287,7,7,22.542,0.00000,0.042,0.390,34.545,582.5,0.6405,22.542,0.0500,5.000,0,0,,,,,,
1766334383.610618,15.164,7,7,22.522,0.00000,0.042,0.390,34.579,581.8,0.6407,22.522,0.0500,5.000,0,0,,,,,,
1766334383.675807,15.196,7,7,22.522,0.00000,0.042,0.389,34.579,582.2,0.6404,22.522,0.0500,5.000,0,0,,,,,,
1766334383.741950,14.956,6,6,22.444,0.00000,0.046,0.424,34.057,609.6,0.6658,22.444,0.0500,5.000,0,0,,,,,,
1766334383.807939,15.399,7,7,22.548,0.00000,0.042,0.390,34.170,582.3,0.6401,22.548,0.0500,5.000,0,0,,,,,,
1766334383.875259,15.211,7,7,22.555,0.00000,0.042,0.390,34.279,582.5,0.6404,22.555,0.0500,5.000,0,0,,,,,,
1766334383.943240,15.099,7,7,22.546,0.00000,0.042,0.389,34.336,582.7,0.6405,22.546,0.0500,5.000,0,0,,,,,,
1766334384.008725,14.881,7,7,22.532,0.00000,0.042,0.388,34.444,582.1,0.6403,22.532,0.0500,5.000,0,0,,,,,,
1766334384.075363,15.101,7,7,22.533,0.00000,0.042,0.389,34.445,582.7,0.6405,22.533,0.0500,5.000,0,0,,,,,,
1766334384.141984,15.158,7,7,22.532,0.00000,0.042,0.389,34.470,582.8,0.6407,22.532,0.0500,5.000,0,0,,,,,,
1766334384.209164,15.142,6,6,22.447,0.00000,0.046,0.422,33.957,610.2,0.6654,22.447,0.0500,5.000,0,0,,,,,,
1766334384.274214,15.508,7,7,22.547,0.00000,0.042,0.389,34.110,582.7,0.6406,22.547,0.0500,5.000,0,0,,,,,,
1766334384.340532,14.718,7,7,22.537,0.00000,0.042,0.388,34.221,582.7,0.6408,22.537,0.0500,5.000,0,0,,,,,,
1766334384.407140,15.437,7,7,22.532,0.00000,0.042,0.389,34.299,582.6,0.6407,22.532,0.0500,5.000,0,0,,,,,,
1766334384.472498,15.197,7,7,22.553,0.00000,0.042,0.390,34.391,583.0,0.6408,22.553,0.0500,5.000,0,0,,,,,,
1766334384.538961,14.860,7,7,22.551,0.00000,0.042,0.389,34.452,582.6,0.6411,22.551,0.0500,5.000,0,0,,,,,,
1766334384.605998,15.195,7,7,22.555,0.00000,0.041,0.389,34.484,582.9,0.6405,22.555,0.0500,5.000,0,0,,,,,,
1766334384.671661,14.944,7,7,22.544,0.00000,0.042,0.389,34.534,582.6,0.6404,22.544,0.0500,5.000,0,0,,,,,,
1766334384.736046,15.246,6,6,22.467,0.00000,0.045,0.423,34.059,610.3,0.6650,22.467,0.0500,5.000,0,0,,,,,,
1766334384.806214,14.918,7,7,22.562,0.00000,0.041,0.390,34.224,582.5,0.6408,22.562,0.0500,5.000,0,0,,,,,,
1766334384.868701,15.600,7,7,22.549,0.00000,0.042,0.388,34.303,582.7,0.6405,22.549,0.0500,5.000,0,0,,,,,,
1766334384.937638,14.864,7,7,22.547,0.00000,0.042,0.390,34.406,582.5,0.6399,22.547,0.0500,5.000,0,0,,,,,,
1766334385.003594,15.110,7,7,22.554,0.00000,0.041,0.389,34.491,582.8,0.6409,22.554,0.0500,5.000,0,0,,,,,,
1766334385.069181,15.460,7,7,22.555,0.00000,0.041,0.389,34.574,582.6,0.6406,22.555,0.0500,5.000,0,0,,,,,,
1766334385.134283,15.088,7,7,22.561,0.00000,0.041,0.389,34.557,583.1,0.6411,22.561,0.0500,5.000,0,0,,,,,,
1766334385.200099,15.066,7,7,22.551,0.00000,0.042,0.389,34.635,582.6,0.6400,22.551,0.0500,5.000,0,0,,,,,,
1766334385.265695,15.162,6,6,22.445,0.00000,0.045,0.423,34.113,610.1,0.6647,22.445,0.0500,5.000,0,0,,,,,,
1766334385.330410,15.303,6,6,22.459,0.00000,0.045,0.424,33.798,609.9,0.6645,22.459,0.0500,5.000,0,0,,,,,,
1766334385.393873,15.313,6,6,22.454,0.00000,0.045,0.423,33.472,610.0,0.6649,22.454,0.0500,5.000,0,0,,,,,,
1766334385.461950,15.106,7,7,22.557,0.00000,0.042,0.391,33.730,582.8,0.6405,22.557,0.0500,5.000,0,0,,,,,,
1766334385.529498,15.105,6,6,22.467,0.00000,0.045,0.421,33.395,610.5,0.6655,22.467,0.0500,5.000,0,0,,,,,,
1766334385.597434,15.276,6,6,22.457,0.00000,0.045,0.422,33.167,610.2,0.6657,22.457,0.0500,5.000,0,0,,,,,,
1766334385.665374,15.013,7,7,22.546,0.00000,0.042,0.389,33.576,582.6,0.6400,22.546,0.0500,5.000,0,0,,,,,,
1766334385.731502,15.222,7,7,22.539,0.00000,0.042,0.390,33.837,582.6,0.6411,22.539,0.0500,5.000,0,0,,,,,,
1766334385.821497,10.075,7,7,22.543,0.00000,0.042,0.391,34.113,582.6,0.6399,22.543,0.0500,5.000,0,0,,,,,,
1766334385.887953,15.200,7,7,22.537,0.00000,0.042,0.387,34.197,583.1,0.6411,22.537,0.0500,5.000,0,0,,,,,,
1766334385.986541,10.083,7,7,22.534,0.00000,0.042,0.389,34.327,582.8,0.6413,22.534,0.0500,5.000,0,0,,,,,,
1766334386.053210,15.275,7,7,22.550,0.00000,0.042,0.390,34.424,582.6,0.6408,22.550,0.0500,5.000,0,0,,,,,,
1766334386.119646,14.922,7,7,22.542,0.00000,0.042,0.389,34.501,582.9,0.6414,22.542,0.0500,5.000,0,0,,,,,,
1766334386.184165,15.303,7,7,22.536,0.00000,0.042,0.389,34.533,582.7,0.6404,22.536,0.0500,5.000,0,0,,,,,,
1766334386.249216,15.034,6,6,22.447,0.00000,0.046,0.423,33.956,610.5,0.6652,22.447,0.0500,5.000,0,0,,,,,,
1766334386.315879,15.425,7,7,22.548,0.00000,0.042,0.390,34.149,582.3,0.6400,22.548,0.0500,5.000,0,0,,,,,,
1766334386.383833,15.170,7,7,22.529,0.00000,0.042,0.390,34.306,582.0,0.6407,22.529,0.0500,5.000,0,0,,,,,,
1766334386.451642,14.851,7,7,22.562,0.00000,0.042,0.391,34.428,583.1,0.6405,22.562,0.0500,5.000,0,0,,,,,,
1766334386.515997,15.061,7,7,22.552,0.00000,0.042,0.389,34.472,582.3,0.6402,22.552,0.0500,5.000,0,0,,,,,,
1766334386.580486,15.421,7,7,22.544,0.00000,0.042,0.388,34.451,582.8,0.6413,22.544,0.0500,5.000,0,0,,,,,,
1766334386.649822,14.990,7,7,22.530,0.00000,0.042,0.389,34.484,582.5,0.6406,22.530,0.0500,5.000,0,0,,,,,,
1766334386.716710,15.140,7,7,22.544,0.00000,0.042,0.389,34.515,582.6,0.6401,22.544,0.0500,5.000,0,0,,,,,,
1766334386.780483,15.532,6,6,22.449,0.00000,0.045,0.422,33.990,610.2,0.6653,22.449,0.0500,5.000,0,0,,,,,,
1766334386.845759,14.815,6,6,22.444,0.00000,0.045,0.421,33.563,610.4,0.6655,22.444,0.0500,5.000,0,0,,,,,,
1766334386.911709,15.506,6,6,22.451,0.00000,0.045,0.423,33.315,610.2,0.6651,22.451,0.0500,5.000,0,0,,,,,,
1766334386.978477,15.096,7,7,22.548,0.00000,0.042,0.388,33.633,582.7,0.6401,22.548,0.0500,5.000,0,0,,,,,,
1766334387.045568,15.197,7,7,22.537,0.00000,0.042,0.388,33.866,582.7,0.6409,22.537,0.0500,5.000,0,0,,,,,,
1766334387.110993,15.121,7,7,22.536,0.00000,0.042,0.389,34.061,582.2,0.6401,22.536,0.0500,5.000,0,0,,,,,,
1766334387.174827,15.202,6,6,22.445,0.00000,0.045,0.422,33.660,610.0,0.6650,22.445,0.0500,5.000,0,0,,,,,,
1766334387.244983,15.070,7,7,22.541,0.00000,0.042,0.388,33.898,582.7,0.6410,22.541,0.0500,5.000,0,0,,,,,,
1766334387.309990,15.062,7,7,22.554,0.00000,0.042,0.389,34.067,582.8,0.6410,22.554,0.0500,5.000,0,0,,,,,,
1766334387.376397,15.331,7,7,22.545,0.00000,0.042,0.388,34.257,582.7,0.6401,22.545,0.0500,5.000,0,0,,,,,,
1766334387.443017,15.001,7,7,22.549,0.00000,0.042,0.388,34.355,582.9,0.6409,22.549,0.0500,5.000,0,0,,,,,,
1766334387.507495,15.100,7,7,22.558,0.00000,0.042,0.389,34.452,583.0,0.6409,22.558,0.0500,5.000,0,0,,,,,,
1766334387.575651,15.230,7,7,22.532,0.00000,0.041,0.388,34.489,582.4,0.6405,22.532,0.0500,5.000,0,0,,,,,,
1766334387.642519,15.114,7,7,22.552,0.00000,0.042,0.389,34.520,583.2,0.6415,22.552,0.0500,5.000,0,0,,,,,,
1766334387.708786,15.053,7,7,22.545,0.00000,0.041,0.388,34.518,582.7,0.6407,22.545,0.0500,5.000,0,0,,,,,,
1766334387.775564,15.232,7,7,22.528,0.00000,0.042,0.390,34.565,582.4,0.6405,22.528,0.0500,5.000,0,0,,,,,,
1766334387.845194,15.157,6,6,22.431,0.00000,0.046,0.421,34.058,609.7,0.6654,22.431,0.0500,5.000,0,0,,,,,,
1766334387.906681,15.094,7,7,22.532,0.00000,0.042,0.389,34.293,582.3,0.6403,22.532,0.0500,5.000,0,0,,,,,,
1766334387.975848,15.169,7,7,22.526,0.00000,0.042,0.388,34.388,582.4,0.6407,22.526,0.0500,5.000,0,0,,,,,,
1766334388.041233,15.012,6,6,22.457,0.00000,0.045,0.423,33.882,610.4,0.6655,22.457,0.0500,5.000,0,0,,,,,,
1766334388.104762,15.341,7,7,22.552,0.00000,0.042,0.391,34.114,582.7,0.6408,22.552,0.0500,5.000,0,0,,,,,,
1766334388.168175,15.078,7,7,22.560,0.00000,0.042,0.390,34.257,583.0,0.6412,22.560,0.0500,5.000,0,0,,,,,,
1766334388.248065,13.675,6,6,22.463,0.00000,0.045,0.424,33.867,610.4,0.6653,22.463,0.0500,5.000,0,0,,,,,,
1766334388.307162,17.119,7,7,22.543,0.00000,0.041,0.388,34.063,582.6,0.6408,22.543,0.0500,5.000,0,0,,,,,,
1766334388.376386,14.597,7,7,22.535,0.00000,0.041,0.389,34.219,582.4,0.6402,22.535,0.0500,5.000,0,0,,,,,,
1766334388.442744,15.455,7,7,22.564,0.00000,0.042,0.390,34.370,582.7,0.6405,22.564,0.0500,5.000,0,0,,,,,,
1766334388.562043,7.641,7,7,22.531,0.00000,0.042,0.389,34.426,582.6,0.6400,22.531,0.0500,5.000,0,0,,,,,,
1766334388.627504,14.645,7,7,22.532,0.00000,0.042,0.389,34.415,582.1,0.6401,22.532,0.0500,5.000,0,0,,,,,,
1766334388.693303,15.420,7,7,22.532,0.00000,0.042,0.391,34.501,582.7,0.6409,22.532,0.0500,5.000,0,0,,,,,,
1766334388.758653,15.258,7,7,22.537,0.00000,0.042,0.390,34.558,582.6,0.6402,22.537,0.0500,5.000,0,0,,,,,,
1766334388.825532,15.048,7,7,22.514,0.00000,0.042,0.389,34.660,581.9,0.6399,22.514,0.0500,5.000,0,0,,,,,,
1766334388.890589,15.183,7,7,22.548,0.00000,0.042,0.392,34.653,582.6,0.6393,22.548,0.0500,5.000,0,0,,,,,,
1766334388.956314,15.194,7,7,22.535,0.00000,0.042,0.389,34.638,582.8,0.6411,22.535,0.0500,5.000,0,0,,,,,,
1766334389.023463,15.086,7,7,22.548,0.00000,0.042,0.390,34.654,582.9,0.6404,22.548,0.0500,5.000,0,0,,,,,,
1766334389.089112,15.245,7,7,22.536,0.00000,0.042,0.390,34.563,582.0,0.6413,22.536,0.0500,5.000,0,0,,,,,,
1766334389.153924,15.140,7,7,22.551,0.00000,0.042,0.391,34.660,582.9,0.6399,22.551,0.0500,5.000,0,0,,,,,,
1766334389.221435,15.149,7,7,22.549,0.00000,0.042,0.390,34.667,582.2,0.6415,22.549,0.0500,5.000,0,0,,,,,,
1766334389.287658,15.251,7,7,22.543,0.00000,0.042,0.389,34.663,583.0,0.6408,22.543,0.0500,5.000,0,0,,,,,,
1766334389.357919,15.222,7,7,22.552,0.00000,0.042,0.389,34.618,583.1,0.6409,22.552,0.0500,5.000,0,0,,,,,,
1766334389.423389,14.850,6,6,22.460,0.00000,0.045,0.424,34.118,610.0,0.6646,22.460,0.0500,5.000,0,0,,,,,,
1766334389.491618,15.168,7,7,22.530,0.00000,0.042,0.389,34.206,582.3,0.6403,22.530,0.0500,5.000,0,0,,,,,,
1766334389.557233,15.116,7,7,22.534,0.00000,0.042,0.387,34.309,582.5,0.6405,22.534,0.0500,5.000,0,0,,,,,,
1766334389.623701,15.195,7,7,22.545,0.00000,0.042,0.390,34.370,582.7,0.6406,22.545,0.0500,5.000,0,0,,,,,,
1766334389.691734,15.064,6,6,22.448,0.00000,0.045,0.421,33.859,610.0,0.6652,22.448,0.0500,5.000,0,0,,,,,,
1766334389.758293,15.548,7,7,22.539,0.00000,0.042,0.389,34.068,582.6,0.6411,22.539,0.0500,5.000,0,0,,,,,,
1766334389.821775,14.925,7,7,22.553,0.00000,0.042,0.388,34.231,583.0,0.6403,22.553,0.0500,5.000,0,0,,,,,,
1766334389.883583,15.010,6,6,22.461,0.00000,0.045,0.422,33.794,610.7,0.6660,22.461,0.0500,5.000,0,0,,,,,,
1766334389.947943,15.590,6,6,22.452,0.00000,0.046,0.423,33.525,610.2,0.6651,22.452,0.0500,5.000,0,0,,,,,,
1766334390.015508,14.965,6,6,22.452,0.00000,0.045,0.421,33.298,610.1,0.6658,22.452,0.0500,5.000,0,0,,,,,,
1766334390.083572,14.990,7,7,22.538,0.00000,0.041,0.389,33.620,582.5,0.6407,22.538,0.0500,5.000,0,0,,,,,,
1766334390.149049,15.282,7,7,22.549,0.00000,0.042,0.388,33.892,582.8,0.6408,22.549,0.0500,5.000,0,0,,,,,,
1766334390.215174,14.979,6,6,22.466,0.00000,0.045,0.422,33.613,610.3,0.6656,22.466,0.0500,5.000,0,0,,,,,,
1766334390.278446,15.377,6,6,22.454,0.00000,0.046,0.422,33.388,610.3,0.6646,22.454,0.0500,5.000,0,0,,,,,,
1766334390.346665,15.131,7,7,22.534,0.00000,0.042,0.388,33.687,582.4,0.6403,22.534,0.0500,5.000,0,0,,,,,,
1766334390.416035,15.373,7,7,22.543,0.00000,0.041,0.390,33.926,582.8,0.6402,22.543,0.0500,5.000,0,0,,,,,,
1766334390.481616,14.673,7,7,22.549,0.00000,0.042,0.389,34.103,583.2,0.6409,22.549,0.0500,5.000,0,0,,,,,,
1766334390.544171,15.331,6,6,22.445,0.00000,0.045,0.422,33.749,610.0,0.6647,22.445,0.0500,5.000,0,0,,,,,,
1766334390.610799,15.113,7,7,22.559,0.00000,0.041,0.389,34.009,582.9,0.6405,22.559,0.0500,5.000,0,0,,,,,,
1766334390.677667,14.924,6,6,22.439,0.00000,0.045,0.420,33.684,609.7,0.6663,22.439,0.0500,5.000,0,0,,,,,,
1766334390.743703,15.235,6,6,22.465,0.00000,0.045,0.423,33.321,610.5,0.6656,22.465,0.0500,5.000,0,0,,,,,,
1766334390.811711,15.332,6,6,22.467,0.00000,0.045,0.425,33.128,610.4,0.6653,22.467,0.0500,5.000,0,0,,,,,,
1766334390.874170,14.936,6,6,22.457,0.00000,0.045,0.423,32.916,610.4,0.6650,22.457,0.0500,5.000,0,0,,,,,,
1766334390.941714,15.111,7,7,22.547,0.00000,0.041,0.389,33.362,582.9,0.6409,22.547,0.0500,5.000,0,0,,,,,,
1766334391.008611,15.181,6,6,22.460,0.00000,0.045,0.423,33.168,610.4,0.6653,22.460,0.0500,5.000,0,0,,,,,,
1766334391.076080,15.065,6,6,22.461,0.00000,0.045,0.423,33.066,610.4,0.6652,22.461,0.0500,5.000,0,0,,,,,,
1766334391.143565,15.268,7,7,22.568,0.00000,0.042,0.390,33.496,583.2,0.6404,22.568,0.0500,5.000,0,0,,,,,,
1766334391.209815,15.137,6,6,22.477,0.00000,0.045,0.423,33.300,610.5,0.6650,22.477,0.0500,5.000,0,0,,,,,,
1766334391.301031,10.194,7,7,22.531,0.00000,0.042,0.388,33.614,582.5,0.6401,22.531,0.0500,5.000,0,0,,,,,,
1766334391.366175,14.909,7,7,22.543,0.00000,0.042,0.388,33.943,583.2,0.6408,22.543,0.0500,5.000,0,0,,,,,,
1766334391.431808,15.476,7,7,22.569,0.00000,0.042,0.390,34.182,583.2,0.6412,22.569,0.0500,5.000,0,0,,,,,,
1766334391.498692,15.177,7,7,22.548,0.00000,0.042,0.389,34.319,582.6,0.6404,22.548,0.0500,5.000,0,0,,,,,,
1766334391.562969,15.036,6,6,22.459,0.00000,0.046,0.422,33.900,610.1,0.6655,22.459,0.0500,5.000,0,0,,,,,,
1766334391.629636,15.134,7,7,22.557,0.00000,0.042,0.389,34.118,582.6,0.6406,22.557,0.0500,5.000,0,0,,,,,,
1766334391.694790,15.245,6,6,22.428,0.00000,0.046,0.423,33.741,609.7,0.6655,22.428,0.0500,5.000,0,0,,,,,,
1766334391.759795,15.173,6,6,22.453,0.00000,0.045,0.422,33.351,610.4,0.6656,22.453,0.0500,5.000,0,0,,,,,,
1766334391.827918,15.190,7,7,22.551,0.00000,0.042,0.389,33.654,582.8,0.6409,22.551,0.0500,5.000,0,0,,,,,,
1766334391.890487,15.381,6,6,22.475,0.00000,0.046,0.423,33.439,610.8,0.6650,22.475,0.0500,5.000,0,0,,,,,,
1766334391.959793,15.196,7,7,22.553,0.00000,0.042,0.385,33.696,582.7,0.6406,22.553,0.0500,5.000,0,0,,,,,,
1766334392.025972,14.840,7,7,22.558,0.00000,0.042,0.389,33.890,583.1,0.6414,22.558,0.0500,5.000,0,0,,,,,,
1766334392.090419,15.237,6,6,22.463,0.00000,0.046,0.423,33.579,610.3,0.6655,22.463,0.0500,5.000,0,0,,,,,,
1766334392.158179,15.187,6,6,22.456,0.00000,0.045,0.422,33.333,610.2,0.6652,22.456,0.0500,5.000,0,0,,,,,,
1766334392.225402,15.125,7,7,22.543,0.00000,0.042,0.386,33.715,582.7,0.6408,22.543,0.0500,5.000,0,0,,,,,,
1766334392.293998,15.196,7,7,22.563,0.00000,0.042,0.388,33.915,582.8,0.6405,22.563,0.0500,5.000,0,0,,,,,,
1766334392.358972,14.893,7,7,22.528,0.00000,0.042,0.389,31.669,582.5,0.6312,22.528,0.0500,5.000,0,0,,,,,,
1766334392.427585,15.542,7,7,22.567,0.00000,0.041,0.387,32.278,583.2,0.6411,22.567,0.0500,5.000,0,0,,,,,,
1766334392.490739,14.912,7,7,22.547,0.00000,0.042,0.386,32.773,582.7,0.6409,22.547,0.0500,5.000,0,0,,,,,,
1766334392.554989,15.213,6,6,22.460,0.00000,0.045,0.420,32.565,610.5,0.6661,22.460,0.0500,5.000,0,0,,,,,,
1766334392.622624,14.961,6,6,22.453,0.00000,0.046,0.418,32.485,610.0,0.6665,22.453,0.0500,5.000,0,0,,,,,,
1766334392.688696,15.243,7,7,22.571,0.00000,0.042,0.389,32.997,582.9,0.6420,22.571,0.0500,5.000,0,0,,,,,,
1766334392.755727,15.078,7,7,22.557,0.00000,0.041,0.389,33.422,582.6,0.6411,22.557,0.0500,5.000,0,0,,,,,,
1766334392.820803,15.290,7,7,22.549,0.00000,0.042,0.388,33.696,583.0,0.6413,22.549,0.0500,5.000,0,0,,,,,,
1766334392.886800,15.046,6,6,22.470,0.00000,0.045,0.421,33.388,610.6,0.6654,22.470,0.0500,5.000,0,0,,,,,,
1766334392.955269,15.283,7,7,22.565,0.00000,0.042,0.387,33.678,583.0,0.6408,22.565,0.0500,5.000,0,0,,,,,,
1766334393.018873,14.906,6,6,22.463,0.00000,0.045,0.421,33.381,610.3,0.6657,22.463,0.0500,5.000,0,0,,,,,,
1766334393.085065,15.436,6,6,22.467,0.00000,0.045,0.420,33.146,610.3,0.6656,22.467,0.0500,5.000,0,0,,,,,,
1766334393.151791,14.991,6,6,22.463,0.00000,0.045,0.422,33.006,610.4,0.6654,22.463,0.0500,5.000,0,0,,,,,,
1766334393.219501,15.042,7,7,22.552,0.00000,0.042,0.388,33.420,582.8,0.6407,22.552,0.0500,5.000,0,0,,,,,,
1766334393.284678,14.953,6,6,22.452,0.00000,0.046,0.419,33.163,610.1,0.6664,22.452,0.0500,5.000,0,0,,,,,,
1766334393.347851,15.504,6,6,22.465,0.00000,0.045,0.421,32.984,610.3,0.6657,22.465,0.0500,5.000,0,0,,,,,,
1766334393.418134,15.103,7,7,22.553,0.00000,0.042,0.387,33.398,582.8,0.6407,22.553,0.0500,5.000,0,0,,,,,,
1766334393.482323,15.140,6,6,22.476,0.00000,0.045,0.423,33.222,610.6,0.6655,22.476,0.0500,5.000,0,0,,,,,,
1766334393.551750,15.316,7,7,22.561,0.00000,0.042,0.388,33.601,582.9,0.6411,22.561,0.0500,5.000,0,0,,,,,,
1766334393.613047,14.949,6,6,22.476,0.00000,0.045,0.422,33.322,610.7,0.6657,22.476,0.0500,5.000,0,0,,,,,,
1766334393.677538,15.230,6,6,22.453,0.00000,0.045,0.420,33.086,610.1,0.6654,22.453,0.0500,5.000,0,0,,,,,,
1766334393.746826,14.997,6,6,22.467,0.00000,0.045,0.422,32.966,610.5,0.6657,22.467,0.0500,5.000,0,0,,,,,,
1766334393.814339,15.504,6,6,22.488,0.00000,0.046,0.422,32.846,610.9,0.6657,22.488,0.0500,5.000,0,0,,,,,,
1766334393.880866,14.809,6,6,22.456,0.00000,0.045,0.421,32.701,610.3,0.6656,22.456,0.0500,5.000,0,0,,,,,,
1766334393.948488,15.211,6,6,22.462,0.00000,0.045,0.422,32.704,610.4,0.6656,22.462,0.0500,5.000,0,0,,,,,,
1766334394.074716,7.700,6,6,22.437,0.00000,0.046,0.422,32.587,610.2,0.6655,22.437,0.0500,5.000,0,0,,,,,,
1766334394.138105,14.962,7,7,22.556,0.00000,0.042,0.388,33.121,582.0,0.6412,22.556,0.0500,5.000,0,0,,,,,,
1766334394.205304,14.861,7,7,22.547,0.00000,0.042,0.388,33.509,582.7,0.6405,22.547,0.0500,5.000,0,0,,,,,,
1766334394.268630,15.310,6,6,22.455,0.00000,0.046,0.425,30.643,610.5,0.6546,22.455,0.0500,5.000,0,0,,,,,,
1766334394.334727,15.327,7,7,22.545,0.00000,0.042,0.389,31.495,582.9,0.6415,22.545,0.0500,5.000,0,0,,,,,,
1766334394.400424,14.984,6,6,22.466,0.00000,0.046,0.423,31.676,611.0,0.6656,22.466,0.0500,5.000,0,0,,,,,,
1766334394.467789,15.071,7,7,22.555,0.00000,0.042,0.387,32.310,583.2,0.6419,22.555,0.0500,5.000,0,0,,,,,,
1766334394.534970,15.058,7,7,22.544,0.00000,0.042,0.389,32.848,582.3,0.6406,22.544,0.0500,5.000,0,0,,,,,,
1766334394.600302,15.214,7,7,22.566,0.00000,0.042,0.388,33.299,583.0,0.6399,22.566,0.0500,5.000,0,0,,,,,,
1766334394.669613,14.854,7,7,22.552,0.00000,0.042,0.387,33.544,583.2,0.6413,22.552,0.0500,5.000,0,0,,,,,,
1766334394.734128,15.540,7,7,22.545,0.00000,0.042,0.389,33.698,582.6,0.6409,22.545,0.0500,5.000,0,0,,,,,,
1766334394.798703,15.064,7,7,22.548,0.00000,0.042,0.388,33.878,583.0,0.6411,22.548,0.0500,5.000,0,0,,,,,,
1766334394.866381,15.162,6,6,22.451,0.00000,0.046,0.421,33.479,610.6,0.6652,22.451,0.0500,5.000,0,0,,,,,,
1766334394.932982,14.886,6,6,22.460,0.00000,0.046,0.421,33.099,610.3,0.6661,22.460,0.0500,5.000,0,0,,,,,,
1766334394.998628,15.444,7,7,22.550,0.00000,0.042,0.387,33.444,582.9,0.6413,22.550,0.0500,5.000,0,0,,,,,,
1766334395.063853,15.187,6,6,22.444,0.00000,0.045,0.420,33.216,610.0,0.6655,22.444,0.0500,5.000,0,0,,,,,,
1766334395.129737,15.177,6,6,22.449,0.00000,0.046,0.420,33.072,610.0,0.6647,22.449,0.0500,5.000,0,0,,,,,,
1766334395.197247,15.273,7,7,22.562,0.00000,0.042,0.386,33.447,582.9,0.6405,22.562,0.0500,5.000,0,0,,,,,,
1766334395.260962,15.149,6,6,22.461,0.00000,0.045,0.421,33.212,610.2,0.6655,22.461,0.0500,5.000,0,0,,,,,,
1766334395.327876,15.100,6,6,22.459,0.00000,0.045,0.420,33.061,610.1,0.6653,22.459,0.0500,5.000,0,0,,,,,,
1766334395.396185,14.980,7,7,22.547,0.00000,0.042,0.386,33.476,582.7,0.6417,22.547,0.0500,5.000,0,0,,,,,,
1766334395.461805,15.252,7,7,22.546,0.00000,0.041,0.386,33.769,582.8,0.6413,22.546,0.0500,5.000,0,0,,,,,,
1766334395.529251,14.891,7,7,22.553,0.00000,0.042,0.387,33.953,582.7,0.6408,22.553,0.0500,5.000,0,0,,,,,,
1766334395.593409,15.413,7,7,22.561,0.00000,0.041,0.388,34.151,582.9,0.6405,22.561,0.0500,5.000,0,0,,,,,,
1766334395.660794,15.068,7,7,22.567,0.00000,0.042,0.389,34.273,583.4,0.6416,22.567,0.0500,5.000,0,0,,,,,,
1766334395.726622,15.013,7,7,22.565,0.00000,0.042,0.387,34.332,582.9,0.6410,22.565,0.0500,5.000,0,0,,,,,,
1766334395.792062,15.273,6,6,22.459,0.00000,0.045,0.421,33.863,610.3,0.6658,22.459,0.0500,5.000,0,0,,,,,,
1766334395.859728,15.077,7,7,22.543,0.00000,0.042,0.387,34.041,582.7,0.6410,22.543,0.0500,5.000,0,0,,,,,,
1766334395.923453,15.288,6,6,22.462,0.00000,0.045,0.423,33.699,610.1,0.6654,22.462,0.0500,5.000,0,0,,,,,,
1766334395.989982,15.079,6,6,22.467,0.00000,0.045,0.421,33.395,610.6,0.6659,22.467,0.0500,5.000,0,0,,,,,,
1766334396.055023,15.095,6,6,22.456,0.00000,0.045,0.421,33.143,610.2,0.6659,22.456,0.0500,5.000,0,0,,,,,,
1766334396.121514,15.199,6,6,22.483,0.00000,0.045,0.422,32.961,610.6,0.6653,22.483,0.0500,5.000,0,0,,,,,,
1766334396.192030,15.127,7,7,22.556,0.00000,0.042,0.388,33.391,583.0,0.6409,22.556,0.0500,5.000,0,0,,,,,,
1766334396.256278,15.133,7,7,22.577,0.00000,0.042,0.389,33.706,583.5,0.6415,22.577,0.0500,5.000,0,0,,,,,,
1766334396.319916,14.883,6,6,22.450,0.00000,0.045,0.421,33.346,610.0,0.6655,22.450,0.0500,5.000,0,0,,,,,,
1766334396.384881,15.391,6,6,22.461,0.00000,0.045,0.420,33.096,610.4,0.6652,22.461,0.0500,5.000,0,0,,,,,,
1766334396.454557,14.941,6,6,22.467,0.00000,0.045,0.420,32.904,610.4,0.6658,22.467,0.0500,5.000,0,0,,,,,,
1766334396.521941,15.412,6,6,22.463,0.00000,0.046,0.421,32.802,610.5,0.6657,22.463,0.0500,5.000,0,0,,,,,,
1766334396.588806,15.006,6,6,22.471,0.00000,0.045,0.422,32.770,610.4,0.6655,22.471,0.0500,5.000,0,0,,,,,,
1766334396.657387,15.072,6,6,22.454,0.00000,0.045,0.420,32.672,610.3,0.6659,22.454,0.0500,5.000,0,0,,,,,,
1766334396.815449,6.115,7,7,22.565,0.00000,0.042,0.389,33.080,582.4,0.6402,22.565,0.0500,5.000,0,0,,,,,,
1766334396.877353,15.340,7,7,22.558,0.00000,0.042,0.389,33.397,582.7,0.6411,22.558,0.0500,5.000,0,0,,,,,,
1766334396.942187,15.287,7,7,22.560,0.00000,0.042,0.386,33.639,583.4,0.6420,22.560,0.0500,5.000,0,0,,,,,,
1766334397.008398,15.183,7,7,22.545,0.00000,0.042,0.388,33.872,582.8,0.6409,22.545,0.0500,5.000,0,0,,,,,,
1766334397.073227,14.986,6,6,22.437,0.00000,0.045,0.421,33.483,610.0,0.6651,22.437,0.0500,5.000,0,0,,,,,,
1766334397.140946,15.178,7,7,22.579,0.00000,0.042,0.389,33.795,583.0,0.6396,22.579,0.0500,5.000,0,0,,,,,,
1766334397.206382,15.287,7,7,22.545,0.00000,0.042,0.389,33.949,582.8,0.6406,22.545,0.0500,5.000,0,0,,,,,,
1766334397.273732,14.969,7,7,22.560,0.00000,0.042,0.390,34.064,582.9,0.6400,22.560,0.0500,5.000,0,0,,,,,,
1766334397.337745,15.187,7,7,22.571,0.00000,0.042,0.393,31.874,583.5,0.6316,22.571,0.0500,5.000,0,0,,,,,,
1766334397.405061,15.181,7,7,22.546,0.00000,0.042,0.389,32.438,582.8,0.6409,22.546,0.0500,5.000,0,0,,,,,,
1766334397.470740,15.143,7,7,22.584,0.00000,0.042,0.387,32.876,583.4,0.6414,22.584,0.0500,5.000,0,0,,,,,,
1766334397.537597,15.163,7,7,22.552,0.00000,0.042,0.388,33.266,582.8,0.6410,22.552,0.0500,5.000,0,0,,,,,,
1766334397.604004,15.163,6,6,22.454,0.00000,0.045,0.421,32.941,610.4,0.6659,22.454,0.0500,5.000,0,0,,,,,,
1766334397.674886,15.199,7,7,22.559,0.00000,0.042,0.386,33.312,582.9,0.6409,22.559,0.0500,5.000,0,0,,,,,,
1766334397.739625,14.803,7,7,22.549,0.00000,0.042,0.387,33.562,582.7,0.6408,22.549,0.0500,5.000,0,0,,,,,,
1766334397.802208,15.476,6,6,22.454,0.00000,0.046,0.421,33.271,610.4,0.6660,22.454,0.0500,5.000,0,0,,,,,,
1766334397.872835,15.071,6,6,22.462,0.00000,0.045,0.421,32.981,610.2,0.6655,22.462,0.0500,5.000,0,0,,,,,,
1766334397.934775,15.338,6,6,22.444,0.00000,0.046,0.418,32.771,610.1,0.6658,22.444,0.0500,5.000,0,0,,,,,,
1766334398.003048,15.247,7,7,22.548,0.00000,0.042,0.387,33.199,582.9,0.6411,22.548,0.0500,5.000,0,0,,,,,,
1766334398.070399,15.037,7,7,22.560,0.00000,0.042,0.387,33.569,583.2,0.6411,22.560,0.0500,5.000,0,0,,,,,,
1766334398.135670,15.240,7,7,22.548,0.00000,0.042,0.387,33.829,582.5,0.6411,22.548,0.0500,5.000,0,0,,,,,,
1766334398.202403,14.789,6,6,22.468,0.00000,0.046,0.420,33.468,610.6,0.6664,22.468,0.0500,5.000,0,0,,,,,,
1766334398.268380,15.296,7,7,22.548,0.00000,0.042,0.388,33.788,582.7,0.6408,22.548,0.0500,5.000,0,0,,,,,,
1766334398.335743,15.084,7,7,22.544,0.00000,0.042,0.388,33.989,582.9,0.6411,22.544,0.0500,5.000,0,0,,,,,,
1766334398.398838,15.146,6,6,22.468,0.00000,0.045,0.421,33.605,610.4,0.6653,22.468,0.0500,5.000,0,0,,,,,,
1766334398.465748,15.206,7,7,22.570,0.00000,0.041,0.388,33.917,582.9,0.6405,22.570,0.0500,5.000,0,0,,,,,,
1766334398.534235,15.111,7,7,22.537,0.00000,0.042,0.386,34.028,582.7,0.6414,22.537,0.0500,5.000,0,0,,,,,,
1766334398.602075,15.069,7,7,22.545,0.00000,0.042,0.386,34.193,582.8,0.6409,22.545,0.0500,5.000,0,0,,,,,,
1766334398.663577,14.906,6,6,22.458,0.00000,0.045,0.422,33.677,610.6,0.6660,22.458,0.0500,5.000,0,0,,,,,,
1766334398.728550,15.363,6,6,22.463,0.00000,0.045,0.421,33.372,610.1,0.6665,22.463,0.0500,5.000,0,0,,,,,,
1766334398.793847,15.303,6,6,22.475,0.00000,0.045,0.422,33.160,610.4,0.6660,22.475,0.0500,5.000,0,0,,,,,,
1766334398.860881,15.133,6,6,22.482,0.00000,0.046,0.422,32.975,610.6,0.6659,22.482,0.0500,5.000,0,0,,,,,,
1766334398.926138,15.178,6,6,22.470,0.00000,0.045,0.422,32.833,610.4,0.6655,22.470,0.0500,5.000,0,0,,,,,,
1766334398.992862,15.089,6,6,22.458,0.00000,0.045,0.420,32.766,610.2,0.6659,22.458,0.0500,5.000,0,0,,,,,,
1766334399.061866,15.347,7,7,22.564,0.00000,0.042,0.387,33.204,583.3,0.6417,22.564,0.0500,5.000,0,0,,,,,,
1766334399.126536,15.103,7,7,22.549,0.00000,0.042,0.387,33.519,582.9,0.6410,22.549,0.0500,5.000,0,0,,,,,,
1766334399.192956,14.969,6,6,22.459,0.00000,0.045,0.421,33.284,609.8,0.6652,22.459,0.0500,5.000,0,0,,,,,,
1766334399.264318,15.218,6,6,22.474,0.00000,0.045,0.422,33.101,610.6,0.6656,22.474,0.0500,5.000,0,0,,,,,,
1766334399.329236,14.881,6,6,22.454,0.00000,0.045,0.420,32.943,610.1,0.6652,22.454,0.0500,5.000,0,0,,,,,,
1766334399.395041,15.421,6,6,22.462,0.00000,0.045,0.421,32.826,610.3,0.6658,22.462,0.0500,5.000,0,0,,,,,,
1766334399.555895,6.047,7,7,22.568,0.00000,0.042,0.388,33.268,583.1,0.6412,22.568,0.0500,5.000,0,0,,,,,,
1766334399.616478,15.019,7,7,22.546,0.00000,0.042,0.387,33.572,583.3,0.6409,22.546,0.0500,5.000,0,0,,,,,,
1766334399.684977,15.031,7,7,22.553,0.00000,0.042,0.391,33.875,582.6,0.6405,22.553,0.0500,5.000,0,0,,,,,,
1766334399.748141,15.474,7,7,22.560,0.00000,0.042,0.388,34.077,582.7,0.6409,22.560,0.0500,5.000,0,0,,,,,,
1766334399.817848,14.108,6,6,22.452,0.00000,0.046,0.422,33.622,610.0,0.6655,22.452,0.0500,5.000,0,0,,,,,,
1766334399.880382,15.926,6,6,22.472,0.00000,0.045,0.424,33.315,610.5,0.6654,22.472,0.0500,5.000,0,0,,,,,,
1766334399.947120,15.477,7,7,22.577,0.00000,0.042,0.389,33.609,583.0,0.6413,22.577,0.0500,5.000,0,0,,,,,,
1766334400.012596,15.255,7,7,22.541,0.00000,0.042,0.387,33.821,582.5,0.6405,22.541,0.0500,5.000,0,0,,,,,,
1766334400.076371,15.138,6,6,22.480,0.00000,0.046,0.422,33.540,610.7,0.6651,22.480,0.0500,5.000,0,0,,,,,,
1766334400.159730,13.951,7,7,22.556,0.00000,0.042,0.386,33.805,583.0,0.6409,22.556,0.0500,5.000,0,0,,,,,,
1766334400.210943,16.435,7,7,22.551,0.00000,0.042,0.388,34.057,582.3,0.6414,22.551,0.0500,5.000,0,0,,,,,,
1766334400.276203,15.489,7,7,22.546,0.00000,0.042,0.387,34.160,583.2,0.6406,22.546,0.0500,5.000,0,0,,,,,,
1766334400.342918,14.936,6,6,22.461,0.00000,0.046,0.420,33.678,610.4,0.6656,22.461,0.0500,5.000,0,0,,,,,,
1766334400.415767,14.560,6,6,22.445,0.00000,0.045,0.422,33.441,610.1,0.6654,22.445,0.0500,5.000,0,0,,,,,,
1766334400.477675,15.880,7,7,22.533,0.00000,0.042,0.386,33.728,582.6,0.6404,22.533,0.0500,5.000,0,0,,,,,,
1766334400.547683,15.345,7,7,22.536,0.00000,0.042,0.388,33.947,582.6,0.6403,22.536,0.0500,5.000,0,0,,,,,,
1766334400.612632,15.128,7,7,22.570,0.00000,0.041,0.388,34.151,582.8,0.6409,22.570,0.0500,5.000,0,0,,,,,,
1766334400.672952,14.835,6,6,22.460,0.00000,0.045,0.420,33.701,610.3,0.6660,22.460,0.0500,5.000,0,0,,,,,,
1766334400.740753,15.182,6,6,22.454,0.00000,0.046,0.421,33.347,610.4,0.6657,22.454,0.0500,5.000,0,0,,,,,,
1766334400.805936,15.200,6,6,22.465,0.00000,0.045,0.422,33.175,610.2,0.6652,22.465,0.0500,5.000,0,0,,,,,,
1766334400.874330,14.981,7,7,22.551,0.00000,0.042,0.387,33.518,582.9,0.6410,22.551,0.0500,5.000,0,0,,,,,,
1766334400.940461,15.018,7,7,22.551,0.00000,0.042,0.388,33.817,582.8,0.6412,22.551,0.0500,5.000,0,0,,,,,,
1766334401.005276,15.516,7,7,22.537,0.00000,0.041,0.387,33.997,582.6,0.6410,22.537,0.0500,5.000,0,0,,,,,,
1766334401.071201,15.075,7,7,22.536,0.00000,0.042,0.386,34.118,582.8,0.6406,22.536,0.0500,5.000,0,0,,,,,,
1766334401.153403,15.491,6,6,22.457,0.00000,0.045,0.420,33.683,610.1,0.6656,22.457,0.0500,5.000,0,0,,,,,,
1766334401.254550,13.322,7,7,22.542,0.00000,0.042,0.385,33.914,583.0,0.6408,22.542,0.0500,5.000,0,0,,,,,,
1766334401.335480,8.111,6,6,22.471,0.00000,0.045,0.421,33.568,610.6,0.6660,22.471,0.0500,5.000,0,0,,,,,,
1766334401.401440,15.112,7,7,22.567,0.00000,0.042,0.387,33.843,583.4,0.6411,22.567,0.0500,5.000,0,0,,,,,,
1766334401.467491,15.177,7,7,22.556,0.00000,0.042,0.391,31.618,583.0,0.6317,22.556,0.0500,5.000,0,0,,,,,,
1766334401.533112,14.846,6,6,22.465,0.00000,0.045,0.420,31.755,610.6,0.6659,22.465,0.0500,5.000,0,0,,,,,,
1766334401.599539,15.158,6,6,22.454,0.00000,0.046,0.421,31.829,610.4,0.6652,22.454,0.0500,5.000,0,0,,,,,,
1766334401.730984,13.152,7,7,22.542,0.00000,0.042,0.388,32.396,582.7,0.6412,22.542,0.0500,5.000,0,0,,,,,,
1766334401.800929,8.247,6,6,22.470,0.00000,0.045,0.420,32.335,610.7,0.6653,22.470,0.0500,5.000,0,0,,,,,,
1766334401.866520,14.965,7,7,22.545,0.00000,0.042,0.388,32.810,582.7,0.6413,22.545,0.0500,5.000,0,0,,,,,,
1766334401.934835,15.520,7,7,22.541,0.00000,0.042,0.386,33.234,582.8,0.6410,22.541,0.0500,5.000,0,0,,,,,,
1766334402.000751,15.021,7,7,22.562,0.00000,0.042,0.389,33.547,582.8,0.6407,22.562,0.0500,5.000,0,0,,,,,,
1766334402.071028,15.264,7,7,22.552,0.00000,0.042,0.387,33.784,582.8,0.6412,22.552,0.0500,5.000,0,0,,,,,,
1766334402.135463,14.993,7,7,22.536,0.00000,0.041,0.387,33.969,582.5,0.6410,22.536,0.0500,5.000,0,0,,,,,,
1766334402.288769,6.043,6,6,22.450,0.00000,0.046,0.421,33.551,610.4,0.6661,22.450,0.0500,5.000,0,0,,,,,,
1766334402.353946,15.240,6,6,22.453,0.00000,0.046,0.424,30.684,610.7,0.6548,22.453,0.0500,5.000,0,0,,,,,,
1766334402.422900,15.043,6,6,22.447,0.00000,0.045,0.422,30.948,610.1,0.6660,22.447,0.0500,5.000,0,0,,,,,,
1766334402.488311,15.157,7,7,22.568,0.00000,0.042,0.390,31.741,583.2,0.6415,22.568,0.0500,5.000,0,0,,,,,,
1766334402.552840,15.081,6,6,22.466,0.00000,0.046,0.422,31.810,610.4,0.6660,22.466,0.0500,5.000,0,0,,,,,,
1766334402.619524,15.528,6,6,22.465,0.00000,0.046,0.421,31.965,610.5,0.6654,22.465,0.0500,5.000,0,0,,,,,,
1766334402.684072,15.014,6,6,22.461,0.00000,0.045,0.423,32.066,610.2,0.6655,22.461,0.0500,5.000,0,0,,,,,,
1766334402.752867,15.260,7,7,22.563,0.00000,0.042,0.389,32.652,583.2,0.6399,22.563,0.0500,5.000,0,0,,,,,,
1766334402.818143,14.937,7,7,22.557,0.00000,0.042,0.388,33.063,582.8,0.6410,22.557,0.0500,5.000,0,0,,,,,,
1766334402.884663,15.073,7,7,22.574,0.00000,0.042,0.388,33.413,582.8,0.6413,22.574,0.0500,5.000,0,0,,,,,,
1766334402.949920,15.103,7,7,22.551,0.00000,0.042,0.388,33.650,583.1,0.6412,22.551,0.0500,5.000,0,0,,,,,,
1766334403.013509,15.528,6,6,22.455,0.00000,0.045,0.420,33.321,609.9,0.6659,22.455,0.0500,5.000,0,0,,,,,,
1766334403.084068,14.959,7,7,22.558,0.00000,0.042,0.387,33.605,583.3,0.6412,22.558,0.0500,5.000,0,0,,,,,,
1766334403.149317,15.232,7,7,22.543,0.00000,0.042,0.387,33.814,582.7,0.6409,22.543,0.0500,5.000,0,0,,,,,,
1766334403.218684,14.833,7,7,22.555,0.00000,0.042,0.389,34.001,582.7,0.6409,22.555,0.0500,5.000,0,0,,,,,,
1766334403.281169,15.317,7,7,22.556,0.00000,0.042,0.387,34.198,583.0,0.6403,22.556,0.0500,5.000,0,0,,,,,,
1766334403.349836,14.998,7,7,22.537,0.00000,0.041,0.386,34.308,582.8,0.6412,22.537,0.0500,5.000,0,0,,,,,,
1766334403.413781,15.217,6,6,22.467,0.00000,0.045,0.421,33.913,610.3,0.6650,22.467,0.0500,5.000,0,0,,,,,,
1766334403.479934,15.101,6,6,22.452,0.00000,0.045,0.423,30.921,610.1,0.6542,22.452,0.0500,5.000,0,0,,,,,,
1766334403.548191,15.192,7,7,22.562,0.00000,0.042,0.388,31.788,582.9,0.6405,22.562,0.0500,5.000,0,0,,,,,,
1766334403.613253,15.099,7,7,22.558,0.00000,0.042,0.388,32.442,583.0,0.6408,22.558,0.0500,5.000,0,0,,,,,,
1766334403.681176,14.916,7,7,22.568,0.00000,0.042,0.387,32.978,583.2,0.6416,22.568,0.0500,5.000,0,0,,,,,,
1766334403.745808,15.333,7,7,22.558,0.00000,0.042,0.386,33.361,582.6,0.6412,22.558,0.0500,5.000,0,0,,,,,,
1766334403.812262,15.168,7,7,22.552,0.00000,0.042,0.384,33.595,582.8,0.6408,22.552,0.0500,5.000,0,0,,,,,,
1766334403.876802,15.201,6,6,22.468,0.00000,0.045,0.420,33.266,610.8,0.6663,22.468,0.0500,5.000,0,0,,,,,,
1766334403.945674,15.123,7,7,22.542,0.00000,0.042,0.386,33.582,582.7,0.6409,22.542,0.0500,5.000,0,0,,,,,,
1766334404.008527,15.194,6,6,22.457,0.00000,0.045,0.423,30.645,610.5,0.6547,22.457,0.0500,5.000,0,0,,,,,,
1766334404.076293,15.175,6,6,22.452,0.00000,0.045,0.419,30.945,610.2,0.6654,22.452,0.0500,5.000,0,0,,,,,,
1766334404.140426,15.254,6,6,22.455,0.00000,0.045,0.420,31.275,610.4,0.6649,22.455,0.0500,5.000,0,0,,,,,,
1766334404.208307,14.935,6,6,22.463,0.00000,0.045,0.420,31.484,610.5,0.6662,22.463,0.0500,5.000,0,0,,,,,,
1766335694.375291,41527.762,7,7,22.532,0.00000,0.041,0.391,77.076,579.9,0.6389,22.532,0.0500,5.000,0,0,,,,,,,0.022,1.197,43.383,3.913,1.894,0.611,0.000,59.273,0.466,111.144
1766335694.538608,7.223,6,6,22.280,0.00000,0.044,0.415,73.334,594.0,0.6691,22.280,0.0500,5.000,0,0,,,,,,,26.726,0.316,51.617,1.104,2.895,1.088,0.000,78.346,0.117,162.731
1766335694.657835,6.078,7,7,22.529,0.00000,0.041,0.391,73.334,580.6,0.6397,22.529,0.0500,5.000,0,0,0.3114,22.197,,15.000,1,1,28.349,0.287,54.674,0.968,2.547,0.706,0.000,30.513,0.106,119.039
1766335694.747884,10.127,7,7,22.517,0.00000,0.041,0.389,73.334,580.8,0.6398,22.517,0.0500,5.000,0,0,0.3072,22.130,,15.000,2,1,7.881,0.202,52.959,0.809,2.727,0.589,0.000,24.377,0.076,89.879
1766335694.865926,10.124,7,7,22.509,0.00000,0.041,0.390,73.334,581.2,0.6406,22.509,0.0500,5.000,0,0,0.3087,22.492,,15.000,3,1,16.653,0.193,41.763,0.779,2.056,0.545,0.000,55.602,0.080,117.920
1766335694.991196,7.586,7,7,22.504,0.00000,0.041,0.389,73.334,580.6,0.6399,22.504,0.0500,5.000,0,0,0.3068,22.363,,15.000,4,1,30.437,0.285,67.860,0.802,2.040,0.559,0.000,22.841,0.080,125.144
1766335695.057794,10.017,7,7,22.560,0.00000,0.041,0.392,73.334,581.1,0.6400,22.560,0.0500,5.000,0,0,0.3087,22.075,,15.000,5,1,4.994,0.193,36.205,0.828,2.053,0.563,0.000,21.313,0.083,66.467
1766335695.124127,14.937,7,7,22.512,0.00000,0.041,0.390,73.334,581.1,0.6391,22.512,0.0500,5.000,0,0,0.3078,22.224,,15.000,6,1,5.369,0.235,35.792,0.769,2.041,0.545,0.000,21.161,0.083,66.225
1766335695.192060,15.304,7,7,22.515,0.00000,0.041,0.391,73.334,580.6,0.6397,22.515,0.0500,5.000,0,0,0.3114,22.174,,15.000,7,1,4.375,0.199,38.654,0.752,2.013,0.545,0.000,20.961,0.081,67.821
1766335695.258525,15.250,7,7,22.526,0.00000,0.041,0.392,73.334,581.3,0.6396,22.526,0.0500,5.000,0,0,0.3089,22.150,,15.000,8,1,2.028,0.218,39.114,0.724,2.021,0.545,0.000,21.413,0.076,66.367
1766335695.317378,14.986,7,7,22.536,0.00000,0.041,0.391,73.334,581.1,0.6394,22.536,0.0500,5.000,0,0,0.3069,22.220,,15.000,9,1,2.263,0.348,32.877,0.671,1.742,0.462,0.000,20.068,0.081,58.726
1766335695.378181,15.142,7,7,22.544,0.00000,0.041,0.391,67.793,581.2,0.6394,22.544,0.0500,5.000,0,0,0.3067,22.160,,15.000,10,1,9.471,0.191,29.878,0.585,1.506,0.530,0.000,18.232,0.059,60.698
1766335695.442360,15.152,7,7,22.535,0.00000,0.041,0.391,67.793,580.8,0.6397,22.535,0.0500,5.000,0,0,0.2501,17.102,,15.000,1,11,14.690,0.155,27.860,0.563,1.515,0.394,0.000,18.674,0.064,64.097
1766335695.506143,15.191,7,7,22.522,0.00000,0.041,0.391,67.793,580.8,0.6394,22.522,0.0500,5.000,0,0,0.2523,16.923,,15.000,2,11,16.332,0.138,26.744,0.492,1.310,0.345,0.000,18.133,0.048,63.699
1766335695.570351,15.157,7,7,22.514,0.00000,0.041,0.390,67.793,580.3,0.6390,22.514,0.0500,5.000,0,0,0.2501,16.902,,15.000,3,11,18.527,0.143,25.237,0.500,1.325,0.361,0.000,17.817,0.053,64.124
1766335695.635521,15.130,7,7,22.533,0.00000,0.041,0.391,67.793,580.7,0.6396,22.533,0.0500,5.000,0,0,0.2545,17.238,,15.000,4,11,20.406,0.308,24.105,0.503,1.344,0.349,0.000,17.846,0.059,65.081
1766335695.701528,15.189,7,7,22.543,0.00000,0.041,0.392,67.793,581.3,0.6397,22.543,0.0500,5.000,0,0,0.2492,16.837,,15.000,5,11,21.081,0.156,24.366,0.519,1.334,0.362,0.000,17.893,0.053,65.928
1766335695.768061,15.119,7,7,22.540,0.00000,0.041,0.391,67.793,580.8,0.6388,22.540,0.0500,5.000,0,0,0.2490,16.948,,15.000,6,11,21.223,0.189,24.730,0.518,1.326,0.357,0.000,17.893,0.056,66.458
1766335695.835439,15.136,7,7,22.522,0.00000,0.041,0.392,67.793,580.7,0.6393,22.522,0.0500,5.000,0,0,0.2523,16.727,,15.000,7,11,20.753,0.134,25.755,0.505,1.329,0.349,0.000,18.256,0.057,67.297
1766335695.900833,15.149,7,7,22.539,0.00000,0.042,0.391,67.793,581.3,0.6387,22.539,0.0500,5.000,0,0,0.2518,16.794,,15.000,8,11,19.379,0.294,25.234,0.506,1.320,0.352,0.000,18.011,0.048,65.309
1766335695.971441,14.187,7,7,22.542,0.00000,0.041,0.392,67.793,581.2,0.6390,22.542,0.0500,5.000,0,0,0.2495,16.920,,15.000,9,11,24.467,0.302,25.580,0.541,1.367,0.360,0.000,17.677,0.053,70.519
1766335696.070600,10.716,7,7,22.521,0.00000,0.041,0.390,63.576,580.8,0.6390,22.521,0.0500,5.000,0,0,0.2501,16.839,,15.000,10,11,47.172,0.176,31.033,0.538,1.334,0.462,0.000,18.120,0.048,99.065
1766335696.133522,15.103,7,7,22.542,0.00000,0.041,0.390,60.333,581.2,0.6389,22.542,0.0500,5.000,0,0,,,,,,,14.234,0.169,28.445,0.548,1.342,0.472,0.000,17.398,0.054,62.837
1766335696.210466,15.065,7,7,22.544,0.00000,0.041,0.391,57.869,581.3,0.6389,22.544,0.0500,5.000,0,0,,,,,,,17.679,0.216,38.594,0.554,1.378,0.476,0.000,17.720,0.059,76.848
1766335696.263055,15.447,7,7,22.532,0.00000,0.041,0.391,55.821,581.5,0.6396,22.532,0.0500,5.000,0,0,,,,,,,5.489,0.250,26.381,0.533,1.338,0.450,0.000,17.848,0.050,52.508
1766335696.331229,14.686,7,7,22.506,0.00000,0.041,0.390,55.821,580.6,0.6393,22.506,0.0500,5.000,0,0,0.3483,38.012,,15.000,1,24,20.972,0.142,26.487,0.541,1.329,0.351,0.000,18.005,0.063,68.060
1766335696.396356,15.233,7,7,22.540,0.00000,0.041,0.391,55.821,581.1,0.6393,22.540,0.0500,5.000,0,0,0.3489,37.995,,15.000,2,24,18.456,0.123,26.191,0.486,1.315,0.344,0.000,17.913,0.052,65.037
1766335696.462948,15.153,7,7,22.531,0.00000,0.042,0.390,55.821,580.8,0.6392,22.531,0.0500,5.000,0,0,0.3485,37.871,,15.000,3,24,19.305,0.156,26.595,0.526,1.309,0.347,0.000,18.031,0.057,66.484
1766335696.527204,15.128,7,7,22.525,0.00000,0.042,0.393,55.821,580.8,0.6388,22.525,0.0500,5.000,0,0,0.3548,37.718,,15.000,4,24,18.816,0.142,24.860,0.538,1.363,0.364,0.000,17.843,0.058,64.154
1766335696.597833,15.088,7,7,22.528,0.00000,0.041,0.391,55.821,581.1,0.6394,22.528,0.0500,5.000,0,0,0.3503,37.938,,15.000,5,24,20.851,0.128,29.426,0.491,1.321,0.357,0.000,17.752,0.055,70.538
1766335696.659893,15.273,7,7,22.551,0.00000,0.041,0.391,55.821,580.7,0.6385,22.551,0.0500,5.000,0,0,0.3508,37.958,,15.000,6,24,15.699,0.116,25.820,0.496,1.335,0.342,0.000,17.952,0.052,61.971
1766335696.728610,15.004,7,7,22.532,0.00000,0.042,0.390,55.821,580.9,0.6398,22.532,0.0500,5.000,0,0,0.3461,38.061,,15.000,7,24,20.269,0.130,27.878,0.482,1.318,0.344,0.000,17.976,0.053,68.610
1766335696.795329,15.087,7,7,22.551,0.00000,0.041,0.392,55.821,581.0,0.6391,22.551,0.0500,5.000,0,0,0.3506,38.020,,15.000,8,24,17.859,0.119,28.328,0.507,1.327,0.350,0.000,17.922,0.066,66.640
1766335696.861076,15.295,7,7,22.539,0.00000,0.041,0.390,55.821,581.3,0.6264,22.539,0.0500,5.000,0,0,0.4420,21.732,,15.000,9,24,16.520,0.173,28.821,0.474,1.314,0.345,0.000,17.804,0.052,65.658
1766335696.925986,15.074,7,7,22.539,0.00000,0.041,0.391,45.603,581.2,0.6389,22.539,0.0500,5.000,0,0,0.3524,37.966,,15.000,10,24,17.105,0.152,27.507,0.514,1.325,0.451,0.000,17.537,0.058,64.824
1766335696.992694,15.253,7,7,22.547,0.00000,0.041,0.390,45.603,580.8,0.6383,22.547,0.0500,5.000,0,0,0.2823,28.411,,15.000,1,34,17.747,0.119,28.373,0.507,1.315,0.347,0.000,17.990,0.055,66.615
1766335697.059535,15.118,7,7,22.547,0.00000,0.041,0.391,41.874,581.1,0.6260,22.547,0.0500,5.000,0,0,,,,,,,17.192,0.124,28.393,0.479,1.317,0.440,0.000,18.596,0.047,66.755
1766335697.126469,15.041,7,7,22.518,0.00000,0.041,0.390,41.874,580.7,0.6389,22.518,0.0500,5.000,0,0,0.2183,24.671,,15.000,1,36,16.848,0.128,29.451,0.486,1.311,0.370,0.000,18.037,0.054,66.857
1766335697.192689,15.256,7,7,22.532,0.00000,0.041,0.389,41.874,581.6,0.6398,22.532,0.0500,5.000,0,0,0.2215,24.670,,15.000,2,36,15.458,0.120,30.368,0.480,1.350,0.349,0.000,17.801,0.053,66.137
1766335697.258399,15.028,7,7,22.539,0.00000,0.041,0.391,41.874,580.7,0.6387,22.539,0.0500,5.000,0,0,0.2190,24.549,,15.000,3,36,15.777,0.130,29.321,0.495,1.326,0.349,0.000,18.008,0.053,65.623
1766335697.323795,15.242,7,7,22.533,0.00000,0.041,0.391,41.874,580.9,0.6396,22.533,0.0500,5.000,0,0,0.2190,24.561,,15.000,4,36,15.682,0.141,29.318,0.504,1.311,0.344,0.000,17.796,0.061,65.316
1766335697.389436,15.076,7,7,22.545,0.00000,0.041,0.392,41.874,580.9,0.6387,22.545,0.0500,5.000,0,0,0.2209,24.574,,15.000,5,36,16.616,0.130,28.528,0.477,1.303,0.355,0.000,17.930,0.055,65.560
1766335697.456951,15.227,7,7,22.533,0.00000,0.041,0.392,41.874,580.4,0.6394,22.533,0.0500,5.000,0,0,0.2204,24.336,,15.000,6,36,16.666,0.173,30.426,0.470,1.319,0.351,0.000,17.827,0.059,67.451
1766335697.522381,15.001,7,7,22.537,0.00000,0.041,0.391,41.874,580.4,0.6390,22.537,0.0500,5.000,0,0,0.2208,24.578,,15.000,7,36,15.793,0.178,28.840,0.488,1.309,0.359,0.000,18.161,0.054,65.346
1766335697.588988,15.319,7,7,22.534,0.00000,0.041,0.391,41.874,580.9,0.6389,22.534,0.0500,5.000,0,0,0.2216,24.526,,15.000,8,36,15.658,0.134,30.532,0.481,1.311,0.348,0.000,17.863,0.055,66.541
1766335697.655490,15.033,7,7,22.530,0.00000,0.041,0.392,41.874,580.6,0.6388,22.530,0.0500,5.000,0,0,0.2209,24.488,,15.000,9,36,15.570,0.112,30.444,0.491,1.339,0.346,0.000,17.916,0.053,66.434
1766335697.720120,15.203,7,7,22.537,0.00000,0.041,0.391,35.238,580.7,0.6388,22.537,0.0500,5.000,0,0,0.2228,24.440,,15.000,10,36,14.845,0.140,29.514,0.495,1.316,0.447,0.000,17.595,0.052,64.562
1766335697.785074,15.133,7,7,22.535,0.00000,0.041,0.391,35.238,580.9,0.6389,22.535,0.0500,5.000,0,0,0.1721,18.547,,15.000,1,46,16.296,0.154,28.267,0.464,1.326,0.341,0.000,17.829,0.053,64.887
1766335697.851862,14.910,7,7,22.533,0.00000,0.041,0.390,35.238,580.8,0.6388,22.533,0.0500,5.000,0,0,0.1750,18.444,,15.000,2,46,18.403,0.186,27.775,0.482,1.314,0.344,0.000,17.989,0.058,66.711
1766335697.918176,15.324,7,7,22.534,0.00000,0.041,0.390,35.238,580.9,0.6394,22.534,0.0500,5.000,0,0,0.1737,18.608,,15.000,3,46,16.876,0.139,28.992,0.471,1.315,0.342,0.000,17.899,0.054,66.244
1766335697.988843,15.087,7,7,22.514,0.00000,0.041,0.392,35.238,580.3,0.6393,22.514,0.0500,5.000,0,0,0.1729,18.381,,15.000,4,46,16.843,0.127,33.186,0.466,1.330,0.346,0.000,18.067,0.057,70.591
1766335698.054536,15.159,7,7,22.546,0.00000,0.041,0.390,35.238,580.9,0.6393,22.546,0.0500,5.000,0,0,0.1741,18.483,,15.000,5,46,12.139,0.123,33.254,0.471,1.320,0.346,0.000,17.757,0.052,65.617
1766335698.122530,15.165,7,7,22.529,0.00000,0.041,0.390,35.238,580.7,0.6390,22.529,0.0500,5.000,0,0,0.1733,18.491,,15.000,6,46,12.390,0.162,35.091,0.463,1.299,0.343,0.000,17.954,0.056,67.922
1766335698.243163,7.636,7,7,22.531,0.00000,0.041,0.391,35.238,580.9,0.6395,22.531,0.0500,5.000,0,0,0.1745,18.558,,15.000,7,46,75.354,0.132,24.756,0.472,1.307,0.340,0.000,17.998,0.052,120.560
1766335698.311825,14.907,7,7,22.526,0.00000,0.041,0.389,35.238,580.9,0.6392,22.526,0.0500,5.000,0,0,0.1732,18.445,,15.000,8,46,21.784,0.220,26.190,0.495,1.306,0.395,0.000,17.953,0.057,68.564
1766335698.377106,15.293,7,7,22.537,0.00000,0.041,0.391,35.238,580.7,0.6386,22.537,0.0500,5.000,0,0,0.1700,18.515,,15.000,9,46,18.506,0.230,26.159,0.472,1.302,0.343,0.000,17.957,0.057,65.183
1766335698.443037,15.139,7,7,22.540,0.00000,0.042,0.390,30.185,581.4,0.6398,22.540,0.0500,5.000,0,0,0.1741,18.571,,15.000,10,46,19.285,0.144,26.478,0.463,1.297,0.434,0.000,17.531,0.054,65.837
1766335698.508607,15.107,7,7,22.527,0.00000,0.041,0.390,26.403,580.9,0.6391,22.527,0.0500,5.000,0,0,,,,,,,19.548,0.155,25.789,0.490,1.300,0.434,0.000,17.553,0.053,65.474
1766335698.575377,15.191,7,7,22.516,0.00000,0.041,0.392,23.596,580.4,0.6386,22.516,0.0500,5.000,0,0,,,,,,,19.813,0.117,26.613,0.486,1.308,0.468,0.000,17.662,0.051,66.676
1766335698.641854,15.121,7,7,22.533,0.00000,0.041,0.390,21.454,581.0,0.6391,22.533,0.0500,5.000,0,0,,,,,,,19.162,0.125,27.073,0.465,1.348,0.433,0.000,17.572,0.052,66.379
1766335698.707549,15.116,7,7,22.545,0.00000,0.041,0.391,19.843,580.7,0.6386,22.545,0.0500,5.000,0,0,,,,,,,18.750,0.108,26.607,0.458,1.307,0.434,0.000,17.637,0.052,65.504
1766335698.774789,15.041,7,7,22.530,0.00000,0.041,0.390,18.603,581.3,0.6399,22.530,0.0500,5.000,0,0,,,,,,,19.642,0.125,27.273,0.465,1.351,0.443,0.000,17.619,0.055,67.144
1766335698.840054,15.317,7,7,22.521,0.00000,0.041,0.391,17.741,580.5,0.6389,22.521,0.0500,5.000,0,0,,,,,,,17.684,0.152,27.213,0.500,1.363,0.439,0.000,17.606,0.057,65.173
1766335698.906068,15.134,7,7,22.547,0.00000,0.041,0.391,17.078,580.7,0.6381,22.547,0.0500,5.000,0,0,,,,,,,18.500,0.135,27.440,0.472,1.307,0.435,0.000,17.439,0.051,65.930
1766335698.972912,15.136,7,7,22.547,0.00000,0.041,0.392,16.530,580.8,0.6387,22.547,0.0500,5.000,0,0,,,,,,,18.567,0.196,28.152,0.456,1.316,0.432,0.000,17.438,0.049,66.766
1766335699.074550,10.017,7,7,22.540,0.00000,0.041,0.391,16.140,580.7,0.6383,22.540,0.0500,5.000,0,0,,,,,,,51.544,0.141,29.676,0.534,1.329,0.445,0.000,17.677,0.051,101.559
1766335699.139299,15.884,7,7,22.518,0.00000,0.041,0.394,15.867,580.6,0.6386,22.518,0.0500,5.000,0,0,,,,,,,12.869,0.168,31.688,0.478,1.336,0.443,0.000,17.473,0.052,64.678
1766335699.207562,14.909,7,7,22.532,0.00000,0.041,0.390,19.492,581.2,0.6263,22.532,0.0500,5.000,0,0,,,,,,,15.184,0.145,32.760,0.503,1.332,0.454,0.000,17.584,0.053,68.179
1766335699.269650,15.036,7,7,22.527,0.00000,0.042,0.390,18.467,581.0,0.6389,22.527,0.0500,5.000,0,0,,,,,,,13.429,0.151,27.816,0.481,1.315,0.436,0.000,18.160,0.055,62.007
1766335699.335217,15.155,7,7,22.511,0.00000,0.041,0.392,17.689,580.0,0.6391,22.511,0.0500,5.000,0,0,,,,,,,17.324,0.173,28.062,0.482,1.314,0.436,0.000,17.483,0.053,65.486
1766335699.403308,15.167,7,7,22.533,0.00000,0.041,0.391,17.035,581.0,0.6392,22.533,0.0500,5.000,0,0,,,,,,,17.705,0.229,30.104,0.489,1.342,0.452,0.000,17.470,0.062,68.024
1766335699.467451,15.176,7,7,22.531,0.00000,0.041,0.391,16.550,581.1,0.6391,22.531,0.0500,5.000,0,0,,,,,,,15.502,0.144,28.569,0.470,1.308,0.438,0.000,17.430,0.056,64.072
1766335699.533480,15.092,7,7,22.538,0.00000,0.041,0.391,16.130,580.5,0.6391,22.538,0.0500,5.000,0,0,,,,,,,17.612,0.131,28.429,0.479,1.304,0.436,0.000,17.343,0.055,65.947
1766335699.599996,15.126,7,7,22.526,0.00000,0.041,0.390,15.757,581.0,0.6388,22.526,0.0500,5.000,0,0,,,,,,,17.700,0.118,28.692,0.493,1.319,0.440,0.000,17.454,0.058,66.439
1766335699.665906,15.215,7,7,22.536,0.00000,0.041,0.390,15.531,581.2,0.6392,22.536,0.0500,5.000,0,0,,,,,,,16.909,0.135,28.888,0.465,1.313,0.434,0.000,17.479,0.052,65.830
1766335699.732531,15.080,7,7,22.520,0.00000,0.041,0.394,15.394,580.1,0.6384,22.520,0.0500,5.000,0,0,,,,,,,17.305,0.127,29.221,0.488,1.310,0.446,0.000,17.444,0.049,66.541
1766335699.799475,15.285,7,7,22.530,0.00000,0.041,0.391,15.211,580.6,0.6391,22.530,0.0500,5.000,0,0,,,,,,,16.078,0.130,30.778,0.479,1.308,0.443,0.000,17.412,0.053,66.844
1766335699.861561,15.114,7,7,22.527,0.00000,0.041,0.389,15.066,580.7,0.6390,22.527,0.0500,5.000,0,0,,,,,,,15.338,0.133,26.896,0.450,1.300,0.427,0.000,17.279,0.045,62.017
1766335699.939365,14.983,7,7,22.530,0.00000,0.041,0.391,14.943,580.8,0.6396,22.530,0.0500,5.000,0,0,,,,,,,19.974,0.121,37.003,0.505,1.615,0.577,0.000,17.689,0.058,77.713
1766335699.996421,15.555,7,7,22.533,0.00000,0.041,0.391,14.899,581.0,0.6386,22.533,0.0500,5.000,0,0,,,,,,,6.454,0.146,30.287,0.496,1.335,0.443,0.000,17.571,0.056,56.961
1766335700.064313,15.097,7,7,22.528,0.00000,0.041,0.391,14.818,580.7,0.6390,22.528,0.0500,5.000,0,0,,,,,,,15.639,0.105,31.956,0.525,1.319,0.445,0.000,17.588,0.056,67.800
1766335700.131767,14.989,7,7,22.545,0.00000,0.041,0.390,14.740,580.5,0.6388,22.545,0.0500,5.000,0,0,,,,,,,14.449,0.125,32.876,0.498,1.322,0.439,0.000,17.414,0.054,67.342
1766335700.201941,15.248,7,7,22.529,0.00000,0.041,0.389,14.674,580.8,0.6393,22.529,0.0500,5.000,0,0,,,,,,,12.548,0.318,34.797,0.527,1.344,0.448,0.000,19.823,0.063,70.039
1766335700.321522,7.569,7,7,22.547,0.00000,0.041,0.391,14.653,580.9,0.6396,22.547,0.0500,5.000,0,0,,,,,,,74.526,0.157,24.773,0.522,1.334,0.436,0.000,17.496,0.063,119.480
1766335700.387510,14.979,7,7,22.517,0.00000,0.041,0.389,14.621,580.9,0.6394,22.517,0.0500,5.000,0,0,,,,,,,21.692,0.173,23.951,0.493,1.314,0.452,0.000,17.595,0.055,65.884
1766335700.457310,15.048,7,7,22.529,0.00000,0.041,0.391,14.635,580.8,0.6389,22.529,0.0500,5.000,0,0,,,,,,,22.179,0.147,23.630,0.513,1.326,0.546,0.000,21.158,0.053,69.717
1766335700.536381,15.547,7,7,22.548,0.00000,0.041,0.391,14.621,581.3,0.6397,22.548,0.0500,5.000,0,0,,,,,,,16.682,0.190,41.382,0.546,1.360,0.486,0.000,18.096,0.056,78.973
1766335700.588117,15.203,7,7,22.534,0.00000,0.042,0.392,14.612,580.7,0.6386,22.534,0.0500,5.000,0,0,,,,,,,3.397,0.195,26.315,0.603,1.392,0.453,0.000,19.060,0.058,51.645
1766335700.652005,14.924,7,7,22.543,0.00000,0.041,0.394,14.684,580.6,0.6380,22.543,0.0500,5.000,0,0,,,,,,,18.657,0.180,24.687,0.532,1.365,0.469,0.000,17.676,0.058,63.786
1766335700.718340,15.197,7,7,22.532,0.00000,0.041,0.392,14.670,581.1,0.6395,22.532,0.0500,5.000,0,0,,,,,,,20.586,0.153,24.378,0.545,1.380,0.455,0.000,18.520,0.062,66.245
1766335700.783768,14.897,7,7,22.566,0.00000,0.041,0.392,14.662,581.4,0.6393,22.566,0.0500,5.000,0,0,,,,,,,21.383,0.118,23.803,0.500,1.329,0.441,0.000,17.550,0.056,65.340
1766335700.850894,15.124,7,7,22.533,0.00000,0.041,0.391,14.659,580.9,0.6389,22.533,0.0500,5.000,0,0,,,,,,,22.077,0.199,24.621,0.526,1.340,0.445,0.000,17.612,0.058,67.039
1766335700.917586,15.166,7,7,22.514,0.00000,0.041,0.390,14.623,580.7,0.6387,22.514,0.0500,5.000,0,0,,,,,,,20.890,0.121,25.370,0.533,1.358,0.446,0.000,17.649,0.066,66.606
1766335700.982428,15.227,7,7,22.534,0.00000,0.041,0.390,14.586,581.0,0.6393,22.534,0.0500,5.000,0,0,,,,,,,19.871,0.142,24.607,0.509,1.358,0.446,0.000,17.602,0.061,64.756
1766335701.047908,15.181,7,7,22.523,0.00000,0.041,0.391,14.565,581.0,0.6395,22.523,0.0500,5.000,0,0,,,,,,,20.888,0.172,24.298,0.529,1.319,0.463,0.000,17.497,0.052,65.383
1766335701.117580,15.266,7,7,22.522,0.00000,0.041,0.391,14.589,580.9,0.6391,22.522,0.0500,5.000,0,0,,,,,,,20.909,0.137,27.969,0.535,1.345,0.454,0.000,17.989,0.059,69.572
1766335701.181850,15.485,7,7,22.521,0.00000,0.041,0.391,14.519,580.9,0.6391,22.521,0.0500,5.000,0,0,,,,,,,15.835,0.161,27.505,0.534,1.357,0.456,0.000,18.110,0.059,64.191
1766335701.248551,14.936,7,7,22.538,0.00000,0.041,0.391,14.517,581.3,0.6389,22.538,0.0500,5.000,0,0,,,,,,,18.508,0.164,27.908,0.493,1.342,0.450,0.000,17.532,0.056,66.615
1766335701.312770,15.357,7,7,22.542,0.00000,0.041,0.391,14.523,581.2,0.6391,22.542,0.0500,5.000,0,0,,,,,,,16.919,0.110,27.108,0.521,1.338,0.441,0.000,17.468,0.051,64.131
1766335701.381742,15.009,7,7,22.544,0.00000,0.041,0.390,14.506,581.5,0.6394,22.544,0.0500,5.000,0,0,,,,,,,19.324,0.138,29.455,0.489,1.304,0.439,0.000,17.516,0.054,68.880
1766335701.447037,14.957,7,7,22.530,0.00000,0.041,0.391,14.502,580.8,0.6383,22.530,0.0500,5.000,0,0,,,,,,,17.215,0.160,27.923,0.487,1.301,0.437,0.000,17.475,0.055,65.207
1766335701.513581,15.363,7,7,22.524,0.00000,0.041,0.391,14.484,580.8,0.6397,22.524,0.0500,5.000,0,0,,,,,,,17.013,0.148,29.328,0.509,1.330,0.451,0.000,17.450,0.062,66.457
1766335701.585852,15.230,7,7,22.509,0.00000,0.041,0.389,14.454,580.7,0.6388,22.509,0.0500,5.000,0,0,,,,,,,16.136,0.184,35.867,0.535,1.341,0.450,0.000,17.453,0.057,72.195
1766335701.646873,14.932,7,7,22.531,0.00000,0.041,0.391,14.500,580.8,0.6389,22.531,0.0500,5.000,0,0,,,,,,,10.827,0.226,29.793,0.516,1.338,0.460,0.000,17.556,0.054,60.935
1766335701.714004,15.142,7,7,22.516,0.00000,0.041,0.392,14.568,580.7,0.6388,22.516,0.0500,5.000,0,0,,,,,,,15.847,0.149,30.931,0.541,1.334,0.461,0.000,17.560,0.055,67.044
1766335701.778704,15.233,7,7,22.548,0.00000,0.041,0.392,14.620,581.1,0.6386,22.548,0.0500,5.000,0,0,,,,,,,14.358,0.119,29.902,0.697,1.329,0.451,0.000,17.549,0.048,64.610
1766335701.844248,15.237,7,7,22.538,0.00000,0.041,0.391,14.611,580.4,0.6392,22.538,0.0500,5.000,0,0,,,,,,,15.283,0.136,30.167,0.621,1.455,0.475,0.000,17.099,0.054,65.449
1766335701.910007,15.091,7,7,22.540,0.00000,0.041,0.394,14.640,580.7,0.6386,22.540,0.0500,5.000,0,0,,,,,,,16.020,0.146,29.416,0.489,1.341,0.457,0.000,17.586,0.058,65.680
1766335701.976297,15.126,7,7,22.524,0.00000,0.041,0.389,14.583,580.9,0.6396,22.524,0.0500,5.000,0,0,,,,,,,16.354,0.150,30.025,0.494,1.312,0.447,0.000,17.201,0.049,66.193
1766335702.041661,15.147,7,7,22.539,0.00000,0.041,0.392,14.599,581.4,0.6394,22.539,0.0500,5.000,0,0,,,,,,,16.085,0.181,29.151,0.506,1.333,0.439,0.000,17.363,0.053,65.268
1766335702.106843,15.240,7,7,22.540,0.00000,0.041,0.390,14.606,580.8,0.6390,22.540,0.0500,5.000,0,0,,,,,,,16.357,0.124,28.338,0.532,1.337,0.451,0.000,17.724,0.062,65.106
1766335702.174846,15.058,7,7,22.517,0.00000,0.041,0.393,14.640,580.4,0.6388,22.517,0.0500,5.000,0,0,,,,,,,17.574,0.175,30.102,0.539,1.309,0.446,0.000,17.545,0.056,67.914
1766335702.239966,14.945,7,7,22.530,0.00000,0.041,0.390,14.608,580.7,0.6389,22.530,0.0500,5.000,0,0,,,,,,,16.479,0.256,28.523,0.490,1.305,0.435,0.000,17.329,0.054,65.027
1766335702.305056,15.252,7,7,22.525,0.00000,0.041,0.394,14.647,580.5,0.6388,22.525,0.0500,5.000,0,0,,,,,,,16.938,0.145,27.968,0.497,1.306,0.439,0.000,17.493,0.062,65.013
1766335702.371358,15.120,7,7,22.539,0.00000,0.042,0.391,14.644,581.2,0.6389,22.539,0.0500,5.000,0,0,,,,,,,17.976,0.156,28.233,0.521,1.317,0.437,0.000,17.351,0.059,66.215
1766335702.437735,15.100,7,7,22.534,0.00000,0.041,0.394,14.653,580.4,0.6390,22.534,0.0500,5.000,0,0,,,,,,,17.905,0.125,28.991,0.515,1.304,0.450,0.000,16.785,0.057,66.292
1766335702.506159,15.099,7,7,22.524,0.00000,0.041,0.390,14.603,580.9,0.6400,22.524,0.0500,5.000,0,0,,,,,,,17.751,0.281,30.296,0.495,1.327,0.451,0.000,17.516,0.055,68.333
1766335702.570120,15.215,7,7,22.544,0.00000,0.041,0.390,14.561,581.1,0.6396,22.544,0.0500,5.000,0,0,,,,,,,15.048,0.144,28.506,0.527,1.343,0.447,0.000,17.623,0.062,63.867
1766335702.633485,15.202,7,7,22.534,0.00000,0.042,0.390,14.559,580.9,0.6392,22.534,0.0500,5.000,0,0,,,,,,,16.875,0.229,26.194,0.505,1.319,0.435,0.000,17.497,0.063,63.278
1766335702.699485,15.229,7,7,22.532,0.00000,0.041,0.390,14.516,580.9,0.6396,22.532,0.0500,5.000,0,0,,,,,,,19.158,0.119,26.631,0.481,1.302,0.435,0.000,17.534,0.060,65.896
1766335702.768834,15.159,7,7,22.519,0.00000,0.041,0.392,14.534,580.7,0.6389,22.519,0.0500,5.000,0,0,,,,,,,19.023,0.140,29.886,0.514,1.331,0.449,0.000,17.577,0.057,69.142
1766335702.840635,15.019,7,7,22.535,0.00000,0.041,0.392,14.554,580.9,0.6392,22.535,0.0500,5.000,0,0,,,,,,,16.372,0.118,34.978,0.491,1.319,0.445,0.000,17.763,0.054,71.710
1766335702.904382,15.171,7,7,22.538,0.00000,0.041,0.393,14.590,580.5,0.6388,22.538,0.0500,5.000,0,0,,,,,,,10.479,0.126,32.922,0.502,1.329,0.449,0.000,17.629,0.057,63.653
1766335702.972129,15.196,7,7,22.530,0.00000,0.041,0.392,14.619,580.5,0.6388,22.530,0.0500,5.000,0,0,,,,,,,12.543,0.141,35.100,0.502,1.304,0.440,0.000,17.411,0.057,67.657
1766335703.059969,10.072,7,7,22.545,0.00000,0.042,0.393,14.628,581.1,0.6385,22.545,0.0500,5.000,0,0,,,,,,,44.070,0.229,23.287,0.504,1.338,0.455,0.000,17.633,0.056,87.742
1766335703.128226,15.113,7,7,22.518,0.00000,0.041,0.392,14.652,580.7,0.6390,22.518,0.0500,5.000,0,0,,,,,,,22.376,0.135,25.372,0.511,1.329,0.438,0.000,17.759,0.055,68.133
1766335703.214889,15.181,7,7,22.543,0.00000,0.041,0.392,14.662,581.3,0.6395,22.543,0.0500,5.000,0,0,,,,,,,20.008,0.292,44.873,0.572,1.494,0.512,0.000,18.575,0.059,86.562
1766335703.293159,10.140,7,7,22.544,0.00000,0.041,0.393,14.651,581.4,0.6389,22.544,0.0500,5.000,0,0,,,,,,,31.974,0.124,26.075,0.481,1.312,0.431,0.000,17.553,0.054,78.174
1766335703.358958,15.037,7,7,22.540,0.00000,0.042,0.391,14.646,581.1,0.6390,22.540,0.0500,5.000,0,0,,,,,,,20.205,0.130,25.868,0.483,1.323,0.433,0.000,17.018,0.062,65.698
1766335703.427289,14.994,7,7,22.525,0.00000,0.041,0.392,14.631,580.6,0.6381,22.525,0.0500,5.000,0,0,,,,,,,21.075,0.134,26.880,0.515,1.329,0.452,0.000,17.579,0.078,68.209
1766335703.492279,15.346,7,7,22.515,0.00000,0.041,0.391,14.601,580.1,0.6383,22.515,0.0500,5.000,0,0,,,,,,,17.935,0.152,26.734,0.491,1.306,0.486,0.000,17.555,0.063,64.892
1766335703.558535,15.145,7,7,22.552,0.00000,0.041,0.392,14.578,581.4,0.6389,22.552,0.0500,5.000,0,0,,,,,,,18.973,0.188,26.813,0.502,1.302,0.448,0.000,17.718,0.053,66.156
1766335703.624623,15.296,7,7,22.527,0.00000,0.041,0.389,14.537,581.2,0.6391,22.527,0.0500,5.000,0,0,,,,,,,18.098,0.128,27.700,0.492,1.308,0.442,0.000,17.584,0.056,65.994
1766335703.692714,14.946,7,7,22.530,0.00000,0.041,0.392,14.568,580.7,0.6391,22.530,0.0500,5.000,0,0,,,,,,,18.919,0.153,28.752,0.519,1.320,0.447,0.000,17.655,0.062,67.998
1766335703.757357,15.538,7,7,22.520,0.00000,0.041,0.391,14.552,580.8,0.6388,22.520,0.0500,5.000,0,0,,,,,,,15.172,0.154,28.920,0.523,1.328,0.447,0.000,17.740,0.059,64.540
1766335703.822464,15.065,7,7,22.534,0.00000,0.041,0.393,14.576,580.9,0.6383,22.534,0.0500,5.000,0,0,,,,,,,16.906,0.287,27.776,0.492,1.329,0.440,0.000,17.543,0.062,65.001
1766335703.890363,15.034,7,7,22.516,0.00000,0.041,0.392,14.631,580.7,0.6391,22.516,0.0500,5.000,0,0,,,,,,,18.335,0.117,29.217,0.512,1.320,0.454,0.000,17.635,0.056,67.809
1766335703.955241,15.251,7,7,22.522,0.00000,0.041,0.395,14.679,580.6,0.6388,22.522,0.0500,5.000,0,0,,,,,,,15.980,0.149,28.571,0.529,1.326,0.442,0.000,17.541,0.056,64.764
1766335704.021776,15.075,7,7,22.530,0.00000,0.041,0.391,14.676,581.1,0.6385,22.530,0.0500,5.000,0,0,,,,,,,17.447,0.143,28.875,0.496,1.311,0.444,0.000,17.498,0.053,66.432
1766335704.087428,15.242,7,7,22.512,0.00000,0.041,0.394,14.709,580.3,0.6384,22.512,0.0500,5.000,0,0,,,,,,,16.539,0.160,28.866,0.475,1.306,0.447,0.000,17.551,0.053,65.561
1766335704.153402,15.085,7,7,22.549,0.00000,0.041,0.392,14.665,581.3,0.6396,22.549,0.0500,5.000,0,0,,,,,,,17.188,0.152,28.972,0.505,1.312,0.439,0.000,17.105,0.059,65.900
1766335704.219070,15.091,7,7,22.535,0.00000,0.041,0.392,14.647,581.1,0.6389,22.535,0.0500,5.000,0,0,,,,,,,17.476,0.129,28.006,0.490,1.302,0.433,0.000,17.536,0.054,65.590
1766335704.322735,15.305,7,7,22.526,0.00000,0.041,0.390,14.618,580.3,0.6388,22.526,0.0500,5.000,0,0,,,,,,,17.152,0.140,53.439,0.548,1.351,0.454,0.000,30.295,0.046,103.592
1766335704.387037,10.128,7,7,22.537,0.00000,0.041,0.391,14.616,580.8,0.6391,22.537,0.0500,5.000,0,0,,,,,,,12.205,0.132,30.450,0.545,1.325,0.450,0.000,18.876,0.056,64.207
1766335704.452367,14.812,7,7,22.514,0.00000,0.041,0.394,14.671,580.4,0.6382,22.514,0.0500,5.000,0,0,,,,,,,15.417,0.370,29.307,0.526,1.342,0.454,0.000,17.596,0.060,65.238
1766335704.518393,14.999,7,7,22.524,0.00000,0.041,0.392,14.673,580.4,0.6397,22.524,0.0500,5.000,0,0,,,,,,,16.775,0.140,28.973,0.547,1.346,0.449,0.000,17.497,0.056,65.953
1766335704.587369,15.239,7,7,22.521,0.00000,0.041,0.391,14.620,580.6,0.6389,22.521,0.0500,5.000,0,0,,,,,,,16.366,0.157,32.184,0.524,1.317,0.450,0.000,17.671,0.056,68.900
1766335704.648312,15.136,7,7,22.535,0.00000,0.041,0.392,14.589,580.9,0.6386,22.535,0.0500,5.000,0,0,,,,,,,13.437,0.135,27.032,0.521,1.384,0.452,0.000,17.659,0.061,60.846
1766335704.746093,10.198,7,7,22.530,0.00000,0.041,0.390,14.562,580.7,0.6396,22.530,0.0500,5.000,0,0,,,,,,,50.555,0.121,26.845,0.505,1.303,0.438,0.000,17.707,0.054,97.687
1766335704.816065,15.075,7,7,22.519,0.00000,0.041,0.393,14.590,580.5,0.6390,22.519,0.0500,5.000,0,0,,,,,,,19.104,0.129,29.549,0.487,1.314,0.455,0.000,18.617,0.058,69.875
1766335704.882491,15.186,7,7,22.527,0.00000,0.041,0.393,14.649,580.4,0.6388,22.527,0.0500,5.000,0,0,,,,,,,14.989,0.099,31.006,0.504,1.351,0.440,0.000,17.721,0.063,66.333
1766335704.950651,15.119,7,7,22.532,0.00000,0.041,0.392,14.633,581.0,0.6386,22.532,0.0500,5.000,0,0,,,,,,,14.712,0.125,33.290,0.484,1.311,0.438,0.000,17.508,0.054,68.079
1766335705.017981,15.161,7,7,22.521,0.00000,0.041,0.392,14.646,580.4,0.6384,22.521,0.0500,5.000,0,0,,,,,,,12.529,0.160,34.376,0.531,1.338,0.455,0.000,17.645,0.058,67.258
1766335705.141888,7.652,7,7,22.528,0.00000,0.041,0.390,14.612,581.7,0.6393,22.528,0.0500,5.000,0,0,,,,,,,75.886,0.179,27.545,0.527,1.324,0.447,0.000,17.714,0.053,123.842
1766335705.208831,14.927,7,7,22.533,0.00000,0.041,0.391,14.625,580.9,0.6391,22.533,0.0500,5.000,0,0,,,,,,,18.938,0.174,27.644,0.495,1.310,0.453,0.000,17.609,0.057,66.844
1766335705.275152,14.962,7,7,22.521,0.00000,0.041,0.394,14.669,580.9,0.6389,22.521,0.0500,5.000,0,0,,,,,,,18.849,0.135,27.336,0.476,1.331,0.449,0.000,17.429,0.059,66.239
1766335705.340223,15.221,7,7,22.531,0.00000,0.041,0.390,14.618,581.5,0.6401,22.531,0.0500,5.000,0,0,,,,,,,18.224,0.122,26.322,0.519,1.313,0.440,0.000,17.828,0.057,64.986
1766335705.405891,15.192,7,7,22.535,0.00000,0.041,0.394,14.675,580.9,0.6385,22.535,0.0500,5.000,0,0,,,,,,,18.970,0.125,26.470,0.489,1.301,0.433,0.000,17.584,0.054,65.579
1766335705.471328,15.230,7,7,22.532,0.00000,0.041,0.390,14.669,581.0,0.6395,22.532,0.0500,5.000,0,0,,,,,,,18.953,0.117,26.327,0.487,1.324,0.436,0.000,17.492,0.053,65.345
1766335705.538107,15.118,7,7,22.524,0.00000,0.041,0.391,14.660,580.9,0.6388,22.524,0.0500,5.000,0,0,,,,,,,19.681,0.140,26.940,0.481,1.304,0.435,0.000,17.505,0.054,66.699
1766335705.603946,15.143,7,7,22.520,0.00000,0.041,0.390,14.588,581.0,0.6388,22.520,0.0500,5.000,0,0,,,,,,,18.901,0.126,26.691,0.478,1.297,0.432,0.000,17.593,0.055,65.735
1766335705.670801,15.143,7,7,22.535,0.00000,0.041,0.391,14.616,581.3,0.6390,22.535,0.0500,5.000,0,0,,,,,,,19.137,0.130,27.585,0.495,1.306,0.437,0.000,17.474,0.058,66.780
1766335705.736960,15.005,7,7,22.536,0.00000,0.041,0.392,14.610,581.0,0.6390,22.536,0.0500,5.000,0,0,,,,,,,18.932,0.129,27.147,0.499,1.298,0.440,0.000,17.425,0.061,66.090
1766335705.803945,15.241,7,7,22.541,0.00000,0.041,0.392,14.620,580.6,0.6385,22.541,0.0500,5.000,0,0,,,,,,,18.393,0.110,28.329,0.505,1.311,0.432,0.000,17.632,0.052,66.921
1766335705.869083,15.143,7,7,22.523,0.00000,0.041,0.394,14.655,580.5,0.6391,22.523,0.0500,5.000,0,0,,,,,,,17.440,0.118,27.394,0.488,1.333,0.437,0.000,17.636,0.060,65.069
1766335705.935914,15.172,7,7,22.533,0.00000,0.041,0.393,14.679,581.0,0.6384,22.533,0.0500,5.000,0,0,,,,,,,18.205,0.347,28.197,0.498,1.318,0.436,0.000,17.547,0.056,66.754
1766335706.000821,15.116,7,7,22.524,0.00000,0.041,0.390,14.603,581.1,0.6399,22.524,0.0500,5.000,0,0,,,,,,,17.540,0.137,27.082,0.487,1.321,0.448,0.000,17.610,0.055,64.841
1766335706.067850,15.205,7,7,22.539,0.00000,0.042,0.391,14.611,581.1,0.6393,22.539,0.0500,5.000,0,0,,,,,,,18.396,0.112,28.474,0.495,1.328,0.437,0.000,17.487,0.057,66.949
1766335706.132271,15.301,7,7,22.529,0.00000,0.041,0.391,14.602,581.0,0.6388,22.529,0.0500,5.000,0,0,,,,,,,16.732,0.108,27.369,0.475,1.308,0.435,0.000,17.722,0.054,64.358
1766335706.203743,14.972,7,7,22.532,0.00000,0.041,0.390,14.572,580.9,0.6392,22.532,0.0500,5.000,0,0,,,,,,,19.084,0.163,32.106,0.502,1.328,0.466,0.000,17.532,0.058,71.396
1766335706.265768,15.152,7,7,22.525,0.00000,0.041,0.391,14.557,580.7,0.6392,22.525,0.0500,5.000,0,0,,,,,,,13.625,0.140,28.231,0.473,1.322,0.436,0.000,17.513,0.053,61.953
1766335706.332750,15.057,7,7,22.529,0.00000,0.041,0.391,14.550,581.0,0.6395,22.529,0.0500,5.000,0,0,,,,,,,18.009,0.122,28.772,0.487,1.321,0.440,0.000,17.550,0.050,66.907
1766335706.397625,15.241,7,7,22.518,0.00000,0.041,0.391,14.527,581.0,0.6391,22.518,0.0500,5.000,0,0,,,,,,,16.612,0.130,27.982,0.471,1.334,0.435,0.000,17.599,0.054,64.779
1766335706.463285,15.072,7,7,22.519,0.00000,0.041,0.390,14.511,580.7,0.6392,22.519,0.0500,5.000,0,0,,,,,,,18.106,0.112,27.232,0.479,1.341,0.437,0.000,17.645,0.061,65.579
1766335706.530444,15.148,7,7,22.526,0.00000,0.041,0.394,14.546,580.3,0.6385,22.526,0.0500,5.000,0,0,,,,,,,18.443,0.118,28.420,0.508,1.313,0.439,0.000,17.606,0.052,67.063
1766335706.597461,15.154,7,7,22.528,0.00000,0.041,0.391,14.574,580.6,0.6389,22.528,0.0500,5.000,0,0,,,,,,,17.284,0.189,29.318,0.506,1.320,0.456,0.000,17.633,0.052,66.933
1766335706.662548,15.040,7,7,22.533,0.00000,0.041,0.391,14.552,580.7,0.6390,22.533,0.0500,5.000,0,0,,,,,,,16.758,0.119,28.171,0.467,1.312,0.435,0.000,17.529,0.059,65.004
1766335706.728207,15.262,7,7,22.528,0.00000,0.041,0.392,14.595,580.4,0.6387,22.528,0.0500,5.000,0,0,,,,,,,17.207,0.116,28.094,0.539,1.328,0.442,0.000,17.630,0.055,65.577
1766335706.792852,15.168,7,7,22.509,0.00000,0.041,0.392,14.639,580.0,0.6386,22.509,0.0500,5.000,0,0,,,,,,,17.466,0.163,26.981,0.458,1.305,0.433,0.000,17.559,0.051,64.563
1766335706.861126,15.116,7,7,22.543,0.00000,0.041,0.391,14.607,580.4,0.6389,22.543,0.0500,5.000,0,0,,,,,,,18.968,0.113,29.168,0.483,1.340,0.441,0.000,17.444,0.055,68.177
1766335706.930393,15.119,7,7,22.532,0.00000,0.041,0.392,14.615,580.3,0.6386,22.532,0.0500,5.000,0,0,,,,,,,16.734,0.357,32.085,0.474,1.323,0.442,0.000,17.450,0.054,69.073
1766335706.997736,15.127,7,7,22.525,0.00000,0.041,0.392,14.608,580.6,0.6390,22.525,0.0500,5.000,0,0,,,,,,,13.686,0.293,33.483,0.490,1.307,0.435,0.000,17.363,0.050,67.258
1766335707.076991,15.626,7,7,22.540,0.00000,0.041,0.390,14.587,581.1,0.6389,22.540,0.0500,5.000,0,0,,,,,,,10.337,0.136,48.484,0.530,1.342,0.459,0.000,17.666,0.047,79.169
1766335707.219958,6.052,7,7,22.520,0.00000,0.041,0.393,14.627,580.4,0.6388,22.520,0.0500,5.000,0,0,,,,,,,96.314,0.146,26.164,0.515,1.341,0.444,0.000,17.734,0.058,142.881
1766335707.284165,15.129,7,7,22.521,0.00000,0.041,0.392,14.574,580.9,0.6386,22.521,0.0500,5.000,0,0,,,,,,,19.444,0.129,24.684,0.538,1.358,0.457,0.000,17.286,0.060,64.119
1766335707.353749,14.931,7,7,22.547,0.00000,0.042,0.390,14.566,581.0,0.6385,22.547,0.0500,5.000,0,0,,,,,,,22.220,0.159,27.007,0.522,1.327,0.455,0.000,17.591,0.061,69.506
1766335707.418764,15.278,7,7,22.545,0.00000,0.041,0.393,14.537,580.8,0.6388,22.545,0.0500,5.000,0,0,,,,,,,18.095,0.112,26.585,0.517,1.316,0.437,0.000,17.663,0.058,64.943
1766335707.485493,15.135,7,7,22.514,0.00000,0.041,0.391,14.567,580.8,0.6392,22.514,0.0500,5.000,0,0,,,,,,,19.153,0.156,27.387,0.497,1.309,0.436,0.000,17.496,0.059,66.655
1766335707.550074,15.106,7,7,22.540,0.00000,0.041,0.394,14.631,580.8,0.6382,22.540,0.0500,5.000,0,0,,,,,,,18.623,0.187,25.807,0.493,1.308,0.439,0.000,17.432,0.059,64.508
1766335707.616588,15.187,7,7,22.539,0.00000,0.041,0.391,14.635,581.1,0.6390,22.539,0.0500,5.000,0,0,,,,,,,19.870,0.119,26.254,0.483,1.320,0.433,0.000,17.737,0.056,66.425
1766335707.684564,15.145,7,7,22.533,0.00000,0.041,0.391,14.629,581.1,0.6390,22.533,0.0500,5.000,0,0,,,,,,,19.377,0.119,28.296,0.496,1.325,0.444,0.000,17.594,0.055,67.874
1766335707.750811,15.153,7,7,22.527,0.00000,0.041,0.392,14.606,580.6,0.6381,22.527,0.0500,5.000,0,0,,,,,,,17.420,0.128,28.667,0.485,1.311,0.443,0.000,17.517,0.055,66.182
1766335707.816231,15.054,7,7,22.527,0.00000,0.041,0.392,14.660,580.2,0.6381,22.527,0.0500,5.000,0,0,,,,,,,17.585,0.131,27.675,0.470,1.324,0.433,0.000,17.509,0.053,65.339
1766335707.882321,15.292,7,7,22.538,0.00000,0.041,0.394,14.661,580.5,0.6381,22.538,0.0500,5.000,0,0,,,,,,,17.553,0.126,28.425,0.473,1.316,0.437,0.000,17.453,0.055,66.002
1766335707.947083,15.032,7,7,22.537,0.00000,0.041,0.393,14.681,580.7,0.6385,22.537,0.0500,5.000,0,0,,,,,,,17.976,0.107,26.660,0.500,1.361,0.440,0.000,17.402,0.056,64.662
1766335708.011964,15.378,7,7,22.516,0.00000,0.041,0.393,14.744,580.8,0.6384,22.516,0.0500,5.000,0,0,,,,,,,18.247,0.129,26.508,0.473,1.325,0.435,0.000,17.464,0.053,64.787
1766335708.079358,14.955,7,7,22.544,0.00000,0.041,0.390,14.703,581.4,0.6388,22.544,0.0500,5.000,0,0,,,,,,,20.218,0.137,26.908,0.472,1.302,0.431,0.000,17.575,0.083,67.287
1766335708.148961,15.237,7,7,22.527,0.00000,0.041,0.391,14.666,580.9,0.6384,22.527,0.0500,5.000,0,0,,,,,,,18.487,0.159,30.774,0.560,1.356,0.450,0.000,17.515,0.056,69.528
1766335708.214149,15.504,7,7,22.535,0.00000,0.041,0.392,14.613,581.6,0.6396,22.535,0.0500,5.000,0,0,,,,,,,10.842,0.341,31.148,0.519,1.322,0.450,0.000,17.714,0.062,62.572
1766335708.282303,14.720,7,7,22.523,0.00000,0.041,0.393,14.652,580.6,0.6388,22.523,0.0500,5.000,0,0,,,,,,,16.112,0.170,31.670,0.478,1.308,0.438,0.000,17.659,0.061,68.060
1766335708.347654,15.147,7,7,22.507,0.00000,0.041,0.393,14.658,580.4,0.6389,22.507,0.0500,5.000,0,0,,,,,,,13.979,0.148,30.985,0.513,1.320,0.436,0.000,17.636,0.078,65.259
1766335708.414288,15.163,7,7,22.532,0.00000,0.041,0.391,14.655,581.2,0.6391,22.532,0.0500,5.000,0,0,,,,,,,14.574,0.155,31.754,0.511,1.314,0.442,0.000,17.566,0.054,66.536
1766335708.480732,15.273,7,7,22.518,0.00000,0.041,0.390,14.632,580.9,0.6396,22.518,0.0500,5.000,0,0,,,,,,,13.417,0.344,32.223,0.499,1.317,0.454,0.000,17.855,0.063,66.348
1766335708.547112,15.004,7,7,22.534,0.00000,0.041,0.391,14.617,581.0,0.6396,22.534,0.0500,5.000,0,0,,,,,,,13.624,0.145,32.498,0.512,1.329,0.439,0.000,17.515,0.063,66.285
1766335708.610567,15.087,7,7,22.518,0.00000,0.041,0.393,14.665,580.4,0.6382,22.518,0.0500,5.000,0,0,,,,,,,13.526,0.102,29.794,0.458,1.302,0.463,0.000,17.497,0.059,63.361
1766335708.676525,15.067,7,7,22.516,0.00000,0.041,0.393,14.679,580.3,0.6386,22.516,0.0500,5.000,0,0,,,,,,,16.464,0.120,29.309,0.506,1.341,0.444,0.000,17.471,0.065,65.884
1766335708.743598,14.988,7,7,22.519,0.00000,0.041,0.394,14.700,580.5,0.6384,22.519,0.0500,5.000,0,0,,,,,,,17.217,0.117,29.571,0.479,1.305,0.446,0.000,17.626,0.064,66.986
1766335708.806237,15.356,7,7,22.539,0.00000,0.041,0.391,14.687,581.0,0.6390,22.539,0.0500,5.000,0,0,,,,,,,15.259,0.136,27.179,0.477,1.316,0.435,0.000,17.526,0.063,62.548
1766335708.872118,15.078,7,7,22.507,0.00000,0.041,0.393,14.658,580.6,0.6394,22.507,0.0500,5.000,0,0,,,,,,,18.955,0.137,26.730,0.473,1.303,0.432,0.000,17.560,0.060,65.803
1766335708.940732,15.420,7,7,22.512,0.00000,0.041,0.394,14.668,580.6,0.6388,22.512,0.0500,5.000,0,0,,,,,,,17.931,0.106,30.413,0.519,1.328,0.460,0.000,17.561,0.060,68.540
1766335709.010461,14.871,7,7,22.532,0.00000,0.041,0.393,14.687,580.6,0.6392,22.532,0.0500,5.000,0,0,,,,,,,16.548,0.116,32.911,0.465,1.336,0.440,0.000,17.595,0.060,69.638
1766335709.076785,15.181,7,7,22.513,0.00000,0.041,0.392,14.718,580.1,0.6392,22.513,0.0500,5.000,0,0,,,,,,,12.684,0.156,33.336,0.514,1.333,0.462,0.000,17.537,0.053,66.230
1766335709.145437,15.263,7,7,22.512,0.00000,0.041,0.392,14.686,580.6,0.6387,22.512,0.0500,5.000,0,0,,,,,,,11.900,0.243,36.427,0.474,1.316,0.440,0.000,17.536,0.067,68.574
1766335709.266680,7.612,7,7,22.547,0.00000,0.041,0.391,14.683,581.1,0.6390,22.547,0.0500,5.000,0,0,,,,,,,74.601,0.178,26.061,0.486,1.322,0.437,0.000,17.847,0.059,121.145
1766335709.331090,15.035,7,7,22.526,0.00000,0.041,0.391,14.628,581.3,0.6397,22.526,0.0500,5.000,0,0,,,,,,,19.885,0.145,24.132,0.485,1.311,0.449,0.000,17.698,0.063,64.324
1766335709.399311,15.046,7,7,22.518,0.00000,0.041,0.391,14.591,580.7,0.6396,22.518,0.0500,5.000,0,0,,,,,,,21.900,0.125,26.270,0.483,1.303,0.437,0.000,17.352,0.062,68.098
1766335709.466489,15.236,7,7,22.507,0.00000,0.041,0.390,14.573,580.7,0.6395,22.507,0.0500,5.000,0,0,,,,,,,19.311,0.157,27.593,0.486,1.308,0.440,0.000,17.430,0.177,67.057
1766335709.529967,15.387,7,7,22.552,0.00000,0.041,0.391,14.544,581.1,0.6389,22.552,0.0500,5.000,0,0,,,,,,,17.074,0.118,26.198,0.475,1.310,0.430,0.000,17.493,0.060,63.310
1766335709.596928,14.966,7,7,22.513,0.00000,0.041,0.392,14.588,580.7,0.6387,22.513,0.0500,5.000,0,0,,,,,,,20.504,0.184,26.231,0.468,1.296,0.432,0.000,17.554,0.057,66.881
1766335709.664483,14.990,7,7,22.528,0.00000,0.041,0.392,14.625,580.9,0.6388,22.528,0.0500,5.000,0,0,,,,,,,20.231,0.339,26.977,0.485,1.318,0.441,0.000,17.444,0.062,67.451
1766335709.729905,15.494,7,7,22.530,0.00000,0.041,0.390,14.602,581.1,0.6393,22.530,0.0500,5.000,0,0,,,,,,,17.241,0.117,27.831,0.484,1.324,0.439,0.000,17.663,0.069,65.334
1766335709.794482,15.226,7,7,22.526,0.00000,0.041,0.393,14.646,580.8,0.6381,22.526,0.0500,5.000,0,0,,,,,,,17.493,0.116,26.786,0.477,1.301,0.437,0.000,17.672,0.059,64.493
1766335709.860786,15.314,7,7,22.529,0.00000,0.041,0.391,14.602,581.0,0.6396,22.529,0.0500,5.000,0,0,,,,,,,18.220,0.112,27.857,0.490,1.291,0.432,0.000,17.616,0.054,66.223
1766335709.926225,15.077,7,7,22.526,0.00000,0.041,0.390,14.596,580.9,0.6390,22.526,0.0500,5.000,0,0,,,,,,,18.222,0.110,26.889,0.488,1.309,0.431,0.000,17.673,0.060,65.336
1766335709.992575,15.120,7,7,22.526,0.00000,0.041,0.392,14.594,580.8,0.6388,22.526,0.0500,5.000,0,0,,,,,,,18.921,0.126,27.302,0.520,1.304,0.436,0.000,17.419,0.062,66.249
1766335710.060192,15.183,7,7,22.537,0.00000,0.041,0.392,14.586,580.7,0.6387,22.537,0.0500,5.000,0,0,,,,,,,18.417,0.318,28.705,0.493,1.333,0.438,0.000,17.561,0.058,67.485
1766335710.125603,15.025,7,7,22.536,0.00000,0.041,0.393,14.587,580.9,0.6384,22.536,0.0500,5.000,0,0,,,,,,,17.391,0.111,27.681,0.477,1.291,0.446,0.000,17.693,0.069,65.325
1766335710.189957,15.249,7,7,22.522,0.00000,0.041,0.393,14.638,580.6,0.6382,22.522,0.0500,5.000,0,0,,,,,,,17.562,0.121,26.674,0.473,1.307,0.439,0.000,17.486,0.060,64.273
1766335710.257472,15.087,7,7,22.511,0.00000,0.041,0.393,14.652,580.3,0.6391,22.511,0.0500,5.000,0,0,,,,,,,19.498,0.327,27.638,0.476,1.301,0.434,0.000,17.535,0.063,67.433
1766335710.324116,15.125,7,7,22.526,0.00000,0.041,0.393,14.674,580.3,0.6391,22.526,0.0500,5.000,0,0,,,,,,,18.090,0.122,28.334,0.480,1.328,0.438,0.000,17.539,0.064,66.560
1766335710.390382,15.161,7,7,22.540,0.00000,0.041,0.391,14.656,581.0,0.6395,22.540,0.0500,5.000,0,0,,,,,,,17.402,0.136,28.754,0.472,1.299,0.434,0.000,17.470,0.060,66.181
1766335710.456194,15.085,7,7,22.511,0.00000,0.041,0.394,14.680,580.5,0.6384,22.511,0.0500,5.000,0,0,,,,,,,17.443,0.131,28.331,0.465,1.298,0.436,0.000,17.399,0.074,65.738
1766335710.523622,15.055,7,7,22.512,0.00000,0.041,0.392,14.695,580.6,0.6389,22.512,0.0500,5.000,0,0,,,,,,,18.042,0.129,29.274,0.469,1.300,0.439,0.000,17.477,0.060,67.346
1766335710.589987,15.151,7,7,22.508,0.00000,0.041,0.393,14.711,580.5,0.6389,22.508,0.0500,5.000,0,0,,,,,,,16.618,0.133,29.628,0.473,1.307,0.439,0.000,17.471,0.062,66.286
1766335710.656527,15.111,7,7,22.534,0.00000,0.041,0.394,14.727,580.6,0.6378,22.534,0.0500,5.000,0,0,,,,,,,16.417,0.126,29.913,0.476,1.311,0.443,0.000,17.545,0.059,66.448
1766335710.721633,15.157,7,7,22.523,0.00000,0.041,0.391,14.704,581.2,0.6386,22.523,0.0500,5.000,0,0,,,,,,,15.874,0.122,29.188,0.457,1.303,0.434,0.000,17.456,0.056,65.034
1766335710.788333,15.198,7,7,22.525,0.00000,0.041,0.394,14.721,580.7,0.6382,22.525,0.0500,5.000,0,0,,,,,,,16.571,0.318,29.788,0.488,1.304,0.439,0.000,17.511,0.061,66.633
1766335710.853953,15.066,7,7,22.523,0.00000,0.041,0.394,14.741,580.3,0.6384,22.523,0.0500,5.000,0,0,,,,,,,16.239,0.100,29.281,0.487,1.296,0.444,0.000,17.485,0.061,65.545
1766335710.918085,15.061,7,7,22.528,0.00000,0.041,0.391,14.727,580.9,0.6388,22.528,0.0500,5.000,0,0,,,,,,,17.018,0.099,27.136,0.462,1.313,0.449,0.000,17.346,0.082,64.059
1766335710.983422,15.199,7,7,22.510,0.00000,0.041,0.392,14.689,580.3,0.6390,22.510,0.0500,5.000,0,0,,,,,,,18.680,0.142,26.612,0.462,1.302,0.435,0.000,17.409,0.059,65.255
1766335711.053052,15.114,7,7,22.531,0.00000,0.041,0.394,14.729,580.7,0.6383,22.531,0.0500,5.000,0,0,,,,,,,19.373,0.124,29.956,0.491,1.360,0.473,0.000,17.431,0.059,69.422
1766335711.121847,15.217,7,7,22.531,0.00000,0.041,0.392,14.731,580.8,0.6389,22.531,0.0500,5.000,0,0,,,,,,,15.590,0.332,32.980,0.500,1.317,0.444,0.000,17.337,0.059,68.718
1766335711.194386,15.614,7,7,22.515,0.00000,0.041,0.393,14.772,580.4,0.6389,22.515,0.0500,5.000,0,0,,,,,,,10.832,0.166,40.011,0.620,1.532,0.544,0.000,18.493,0.066,72.456
1766335711.263559,14.881,7,7,22.525,0.00000,0.041,0.390,14.705,580.9,0.6391,22.525,0.0500,5.000,0,0,,,,,,,5.479,0.158,42.325,0.578,1.531,0.521,0.000,18.249,0.057,69.077
1766335711.343850,10.231,7,7,22.531,0.00000,0.041,0.391,14.665,581.2,0.6393,22.531,0.0500,5.000,0,0,,,,,,,34.045,0.131,25.937,0.518,1.326,0.443,0.000,17.580,0.060,80.197
1766335711.411687,14.877,7,7,22.512,0.00000,0.041,0.393,14.682,580.7,0.6396,22.512,0.0500,5.000,0,0,,,,,,,20.988,0.130,26.726,0.516,1.325,0.440,0.000,17.406,0.059,67.755
1766335711.479719,15.118,7,7,22.532,0.00000,0.041,0.392,14.676,581.1,0.6393,22.532,0.0500,5.000,0,0,,,,,,,19.296,0.137,28.421,0.482,1.306,0.442,0.000,17.648,0.063,67.948
1766335711.545495,15.165,7,7,22.538,0.00000,0.041,0.393,14.692,581.0,0.6385,22.538,0.0500,5.000,0,0,,,,,,,17.206,0.166,28.512,0.487,1.317,0.443,0.000,17.327,0.068,65.694
1766335711.613431,15.084,7,7,22.521,0.00000,0.041,0.394,14.712,580.5,0.6382,22.521,0.0500,5.000,0,0,,,,,,,17.731,0.090,30.248,0.457,1.307,0.442,0.000,17.378,0.060,67.861
1766335711.676355,15.161,7,7,22.516,0.00000,0.041,0.390,14.681,580.9,0.6390,22.516,0.0500,5.000,0,0,,,,,,,15.744,0.156,26.982,0.458,1.300,0.433,0.000,17.554,0.057,62.837
1766335711.744963,15.106,7,7,22.523,0.00000,0.041,0.394,14.684,580.7,0.6383,22.523,0.0500,5.000,0,0,,,,,,,19.029,0.143,29.424,0.498,1.316,0.452,0.000,17.455,0.062,68.533
1766335711.810023,15.179,7,7,22.537,0.00000,0.041,0.394,14.739,580.9,0.6380,22.537,0.0500,5.000,0,0,,,,,,,16.297,0.105,28.630,0.533,1.331,0.440,0.000,17.429,0.063,64.981
1766335711.876007,15.220,7,7,22.521,0.00000,0.041,0.392,14.748,580.4,0.6385,22.521,0.0500,5.000,0,0,,,,,,,16.943,0.337,28.655,0.500,1.310,0.443,0.000,17.495,0.065,65.906
1766335711.942558,15.095,7,7,22.527,0.00000,0.041,0.394,14.795,580.5,0.6391,22.527,0.0500,5.000,0,0,,,,,,,17.215,0.183,28.975,0.491,1.313,0.439,0.000,17.624,0.059,66.479
1766335712.008908,15.169,7,7,22.524,0.00000,0.041,0.392,14.756,580.8,0.6392,22.524,0.0500,5.000,0,0,,,,,,,16.582,0.117,29.253,0.514,1.302,0.440,0.000,17.845,0.060,66.272
1766335712.075214,15.121,7,7,22.521,0.00000,0.042,0.393,14.782,580.5,0.6385,22.521,0.0500,5.000,0,0,,,,,,,16.352,0.120,29.539,0.498,1.341,0.451,0.000,17.694,0.059,66.214
1766335712.139775,15.101,7,7,22.532,0.00000,0.041,0.393,14.770,580.8,0.6384,22.532,0.0500,5.000,0,0,,,,,,,16.267,0.142,28.189,0.492,1.307,0.439,0.000,17.413,0.063,64.470
1766335712.205285,15.225,7,7,22.510,0.00000,0.041,0.393,14.800,580.4,0.6391,22.510,0.0500,5.000,0,0,,,,,,,17.388,0.123,28.065,0.501,1.308,0.440,0.000,17.389,0.048,65.421
1766335712.273038,15.032,7,7,22.517,0.00000,0.041,0.394,14.780,580.6,0.6387,22.517,0.0500,5.000,0,0,,,,,,,18.415,0.109,29.168,0.498,1.311,0.459,0.000,17.496,0.065,67.676
1766335712.337912,15.048,7,7,22.545,0.00000,0.041,0.392,14.738,581.2,0.6394,22.545,0.0500,5.000,0,0,,,,,,,17.092,0.120,27.453,0.500,1.372,0.459,0.000,17.531,0.077,64.774
1766335712.404111,15.220,7,7,22.521,0.00000,0.041,0.394,14.742,580.5,0.6381,22.521,0.0500,5.000,0,0,,,,,,,17.947,0.121,27.964,0.489,1.363,0.466,0.000,17.550,0.067,66.123
1766335712.470883,15.114,7,7,22.535,0.00000,0.041,0.391,14.722,581.1,0.6386,22.535,0.0500,5.000,0,0,,,,,,,17.913,0.129,28.833,0.484,1.309,0.441,0.000,17.368,0.063,66.701
1766335712.538194,15.125,7,7,22.529,0.00000,0.041,0.392,14.752,580.6,0.6386,22.529,0.0500,5.000,0,0,,,,,,,17.259,0.125,29.890,0.471,1.331,0.451,0.000,17.499,0.058,67.238
1766335712.603120,15.154,7,7,22.515,0.00000,0.041,0.391,14.717,580.4,0.6388,22.515,0.0500,5.000,0,0,,,,,,,15.936,0.111,28.920,0.478,1.304,0.443,0.000,17.440,0.062,64.853
1766335712.669743,15.025,7,7,22.522,0.00000,0.041,0.391,14.700,580.9,0.6385,22.522,0.0500,5.000,0,0,,,,,,,17.570,0.354,28.698,0.489,1.308,0.453,0.000,17.456,0.062,66.544
1766335712.733101,15.473,7,7,22.522,0.00000,0.041,0.393,14.707,580.5,0.6392,22.522,0.0500,5.000,0,0,,,,,,,15.568,0.123,27.713,0.464,1.305,0.431,0.000,17.455,0.056,63.280
1766335712.800939,15.177,7,7,22.520,0.00000,0.041,0.392,14.702,580.4,0.6385,22.520,0.0500,5.000,0,0,,,,,,,18.110,0.347,29.470,0.495,1.310,0.458,0.000,17.358,0.060,67.770
1766335712.865617,15.181,7,7,22.502,0.00000,0.041,0.392,14.694,580.3,0.6389,22.502,0.0500,5.000,0,0,,,,,,,16.136,0.104,28.425,0.465,1.364,0.430,0.000,17.448,0.067,64.601
1766335712.931839,15.037,7,7,22.506,0.00000,0.041,0.393,14.713,580.0,0.6383,22.506,0.0500,5.000,0,0,,,,,,,17.937,0.131,28.216,0.454,1.302,0.431,0.000,17.412,0.059,66.109
1766335712.996268,15.255,7,7,22.525,0.00000,0.041,0.392,14.727,580.7,0.6386,22.525,0.0500,5.000,0,0,,,,,,,17.294,0.118,26.924,0.486,1.311,0.435,0.000,17.568,0.060,64.353
1766335713.062270,15.116,7,7,22.529,0.00000,0.041,0.393,14.713,580.8,0.6393,22.529,0.0500,5.000,0,0,,,,,,,19.002,0.107,27.067,0.468,1.291,0.433,0.000,17.326,0.060,65.908
1766335713.130567,15.216,7,7,22.539,0.00000,0.041,0.391,14.689,581.1,0.6390,22.539,0.0500,5.000,0,0,,,,,,,18.714,0.102,29.454,0.508,1.323,0.440,0.000,17.447,0.056,68.196
1766335713.201672,15.032,7,7,22.525,0.00000,0.041,0.392,14.698,580.3,0.6384,22.525,0.0500,5.000,0,0,,,,,,,16.956,0.147,33.760,0.491,1.330,0.445,0.000,17.680,0.060,71.023
1766335713.265770,15.197,7,7,22.524,0.00000,0.041,0.393,14.722,580.5,0.6390,22.524,0.0500,5.000,0,0,,,,,,,11.667,0.108,32.124,0.507,1.323,0.444,0.000,17.601,0.060,64.024
1766335713.333418,15.168,7,7,22.529,0.00000,0.041,0.392,14.725,580.6,0.6383,22.529,0.0500,5.000,0,0,,,,,,,13.481,0.124,34.329,0.475,1.303,0.432,0.000,17.211,0.058,67.561
1766335713.422856,10.187,7,7,22.516,0.00000,0.041,0.390,14.708,580.8,0.6388,22.516,0.0500,5.000,0,0,,,,,,,44.017,0.120,25.324,0.483,1.299,0.435,0.000,17.485,0.057,89.372
1766335713.490330,15.165,7,7,22.499,0.00000,0.041,0.391,14.611,580.7,0.6393,22.499,0.0500,5.000,0,0,,,,,,,20.511,0.150,26.911,0.475,1.306,0.435,0.000,17.392,0.065,67.397
1766335713.555701,15.122,7,7,22.526,0.00000,0.041,0.392,14.593,580.8,0.6397,22.526,0.0500,5.000,0,0,,,,,,,19.156,0.128,25.939,0.489,1.306,0.440,0.000,17.606,0.061,65.282
1766335713.621715,15.397,7,7,22.542,0.00000,0.041,0.391,14.596,581.0,0.6387,22.542,0.0500,5.000,0,0,,,,,,,18.741,0.157,27.018,0.474,1.293,0.431,0.000,17.602,0.057,65.935
1766335713.689660,14.943,7,7,22.516,0.00000,0.041,0.390,14.564,581.0,0.6397,22.516,0.0500,5.000,0,0,,,,,,,19.644,0.340,27.702,0.499,1.309,0.438,0.000,17.712,0.060,67.858
1766335713.754389,15.367,7,7,22.529,0.00000,0.041,0.390,14.560,580.7,0.6387,22.529,0.0500,5.000,0,0,,,,,,,16.773,0.112,27.834,0.533,1.316,0.441,0.000,17.429,0.045,64.644
1766335713.822781,14.806,7,7,22.515,0.00000,0.041,0.392,14.605,580.6,0.6387,22.515,0.0500,5.000,0,0,,,,,,,19.589,0.120,28.375,0.625,1.321,0.445,0.000,17.628,0.048,68.308
1766335713.889480,15.196,7,7,22.527,0.00000,0.041,0.392,14.620,580.8,0.6389,22.527,0.0500,5.000,0,0,,,,,,,16.998,0.121,28.187,0.529,1.364,0.456,0.000,18.719,0.061,66.612
1766335713.955875,15.163,7,7,22.520,0.00000,0.041,0.391,14.599,581.2,0.6393,22.520,0.0500,5.000,0,0,,,,,,,16.247,0.182,28.892,0.555,1.348,0.473,0.000,18.336,0.069,66.303
1766335714.022750,14.988,7,7,22.521,0.00000,0.041,0.390,14.637,580.5,0.6388,22.521,0.0500,5.000,0,0,,,,,,,16.572,0.219,29.803,0.551,1.338,0.450,0.000,17.638,0.053,66.786
1766335714.087447,15.383,7,7,22.520,0.00000,0.041,0.393,14.682,580.6,0.6384,22.520,0.0500,5.000,0,0,,,,,,,14.706,0.166,29.208,0.531,1.345,0.448,0.000,17.965,0.063,64.605
1766335714.162142,14.271,7,7,22.530,0.00000,0.041,0.394,14.703,580.7,0.6388,22.530,0.0500,5.000,0,0,,,,,,,20.010,0.141,33.925,0.521,1.313,0.453,0.000,17.931,0.065,74.527
1766335714.226085,15.983,7,7,22.523,0.00000,0.041,0.394,14.734,580.9,0.6386,22.523,0.0500,5.000,0,0,,,,,,,7.911,0.173,34.851,0.510,1.327,0.440,0.000,18.378,0.060,63.815
1766335714.282444,15.244,7,7,22.545,0.00000,0.041,0.393,14.726,581.2,0.6387,22.545,0.0500,5.000,0,0,,,,,,,9.600,0.179,26.579,0.487,1.296,0.434,0.000,17.469,0.059,56.258
1766335714.351044,15.106,7,7,22.525,0.00000,0.041,0.393,14.730,580.6,0.6387,22.525,0.0500,5.000,0,0,,,,,,,19.442,0.331,29.012,0.527,1.347,0.445,0.000,17.164,0.068,68.501
1766335714.416060,15.128,7,7,22.518,0.00000,0.041,0.394,14.751,580.5,0.6386,22.518,0.0500,5.000,0,0,,,,,,,16.960,0.168,27.740,0.520,1.330,0.441,0.000,17.542,0.067,64.937
1766335714.483409,15.021,7,7,22.538,0.00000,0.041,0.391,14.732,580.7,0.6386,22.538,0.0500,5.000,0,0,,,,,,,18.520,0.144,28.615,0.494,1.306,0.444,0.000,17.521,0.062,67.272
1766335714.549806,15.218,7,7,22.518,0.00000,0.041,0.394,14.744,580.4,0.6388,22.518,0.0500,5.000,0,0,,,,,,,16.875,0.141,29.396,0.472,1.309,0.453,0.000,17.437,0.068,66.313
1766335714.616399,15.115,7,7,22.528,0.00000,0.041,0.392,14.721,580.9,0.6391,22.528,0.0500,5.000,0,0,,,,,,,16.655,0.113,29.863,0.465,1.313,0.442,0.000,17.454,0.058,66.522
1766335714.680501,15.204,7,7,22.513,0.00000,0.041,0.393,14.742,580.6,0.6389,22.513,0.0500,5.000,0,0,,,,,,,15.804,0.137,27.954,0.575,1.323,0.434,0.000,17.546,0.067,64.003
1766335714.747100,15.058,7,7,22.522,0.00000,0.041,0.395,14.762,580.5,0.6384,22.522,0.0500,5.000,0,0,,,,,,,18.128,0.141,27.980,0.541,1.362,0.449,0.000,17.655,0.071,66.506
1766335714.814147,15.170,7,7,22.531,0.00000,0.041,0.394,14.761,580.9,0.6385,22.531,0.0500,5.000,0,0,,,,,,,17.456,0.322,29.068,0.556,1.309,0.454,0.000,17.581,0.064,66.970
1766335714.880668,14.959,7,7,22.514,0.00000,0.041,0.393,14.721,580.2,0.6389,22.514,0.0500,5.000,0,0,,,,,,,17.249,0.159,29.079,0.484,1.304,0.456,0.000,17.483,0.059,66.435
1766335714.946204,15.341,7,7,22.515,0.00000,0.041,0.391,14.708,580.6,0.6391,22.515,0.0500,5.000,0,0,,,,,,,15.930,0.327,29.270,0.485,1.312,0.444,0.000,17.474,0.068,65.466
1766335715.010301,15.196,7,7,22.523,0.00000,0.041,0.393,14.718,580.5,0.6382,22.523,0.0500,5.000,0,0,,,,,,,16.198,0.221,27.371,0.487,1.323,0.439,0.000,17.721,0.092,64.019
1766335715.073846,15.078,7,7,22.528,0.00000,0.041,0.394,14.731,580.8,0.6385,22.528,0.0500,5.000,0,0,,,,,,,18.286,0.140,26.047,0.488,1.307,0.440,0.000,16.416,0.056,63.337
1766335715.144392,15.238,7,7,22.518,0.00000,0.041,0.393,14.725,580.4,0.6386,22.518,0.0500,5.000,0,0,,,,,,,20.488,0.182,29.834,0.484,1.313,0.439,0.000,17.499,0.057,70.454
1766335715.216635,15.108,7,7,22.548,0.00000,0.041,0.393,14.711,581.2,0.6390,22.548,0.0500,5.000,0,0,,,,,,,16.127,0.169,35.775,0.503,1.321,0.445,0.000,17.582,0.061,72.142
1766335715.282327,14.570,7,7,22.536,0.00000,0.041,0.393,14.731,580.0,0.6379,22.536,0.0500,5.000,0,0,,,,,,,12.530,0.276,32.700,0.515,1.335,0.438,0.000,17.583,0.062,65.610
1766335715.349262,15.581,7,7,22.519,0.00000,0.041,0.394,14.755,580.5,0.6385,22.519,0.0500,5.000,0,0,,,,,,,11.014,0.178,35.586,0.492,1.335,0.450,0.000,17.571,0.063,66.845
1766335715.506438,6.107,7,7,22.528,0.00000,0.041,0.395,14.790,580.7,0.6384,22.528,0.0500,5.000,0,0,,,,,,,107.844,0.148,29.067,0.471,1.304,0.442,0.000,17.603,0.061,157.097
1766335715.567555,15.310,7,7,22.516,0.00000,0.041,0.393,14.803,580.8,0.6385,22.516,0.0500,5.000,0,0,,,,,,,15.983,0.136,25.110,0.505,1.318,0.437,0.000,17.329,0.060,61.037
1766335715.639958,15.181,7,7,22.495,0.00000,0.041,0.393,14.798,580.4,0.6387,22.495,0.0500,5.000,0,0,,,,,,,20.736,0.147,26.474,0.474,1.299,0.431,0.000,22.545,0.064,72.322
1766335715.700820,15.106,7,7,22.523,0.00000,0.041,0.392,14.775,580.6,0.6385,22.523,0.0500,5.000,0,0,,,,,,,14.536,0.130,26.274,0.490,1.318,0.437,0.000,17.380,0.062,60.786
1766335715.765952,15.347,7,7,22.530,0.00000,0.041,0.395,14.823,580.9,0.6383,22.530,0.0500,5.000,0,0,,,,,,,17.420,0.134,26.282,0.480,1.337,0.440,0.000,17.328,0.067,63.645
1766335715.833431,14.873,7,7,22.522,0.00000,0.041,0.392,14.786,580.8,0.6384,22.522,0.0500,5.000,0,0,,,,,,,20.929,0.384,26.175,0.483,1.292,0.431,0.000,17.492,0.059,67.400
1766335715.899341,15.093,7,7,22.501,0.00000,0.041,0.392,14.723,580.6,0.6389,22.501,0.0500,5.000,0,0,,,,,,,19.704,0.137,26.114,0.491,1.286,0.429,0.000,17.448,0.062,65.825
1766335715.965703,15.222,7,7,22.521,0.00000,0.041,0.393,14.729,580.6,0.6385,22.521,0.0500,5.000,0,0,,,,,,,19.479,0.161,26.825,0.481,1.313,0.435,0.000,17.357,0.061,66.268
1766335716.031157,15.271,7,7,22.518,0.00000,0.041,0.393,14.718,580.5,0.6389,22.518,0.0500,5.000,0,0,,,,,,,18.602,0.122,26.696,0.477,1.316,0.439,0.000,17.496,0.053,65.360
1766335716.097430,15.173,7,7,22.517,0.00000,0.041,0.394,14.728,580.7,0.6396,22.517,0.0500,5.000,0,0,,,,,,,19.042,0.150,27.142,0.509,1.310,0.436,0.000,17.371,0.051,66.170
1766335716.166069,14.994,7,7,22.517,0.00000,0.041,0.393,14.746,580.4,0.6389,22.517,0.0500,5.000,0,0,,,,,,,19.474,0.129,28.968,0.519,1.336,0.446,0.000,17.450,0.062,68.549
1766335716.230119,15.170,7,7,22.485,0.00000,0.041,0.395,14.808,580.0,0.6384,22.485,0.0500,5.000,0,0,,,,,,,16.745,0.143,27.066,0.506,1.337,0.438,0.000,17.486,0.066,63.949
1766335716.296659,15.156,7,7,22.527,0.00000,0.041,0.392,14.822,580.7,0.6383,22.527,0.0500,5.000,0,0,,,,,,,18.668,0.131,27.634,0.495,1.328,0.446,0.000,17.503,0.062,66.433
1766335716.361607,15.261,7,7,22.506,0.00000,0.041,0.393,14.805,580.3,0.6394,22.506,0.0500,5.000,0,0,,,,,,,17.685,0.155,26.895,0.502,1.315,0.436,0.000,17.675,0.055,64.872
1766335716.429973,14.923,7,7,22.525,0.00000,0.041,0.393,14.806,580.8,0.6391,22.525,0.0500,5.000,0,0,,,,,,,19.749,0.384,28.209,0.480,1.338,0.451,0.000,17.456,0.067,68.293
1766335716.496648,14.852,7,7,22.532,0.00000,0.041,0.393,14.804,581.0,0.6387,22.532,0.0500,5.000,0,0,,,,,,,18.718,0.160,27.926,0.477,1.319,0.454,0.000,17.330,0.059,66.602
1766335716.562152,15.521,7,7,22.514,0.00000,0.041,0.393,14.807,580.6,0.6387,22.514,0.0500,5.000,0,0,,,,,,,16.459,0.291,28.874,0.469,1.292,0.437,0.000,17.372,0.060,65.422
1766335716.628793,15.082,7,7,22.517,0.00000,0.041,0.394,14.803,580.4,0.6391,22.517,0.0500,5.000,0,0,,,,,,,17.253,0.248,29.227,0.457,1.304,0.438,0.000,17.412,0.060,66.553
1766335716.696291,15.085,7,7,22.526,0.00000,0.041,0.393,14.773,580.9,0.6390,22.526,0.0500,5.000,0,0,,,,,,,16.917,0.293,30.356,0.515,1.337,0.442,0.000,17.353,0.056,67.427
1766335716.762154,14.983,7,7,22.519,0.00000,0.041,0.391,14.746,580.4,0.6393,22.519,0.0500,5.000,0,0,,,,,,,16.157,0.278,29.399,0.490,1.320,0.452,0.000,17.468,0.061,65.784
1766335716.825081,15.497,7,7,22.541,0.00000,0.041,0.394,14.764,581.2,0.6387,22.541,0.0500,5.000,0,0,,,,,,,14.830,0.157,27.813,0.491,1.323,0.436,0.000,17.569,0.067,62.852
1766335716.891031,15.147,7,7,22.523,0.00000,0.041,0.392,14.733,580.5,0.6383,22.523,0.0500,5.000,0,0,,,,,,,17.905,0.151,27.792,0.494,1.306,0.460,0.000,17.498,0.073,65.850
1766335716.959041,15.148,7,7,22.541,0.00000,0.041,0.391,14.730,581.0,0.6385,22.541,0.0500,5.000,0,0,,,,,,,17.977,0.120,29.884,0.469,1.297,0.452,0.000,17.520,0.058,67.926
1766335717.024662,15.094,7,7,22.519,0.00000,0.041,0.394,14.734,580.7,0.6389,22.519,0.0500,5.000,0,0,,,,,,,16.236,0.132,29.339,0.487,1.311,0.435,0.000,17.395,0.063,65.553
1766335717.088757,15.186,7,7,22.534,0.00000,0.041,0.394,14.769,580.6,0.6381,22.534,0.0500,5.000,0,0,,,,,,,16.457,0.347,27.270,0.462,1.305,0.443,0.000,17.517,0.066,64.020
1766335717.156275,15.226,7,7,22.534,0.00000,0.041,0.393,14.773,581.0,0.6386,22.534,0.0500,5.000,0,0,,,,,,,18.030,0.141,29.192,0.490,1.294,0.437,0.000,17.619,0.063,67.429
1766335717.225109,15.105,7,7,22.525,0.00000,0.041,0.394,14.791,580.8,0.6385,22.525,0.0500,5.000,0,0,,,,,,,16.693,0.136,31.965,0.490,1.323,0.449,0.000,17.454,0.061,68.727
1766335717.292690,14.989,7,7,22.497,0.00000,0.041,0.395,14.814,579.6,0.6381,22.497,0.0500,5.000,0,0,,,,,,,14.608,0.146,32.962,0.474,1.298,0.434,0.000,17.371,0.059,67.504
1766335717.359454,15.154,7,7,22.528,0.00000,0.041,0.394,14.841,580.7,0.6388,22.528,0.0500,5.000,0,0,,,,,,,13.023,0.248,33.244,0.502,1.326,0.445,0.000,17.678,0.060,66.686
1766335717.427503,15.263,7,7,22.506,0.00000,0.041,0.392,14.813,580.3,0.6382,22.506,0.0500,5.000,0,0,,,,,,,11.769,0.137,36.198,0.487,1.297,0.434,0.000,17.434,0.051,67.968
1766335717.547292,7.628,7,7,22.514,0.00000,0.041,0.392,14.788,580.3,0.6387,22.514,0.0500,5.000,0,0,,,,,,,74.774,0.145,24.730,0.552,1.305,0.433,0.000,17.519,0.060,119.673
1766335717.647517,10.070,7,7,22.530,0.00000,0.041,0.391,14.714,580.9,0.6389,22.530,0.0500,5.000,0,0,,,,,,,54.326,0.117,25.823,0.485,1.324,0.436,0.000,17.401,0.067,100.142
1766335717.746709,10.090,7,7,22.535,0.00000,0.041,0.396,14.731,581.0,0.6386,22.535,0.0500,5.000,0,0,,,,,,,53.200,0.163,25.820,0.480,1.344,0.430,0.000,17.417,0.074,99.098
1766335717.814175,15.179,7,7,22.541,0.00000,0.041,0.391,14.691,581.1,0.6388,22.541,0.0500,5.000,0,0,,,,,,,19.894,0.352,27.080,0.454,1.305,0.432,0.000,17.652,0.060,67.380
1766335717.877595,15.201,7,7,22.521,0.00000,0.041,0.392,14.753,580.5,0.6386,22.521,0.0500,5.000,0,0,,,,,,,18.225,0.199,25.115,0.484,1.307,0.433,0.000,17.372,0.056,63.347
1766335717.944764,15.396,7,7,22.524,0.00000,0.041,0.393,14.765,580.6,0.6383,22.524,0.0500,5.000,0,0,,,,,,,19.753,0.187,27.233,0.474,1.306,0.433,0.000,17.489,0.059,67.091
1766335718.010798,15.026,7,7,22.517,0.00000,0.041,0.394,14.778,580.4,0.6380,22.517,0.0500,5.000,0,0,,,,,,,19.132,0.148,26.688,0.459,1.290,0.428,0.000,17.603,0.058,65.955
1766335718.077329,14.898,7,7,22.506,0.00000,0.041,0.393,14.766,580.6,0.6394,22.506,0.0500,5.000,0,0,,,,,,,20.223,0.136,26.416,0.474,1.297,0.432,0.000,17.260,0.059,66.451
1766335718.143645,15.316,7,7,22.538,0.00000,0.041,0.391,14.729,581.1,0.6389,22.538,0.0500,5.000,0,0,,,,,,,18.946,0.296,27.038,0.501,1.299,0.434,0.000,17.414,0.058,66.197
1766335718.210000,15.000,7,7,22.534,0.00000,0.041,0.390,14.646,581.1,0.6386,22.534,0.0500,5.000,0,0,,,,,,,19.302,0.142,26.654,0.498,1.298,0.434,0.000,17.690,0.062,66.240
1766335718.275193,15.191,7,7,22.522,0.00000,0.041,0.392,14.673,580.3,0.6382,22.522,0.0500,5.000,0,0,,,,,,,18.785,0.144,26.362,0.467,1.302,0.432,0.000,17.387,0.057,65.090
1766335718.342568,15.221,7,7,22.535,0.00000,0.041,0.393,14.681,580.3,0.6381,22.535,0.0500,5.000,0,0,,,,,,,19.296,0.308,27.699,0.472,1.303,0.434,0.000,17.530,0.071,67.279
1766335718.409209,15.133,7,7,22.516,0.00000,0.041,0.393,14.701,580.1,0.6385,22.516,0.0500,5.000,0,0,,,,,,,18.022,0.196,28.309,0.477,1.307,0.433,0.000,17.598,0.063,66.565
1766335718.473351,15.177,7,7,22.521,0.00000,0.041,0.394,14.751,580.6,0.6384,22.521,0.0500,5.000,0,0,,,,,,,17.273,0.124,26.657,0.480,1.299,0.435,0.000,17.604,0.051,64.070
1766335718.540951,15.132,7,7,22.529,0.00000,0.041,0.394,14.810,580.7,0.6383,22.529,0.0500,5.000,0,0,,,,,,,19.204,0.146,28.000,0.479,1.307,0.448,0.000,17.690,0.067,67.501
1766335718.606841,15.117,7,7,22.533,0.00000,0.041,0.394,14.822,581.0,0.6386,22.533,0.0500,5.000,0,0,,,,,,,17.765,0.126,27.991,0.482,1.296,0.431,0.000,17.486,0.060,65.807
1766335718.672259,15.209,7,7,22.516,0.00000,0.041,0.393,14.785,580.2,0.6385,22.516,0.0500,5.000,0,0,,,,,,,17.615,0.149,27.584,0.462,1.301,0.443,0.000,17.574,0.058,65.333
1766335718.739117,15.130,7,7,22.502,0.00000,0.041,0.393,14.777,580.0,0.6390,22.502,0.0500,5.000,0,0,,,,,,,18.291,0.336,28.243,0.485,1.299,0.435,0.000,17.468,0.058,66.776
1766335718.805560,15.112,7,7,22.514,0.00000,0.041,0.391,14.752,580.5,0.6387,22.514,0.0500,5.000,0,0,,,,,,,17.602,0.116,28.632,0.487,1.328,0.438,0.000,17.542,0.058,66.360
1766335718.871983,15.117,7,7,22.525,0.00000,0.041,0.393,14.748,580.8,0.6386,22.525,0.0500,5.000,0,0,,,,,,,17.327,0.120,29.044,0.480,1.321,0.440,0.000,17.405,0.067,66.353
1766335718.938558,15.239,7,7,22.527,0.00000,0.041,0.392,14.776,580.1,0.6385,22.527,0.0500,5.000,0,0,,,,,,,16.525,0.150,29.733,0.475,1.306,0.436,0.000,17.668,0.056,66.504
1766335719.002983,15.085,7,7,22.507,0.00000,0.041,0.393,14.749,580.5,0.6386,22.507,0.0500,5.000,0,0,,,,,,,16.240,0.151,28.108,0.457,1.313,0.446,0.000,17.415,0.067,64.354
1766335719.070163,15.106,7,7,22.500,0.00000,0.041,0.392,14.721,580.1,0.6392,22.500,0.0500,5.000,0,0,,,,,,,18.013,0.154,28.988,0.474,1.303,0.440,0.000,17.527,0.053,67.110
1766335719.135376,15.211,7,7,22.520,0.00000,0.041,0.393,14.726,580.7,0.6390,22.520,0.0500,5.000,0,0,,,,,,,16.580,0.280,28.395,0.467,1.317,0.457,0.000,17.431,0.063,65.145
1766335719.199277,15.112,7,7,22.521,0.00000,0.041,0.392,14.735,580.6,0.6385,22.521,0.0500,5.000,0,0,,,,,,,17.535,0.130,26.181,0.488,1.315,0.432,0.000,17.524,0.061,63.827
1766335719.266927,15.045,7,7,22.517,0.00000,0.041,0.392,14.753,580.6,0.6385,22.517,0.0500,5.000,0,0,,,,,,,19.979,0.133,27.322,0.470,1.302,0.436,0.000,17.593,0.063,67.455
1766335719.334727,15.167,7,7,22.532,0.00000,0.041,0.394,14.777,580.5,0.6383,22.532,0.0500,5.000,0,0,,,,,,,18.378,0.142,29.257,0.492,1.313,0.467,0.000,17.461,0.059,67.722
1766335719.405000,15.085,7,7,22.501,0.00000,0.041,0.396,14.796,579.6,0.6381,22.501,0.0500,5.000,0,0,,,,,,,16.877,0.121,33.081,0.489,1.311,0.439,0.000,17.652,0.059,70.196
1766335719.471470,15.182,7,7,22.501,0.00000,0.041,0.393,14.768,580.4,0.6391,22.501,0.0500,5.000,0,0,,,,,,,12.465,0.126,33.566,0.481,1.329,0.444,0.000,17.755,0.063,66.394
1766335719.539130,15.129,7,7,22.502,0.00000,0.041,0.392,14.751,580.2,0.6390,22.502,0.0500,5.000,0,0,,,,,,,12.090,0.186,35.487,0.481,1.304,0.440,0.000,17.379,0.058,67.579
1766335719.625988,10.203,7,7,22.516,0.00000,0.041,0.390,14.764,580.5,0.6390,22.516,0.0500,5.000,0,0,,,,,,,42.437,0.156,24.148,0.467,1.312,0.446,0.000,17.591,0.063,86.774
1766335719.693127,15.139,7,7,22.527,0.00000,0.041,0.391,14.750,581.0,0.6390,22.527,0.0500,5.000,0,0,,,,,,,21.640,0.129,25.188,0.496,1.319,0.430,0.000,17.615,0.088,67.063
1766335719.759990,15.058,7,7,22.507,0.00000,0.041,0.389,14.717,580.6,0.6391,22.507,0.0500,5.000,0,0,,,,,,,20.913,0.135,25.703,0.472,1.304,0.434,0.000,17.618,0.059,66.790
1766335719.827102,15.149,7,7,22.501,0.00000,0.041,0.391,14.730,580.4,0.6390,22.501,0.0500,5.000,0,0,,,,,,,20.055,0.154,26.898,0.482,1.300,0.435,0.000,17.479,0.065,67.033
1766335719.893738,15.144,7,7,22.515,0.00000,0.041,0.396,14.768,580.2,0.6394,22.515,0.0500,5.000,0,0,,,,,,,18.962,0.121,27.384,0.475,1.292,0.431,0.000,17.561,0.103,66.543
1766335719.959972,15.114,7,7,22.517,0.00000,0.041,0.391,14.791,580.5,0.6383,22.517,0.0500,5.000,0,0,,,,,,,18.492,0.122,27.497,0.479,1.312,0.442,0.000,17.541,0.083,66.145
1766335720.027367,15.202,7,7,22.509,0.00000,0.041,0.396,14.760,580.3,0.6381,22.509,0.0500,5.000,0,0,,,,,,,18.054,0.147,29.280,0.467,1.318,0.439,0.000,17.386,0.056,67.311
1766335720.093378,14.764,7,7,22.542,0.00000,0.041,0.394,14.757,580.8,0.6388,22.542,0.0500,5.000,0,0,,,,,,,18.334,0.384,27.051,0.459,1.299,0.430,0.000,17.674,0.067,65.867
1766335720.169018,15.542,7,7,22.513,0.00000,0.041,0.393,14.794,580.4,0.6388,22.513,0.0500,5.000,0,0,,,,,,,16.634,0.434,37.067,0.561,1.488,0.501,0.000,18.550,0.061,75.481
1766335720.235024,15.081,7,7,22.510,0.00000,0.041,0.394,14.774,580.4,0.6386,22.510,0.0500,5.000,0,0,,,,,,,7.290,0.416,35.522,0.633,1.709,0.586,0.000,19.408,0.071,65.830
1766335720.302913,14.949,7,7,22.525,0.00000,0.041,0.393,14.799,580.6,0.6383,22.525,0.0500,5.000,0,0,,,,,,,8.252,0.209,36.915,0.617,1.713,0.567,0.000,19.263,0.062,67.788
1766335720.368170,15.220,7,7,22.524,0.00000,0.041,0.393,14.813,580.3,0.6382,22.524,0.0500,5.000,0,0,,,,,,,6.081,0.181,36.414,0.585,1.685,0.564,0.000,19.404,0.065,65.170
1766335720.427542,15.154,7,7,22.525,0.00000,0.041,0.392,14.757,580.8,0.6393,22.525,0.0500,5.000,0,0,,,,,,,6.827,0.129,31.199,0.556,1.479,0.493,0.000,18.321,0.063,59.298
1766335720.493088,15.129,7,7,22.520,0.00000,0.041,0.392,14.735,580.5,0.6391,22.520,0.0500,5.000,0,0,,,,,,,13.552,0.211,30.475,0.549,1.493,0.504,0.000,18.461,0.057,65.470
1766335720.555724,15.252,7,7,22.507,0.00000,0.041,0.395,14.749,579.9,0.6381,22.507,0.0500,5.000,0,0,,,,,,,13.570,0.349,28.643,0.465,1.310,0.437,0.000,17.570,0.058,62.561
1766335720.620227,15.192,7,7,22.519,0.00000,0.041,0.394,14.766,580.9,0.6387,22.519,0.0500,5.000,0,0,,,,,,,16.762,0.140,27.655,0.465,1.305,0.443,0.000,17.445,0.062,64.433
1766335720.720550,10.205,7,7,22.522,0.00000,0.041,0.393,14.801,580.7,0.6387,22.522,0.0500,5.000,0,0,,,,,,,50.246,0.159,29.732,0.513,1.314,0.444,0.000,17.611,0.061,100.243
1766335720.786596,15.111,7,7,22.513,0.00000,0.041,0.394,14.813,580.5,0.6387,22.513,0.0500,5.000,0,0,,,,,,,16.085,0.145,29.665,0.463,1.302,0.438,0.000,17.650,0.058,65.957
1766335720.854016,15.088,7,7,22.500,0.00000,0.041,0.394,14.760,580.4,0.6390,22.500,0.0500,5.000,0,0,,,,,,,16.335,0.165,30.770,0.505,1.323,0.444,0.000,17.597,0.054,67.352
1766335720.917760,15.216,7,7,22.515,0.00000,0.041,0.393,14.785,580.3,0.6384,22.515,0.0500,5.000,0,0,,,,,,,14.632,0.139,28.867,0.471,1.322,0.440,0.000,17.591,0.055,63.673
1766335720.984429,15.014,7,7,22.522,0.00000,0.041,0.394,14.782,580.5,0.6389,22.522,0.0500,5.000,0,0,,,,,,,17.490,0.126,29.138,0.475,1.311,0.441,0.000,17.401,0.062,66.595
1766335721.050588,15.283,7,7,22.515,0.00000,0.041,0.393,14.780,579.9,0.6381,22.515,0.0500,5.000,0,0,,,,,,,16.251,0.118,29.635,0.451,1.294,0.436,0.000,17.689,0.058,66.084
1766335721.116638,15.139,7,7,22.522,0.00000,0.041,0.393,14.789,580.7,0.6382,22.522,0.0500,5.000,0,0,,,,,,,16.132,0.129,29.712,0.499,1.325,0.450,0.000,17.500,0.058,65.961
1766335721.184509,15.017,7,7,22.519,0.00000,0.041,0.392,14.753,580.7,0.6388,22.519,0.0500,5.000,0,0,,,,,,,16.661,0.145,31.045,0.488,1.309,0.438,0.000,17.459,0.064,67.768
1766335721.246692,15.240,7,7,22.527,0.00000,0.041,0.393,14.771,580.8,0.6389,22.527,0.0500,5.000,0,0,,,,,,,14.426,0.153,27.404,0.464,1.299,0.435,0.000,17.687,0.068,62.098
1766335721.313284,15.266,7,7,22.521,0.00000,0.041,0.392,14.746,580.6,0.6390,22.521,0.0500,5.000,0,0,,,,,,,17.744,0.316,27.972,0.525,1.341,0.450,0.000,17.791,0.192,66.501
1766335721.382190,14.968,7,7,22.532,0.00000,0.041,0.391,14.711,580.7,0.6386,22.532,0.0500,5.000,0,0,,,,,,,17.964,0.159,30.496,0.531,1.345,0.456,0.000,17.638,0.064,68.821
1766335721.452870,15.076,7,7,22.512,0.00000,0.041,0.392,14.701,580.2,0.6389,22.512,0.0500,5.000,0,0,,,,,,,15.399,0.193,35.285,0.474,1.305,0.441,0.000,17.296,0.060,70.604
1766335721.518359,15.388,7,7,22.514,0.00000,0.041,0.392,14.697,580.6,0.6385,22.514,0.0500,5.000,0,0,,,,,,,9.707,0.323,35.454,0.494,1.298,0.435,0.000,17.503,0.056,65.419
1766335721.587182,15.135,7,7,22.526,0.00000,0.041,0.392,14.688,580.8,0.6389,22.526,0.0500,5.000,0,0,,,,,,,10.292,0.281,38.408,0.505,1.316,0.436,0.000,17.299,0.060,68.755
1766335721.707128,7.621,7,7,22.536,0.00000,0.041,0.392,14.703,580.8,0.6390,22.536,0.0500,5.000,0,0,,,,,,,72.689,0.188,27.158,0.487,1.301,0.436,0.000,17.410,0.059,119.882
1766335721.773997,15.089,7,7,22.513,0.00000,0.041,0.393,14.714,580.8,0.6383,22.513,0.0500,5.000,0,0,,,,,,,19.009,0.147,27.782,0.479,1.298,0.436,0.000,17.433,0.058,66.795
1766335721.840811,15.144,7,7,22.500,0.00000,0.041,0.395,14.728,580.0,0.6383,22.500,0.0500,5.000,0,0,,,,,,,18.172,0.195,28.459,0.496,1.312,0.438,0.000,17.440,0.066,66.739
1766335721.908664,14.992,7,7,22.497,0.00000,0.041,0.393,14.678,580.3,0.6393,22.497,0.0500,5.000,0,0,,,,,,,18.056,0.137,29.690,0.492,1.315,0.442,0.000,17.420,0.065,67.775
1766335721.973402,15.280,7,7,22.530,0.00000,0.041,0.390,14.669,581.2,0.6386,22.530,0.0500,5.000,0,0,,,,,,,15.658,0.129,28.893,0.469,1.298,0.433,0.000,17.577,0.060,64.671
1766335722.038039,15.206,7,7,22.505,0.00000,0.041,0.396,14.702,580.7,0.6381,22.505,0.0500,5.000,0,0,,,,,,,16.678,0.186,27.788,0.476,1.309,0.433,0.000,17.477,0.060,64.564
1766335722.104589,15.162,7,7,22.511,0.00000,0.041,0.392,14.699,580.8,0.6388,22.511,0.0500,5.000,0,0,,,,,,,17.975,0.127,28.158,0.472,1.304,0.438,0.000,17.767,0.062,66.457
1766335722.169979,15.300,7,7,22.522,0.00000,0.041,0.393,14.721,580.8,0.6382,22.522,0.0500,5.000,0,0,,,,,,,16.785,0.136,28.330,0.486,1.314,0.438,0.000,17.598,0.061,65.299
1766335722.238265,15.011,7,7,22.515,0.00000,0.041,0.393,14.771,580.4,0.6388,22.515,0.0500,5.000,0,0,,,,,,,18.017,0.293,29.496,0.483,1.340,0.450,0.000,17.904,0.058,68.202
1766335722.302699,15.193,7,7,22.525,0.00000,0.041,0.393,14.749,581.0,0.6384,22.525,0.0500,5.000,0,0,,,,,,,15.560,0.127,28.610,0.480,1.310,0.456,0.000,17.594,0.065,64.361
1766335722.369049,14.771,7,7,22.534,0.00000,0.041,0.394,14.799,580.5,0.6382,22.534,0.0500,5.000,0,0,,,,,,,18.826,0.296,27.066,0.501,1.326,0.451,0.000,17.552,0.072,66.267
1766335722.435068,15.266,7,7,22.529,0.00000,0.041,0.393,14.809,580.8,0.6386,22.529,0.0500,5.000,0,0,,,,,,,17.983,0.133,27.804,0.471,1.316,0.454,0.000,17.537,0.067,65.936
1766335722.501200,15.100,7,7,22.524,0.00000,0.041,0.394,14.843,580.6,0.6388,22.524,0.0500,5.000,0,0,,,,,,,18.190,0.135,27.762,0.467,1.334,0.435,0.000,17.514,0.058,66.059
1766335722.568214,15.181,7,7,22.517,0.00000,0.041,0.393,14.859,580.3,0.6385,22.517,0.0500,5.000,0,0,,,,,,,17.931,0.153,28.826,0.503,1.344,0.443,0.000,17.499,0.070,66.944
1766335722.633915,15.110,7,7,22.516,0.00000,0.040,0.393,14.844,580.4,0.6384,22.516,0.0500,5.000,0,0,,,,,,,17.100,0.147,28.425,0.470,1.328,0.431,0.000,17.521,0.056,65.634
1766335722.700671,15.054,7,7,22.520,0.00000,0.041,0.391,14.821,580.5,0.6388,22.520,0.0500,5.000,0,0,,,,,,,17.816,0.127,28.738,0.475,1.318,0.438,0.000,17.554,0.057,66.679
1766335722.765312,15.199,7,7,22.505,0.00000,0.041,0.393,14.803,580.1,0.6388,22.505,0.0500,5.000,0,0,,,,,,,16.851,0.299,27.425,0.462,1.299,0.444,0.000,17.549,0.061,64.565
1766335722.840321,15.183,7,7,22.529,0.00000,0.042,0.394,14.827,580.5,0.6386,22.529,0.0500,5.000,0,0,,,,,,,18.082,0.129,29.750,0.458,1.292,0.469,0.000,24.550,0.059,74.940
1766335722.898013,15.485,7,7,22.471,0.00000,0.041,0.394,14.800,579.6,0.6381,22.471,0.0500,5.000,0,0,,,,,,,7.643,0.260,29.252,0.473,1.297,0.458,0.000,17.932,0.083,57.615
1766335722.969701,14.821,7,7,22.520,0.00000,0.041,0.394,14.828,580.4,0.6386,22.520,0.0500,5.000,0,0,,,,,,,17.428,0.143,29.624,0.494,1.308,0.439,0.000,21.958,0.060,71.613
1766335723.032032,15.353,7,7,22.509,0.00000,0.041,0.396,14.820,580.0,0.6379,22.509,0.0500,5.000,0,0,,,,,,,10.837,0.216,29.755,0.477,1.305,0.435,0.000,18.992,0.057,62.226
1766335723.102554,14.894,7,7,22.532,0.00000,0.041,0.392,14.807,580.7,0.6386,22.532,0.0500,5.000,0,0,,,,,,,15.680,0.269,31.109,0.466,1.297,0.435,0.000,20.981,0.058,70.450
1766335723.162046,15.478,7,7,22.523,0.00000,0.041,0.394,14.804,580.8,0.6383,22.523,0.0500,5.000,0,0,,,,,,,9.763,0.281,29.224,0.474,1.308,0.436,0.000,17.654,0.075,59.422
1766335723.231790,14.422,7,7,22.508,0.00000,0.041,0.393,14.791,580.2,0.6384,22.508,0.0500,5.000,0,0,,,,,,,19.605,0.138,29.273,0.513,1.307,0.439,0.000,18.115,0.060,69.668
1766335723.295642,15.094,7,7,22.513,0.00000,0.041,0.393,14.750,580.7,0.6385,22.513,0.0500,5.000,0,0,,,,,,,16.120,0.143,27.072,0.486,1.306,0.435,0.000,17.989,0.067,63.783
1766335723.363089,15.030,7,7,22.516,0.00000,0.041,0.391,14.695,580.5,0.6384,22.516,0.0500,5.000,0,0,,,,,,,18.720,0.255,27.674,0.482,1.326,0.444,0.000,18.177,0.060,67.295
1766335723.430765,15.376,7,7,22.507,0.00000,0.041,0.393,14.702,580.2,0.6385,22.507,0.0500,5.000,0,0,,,,,,,16.390,0.298,30.430,0.485,1.307,0.427,0.000,18.059,0.059,67.605
1766335723.502726,14.983,7,7,22.508,0.00000,0.041,0.392,14.687,580.2,0.6389,22.508,0.0500,5.000,0,0,,,,,,,15.455,0.329,32.561,0.490,1.308,0.435,0.000,21.088,0.059,71.888
1766335723.564698,15.989,7,7,22.498,0.00000,0.041,0.392,14.687,580.2,0.6395,22.498,0.0500,5.000,0,0,,,,,,,6.042,0.135,34.099,0.491,1.304,0.451,0.000,19.070,0.096,61.906
1766335723.664014,10.023,7,7,22.511,0.00000,0.041,0.393,14.714,580.3,0.6389,22.511,0.0500,5.000,0,0,,,,,,,43.831,0.153,34.762,0.500,1.302,0.448,0.000,17.947,0.097,99.245
1766335723.786160,7.640,7,7,22.515,0.00000,0.041,0.395,14.748,581.0,0.6386,22.515,0.0500,5.000,0,0,,,,,,,75.415,0.172,24.490,0.478,1.317,0.432,0.000,19.565,0.055,122.080
1766335723.865667,15.062,7,7,22.519,0.00000,0.041,0.393,14.740,580.9,0.6390,22.519,0.0500,5.000,0,0,,,,,,,19.649,0.139,38.890,0.663,1.343,0.460,0.000,18.051,0.054,79.430
1766335723.922916,15.328,7,7,22.505,0.00000,0.041,0.395,14.759,580.4,0.6380,22.505,0.0500,5.000,0,0,,,,,,,5.361,0.169,30.716,0.564,1.404,0.489,0.000,18.192,0.066,57.153
1766335723.990672,14.764,7,7,22.495,0.00000,0.041,0.394,14.788,580.0,0.6383,22.495,0.0500,5.000,0,0,,,,,,,15.837,0.152,30.158,0.545,1.350,0.496,0.000,18.842,0.081,67.647
1766335724.053348,15.593,7,7,22.502,0.00000,0.041,0.394,14.815,580.0,0.6387,22.502,0.0500,5.000,0,0,,,,,,,12.223,0.173,28.487,0.525,1.323,0.439,0.000,19.181,0.063,62.582
1766335724.116861,15.213,7,7,22.519,0.00000,0.041,0.391,14.791,580.6,0.6385,22.519,0.0500,5.000,0,0,,,,,,,15.283,0.157,27.903,0.532,1.352,0.457,0.000,17.497,0.065,63.423
1766335724.182167,15.200,7,7,22.505,0.00000,0.041,0.391,14.787,580.3,0.6390,22.505,0.0500,5.000,0,0,,,,,,,17.562,0.163,27.445,0.469,1.345,0.442,0.000,17.575,0.061,65.217
1766335724.251118,15.068,7,7,22.505,0.00000,0.041,0.392,14.759,580.2,0.6390,22.505,0.0500,5.000,0,0,,,,,,,18.634,0.173,29.169,0.522,1.323,0.452,0.000,18.365,0.067,68.873
1766335724.314048,15.029,7,7,22.519,0.00000,0.041,0.393,14.766,580.5,0.6388,22.519,0.0500,5.000,0,0,,,,,,,16.213,0.200,26.227,0.526,1.340,0.436,0.000,17.684,0.061,62.843
1766335724.382138,15.186,7,7,22.514,0.00000,0.041,0.391,14.762,580.3,0.6390,22.514,0.0500,5.000,0,0,,,,,,,19.136,0.134,28.423,0.643,1.338,0.451,0.000,17.645,0.068,68.006
1766335724.446483,15.259,7,7,22.532,0.00000,0.041,0.394,14.825,580.8,0.6386,22.532,0.0500,5.000,0,0,,,,,,,16.561,0.160,27.533,0.485,1.328,0.440,0.000,17.504,0.067,64.243
1766335724.512876,15.130,7,7,22.518,0.00000,0.041,0.393,14.808,580.7,0.6386,22.518,0.0500,5.000,0,0,,,,,,,18.319,0.139,27.672,0.510,1.307,0.445,0.000,17.675,0.072,66.302
1766335724.580032,15.130,7,7,22.501,0.00000,0.041,0.393,14.795,580.2,0.6394,22.501,0.0500,5.000,0,0,,,,,,,18.039,0.154,29.093,0.539,1.314,0.445,0.000,17.279,0.054,67.085
1766335724.645958,15.113,7,7,22.512,0.00000,0.041,0.394,14.793,580.7,0.6389,22.512,0.0500,5.000,0,0,,,,,,,17.033,0.206,28.367,0.520,1.314,0.447,0.000,17.726,0.062,65.836
1766335724.713819,15.071,7,7,22.532,0.00000,0.041,0.394,14.834,580.6,0.6389,22.532,0.0500,5.000,0,0,,,,,,,17.449,0.174,30.039,0.530,1.333,0.446,0.000,17.574,0.055,67.764
1766335724.777742,15.211,7,7,22.519,0.00000,0.041,0.394,14.829,580.5,0.6384,22.519,0.0500,5.000,0,0,,,,,,,15.328,0.154,28.044,0.485,1.315,0.441,0.000,17.815,0.070,63.820
1766335724.842961,15.117,7,7,22.520,0.00000,0.041,0.392,14.817,580.5,0.6385,22.520,0.0500,5.000,0,0,,,,,,,17.565,0.248,27.009,0.547,1.336,0.465,0.000,17.701,0.078,65.127
1766335724.912041,15.140,7,7,22.522,0.00000,0.041,0.393,14.818,580.5,0.6384,22.522,0.0500,5.000,0,0,,,,,,,18.397,0.136,30.436,0.555,1.319,0.443,0.000,17.485,0.058,68.991
1766335724.978506,14.882,7,7,22.519,0.00000,0.041,0.394,14.811,580.5,0.6387,22.519,0.0500,5.000,0,0,,,,,,,16.519,0.485,29.318,0.462,1.320,0.455,0.000,17.599,0.060,66.385
1766335725.043030,15.449,7,7,22.518,0.00000,0.041,0.394,14.821,580.5,0.6386,22.518,0.0500,5.000,0,0,,,,,,,14.794,0.167,29.343,0.469,1.322,0.434,0.000,17.672,0.089,64.455
1766335725.107310,15.036,7,7,22.520,0.00000,0.041,0.394,14.833,580.4,0.6383,22.520,0.0500,5.000,0,0,,,,,,,16.766,0.273,27.241,0.476,1.301,0.439,0.000,17.482,0.066,64.202
1766335725.174960,15.289,7,7,22.505,0.00000,0.041,0.393,14.785,580.3,0.6386,22.505,0.0500,5.000,0,0,,,,,,,17.899,0.147,29.580,0.460,1.302,0.437,0.000,17.543,0.059,67.577
1766335725.240990,15.112,7,7,22.513,0.00000,0.041,0.394,14.781,580.7,0.6385,22.513,0.0500,5.000,0,0,,,,,,,16.423,0.125,29.383,0.499,1.325,0.444,0.000,17.536,0.062,65.957
1766335725.306063,15.162,7,7,22.517,0.00000,0.041,0.392,14.776,580.5,0.6382,22.517,0.0500,5.000,0,0,,,,,,,16.207,0.273,28.122,0.521,1.349,0.449,0.000,17.688,0.069,64.851
1766335725.370299,14.981,7,7,22.502,0.00000,0.041,0.393,14.774,580.4,0.6385,22.502,0.0500,5.000,0,0,,,,,,,17.989,0.146,26.108,0.483,1.307,0.433,0.000,17.437,0.061,64.128
1766335725.438304,15.059,7,7,22.517,0.00000,0.041,0.393,14.779,580.3,0.6392,22.517,0.0500,5.000,0,0,,,,,,,20.194,0.129,27.543,0.494,1.310,0.442,0.000,17.514,0.101,67.932
1766335725.506998,15.080,7,7,22.527,0.00000,0.041,0.393,14.784,580.8,0.6388,22.527,0.0500,5.000,0,0,,,,,,,18.502,0.206,30.131,0.487,1.315,0.440,0.000,17.329,0.059,68.623
1766335725.576415,15.029,7,7,22.493,0.00000,0.041,0.395,14.799,579.7,0.6381,22.493,0.0500,5.000,0,0,,,,,,,16.350,0.132,32.710,0.476,1.327,0.438,0.000,17.707,0.058,69.348
1766335725.640946,15.364,7,7,22.499,0.00000,0.041,0.392,14.801,580.3,0.6386,22.499,0.0500,5.000,0,0,,,,,,,12.020,0.291,32.327,0.476,1.302,0.434,0.000,17.405,0.052,64.461
1766335725.709644,15.340,7,7,22.513,0.00000,0.041,0.393,14.798,580.6,0.6385,22.513,0.0500,5.000,0,0,,,,,,,12.678,0.134,35.847,0.484,1.309,0.440,0.000,17.534,0.057,68.629
1766335725.867923,6.061,7,7,22.515,0.00000,0.041,0.392,14.789,580.7,0.6389,22.515,0.0500,5.000,0,0,,,,,,,108.967,0.210,29.143,0.488,1.318,0.438,0.000,17.436,0.060,158.218
1766335725.929082,15.139,7,7,22.528,0.00000,0.041,0.393,14.786,580.9,0.6392,22.528,0.0500,5.000,0,0,,,,,,,16.729,0.125,24.393,0.481,1.312,0.437,0.000,17.391,0.060,61.085
1766335725.996168,15.217,7,7,22.515,0.00000,0.041,0.392,14.803,580.7,0.6392,22.515,0.0500,5.000,0,0,,,,,,,21.273,0.123,25.729,0.463,1.328,0.433,0.000,17.424,0.059,66.996
1766335726.062906,15.160,7,7,22.519,0.00000,0.041,0.392,14.805,580.7,0.6384,22.519,0.0500,5.000,0,0,,,,,,,20.105,0.308,26.133,0.483,1.322,0.437,0.000,17.592,0.058,66.605
1766335726.129229,15.015,7,7,22.527,0.00000,0.041,0.393,14.813,580.9,0.6389,22.527,0.0500,5.000,0,0,,,,,,,20.002,0.146,26.108,0.471,1.302,0.432,0.000,17.550,0.060,66.224
1766335726.197026,15.486,7,7,22.489,0.00000,0.041,0.396,14.823,579.8,0.6384,22.489,0.0500,5.000,0,0,,,,,,,18.274,0.156,28.923,0.530,1.334,0.443,0.000,17.793,0.066,67.712
1766335726.262462,14.826,7,7,22.508,0.00000,0.041,0.392,14.835,580.6,0.6392,22.508,0.0500,5.000,0,0,,,,,,,17.912,0.284,27.216,0.502,1.311,0.440,0.000,17.450,0.073,65.345
1766335726.327813,15.101,7,7,22.497,0.00000,0.041,0.392,14.807,580.3,0.6387,22.497,0.0500,5.000,0,0,,,,,,,18.721,0.281,26.151,0.480,1.302,0.435,0.000,17.695,0.061,65.284
1766335726.394506,15.309,7,7,22.517,0.00000,0.041,0.393,14.812,580.5,0.6389,22.517,0.0500,5.000,0,0,,,,,,,18.650,0.124,27.939,0.489,1.312,0.440,0.000,17.402,0.067,66.588
1766335726.460143,15.141,7,7,22.522,0.00000,0.041,0.393,14.770,580.6,0.6386,22.522,0.0500,5.000,0,0,,,,,,,18.045,0.331,27.371,0.459,1.298,0.434,0.000,17.397,0.057,65.568
1766335726.526857,15.129,7,7,22.534,0.00000,0.041,0.393,14.805,580.7,0.6383,22.534,0.0500,5.000,0,0,,,,,,,18.483,0.145,28.001,0.483,1.309,0.434,0.000,17.484,0.069,66.624
1766335726.593038,15.151,7,7,22.516,0.00000,0.041,0.393,14.795,580.6,0.6391,22.516,0.0500,5.000,0,0,,,,,,,17.776,0.144,27.969,0.486,1.304,0.436,0.000,17.759,0.062,66.097
1766335726.658333,15.083,7,7,22.529,0.00000,0.041,0.393,14.806,580.8,0.6383,22.529,0.0500,5.000,0,0,,,,,,,17.906,0.129,27.315,0.478,1.316,0.444,0.000,17.403,0.068,65.223
1766335726.723805,15.354,7,7,22.499,0.00000,0.040,0.394,14.793,579.9,0.6384,22.499,0.0500,5.000,0,0,,,,,,,17.727,0.144,27.642,0.487,1.311,0.438,0.000,17.399,0.063,65.380
1766335726.790277,15.076,7,7,22.525,0.00000,0.041,0.394,14.822,580.8,0.6388,22.525,0.0500,5.000,0,0,,,,,,,18.569,0.142,27.836,0.476,1.306,0.434,0.000,17.389,0.062,66.368
1766335726.856568,15.066,7,7,22.517,0.00000,0.041,0.394,14.849,580.8,0.6384,22.517,0.0500,5.000,0,0,,,,,,,18.502,0.304,27.547,0.485,1.299,0.435,0.000,17.420,0.066,66.217
1766335726.922760,15.141,7,7,22.534,0.00000,0.041,0.393,14.841,581.1,0.6389,22.534,0.0500,5.000,0,0,,,,,,,18.264,0.126,27.735,0.464,1.305,0.434,0.000,17.587,0.055,66.120
1766335726.989236,15.145,7,7,22.545,0.00000,0.041,0.396,14.855,580.9,0.6394,22.545,0.0500,5.000,0,0,,,,,,,18.066,0.132,28.210,0.475,1.312,0.437,0.000,17.521,0.060,66.368
1766335727.056347,15.155,7,7,22.526,0.00000,0.041,0.394,14.866,580.3,0.6390,22.526,0.0500,5.000,0,0,,,,,,,17.576,0.185,29.257,0.484,1.304,0.443,0.000,17.537,0.063,67.006
1766335727.121727,15.129,7,7,22.522,0.00000,0.041,0.393,14.878,580.6,0.6385,22.522,0.0500,5.000,0,0,,,,,,,16.600,0.148,28.685,0.468,1.304,0.440,0.000,17.439,0.058,65.302
1766335727.188169,15.075,7,7,22.523,0.00000,0.041,0.393,14.895,580.6,0.6381,22.523,0.0500,5.000,0,0,,,,,,,17.551,0.132,28.501,0.483,1.300,0.440,0.000,17.736,0.058,66.363
1766335727.253173,15.204,7,7,22.500,0.00000,0.041,0.393,14.881,580.3,0.6381,22.500,0.0500,5.000,0,0,,,,,,,16.877,0.190,27.949,0.486,1.303,0.436,0.000,17.445,0.068,64.924
1766335727.320125,15.178,7,7,22.525,0.00000,0.041,0.393,14.863,580.6,0.6389,22.525,0.0500,5.000,0,0,,,,,,,17.769,0.132,28.982,0.462,1.311,0.441,0.000,17.574,0.059,66.882
1766335727.386561,15.110,7,7,22.518,0.00000,0.041,0.393,14.815,580.7,0.6386,22.518,0.0500,5.000,0,0,,,,,,,16.998,0.137,29.341,0.459,1.312,0.451,0.000,17.444,0.062,66.365
1766335727.450826,15.150,7,7,22.537,0.00000,0.040,0.394,14.827,580.4,0.6383,22.537,0.0500,5.000,0,0,,,,,,,16.572,0.144,27.687,0.474,1.300,0.436,0.000,17.352,0.067,64.194
1766335727.516046,15.156,7,7,22.522,0.00000,0.041,0.394,14.868,580.6,0.6384,22.522,0.0500,5.000,0,0,,,,,,,18.186,0.136,26.828,0.474,1.305,0.436,0.000,17.466,0.060,65.048
1766335727.585393,15.128,7,7,22.522,0.00000,0.041,0.392,14.847,580.4,0.6379,22.522,0.0500,5.000,0,0,,,,,,,19.149,0.126,29.857,0.496,1.355,0.452,0.000,17.589,0.064,69.256
1766335727.654667,15.038,7,7,22.507,0.00000,0.041,0.395,14.835,580.0,0.6379,22.507,0.0500,5.000,0,0,,,,,,,16.314,0.153,32.493,0.462,1.319,0.437,0.000,17.811,0.057,69.195
1766335727.721724,15.200,7,7,22.515,0.00000,0.041,0.393,14.818,580.6,0.6386,22.515,0.0500,5.000,0,0,,,,,,,12.828,0.137,34.056,0.465,1.306,0.458,0.000,17.513,0.056,66.972
1766335727.788643,15.201,7,7,22.524,0.00000,0.041,0.393,14.790,580.7,0.6388,22.524,0.0500,5.000,0,0,,,,,,,11.559,0.286,35.028,0.478,1.317,0.461,0.000,17.499,0.058,66.847
1766335727.909618,7.605,7,7,22.514,0.00000,0.041,0.392,14.779,580.3,0.6386,22.514,0.0500,5.000,0,0,,,,,,,76.136,0.224,24.367,0.508,1.307,0.444,0.000,17.703,0.059,120.904
1766335727.977002,15.085,7,7,22.516,0.00000,0.041,0.392,14.729,580.6,0.6391,22.516,0.0500,5.000,0,0,,,,,,,21.447,0.119,25.694,0.510,1.302,0.439,0.000,17.571,0.063,67.305
1766335728.042758,15.270,7,7,22.492,0.00000,0.041,0.395,14.773,580.0,0.6389,22.492,0.0500,5.000,0,0,,,,,,,19.514,0.126,25.848,0.497,1.325,0.436,0.000,17.686,0.059,65.642
1766335728.111070,14.921,7,7,22.515,0.00000,0.041,0.393,14.750,580.5,0.6388,22.515,0.0500,5.000,0,0,,,,,,,20.814,0.134,27.496,0.460,1.290,0.435,0.000,17.393,0.059,68.236
1766335728.176305,15.247,7,7,22.519,0.00000,0.041,0.392,14.745,580.6,0.6388,22.519,0.0500,5.000,0,0,,,,,,,18.096,0.305,26.536,0.481,1.308,0.450,0.000,17.770,0.060,65.163
1766335728.242235,15.133,7,7,22.524,0.00000,0.041,0.393,14.734,580.7,0.6393,22.524,0.0500,5.000,0,0,,,,,,,18.925,0.148,26.977,0.476,1.293,0.431,0.000,17.380,0.060,65.843
1766335728.307134,15.217,7,7,22.513,0.00000,0.041,0.392,14.746,580.2,0.6390,22.513,0.0500,5.000,0,0,,,,,,,18.728,0.125,26.235,0.473,1.314,0.435,0.000,17.318,0.050,64.828
1766335728.374202,15.134,7,7,22.515,0.00000,0.041,0.394,14.735,580.8,0.6393,22.515,0.0500,5.000,0,0,,,,,,,19.887,0.204,26.909,0.477,1.301,0.448,0.000,17.542,0.059,66.982
1766335728.440152,15.154,7,7,22.537,0.00000,0.041,0.395,14.765,581.1,0.6386,22.537,0.0500,5.000,0,0,,,,,,,18.821,0.138,27.097,0.468,1.301,0.431,0.000,17.409,0.059,65.875
1766335728.507385,15.028,7,7,22.534,0.00000,0.041,0.393,14.813,580.7,0.6387,22.534,0.0500,5.000,0,0,,,,,,,19.418,0.129,27.704,0.465,1.319,0.434,0.000,17.457,0.066,67.160
1766335728.572800,15.087,7,7,22.521,0.00000,0.041,0.393,14.814,580.5,0.6385,22.521,0.0500,5.000,0,0,,,,,,,18.453,0.128,26.808,0.460,1.300,0.434,0.000,17.527,0.054,65.320
1766335728.670941,10.259,7,7,22.503,0.00000,0.041,0.393,14.835,580.4,0.6383,22.503,0.0500,5.000,0,0,,,,,,,50.503,0.153,27.191,0.475,1.300,0.432,0.000,17.775,0.061,98.043
1766335728.736588,15.163,7,7,22.519,0.00000,0.041,0.394,14.841,580.4,0.6383,22.519,0.0500,5.000,0,0,,,,,,,18.308,0.142,27.113,0.467,1.300,0.432,0.000,17.583,0.058,65.549
1766335728.802741,15.157,7,7,22.502,0.00000,0.041,0.393,14.822,580.0,0.6385,22.502,0.0500,5.000,0,0,,,,,,,18.657,0.151,27.192,0.475,1.295,0.435,0.000,17.649,0.061,66.073
1766335728.870449,15.137,7,7,22.513,0.00000,0.041,0.394,14.816,580.4,0.6391,22.513,0.0500,5.000,0,0,,,,,,,18.573,0.284,28.785,0.494,1.301,0.439,0.000,17.528,0.060,67.627
1766335728.934622,15.112,7,7,22.514,0.00000,0.041,0.393,14.820,580.3,0.6389,22.514,0.0500,5.000,0,0,,,,,,,17.034,0.151,27.060,0.493,1.300,0.432,0.000,17.408,0.059,64.095
1766335729.002644,15.134,7,7,22.509,0.00000,0.041,0.393,14.821,580.5,0.6389,22.509,0.0500,5.000,0,0,,,,,,,18.945,0.146,28.898,0.469,1.324,0.436,0.000,17.513,0.059,67.950
1766335729.068144,15.132,7,7,22.516,0.00000,0.041,0.393,14.821,580.3,0.6384,22.516,0.0500,5.000,0,0,,,,,,,17.011,0.131,28.401,0.468,1.306,0.436,0.000,17.468,0.058,65.430
1766335729.133917,15.178,7,7,22.521,0.00000,0.041,0.393,14.820,580.3,0.6384,22.521,0.0500,5.000,0,0,,,,,,,17.397,0.147,28.102,0.463,1.302,0.434,0.000,17.615,0.060,65.692
1766335729.200643,15.082,7,7,22.504,0.00000,0.041,0.395,14.790,579.9,0.6383,22.504,0.0500,5.000,0,0,,,,,,,17.905,0.142,28.756,0.475,1.300,0.434,0.000,17.410,0.058,66.629
1766335729.265359,15.100,7,7,22.523,0.00000,0.041,0.394,14.771,580.4,0.6387,22.523,0.0500,5.000,0,0,,,,,,,17.425,0.152,27.055,0.464,1.300,0.434,0.000,17.600,0.060,64.645
1766335729.332321,15.206,7,7,22.509,0.00000,0.041,0.393,14.781,580.3,0.6383,22.509,0.0500,5.000,0,0,,,,,,,18.463,0.135,28.288,0.492,1.305,0.440,0.000,17.533,0.064,66.884
1766335729.398709,15.145,7,7,22.517,0.00000,0.041,0.393,14.798,580.4,0.6390,22.517,0.0500,5.000,0,0,,,,,,,17.526,0.133,28.756,0.467,1.300,0.439,0.000,17.478,0.056,66.306
1766335729.464265,15.122,7,7,22.518,0.00000,0.041,0.394,14.773,580.6,0.6384,22.518,0.0500,5.000,0,0,,,,,,,17.274,0.120,28.197,0.488,1.308,0.443,0.000,17.426,0.062,65.483
1766335729.529451,15.210,7,7,22.513,0.00000,0.041,0.393,14.764,580.6,0.6387,22.513,0.0500,5.000,0,0,,,,,,,17.455,0.154,27.428,0.493,1.306,0.439,0.000,17.605,0.064,65.103
1766335729.595854,15.189,7,7,22.504,0.00000,0.041,0.394,14.772,580.2,0.6381,22.504,0.0500,5.000,0,0,,,,,,,18.109,0.280,27.991,0.463,1.297,0.432,0.000,17.530,0.061,66.322
1766335729.664041,14.948,7,7,22.517,0.00000,0.041,0.393,14.798,580.4,0.6388,22.517,0.0500,5.000,0,0,,,,,,,18.604,0.180,29.069,0.489,1.299,0.469,0.000,17.774,0.066,68.107
1766335729.734402,14.856,7,7,22.523,0.00000,0.041,0.393,14.808,580.7,0.6390,22.523,0.0500,5.000,0,0,,,,,,,17.733,0.156,32.415,0.476,1.310,0.435,0.000,17.554,0.057,70.281
1766335729.799495,15.547,7,7,22.522,0.00000,0.041,0.392,14.815,580.7,0.6392,22.522,0.0500,5.000,0,0,,,,,,,11.701,0.306,32.802,0.493,1.307,0.444,0.000,17.738,0.062,65.013
1766335729.867982,15.169,7,7,22.497,0.00000,0.041,0.391,14.803,580.2,0.6389,22.497,0.0500,5.000,0,0,,,,,,,12.519,0.503,35.388,0.481,1.321,0.453,0.000,17.527,0.053,68.404
1766335729.988293,7.633,7,7,22.523,0.00000,0.041,0.393,14.790,580.4,0.6391,22.523,0.0500,5.000,0,0,,,,,,,75.061,0.235,25.001,0.466,1.314,0.447,0.000,17.500,0.058,120.243
1766335730.054954,14.893,7,7,22.482,0.00000,0.041,0.395,14.767,580.2,0.6390,22.482,0.0500,5.000,0,0,,,,,,,21.885,0.242,24.441,0.456,1.336,0.430,0.000,17.577,0.061,66.581
1766335730.122311,15.250,7,7,22.533,0.00000,0.041,0.394,14.768,580.6,0.6388,22.533,0.0500,5.000,0,0,,,,,,,20.793,0.145,26.350,0.464,1.313,0.427,0.000,17.549,0.057,67.271
1766335730.189222,14.940,7,7,22.521,0.00000,0.041,0.393,14.747,580.4,0.6387,22.521,0.0500,5.000,0,0,,,,,,,20.376,0.129,26.246,0.481,1.303,0.433,0.000,17.649,0.059,66.831
1766335730.256642,15.244,7,7,22.529,0.00000,0.042,0.392,14.755,580.5,0.6385,22.529,0.0500,5.000,0,0,,,,,,,19.067,0.148,28.106,0.472,1.304,0.474,0.000,17.554,0.063,67.342
1766335730.321630,15.222,7,7,22.530,0.00000,0.041,0.392,14.722,580.8,0.6392,22.530,0.0500,5.000,0,0,,,,,,,17.347,0.293,27.194,0.471,1.312,0.443,0.000,17.632,0.063,64.916
1766335730.387121,15.167,7,7,22.527,0.00000,0.041,0.394,14.747,580.7,0.6388,22.527,0.0500,5.000,0,0,,,,,,,18.277,0.122,27.056,0.481,1.307,0.443,0.000,17.506,0.060,65.406
1766335730.453098,15.137,7,7,22.528,0.00000,0.041,0.393,14.745,580.6,0.6390,22.528,0.0500,5.000,0,0,,,,,,,18.860,0.150,26.934,0.459,1.299,0.433,0.000,17.558,0.058,65.904
1766335730.518227,15.228,7,7,22.513,0.00000,0.041,0.393,14.721,580.5,0.6385,22.513,0.0500,5.000,0,0,,,,,,,18.542,0.143,26.484,0.481,1.317,0.431,0.000,17.404,0.060,65.047
1766335730.586924,15.037,7,7,22.516,0.00000,0.041,0.393,14.747,580.4,0.6386,22.516,0.0500,5.000,0,0,,,,,,,19.915,0.126,28.699,0.482,1.330,0.434,0.000,17.398,0.061,68.608
1766335730.652620,15.042,7,7,22.533,0.00000,0.041,0.394,14.817,580.8,0.6389,22.533,0.0500,5.000,0,0,,,,,,,17.710,0.130,27.879,0.467,1.303,0.437,0.000,17.489,0.057,65.626
1766335730.718713,15.197,7,7,22.522,0.00000,0.041,0.392,14.841,580.6,0.6390,22.522,0.0500,5.000,0,0,,,,,,,17.823,0.138,28.090,0.486,1.321,0.432,0.000,17.525,0.057,66.030
1766335730.785021,15.098,7,7,22.521,0.00000,0.041,0.394,14.813,580.6,0.6388,22.521,0.0500,5.000,0,0,,,,,,,17.952,0.131,28.133,0.502,1.298,0.437,0.000,17.559,0.060,66.232
1766335730.850107,15.199,7,7,22.525,0.00000,0.041,0.392,14.797,580.5,0.6386,22.525,0.0500,5.000,0,0,,,,,,,17.437,0.156,27.526,0.461,1.303,0.444,0.000,17.471,0.063,65.012
1766335730.916824,15.128,7,7,22.514,0.00000,0.041,0.394,14.850,580.4,0.6386,22.514,0.0500,5.000,0,0,,,,,,,18.460,0.319,27.877,0.497,1.309,0.436,0.000,17.521,0.060,66.641
1766335730.982185,15.162,7,7,22.513,0.00000,0.041,0.394,14.880,580.3,0.6390,22.513,0.0500,5.000,0,0,,,,,,,17.691,0.133,27.695,0.466,1.310,0.433,0.000,17.332,0.063,65.288
1766335731.048835,15.180,7,7,22.527,0.00000,0.041,0.393,14.883,580.4,0.6383,22.527,0.0500,5.000,0,0,,,,,,,18.203,0.190,28.136,0.482,1.299,0.435,0.000,17.611,0.063,66.575
1766335731.117429,14.859,7,7,22.515,0.00000,0.041,0.393,14.882,580.2,0.6386,22.515,0.0500,5.000,0,0,,,,,,,18.841,0.179,29.452,0.495,1.340,0.446,0.000,17.527,0.063,68.508
1766335731.181847,15.508,7,7,22.508,0.00000,0.041,0.395,14.884,580.2,0.6387,22.508,0.0500,5.000,0,0,,,,,,,14.750,0.129,29.441,0.507,1.345,0.453,0.000,17.495,0.062,64.350
1766335731.247189,15.082,7,7,22.513,0.00000,0.041,0.393,14.825,580.8,0.6395,22.513,0.0500,5.000,0,0,,,,,,,16.601,0.141,28.538,0.501,1.328,0.447,0.000,17.447,0.062,65.240
1766335731.312312,15.169,7,7,22.516,0.00000,0.040,0.395,14.777,580.3,0.6384,22.516,0.0500,5.000,0,0,,,,,,,17.206,0.134,27.844,0.475,1.295,0.440,0.000,17.433,0.059,65.044
1766335731.381572,14.946,7,7,22.538,0.00000,0.040,0.394,14.825,581.0,0.6386,22.538,0.0500,5.000,0,0,,,,,,,18.996,0.137,29.729,0.506,1.332,0.454,0.000,17.800,0.062,69.186
1766335731.447793,15.096,7,7,22.523,0.00000,0.041,0.396,14.851,580.4,0.6386,22.523,0.0500,5.000,0,0,,,,,,,15.959,0.253,29.780,0.474,1.305,0.435,0.000,17.700,0.063,66.125
1766335731.515565,15.560,7,7,22.509,0.00000,0.041,0.393,14.811,580.5,0.6393,22.509,0.0500,5.000,0,0,,,,,,,14.007,0.275,33.618,0.523,1.338,0.468,0.000,17.229,0.062,67.678
1766335731.607336,10.157,7,7,22.516,0.00000,0.041,0.392,14.819,580.5,0.6391,22.516,0.0500,5.000,0,0,,,,,,,44.710,0.200,26.908,0.468,1.305,0.435,0.000,17.460,0.057,91.694
1766335731.676472,15.221,7,7,22.521,0.00000,0.041,0.394,14.796,580.8,0.6387,22.521,0.0500,5.000,0,0,,,,,,,18.543,0.169,30.261,0.461,1.298,0.439,0.000,17.558,0.080,68.964
1766335731.744984,15.149,7,7,22.538,0.00000,0.041,0.392,14.775,581.0,0.6388,22.538,0.0500,5.000,0,0,,,,,,,15.501,0.157,33.024,0.462,1.302,0.438,0.000,17.323,0.062,68.424
1766335731.815574,14.879,7,7,22.500,0.00000,0.041,0.392,14.740,580.4,0.6399,22.500,0.0500,5.000,0,0,,,,,,,14.216,0.359,35.950,0.518,1.309,0.439,0.000,17.510,0.059,70.517
1766335731.881337,15.284,7,7,22.535,0.00000,0.040,0.393,14.770,580.9,0.6388,22.535,0.0500,5.000,0,0,,,,,,,9.054,0.139,36.584,0.459,1.321,0.431,0.000,17.496,0.061,65.692
1766335731.948475,15.157,7,7,22.508,0.00000,0.041,0.393,14.758,580.4,0.6391,22.508,0.0500,5.000,0,0,,,,,,,9.268,0.136,37.680,0.501,1.313,0.434,0.000,17.526,0.058,67.068
1766335732.069614,7.621,7,7,22.515,0.00000,0.041,0.394,14.793,580.6,0.6392,22.515,0.0500,5.000,0,0,,,,,,,73.327,0.162,27.599,0.515,1.316,0.440,0.000,17.483,0.059,121.056
1766335732.134334,15.067,7,7,22.520,0.00000,0.040,0.394,14.800,580.6,0.6382,22.520,0.0500,5.000,0,0,,,,,,,18.564,0.167,26.013,0.482,1.301,0.435,0.000,17.466,0.061,64.640
1766335732.202646,15.184,7,7,22.530,0.00000,0.041,0.394,14.815,580.7,0.6387,22.530,0.0500,5.000,0,0,,,,,,,19.702,0.145,28.235,0.484,1.304,0.432,0.000,17.716,0.059,68.232
1766335732.268896,15.156,7,7,22.503,0.00000,0.041,0.392,14.835,580.2,0.6387,22.503,0.0500,5.000,0,0,,,,,,,17.380,0.157,28.619,0.497,1.304,0.440,0.000,17.547,0.066,66.177
1766335732.334024,15.056,7,7,22.514,0.00000,0.041,0.396,14.836,580.3,0.6386,22.514,0.0500,5.000,0,0,,,,,,,17.537,0.153,27.356,0.499,1.308,0.441,0.000,17.530,0.057,65.044
1766335732.398068,15.341,7,7,22.532,0.00000,0.041,0.393,14.819,580.8,0.6388,22.532,0.0500,5.000,0,0,,,,,,,17.600,0.140,26.362,0.478,1.312,0.436,0.000,17.419,0.060,63.963
1766335732.466386,14.855,7,7,22.517,0.00000,0.041,0.393,14.778,580.4,0.6387,22.517,0.0500,5.000,0,0,,,,,,,20.865,0.125,27.066,0.492,1.336,0.436,0.000,17.695,0.060,68.228
1766335732.532290,15.130,7,7,22.536,0.00000,0.040,0.392,14.800,581.0,0.6392,22.536,0.0500,5.000,0,0,,,,,,,18.625,0.132,27.146,0.463,1.294,0.435,0.000,17.486,0.060,65.799
1766335732.597901,15.177,7,7,22.512,0.00000,0.041,0.393,14.790,580.5,0.6393,22.512,0.0500,5.000,0,0,,,,,,,18.621,0.127,26.828,0.475,1.296,0.437,0.000,17.506,0.063,65.516
1766335732.664665,15.146,7,7,22.492,0.00000,0.041,0.391,14.770,579.9,0.6395,22.492,0.0500,5.000,0,0,,,,,,,19.049,0.125,27.468,0.496,1.333,0.435,0.000,17.548,0.062,66.675
1766335732.730705,14.992,7,7,22.527,0.00000,0.041,0.393,14.823,580.9,0.6384,22.527,0.0500,5.000,0,0,,,,,,,18.992,0.146,26.997,0.461,1.282,0.466,0.000,17.402,0.060,65.964
1766335732.797142,15.199,7,7,22.532,0.00000,0.041,0.395,14.852,581.0,0.6380,22.532,0.0500,5.000,0,0,,,,,,,18.747,0.174,27.536,0.461,1.301,0.430,0.000,17.472,0.069,66.356
1766335732.862964,15.223,7,7,22.511,0.00000,0.040,0.396,14.859,580.3,0.6382,22.511,0.0500,5.000,0,0,,,,,,,17.993,0.313,27.357,0.466,1.312,0.431,0.000,17.641,0.063,65.733
1766335732.929247,15.167,7,7,22.518,0.00000,0.041,0.394,14.876,580.7,0.6387,22.518,0.0500,5.000,0,0,,,,,,,18.102,0.143,27.935,0.470,1.304,0.432,0.000,17.561,0.067,66.183
1766335732.997515,15.137,7,7,22.519,0.00000,0.041,0.392,14.853,580.7,0.6388,22.519,0.0500,5.000,0,0,,,,,,,17.876,0.149,30.094,0.530,1.319,0.441,0.000,17.534,0.065,68.167
1766335733.062735,14.721,7,7,22.525,0.00000,0.041,0.396,14.852,580.4,0.6378,22.525,0.0500,5.000,0,0,,,,,,,17.543,0.170,27.459,0.493,1.335,0.439,0.000,17.471,0.060,65.126
1766335733.129061,15.723,7,7,22.521,0.00000,0.041,0.394,14.854,580.6,0.6394,22.521,0.0500,5.000,0,0,,,,,,,15.902,0.433,29.910,0.492,1.302,0.440,0.000,17.514,0.058,66.209
1766335733.197409,14.896,7,7,22.534,0.00000,0.041,0.393,14.844,580.7,0.6389,22.534,0.0500,5.000,0,0,,,,,,,16.736,0.162,31.045,0.527,1.314,0.449,0.000,17.800,0.061,68.261
1766335733.261271,15.099,7,7,22.528,0.00000,0.041,0.393,14.857,580.7,0.6385,22.528,0.0500,5.000,0,0,,,,,,,14.602,0.281,28.978,0.463,1.312,0.460,0.000,17.434,0.066,63.758
1766335733.328622,14.860,7,7,22.522,0.00000,0.041,0.393,14.842,580.6,0.6388,22.522,0.0500,5.000,0,0,,,,,,,18.065,0.277,29.051,0.484,1.301,0.462,0.000,17.426,0.058,67.277
1766335733.391909,15.554,7,7,22.492,0.00000,0.041,0.395,14.802,579.8,0.6383,22.492,0.0500,5.000,0,0,,,,,,,14.998,0.168,28.034,0.482,1.324,0.437,0.000,17.542,0.061,63.203
1766335733.456485,15.246,7,7,22.525,0.00000,0.040,0.395,14.804,580.6,0.6383,22.525,0.0500,5.000,0,0,,,,,,,17.310,0.137,26.961,0.486,1.313,0.447,0.000,17.612,0.062,64.488
1766335733.524612,15.135,7,7,22.525,0.00000,0.041,0.393,14.808,580.3,0.6391,22.525,0.0500,5.000,0,0,,,,,,,18.802,0.172,29.115,0.478,1.320,0.451,0.000,17.494,0.057,68.044
1766335733.591091,15.005,7,7,22.502,0.00000,0.040,0.396,14.817,579.9,0.6385,22.502,0.0500,5.000,0,0,,,,,,,17.329,0.190,28.739,0.500,1.305,0.443,0.000,17.677,0.065,66.407
1766335733.655246,15.206,7,7,22.510,0.00000,0.041,0.392,14.808,580.6,0.6397,22.510,0.0500,5.000,0,0,,,,,,,16.611,0.122,27.327,0.469,1.315,0.442,0.000,17.544,0.068,64.079
1766335733.720198,15.180,7,7,22.527,0.00000,0.040,0.393,14.792,580.6,0.6391,22.527,0.0500,5.000,0,0,,,,,,,18.337,0.121,26.414,0.456,1.294,0.441,0.000,17.608,0.060,64.881
1766335733.789845,15.145,7,7,22.511,0.00000,0.040,0.393,14.733,580.4,0.6392,22.511,0.0500,5.000,0,0,,,,,,,19.406,0.178,30.045,0.454,1.301,0.435,0.000,17.545,0.060,69.571
1766335733.857919,15.176,7,7,22.527,0.00000,0.041,0.394,14.780,580.8,0.6384,22.527,0.0500,5.000,0,0,,,,,,,15.660,0.128,32.232,0.496,1.309,0.443,0.000,17.518,0.060,68.001
1766335733.925632,15.089,7,7,22.519,0.00000,0.041,0.394,14.773,580.6,0.6389,22.519,0.0500,5.000,0,0,,,,,,,13.851,0.149,33.678,0.467,1.318,0.430,0.000,17.535,0.058,67.635
1766335733.992939,15.126,7,7,22.511,0.00000,0.040,0.392,14.781,580.6,0.6384,22.511,0.0500,5.000,0,0,,,,,,,12.262,0.126,34.637,0.512,1.299,0.453,0.000,17.739,0.061,67.242
1766335734.147302,6.099,7,7,22.514,0.00000,0.041,0.394,14.818,580.4,0.6386,22.514,0.0500,5.000,0,0,,,,,,,108.918,0.173,25.310,0.487,1.311,0.434,0.000,17.438,0.063,154.291
1766335734.216361,15.402,7,7,22.520,0.00000,0.041,0.397,14.849,580.2,0.6382,22.520,0.0500,5.000,0,0,,,,,,,19.458,0.251,28.493,0.548,1.492,0.502,0.000,17.982,0.065,68.964
1766335734.279311,14.905,7,7,22.510,0.00000,0.041,0.394,14.848,580.4,0.6387,22.510,0.0500,5.000,0,0,,,,,,,17.516,0.161,25.297,0.481,1.314,0.429,0.000,17.471,0.055,62.875
1766335734.346283,15.008,7,7,22.520,0.00000,0.041,0.392,14.837,580.5,0.6385,22.520,0.0500,5.000,0,0,,,,,,,21.180,0.161,25.624,0.468,1.306,0.431,0.000,17.503,0.056,66.879
1766335734.412771,15.332,7,7,22.522,0.00000,0.041,0.393,14.835,580.3,0.6385,22.522,0.0500,5.000,0,0,,,,,,,19.437,0.293,26.553,0.496,1.323,0.437,0.000,17.639,0.071,66.403
1766335734.478539,15.334,7,7,22.513,0.00000,0.041,0.395,14.865,580.2,0.6384,22.513,0.0500,5.000,0,0,,,,,,,18.179,0.125,27.563,0.457,1.289,0.430,0.000,17.457,0.052,65.698
1766335734.544962,15.026,7,7,22.518,0.00000,0.041,0.394,14.901,580.7,0.6389,22.518,0.0500,5.000,0,0,,,,,,,18.956,0.240,27.070,0.492,1.322,0.448,0.000,17.609,0.052,66.347
1766335734.611791,14.944,7,7,22.516,0.00000,0.041,0.393,14.856,580.3,0.6392,22.516,0.0500,5.000,0,0,,,,,,,19.443,0.264,27.019,0.505,1.316,0.453,0.000,17.520,0.059,66.749
1766335734.676837,15.520,7,7,22.548,0.00000,0.041,0.395,14.835,581.0,0.6389,22.548,0.0500,5.000,0,0,,,,,,,17.059,0.277,27.499,0.484,1.299,0.437,0.000,17.705,0.050,64.972
1766335734.742992,14.972,7,7,22.519,0.00000,0.041,0.395,14.854,580.3,0.6381,22.519,0.0500,5.000,0,0,,,,,,,18.779,0.325,26.808,0.475,1.309,0.435,0.000,17.710,0.053,66.052
1766335734.809826,15.187,7,7,22.520,0.00000,0.042,0.393,14.841,580.7,0.6388,22.520,0.0500,5.000,0,0,,,,,,,18.462,0.131,27.978,0.479,1.309,0.436,0.000,17.684,0.077,66.725
1766335734.876368,15.093,7,7,22.553,0.00000,0.040,0.393,14.817,580.9,0.6390,22.553,0.0500,5.000,0,0,,,,,,,17.892,0.209,28.334,0.472,1.305,0.434,0.000,17.497,0.073,66.434
1766335734.942156,15.116,7,7,22.513,0.00000,0.041,0.395,14.825,580.1,0.6382,22.513,0.0500,5.000,0,0,,,,,,,17.531,0.147,28.002,0.488,1.296,0.436,0.000,17.602,0.055,65.714
1766335735.007043,15.234,7,7,22.518,0.00000,0.041,0.394,14.855,580.8,0.6389,22.518,0.0500,5.000,0,0,,,,,,,17.386,0.130,27.317,0.458,1.295,0.431,0.000,17.595,0.051,64.813
1766335735.076531,15.107,7,7,22.505,0.00000,0.040,0.394,14.832,580.2,0.6390,22.505,0.0500,5.000,0,0,,,,,,,18.694,0.149,30.463,0.485,1.326,0.442,0.000,17.538,0.086,69.411
1766335735.140819,15.112,7,7,22.505,0.00000,0.041,0.394,14.824,580.0,0.6382,22.505,0.0500,5.000,0,0,,,,,,,15.370,0.117,28.858,0.478,1.302,0.438,0.000,17.436,0.052,64.203
1766335735.205908,15.161,7,7,22.517,0.00000,0.041,0.394,14.851,580.7,0.6386,22.517,0.0500,5.000,0,0,,,,,,,17.045,0.125,28.434,0.489,1.311,0.444,0.000,16.938,0.062,65.009
1766335735.273977,15.350,7,7,22.517,0.00000,0.041,0.393,14.831,580.8,0.6390,22.517,0.0500,5.000,0,0,,,,,,,17.101,0.151,30.665,0.510,1.317,0.453,0.000,17.579,0.047,67.985
1766335735.340804,14.851,7,7,22.522,0.00000,0.041,0.394,14.838,580.7,0.6393,22.522,0.0500,5.000,0,0,,,,,,,16.343,0.310,30.093,0.502,1.330,0.464,0.000,17.459,0.056,66.717
1766335735.405866,15.207,7,7,22.526,0.00000,0.041,0.394,14.848,580.6,0.6384,22.526,0.0500,5.000,0,0,,,,,,,15.268,0.136,29.515,0.536,1.327,0.445,0.000,17.497,0.055,64.944
1766335735.471563,15.140,7,7,22.509,0.00000,0.041,0.391,14.798,580.4,0.6386,22.509,0.0500,5.000,0,0,,,,,,,16.270,0.123,29.289,0.502,1.306,0.439,0.000,17.460,0.052,65.596
1766335735.535778,15.146,7,7,22.527,0.00000,0.041,0.393,14.773,580.4,0.6390,22.527,0.0500,5.000,0,0,,,,,,,16.620,0.157,27.564,0.490,1.308,0.435,0.000,17.338,0.061,64.137
1766335735.603234,15.137,7,7,22.532,0.00000,0.041,0.394,14.780,580.8,0.6382,22.532,0.0500,5.000,0,0,,,,,,,18.469,0.143,28.900,0.496,1.312,0.445,0.000,17.405,0.050,67.379
1766335735.669611,15.097,7,7,22.521,0.00000,0.041,0.394,14.759,580.6,0.6390,22.521,0.0500,5.000,0,0,,,,,,,17.250,0.129,28.868,0.480,1.305,0.452,0.000,17.599,0.053,66.299
1766335735.734512,15.195,7,7,22.533,0.00000,0.041,0.393,14.763,580.7,0.6388,22.533,0.0500,5.000,0,0,,,,,,,16.689,0.131,27.953,0.496,1.343,0.435,0.000,17.571,0.050,64.826
1766335735.799239,15.171,7,7,22.516,0.00000,0.041,0.392,14.796,580.4,0.6388,22.516,0.0500,5.000,0,0,,,,,,,17.617,0.145,26.789,0.490,1.312,0.449,0.000,17.555,0.055,64.567
1766335735.869805,15.104,7,7,22.506,0.00000,0.041,0.395,14.757,580.3,0.6384,22.506,0.0500,5.000,0,0,,,,,,,19.149,0.127,31.255,0.469,1.307,0.436,0.000,17.514,0.050,70.458
1766335735.940224,15.043,7,7,22.524,0.00000,0.041,0.393,14.740,581.0,0.6392,22.524,0.0500,5.000,0,0,,,,,,,15.098,0.120,35.223,0.486,1.323,0.447,0.000,17.445,0.052,70.348
1766335736.003169,15.216,7,7,22.521,0.00000,0.041,0.394,14.753,580.7,0.6388,22.521,0.0500,5.000,0,0,,,,,,,10.397,0.164,32.272,0.467,1.318,0.445,0.000,17.598,0.055,62.874
1766335736.071494,15.048,7,7,22.517,0.00000,0.041,0.393,14.753,580.5,0.6386,22.517,0.0500,5.000,0,0,,,,,,,13.911,0.163,34.228,0.518,1.327,0.438,0.000,17.465,0.054,68.259
1766335736.193732,7.680,7,7,22.518,0.00000,0.041,0.394,14.768,580.7,0.6389,22.518,0.0500,5.000,0,0,,,,,,,75.780,0.176,26.198,0.530,1.313,0.440,0.000,17.507,0.053,122.164
1766335736.258905,14.973,7,7,22.535,0.00000,0.041,0.394,14.791,580.5,0.6381,22.535,0.0500,5.000,0,0,,,,,,,20.299,0.204,24.737,0.469,1.320,0.438,0.000,17.401,0.048,65.073
1766335736.326277,15.091,7,7,22.513,0.00000,0.040,0.397,14.791,580.2,0.6383,22.513,0.0500,5.000,0,0,,,,,,,21.417,0.142,25.491,0.505,1.314,0.440,0.000,17.769,0.055,67.295
1766335736.394021,14.995,7,7,22.502,0.00000,0.041,0.396,14.829,580.3,0.6389,22.502,0.0500,5.000,0,0,,,,,,,20.679,0.126,26.647,0.489,1.318,0.439,0.000,17.694,0.049,67.607
1766335736.460091,15.152,7,7,22.490,0.00000,0.041,0.394,14.805,580.1,0.6391,22.490,0.0500,5.000,0,0,,,,,,,18.980,0.277,26.719,0.501,1.321,0.438,0.000,17.530,0.057,65.987
1766335736.557029,10.222,7,7,22.522,0.00000,0.041,0.394,14.828,580.9,0.6392,22.522,0.0500,5.000,0,0,,,,,,,50.732,0.160,25.951,0.489,1.317,0.437,0.000,17.555,0.054,96.850
1766335736.625311,15.124,7,7,22.515,0.00000,0.041,0.395,14.866,580.9,0.6392,22.515,0.0500,5.000,0,0,,,,,,,19.912,0.151,27.944,0.484,1.322,0.442,0.000,17.734,0.051,68.196
1766335736.689421,15.390,7,7,22.489,0.00000,0.041,0.395,14.814,580.3,0.6386,22.489,0.0500,5.000,0,0,,,,,,,16.622,0.145,27.180,0.517,1.302,0.439,0.000,17.605,0.055,64.028
1766335736.755726,15.104,7,7,22.523,0.00000,0.040,0.397,14.826,580.2,0.6384,22.523,0.0500,5.000,0,0,,,,,,,18.701,0.124,27.366,0.504,1.306,0.438,0.000,17.550,0.053,66.202
1766335736.822711,15.058,7,7,22.523,0.00000,0.041,0.393,14.840,580.6,0.6387,22.523,0.0500,5.000,0,0,,,,,,,18.785,0.202,27.922,0.465,1.304,0.455,0.000,17.525,0.054,66.871
1766335736.889129,15.072,7,7,22.507,0.00000,0.041,0.394,14.856,580.5,0.6389,22.507,0.0500,5.000,0,0,,,,,,,18.168,0.140,27.998,0.489,1.319,0.438,0.000,17.552,0.053,66.324
1766335736.954997,15.183,7,7,22.523,0.00000,0.041,0.393,14.854,580.7,0.6385,22.523,0.0500,5.000,0,0,,,,,,,17.615,0.130,27.925,0.490,1.316,0.438,0.000,17.643,0.052,65.778
1766335737.020524,15.177,7,7,22.525,0.00000,0.041,0.393,14.862,580.8,0.6396,22.525,0.0500,5.000,0,0,,,,,,,17.658,0.124,27.948,0.470,1.320,0.435,0.000,17.285,0.055,65.455
1766335737.086644,15.237,7,7,22.526,0.00000,0.041,0.393,14.844,580.7,0.6387,22.526,0.0500,5.000,0,0,,,,,,,17.752,0.145,28.243,0.458,1.307,0.430,0.000,17.492,0.050,66.041
1766335737.154309,14.960,7,7,22.512,0.00000,0.040,0.392,14.820,580.2,0.6393,22.512,0.0500,5.000,0,0,,,,,,,18.481,0.315,28.553,0.495,1.322,0.444,0.000,17.749,0.056,67.592
1766335737.219780,15.331,7,7,22.501,0.00000,0.041,0.393,14.818,580.2,0.6393,22.501,0.0500,5.000,0,0,,,,,,,16.049,0.205,29.183,0.473,1.298,0.435,0.000,17.550,0.052,65.400
1766335737.283539,15.397,7,7,22.496,0.00000,0.041,0.395,14.785,579.9,0.6387,22.496,0.0500,5.000,0,0,,,,,,,15.521,0.123,28.017,0.494,1.300,0.431,0.000,17.585,0.053,63.684
1766335737.351432,14.953,7,7,22.505,0.00000,0.041,0.393,14.784,580.4,0.6389,22.505,0.0500,5.000,0,0,,,,,,,18.617,0.131,29.073,0.477,1.303,0.438,0.000,17.557,0.045,67.796
1766335737.418323,14.967,7,7,22.509,0.00000,0.041,0.393,14.820,580.6,0.6390,22.509,0.0500,5.000,0,0,,,,,,,17.558,0.125,29.157,0.482,1.308,0.440,0.000,17.538,0.051,66.815
1766335737.485605,15.302,7,7,22.506,0.00000,0.041,0.395,14.795,580.2,0.6386,22.506,0.0500,5.000,0,0,,,,,,,16.019,0.149,30.320,0.522,1.337,0.450,0.000,18.000,0.173,67.202
1766335737.565242,15.330,7,7,22.523,0.00000,0.040,0.392,14.775,580.5,0.6390,22.523,0.0500,5.000,0,0,,,,,,,13.924,0.147,44.470,0.563,1.493,0.499,0.000,18.196,0.051,79.517
1766335737.651385,10.061,7,7,22.519,0.00000,0.041,0.393,14.769,580.7,0.6388,22.519,0.0500,5.000,0,0,,,,,,,33.700,0.145,31.175,0.563,1.492,0.509,0.000,18.210,0.069,86.040
1766335737.716423,14.780,7,7,22.512,0.00000,0.041,0.394,14.730,580.4,0.6387,22.512,0.0500,5.000,0,0,,,,,,,15.237,0.139,29.717,0.492,1.331,0.462,0.000,17.357,0.063,64.955
1766335737.781638,15.123,7,7,22.500,0.00000,0.041,0.395,14.751,579.9,0.6384,22.500,0.0500,5.000,0,0,,,,,,,16.326,0.134,28.859,0.488,1.314,0.453,0.000,17.341,0.066,65.135
1766335737.846526,15.310,7,7,22.531,0.00000,0.041,0.394,14.786,580.9,0.6385,22.531,0.0500,5.000,0,0,,,,,,,16.425,0.117,28.219,0.526,1.328,0.444,0.000,17.525,0.057,64.808
1766335737.911747,15.102,7,7,22.532,0.00000,0.040,0.393,14.772,580.7,0.6390,22.532,0.0500,5.000,0,0,,,,,,,17.762,0.148,27.037,0.483,1.356,0.437,0.000,17.710,0.062,65.145
1766335737.980692,15.084,7,7,22.528,0.00000,0.041,0.395,14.787,580.8,0.6386,22.528,0.0500,5.000,0,0,,,,,,,18.755,0.108,29.877,0.508,1.311,0.442,0.000,17.569,0.062,68.790
1766335738.049206,15.128,7,7,22.489,0.00000,0.041,0.395,14.776,580.0,0.6388,22.489,0.0500,5.000,0,0,,,,,,,15.963,0.129,32.253,0.477,1.356,0.437,0.000,17.570,0.061,68.409
1766335738.115900,15.167,7,7,22.499,0.00000,0.041,0.396,14.750,580.0,0.6389,22.499,0.0500,5.000,0,0,,,,,,,13.416,0.135,33.090,0.525,1.357,0.453,0.000,17.430,0.061,66.624
1766335738.183765,15.176,7,7,22.498,0.00000,0.041,0.396,14.756,580.0,0.6388,22.498,0.0500,5.000,0,0,,,,,,,12.603,0.121,35.238,0.488,1.309,0.439,0.000,17.368,0.060,67.780
1766335738.271949,10.177,7,7,22.496,0.00000,0.040,0.397,14.769,580.1,0.6385,22.496,0.0500,5.000,0,0,,,,,,,42.996,0.121,24.950,0.486,1.317,0.462,0.000,17.542,0.064,88.094
1766335738.338070,15.016,7,7,22.517,0.00000,0.040,0.392,14.729,580.5,0.6387,22.517,0.0500,5.000,0,0,,,,,,,21.409,0.108,24.463,0.492,1.357,0.441,0.000,17.530,0.065,66.026
1766335738.406023,15.052,7,7,22.519,0.00000,0.041,0.395,14.721,580.4,0.6384,22.519,0.0500,5.000,0,0,,,,,,,21.706,0.110,26.029,0.477,1.298,0.492,0.000,17.515,0.062,67.845
1766335738.471917,15.077,7,7,22.508,0.00000,0.041,0.393,14.753,580.4,0.6386,22.508,0.0500,5.000,0,0,,,,,,,20.088,0.177,25.594,0.472,1.306,0.437,0.000,17.502,0.067,65.796
1766335738.538422,15.297,7,7,22.513,0.00000,0.041,0.393,14.774,580.7,0.6396,22.513,0.0500,5.000,0,0,,,,,,,19.573,0.135,26.599,0.479,1.299,0.436,0.000,17.679,0.063,66.419
1766335738.602840,15.408,7,7,22.525,0.00000,0.041,0.393,14.776,580.8,0.6394,22.525,0.0500,5.000,0,0,,,,,,,17.958,0.311,26.085,0.480,1.322,0.437,0.000,17.510,0.062,64.318
1766335738.670596,14.947,7,7,22.543,0.00000,0.041,0.395,14.803,580.7,0.6391,22.543,0.0500,5.000,0,0,,,,,,,20.464,0.110,27.084,0.490,1.315,0.437,0.000,17.561,0.062,67.676
1766335738.735818,15.094,7,7,22.527,0.00000,0.040,0.392,14.696,580.8,0.6394,22.527,0.0500,5.000,0,0,,,,,,,18.965,0.149,26.104,0.480,1.299,0.434,0.000,17.504,0.062,65.147
1766335738.806326,14.955,7,7,22.509,0.00000,0.041,0.393,14.680,580.5,0.6387,22.509,0.0500,5.000,0,0,,,,,,,20.610,0.117,27.297,0.491,1.319,0.439,0.000,19.937,0.058,70.429
1766335738.867752,15.593,7,7,22.535,0.00000,0.041,0.395,14.695,580.7,0.6392,22.535,0.0500,5.000,0,0,,,,,,,14.217,0.144,26.710,0.498,1.307,0.440,0.000,17.794,0.060,61.331
1766335738.936868,14.992,7,7,22.510,0.00000,0.041,0.391,14.648,580.2,0.6391,22.510,0.0500,5.000,0,0,,,,,,,19.494,0.195,28.998,0.480,1.320,0.618,0.000,17.690,0.063,69.023
1766335739.002804,15.568,7,7,22.514,0.00000,0.041,0.392,14.605,580.5,0.6394,22.514,0.0500,5.000,0,0,,,,,,,14.621,0.127,28.431,0.464,1.301,0.490,0.000,20.205,0.059,65.853
1766335739.070179,14.682,7,7,22.523,0.00000,0.041,0.392,14.604,580.8,0.6389,22.523,0.0500,5.000,0,0,,,,,,,16.792,0.347,27.412,0.560,1.333,0.445,0.000,20.166,0.063,67.284
1766335739.135681,15.314,7,7,22.529,0.00000,0.041,0.394,14.650,580.8,0.6394,22.529,0.0500,5.000,0,0,,,,,,,14.711,0.296,29.643,0.489,1.344,0.442,0.000,18.247,0.064,65.405
1766335739.199753,15.048,7,7,22.538,0.00000,0.040,0.394,14.697,580.9,0.6386,22.538,0.0500,5.000,0,0,,,,,,,15.679,0.329,28.135,0.507,1.316,0.436,0.000,17.364,0.061,63.988
1766335739.266129,15.059,7,7,22.519,0.00000,0.041,0.395,14.685,580.7,0.6390,22.519,0.0500,5.000,0,0,,,,,,,18.005,0.132,28.125,0.560,1.336,0.442,0.000,17.446,0.063,66.280
1766335739.332074,15.149,7,7,22.522,0.00000,0.040,0.396,14.732,580.5,0.6382,22.522,0.0500,5.000,0,0,,,,,,,17.629,0.122,28.251,0.479,1.322,0.442,0.000,17.371,0.065,65.849
1766335739.400269,14.984,7,7,22.509,0.00000,0.041,0.394,14.741,580.2,0.6390,22.509,0.0500,5.000,0,0,,,,,,,18.448,0.130,29.562,0.506,1.340,0.449,0.000,17.467,0.061,68.125
1766335739.464310,15.250,7,7,22.513,0.00000,0.041,0.393,14.749,580.5,0.6391,22.513,0.0500,5.000,0,0,,,,,,,15.824,0.152,28.265,0.465,1.297,0.435,0.000,17.314,0.058,63.964
1766335739.529778,15.677,7,7,22.498,0.00000,0.041,0.392,14.726,580.4,0.6396,22.498,0.0500,5.000,0,0,,,,,,,15.571,0.135,29.086,0.512,1.368,0.449,0.000,18.033,0.070,65.398
1766335739.631312,10.092,7,7,22.522,0.00000,0.040,0.395,14.728,580.7,0.6392,22.522,0.0500,5.000,0,0,,,,,,,49.161,0.130,28.763,0.516,1.323,0.443,0.000,20.865,0.059,101.422
1766335739.698251,15.102,7,7,22.515,0.00000,0.041,0.396,14.721,580.3,0.6385,22.515,0.0500,5.000,0,0,,,,,,,13.858,0.121,28.720,0.516,1.316,0.438,0.000,21.649,0.058,66.840
1766335739.760472,15.127,7,7,22.517,0.00000,0.041,0.394,14.696,580.3,0.6386,22.517,0.0500,5.000,0,0,,,,,,,13.010,0.128,29.036,0.456,1.300,0.433,0.000,17.539,0.058,62.111
1766335739.826900,14.989,7,7,22.500,0.00000,0.040,0.395,14.701,580.2,0.6387,22.500,0.0500,5.000,0,0,,,,,,,17.513,0.117,28.669,0.505,1.325,0.446,0.000,17.524,0.067,66.328
1766335739.891717,15.105,7,7,22.528,0.00000,0.040,0.394,14.721,580.5,0.6387,22.528,0.0500,5.000,0,0,,,,,,,17.319,0.306,27.089,0.494,1.303,0.466,0.000,17.541,0.068,64.747
1766335739.957632,15.106,7,7,22.525,0.00000,0.040,0.393,14.681,580.8,0.6389,22.525,0.0500,5.000,0,0,,,,,,,18.570,0.136,27.039,0.490,1.301,0.466,0.000,17.479,0.065,65.709
1766335740.024974,15.155,7,7,22.510,0.00000,0.041,0.396,14.661,580.0,0.6383,22.510,0.0500,5.000,0,0,,,,,,,18.740,0.124,28.531,0.475,1.303,0.439,0.000,17.420,0.058,67.242
1766335740.096962,14.963,7,7,22.533,0.00000,0.041,0.393,14.648,580.7,0.6389,22.533,0.0500,5.000,0,0,,,,,,,18.244,0.108,33.557,0.508,1.362,0.444,0.000,17.459,0.060,71.901
1766335740.161123,15.330,7,7,22.521,0.00000,0.041,0.394,14.645,580.7,0.6391,22.521,0.0500,5.000,0,0,,,,,,,11.490,0.107,32.422,0.486,1.347,0.449,0.000,17.559,0.063,64.077
1766335740.230016,15.084,7,7,22.497,0.00000,0.041,0.395,14.616,579.9,0.6388,22.497,0.0500,5.000,0,0,,,,,,,13.619,0.118,34.904,0.482,1.320,0.464,0.000,17.684,0.062,68.805
1766335740.351765,7.610,7,7,22.515,0.00000,0.040,0.396,14.631,580.2,0.6377,22.515,0.0500,5.000,0,0,,,,,,,76.142,0.338,25.107,0.514,1.331,0.439,0.000,17.581,0.061,121.665
1766335740.416906,15.073,7,7,22.508,0.00000,0.041,0.393,14.643,580.4,0.6391,22.508,0.0500,5.000,0,0,,,,,,,20.741,0.149,24.269,0.477,1.339,0.435,0.000,17.430,0.064,65.059
1766335740.484628,15.211,7,7,22.526,0.00000,0.041,0.393,14.649,580.8,0.6393,22.526,0.0500,5.000,0,0,,,,,,,21.319,0.139,26.066,0.508,1.306,0.441,0.000,17.626,0.062,67.622
1766335740.551669,15.128,7,7,22.540,0.00000,0.041,0.393,14.667,580.8,0.6388,22.540,0.0500,5.000,0,0,,,,,,,19.718,0.207,27.056,0.458,1.334,0.434,0.000,17.547,0.060,66.960
1766335740.616714,15.148,7,7,22.480,0.00000,0.041,0.394,14.669,579.8,0.6388,22.480,0.0500,5.000,0,0,,,,,,,18.694,0.133,26.069,0.502,1.312,0.440,0.000,17.595,0.063,64.966
1766335740.683213,15.114,7,7,22.524,0.00000,0.041,0.396,14.725,580.5,0.6389,22.524,0.0500,5.000,0,0,,,,,,,19.810,0.123,26.420,0.481,1.336,0.436,0.000,17.587,0.063,66.414
1766335740.749083,15.222,7,7,22.532,0.00000,0.041,0.394,14.741,580.5,0.6393,22.532,0.0500,5.000,0,0,,,,,,,18.955,0.127,26.723,0.475,1.299,0.439,0.000,17.504,0.062,65.735
1766335740.815156,15.044,7,7,22.524,0.00000,0.041,0.393,14.722,580.7,0.6393,22.524,0.0500,5.000,0,0,,,,,,,19.610,0.137,26.350,0.465,1.316,0.435,0.000,17.466,0.059,65.990
1766335740.881110,15.386,7,7,22.529,0.00000,0.041,0.393,14.722,580.5,0.6390,22.529,0.0500,5.000,0,0,,,,,,,18.519,0.116,27.193,0.484,1.299,0.448,0.000,17.576,0.062,65.860
1766335740.948528,15.000,7,7,22.504,0.00000,0.041,0.394,14.752,580.2,0.6390,22.504,0.0500,5.000,0,0,,,,,,,19.216,0.130,28.044,0.479,1.320,0.436,0.000,17.462,0.059,67.308
1766335741.013892,15.018,7,7,22.531,0.00000,0.041,0.392,14.785,580.8,0.6382,22.531,0.0500,5.000,0,0,,,,,,,18.422,0.114,26.686,0.480,1.351,0.456,0.000,17.563,0.065,65.293
1766335741.079870,15.297,7,7,22.510,0.00000,0.041,0.395,14.779,580.3,0.6396,22.510,0.0500,5.000,0,0,,,,,,,18.425,0.120,27.235,0.476,1.380,0.435,0.000,17.626,0.056,65.903
1766335741.146382,15.172,7,7,22.510,0.00000,0.041,0.396,14.760,579.8,0.6385,22.510,0.0500,5.000,0,0,,,,,,,18.356,0.110,28.031,0.480,1.302,0.449,0.000,17.477,0.065,66.433
1766335741.213383,15.247,7,7,22.529,0.00000,0.041,0.393,14.782,580.7,0.6392,22.529,0.0500,5.000,0,0,,,,,,,17.433,0.162,29.279,0.500,1.328,0.441,0.000,17.550,0.061,66.915
1766335741.278314,14.976,7,7,22.540,0.00000,0.041,0.394,14.772,581.0,0.6393,22.540,0.0500,5.000,0,0,,,,,,,17.207,0.182,27.456,0.479,1.361,0.452,0.000,17.490,0.066,64.856
1766335741.344913,14.982,7,7,22.498,0.00000,0.041,0.394,14.769,579.9,0.6384,22.498,0.0500,5.000,0,0,,,,,,,19.011,0.115,27.399,0.498,1.320,0.439,0.000,17.496,0.059,66.504
1766335741.410902,15.212,7,7,22.479,0.00000,0.040,0.393,14.719,579.5,0.6391,22.479,0.0500,5.000,0,0,,,,,,,18.156,0.097,27.695,0.467,1.302,0.440,0.000,17.543,0.053,65.910
1766335741.480154,15.210,7,7,22.526,0.00000,0.040,0.393,14.693,580.6,0.6391,22.526,0.0500,5.000,0,0,,,,,,,17.915,0.136,30.924,0.506,1.330,0.449,0.000,17.683,0.059,69.169
1766335741.543044,15.348,7,7,22.519,0.00000,0.041,0.394,14.680,580.6,0.6399,22.519,0.0500,5.000,0,0,,,,,,,13.774,0.146,28.794,0.503,1.326,0.446,0.000,17.555,0.059,62.767
1766335741.610388,15.342,7,7,22.481,0.00000,0.040,0.395,14.655,579.8,0.6393,22.481,0.0500,5.000,0,0,,,,,,,16.096,0.203,30.948,0.511,1.316,0.446,0.000,17.505,0.064,67.253
1766335741.676219,15.106,7,7,22.522,0.00000,0.041,0.394,14.637,580.5,0.6392,22.522,0.0500,5.000,0,0,,,,,,,14.970,0.115,30.840,0.486,1.302,0.437,0.000,17.383,0.063,65.758
1766335741.741981,14.951,7,7,22.517,0.00000,0.041,0.394,14.647,580.6,0.6395,22.517,0.0500,5.000,0,0,,,,,,,16.022,0.093,29.916,0.474,1.305,0.440,0.000,17.221,0.060,65.690
1766335741.808302,15.214,7,7,22.500,0.00000,0.041,0.397,14.651,580.1,0.6390,22.500,0.0500,5.000,0,0,,,,,,,15.991,0.148,30.364,0.485,1.305,0.442,0.000,17.301,0.056,66.246
1766335741.874382,15.135,7,7,22.500,0.00000,0.040,0.395,14.627,579.9,0.6387,22.500,0.0500,5.000,0,0,,,,,,,15.743,0.122,30.151,0.483,1.316,0.450,0.000,17.511,0.060,66.005
1766335741.940187,14.977,7,7,22.491,0.00000,0.041,0.395,14.634,579.7,0.6394,22.491,0.0500,5.000,0,0,,,,,,,16.434,0.125,29.223,0.502,1.312,0.440,0.000,17.468,0.063,65.729
1766335742.006717,15.236,7,7,22.513,0.00000,0.041,0.392,14.664,580.5,0.6392,22.513,0.0500,5.000,0,0,,,,,,,16.263,0.115,30.305,0.481,1.314,0.452,0.000,17.310,0.063,66.457
1766335742.073561,15.232,7,7,22.511,0.00000,0.041,0.393,14.712,580.7,0.6389,22.511,0.0500,5.000,0,0,,,,,,,15.387,0.190,31.293,0.488,1.310,0.445,0.000,17.438,0.062,66.775
1766335742.144984,15.217,7,7,22.517,0.00000,0.041,0.394,14.665,580.7,0.6389,22.517,0.0500,5.000,0,0,,,,,,,14.257,0.173,37.173,0.483,1.307,0.445,0.000,17.303,0.058,71.351
1766335742.210796,14.996,7,7,22.518,0.00000,0.041,0.394,14.633,580.4,0.6386,22.518,0.0500,5.000,0,0,,,,,,,9.522,0.320,35.964,0.500,1.308,0.439,0.000,17.475,0.060,65.742
1766335742.277788,15.144,7,7,22.494,0.00000,0.041,0.395,14.643,580.0,0.6388,22.494,0.0500,5.000,0,0,,,,,,,9.740,0.248,36.955,0.469,1.305,0.438,0.000,17.550,0.061,66.921
1766335742.431066,6.098,7,7,22.541,0.00000,0.041,0.394,14.657,580.9,0.6391,22.541,0.0500,5.000,0,0,,,,,,,106.735,0.245,26.426,0.484,1.308,0.438,0.000,17.370,0.043,153.206
1766335742.494720,15.293,7,7,22.510,0.00000,0.041,0.393,14.642,580.7,0.6394,22.510,0.0500,5.000,0,0,,,,,,,18.835,0.267,24.652,0.474,1.320,0.463,0.000,17.353,0.057,63.572
1766335742.563318,14.896,7,7,22.489,0.00000,0.041,0.395,14.680,580.4,0.6390,22.489,0.0500,5.000,0,0,,,,,,,22.321,0.297,26.017,0.466,1.297,0.434,0.000,17.489,0.059,68.526
1766335742.629623,15.025,7,7,22.509,0.00000,0.041,0.396,14.706,580.2,0.6385,22.509,0.0500,5.000,0,0,,,,,,,20.263,0.144,25.796,0.508,1.355,0.438,0.000,17.492,0.062,66.212
1766335742.694645,15.271,7,7,22.506,0.00000,0.041,0.393,14.667,580.6,0.6395,22.506,0.0500,5.000,0,0,,,,,,,19.441,0.140,25.415,0.468,1.321,0.433,0.000,17.501,0.058,64.928
1766335742.761155,15.433,7,7,22.506,0.00000,0.041,0.396,14.704,580.1,0.6393,22.506,0.0500,5.000,0,0,,,,,,,19.229,0.231,26.968,0.499,1.313,0.449,0.000,17.512,0.064,66.425
1766335742.828241,15.236,7,7,22.544,0.00000,0.040,0.395,14.742,580.8,0.6387,22.544,0.0500,5.000,0,0,,,,,,,18.327,0.110,28.476,0.508,1.362,0.455,0.000,17.484,0.071,66.970
1766335742.893294,14.939,7,7,22.533,0.00000,0.041,0.395,14.760,580.7,0.6391,22.533,0.0500,5.000,0,0,,,,,,,18.187,0.135,26.645,0.479,1.308,0.490,0.000,17.497,0.057,64.953
1766335742.959541,15.205,7,7,22.506,0.00000,0.041,0.393,14.701,580.2,0.6389,22.506,0.0500,5.000,0,0,,,,,,,18.910,0.117,27.078,0.460,1.300,0.432,0.000,17.636,0.063,66.154
1766335743.026359,15.082,7,7,22.537,0.00000,0.041,0.394,14.739,580.9,0.6388,22.537,0.0500,5.000,0,0,,,,,,,18.982,0.150,27.674,0.504,1.320,0.439,0.000,17.450,0.066,66.744
1766335743.093844,15.026,7,7,22.526,0.00000,0.041,0.393,14.766,580.8,0.6392,22.526,0.0500,5.000,0,0,,,,,,,18.708,0.109,28.678,0.487,1.313,0.451,0.000,17.444,0.059,67.405
1766335743.159784,15.119,7,7,22.525,0.00000,0.041,0.392,14.743,580.7,0.6396,22.525,0.0500,5.000,0,0,,,,,,,17.351,0.124,28.703,0.465,1.294,0.436,0.000,17.256,0.061,65.844
1766335743.225182,15.121,7,7,22.503,0.00000,0.041,0.395,14.734,580.0,0.6387,22.503,0.0500,5.000,0,0,,,,,,,17.570,0.094,28.008,0.466,1.297,0.432,0.000,17.231,0.062,65.321
1766335743.289397,15.183,7,7,22.487,0.00000,0.041,0.396,14.742,579.7,0.6388,22.487,0.0500,5.000,0,0,,,,,,,18.028,0.108,26.219,0.523,1.306,0.437,0.000,17.304,0.060,64.141
1766335743.356050,15.570,7,7,22.524,0.00000,0.040,0.397,14.769,580.5,0.6380,22.524,0.0500,5.000,0,0,,,,,,,18.038,0.108,28.592,0.496,1.306,0.437,0.000,17.369,0.068,66.578
1766335743.420718,15.122,7,7,22.527,0.00000,0.041,0.394,14.757,580.5,0.6390,22.527,0.0500,5.000,0,0,,,,,,,17.516,0.159,27.133,0.466,1.309,0.436,0.000,17.351,0.058,64.585
1766335743.489903,15.131,7,7,22.521,0.00000,0.041,0.394,14.747,580.6,0.6391,22.521,0.0500,5.000,0,0,,,,,,,18.931,0.109,30.176,0.509,1.316,0.442,0.000,17.399,0.057,69.097
1766335743.554913,15.045,7,7,22.510,0.00000,0.041,0.396,14.781,580.3,0.6386,22.510,0.0500,5.000,0,0,,,,,,,16.185,0.155,28.527,0.495,1.315,0.435,0.000,17.559,0.060,64.894
1766335743.621021,15.095,7,7,22.527,0.00000,0.041,0.394,14.769,580.4,0.6395,22.527,0.0500,5.000,0,0,,,,,,,17.454,0.125,28.640,0.504,1.320,0.438,0.000,17.314,0.062,66.023
1766335743.686226,15.256,7,7,22.522,0.00000,0.041,0.394,14.799,580.3,0.6390,22.522,0.0500,5.000,0,0,,,,,,,16.893,0.141,28.266,0.488,1.299,0.436,0.000,17.364,0.061,65.131
1766335743.753700,14.940,7,7,22.521,0.00000,0.041,0.393,14.757,580.3,0.6392,22.521,0.0500,5.000,0,0,,,,,,,18.629,0.129,28.772,0.476,1.301,0.454,0.000,17.429,0.060,67.405
1766335743.819510,15.061,7,7,22.498,0.00000,0.041,0.395,14.751,580.1,0.6387,22.498,0.0500,5.000,0,0,,,,,,,17.550,0.127,28.091,0.476,1.301,0.449,0.000,17.517,0.067,65.739
1766335743.885891,15.373,7,7,22.514,0.00000,0.041,0.393,14.713,580.3,0.6391,22.514,0.0500,5.000,0,0,,,,,,,16.786,0.114,29.568,0.489,1.302,0.441,0.000,17.378,0.062,66.300
1766335743.952381,14.876,7,7,22.522,0.00000,0.041,0.394,14.739,580.7,0.6390,22.522,0.0500,5.000,0,0,,,,,,,17.626,0.159,28.966,0.479,1.302,0.434,0.000,17.230,0.062,66.415
1766335744.016292,15.138,7,7,22.499,0.00000,0.040,0.395,14.704,580.2,0.6388,22.499,0.0500,5.000,0,0,,,,,,,17.197,0.116,26.640,0.474,1.352,0.447,0.000,17.388,0.060,63.837
1766335744.082173,15.121,7,7,22.501,0.00000,0.041,0.395,14.679,580.0,0.6396,22.501,0.0500,5.000,0,0,,,,,,,19.319,0.134,26.431,0.477,1.299,0.472,0.000,17.361,0.061,65.706
1766335744.150029,15.612,7,7,22.508,0.00000,0.041,0.393,14.599,580.2,0.6389,22.508,0.0500,5.000,0,0,,,,,,,15.042,0.115,30.205,0.478,1.316,0.440,0.000,17.425,0.059,65.236
1766335744.221772,14.471,7,7,22.520,0.00000,0.041,0.394,14.608,580.4,0.6387,22.520,0.0500,5.000,0,0,,,,,,,18.837,0.111,32.967,0.480,1.292,0.433,0.000,17.334,0.061,71.671
1766335744.290751,15.346,7,7,22.504,0.00000,0.041,0.393,14.570,580.6,0.6394,22.504,0.0500,5.000,0,0,,,,,,,12.250,0.138,36.597,0.472,1.298,0.436,0.000,17.491,0.057,68.899
1766335744.357621,15.189,7,7,22.518,0.00000,0.041,0.393,14.536,580.6,0.6394,22.518,0.0500,5.000,0,0,,,,,,,9.095,0.134,37.386,0.501,1.338,0.442,0.000,17.647,0.069,66.778
1766335744.479309,7.682,7,7,22.501,0.00000,0.040,0.395,14.554,580.2,0.6388,22.501,0.0500,5.000,0,0,,,,,,,72.407,0.173,28.262,0.536,1.318,0.445,0.000,18.182,0.109,121.603
1766335744.545371,15.141,7,7,22.513,0.00000,0.041,0.397,14.592,580.3,0.6384,22.513,0.0500,5.000,0,0,,,,,,,16.759,0.145,28.489,0.535,1.351,0.456,0.000,17.976,0.069,65.973
1766335744.649627,10.021,7,7,22.522,0.00000,0.041,0.394,14.628,580.5,0.6395,22.522,0.0500,5.000,0,0,,,,,,,50.480,0.240,33.324,0.532,1.339,0.472,0.000,17.554,0.050,104.159
1766335744.710452,15.381,7,7,22.511,0.00000,0.040,0.398,14.686,579.9,0.6385,22.511,0.0500,5.000,0,0,,,,,,,11.251,0.126,29.294,0.522,1.341,0.449,0.000,17.534,0.056,60.740
1766335744.774943,15.088,7,7,22.535,0.00000,0.041,0.394,14.682,580.7,0.6392,22.535,0.0500,5.000,0,0,,,,,,,16.708,0.123,27.559,0.538,1.334,0.450,0.000,17.466,0.053,64.407
1766335744.843088,15.444,7,7,22.546,0.00000,0.041,0.396,14.726,580.9,0.6388,22.546,0.0500,5.000,0,0,,,,,,,16.961,0.137,29.903,0.573,1.509,0.515,0.000,18.218,0.059,68.053
1766335744.908930,15.079,7,7,22.527,0.00000,0.041,0.393,14.692,580.9,0.6395,22.527,0.0500,5.000,0,0,,,,,,,15.124,0.103,29.581,0.556,1.515,0.508,0.000,18.126,0.056,65.741
1766335744.976778,15.049,7,7,22.555,0.00000,0.041,0.393,14.641,580.5,0.6390,22.555,0.0500,5.000,0,0,,,,,,,15.733,0.106,30.187,0.585,1.599,0.516,0.000,18.768,0.073,67.751
1766335745.046499,15.060,7,7,22.510,0.00000,0.041,0.392,14.593,580.3,0.6394,22.510,0.0500,5.000,0,0,,,,,,,14.253,0.313,31.769,0.601,1.523,0.560,0.000,20.325,0.067,69.592
1766335745.104805,15.194,7,7,22.527,0.00000,0.041,0.393,14.631,580.8,0.6394,22.527,0.0500,5.000,0,0,,,,,,,10.383,0.117,27.339,0.518,1.319,0.443,0.000,17.874,0.057,58.212
1766335745.170654,15.237,7,7,22.490,0.00000,0.041,0.394,14.630,579.9,0.6385,22.490,0.0500,5.000,0,0,,,,,,,17.714,0.118,27.440,0.533,1.495,0.458,0.000,17.777,0.064,65.761
1766335745.236012,15.056,7,7,22.532,0.00000,0.040,0.397,14.661,580.8,0.6388,22.532,0.0500,5.000,0,0,,,,,,,18.286,0.108,26.945,0.518,1.308,0.435,0.000,17.449,0.062,65.273
1766335745.302072,15.175,7,7,22.507,0.00000,0.041,0.395,14.676,579.8,0.6389,22.507,0.0500,5.000,0,0,,,,,,,18.828,0.110,27.038,0.503,1.335,0.443,0.000,17.487,0.062,65.977
1766335745.368568,14.890,7,7,22.513,0.00000,0.041,0.394,14.718,580.3,0.6391,22.513,0.0500,5.000,0,0,,,,,,,19.925,0.111,26.437,0.499,1.302,0.439,0.000,17.485,0.058,66.413
1766335745.437529,15.142,7,7,22.501,0.00000,0.040,0.397,14.739,580.0,0.6386,22.501,0.0500,5.000,0,0,,,,,,,19.478,0.332,28.885,0.516,1.329,0.447,0.000,17.662,0.064,68.885
1766335745.510789,15.334,7,7,22.515,0.00000,0.040,0.396,14.748,580.3,0.6384,22.515,0.0500,5.000,0,0,,,,,,,15.730,0.133,32.671,0.538,2.690,1.288,0.000,19.661,0.133,73.184
1766335745.569819,15.080,7,7,22.517,0.00000,0.041,0.393,14.688,580.2,0.6389,22.517,0.0500,5.000,0,0,,,,,,,8.760,0.248,29.571,0.521,1.506,0.526,0.000,17.560,0.065,58.925
1766335745.636831,15.099,7,7,22.507,0.00000,0.040,0.396,14.695,580.2,0.6391,22.507,0.0500,5.000,0,0,,,,,,,15.976,0.090,30.718,0.512,1.462,0.475,0.000,17.464,0.063,66.923
1766335745.701354,15.271,7,7,22.516,0.00000,0.041,0.393,14.671,580.3,0.6391,22.516,0.0500,5.000,0,0,,,,,,,14.446,0.148,29.836,0.512,1.324,0.442,0.000,17.482,0.079,64.433
1766335745.768910,15.296,7,7,22.524,0.00000,0.041,0.393,14.662,580.6,0.6391,22.524,0.0500,5.000,0,0,,,,,,,15.266,0.143,29.227,0.539,1.347,0.449,0.000,20.232,0.062,67.432
1766335745.831593,14.863,7,7,22.520,0.00000,0.041,0.393,14.659,580.8,0.6393,22.520,0.0500,5.000,0,0,,,,,,,15.030,0.125,27.490,0.499,1.362,0.437,0.000,17.406,0.071,62.594
1766335745.898183,15.238,7,7,22.527,0.00000,0.041,0.394,14.627,580.5,0.6390,22.527,0.0500,5.000,0,0,,,,,,,17.943,0.115,28.260,0.503,1.325,0.453,0.000,17.604,0.071,66.466
1766335745.964305,15.247,7,7,22.534,0.00000,0.041,0.396,14.626,580.9,0.6393,22.534,0.0500,5.000,0,0,,,,,,,16.958,0.138,28.841,0.518,1.412,0.443,0.000,17.460,0.065,66.023
1766335746.030157,15.194,7,7,22.490,0.00000,0.041,0.394,14.601,580.3,0.6394,22.490,0.0500,5.000,0,0,,,,,,,16.630,0.117,28.885,0.492,1.370,0.440,0.000,17.574,0.062,65.732
1766335746.093245,15.199,7,7,22.526,0.00000,0.041,0.393,14.616,580.9,0.6391,22.526,0.0500,5.000,0,0,,,,,,,16.575,0.285,26.741,0.469,1.349,0.435,0.000,16.900,0.059,62.973
1766335746.160769,15.028,7,7,22.517,0.00000,0.041,0.392,14.573,580.5,0.6392,22.517,0.0500,5.000,0,0,,,,,,,20.019,0.209,27.109,0.479,1.302,0.480,0.000,17.595,0.057,67.400
1766335746.231309,15.249,7,7,22.514,0.00000,0.041,0.393,14.590,580.4,0.6391,22.514,0.0500,5.000,0,0,,,,,,,18.103,0.171,32.093,0.547,1.343,0.451,0.000,17.510,0.063,70.443
1766335746.299689,14.694,7,7,22.516,0.00000,0.040,0.396,14.621,580.1,0.6386,22.516,0.0500,5.000,0,0,,,,,,,15.595,0.104,32.665,0.512,1.314,0.440,0.000,17.414,0.059,68.264
1766335746.364882,15.596,7,7,22.531,0.00000,0.041,0.394,14.605,580.6,0.6393,22.531,0.0500,5.000,0,0,,,,,,,11.352,0.135,33.647,0.485,1.310,0.435,0.000,17.518,0.058,65.097
1766335746.432216,15.063,7,7,22.506,0.00000,0.041,0.392,14.609,580.5,0.6391,22.506,0.0500,5.000,0,0,,,,,,,12.554,0.115,34.659,0.522,1.329,0.454,0.000,17.384,0.063,67.242
1766335746.564751,7.585,7,7,22.541,0.00000,0.040,0.398,14.680,580.6,0.6386,22.541,0.0500,5.000,0,0,,,,,,,77.046,0.186,25.522,0.491,1.310,0.438,0.000,27.229,0.061,132.439
1766335746.622041,14.896,7,7,22.537,0.00000,0.041,0.394,14.683,581.0,0.6392,22.537,0.0500,5.000,0,0,,,,,,,11.649,0.104,25.063,0.514,1.324,0.438,0.000,17.853,0.074,57.192
1766335746.689216,15.143,7,7,22.526,0.00000,0.041,0.392,14.659,580.8,0.6390,22.526,0.0500,5.000,0,0,,,,,,,20.393,0.130,25.987,0.523,1.322,0.438,0.000,18.074,0.062,67.085
1766335746.761115,15.234,7,7,22.518,0.00000,0.041,0.397,14.703,580.5,0.6386,22.518,0.0500,5.000,0,0,,,,,,,18.867,0.114,32.338,0.536,1.354,0.480,0.000,17.886,0.055,71.805
1766335746.821353,15.086,7,7,22.490,0.00000,0.041,0.394,14.652,580.0,0.6394,22.490,0.0500,5.000,0,0,,,,,,,13.229,0.130,26.626,0.511,1.393,0.439,0.000,17.561,0.066,60.124
1766335746.886576,15.128,7,7,22.504,0.00000,0.041,0.392,14.653,580.2,0.6393,22.504,0.0500,5.000,0,0,,,,,,,19.085,0.149,25.902,0.510,1.324,0.441,0.000,17.465,0.063,65.105
1766335746.954948,15.143,7,7,22.506,0.00000,0.041,0.393,14.587,580.6,0.6393,22.506,0.0500,5.000,0,0,,,,,,,19.933,0.107,26.221,0.479,1.303,0.437,0.000,19.577,0.071,68.286
1766335747.020804,15.132,7,7,22.550,0.00000,0.041,0.394,14.578,581.0,0.6386,22.550,0.0500,5.000,0,0,,,,,,,17.640,0.115,26.327,0.492,1.311,0.497,0.000,19.162,0.064,65.766
1766335747.084930,15.226,7,7,22.528,0.00000,0.041,0.393,14.573,580.7,0.6389,22.528,0.0500,5.000,0,0,,,,,,,17.446,0.209,26.419,0.476,1.308,0.496,0.000,17.449,0.058,64.018
1766335747.152367,15.041,7,7,22.507,0.00000,0.040,0.392,14.522,580.4,0.6396,22.507,0.0500,5.000,0,0,,,,,,,19.821,0.318,26.883,0.488,1.344,0.435,0.000,17.829,0.064,67.345
1766335747.220041,15.080,7,7,22.482,0.00000,0.041,0.395,14.525,579.6,0.6392,22.482,0.0500,5.000,0,0,,,,,,,18.702,0.182,28.251,0.465,1.314,0.435,0.000,18.028,0.060,67.590
1766335747.283951,15.154,7,7,22.501,0.00000,0.041,0.396,14.596,580.3,0.6386,22.501,0.0500,5.000,0,0,,,,,,,17.027,0.128,26.650,0.457,1.322,0.431,0.000,17.618,0.059,63.837
1766335747.350145,15.251,7,7,22.520,0.00000,0.041,0.393,14.568,580.3,0.6394,22.520,0.0500,5.000,0,0,,,,,,,18.677,0.133,27.267,0.459,1.335,0.432,0.000,17.586,0.063,66.111
1766335747.416920,15.165,7,7,22.475,0.00000,0.040,0.395,14.564,579.7,0.6393,22.475,0.0500,5.000,0,0,,,,,,,18.414,0.209,28.044,0.521,1.293,0.434,0.000,17.531,0.070,66.681
1766335747.483310,15.055,7,7,22.505,0.00000,0.041,0.395,14.569,580.0,0.6388,22.505,0.0500,5.000,0,0,,,,,,,18.084,0.294,27.999,0.514,1.341,0.442,0.000,17.434,0.050,66.317
1766335747.579077,10.442,7,7,22.519,0.00000,0.041,0.396,14.635,580.1,0.6388,22.519,0.0500,5.000,0,0,,,,,,,47.469,0.144,28.022,0.495,1.309,0.443,0.000,17.610,0.045,95.697
1766335747.648905,14.905,7,7,22.509,0.00000,0.041,0.392,14.579,580.0,0.6396,22.509,0.0500,5.000,0,0,,,,,,,18.762,0.121,30.632,0.525,1.334,0.454,0.000,17.678,0.057,69.726
1766335747.714325,15.031,7,7,22.518,0.00000,0.040,0.392,14.553,580.4,0.6398,22.518,0.0500,5.000,0,0,,,,,,,15.483,0.140,29.672,0.519,1.351,0.449,0.000,17.509,0.052,65.337
1766335747.780750,15.046,7,7,22.498,0.00000,0.040,0.395,14.597,579.8,0.6385,22.498,0.0500,5.000,0,0,,,,,,,16.535,0.127,29.161,0.546,1.346,0.461,0.000,17.954,0.053,66.347
1766335747.838272,15.223,7,7,22.535,0.00000,0.041,0.393,14.579,581.0,0.6389,22.535,0.0500,5.000,0,0,,,,,,,15.777,0.159,27.665,0.517,1.336,0.445,0.000,11.307,0.049,57.426
