#{"config": {"calib_path_resolved": "/Users/Andreas/Desktop/ptl24_marker/common/calib/calib_c920_1280x720.yaml", "cli_overrides": ["camera", "config", "debug_metrics", "ekf", "ema_alpha", "extrinsics", "fps", "height", "hud", "print_tilt", "rig", "save_poses", "use_weighted_se3", "video", "width"], "config_path": "/Users/Andreas/Desktop/ptl24_marker/phase_b/config.yaml", "extrinsics_path_resolved": "/Users/Andreas/Desktop/ptl24_marker/common/extrinsics/T_WC_c920_1280x720.yaml", "rig_path_resolved": "/Users/Andreas/Desktop/ptl24_marker/phase_b/rigs/cyl_dotec.yaml", "runtime": {"bench": {"print_every": 60}, "fuse": {"axis_len_m": 0.1, "ema_alpha": 0.25, "use_weighted_se3": true}, "health": {"max_tilt_jump_deg": 15.0, "spike_reset_after": 10}, "hud": {"enabled": true}, "logging": {"debug_metrics_csv": "Preliminary_report/runs/720p/debug_metrics_dotec_c920_1280x720.csv", "poses_csv": "Preliminary_report/runs/720p/poses_dotec_c920_1280x720.csv"}, "ransac": {"A_ref_px2": 12000.0, "adaptive": false, "base_rot_deg": 5.0, "base_trans_m": 0.05, "min_inliers": 3, "rot_max_deg": 5.0, "trans_max_m": 0.05}, "video": {"device": "0", "fps": 30.0, "height": 720, "width": 1280}}, "yaml": {"bench": {"print_every": 60}, "fuse": {"axis_len_m": 0.1, "ema_alpha": 0.3, "use_weighted_se3": true}, "health": {"max_tilt_jump_deg": 15}, "hud": {"enabled": true}, "logging": {"debug_metrics_csv": "phase_b/debug_metrics.csv", "poses_csv": "phase_b/poses.csv"}, "ransac": {"A_ref_px2": 12000, "adaptive": false, "base_rot_deg": 5, "base_trans_m": 0.05, "min_inliers": 3, "rot_max_deg": 5, "trans_max_m": 0.05}, "video": {"device": 2, "fps": 30, "height": 1080, "width": 1920}}}, "files": {"camera_calib": {"path": "/Users/Andreas/Desktop/ptl24_marker/common/calib/calib_c920_1280x720.yaml", "sha256": "416ced30fbd86be9fd78c0e9845e0c4d470a9880bebda0eb2a612d21823f5dc3"}, "config": {"path": "/Users/Andreas/Desktop/ptl24_marker/phase_b/config.yaml", "sha256": "9c664548f0c4998345c599764857540af456008cc4bf230d90b575c908eaec28"}, "extrinsics": {"path": "/Users/Andreas/Desktop/ptl24_marker/common/extrinsics/T_WC_c920_1280x720.yaml", "sha256": "d0e4db12a5153c0e7ac3625f5eec478b504b3bfc242bc8f0b4efbd0bfbadb1d7"}, "rig": {"path": "/Users/Andreas/Desktop/ptl24_marker/phase_b/rigs/cyl_dotec.yaml", "sha256": "f0fd590bf211070dbb1b2c6b32f4041175f33703203978255bdee60a8b77b6ef"}}, "git_commit": null, "timestamp": 1766334362.5657961}
timestamp,frame,used_ids,decision_margins,rvec_cam_x,rvec_cam_y,rvec_cam_z,tvec_cam_x,tvec_cam_y,tvec_cam_z,rvec_world_x,rvec_world_y,rvec_world_z,tvec_world_x,tvec_world_y,tvec_world_z,tilt_cam_deg,tilt_world_deg
1766334362.894052,0,102;103;104;105;200;201;202,59.340;69.894;68.289;44.175;68.116;68.848;81.607,0.3141436500417283,-1.3172758116040975,-0.10450350330906256,-1.4097103355877372,0.5118817373824126,0.5607399099013841,-2.005166910282143,-2.1501817175638167,-0.8126847247730686,-0.8087122630104091,1.1167713189355468,2.4690494051474525,77.548,31.332
1766334363.126295,1,102;103;104;105;200;201;202,59.340;69.894;68.289;44.175;68.116;68.848;81.607,0.3141436500417283,-1.3172758116040975,-0.10450350330906256,-1.4097103355877372,0.5118817373824126,0.5607399099013841,-2.005166910282143,-2.1501817175638167,-0.8126847247730686,-0.8087122630104091,1.1167713189355468,2.4690494051474525,77.548,31.332
1766334363.329731,2,102;103;104;105;200;201;202,59.340;69.894;68.289;44.175;68.116;68.848;81.607,0.3141436500417283,-1.3172758116040975,-0.10450350330906256,-1.4097103355877372,0.5118817373824126,0.5607399099013841,-2.005166910282143,-2.1501817175638167,-0.8126847247730686,-0.8087122630104091,1.1167713189355468,2.4690494051474525,77.548,31.332
1766334363.510304,3,102;103;104;105;200;201;202,59.340;69.894;68.289;44.175;68.116;68.848;81.607,0.3141436500417283,-1.3172758116040975,-0.10450350330906256,-1.4097103355877372,0.5118817373824126,0.5607399099013841,-2.005166910282143,-2.1501817175638167,-0.8126847247730686,-0.8087122630104091,1.1167713189355468,2.4690494051474525,77.548,31.332
1766334363.614627,4,102;103;104;105;200;201;202,59.340;69.894;68.289;44.175;68.116;68.848;81.607,0.3141436500417283,-1.3172758116040975,-0.10450350330906256,-1.4097103355877372,0.5118817373824126,0.5607399099013841,-2.005166910282143,-2.1501817175638167,-0.8126847247730686,-0.8087122630104091,1.1167713189355468,2.4690494051474525,77.548,31.332
1766334363.755326,5,102;103;104;105;200;201;202,59.340;69.894;68.289;44.175;68.116;68.848;81.607,0.3141436500417283,-1.3172758116040975,-0.10450350330906256,-1.4097103355877372,0.5118817373824126,0.5607399099013841,-2.005166910282143,-2.1501817175638167,-0.8126847247730686,-0.8087122630104091,1.1167713189355468,2.4690494051474525,77.548,31.332
1766334363.873629,6,102;103;104;105;200;201;202,59.340;69.894;68.289;44.175;68.116;68.848;81.607,0.3141436500417283,-1.3172758116040975,-0.10450350330906256,-1.4097103355877372,0.5118817373824126,0.5607399099013841,-2.005166910282143,-2.1501817175638167,-0.8126847247730686,-0.8087122630104091,1.1167713189355468,2.4690494051474525,77.548,31.332
1766334364.055457,7,102;103;104;105;200;201;202,59.340;69.894;68.289;44.175;68.116;68.848;81.607,0.3141436500417283,-1.3172758116040975,-0.10450350330906256,-1.4097103355877372,0.5118817373824126,0.5607399099013841,-2.005166910282143,-2.1501817175638167,-0.8126847247730686,-0.8087122630104091,1.1167713189355468,2.4690494051474525,77.548,31.332
1766334364.159406,8,102;103;104;105;200;201;202,59.340;69.894;68.289;44.175;68.116;68.848;81.607,0.3141436500417283,-1.3172758116040975,-0.10450350330906256,-1.4097103355877372,0.5118817373824126,0.5607399099013841,-2.005166910282143,-2.1501817175638167,-0.8126847247730686,-0.8087122630104091,1.1167713189355468,2.4690494051474525,77.548,31.332
1766334364.245222,9,102;103;104;105;200;201;202,59.340;69.894;68.289;44.175;68.116;68.848;81.607,0.3141436500417283,-1.3172758116040975,-0.10450350330906256,-1.4097103355877372,0.5118817373824126,0.5607399099013841,-2.005166910282143,-2.1501817175638167,-0.8126847247730686,-0.8087122630104091,1.1167713189355468,2.4690494051474525,77.548,31.332
1766334364.310019,10,102;103;104;105;200;201;202,63.673;67.528;67.426;39.410;67.872;66.198;82.434,0.3134723361820525,-1.2024068984805443,-0.05466844567887285,-1.3286770368489862,0.4976486581332503,0.6327424146716149,-2.0279558702660263,-2.268613612090738,-0.6891134167874511,-0.8250861808418236,1.0976302890570933,2.3883478015055113,71.185,25.550
1766334364.376753,11,102;103;104;105;200;201;202,63.673;67.528;67.426;39.410;67.872;66.198;82.434,0.3134723361820525,-1.2024068984805443,-0.05466844567887285,-1.3286770368489862,0.4976486581332503,0.6327424146716149,-2.0279558702660263,-2.268613612090738,-0.6891134167874511,-0.8250861808418236,1.0976302890570933,2.3883478015055113,71.185,25.550
1766334364.439324,12,102;103;104;105;200;201;202,63.673;67.528;67.426;39.410;67.872;66.198;82.434,0.3134723361820525,-1.2024068984805443,-0.05466844567887285,-1.3286770368489862,0.4976486581332503,0.6327424146716149,-2.0279558702660263,-2.268613612090738,-0.6891134167874511,-0.8250861808418236,1.0976302890570933,2.3883478015055113,71.185,25.550
1766334364.506069,13,102;103;104;105;200;201;202,63.673;67.528;67.426;39.410;67.872;66.198;82.434,0.3134723361820525,-1.2024068984805443,-0.05466844567887285,-1.3286770368489862,0.4976486581332503,0.6327424146716149,-2.0279558702660263,-2.268613612090738,-0.6891134167874511,-0.8250861808418236,1.0976302890570933,2.3883478015055113,71.185,25.550
1766334364.572987,14,102;103;104;105;200;201;202,63.673;67.528;67.426;39.410;67.872;66.198;82.434,0.3134723361820525,-1.2024068984805443,-0.05466844567887285,-1.3286770368489862,0.4976486581332503,0.6327424146716149,-2.0279558702660263,-2.268613612090738,-0.6891134167874511,-0.8250861808418236,1.0976302890570933,2.3883478015055113,71.185,25.550
1766334364.638489,15,102;103;104;105;200;201;202,63.673;67.528;67.426;39.410;67.872;66.198;82.434,0.3134723361820525,-1.2024068984805443,-0.05466844567887285,-1.3286770368489862,0.4976486581332503,0.6327424146716149,-2.0279558702660263,-2.268613612090738,-0.6891134167874511,-0.8250861808418236,1.0976302890570933,2.3883478015055113,71.185,25.550
1766334364.703706,16,102;103;104;200;201;202,63.190;67.921;67.883;67.683;66.274;80.517,0.31808522958618646,-1.1522486371997351,-0.041185801650685104,-1.306047214822868,0.48711962805485165,0.6441588615205023,2.025596333138501,2.2966301514399614,0.636969751587638,-0.8236347640513877,1.1095774904016358,2.339869676795269,68.483,23.514
1766334364.810303,17,102;103;104;200;201;202,63.190;67.921;67.883;67.683;66.274;80.517,0.31808522958618646,-1.1522486371997351,-0.041185801650685104,-1.306047214822868,0.48711962805485165,0.6441588615205023,2.025596333138501,2.2966301514399614,0.636969751587638,-0.8236347640513877,1.1095774904016358,2.339869676795269,68.483,23.514
1766334364.877596,18,102;103;104;200;201;202,63.190;67.921;67.883;67.683;66.274;80.517,0.31808522958618646,-1.1522486371997351,-0.041185801650685104,-1.306047214822868,0.48711962805485165,0.6441588615205023,2.025596333138501,2.2966301514399614,0.636969751587638,-0.8236347640513877,1.1095774904016358,2.339869676795269,68.483,23.514
1766334364.935839,19,102;103;104;200;201;202,63.190;67.921;67.883;67.683;66.274;80.517,0.31808522958618646,-1.1522486371997351,-0.041185801650685104,-1.306047214822868,0.48711962805485165,0.6441588615205023,2.025596333138501,2.2966301514399614,0.636969751587638,-0.8236347640513877,1.1095774904016358,2.339869676795269,68.483,23.514
1766334365.010658,20,102;103;104;200;201;202,63.190;67.921;67.883;67.683;66.274;80.517,0.31808522958618646,-1.1522486371997351,-0.041185801650685104,-1.306047214822868,0.48711962805485165,0.6441588615205023,2.025596333138501,2.2966301514399614,0.636969751587638,-0.8236347640513877,1.1095774904016358,2.339869676795269,68.483,23.514
1766334365.069236,21,102;103;104;200;201;202,63.190;67.921;67.883;67.683;66.274;80.517,0.31808522958618646,-1.1522486371997351,-0.041185801650685104,-1.306047214822868,0.48711962805485165,0.6441588615205023,2.025596333138501,2.2966301514399614,0.636969751587638,-0.8236347640513877,1.1095774904016358,2.339869676795269,68.483,23.514
1766334365.139741,22,102;103;104;200;201;202,63.190;67.921;67.883;67.683;66.274;80.517,0.31808522958618646,-1.1522486371997351,-0.041185801650685104,-1.306047214822868,0.48711962805485165,0.6441588615205023,2.025596333138501,2.2966301514399614,0.636969751587638,-0.8236347640513877,1.1095774904016358,2.339869676795269,68.483,23.514
1766334365.198596,23,102;103;104;200;201;202,63.190;67.921;67.883;67.683;66.274;80.517,0.31808522958618646,-1.1522486371997351,-0.041185801650685104,-1.306047214822868,0.48711962805485165,0.6441588615205023,2.025596333138501,2.2966301514399614,0.636969751587638,-0.8236347640513877,1.1095774904016358,2.339869676795269,68.483,23.514
1766334365.266196,24,102;103;104;200;201;202,63.190;67.921;67.883;67.683;66.274;80.517,0.31808522958618646,-1.1522486371997351,-0.041185801650685104,-1.306047214822868,0.48711962805485165,0.6441588615205023,2.025596333138501,2.2966301514399614,0.636969751587638,-0.8236347640513877,1.1095774904016358,2.339869676795269,68.483,23.514
1766334365.367134,25,102;103;104;200;201;202,63.190;67.921;67.883;67.683;66.274;80.517,0.31808522958618646,-1.1522486371997351,-0.041185801650685104,-1.306047214822868,0.48711962805485165,0.6441588615205023,2.025596333138501,2.2966301514399614,0.636969751587638,-0.8236347640513877,1.1095774904016358,2.339869676795269,68.483,23.514
1766334365.435319,26,102;103;104;105;200;201;202,60.999;67.645;69.454;41.311;66.496;67.672;80.590,0.31580810323029684,-1.0742982708070496,-0.00853608160751401,-1.2477536445158863,0.48714477715314514,0.681214181533783,1.9767032036078345,2.3034380033765034,0.530230909134095,-0.8369957318457867,1.0910773512103165,2.2825757966420723,64.157,20.114
1766334365.498630,27,102;103;104;105;200;201;202,63.070;66.799;69.230;40.969;68.297;66.679;81.211,0.3123290865530797,-1.013188371753286,0.01503002860150713,-1.2004871751947164,0.4913663009592287,0.7034568404114304,1.9398661880935726,2.3044080927546884,0.44760132351261106,-0.8460663006985111,1.0752060024527568,2.2355855720167095,60.746,17.776
1766334365.567606,28,102;103;104;105;200;201;202,62.198;67.408;68.393;42.440;68.037;66.926;81.369,0.309005467020498,-0.966531533693883,0.03232004483063878,-1.1642989214459618,0.49785920842997955,0.7153434862038358,1.9119579209228992,2.3031592965327947,0.38521582727532755,-0.8535452699779538,1.0621507172099887,2.1971896646583575,58.137,16.277
1766334365.656981,29,102;103;104;105;200;201;202,62.359;67.800;68.854;40.318;68.664;66.391;80.575,0.3060775056371301,-0.9316740813938941,0.04461343501746018,-1.137128153940898,0.5048889807654308,0.7203523184855828,1.8914860905208097,2.300892682056479,0.3390329186257431,-0.8593457398600075,1.0516633957398087,2.1660532854098022,56.183,15.371
1766334365.733397,30,102;103;104;105;200;201;202,62.359;67.800;68.854;40.318;68.664;66.391;80.575,0.3060775056371301,-0.9316740813938941,0.04461343501746018,-1.137128153940898,0.5048889807654308,0.7203523184855828,1.8914860905208097,2.300892682056479,0.3390329186257431,-0.8593457398600075,1.0516633957398087,2.1660532854098022,56.183,15.371
1766334365.796523,31,102;103;104;105;200;201;202,62.359;67.800;68.854;40.318;68.664;66.391;80.575,0.3060775056371301,-0.9316740813938941,0.04461343501746018,-1.137128153940898,0.5048889807654308,0.7203523184855828,1.8914860905208097,2.300892682056479,0.3390329186257431,-0.8593457398600075,1.0516633957398087,2.1660532854098022,56.183,15.371
1766334365.862473,32,102;103;104;105;200;201;202,62.359;67.800;68.854;40.318;68.664;66.391;80.575,0.3060775056371301,-0.9316740813938941,0.04461343501746018,-1.137128153940898,0.5048889807654308,0.7203523184855828,1.8914860905208097,2.300892682056479,0.3390329186257431,-0.8593457398600075,1.0516633957398087,2.1660532854098022,56.183,15.371
1766334365.928520,33,102;103;104;105;200;201;202,62.359;67.800;68.854;40.318;68.664;66.391;80.575,0.3060775056371301,-0.9316740813938941,0.04461343501746018,-1.137128153940898,0.5048889807654308,0.7203523184855828,1.8914860905208097,2.300892682056479,0.3390329186257431,-0.8593457398600075,1.0516633957398087,2.1660532854098022,56.183,15.371
1766334365.991503,34,102;103;104;105;200;201;202,62.359;67.800;68.854;40.318;68.664;66.391;80.575,0.3060775056371301,-0.9316740813938941,0.04461343501746018,-1.137128153940898,0.5048889807654308,0.7203523184855828,1.8914860905208097,2.300892682056479,0.3390329186257431,-0.8593457398600075,1.0516633957398087,2.1660532854098022,56.183,15.371
1766334366.058187,35,102;103;104;105;200;201;202,62.359;67.800;68.854;40.318;68.664;66.391;80.575,0.3060775056371301,-0.9316740813938941,0.04461343501746018,-1.137128153940898,0.5048889807654308,0.7203523184855828,1.8914860905208097,2.300892682056479,0.3390329186257431,-0.8593457398600075,1.0516633957398087,2.1660532854098022,56.183,15.371
1766334366.124119,36,102;103;104;105;200;201;202,62.359;67.800;68.854;40.318;68.664;66.391;80.575,0.3060775056371301,-0.9316740813938941,0.04461343501746018,-1.137128153940898,0.5048889807654308,0.7203523184855828,1.8914860905208097,2.300892682056479,0.3390329186257431,-0.8593457398600075,1.0516633957398087,2.1660532854098022,56.183,15.371
1766334366.191939,37,102;103;104;105;200;201;202,62.359;67.800;68.854;40.318;68.664;66.391;80.575,0.3060775056371301,-0.9316740813938941,0.04461343501746018,-1.137128153940898,0.5048889807654308,0.7203523184855828,1.8914860905208097,2.300892682056479,0.3390329186257431,-0.8593457398600075,1.0516633957398087,2.1660532854098022,56.183,15.371
1766334366.256079,38,102;103;104;105;200;201;202,62.359;67.800;68.854;40.318;68.664;66.391;80.575,0.3060775056371301,-0.9316740813938941,0.04461343501746018,-1.137128153940898,0.5048889807654308,0.7203523184855828,1.8914860905208097,2.300892682056479,0.3390329186257431,-0.8593457398600075,1.0516633957398087,2.1660532854098022,56.183,15.371
1766334366.325967,39,102;103;104;105;200;201;202,63.144;67.138;67.401;40.200;67.370;67.037;80.645,0.2963062766151566,-0.744403343599056,0.12764786439781348,-0.9841625661186936,0.49160505048694164,0.8348129019999178,1.7552513404447394,2.295769790335106,0.09783803623440208,-0.874559208390339,0.9784761542608534,2.12151193691364,45.873,14.840
1766334366.394562,40,102;103;104;105;200;201;202,63.144;67.138;67.401;40.200;67.370;67.037;80.645,0.2963062766151566,-0.744403343599056,0.12764786439781348,-0.9841625661186936,0.49160505048694164,0.8348129019999178,1.7552513404447394,2.295769790335106,0.09783803623440208,-0.874559208390339,0.9784761542608534,2.12151193691364,45.873,14.840
1766334366.461030,41,102;103;104;105;200;201;202,63.144;67.138;67.401;40.200;67.370;67.037;80.645,0.2963062766151566,-0.744403343599056,0.12764786439781348,-0.9841625661186936,0.49160505048694164,0.8348129019999178,1.7552513404447394,2.295769790335106,0.09783803623440208,-0.874559208390339,0.9784761542608534,2.12151193691364,45.873,14.840
1766334366.528225,42,102;103;104;105;200;201;202,63.144;67.138;67.401;40.200;67.370;67.037;80.645,0.2963062766151566,-0.744403343599056,0.12764786439781348,-0.9841625661186936,0.49160505048694164,0.8348129019999178,1.7552513404447394,2.295769790335106,0.09783803623440208,-0.874559208390339,0.9784761542608534,2.12151193691364,45.873,14.840
1766334366.650188,43,102;103;104;105;200;201;202,63.144;67.138;67.401;40.200;67.370;67.037;80.645,0.2963062766151566,-0.744403343599056,0.12764786439781348,-0.9841625661186936,0.49160505048694164,0.8348129019999178,1.7552513404447394,2.295769790335106,0.09783803623440208,-0.874559208390339,0.9784761542608534,2.12151193691364,45.873,14.840
1766334366.714795,44,102;103;104;105;200;201;202,63.144;67.138;67.401;40.200;67.370;67.037;80.645,0.2963062766151566,-0.744403343599056,0.12764786439781348,-0.9841625661186936,0.49160505048694164,0.8348129019999178,1.7552513404447394,2.295769790335106,0.09783803623440208,-0.874559208390339,0.9784761542608534,2.12151193691364,45.873,14.840
1766334366.780067,45,102;103;104;105;200;201;202,63.144;67.138;67.401;40.200;67.370;67.037;80.645,0.2963062766151566,-0.744403343599056,0.12764786439781348,-0.9841625661186936,0.49160505048694164,0.8348129019999178,1.7552513404447394,2.295769790335106,0.09783803623440208,-0.874559208390339,0.9784761542608534,2.12151193691364,45.873,14.840
1766334366.846230,46,102;103;104;105;200;201;202,63.144;67.138;67.401;40.200;67.370;67.037;80.645,0.2963062766151566,-0.744403343599056,0.12764786439781348,-0.9841625661186936,0.49160505048694164,0.8348129019999178,1.7552513404447394,2.295769790335106,0.09783803623440208,-0.874559208390339,0.9784761542608534,2.12151193691364,45.873,14.840
1766334366.913007,47,102;103;104;105;200;201;202,63.144;67.138;67.401;40.200;67.370;67.037;80.645,0.2963062766151566,-0.744403343599056,0.12764786439781348,-0.9841625661186936,0.49160505048694164,0.8348129019999178,1.7552513404447394,2.295769790335106,0.09783803623440208,-0.874559208390339,0.9784761542608534,2.12151193691364,45.873,14.840
1766334366.979645,48,102;103;104;105;200;201;202,63.144;67.138;67.401;40.200;67.370;67.037;80.645,0.2963062766151566,-0.744403343599056,0.12764786439781348,-0.9841625661186936,0.49160505048694164,0.8348129019999178,1.7552513404447394,2.295769790335106,0.09783803623440208,-0.874559208390339,0.9784761542608534,2.12151193691364,45.873,14.840
1766334367.044366,49,102;103;104;105;200;201;202,63.541;66.823;67.693;39.919;66.457;65.939;80.956,0.2857860692518287,-0.6001760708562526,0.18802876880638486,-0.859923596580472,0.4991903626018156,0.892904385570653,1.6481868204025318,2.276892403775387,-0.0793226398165253,-0.8844851021477882,0.9198173674779837,2.0857957964958915,38.028,19.159
1766334367.127442,50,102;103;104;105;200;201;202,63.541;66.823;67.693;39.919;66.457;65.939;80.956,0.2857860692518287,-0.6001760708562526,0.18802876880638486,-0.859923596580472,0.4991903626018156,0.892904385570653,1.6481868204025318,2.276892403775387,-0.0793226398165253,-0.8844851021477882,0.9198173674779837,2.0857957964958915,38.028,19.159
1766334367.179716,51,102;103;104;105;200;201;202,63.541;66.823;67.693;39.919;66.457;65.939;80.956,0.2857860692518287,-0.6001760708562526,0.18802876880638486,-0.859923596580472,0.4991903626018156,0.892904385570653,1.6481868204025318,2.276892403775387,-0.0793226398165253,-0.8844851021477882,0.9198173674779837,2.0857957964958915,38.028,19.159
1766334367.247136,52,102;103;104;105;200;201;202,63.541;66.823;67.693;39.919;66.457;65.939;80.956,0.2857860692518287,-0.6001760708562526,0.18802876880638486,-0.859923596580472,0.4991903626018156,0.892904385570653,1.6481868204025318,2.276892403775387,-0.0793226398165253,-0.8844851021477882,0.9198173674779837,2.0857957964958915,38.028,19.159
1766334367.313056,53,102;103;104;105;200;201;202,63.541;66.823;67.693;39.919;66.457;65.939;80.956,0.2857860692518287,-0.6001760708562526,0.18802876880638486,-0.859923596580472,0.4991903626018156,0.892904385570653,1.6481868204025318,2.276892403775387,-0.0793226398165253,-0.8844851021477882,0.9198173674779837,2.0857957964958915,38.028,19.159
1766334367.411498,54,102;103;104;105;200;201;202,63.541;66.823;67.693;39.919;66.457;65.939;80.956,0.2857860692518287,-0.6001760708562526,0.18802876880638486,-0.859923596580472,0.4991903626018156,0.892904385570653,1.6481868204025318,2.276892403775387,-0.0793226398165253,-0.8844851021477882,0.9198173674779837,2.0857957964958915,38.028,19.159
1766334367.478795,55,102;103;104;105;200;201;202,63.541;66.823;67.693;39.919;66.457;65.939;80.956,0.2857860692518287,-0.6001760708562526,0.18802876880638486,-0.859923596580472,0.4991903626018156,0.892904385570653,1.6481868204025318,2.276892403775387,-0.0793226398165253,-0.8844851021477882,0.9198173674779837,2.0857957964958915,38.028,19.159
1766334367.549865,56,102;103;104;105;200;201;202,63.541;66.823;67.693;39.919;66.457;65.939;80.956,0.2857860692518287,-0.6001760708562526,0.18802876880638486,-0.859923596580472,0.4991903626018156,0.892904385570653,1.6481868204025318,2.276892403775387,-0.0793226398165253,-0.8844851021477882,0.9198173674779837,2.0857957964958915,38.028,19.159
1766334367.609153,57,102;103;104;105;200;201;202,63.541;66.823;67.693;39.919;66.457;65.939;80.956,0.2857860692518287,-0.6001760708562526,0.18802876880638486,-0.859923596580472,0.4991903626018156,0.892904385570653,1.6481868204025318,2.276892403775387,-0.0793226398165253,-0.8844851021477882,0.9198173674779837,2.0857957964958915,38.028,19.159
1766334367.675793,58,102;103;104;105;200;201;202,63.541;66.823;67.693;39.919;66.457;65.939;80.956,0.2857860692518287,-0.6001760708562526,0.18802876880638486,-0.859923596580472,0.4991903626018156,0.892904385570653,1.6481868204025318,2.276892403775387,-0.0793226398165253,-0.8844851021477882,0.9198173674779837,2.0857957964958915,38.028,19.159
1766334367.744096,59,102;103;104;105;200;201;202,62.220;66.537;68.339;42.105;68.414;66.891;81.673,0.2756706040268897,-0.4890659752767926,0.23187786639823785,-0.7642713144862526,0.5143357371865485,0.9186496690503383,1.5655499096693037,2.253647923519253,-0.2107323774318343,-0.890579269391037,0.8732414323594702,2.056725163853589,32.092,23.960
1766334367.809474,60,102;103;104;105;200;201;202,62.220;66.537;68.339;42.105;68.414;66.891;81.673,0.2756706040268897,-0.4890659752767926,0.23187786639823785,-0.7642713144862526,0.5143357371865485,0.9186496690503383,1.5655499096693037,2.253647923519253,-0.2107323774318343,-0.890579269391037,0.8732414323594702,2.056725163853589,32.092,23.960
1766334367.875003,61,102;103;104;105;200;201;202,62.220;66.537;68.339;42.105;68.414;66.891;81.673,0.2756706040268897,-0.4890659752767926,0.23187786639823785,-0.7642713144862526,0.5143357371865485,0.9186496690503383,1.5655499096693037,2.253647923519253,-0.2107323774318343,-0.890579269391037,0.8732414323594702,2.056725163853589,32.092,23.960
1766334367.942634,62,102;103;104;105;200;201;202,62.220;66.537;68.339;42.105;68.414;66.891;81.673,0.2756706040268897,-0.4890659752767926,0.23187786639823785,-0.7642713144862526,0.5143357371865485,0.9186496690503383,1.5655499096693037,2.253647923519253,-0.2107323774318343,-0.890579269391037,0.8732414323594702,2.056725163853589,32.092,23.960
1766334368.007749,63,102;103;104;105;200;201;202,62.220;66.537;68.339;42.105;68.414;66.891;81.673,0.2756706040268897,-0.4890659752767926,0.23187786639823785,-0.7642713144862526,0.5143357371865485,0.9186496690503383,1.5655499096693037,2.253647923519253,-0.2107323774318343,-0.890579269391037,0.8732414323594702,2.056725163853589,32.092,23.960
1766334368.069590,64,102;103;104;200;201;202,61.740;66.904;67.870;67.762;67.451;80.634,0.2718612513566318,-0.4307890078765198,0.24926735049043625,-0.728495623075412,0.5125964543719539,0.9232750374702273,1.524567028533389,2.2340252157096763,-0.27384881479952844,-0.8857542411573035,0.8649753550105643,2.030488188676301,29.109,26.821
1766334368.137383,65,102;103;104;200;201;202,63.933;68.306;67.598;68.305;66.917;81.148,0.26891348861658365,-0.38670058973404026,0.26141001879076425,-0.7021893807369767,0.513505512058985,0.9235516464656168,1.4939906561317333,2.2174728676040347,-0.3203119717674046,-0.8831780600388045,0.8575044690644973,2.0083768283595895,26.908,29.058
1766334368.203997,66,102;103;104;105;200;201;202,63.149;68.508;69.210;40.114;68.850;66.775;81.008,0.26011624445542847,-0.32591915932783766,0.284219123068647,-0.6494235924520909,0.5343601638861226,0.9224908421459214,1.4494757432683094,2.1994731229236084,-0.3901617791438093,-0.8897543893741456,0.8244328947276306,1.9925718592628345,23.810,32.106
1766334368.272588,67,102;103;104;200;201;202,62.131;67.463;68.922;67.957;67.109;80.512,0.2580605363390095,-0.3055027183282112,0.2872235198862753,-0.642583204235637,0.5322270008064025,0.9184723273456485,1.4376852481623787,2.188829640755987,-0.41050641233213686,-0.8856032501612158,0.8259124271743407,1.9768421724655205,22.833,33.197
1766334368.338909,68,102;103;104;105;200;201;202,61.102;66.749;69.161;41.449;67.225;66.632;81.200,0.2510161656884071,-0.26189745879885107,0.30348578668943993,-0.6056103493227654,0.5507904885438638,0.9137277870146414,1.4056084719171844,2.174712226416341,-0.4600080414204405,-0.8919584475725686,0.7998422849764069,1.966178294999421,20.704,35.444
1766334368.401683,69,102;103;104;200;201;202,63.561;66.728;67.897;67.472;66.358;80.214,0.2509063368695609,-0.25616713089422655,0.30124613386440074,-0.6097915218266222,0.5470719722456534,0.9095427060393211,1.4045710932500595,2.1688447812469063,-0.46387478809221294,-0.8888557376000972,0.8058070344552682,1.9541102594009823,20.466,35.782
1766334368.467708,70,102;103;104;105;200;201;202,62.863;66.984;69.483;40.755;68.222;67.089;81.425,0.2449944427297922,-0.22511870274005022,0.31310628357832865,-0.5824584431165833,0.5643904869043848,0.9029790100447354,1.3818207191663934,2.158621546181416,-0.4995765567939876,-0.8953009117324356,0.7833374832650151,1.9471223175119128,18.985,37.396
1766334368.535361,71,102;103;104;200;201;202,62.592;67.352;68.157;67.973;66.684;80.919,0.24644486441106606,-0.22917447068117527,0.30787387127270804,-0.5935039207922307,0.5586288366870094,0.899495279497879,1.387524794968075,2.156672894323105,-0.4927724340446028,-0.8923938390357326,0.7924309487113532,1.9376017135635035,19.205,37.215
1766334368.598480,72,102;103;104;200;201;202,62.763;68.128;67.496;68.636;67.090;79.900,0.2467344650435838,-0.231401449797199,0.30342664540296543,-0.6015040362401279,0.5539012544849731,0.8974919850114988,1.3923867606145104,2.1542190926207967,-0.4888915157684041,-0.8891493854341977,0.8007495918168221,1.9305971385678558,19.306,37.125
1766334368.663031,73,102;103;104;200;201;202,61.548;67.048;68.870;67.788;67.168;80.707,0.24792576506872008,-0.23102076296965338,0.30137756485933304,-0.6070356537049582,0.5506206806326536,0.8971222215607912,1.3930942699343367,2.1520770781465584,-0.48719331017020673,-0.8882647128707863,0.8064280616096648,1.9248978513483648,19.342,37.169
1766334368.734050,74,102;103;104;105;200;201;202,62.382;66.941;67.707;40.633;67.296;67.116;81.571,0.2424892014192839,-0.20580587434182288,0.3123555177629124,-0.5827474248276003,0.5680688966603833,0.8929651440739699,1.3737930456275818,2.144847251091154,-0.5171369550476485,-0.8961790478031018,0.7851593110891227,1.9231109015573744,18.148,38.472
1766334368.796039,75,102;103;104;200;201;202,62.260;67.187;68.607;67.421;66.828;80.056,0.24361784715442353,-0.21297662704462372,0.30711581696442414,-0.5934291328518178,0.5618277527322659,0.891907164646676,1.3814431970353909,2.145073350496532,-0.5081982122722933,-0.8926697159448072,0.794693981152901,1.9184486187527559,18.467,38.113
1766334368.863011,76,102;103;104;200;201;202,62.749;67.259;69.129;67.484;65.919;80.289,0.2444569779532153,-0.21821539798439973,0.3029886965505502,-0.6014728508874201,0.5570476643983213,0.8913156193350559,1.3872695028245143,2.144952848751868,-0.5015172846434263,-0.8898984536975283,0.8022404788818756,1.914977195800153,18.702,37.854
1766334368.928379,77,102;103;104;105;200;201;202,61.990;67.760;68.358;42.606;68.787;66.547;81.007,0.23964722814439254,-0.19563844960511137,0.31378642122754513,-0.5777909966346224,0.5732200257489212,0.8871537330402752,1.3690356671641564,2.1392444283084697,-0.5285635188928385,-0.8970632726447602,0.780638744027256,1.9151752127723505,17.652,39.019
1766334368.992722,78,102;103;104;105;200;201;202,62.064;67.273;67.509;43.207;67.577;66.256;80.702,0.23585366126338161,-0.17824927370824975,0.3220413170970936,-0.559734391993636,0.5869022201067187,0.8820395976636823,1.3550077534240235,2.1346445122157474,-0.5493156560328503,-0.9030654194088981,0.7627243400296106,1.9146578916067822,16.865,39.923
1766334369.063790,79,102;103;104;105;200;201;202,62.000;67.285;69.413;42.372;67.288;67.274;80.689,0.23318172360273282,-0.16427334864529855,0.3290079381467549,-0.5460359065825899,0.5981984116774817,0.8773808314277529,1.3431123370586857,2.1311272760571254,-0.565666655124047,-0.9085424784617293,0.7480068891479558,1.913880892056401,16.269,40.652
1766334369.131474,80,102;103;104;105;200;201;202,62.975;67.538;68.989;43.737;67.835;66.670;80.873,0.230383641849688,-0.15366546703192643,0.3338082555208537,-0.5353068616869038,0.6074451507253699,0.8724308644909873,1.3350176880514548,2.128004747428893,-0.578587060234199,-0.9121617489257757,0.7363428291652316,1.9129435353290887,15.793,41.208
1766334369.199480,81,102;103;104;105;200;201;202,63.487;67.148;68.362;42.196;66.857;66.649;80.605,0.22841274693959085,-0.14641845398507392,0.33728028678482536,-0.527859515626322,0.6147763803474956,0.867832617504042,1.3293406387077493,2.126012678190731,-0.587524280103137,-0.9152101039045242,0.7270539413072087,1.911866354292193,15.471,41.588
1766334369.271921,82,102;103;104;105;200;201;202,62.587;67.320;68.643;42.617;67.351;66.701;80.272,0.22637021909288568,-0.14037461749549507,0.33970517271603806,-0.5217077470973406,0.6205955794531266,0.8639631990121356,1.3252866430131933,2.1239391929250657,-0.595166140843257,-0.9171171500326954,0.7200232066496095,1.9109411124186573,15.188,41.907
1766334369.388738,83,102;103;104;105;200;201;202,61.901;67.876;67.025;42.386;67.796;67.134;80.854,0.22502868579625146,-0.13649554882928389,0.34182041714817896,-0.5175187023811257,0.6249640317095256,0.8605276549197137,1.3222085043650578,2.1230847296461492,-0.6003191642858302,-0.9186981901055103,0.7141752131508239,1.910252794036004,15.006,42.109
1766334369.454437,84,102;103;104;105;200;201;202,62.241;67.496;68.359;40.209;67.017;67.515;81.715,0.22459751175677448,-0.1331849800673336,0.3436551991346495,-0.5144764748727475,0.6288915246773644,0.8577902511877709,1.3190520284866778,2.122351301349937,-0.6040174560884575,-0.9209422935460942,0.7090194485762391,1.9091712106871948,14.887,42.283
1766334369.521077,85,102;103;104;105;200;201;202,61.827;67.451;69.468;40.164;68.955;67.105;80.955,0.2236563760160878,-0.13053068837570345,0.3451668694342939,-0.5115142824694886,0.6314273168526051,0.8555140714316813,1.316899357291562,2.121814288539744,-0.6075852026826621,-0.9215813932315767,0.7051628870545623,1.9089002886836306,14.763,42.421
1766334369.587522,86,102;103;104;105;200;201;202,62.755;67.331;68.339;39.878;67.178;66.597;81.156,0.22275858987792793,-0.1296282173996587,0.34563756316810407,-0.510358411316292,0.633925725491311,0.8533071605128709,1.3166082140733422,2.1216122585426853,-0.6093524692304331,-0.92251436333831,0.7026239588792513,1.9082607514716476,14.693,42.467
1766334369.653942,87,102;103;104;105;200;201;202,62.195;66.996;68.051;40.953;67.591;67.266;82.012,0.22266593704479518,-0.12815044675408074,0.34671169055689255,-0.50897943685872,0.6350974520482732,0.8517649689943922,1.314902149714432,2.1214975447075988,-0.611003571822945,-0.9230153961082177,0.7001103105071076,1.9076442844352228,14.646,42.543
1766334369.719101,88,102;103;104;105;200;201;202,62.460;66.824;67.527;40.398;66.999;65.973;80.761,0.22193513835528675,-0.12679759013486702,0.3469262224410997,-0.5076946906144081,0.6371998478107601,0.8499694741576655,1.3144672538817581,2.120749146337935,-0.6128443713632272,-0.9237475277594405,0.6980714759633151,1.906778299870556,14.571,42.617
1766334369.786121,89,102;103;104;105;200;201;202,60.172;66.734;68.114;39.990;67.062;68.111;80.658,0.22183520926442737,-0.12488410803219464,0.34799706680940845,-0.506406495954001,0.6376190751903582,0.8495680849538029,1.312524457194685,2.120321394723988,-0.6148309747772658,-0.9238879508290018,0.6967880741800083,1.9065440110172964,14.512,42.718
1766334369.856266,90,102;103;104;105;200;201;202,63.099;66.836;68.973;42.911;68.619;66.184;80.752,0.22081718540515713,-0.12402767295765271,0.3480903505780195,-0.5050821173962877,0.6389585885120761,0.8482012576418636,1.3126725015993532,2.119827395038688,-0.616528565582186,-0.9237497587420628,0.6954576936375848,1.9064372314807496,14.437,42.763
1766334369.918987,91,102;103;104;105;200;201;202,61.626;67.037;69.449;42.860;67.371;67.078;80.988,0.2204965990155145,-0.1230605878970051,0.3485806145972565,-0.5042232387511896,0.6401953756483599,0.8469522013614071,1.3119228151751525,2.1195747878989084,-0.6177788392622142,-0.9242544853897132,0.6938131991283685,1.9058930182846083,14.394,42.814
1766334369.985482,92,102;103;104;105;200;201;202,62.058;66.851;69.390;40.340;68.561;67.251;81.096,0.21993692324002428,-0.12231600872524473,0.34894586166955616,-0.5031868272056625,0.6411568176779734,0.846268559032041,1.3115738391708454,2.1193791286415644,-0.6190463733131023,-0.9243693408753383,0.6927224294598038,1.9060861534030393,14.346,42.853
1766334370.083819,93,102;103;104;200;201;202,62.878;67.942;67.805;67.416;66.452;79.659,0.22517017092172967,-0.15055267175182152,0.33443299090920503,-0.5307448020675216,0.6216503630676153,0.8523102690977542,1.3364158493557956,2.1265528930990265,-0.586396889331863,-0.9158220882218491,0.7193621336597301,1.9022217599422009,15.447,41.363
1766334370.146496,94,102;103;104;105;200;201;202,62.588;67.027;68.973;40.840;66.226;66.900;80.397,0.2241647683770418,-0.1441739573909978,0.3377489276278642,-0.5249103471162332,0.6266882190069875,0.8514034163495414,1.330666036752273,2.1249898133742127,-0.5936420437968962,-0.9187376988921306,0.7134434583355966,1.9029940668856282,15.198,41.699
1766334370.215286,95,102;103;104;105;200;201;202,62.537;66.334;67.490;42.741;67.495;66.895;80.897,0.22262912839231377,-0.13798614670265338,0.3406088919715975,-0.5186827617499793,0.6303352831006679,0.8505549587466668,1.3257841223832132,2.123165776844375,-0.601064528043715,-0.9197773606792919,0.7085073346774082,1.9042134494410352,14.934,42.026
1766334370.282219,96,102;103;104;105;200;201;202,61.723;67.847;68.925;42.981;67.963;66.750;80.856,0.2212294462927826,-0.13385647331540493,0.3424482946240959,-0.514391187748406,0.6334728894521223,0.8496915747335738,1.3228426838437766,2.1218912684288167,-0.6063527849353022,-0.9207229600145701,0.7049839042569516,1.9051482760347667,14.742,42.244
1766334370.347156,97,102;103;104;105;200;201;202,62.586;67.032;68.674;42.899;67.473;66.553;80.640,0.22032755956768335,-0.13149188574876464,0.34342175204743536,-0.5115786764190332,0.6360699418062079,0.8481561092406863,1.3212961486556705,2.1210922096316955,-0.6094450579248573,-0.9215508183784732,0.7018721718219907,1.9052402888587583,14.628,42.369
1766334370.413344,98,102;103;104;105;200;201;202,63.618;68.032;67.529;42.267;68.213;66.876;80.914,0.2197154867433646,-0.13017136057258175,0.344281563117425,-0.5098962361592227,0.6384370669179997,0.8468377104171,1.320229044481444,2.120921513098161,-0.611406114425638,-0.922688214718582,0.6992818040631783,1.9053553514901682,14.560,42.437
1766334370.480003,99,102;103;104;105;200;201;202,63.651;67.156;69.474;41.225;67.332;66.725;80.212,0.21891106210130545,-0.12833173691365482,0.3448497240330508,-0.507922103489841,0.6403636435619887,0.8455787682162759,1.3192616596825884,2.1201365358625144,-0.6138349269935035,-0.923205915378597,0.6971910918618219,1.9051920944507774,14.467,42.536
1766334370.546308,100,102;103;104;105;200;201;202,61.267;67.185;68.179;43.256;68.793;67.080;81.353,0.21828175934928445,-0.12555017552330747,0.34593792552334224,-0.5054252767016589,0.6414409216143835,0.8455471862429561,1.317185924205256,2.1191269549940093,-0.6170155591297537,-0.9233353507134194,0.6957220957750765,1.9056908824942425,14.356,42.685
1766334370.612385,101,102;103;104;105;200;201;202,62.479;67.428;69.210;42.477;67.607;66.413;81.205,0.2177547879641129,-0.12467572784315734,0.3460943079378525,-0.5044419776836897,0.6421718022428097,0.8445593273519967,1.316925679025925,2.118658557098629,-0.6182661273981463,-0.9231965410570108,0.6947035600863278,1.9053560079537086,14.305,42.732
1766334370.677704,102,102;103;104;200;201;202,62.768;66.701;69.169;68.271;66.182;80.811,0.22324215614084844,-0.15120269895654048,0.3326816753518324,-0.530702067029374,0.6227910908989209,0.8511880004588563,1.3396699913871748,2.1255499924465697,-0.5870942801539185,-0.9148811130193295,0.7204608911411243,1.901991007744523,15.377,41.331
1766334370.742753,103,102;103;104;200;201;202,62.494;66.940;67.749;69.132;66.305;81.069,0.22684504359311058,-0.17195411811487007,0.3214196812913459,-0.5521360658180732,0.6068775444563536,0.8571024593680301,1.358484127826444,2.1300720484465256,-0.5628733220816278,-0.9072044552508504,0.7431456779979141,1.900417808344888,16.239,40.245
1766334370.810782,104,102;103;104;105;200;201;202,63.320;67.730;68.922;42.519;66.274;66.298;81.789,0.2251487572933603,-0.1596825601085266,0.3278150320002225,-0.5401155908386226,0.6147287175824507,0.8563162306950743,1.3472974558587891,2.1271757410743115,-0.5766820382503678,-0.9114268106267337,0.7323012177498821,1.9023595610466644,15.744,40.890
1766334370.876705,105,102;103;104;105;200;201;202,62.786;68.514;68.268;41.118;67.011;67.324;81.317,0.223842285195834,-0.15220817445237705,0.33207461933282734,-0.5324243087089795,0.6208576652398947,0.8545380721832252,1.3403384331973562,2.125705813826638,-0.5854790352686975,-0.9146478121279209,0.7241162092413438,1.903408593703391,15.438,41.280
1766334370.941653,106,102;103;104;105;200;201;202,62.234;68.453;67.521;38.863;67.488;66.270;80.826,0.22280811802742126,-0.14691015406524807,0.33495200322382335,-0.5268568103447533,0.6255297902105992,0.8529736784139451,1.3355964254287458,2.1245279176943725,-0.5917495965041356,-0.9169919591940651,0.7180941806692829,1.9040889980443823,15.219,41.558
1766334371.009706,107,102;103;104;105;200;201;202,62.885;67.706;68.199;41.496;68.174;66.625;80.160,0.22163551480227475,-0.1421848205974777,0.33705566098154455,-0.5218764519214332,0.6296059841166127,0.8514379442105345,1.3319418555364222,2.123072760700945,-0.5973928753195669,-0.9186880101867013,0.7131382013756548,1.9045179775383811,15.015,41.808
1766334371.073873,108,102;103;104;105;200;201;202,61.502;67.511;68.822;42.654;67.467;67.387;80.271,0.22081021348456661,-0.136298956477384,0.3402827241325333,-0.5165409340346502,0.633024336375092,0.8511104462358399,1.326402958662835,2.1217526653640486,-0.6040255041449795,-0.9204705495577313,0.7083912800955634,1.9056356919372952,14.796,42.118
1766334371.141531,109,102;103;104;105;200;201;202,63.307;67.603;68.208;42.039;68.809;66.672;80.695,0.21977545343522312,-0.1340625995242533,0.34143562057861926,-0.5135472522657355,0.6360491862383456,0.8493375127534724,1.3248646626044343,2.1212062251557313,-0.6072264984877868,-0.9215093535234664,0.7047891927435985,1.9059675708625512,14.678,42.235
1766334371.211167,110,102;103;104;105;200;201;202,62.351;67.804;67.570;40.111;67.563;66.505;81.204,0.21906213805736693,-0.13269597670110814,0.3420415370313746,-0.5116223368460191,0.6376437319024095,0.8481137358430962,1.3240668304932275,2.120788122523692,-0.6092220774763855,-0.9217759152789938,0.702661476862189,1.9061032592792566,14.603,42.307
1766334371.274643,111,102;103;104;105;200;201;202,62.413;67.934;68.028;42.643;68.223;67.183;80.743,0.2180622434550216,-0.1311797366295754,0.34282310335249555,-0.5097337642160714,0.639264865459941,0.846831729462472,1.3232300662504628,2.1204240058674264,-0.611686155332765,-0.9219222845188205,0.7006616025741798,1.9063127717259616,14.509,42.385
1766334371.341069,112,102;103;104;105;200;201;202,63.144;68.274;69.386;42.486;67.988;67.179;81.068,0.21760785164643962,-0.12892583720775463,0.34381434872262484,-0.5078013467806045,0.6408264558458128,0.8461909753947741,1.3214141525783538,2.119701597904583,-0.6142557370820224,-0.9226112794936908,0.6987464701285648,1.9062858365291842,14.420,42.506
1766334371.406489,113,102;103;104;105;200;201;202,62.618;67.013;69.714;41.174;68.477;66.504;80.427,0.21701261991872758,-0.1275698408823342,0.3442051260447492,-0.5063336208883247,0.6421295824150165,0.8452322824415932,1.3207263129407352,2.119097947442265,-0.6160366468035665,-0.9228719313437339,0.6972464676700855,1.9061304672060957,14.352,42.579
1766334371.472063,114,102;103;104;105;200;201;202,63.307;66.841;68.702;42.514;67.460;66.800;81.292,0.21670758349716038,-0.125658433713467,0.34515289669959726,-0.5045495728963338,0.6432585011701069,0.8446512104972239,1.3190342360476097,2.1185728523390144,-0.6181767661971516,-0.9232881989264632,0.6954602043588883,1.9061989047108314,14.281,42.680
1766334371.537776,115,102;103;104;105;200;201;202,62.527;67.423;69.049;41.455;67.782;67.050;80.962,0.21635086649045376,-0.12450978396768571,0.34566309648752797,-0.503526599025353,0.6440051606786448,0.8442151937072759,1.3181899458341857,2.118210401824624,-0.6196100755755471,-0.9234730413459523,0.6945016312936925,1.9062059531520976,14.231,42.741
1766334371.604435,116,102;103;104;200;201;202,63.563;67.629;68.636;67.762;66.734;81.556,0.2222380351662613,-0.15091947349780552,0.3322587974104077,-0.5301764203792939,0.6241379160416766,0.8514466214151317,1.340589980759434,2.1250165797723173,-0.5881349510423319,-0.9152444904211187,0.7208010960481108,1.9026623654088644,15.321,41.347
1766334371.666587,117,102;103;104;200;201;202,61.759;67.229;67.715;67.339;66.559;80.825,0.22712357298391408,-0.17124633143344115,0.3221498867996146,-0.5517397737167028,0.6080816247573289,0.8575546688719449,1.357257226852604,2.13021012178902,-0.5634464352527814,-0.9086891229210422,0.7422289612064352,1.9007617643245047,16.227,40.281
1766334371.731575,118,102;103;104;200;201;202,62.469;66.808;69.108;68.559;66.599;80.703,0.23092057525039436,-0.18604056659081963,0.3143607522684292,-0.5682805401696727,0.5952596825347752,0.8627382381730339,1.3695120254184094,2.1334823222599604,-0.544957671620984,-0.9032406707702307,0.7595047789522472,1.8996922999999404,16.920,39.514
1766334371.802004,119,102;103;104;105;200;201;202,63.516;67.473;69.041;42.292;68.016;66.266;80.847,0.2281835263593587,-0.1714838501451923,0.3214650907009525,-0.5530819977983441,0.6053484189055103,0.8612410238942161,1.3572340859379681,2.1297361424381447,-0.5619362085253545,-0.9080253392246261,0.7460686602104893,1.9018268059014314,16.283,40.276
1766334371.874404,120,102;103;104;105;200;201;202,62.648;66.870;68.820;42.524;67.380;66.715;81.409,0.2261557141043674,-0.15876005000009272,0.328185833078821,-0.5403294011331298,0.6128153545099165,0.8601916990564745,1.3457498796358265,2.126819748463848,-0.5765512967923658,-0.911469584785881,0.7349241030441978,1.903959399103389,15.760,40.943
1766334371.936528,121,102;103;104;200;201;202,61.702;67.778;68.821;67.661;67.108;80.770,0.23030094587978497,-0.17692859707442762,0.31920200473397076,-0.5597987123874856,0.5989671509507336,0.8645923869111997,1.3607112131116341,2.131453419136375,-0.5546763821152466,-0.9056948868125211,0.7534975290240682,1.9019749232665681,16.569,39.992
1766334372.005370,122,102;103;104;200;201;202,62.752;67.681;68.904;67.723;66.517;81.031,0.2336787636739413,-0.19095724665638517,0.31213947938570197,-0.575292342783163,0.5881637349235863,0.8683513461876946,1.3721783317058576,2.134811648673616,-0.5374674000808191,-0.9013303200952297,0.7684748375854565,1.9008516712278234,17.220,39.265
1766334372.127019,123,102;103;104;200;201;202,61.899;68.814;67.974;68.430;65.961;81.332,0.2367118326498405,-0.20353353108972003,0.3066448306099847,-0.5889611102843648,0.5794398683520962,0.8717418111673015,1.3816756657064535,2.1384861612775894,-0.5223076110033077,-0.8983537739861726,0.780929560358336,1.9009296937428117,17.816,38.610
1766334372.194842,124,102;103;104;105;200;201;202,64.256;67.587;69.273;40.490;68.446;66.894;80.935,0.2333805554264323,-0.18477463066488609,0.31598200111126934,-0.569245149576477,0.591883441594669,0.8699738186482379,1.3656463002675412,2.133938822659596,-0.5441838718851721,-0.9043326429071279,0.7634851259751738,1.9030567198812758,16.984,39.585
1766334372.260435,125,102;103;104;105;200;201;202,61.087;67.537;67.734;43.237;66.562;66.611;82.362,0.23127255838461896,-0.1703284971265713,0.32385806195362776,-0.55443376577938,0.6015369383255703,0.867895296878205,1.3523128082220073,2.1309147254424006,-0.5607568240513211,-0.909292136470581,0.749233782196651,1.9046118884513916,16.384,40.338
1766334372.325271,126,102;103;104;105;200;201;202,62.867;66.607;69.091;40.755;66.714;68.404;81.535,0.22943808516584643,-0.15761968676054539,0.3312005484348212,-0.5422251042534648,0.6095825278154217,0.8654520632402075,1.3401602842856006,2.128534974160907,-0.5754103243303822,-0.9133677973670623,0.7368735200324191,1.9055865915453856,15.876,40.999
1766334372.392515,127,102;103;104;105;200;201;202,61.817;67.455;67.129;42.337;68.303;66.926;81.659,0.22742496090804964,-0.15042899571599824,0.3349244375649694,-0.5338879339960219,0.6154507665015717,0.8626824714843685,1.3343288645871272,2.126814797458938,-0.584460678094438,-0.9152448226868363,0.7285305010165354,1.9065419696852317,15.550,41.374
1766334372.458250,128,102;103;104;105;200;201;202,62.947;67.630;68.643;39.882;66.569;67.236;80.450,0.22584932116534093,-0.14493431544150842,0.3378782352435971,-0.5275891543960687,0.620736608519615,0.8598005849573415,1.329792474179479,2.125578986854858,-0.5914429123470574,-0.9172351207678975,0.7213749371975835,1.9068950225910415,15.302,41.660
1766334372.524284,129,102;103;104;105;200;201;202,63.296;66.803;68.194;42.517;68.955;67.909;81.495,0.22413938841739053,-0.13864742557175672,0.340340885940218,-0.5211957541841097,0.6245909215572616,0.857503253081982,1.3253302834100218,2.1233495413700054,-0.5989545299675607,-0.9178946780692254,0.7157543415620686,1.9068708866075559,15.027,41.994
1766334372.591071,130,102;103;104;105;200;201;202,61.093;66.988;68.923;39.442;67.719;67.178;80.535,0.22301953524233137,-0.13408019072156727,0.3423249203639879,-0.5166899110624718,0.627978980023096,0.8560238682375448,1.3218243990145877,2.1218846308501793,-0.6043591337681173,-0.9191108328000899,0.7114407191941727,1.9070569845592646,14.836,42.237
1766334372.688739,131,102;103;104;105;200;201;202,62.322;66.585;69.738;40.850;68.425;66.191;81.533,0.22181139101377326,-0.13034583391484808,0.34360084654191847,-0.5126861887564977,0.6315097292089048,0.8539100696942746,1.319462270904962,2.1203905175711455,-0.6089218312813688,-0.9202146732002214,0.7072498670068679,1.906799525800177,14.668,42.437
1766334372.754996,132,102;103;104;105;200;201;202,63.367;66.931;68.775;40.138;68.149;67.072;80.880,0.22084723139348106,-0.12849170388115014,0.34478970457782143,-0.5101562437805959,0.6339833035816056,0.8519728209817886,1.3180534031069813,2.120137718592455,-0.6117702269384279,-0.9208824994545681,0.7038917395104295,1.9069709830672021,14.567,42.532
1766334372.820675,133,102;103;104;105;200;201;202,61.953;66.505;69.506;39.585;67.291;66.083;80.355,0.2197218906722183,-0.12635663521453427,0.34535092746858487,-0.5075145768649333,0.6355097298755211,0.8505425524487842,1.3171504239741787,2.11914714021881,-0.6147376775025021,-0.9205703158719171,0.7017567640279027,1.907009662006259,14.450,42.646
1766334372.886741,134,102;103;104;105;200;201;202,63.777;66.421;68.196;41.817;67.387;66.605;80.387,0.2191382927165145,-0.12518323348505833,0.345583587605407,-0.5063554377278773,0.6380042429691638,0.8489349844217985,1.3166957615729729,2.1185353642937854,-0.6163027059801163,-0.9218356101528636,0.6995862827217766,1.9063163273918988,14.388,42.710
1766334372.953708,135,102;103;104;105;200;201;202,62.600;67.547;68.867;40.872;67.767;67.304;81.231,0.21925072046056393,-0.12349525901814225,0.3468824097795521,-0.5047080401985322,0.639615730241546,0.8481749497403622,1.3145292114684426,2.118457196265142,-0.6179986557039026,-0.9230116570342043,0.6969884092911321,1.9063764534525423,14.345,42.797
1766334373.023998,136,102;103;104;200;201;202,61.072;66.739;68.262;68.221;66.064;82.058,0.22390930273920331,-0.1502024202940198,0.33344116411145625,-0.5304987308575054,0.6197137839409382,0.8544808144741302,1.3379783948815513,2.1254872493768904,-0.5875129260168096,-0.9134342894331167,0.7229711001652446,1.9036605981530204,15.376,41.385
1766334373.090133,137,102;103;104;200;201;202,62.533;66.929;69.363;68.331;67.280;81.623,0.22839941362130342,-0.16986219777919118,0.32350761806493394,-0.5513273529687182,0.6043230291086279,0.8598883713061872,1.3544003016168173,2.1303905059808703,-0.5638154967401944,-0.9069444886090074,0.7435493447860947,1.9015487854798234,16.237,40.355
1766334373.159524,138,102;103;104;105;200;201;202,61.152;67.208;68.483;40.818;67.542;66.710;82.195,0.22633045768939694,-0.15854671688830596,0.32924607647635656,-0.5397515898556405,0.611256791801709,0.8588720620882662,1.344580169351338,2.1275900325694317,-0.5769733692446429,-0.9099212056195861,0.7336477275651103,1.9035797835308064,15.761,40.949
1766334373.227452,139,102;103;104;105;200;201;202,62.662;67.037;68.720;42.984;67.252;67.134;81.427,0.22417090810795742,-0.14932174604410822,0.3336004472392141,-0.5304989534377064,0.6175045322249448,0.85710540203351,1.3371649861257724,2.1249992699537636,-0.5879972372030678,-0.9122976298591824,0.7254786043187738,1.9047096789976343,15.361,41.434
1766334373.293031,140,102;103;104;105;200;201;202,63.429;67.415;68.753;41.835;68.981;66.383;80.810,0.22183880524194766,-0.1436713288079561,0.33606819944166705,-0.5238300271894575,0.6229129427592478,0.8548029344637573,1.3334942579494233,2.123254018292006,-0.5956507045176661,-0.9138264055717701,0.7192878585127315,1.9057626290505056,15.072,41.731
1766334373.356325,141,102;103;104;105;200;201;202,61.516;66.912;68.170;43.128;69.190;65.540;80.613,0.22039172342932375,-0.13818168942686432,0.33834527151390514,-0.5179071838989261,0.6274181568124325,0.8530121426748806,1.3294486589144945,2.1214133957036507,-0.60221531666949,-0.9154431603377416,0.7137152903636792,1.9062953471046433,14.833,42.023
1766334373.426952,142,102;103;104;105;200;201;202,62.049;66.920;68.083;40.530;68.375;67.173;80.686,0.2196876103377992,-0.13378426236739338,0.3406285585733307,-0.5138316323209324,0.6307364631320063,0.8519197430596903,1.3254799458881805,2.120313700645361,-0.6071999871725244,-0.9171673709606731,0.7094221997882032,1.9066013398884472,14.666,42.256
1766334373.491257,143,102;103;104;105;200;201;202,62.966;67.391;69.439;40.060;68.217;66.708;82.190,0.2188248028063894,-0.1310293673377515,0.34221442079286973,-0.5108861103467618,0.6340075377941033,0.8503220236027089,1.3231488728873564,2.1197678467001637,-0.6107992093162047,-0.918730827649738,0.7056305269942493,1.9068096157227163,14.542,42.399
1766334373.555571,144,102;103;104;105;200;201;202,61.882;67.642;69.249;41.404;67.223;67.615;81.045,0.21859420287153541,-0.12856990317357805,0.3438884349456393,-0.5087633868935635,0.6364150258104704,0.8494284904776663,1.3204618125890963,2.119484027113897,-0.6135792894038262,-0.9203593639982623,0.702567884450747,1.9069077190059431,14.458,42.527
1766334373.621186,145,102;103;104;105;200;201;202,62.146;67.359;69.087;40.152;67.142;67.934;81.095,0.2179124541490741,-0.12561989380036062,0.3452044450103557,-0.5063788242199927,0.6380955397768194,0.8489990835618758,1.3181279250356053,2.118554205443552,-0.6170324681637526,-0.9210146130911289,0.7006263818030788,1.9071013839732536,14.340,42.685
1766334373.688008,146,102;103;104;105;200;201;202,63.412;67.545;69.345;40.344;68.199;66.501;80.811,0.21799170657738723,-0.12545020064185922,0.34530169446822206,-0.5057490180270883,0.6393172092665156,0.8476109674349596,1.3178921022887735,2.118515661996918,-0.6171222670536023,-0.9216818089956448,0.6987577697732087,1.9064928746898882,14.339,42.694
1766334373.750616,147,102;103;104;105;200;201;202,63.411;67.165;69.038;41.389;67.692;67.065;80.609,0.21752786345182323,-0.12477803036560947,0.3454820270431514,-0.5048898895799945,0.6405296493674965,0.8463990725436535,1.3176800368386894,2.1182092798309196,-0.6181660908893376,-0.9220013765592686,0.6973590349624647,1.9060928031451447,14.297,42.730
1766334373.815152,148,102;103;104;105;200;201;202,64.267;67.848;68.311;40.562;68.821;67.077;80.475,0.216981680621845,-0.12541059730401263,0.3450972986414122,-0.5048784691098563,0.6420610975394888,0.8448905506171058,1.3187534169112252,2.1183412370202666,-0.6180710897256252,-0.922566523704841,0.6962160981563283,1.9056784762903904,14.288,42.695
1766334373.880472,149,102;103;104;105;200;201;202,63.010;67.535;68.168;42.247;68.377;67.125;80.717,0.21685080652173713,-0.12491835440183055,0.34553660535815955,-0.504129115040085,0.6428145440847409,0.8441821099986557,1.318182108999304,2.1183758649163194,-0.6187526452290789,-0.922867588642139,0.6949413343790886,1.9056656019109788,14.267,42.720
1766334373.947757,150,102;103;104;105;200;201;202,63.060;68.056;69.085;43.605;67.334;67.401;81.258,0.2163779659990121,-0.12419362571804352,0.3459448942537627,-0.5033340734037439,0.643566738404557,0.843797278920282,1.3177457963384418,2.1182289020922953,-0.6199373637791521,-0.9230131226157959,0.6941877033178039,1.9058934299066943,14.223,42.757
1766334374.011736,151,102;103;104;200;201;202,63.871;67.669;69.216;66.612;65.949;80.728,0.22214132679462326,-0.1512592013216306,0.33221916679896496,-0.5303170809302822,0.6243392255716826,0.8504392242477257,1.3408817972128129,2.1252235110709385,-0.5879526290253942,-0.9151504964650173,0.7201816592708465,1.9021319720392451,15.327,41.327
1766334374.080224,152,102;103;104;105;200;201;202,62.633;67.399;68.959;40.745;68.339;66.920;81.024,0.22134720789683823,-0.14450778836570566,0.33553365351271813,-0.5238652028321278,0.6283083672155189,0.8500556629962368,1.3347744700938722,2.1233935560167403,-0.5952783646186303,-0.917189780033126,0.7145747072488665,1.903217009238669,15.074,41.686
1766334374.144250,153,102;103;104;105;200;201;202,62.840;66.987;67.743;42.515;67.306;66.423;81.160,0.22063067840243297,-0.13914445190648508,0.3382833786942583,-0.5186548002349719,0.6319494205004521,0.8493432671765911,1.3298728837045772,2.1220303314491877,-0.6012161016169669,-0.9190785486968641,0.7096208184046842,1.90404668242053,14.874,41.970
1766334374.212115,154,102;103;104;105;200;201;202,62.524;67.628;67.989;39.686;67.452;66.472;80.859,0.2202598558006633,-0.13528917321558268,0.3402951478434951,-0.5151716108973227,0.6344754669745474,0.8488618311411613,1.3262133584892515,2.1210687334873346,-0.6053480238917981,-0.920543219996562,0.7061694510586793,1.9044702829539377,14.739,42.174
1766334374.278860,155,102;103;104;105;200;201;202,62.881;67.232;68.928;41.057;67.623;67.002;80.512,0.22001031778242258,-0.13204653097590097,0.34225138282060347,-0.512266250674264,0.6368279368055472,0.8483121692290541,1.322856965444255,2.120481619796529,-0.6088632970876149,-0.9220404263872704,0.7028951964396983,1.9048712415713365,14.630,42.344
1766334374.343995,156,102;103;104;105;200;201;202,62.689;68.111;68.619;41.999;67.344;67.372;81.122,0.22013482718372349,-0.12954098891135035,0.3439435406193073,-0.50999308680404,0.6384022291895899,0.8476841730451418,1.319881470711242,2.120170744469032,-0.6113347796143063,-0.9231578644759769,0.6999720566375686,1.9049922099887358,14.562,42.476
1766334374.406526,157,102;103;104;200;201;202,62.900;68.011;68.908;68.417;66.413;80.596,0.22485205769448435,-0.1543689787060826,0.3308288816446146,-0.5349565747305584,0.6194268555473089,0.8538055012156556,1.341918824094222,2.1260993686483753,-0.582307359383999,-0.9142902740017242,0.7253211820948051,1.9016399342789985,15.555,41.169
1766334374.474434,158,102;103;104;105;200;201;202,62.457;66.981;69.197;41.339;68.592;66.624;81.308,0.22362376041033313,-0.14658571312184596,0.3347790449240193,-0.527503403604072,0.624594842137409,0.8530931121650006,1.3349943168263734,2.124122512589324,-0.5911220475697703,-0.9169412404473988,0.7185781475410571,1.902901476252773,15.248,41.580
1766334374.540135,159,102;103;104;200;201;202,61.481;67.815;67.936;67.749;66.971;80.322,0.22817154262385503,-0.16752796507371354,0.324008347824522,-0.5494517440039262,0.6081464132234875,0.8589778860774262,1.3528333691417593,2.1292121778809845,-0.5660605785155742,-0.9097534633113048,0.7407227923458574,1.9007301826248426,16.147,40.482
1766334374.607400,160,102;103;104;200;201;202,62.897;67.053;68.324;68.027;66.769;80.423,0.23170386366798174,-0.18336247067917516,0.315520171316495,-0.5670002378373566,0.5957005269497735,0.8635704727640381,1.3664680569323124,2.132620676460824,-0.5467582239778204,-0.904458230798059,0.758475785345581,1.899126650231684,16.859,39.660
1766334374.675534,161,102;103;104;105;200;201;202,63.148;67.531;68.820;41.275;67.490;67.199;80.788,0.22902347625039274,-0.16937758235484393,0.32283357746711294,-0.5525268592593866,0.6050431688993004,0.8624279588316065,1.3542784213172563,2.129439727081882,-0.5633029751264212,-0.9089024637099024,0.745724096071733,1.901643490067681,16.249,40.389
1766334374.740953,162,102;103;104;200;201;202,61.666;67.389;67.945;67.829;66.792;80.857,0.23252145092256105,-0.1852075155003163,0.31470261523689774,-0.5695931329018039,0.5921566208111736,0.8667796559159168,1.3676124390552797,2.133145371767214,-0.544171580345142,-0.9030268048595627,0.7629740747717219,1.900491395846584,16.961,39.566
1766334374.868314,163,102;103;104;105;200;201;202,64.167;66.787;69.099;43.052;67.935;66.746;81.749,0.2296980505025672,-0.16949663133397702,0.32271140071112225,-0.5532404135014889,0.6024894462211855,0.8653776927745238,1.3539722874416562,2.1293906321682345,-0.5624945178119146,-0.9079057885646421,0.7485898514610253,1.9029745680122734,16.284,40.386
1766334374.931975,164,102;103;104;105;200;201;202,62.482;67.557;68.086;40.924;66.766;66.616;81.173,0.22843479113928225,-0.15793788228697556,0.32962561541811114,-0.5419938908053967,0.610965354257941,0.8640361496044494,1.3424241905680048,2.1274206482523788,-0.5755182791561977,-0.9131703471689189,0.7368747683632959,1.9046334610879794,15.840,40.988
1766334374.998119,165,102;103;104;105;200;201;202,62.196;66.882;69.158;40.862;66.780;67.279;82.101,0.22686466532729832,-0.14921627673834958,0.33470596980914186,-0.5327546409431615,0.6171191668612646,0.8616466814933129,1.334241535233278,2.1257941779109735,-0.5858611260962685,-0.9158205110948917,0.7273507409502896,1.9057824799647012,15.485,41.442
1766334375.063715,166,102;103;104;105;200;201;202,63.079;67.206;68.734;40.956;67.088;65.666;82.513,0.22509684025469576,-0.14367667048155605,0.3374149620249963,-0.5265374515026944,0.6228758362381668,0.8588125844465135,1.330028161970401,2.124318826845509,-0.592966716549671,-0.9181069850395138,0.7203892527491353,1.9060909570366857,15.227,41.732
1766334375.129612,167,102;103;104;200;201;202,63.322;67.255;68.005;67.385;67.616;81.215,0.22951008640796358,-0.1649356235728878,0.3266368316670109,-0.5487555755634457,0.6070486978599567,0.8631182388606099,1.3481530603058016,2.129656341816757,-0.567819039247144,-0.9111801105006987,0.7414240001176746,1.9028979428623916,16.121,40.617
1766334375.197145,168,102;103;104;105;200;201;202,61.487;67.333;68.749;40.025;66.993;66.031;81.383,0.22777977532592705,-0.1552225885020599,0.3317469191291337,-0.5383222964211732,0.6132635501574754,0.8614035368008807,1.3395236265665542,2.1273943516882645,-0.5791244714628603,-0.9136494532001469,0.7318424718800032,1.9044867597051267,15.720,41.125
1766334375.294570,169,102;103;104;105;200;201;202,62.690;66.809;67.355;40.780;67.177;67.034;81.161,0.22603855014868046,-0.14852544471091148,0.33532348373133225,-0.531111262733998,0.6187565887866764,0.8589013216016055,1.3338974179807916,2.125875131166193,-0.5874600668194854,-0.9157470599773965,0.724312939345952,1.9051299922591365,15.424,41.474
1766334375.392175,170,102;103;104;105;200;201;202,62.509;67.095;69.558;41.250;67.595;66.830;80.570,0.22475954564558123,-0.14181025636732084,0.3385645576581703,-0.524266831552394,0.6238695315967415,0.8569618284236479,1.3282169779473536,2.1240152321637655,-0.5951980464750832,-0.9179734123136307,0.7174201955921634,1.9056029924793598,15.154,41.829
1766334375.461567,171,102;103;104;105;200;201;202,62.134;66.954;69.073;40.858;68.215;67.140;81.231,0.2233328875970279,-0.13745514241269302,0.3407114963081518,-0.5195235684296186,0.6276000935581262,0.8547183342487019,1.3249051511796046,2.122857366651133,-0.6008157671891645,-0.9190583011595528,0.7123834785662202,1.9058038915556428,14.952,42.057
1766334375.527046,172,102;103;104;200;201;202,62.439;66.409;68.122;67.572;66.323;81.385,0.22815707155623746,-0.16054368249430362,0.32908404023489657,-0.5428837406023221,0.6101724687495631,0.8600015351352026,1.3445381536091487,2.1287787409852696,-0.5735552077898506,-0.9113035192344632,0.735071677391918,1.9029578377847123,15.912,40.843
1766334375.592253,173,102;103;104;105;200;201;202,62.906;65.883;69.535;43.803;67.656;67.294;80.764,0.22664566619566343,-0.1496025385239928,0.33481686389146775,-0.5322869118775394,0.6175081440039876,0.8588732980401933,1.3345129153778343,2.126169144427815,-0.5858249341233852,-0.9152257598834845,0.72513249333843,1.9045321643117399,15.487,41.419
1766334375.658328,174,102;103;104;105;200;201;202,62.163;66.350;68.628;40.960;67.133;66.961;79.988,0.22518089382765444,-0.14231761358093414,0.33846279030775106,-0.5251591948960315,0.6230450252722814,0.8569392642178736,1.3282930737278438,2.1242695506097444,-0.5943505463858018,-0.9177503109193726,0.7179349485627406,1.9050742046590863,15.189,41.802
1766334375.728487,175,102;103;104;105;200;201;202,61.815;67.238;67.650;41.307;67.307;67.156;81.007,0.2236950794725459,-0.13770559591891965,0.34110910984081,-0.5198561173693582,0.6270016552393319,0.855060567072138,1.3244416436774857,2.1233662065761063,-0.6004259678887937,-0.9190035301139013,0.712481261570662,1.9060427740568882,14.977,42.041
1766334375.792248,176,102;103;104;105;200;201;202,61.642;67.070;68.230;43.135;67.771;66.850;81.149,0.22180316428996422,-0.1328002405599018,0.3429363340282895,-0.5144765481788145,0.6301505503898779,0.8532160142064971,1.321422878997329,2.1215495281312564,-0.6067884545377422,-0.9190938793965195,0.7082280279787155,1.9065730455752024,14.739,42.302
1766334375.858994,177,102;103;104;105;200;201;202,62.008;67.239;69.859;41.463;67.970;67.519;80.693,0.22150114620327732,-0.12946153870971497,0.3446637746937459,-0.5113758941153629,0.6329666293082107,0.8518398213724532,1.3182498164714773,2.120693878659223,-0.6103323983151389,-0.9206836933057527,0.70432412741301,1.9063441281290439,14.627,42.479
1766334375.925034,178,102;103;104;105;200;201;202,63.273;67.039;68.466;42.984;68.182;67.502;80.302,0.22071400066666813,-0.12814339714774572,0.3453098935822828,-0.5096797043915887,0.6347733144228221,0.8501788383669581,1.3174938640078397,2.1203448180764153,-0.6123775009911889,-0.9210713331751775,0.7019973494286011,1.906131882875247,14.550,42.548
1766334375.991864,179,102;103;104;105;200;201;202,63.410;66.670;69.255;40.555;66.450;66.861;80.802,0.22010524138593593,-0.12667039313451287,0.3458529473059379,-0.5080045838634084,0.6366698419050056,0.8487706278563385,1.3166168065413728,2.119790644940633,-0.6143215451970135,-0.9217201353466224,0.699782043110083,1.905831958669138,14.478,42.626
1766334376.059334,180,102;103;104;200;201;202,62.132;67.188;69.308;68.284;67.131;79.896,0.2250101350770464,-0.15205710663881725,0.3323519330870739,-0.5335731527525415,0.6172619453765412,0.8552576886781346,1.3391888580772147,2.1258016443800885,-0.5845526482803669,-0.9127969186710067,0.7258157221266963,1.9023885675310335,15.488,41.291
1766334376.123501,181,102;103;104;105;200;201;202,63.824;67.263;67.887;42.591;69.761;66.550;81.533,0.22276686717159006,-0.14545432413844944,0.33557573753263126,-0.5259544444726084,0.6228270677883003,0.8534148304433787,1.3342677908739353,2.124048842010483,-0.5931625915832339,-0.9145475115194499,0.7189516970362886,1.9040131087130243,15.172,41.636
1766334376.187850,182,102;103;104;200;201;202,62.324;67.909;69.215;68.408;66.097;82.000,0.22910066219698919,-0.04360803216710138,0.44416339655527043,-0.4273453469019444,0.5649809398166517,0.8875571973251207,1.1757940087235987,2.1421848599013202,-0.7061351196348944,-0.8640748167820347,0.6710261321883839,1.9680297318115847,13.252,46.707
1766334376.254987,183,102;103;104;200;201;202,62.324;67.909;69.215;68.408;66.097;82.000,0.22910066219698919,-0.04360803216710138,0.44416339655527043,-0.4273453469019444,0.5649809398166517,0.8875571973251207,1.1757940087235987,2.1421848599013202,-0.7061351196348944,-0.8640748167820347,0.6710261321883839,1.9680297318115847,13.252,46.707
1766334376.320592,184,102;103;104;200;201;202,62.324;67.909;69.215;68.408;66.097;82.000,0.22910066219698919,-0.04360803216710138,0.44416339655527043,-0.4273453469019444,0.5649809398166517,0.8875571973251207,1.1757940087235987,2.1421848599013202,-0.7061351196348944,-0.8640748167820347,0.6710261321883839,1.9680297318115847,13.252,46.707
1766334376.386511,185,102;103;104;200;201;202,62.324;67.909;69.215;68.408;66.097;82.000,0.22910066219698919,-0.04360803216710138,0.44416339655527043,-0.4273453469019444,0.5649809398166517,0.8875571973251207,1.1757940087235987,2.1421848599013202,-0.7061351196348944,-0.8640748167820347,0.6710261321883839,1.9680297318115847,13.252,46.707
1766334376.454014,186,102;103;104;200;201;202,62.324;67.909;69.215;68.408;66.097;82.000,0.22910066219698919,-0.04360803216710138,0.44416339655527043,-0.4273453469019444,0.5649809398166517,0.8875571973251207,1.1757940087235987,2.1421848599013202,-0.7061351196348944,-0.8640748167820347,0.6710261321883839,1.9680297318115847,13.252,46.707
1766334376.522467,187,102;103;104;200;201;202,62.324;67.909;69.215;68.408;66.097;82.000,0.22910066219698919,-0.04360803216710138,0.44416339655527043,-0.4273453469019444,0.5649809398166517,0.8875571973251207,1.1757940087235987,2.1421848599013202,-0.7061351196348944,-0.8640748167820347,0.6710261321883839,1.9680297318115847,13.252,46.707
1766334376.586723,188,102;103;104;200;201;202,62.324;67.909;69.215;68.408;66.097;82.000,0.22910066219698919,-0.04360803216710138,0.44416339655527043,-0.4273453469019444,0.5649809398166517,0.8875571973251207,1.1757940087235987,2.1421848599013202,-0.7061351196348944,-0.8640748167820347,0.6710261321883839,1.9680297318115847,13.252,46.707
1766334376.653728,189,102;103;104;200;201;202,62.324;67.909;69.215;68.408;66.097;82.000,0.22910066219698919,-0.04360803216710138,0.44416339655527043,-0.4273453469019444,0.5649809398166517,0.8875571973251207,1.1757940087235987,2.1421848599013202,-0.7061351196348944,-0.8640748167820347,0.6710261321883839,1.9680297318115847,13.252,46.707
1766334376.719785,190,102;103;104;200;201;202,62.324;67.909;69.215;68.408;66.097;82.000,0.22910066219698919,-0.04360803216710138,0.44416339655527043,-0.4273453469019444,0.5649809398166517,0.8875571973251207,1.1757940087235987,2.1421848599013202,-0.7061351196348944,-0.8640748167820347,0.6710261321883839,1.9680297318115847,13.252,46.707
1766334376.784711,191,102;103;104;200;201;202,62.324;67.909;69.215;68.408;66.097;82.000,0.22910066219698919,-0.04360803216710138,0.44416339655527043,-0.4273453469019444,0.5649809398166517,0.8875571973251207,1.1757940087235987,2.1421848599013202,-0.7061351196348944,-0.8640748167820347,0.6710261321883839,1.9680297318115847,13.252,46.707
1766334376.848997,192,102;103;104;200;201;202,62.218;67.006;69.586;67.526;66.654;81.048,0.22929849460936705,0.09208798845640484,0.49379310435556434,-0.34259795116654185,0.5573139249889517,0.9402994490163021,1.0533514328754394,2.0803056423851563,-0.8200431890925474,-0.8579889931265959,0.6873885084173365,1.9851824995850416,14.013,54.014
1766334376.914010,193,102;103;104;200;201;202,62.218;67.006;69.586;67.526;66.654;81.048,0.22929849460936705,0.09208798845640484,0.49379310435556434,-0.34259795116654185,0.5573139249889517,0.9402994490163021,1.0533514328754394,2.0803056423851563,-0.8200431890925474,-0.8579889931265959,0.6873885084173365,1.9851824995850416,14.013,54.014
1766334376.980644,194,102;103;104;200;201;202,62.218;67.006;69.586;67.526;66.654;81.048,0.22929849460936705,0.09208798845640484,0.49379310435556434,-0.34259795116654185,0.5573139249889517,0.9402994490163021,1.0533514328754394,2.0803056423851563,-0.8200431890925474,-0.8579889931265959,0.6873885084173365,1.9851824995850416,14.013,54.014
1766334377.052334,195,102;103;104;200;201;202,62.218;67.006;69.586;67.526;66.654;81.048,0.22929849460936705,0.09208798845640484,0.49379310435556434,-0.34259795116654185,0.5573139249889517,0.9402994490163021,1.0533514328754394,2.0803056423851563,-0.8200431890925474,-0.8579889931265959,0.6873885084173365,1.9851824995850416,14.013,54.014
1766334377.119678,196,102;103;104;200;201;202,62.218;67.006;69.586;67.526;66.654;81.048,0.22929849460936705,0.09208798845640484,0.49379310435556434,-0.34259795116654185,0.5573139249889517,0.9402994490163021,1.0533514328754394,2.0803056423851563,-0.8200431890925474,-0.8579889931265959,0.6873885084173365,1.9851824995850416,14.013,54.014
1766334377.182395,197,102;103;104;200;201;202,62.218;67.006;69.586;67.526;66.654;81.048,0.22929849460936705,0.09208798845640484,0.49379310435556434,-0.34259795116654185,0.5573139249889517,0.9402994490163021,1.0533514328754394,2.0803056423851563,-0.8200431890925474,-0.8579889931265959,0.6873885084173365,1.9851824995850416,14.013,54.014
1766334377.248435,198,102;103;104;200;201;202,62.218;67.006;69.586;67.526;66.654;81.048,0.22929849460936705,0.09208798845640484,0.49379310435556434,-0.34259795116654185,0.5573139249889517,0.9402994490163021,1.0533514328754394,2.0803056423851563,-0.8200431890925474,-0.8579889931265959,0.6873885084173365,1.9851824995850416,14.013,54.014
1766334377.316115,199,102;103;104;200;201;202,62.218;67.006;69.586;67.526;66.654;81.048,0.22929849460936705,0.09208798845640484,0.49379310435556434,-0.34259795116654185,0.5573139249889517,0.9402994490163021,1.0533514328754394,2.0803056423851563,-0.8200431890925474,-0.8579889931265959,0.6873885084173365,1.9851824995850416,14.013,54.014
1766334377.385041,200,102;103;104;200;201;202,62.218;67.006;69.586;67.526;66.654;81.048,0.22929849460936705,0.09208798845640484,0.49379310435556434,-0.34259795116654185,0.5573139249889517,0.9402994490163021,1.0533514328754394,2.0803056423851563,-0.8200431890925474,-0.8579889931265959,0.6873885084173365,1.9851824995850416,14.013,54.014
1766334377.453242,201,102;103;104;200;201;202,62.218;67.006;69.586;67.526;66.654;81.048,0.22929849460936705,0.09208798845640484,0.49379310435556434,-0.34259795116654185,0.5573139249889517,0.9402994490163021,1.0533514328754394,2.0803056423851563,-0.8200431890925474,-0.8579889931265959,0.6873885084173365,1.9851824995850416,14.013,54.014
1766334377.524094,202,102;103;104;105;200;201;202,62.426;67.068;68.775;43.089;67.637;67.162;80.673,0.22213836621607305,0.20791037480783903,0.5348962613907621,-0.25682318991872133,0.5793252333951405,0.9585745496725264,0.9529592308256395,2.0225608276484244,-0.9180736028774754,-0.8581282697060837,0.6801442819605065,2.004711562197994,17.224,60.236
1766334377.606671,203,102;103;104;105;200;201;202,62.426;67.068;68.775;43.089;67.637;67.162;80.673,0.22213836621607305,0.20791037480783903,0.5348962613907621,-0.25682318991872133,0.5793252333951405,0.9585745496725264,0.9529592308256395,2.0225608276484244,-0.9180736028774754,-0.8581282697060837,0.6801442819605065,2.004711562197994,17.224,60.236
1766334377.670324,204,102;103;104;200;201;202,61.543;67.078;67.409;67.231;66.654;80.735,0.22152396779621988,0.28401578532183874,0.5586343172783076,-0.20770512486223433,0.5760633936500127,0.9786262792979283,0.8867435639543176,1.980234931460766,-0.9742364802527873,-0.852136028749523,0.6967142516320729,2.0080655069339612,20.367,64.304
1766334377.736044,205,102;103;104;200;201;202,60.864;67.982;68.043;67.053;66.314;80.968,0.22029462165794278,0.3438448433352404,0.5763992385823458,-0.16823402975762924,0.5750337340187989,0.9914706536902539,0.8356190593233026,1.9453925859455528,-1.017191407555121,-0.8473067503724756,0.7101615855350116,2.0094307511411773,23.069,67.493
1766334377.803091,206,102;103;104;105;200;201;202,62.820;67.436;68.172;43.100;66.441;67.574;81.037,0.21387470729227692,0.40100920213445485,0.59531513220958,-0.1256792272723522,0.5987031068468077,0.9830208860323143,0.787660400358339,1.9126818161000185,-1.062792492441286,-0.8495462638082406,0.6989808484566737,2.018892543970381,25.649,70.538
1766334377.870087,207,102;103;104;105;200;201;202,63.445;66.434;69.163;40.943;67.688;66.974;80.974,0.2079782228542346,0.4438287470974799,0.608422497925416,-0.09560763075830032,0.6174327875745157,0.9735507169034284,0.7530706840720628,1.8868980538607252,-1.0967865527401555,-0.850815328474754,0.6907151556867295,2.02482892770667,27.641,72.825
1766334377.969227,208,102;103;104;105;200;201;202,63.394;67.581;68.050;39.111;68.884;66.961;81.596,0.20280217239524737,0.47644406993769617,0.6174644873802763,-0.07372674674715837,0.631741387147655,0.9647766820689081,0.7278181730490042,1.8663094263144426,-1.122532395004486,-0.8512383106369973,0.6849663069035514,2.028433380233725,29.187,74.575
1766334378.034007,209,102;103;104;105;200;201;202,61.513;67.073;68.365;39.431;68.180;67.125;82.118,0.1993905858322962,0.5020831840335213,0.6251783933338415,-0.05781285166695535,0.6437506447362655,0.9569235173427554,0.7069552842591034,1.850379737930355,-1.1420359603721142,-0.8527363181334741,0.6791162164753829,2.0310800948338916,30.436,75.939
1766334378.100667,210,102;103;104;105;200;201;202,62.504;66.108;68.840;40.338;67.371;67.617;81.343,0.1966537628767875,0.5218622978077879,0.6307613709212787,-0.04621633141919143,0.6535762957269261,0.9500979585198213,0.6912065405713358,1.8377390082679483,-1.1568785569980948,-0.8543062106743551,0.674204721356261,2.032738266366444,31.409,76.992
1766334378.166646,211,102;103;104;105;200;201;202,62.418;66.203;69.060;42.799;67.419;66.849;82.267,0.19370751160465505,0.5373309020209768,0.6345453421564251,-0.03730110640353523,0.6615869652966568,0.9436517858577402,0.6798257157895484,1.8273805759104664,-1.1689702833059061,-0.8549824000442037,0.6702874306341271,2.0337736337416117,32.162,77.826
1766334378.234571,212,102;103;104;105;200;201;202,64.222;66.577;67.891;40.612;68.944;67.378;80.556,0.1906150556484789,0.5475006149296989,0.6361388503179307,-0.03133362975306281,0.6667138048745289,0.9384093602748226,0.673763838478195,1.8199101185533089,-1.1776967502740883,-0.8542736157708541,0.6682236408812857,2.033962808023833,32.640,78.391
1766334378.305269,213,102;103;104;200;201;202,61.713;66.313;68.272;67.048;66.813;80.674,0.19345959050028902,0.544984200685006,0.6317998218356738,-0.03505138662206742,0.6473457532989327,0.9540297562199616,0.6778174229508336,1.8192056621437764,-1.1721423230653238,-0.8484661210594423,0.6885300529943952,2.023763965684059,32.567,78.271
1766334378.373335,214,102;103;104;105;200;201;202,63.084;66.331;69.074;42.182;66.451;66.931;80.246,0.19075111039690604,0.5541261995482301,0.6343127086669736,-0.030182836514140398,0.6565268249772848,0.9465196072466292,0.6713223146206246,1.8132054515944618,-1.1802642700203514,-0.8505660111766417,0.6818304298630989,2.025620421365128,32.998,78.769
1766334378.466820,215,102;103;104;200;201;202,63.634;67.062;69.501;66.829;67.180;80.768,0.19432310203880804,0.5505771427337356,0.6307087642119791,-0.034564393873264536,0.6404708145199218,0.9600211561254121,0.6749440234379109,1.813875079032705,-1.1737374173319124,-0.8470455398993699,0.6977172450398079,2.0170882368973913,32.882,78.581
1766334378.554711,216,102;103;104;105;200;201;202,61.440;66.928;67.845;43.333;68.219;67.356;80.436,0.19131074779088683,0.5592119847399167,0.633549239743058,-0.02889883221352365,0.6500958187723271,0.9521544556993495,0.6686138578816528,1.8084982950599124,-1.1819979603094761,-0.8486052548602212,0.6905574411682253,2.0203744661662224,33.280,79.049
1766334378.635984,217,102;103;104;105;200;201;202,59.943;67.078;68.958;41.101;67.823;67.114;80.919,0.18915277814891315,0.5670710874363155,0.6365019125321889,-0.024020953799975552,0.6584672778121732,0.9455946054065046,0.6621929752823132,1.8038485904742592,-1.1890423071686722,-0.850389754146082,0.6842058474301969,2.0233794629716315,33.655,79.468
1766334378.733479,218,102;103;104;200;201;202,62.359;68.917;68.160;68.569;66.884;79.826,0.19296811125849245,0.5607932543459373,0.6321486426816935,-0.03002439866136952,0.6417453889326242,0.9594660818696875,0.6680650830414203,1.8063156651575798,-1.1806811563251807,-0.8469313740253447,0.6999286959546223,2.014606957244891,33.397,79.136
1766334378.794829,219,102;103;104;105;200;201;202,63.485;67.074;68.991;40.807;67.685;67.738;81.716,0.19057816842345066,0.5664317662932158,0.6344323426178148,-0.026642119016670372,0.6515240323076497,0.9514097925062767,0.6637504124864844,1.803062904019134,-1.1866173885439448,-0.8494478646128185,0.6914383863222797,2.0179168406350416,33.650,79.441
1766334378.863544,220,102;103;104;105;200;201;202,63.070;67.747;68.580;40.871;68.267;65.861;81.816,0.18827170183240372,0.5709460495123615,0.635811901493793,-0.02355952499040442,0.6594228277018558,0.9445536574042824,0.6609101427442616,1.8001389149018425,-1.1915919359195415,-0.850984666316803,0.684762370814283,2.0206981675899485,33.847,79.693
1766334378.927531,221,102;103;104;200;201;202,62.041;67.620;69.684;67.360;66.452;80.815,0.1921952154754913,0.5642319361147534,0.6316015353271658,-0.02909703734237857,0.6423179254565444,0.958425339692317,0.6668653247481837,1.8030728780243939,-1.1829663260034906,-0.8469228463127536,0.7003896651420584,2.0125151214588657,33.567,79.335
1766334378.993256,222,102;103;104;200;201;202,62.977;68.039;68.568;69.159;67.103;80.814,0.19484535491876923,0.5582197960102147,0.6276365638424145,-0.034196672701987015,0.6284515249446047,0.9696787480667779,0.6728165665834176,1.8055192304276302,-1.1760041289855352,-0.8434670410547103,0.7136488233565075,2.0057428033730678,33.303,79.023
1766334379.058539,223,102;103;104;200;201;202,62.467;67.818;68.638;66.977;66.426;81.151,0.19689806930531284,0.5541332346386965,0.6248435203153112,-0.03740784417850222,0.6172900936300673,0.9791313858927442,0.6768120929692454,1.8071143729288022,-1.170981840304879,-0.8404289790064144,0.7248880156898131,2.000973391824764,33.130,78.810
1766334379.126902,224,102;103;104;105;200;201;202,61.409;67.525;67.784;40.766;68.120;66.798;81.113,0.19362272416485318,0.5629631750560389,0.6291667511962262,-0.030572922029561887,0.6329605372425182,0.9675038807251137,0.6691388304349443,1.8025614916764752,-1.1800986733011538,-0.844563179770811,0.7115994208060319,2.007897021001136,33.530,79.277
1766334379.191898,225,102;103;104;105;200;201;202,62.080;66.912;68.707;43.187;67.834;66.414;79.980,0.19089292129430518,0.570008170065788,0.6326641557380592,-0.025568493052445424,0.6456431663777077,0.9573397165226837,0.6630194154560615,1.7989342101470547,-1.1874784790342912,-0.8477665023145406,0.7003081830682267,2.013231631089714,33.849,79.650
1766334379.261436,226,102;103;104;105;200;201;202,62.921;66.550;68.579;43.257;68.256;66.550;80.770,0.1883995386849056,0.5736269504350536,0.6342880293289765,-0.023009311167619756,0.6552870534566364,0.9492026261410341,0.6606009912097045,1.7969080787312708,-1.1922711959370467,-0.8501022614185352,0.6916277065124001,2.0169924815402394,33.995,79.852
1766334379.327450,227,102;103;104;105;200;201;202,63.056;68.482;68.596;42.420;67.996;66.305;80.447,0.1863615933673204,0.5770935414984207,0.6361705829527138,-0.020299452738304486,0.6633298317744106,0.9423730789011008,0.6577941783457799,1.7951898590025628,-1.1966252514769238,-0.8518033842535029,0.6843229553779854,2.020696635785654,34.142,80.040
1766334379.395486,228,102;103;104;105;200;201;202,64.143;68.602;68.285;41.978;67.905;66.425;80.344,0.18500932918422175,0.578848417344057,0.6369047172602446,-0.019557434960612356,0.6692745177497585,0.9372448825440225,0.6567407193067399,1.7941607397403054,-1.1990667854141843,-0.8536686386816585,0.6786816192923201,2.02253073531611,34.211,80.139
1766334379.459071,229,102;103;104;105;200;201;202,63.176;68.042;68.228;42.412;67.233;66.426;81.584,0.18407826506103958,0.5813209599361127,0.6382275586551208,-0.01823473864425275,0.674792297251522,0.9327982558480633,0.654480435382278,1.7929367257656024,-1.2016479626317673,-0.8555083153776175,0.6734998566209001,2.0246147837689943,34.325,80.269
1766334379.527583,230,102;103;104;105;200;201;202,63.606;67.132;68.670;42.056;67.725;67.381;79.776,0.18384011000789388,0.5827410040816432,0.638997257055778,-0.01808392466180163,0.6787350371246571,0.9294904309234571,0.6530181237564754,1.7922509972870975,-1.2028417472405364,-0.8573918955107191,0.669239241197317,2.0255040732980825,34.396,80.341
1766334379.589272,231,102;103;104;105;200;201;202,63.217;67.746;68.696;39.696;68.422;66.914;80.517,0.18297496858990728,0.5839874231856071,0.6394340577128766,-0.017274202518461224,0.6812215661285804,0.9269627962049964,0.6522960179847349,1.7914649785294625,-1.2044505209357848,-0.8576889131437485,0.6669120626091074,2.02641201146173,34.447,80.412
1766334379.658272,232,102;103;104;105;200;201;202,63.115;67.711;69.122;41.826;67.954;66.936;80.227,0.18219707559386855,0.5846498867673117,0.6396338993560143,-0.01711802807578005,0.6837040186809347,0.9245560541560663,0.6521070672517947,1.7910127026000635,-1.205606146688548,-0.8583118338444667,0.6645234345714369,2.027046365655155,34.469,80.453
1766334379.723506,233,102;103;104;105;200;201;202,61.433;66.848;69.259;41.807;67.949;66.944;81.564,0.18208299101694814,0.5868673104997747,0.6409748404611911,-0.015679838631572466,0.6857103287630865,0.9226106958922324,0.6495594620427142,1.7900407917861083,-1.207261269588971,-0.8586868623998888,0.662263847110089,2.028177840786651,34.584,80.562
1766334379.788017,234,102;103;104;200;201;202,62.700;67.249;68.617;68.409;67.165;81.229,0.186447532568076,0.5747370019380441,0.6346472552863759,-0.023891810467126524,0.6629082139369709,0.9407158168294557,0.660606469022978,1.7961478986156094,-1.194856620506176,-0.8523787221041527,0.6826563234566568,2.017873090811716,34.020,79.924
1766334379.852825,235,102;103;104;200;201;202,61.449;67.383;68.619;67.564;66.970;80.847,0.1905651305973499,0.5662484918865885,0.6302735758424667,-0.030065520606076857,0.6448405767659879,0.9557151408885359,0.6677069885855947,1.8004605661215454,-1.1851125245991558,-0.8479695599092123,0.6991307830090742,2.01006545629207,33.647,79.469
1766334379.916944,236,102;103;104;200;201;202,62.712;67.899;68.306;67.192;67.101;81.590,0.19427201435960437,0.5593114274404347,0.6269906937992358,-0.03554368058366279,0.6304936015929702,0.9678971968782761,0.673043879736079,1.8041658782515426,-1.17689043639733,-0.8450415819282269,0.7120954060475253,2.003927282813219,33.352,79.093
1766334379.984483,237,102;103;104;105;200;201;202,63.306;67.290;68.758;41.231;67.551;66.397;80.823,0.1918729059125868,0.56653432903499,0.6305084911176659,-0.02997182818483017,0.6431190290511007,0.958304663829746,0.6666281209434535,1.800426530323555,-1.184053230155631,-0.8484257751607305,0.7010474499317066,2.009605931407907,33.686,79.473
1766334380.050577,238,102;103;104;200;201;202,61.764;67.380;67.543;67.528;66.688;81.297,0.19518085404884597,0.5598424102450777,0.6270250906925554,-0.035088918492645275,0.6288127024384369,0.9699526371692817,0.6722072191616598,1.8037803102494618,-1.1762769405957745,-0.8449849925464432,0.7139812984635837,2.0034439037749228,33.397,79.115
1766334380.118959,239,102;103;104;200;201;202,63.300;66.835;68.075;68.091;66.806;81.564,0.19790228729569917,0.5542842758377108,0.6243107054129013,-0.039061949983421725,0.6171152764776994,0.9794297947348823,0.6766790199773188,1.8066680880537265,-1.1698900147681444,-0.8420041899097572,0.7245258902335759,1.9989204623213577,33.158,78.816
1766334380.186811,240,102;103;104;105;200;201;202,61.961;67.134;68.179;40.441;67.575;67.097;80.580,0.19494978232348129,0.5626322107645031,0.6288593537070296,-0.03268927860080413,0.6326525857219328,0.9682391361122314,0.6689269278393477,1.80267831708495,-1.1785272366987367,-0.8464973345092818,0.7112044748697457,2.005950589198069,33.537,79.252
1766334380.254918,241,102;103;104;105;200;201;202,62.826;67.236;68.848;41.018;67.716;66.787;80.221,0.1925058148327774,0.5687610881088514,0.631943286972198,-0.028094431890345505,0.6447687654783052,0.958574810887579,0.663604904892386,1.7995513007493436,-1.1850315629368913,-0.8496667467678287,0.7002193239928924,2.011162040135143,33.813,79.577
1766334380.343706,242,102;103;104;105;200;201;202,62.389;67.485;67.351;40.410;68.729;67.712;81.668,0.1905686622487017,0.5731475702010453,0.6346847278995634,-0.024546326852714944,0.6541569641641578,0.9508163299861476,0.6593951962521073,1.7976495838487754,-1.1900435993549232,-0.8518374320998072,0.6913764466254766,2.015790351813024,34.007,79.805
1766334380.408542,243,102;103;104;105;200;201;202,62.420;67.708;67.176;44.209;66.637;67.093;81.824,0.18942598974357397,0.5766301280694728,0.6373088564119553,-0.022514606435734497,0.6622744131032389,0.9443063990516891,0.6554288468547852,1.7964427942055645,-1.1937819177513445,-0.8545165454565262,0.6833041685743775,2.019357902007481,34.168,79.980
1766334380.474419,244,102;103;104;105;200;201;202,60.292;67.491;67.617;39.223;67.780;67.267;80.359,0.188170201281739,0.5798271631188584,0.639219193655577,-0.020137933231449634,0.6672505708109439,0.9396004416087614,0.6523529649136504,1.7949930651158694,-1.1972407924622885,-0.8551606087521956,0.6784149955521728,2.021902162061938,34.313,80.146
1766334380.542044,245,102;103;104;105;200;201;202,63.703;67.212;67.965;42.347;67.477;68.410;82.363,0.18714569288738947,0.5813709553146608,0.6403606394663338,-0.019416520834420293,0.6720364575582134,0.9352435051690381,0.6508819923854983,1.7944192625421442,-1.199393935868316,-0.8564792423586683,0.6734939942575024,2.023734224165764,34.376,80.228
1766334380.641041,246,102;103;104;105;200;201;202,61.249;66.319;68.686;40.799;67.075;66.869;81.263,0.18623955745817863,0.5834713831995375,0.64172188517643,-0.017543954570823875,0.6750808723621011,0.9321580140688459,0.6488023409330618,1.7935289839640105,-1.2017779470908374,-0.8564915771433477,0.6704531726539091,2.0256982271606034,34.470,80.337
1766334380.705470,247,102;103;104;105;200;201;202,61.924;66.104;68.775;40.620;66.475;67.171;79.977,0.18542058655358928,0.5849503421037534,0.6426622883702903,-0.01691416746518021,0.6786241666972969,0.9299663723727195,0.6474478802999761,1.7928817809874213,-1.2036265467830167,-0.8578183214800614,0.6678787922003966,2.0271596741414157,34.534,80.415
1766334380.772886,248,102;103;104;105;200;201;202,63.672;67.206;67.315;40.594;65.752;67.084;81.339,0.18503604766316456,0.5847600052096898,0.6430217306541386,-0.01742364916057811,0.6804853072916964,0.9279041090387073,0.6474324441729823,1.7932613838124913,-1.2040328977492163,-0.8584211726718711,0.6654279300401705,2.027684675123713,34.516,80.405
1766334380.838242,249,102;103;104;200;201;202,62.810;66.038;68.204;67.241;66.731;80.093,0.18947169987275148,0.5730721970749721,0.6364148582577237,-0.02543444778767347,0.6583793461170824,0.945210073225046,0.6584183175906168,1.7988139182532623,-1.1916738324657168,-0.8525391461540036,0.6849981500705247,2.0173172674741946,33.981,79.794
1766334380.905055,250,102;103;104;105;200;201;202,61.616;66.466;67.506;40.628;67.965;65.669;81.752,0.18720298502186547,0.5763164951533968,0.6376634779392689,-0.022531217447325017,0.6647061078460361,0.9396314857710839,0.6564547521953974,1.796853501919188,-1.1959279113633747,-0.8531265890038863,0.6798550166839655,2.020411099696659,34.112,79.977
1766334380.975101,251,102;103;104;105;200;201;202,60.979;66.304;68.499;40.999;68.729;67.089;81.128,0.18626814073474104,0.5795764903999336,0.6394148303376639,-0.020268075475110087,0.670193665677678,0.9352762652713699,0.6533176374844644,1.7952575665702877,-1.1990490647288727,-0.854615569920332,0.674854288035187,2.022978879967566,34.267,80.146
1766334381.039492,252,102;103;104;105;200;201;202,61.308;66.165;68.426;40.987;66.929;66.613;80.051,0.185293223683105,0.5814558201281339,0.6401330609223101,-0.01914516591320406,0.6738835012573668,0.9320633858802383,0.6520043714094472,1.7941268773002574,-1.2011741468372046,-0.8554804940805408,0.6715880495564268,2.0243063938035326,34.349,80.249
1766334381.106366,253,102;103;104;105;200;201;202,61.689;66.907;68.442;41.547;67.715;66.216;80.759,0.18471317243963298,0.5831044546754723,0.6411965439572439,-0.01826715949582566,0.677849418083234,0.9290783397113448,0.650307652409455,1.7934296644093293,-1.2029152531888372,-0.8569100499891567,0.6679175027688665,2.025964834418471,34.426,80.334
1766334381.170063,254,102;103;104;200;201;202,61.339;66.420;68.898;67.554;66.345;80.612,0.18900338396890662,0.5730363069222412,0.6355583682494971,-0.025223259832973483,0.6570829280332705,0.9457104372188049,0.6594760964697743,1.7982608886709015,-1.1918221208209898,-0.8514064579939837,0.6866277743823822,2.016506133603581,33.972,79.803
1766334381.242488,255,102;103;104;105;200;201;202,60.859;66.851;67.898;40.252;67.048;66.834;81.435,0.1871009847473377,0.5775476512901796,0.6376704238308144,-0.021526093926167462,0.6635954312746251,0.9405246773453958,0.6557438799587019,1.7958295528705777,-1.1966372613567295,-0.8523040269854729,0.6815267553175608,2.019996938522485,34.176,80.045
1766334381.305896,256,102;103;104;105;200;201;202,62.938;67.124;69.617;43.112;67.587;67.214;80.309,0.18610078010833825,0.5803772647467661,0.639559581018491,-0.019732812301503685,0.6705321221173056,0.9357894228090124,0.6527780656295322,1.7946794395378567,-1.1996564258449884,-0.8548610920923876,0.675503959513531,2.023197195012521,34.306,80.189
1766334381.371846,257,102;103;104;105;200;201;202,62.808;67.419;69.117;40.370;67.055;66.768;81.388,0.1845806851248133,0.5818959196036839,0.6400276042093114,-0.018780284665827335,0.6744909301347148,0.9318398926332911,0.6522015352458459,1.7936627483083045,-1.2020529189888347,-0.8553525923058929,0.6719213626009476,2.0245532316971437,34.361,80.280
1766334381.437089,258,102;103;104;200;201;202,62.397;67.738;70.284;67.791;67.168;80.853,0.18941481870735,0.5726321390424687,0.6349252816937629,-0.025469980024269846,0.6543054453565518,0.9483324033133074,0.6600938359168349,1.7981941041252065,-1.1910020314115362,-0.8505678125233483,0.6898574765684372,2.01531697987765,33.959,79.784
1766334381.503817,259,102;103;104;105;200;201;202,64.053;67.740;69.149;42.338;66.895;66.602;79.985,0.18740128559830918,0.5765506942354931,0.6362968338903522,-0.02289182028064715,0.6626056154516223,0.9418993528618962,0.6574691852620402,1.7957648362950522,-1.1953814451681306,-0.8528803837850236,0.6830145257952401,2.0183996541718314,34.130,80.001
1766334381.569822,260,102;103;104;200;201;202,63.270;67.332;67.697;67.359;66.937;81.824,0.19127825010081662,0.5660213978148947,0.6309733346335338,-0.030648931136032256,0.6446992048279082,0.9566563048015592,0.6668269927588777,1.8011387224759918,-1.1845405962156914,-0.8488167591325598,0.6991626936879008,2.010216894689734,33.647,79.445
1766334381.635069,261,102;103;104;105;200;201;202,62.716;67.208;67.978;41.679;69.343;66.707;80.672,0.18890374740817564,0.5709928392681922,0.6330998935135469,-0.026637153369092264,0.6541004451694427,0.9489565075444567,0.6630539605044857,1.798330844185156,-1.1900660372803396,-0.8507507161423161,0.6910545076090329,2.014440177361049,33.866,79.715
1766334381.700936,262,102;103;104;105;200;201;202,61.720;67.734;69.537;42.348;69.086;66.961;80.821,0.18686402839821006,0.575552849290952,0.635398347544597,-0.02302478383391252,0.6617998670129802,0.9425057816390604,0.6591933693435542,1.7959813682248706,-1.1951082962175732,-0.85207794937363,0.684380341536362,2.0182503340867792,34.069,79.959
1766334381.763989,263,102;103;104;200;201;202,62.340;68.151;69.454;67.736;67.498;80.026,0.1908754064728356,0.5673045711450402,0.6309333038321686,-0.029388357352295683,0.6442764588266819,0.9571023404518285,0.6662866805248241,1.8000325378475006,-1.185559803731858,-0.8480639342992108,0.7004277583809694,2.0102199994097028,33.708,79.519
1766334381.832714,264,102;103;104;105;200;201;202,63.029;67.787;68.987;41.890;67.266;66.971;80.063,0.1894346719702536,0.5725691991911978,0.6340508738278177,-0.025698806826255104,0.6544868481004052,0.9494342176802194,0.6609290634939118,1.7976694432227878,-1.1906519503930209,-0.851356796472754,0.6909918688653084,2.014861891234088,33.957,79.788
1766334381.898988,265,102;103;104;200;201;202,62.685;67.695;67.778;67.767;66.761;79.598,0.19320204584050432,0.5649818457515623,0.630014012168301,-0.031411208614908655,0.6383450970829022,0.962467964785147,0.6673394599353519,1.801434387943145,-1.1818080125420969,-0.8474758452795705,0.7053804452529552,2.0076804448924785,33.628,79.383
1766334381.968248,266,102;103;104;105;200;201;202,63.942;68.175;68.713;40.035;68.884;67.718;80.493,0.19078080224782704,0.5699597237796333,0.6322781846155648,-0.02761195498893869,0.648848619106983,0.9538335391244409,0.663463913171382,1.7987149858448257,-1.1874320489004047,-0.8499928130742523,0.6959456189213999,2.0120857834760697,33.845,79.652
1766334382.031658,267,102;103;104;105;200;201;202,64.314;67.942;67.491;42.133;67.963;66.790;79.838,0.18861962769679852,0.5735332684664205,0.6340558252999077,-0.024993992038985727,0.6580050814537961,0.9463784389471961,0.6607577871099212,1.7968408370444011,-1.1919295646229895,-0.8523590150516777,0.6877378983342699,2.015910560715604,33.995,79.847
1766334382.100143,268,102;103;104;105;200;201;202,62.309;67.378;68.760;40.559;68.787;67.604;80.341,0.18715135922278003,0.5769826087517034,0.6359315939364287,-0.022649812195886545,0.6643833390480313,0.9409428465618032,0.6576709338834317,1.7951549392351145,-1.1957144687726144,-0.8538110663399336,0.6818531506490887,2.018721918206647,34.150,80.030
1766334382.162945,269,102;103;104;200;201;202,61.448;67.137;69.757;66.914;66.580;81.157,0.19143540961986186,0.56901912448192,0.6320732747266374,-0.028339031436877753,0.6461401736782578,0.9557360733194742,0.6638878971805541,1.7993843658494464,-1.1862534156539826,-0.849150456873265,0.6980303549231364,2.0110766881541804,33.807,79.598
1766334382.228736,270,102;103;104;200;201;202,63.693;67.719;68.150;67.768;67.529;80.956,0.19521204611396328,0.561429505533154,0.6280618439998106,-0.03436647345303386,0.6318035114403279,0.9677062753678263,0.6702617584364516,1.8031549460876293,-1.1773958381881953,-0.8464467365757433,0.710758136047892,2.004407660398588,33.480,79.192
1766334382.293203,271,102;103;104;200;201;202,61.187;67.832;68.521;67.548;67.024;80.500,0.19796765011191167,0.5571421356655114,0.6257922138856182,-0.03733446047533361,0.6197530649881557,0.9777513278295155,0.6735285836243833,1.8052912579706288,-1.1717697961174618,-0.8431921624310241,0.7220939123133765,1.9999279921168645,33.308,78.958
1766334382.360618,272,102;103;104;105;200;201;202,62.178;67.040;69.061;43.075;67.810;66.721;80.798,0.19438033441694927,0.5647604813753697,0.6295578061836593,-0.03112434949594749,0.6347386916686676,0.965993952956163,0.6672763773923279,1.8013571504749017,-1.1803863178690988,-0.8465857909475685,0.709119696517071,2.006677570675528,33.639,79.366
1766334382.432069,273,102;103;104;105;200;201;202,61.462;67.455;68.327;40.448;68.038;67.520;80.547,0.19191552105997525,0.571010165485648,0.6328052358327154,-0.02650707676649272,0.6462874287082052,0.9568996993490261,0.66173750733187,1.7982326911417343,-1.1870213485265362,-0.8494879672478499,0.6989094780223907,2.011813378757134,33.921,79.696
1766334382.494122,274,102;103;104;200;201;202,62.601;67.617;69.174;67.199;66.996;80.655,0.1950207728215589,0.5634137267708487,0.62861195471457,-0.03182550360669595,0.6309061535968764,0.9687638277383732,0.6686377318171776,1.8018688682509334,-1.1787626461015552,-0.84515220013254,0.7125985273944467,2.005219497358474,33.581,79.296
1766334382.559620,275,102;103;104;105;200;201;202,63.381;67.563;68.656;42.903;67.486;66.841;81.386,0.19248876528756623,0.5692092173681752,0.6318529110413444,-0.027590386242218958,0.6434018296841126,0.958961455287236,0.6634218135672946,1.7991188803318936,-1.185239793959457,-0.8485884210139503,0.701284044281616,2.0106373047055595,33.837,79.602
1766334382.622364,276,102;103;104;200;201;202,63.735;67.213;69.271;66.718;67.257;81.055,0.19554630182575045,0.5612224317107563,0.6275309984248786,-0.03388189293366198,0.6290997124647989,0.9702053223620505,0.6707017135995946,1.8029856413912209,-1.1767824453907498,-0.8452320309447253,0.7139631467192292,2.003857895779838,33.476,79.183
1766334382.690183,277,102;103;104;200;201;202,62.779;66.936;67.369;68.318;67.087;80.890,0.19769592931338473,0.5544647021137917,0.6238545487202504,-0.03860247401731035,0.6169445338114787,0.9795817130691739,0.6770972963144272,1.8062082442343248,-1.1700259054865383,-0.841652952889227,0.7250864493928156,1.9988593712312608,33.164,78.831
1766334382.759632,278,102;103;104;105;200;201;202,61.187;67.005;68.157;42.236;67.487;66.895;80.569,0.19465724033112664,0.5634337755207502,0.6286009666280485,-0.03163291348611058,0.6329089058921592,0.9678851823529274,0.6688268503204943,1.8018322800344007,-1.179125142877461,-0.846078729716715,0.7113054218158512,2.00615037886579,33.575,79.300
1766334382.826613,279,102;103;104;200;201;202,62.545;66.487;67.995;67.587;67.163;81.004,0.19706679344361128,0.5563462222886314,0.6249402689149808,-0.037011921066736224,0.6199127615435805,0.9776952376053103,0.6752766903949371,1.8053531654727022,-1.1719605537853561,-0.8424262967634563,0.7228248052319332,2.000468967416799,33.250,78.929
1766334382.895107,280,102;103;104;105;200;201;202,61.364;67.041;68.197;40.406;66.706;67.278;80.610,0.19449178604329959,0.5644806459744162,0.6295567009095949,-0.031164586646541516,0.6346886897764077,0.966668823739579,0.6673906085847542,1.8015923681856616,-1.1801372716693983,-0.846823019572676,0.7095938648608983,2.006952494022839,33.626,79.350
1766334382.962644,281,102;103;104;105;200;201;202,62.585;67.225;67.400;42.511;67.557;67.434;80.252,0.19192184626708367,0.5698374454506111,0.6322213677114398,-0.027500006057552637,0.6464064583322562,0.9569832297423003,0.6629933302445883,1.7988205832779478,-1.1862334927521734,-0.8499084986193596,0.6987984180849769,2.011550895996167,33.859,79.637
1766334383.083281,282,102;103;104;105;200;201;202,63.800;67.875;68.125;41.423;66.967;67.477;80.770,0.19020028321086066,0.5731573460406868,0.634970963478451,-0.025335346962426068,0.6560338083791148,0.9504508801254833,0.6593177965101107,1.797816871007346,-1.1905075115491741,-0.8532858143830445,0.690509049807918,2.0161312530282745,34.001,79.806
1766334383.149599,283,102;103;104;105;200;201;202,62.302;66.574;68.824;41.745;66.753;66.180;81.123,0.18841604937025333,0.5770708064858868,0.6371972645431239,-0.02264376484024361,0.663600866268246,0.9442140966259316,0.6557880608681955,1.7959645630180252,-1.1949511318810329,-0.8550442240815525,0.6837109342771827,2.0195549120763214,34.174,80.013
1766334383.214738,284,102;103;104;105;200;201;202,61.488;67.235;66.788;41.163;67.223;67.129;81.136,0.18688038077285407,0.5792181118866839,0.6387162174841227,-0.02111878900863567,0.6684365689104123,0.9394775565429302,0.6538647014515018,1.7951195772960415,-1.1980337131439465,-0.8556204747246832,0.6789351825658316,2.021869432416359,34.259,80.128
1766334383.280879,285,102;103;104;105;200;201;202,62.561;66.732;68.382;41.579;67.677;67.393;81.584,0.18622384883008958,0.5808755154539224,0.6398833861172171,-0.020385955351464348,0.6729418427685583,0.935381954257039,0.652107994001267,1.794482319759057,-1.199891283387981,-0.8570802132443565,0.6740584549608066,2.023509341962872,34.335,80.213
1766334383.347721,286,102;103;104;105;200;201;202,62.910;67.355;68.531;42.387;66.985;67.519;81.511,0.18528498791332967,0.582583363764578,0.6409170804217214,-0.01937511384120983,0.6771561280940096,0.9321813239894731,0.6505895776648707,1.7937027216449533,-1.202003515661029,-0.858344869942689,0.670435117630965,2.0253344170676844,34.408,80.303
1766334383.413323,287,102;103;104;105;200;201;202,62.460;64.971;68.292;41.016;68.001;66.912;80.721,0.18451721392910272,0.5836464927013991,0.6415989138122044,-0.01825078828180951,0.6796162010982072,0.9292638559537483,0.6497036283264336,1.7932345925389908,-1.203510549696542,-0.8582921473838895,0.6675753471703153,2.026726772869646,34.451,80.361
1766334383.478486,288,102;103;104;105;200;201;202,62.066;67.969;68.698;42.246;65.084;67.366;80.917,0.184594565088892,0.5851646487425087,0.6434454453549789,-0.01761001483799011,0.6826683153470747,0.9280164358133336,0.6470206079216257,1.7931846942594598,-1.204808440560415,-0.8600063142445461,0.6650267397616583,2.0286077030116445,34.530,80.426
1766334383.546391,289,102;103;104;105;200;201;202,62.460;66.503;67.011;42.606;66.814;67.161;82.521,0.1842391469674092,0.5855582706612898,0.64355469174393,-0.017367559162428922,0.6839268071930189,0.9258725910733608,0.6468616465723479,1.7929140161376507,-1.2053869104886779,-0.8599346978069367,0.6629530572472996,2.028877515736013,34.545,80.449
1766334383.610535,290,102;103;104;105;200;201;202,62.619;67.693;68.411;41.952;66.647;67.760;81.723,0.18413385859437173,0.586253330215421,0.6440724098485521,-0.01722496971741671,0.6858520380687001,0.9242402705951731,0.6460091820292404,1.7926697886048024,-1.2060067674968202,-0.86078465867692,0.6608136677801799,2.029482942610846,34.579,80.483
1766334383.675731,291,102;103;104;105;200;201;202,63.071;66.568;69.563;40.930;66.930;67.064;80.687,0.18331222455684398,0.586489669478543,0.6436014141372127,-0.017280298984376854,0.6871321553004383,0.9224814300504598,0.6467256858392219,1.7921307016171333,-1.2067675001285842,-0.8607866685208615,0.6596112331335224,2.029354755665065,34.579,80.507
1766334383.741819,292,102;103;104;200;201;202,61.166;67.190;67.904;67.826;67.223;80.189,0.18813112357296294,0.5749827574424177,0.6374564697397415,-0.024742027070001057,0.6639482319988369,0.9410943314260314,0.6569819619879449,1.7978619605035513,-1.1942888132298448,-0.8544863532622529,0.6803509768038284,2.0191629777523703,34.057,79.899
1766334383.807818,293,102;103;104;105;200;201;202,64.205;66.062;69.278;43.254;67.599;67.594;80.831,0.1870033961690658,0.5774935065504347,0.6384901922851617,-0.02332270061749504,0.6699776139900259,0.93627768527581,0.6550708207599774,1.796411163936494,-1.1969865578256516,-0.856465092572157,0.6748637480078818,2.0212715238504004,34.170,80.035
1766334383.875168,294,102;103;104;105;200;201;202,61.968;65.918;68.641;41.287;67.108;66.724;80.424,0.1860069893208723,0.5799049107029967,0.6398207918567546,-0.021516693725778743,0.6740088443471866,0.9325893418918434,0.6528763182873464,1.7952411786878533,-1.1996053697013698,-0.8570985622600152,0.6710181016178507,2.02327266287974,34.279,80.162
1766334383.943161,295,102;103;104;105;200;201;202,63.258;66.767;68.749;42.993;67.160;66.621;80.509,0.1851515830674872,0.5812619003454778,0.6406171936217937,-0.02065316147560679,0.6782227855873596,0.9291460951845321,0.6517499943668863,1.7946014399193515,-1.2013831393740337,-0.858361270347471,0.667072858948682,2.025025341718157,34.336,80.235
1766334384.008646,296,102;103;104;105;200;201;202,61.680;67.342;68.589;41.581;67.524;65.994;81.475,0.18386964147983853,0.5837079871013078,0.641241614511622,-0.018585611861312655,0.6812305550000757,0.9264039796027465,0.6503326586671195,1.7929227354148463,-1.2040537216883551,-0.8583422832650038,0.6649892321343777,2.0265085729671033,34.444,80.373
1766334384.075281,297,102;103;104;105;200;201;202,63.168;66.802;70.009;40.764;68.650;67.047;81.293,0.1828882972671464,0.5840301867940001,0.6410738452679523,-0.018181266818387238,0.6826586822249652,0.9243864341675141,0.6507991369733103,1.7925045011057863,-1.2051166820351518,-0.8580010098121419,0.6635873777818704,2.026960745832283,34.445,80.400
1766334384.141907,298,102;103;104;105;200;201;202,62.637;67.086;69.279;41.545;68.349;67.396;81.358,0.18227504592224805,0.5847015689223771,0.6414454610679577,-0.017933143000065845,0.6845680677307527,0.9227379703308412,0.6503602023318912,1.7921642203756734,-1.206173875509249,-0.8584788748655261,0.6619333326169623,2.0276254779291807,34.470,80.438
1766334384.209031,299,102;103;104;200;201;202,63.115;68.374;69.653;68.653;67.422;81.398,0.18684355902210295,0.5734502808935044,0.6354450756444231,-0.025444818766512688,0.662227892710456,0.9410506927544405,0.6604551292834432,1.7977602854312331,-1.1941058958329078,-0.8525607287110935,0.6823242463154119,2.017739734393,33.957,79.844
1766334384.274083,300,102;103;104;105;200;201;202,62.542;65.869;69.323;38.667;68.164;67.159;79.879,0.18511628372537636,0.5769272169146994,0.6368375615181248,-0.02289654395900661,0.667954960375859,0.9362152101810226,0.6579303872569178,1.7957199286647494,-1.1979927046036971,-0.8535282098471891,0.6776332346850547,2.020248685072696,34.110,80.034
1766334384.340449,301,102;103;104;105;200;201;202,62.415;67.927;69.862;42.521;68.029;67.135;81.040,0.1839567573761222,0.5794000780871961,0.637937398402245,-0.0211275095953795,0.6728911336484439,0.9322663220443225,0.6559954557154134,1.794340667813386,-1.2007237299296987,-0.8547591999016522,0.6734076671970689,2.02240459413197,34.221,80.168
1766334384.407058,302,102;103;104;105;200;201;202,62.518;66.924;68.661;40.755;67.640;67.090;80.769,0.18316440370448228,0.5811464747602505,0.6386636522656315,-0.01992357659989454,0.6764379283588549,0.929253057847348,0.654660704432559,1.7933328737862635,-1.2026075427561518,-0.8556416097395596,0.6701905811680997,2.0238586601605597,34.299,80.263
1766334384.472418,303,102;103;104;105;200;201;202,61.259;68.267;69.166;39.707;68.738;67.287;80.386,0.18260097808586528,0.5830754678734872,0.6398116810148518,-0.018480292385509786,0.679110441150261,0.9269774524139125,0.6527037135302094,1.7924585436656322,-1.2044992405221095,-0.8561011460364919,0.667737461303789,2.025368833542555,34.391,80.362
1766334384.538881,304,102;103;104;105;200;201;202,62.246;67.427;68.606;40.858;67.321;67.642;81.828,0.18214263815233125,0.5843904239918208,0.6407679955111271,-0.017636476653465707,0.6815149206814424,0.9249311430757655,0.6512471670595068,1.791972860918159,-1.205919953722441,-0.8566821329702624,0.665397814996175,2.0266025088565605,34.452,80.429
1766334384.605907,305,102;103;104;105;200;201;202,63.776;67.664;69.325;43.173;68.342;67.004;80.538,0.18186038977480254,0.5850745188870787,0.6409163660986836,-0.017539387155043343,0.6841443308761943,0.9228284771113939,0.6508347427692897,1.7914884788439533,-1.2065824289079794,-0.8578961725162332,0.6628026154103399,2.0271962476221272,34.484,80.467
1766334384.671573,306,102;103;104;105;200;201;202,61.990;66.972;68.991;41.824;68.090;66.521;80.703,0.18145135504017876,0.5861568705253982,0.6412741151155769,-0.016855010972638283,0.6857510715504754,0.9212329002735887,0.6500487975309145,1.790804219214489,-1.2076353861757656,-0.8581713651361312,0.6612539982478282,2.027766507263839,34.534,80.526
1766334384.735919,307,102;103;104;200;201;202,63.285;67.281;69.778;68.451;67.123;79.748,0.18673517252609995,0.5754082258220735,0.6353703590618373,-0.02436631731460642,0.6635191403176887,0.9396638390488333,0.659375534049345,1.796078238761018,-1.1951536713423419,-0.8529489141413338,0.6811361088207472,2.0174917244972934,34.059,79.952
1766334384.806081,308,102;103;104;105;200;201;202,62.855;67.036;69.579;43.003;68.229;67.382;80.520,0.185974951447562,0.578810765530493,0.6375374684981931,-0.02179586797927588,0.6696729711454183,0.9350066559309067,0.6556762382877096,1.7946470123658969,-1.1983179417858925,-0.8547990689795258,0.6753565801198552,2.020721374892708,34.224,80.124
1766334384.868630,309,102;103;104;105;200;201;202,63.686;67.824;69.003;43.075;68.301;66.389;80.329,0.18449903295183875,0.5807871812457337,0.6384747302736635,-0.020101354670469914,0.6743158712542998,0.9308347161797341,0.6543619901173339,1.7935608684296844,-1.2010576668335184,-0.8554497613209078,0.6712569267861943,2.0229583705306307,34.303,80.234
1766334384.937562,310,102;103;104;105;200;201;202,62.623;67.790;69.023;43.099;67.922;67.630;81.200,0.1842415336333884,0.58284208358552,0.6397523467629826,-0.0190214308034392,0.678055002646197,0.9280369929169868,0.6520493856343162,1.7926797375148862,-1.202755785695214,-0.8569466301548944,0.6676036501963996,2.0245125800320305,34.406,80.337
1766334385.003509,311,102;103;104;105;200;201;202,61.410;67.560;68.828;40.334;68.525;66.606;80.367,0.18330056581000803,0.5847352834851666,0.640325175892675,-0.01768717297990037,0.6808531135071337,0.9256182808993891,0.6508423261675591,1.7914409148853134,-1.204802169144043,-0.8573474160736483,0.6654532975004733,2.025657510649993,34.491,80.442
1766334385.069104,312,102;103;104;105;200;201;202,62.225;67.781;68.789;40.338;68.300;67.037;80.635,0.18259917100050643,0.5865358198641122,0.6410544943499459,-0.016451250137919954,0.6829730007676171,0.9237526667748066,0.6494223857248266,1.790390658683873,-1.2066202550978842,-0.8575693461367482,0.6638034412637324,2.026646830581977,34.574,80.539
1766334385.134194,313,102;103;104;105;200;201;202,63.144;66.974;68.078;41.084;68.057;66.437;80.291,0.18220200738648848,0.5863361891352997,0.6409827388966807,-0.0166774939007781,0.6844727160310176,0.9223398001522893,0.649817965797294,1.7904938185496126,-1.2068875183692251,-0.8580577969535602,0.6622314439873042,2.027074312154689,34.557,80.532
1766334385.200015,314,102;103;104;105;200;201;202,62.449;67.443;68.686;42.481;67.225;66.965;80.901,0.182275152125034,0.5877896987550763,0.6416932665907454,-0.01611176236169183,0.6863775848765242,0.9208644907224928,0.6482268150322322,1.7897512726954279,-1.2077689856810896,-0.8590055092792289,0.6602305343421069,2.027606268051312,34.635,80.604
1766334385.265560,315,102;103;104;200;201;202,62.593;67.507;68.806;68.116;67.463;80.698,0.1872854986151523,0.5762426523848745,0.635559800799475,-0.024235048497638387,0.663808067323352,0.9394553333121156,0.6583996055201349,1.7955303180428337,-1.1950907425624255,-0.853568673054241,0.6804850632489364,2.0171214380518987,34.113,79.992
1766334385.330324,316,102;103;104;200;201;202,61.844;66.950;68.719;67.882;67.475;80.568,0.19151932761717386,0.5688008222933741,0.6315285668607216,-0.02968294299823073,0.645985218161753,0.9545666256595884,0.6644803088185797,1.7992081298391496,-1.1858760131631723,-0.84934244244814,0.6970194877331066,2.0094244802366634,33.798,79.590
1766334385.393796,317,102;103;104;200;201;202,63.247;67.464;67.507;68.065;67.142;81.230,0.19470240391951563,0.5614455192585961,0.6275351434994961,-0.03517077708561262,0.631425061840953,0.9667107318255576,0.6710055019362784,1.8027743190456018,-1.177722408911197,-0.845897238245078,0.7105891798411487,2.0030534653984002,33.472,79.201
1766334385.461819,318,102;103;104;105;200;201;202,63.366;67.507;67.827;41.089;67.010;67.347;80.723,0.19268683003643428,0.5671141231422757,0.6309831096599665,-0.03077870891332369,0.6433853128037266,0.9577946932031765,0.6654070036081853,1.8002890816195338,-1.1837065551619397,-0.8494688701765474,0.6997396648080758,2.0086882898683545,33.730,79.494
1766334385.529360,319,102;103;104;200;201;202,62.420;67.345;68.682;68.059;65.952;80.829,0.19506866748975535,0.5598375302881383,0.6268733964668645,-0.03570886339486632,0.6292716955382831,0.9689461411069114,0.6724090536150402,1.8036796936483694,-1.1763323212137187,-0.8452243007425404,0.7130053180438773,2.002837807608424,33.395,79.117
1766334385.597357,320,102;103;104;200;201;202,63.073;67.228;69.530;67.992;66.816;80.934,0.1974468938490484,0.5546155196733974,0.6241169348145459,-0.03960662717962586,0.6184032509940749,0.9782976392099082,0.6768950243734163,1.8062499046719642,-1.170436050285186,-0.8426607979909602,0.7234818499026605,1.9984615234010352,33.167,78.839
1766334385.665241,321,102;103;104;105;200;201;202,61.919;66.880;69.151;41.815;67.454;67.062;81.007,0.194470878039727,0.5635122318545884,0.6286323279458352,-0.03258300568056773,0.6336995401585224,0.9666800279124215,0.6688478512772478,1.801781527923701,-1.1793576844248648,-0.84661433598342,0.7100372250963056,2.0054360026774223,33.576,79.306
1766334385.731417,322,102;103;104;105;200;201;202,61.743;67.530;68.133;40.204;67.427;67.197;80.565,0.19204458119787968,0.5693744130816758,0.6320203055771862,-0.02802103639187942,0.6454078031857906,0.9575765875538236,0.6633989268877553,1.7990764475146448,-1.1858145113783036,-0.849593093195091,0.6995751346846879,2.010963015066347,33.837,79.613
1766334385.821433,323,102;103;104;105;200;201;202,60.788;66.925;67.931;40.290;66.527;67.296;81.783,0.19012140013772783,0.5753010668112373,0.6354411352094608,-0.02358799442772245,0.6545161779664807,0.9500892771750175,0.6576069221351993,1.7963422499167137,-1.191805454062422,-0.8514820721302905,0.6912803906048104,2.0155455420639528,34.113,79.919
1766334385.887590,324,102;103;104;105;200;201;202,63.883;67.342;69.175;40.684;67.220;67.640;81.612,0.18691008473988477,0.577966373084829,0.6367927935525363,-0.021768703242843277,0.6612911422197544,0.9433828459286082,0.6563961544867105,1.7948951175039383,-1.1967305591238488,-0.8517613113425394,0.6855653920814979,2.0183252035642627,34.197,80.077
1766334385.986462,325,102;103;104;105;200;201;202,61.243;67.506;68.448;41.781;65.440;67.137;81.683,0.18573638880356705,0.580843087432442,0.6387380205117382,-0.0197224174098156,0.6672581738801489,0.9385204280918322,0.6534400425419108,1.7937363743028996,-1.1999619455060588,-0.8532784529180859,0.67997263369859,2.021281098085364,34.327,80.225
1766334386.053132,326,102;103;104;105;200;201;202,61.539;68.577;68.360;42.088;68.600;67.161;81.878,0.18479391746838159,0.5830208603198721,0.6402999065201758,-0.018245630990358832,0.6720337158162899,0.9354248991280809,0.6511459497736074,1.792912886193365,-1.2024889277577957,-0.8548206163355546,0.6762062287350706,2.023772648766727,34.424,80.337
1766334386.119573,327,102;103;104;105;200;201;202,61.601;67.940;69.165;41.769;67.773;66.964;81.761,0.1839184371620247,0.5847635365681031,0.6413046714993654,-0.016968995838893563,0.675715830895401,0.931928505351061,0.6495985793210045,1.7920861078524646,-1.204544646978045,-0.855482525445877,0.6725013566086249,2.0254818002996138,34.501,80.430
1766334386.184095,328,102;103;104;105;200;201;202,61.529;67.199;68.450;39.798;66.485;66.619;81.641,0.18320274504504783,0.5855990717398806,0.6416820072196482,-0.016580883919755564,0.6784197736928039,0.9291962135773563,0.6491065023718323,1.79160866592028,-1.2057843150579142,-0.8560889750145486,0.6696698099902278,2.0263461167227663,34.533,80.477
1766334386.249089,329,102;103;104;200;201;202,63.112;66.781;68.115;67.282;66.959;80.597,0.18770663988268174,0.5731647369704358,0.6354284345718092,-0.02524517987872414,0.6567321248230623,0.9463617121392237,0.6601950778841019,1.7980195508480954,-1.193112655077122,-0.8505618171624597,0.6885776355015396,2.0164145390034083,33.956,79.822
1766334386.315751,330,102;103;104;105;200;201;202,62.692;67.716;68.820;43.710;67.107;67.504;79.939,0.18680580220295134,0.5771336634022317,0.6376637761426854,-0.0225042161952229,0.6640056379824925,0.9409262005730124,0.6561588141854883,1.7961584076949282,-1.1967203848476209,-0.8529643445500534,0.681864843924875,2.019756955569065,34.149,80.024
1766334386.383757,331,102;103;104;105;200;201;202,61.098;67.449;69.192;38.892;67.027;67.168;81.188,0.18593716295759583,0.580428807107827,0.6396120672001084,-0.020109947870542943,0.6697716852221507,0.9365813035248158,0.6527830379108105,1.7946646989858168,-1.199860122697661,-0.8546336110216254,0.676663886600875,2.0226660977003803,34.306,80.193
1766334386.451515,332,102;103;104;105;200;201;202,61.626;67.140;69.255;40.079;67.298;67.560;80.937,0.18557417413191546,0.5828846819088329,0.6412646383816171,-0.0184948538004038,0.6737808841053807,0.9330483164546672,0.6499323223500909,1.7936914554158494,-1.2019864643665763,-0.8557689282247487,0.6723326419567343,2.02463268468398,34.428,80.314
1766334386.515925,333,102;103;104;105;200;201;202,63.384;67.337;69.258;41.391;68.280;66.731;80.756,0.18457678429059174,0.5840156301791404,0.6414648946934303,-0.017880771445686252,0.6773099990741865,0.9297769095517453,0.6495691791661728,1.7928411339604546,-1.2035873543470494,-0.8566300050481576,0.6690509652357202,2.0256740585880366,34.472,80.382
1766334386.580395,334,102;103;104;105;200;201;202,64.376;66.448;68.265;41.812;66.756;66.161;80.191,0.1831771355659617,0.5840598347114104,0.6412304376168435,-0.017755623388083563,0.6799882800272584,0.9271148854241051,0.6504860197035404,1.7925943502821382,-1.2049014336200603,-0.8568454681247566,0.6668742078348957,2.026578133206389,34.451,80.398
1766334386.649744,335,102;103;104;105;200;201;202,62.730;67.622;68.175;43.023;66.757;67.327;79.781,0.18260816228018845,0.584860621186637,0.6415949481281134,-0.017420040461165152,0.6822675287426171,0.9249860212491595,0.6499509384629766,1.7921433130202329,-1.2059761193535394,-0.8574559265718449,0.6646280119962981,2.0273018199982977,34.484,80.443
1766334386.716627,336,102;103;104;105;200;201;202,62.612;66.997;69.078;39.132;67.993;66.723;80.462,0.18223021456599267,0.5855719092713053,0.6416652497235215,-0.01704821326565122,0.6837860155713641,0.9232012287626467,0.6496436516552427,1.7915809870182837,-1.2067189551770623,-0.8577295431145634,0.6628899586687043,2.0276042993285874,34.515,80.484
1766334386.780351,337,102;103;104;200;201;202,62.814;66.710;69.428;67.034;66.839;81.028,0.18698563250213993,0.5740298054801338,0.6354569523825142,-0.025142192698896268,0.6618939530368131,0.9414367864770786,0.6600132496478062,1.797291555119741,-1.1942570227469396,-0.8525178694001578,0.6828252867936724,2.017461397984725,33.990,79.874
1766334386.845687,338,102;103;104;200;201;202,63.030;67.187;68.116;67.616;66.210;80.282,0.19020908571366268,0.5647797054175898,0.6303097428053679,-0.03156392487590273,0.644037860004138,0.9559124201710649,0.668763508769918,1.8016904943995535,-1.1847432534637328,-0.8475453285495244,0.6995752003688067,2.0096501241414377,33.563,79.392
1766334386.911629,339,102;103;104;200;201;202,63.044;67.552;69.898;67.850;67.581;80.449,0.19392601396835824,0.558742218311518,0.6270857956141992,-0.03636956432983697,0.6299997140553731,0.9678504948864002,0.6734880810201512,1.804688633940486,-1.1769775888307838,-0.844650782364744,0.712391944318282,2.0035334546181423,33.315,79.063
1766334386.978337,340,102;103;104;105;200;201;202,62.173;67.544;70.284;39.735;68.925;66.310;80.550,0.1908338495506636,0.565890194804805,0.630278272356274,-0.03056504560658324,0.6427907349759303,0.9581453276569268,0.6677818275738152,1.8007708253966836,-1.1846724565777855,-0.8475715655094244,0.701854196562811,2.0093927908290277,33.633,79.448
1766334387.045485,341,102;103;104;105;200;201;202,63.470;67.535;69.978;40.686;67.707;66.546;80.968,0.18856986392119385,0.5711033802899306,0.6330574233796025,-0.02656255215621528,0.6534283251536097,0.9501255895241477,0.6631999465525275,1.7981983946651743,-1.1904335985374477,-0.8504161296361189,0.6927293174110616,2.014332349586076,33.866,79.724
1766334387.110905,342,102;103;104;105;200;201;202,62.042;66.675;68.830;43.190;68.849;67.097;81.667,0.18680620760379799,0.5754190307811614,0.6353330253363445,-0.02307533551822507,0.6609954774055228,0.9437600740077013,0.6593662454027149,1.796047331243495,-1.1950765693963332,-0.8518634561326868,0.6858881985306651,2.0181198617327185,34.061,79.952
1766334387.174694,343,102;103;104;200;201;202,63.219;68.110;68.148;67.357;66.622;80.409,0.1907038284094727,0.5664484327345644,0.6305760813716942,-0.029628259902051906,0.6434710351799494,0.9579588827073747,0.6672323729530122,1.8005001900150077,-1.1851798196599306,-0.8475858621366602,0.7015863682127919,2.0102580617669603,33.660,79.476
1766334387.244848,344,102;103;104;105;200;201;202,62.400;67.024;70.009;40.815;67.418;66.967;80.977,0.18843450505509965,0.5717600697643074,0.6334397414297047,-0.025591032000484234,0.6533153144766601,0.9500693631526309,0.6625140564595388,1.7979004460055699,-1.1910225861883077,-0.8498363912062454,0.692915047943256,2.014875638187143,33.898,79.758
1766334387.309907,345,102;103;104;105;200;201;202,62.460;68.379;67.897;41.806;68.331;67.457;81.714,0.1868922127263763,0.5754936066377725,0.6354580268586281,-0.02318176871810503,0.6610267422086701,0.9438414219659922,0.6591600328215704,1.796071131641907,-1.195071858167373,-0.852025745068269,0.6858537170958788,2.018071318545339,34.067,79.955
1766334387.376322,346,102;103;104;105;200;201;202,63.507;67.319;69.275;42.087;67.155;66.688;80.967,0.18580167152080126,0.5794631290347406,0.6373551512984226,-0.02071870171644364,0.6680703938979419,0.938142450235765,0.6555331549095893,1.7939769842486633,-1.1987465284051304,-0.8542147383005214,0.6792620451923717,2.020849915530757,34.257,80.162
1766334387.442943,347,102;103;104;105;200;201;202,63.304;66.731;69.497;42.347;67.245;67.032;81.738,0.18451021663474793,0.5817481529786854,0.6384595510747725,-0.01878049284172105,0.6722690310502278,0.933740875629687,0.6537780623092095,1.7927508316365166,-1.2015135718740924,-0.8544764377130518,0.6750030268719767,2.0229006434421577,34.355,80.287
1766334387.507420,348,102;103;104;105;200;201;202,62.755;69.091;69.105;42.147;68.484;66.971;80.331,0.18381898766528038,0.5838252923707029,0.6396302957162595,-0.01745879132282435,0.6764501414856428,0.9302422900814659,0.6517759306322453,1.7917631782867933,-1.2036105674590512,-0.8556884967477137,0.6709648981674134,2.0247138346302593,34.452,80.395
1766334387.575576,349,102;103;104;105;200;201;202,62.510;66.873;68.287;42.494;67.929;67.047;80.437,0.18299546566067093,0.5847740120373819,0.6397108306250511,-0.017135842391062125,0.6796506014616429,0.927396382017637,0.6515446464150756,1.790992238344541,-1.2049104094448428,-0.8566905655184212,0.6680313011917266,2.0254600992730247,34.489,80.452
1766334387.642443,350,102;103;104;105;200;201;202,63.249;68.561;69.022;40.121;67.779;67.453;80.718,0.18264486497473498,0.5854903595144532,0.640383634536989,-0.016784385828234393,0.6819630553565419,0.9254843241477605,0.6506633533668188,1.790823313993438,-1.205834787983103,-0.8574686437840888,0.6656733143722346,2.026493344231032,34.520,80.488
1766334387.708712,351,102;103;104;105;200;201;202,63.028;67.581;68.934;43.188;66.959;66.609;80.621,0.1820361816318283,0.585642612291642,0.6403963272666574,-0.016891404381302582,0.6839446871706778,0.9233733333514358,0.6508737986716567,1.7906799319168445,-1.2065104716024404,-0.8579557371062447,0.6635239191871833,2.026953277171249,34.518,80.501
1766334387.775481,352,102;103;104;105;200;201;202,63.108;67.796;67.495;41.593;67.141;67.266;81.041,0.18224250742460626,0.5864666395276518,0.6410661776512858,-0.016729533047939005,0.6860883276007219,0.9219243046471042,0.6496393707646145,1.790441512798687,-1.206940107510587,-0.8592481338863623,0.6611787751879618,2.0276746486727983,34.565,80.538
1766334387.844829,353,102;103;104;200;201;202,62.935;67.553;68.715;66.692;66.424;81.641,0.1868889681693288,0.5753165570970881,0.6350355736240266,-0.024158915942572058,0.6635902221150934,0.9402701493688503,0.6596606574073359,1.7959393350606085,-1.1948429686720536,-0.8532565570865625,0.6816023866375291,2.0176376802138147,34.058,79.949
1766334387.906547,354,102;103;104;105;200;201;202,61.667;67.776;68.505;41.277;66.507;66.948;81.245,0.18581041411058705,0.5801553029329869,0.6376803736023158,-0.020530170362413287,0.6695642420012796,0.9357403626694751,0.6548019469633124,1.7936153579187788,-1.1991896655828096,-0.8545423569013677,0.6765354410008947,2.020987534172911,34.293,80.197
1766334387.975775,355,102;103;104;105;200;201;202,63.118;66.977;68.297;42.506;67.079;66.840;81.167,0.18463673275158862,0.582329248826347,0.638671332682184,-0.019218307851113565,0.6745619502853658,0.9317752504122807,0.6531585218292837,1.7924112200547628,-1.2017472314677653,-0.8559720665722412,0.6722356451286293,2.022945299310933,34.388,80.316
1766334388.041111,356,102;103;104;200;201;202,62.987;66.830;69.576;68.254;67.342;81.539,0.18907307137236273,0.5712279720037097,0.6328285843481893,-0.027012927517338182,0.6541044467553638,0.9482832752181302,0.6630709374797606,1.7979623535715146,-1.1899234977294706,-0.8509036085750548,0.6904064869316676,2.013610972203843,33.882,79.729
1766334388.104623,357,102;103;104;105;200;201;202,61.651;67.254;69.309;40.082;67.383;67.343;80.855,0.1879415468853886,0.5760431483691696,0.6355345730197421,-0.02385316161509255,0.6619124791125899,0.9426250443000025,0.6582030932172478,1.7957046875105465,-1.1943405160967016,-0.8534305270975464,0.6835383508559526,2.017183048072971,34.114,79.976
1766334388.168040,358,102;103;104;105;200;201;202,61.441;67.309;68.540;42.719;67.308;67.504;80.746,0.1867896813874662,0.5791537940151711,0.6375472849659736,-0.021579849559741453,0.6678182272712418,0.9377984555213434,0.6550312234234895,1.7943995225479628,-1.1976913871727646,-0.8548635381225239,0.6780150959156096,2.020168746330713,34.257,80.136
1766334388.247937,359,102;103;104;200;201;202,61.437;66.877;68.814;68.005;67.183;80.553,0.19098430650984546,0.5703143196789916,0.6329441879499049,-0.0277694211873533,0.6485564143521194,0.9533174075616614,0.6625250470559864,1.7988685078892503,-1.1876366939340903,-0.8497750757896464,0.6953074124303553,2.011861371478398,33.867,79.664
1766334388.307029,360,102;103;104;105;200;201;202,63.471;68.217;69.277;42.592;67.249;67.082;81.650,0.18895534421278562,0.5747253102441288,0.6348168592502411,-0.024521527279117272,0.6575456665643336,0.9462408377307642,0.6591466427165187,1.7963651833777838,-1.192450297248705,-0.8521038810998101,0.6875801005511792,2.0156296931718116,34.063,79.903
1766334388.376293,361,102;103;104;105;200;201;202,62.482;67.395;68.630;42.352;68.067;67.254;79.786,0.18739881489965649,0.5782137932885035,0.63651605013948,-0.022281600782185152,0.6651515425540704,0.9402370555012729,0.6562443569973843,1.7945255564852511,-1.1962786743332021,-0.8543416692667848,0.6808157789274307,2.0186921349369067,34.219,80.089
1766334388.442664,362,102;103;104;105;200;201;202,61.602;67.319;67.936;41.903;67.137;66.532;81.392,0.186606846117088,0.581364912293331,0.6384148352843595,-0.020325214396437228,0.6709075847248618,0.9357081502704045,0.6529638569708914,1.7931229634680717,-1.199254626205473,-0.8561793911314829,0.6753460508315723,2.0212585407205017,34.370,80.250
1766334388.561949,363,102;103;104;105;200;201;202,61.859;66.825;67.368;42.108;67.381;67.018;81.216,0.18534848859028086,0.5828524533831643,0.6394840283465847,-0.019047205186342932,0.6747089454394315,0.9319268946236269,0.6517151000932325,1.7925383729446829,-1.2015839381454827,-0.8565114492941421,0.6715884975807361,2.023250866392274,34.426,80.331
1766334388.627428,364,102;103;104;105;200;201;202,64.311;67.235;68.281;41.299;66.705;67.182;80.969,0.1847346082920772,0.582838366213165,0.6394529459496251,-0.019448963540134336,0.6779308321515847,0.929050619807149,0.6520718487786311,1.7925053958725565,-1.2021682359500723,-0.8578020016878859,0.668204721213002,2.023991800801671,34.415,80.335
1766334388.693233,365,102;103;104;105;200;201;202,62.049;67.174;69.669;38.691;67.060;67.606;81.879,0.1844929645258279,0.5845750467313412,0.6408379517960421,-0.018429270665112657,0.6808817210387821,0.9268561690739499,0.6498475976608162,1.7919593684202622,-1.203729691883674,-0.8588363222104851,0.6653024982878313,2.025551210997921,34.501,80.419
1766334388.758577,366,102;103;104;105;200;201;202,62.389;67.851;68.851;41.172;67.203;67.471;82.165,0.18438528043413102,0.5856983589488766,0.6419687192018195,-0.017714395203268486,0.683446609186432,0.9247903269231644,0.6481661703783117,1.7917615919721992,-1.2047713173731742,-0.8597442331996299,0.6624691230522177,2.026969941948178,34.558,80.471
1766334388.825456,367,102;103;104;105;200;201;202,61.631;67.483;68.778;42.479;68.046;67.383;81.340,0.18370708804590297,0.587848485582113,0.6429251039167724,-0.016316803458126347,0.6857417195886549,0.9227628036268386,0.646308924472117,1.790569071953247,-1.2068140606074595,-0.8600160868598129,0.6606109596759384,2.028053264846535,34.660,80.584
1766334388.890518,368,102;103;104;105;200;201;202,61.866;67.073;67.936;37.980;66.809;67.467;81.108,0.18415972789452328,0.587596575296271,0.6433101593734741,-0.016634082916098362,0.6858574550277955,0.9222528231062382,0.6458732786146218,1.7910500687486914,-1.2063784585595316,-0.8602411000197685,0.6595143625028399,2.0281428884790684,34.653,80.563
1766334388.956233,369,102;103;104;105;200;201;202,62.271;67.032;67.341;40.063;67.883;66.510;82.140,0.18306420955770175,0.5876426546794696,0.6429988239190487,-0.01616643395732683,0.6859954840687276,0.9214089113557954,0.6467011039598827,1.790763248569704,-1.2073688959507027,-0.8591692972207478,0.6597850311664714,2.0283665576430234,34.638,80.578
1766334389.023381,370,102;103;104;105;200;201;202,62.096;68.316;68.657;40.637;68.004;67.064;80.907,0.18262886746753956,0.5880840699316088,0.6432362810565613,-0.015751663450512692,0.6866951292823532,0.9204648118588672,0.6464351524956207,1.7905331537331288,-1.2080923927332903,-0.8589500821659893,0.6590902552845753,2.0287884152159745,34.654,80.603
1766334389.089036,371,102;103;104;105;200;201;202,63.083;65.935;66.786;40.125;67.866;67.008;81.255,0.18222703162759654,0.586494862399027,0.6426085890044015,-0.01683524311770192,0.6872687661026079,0.9199186476040551,0.6482038978542479,1.7914307115566592,-1.2074955663470497,-0.8592195904769461,0.6584711726920209,2.0288397018547335,34.563,80.525
1766334389.153850,372,102;103;104;105;200;201;202,61.474;67.586;68.751;40.730;66.083;67.605;81.504,0.18265495959830047,0.5882229919203501,0.6438153080339551,-0.01608576524945908,0.6877438012335018,0.9195048560072061,0.6458004058839558,1.7907982279638346,-1.2083320882957518,-0.8595355785069788,0.6576324659993217,2.0291249547777053,34.660,80.605
1766334389.221356,373,102;103;104;105;200;201;202,61.172;66.526;68.750;42.026;66.537;67.014;79.925,0.18209201443362513,0.5885367500063575,0.6442068231384485,-0.015378447805470173,0.6883703801221432,0.9193830008321785,0.6455365793309551,1.7907703218845459,-1.2091707807340053,-0.8592723843941613,0.657777501409163,2.030117565401845,34.667,80.623
1766334389.287573,374,102;103;104;105;200;201;202,63.190;66.722;69.390;40.790;64.804;65.919;79.953,0.18199679551919276,0.5884903322352184,0.6441052235983887,-0.015955988699228974,0.690077296665274,0.9183984521876425,0.6457085485406089,1.7907385363835426,-1.2092068557408222,-0.8604900416125568,0.6562736319401424,2.030241958534686,34.663,80.622
1766334389.357842,375,102;103;104;105;200;201;202,63.634;67.576;68.968;42.262;65.397;66.914;81.873,0.18190163317873528,0.5876692601819169,0.6437507461475551,-0.016499536873284783,0.6899384414037582,0.9179079693627056,0.6465920739277724,1.791187362812227,-1.2087783059769681,-0.8602821390868125,0.655842881433893,2.030006252369896,34.618,80.581
1766334389.423251,376,102;103;104;200;201;202,61.596;66.428;68.054;67.550;67.304;79.822,0.18706926282978467,0.5764902133718439,0.6378246049779209,-0.02393319101102336,0.6661086410069597,0.9373326535335493,0.6562687891625557,1.796810061097614,-1.1961998180821054,-0.8540148347582304,0.6772574835755524,2.019436447759596,34.118,79.986
1766334389.491472,377,102;103;104;105;200;201;202,63.172;67.341;68.173;40.696;66.798;66.367;81.160,0.18575689058565018,0.5785911887581426,0.6387571197240459,-0.02229296828301795,0.6710832691932592,0.9333651520194605,0.6547983976233325,1.795625090512191,-1.1988407411768147,-0.8551624391144382,0.6730825414751809,2.0216790575750943,34.206,80.102
1766334389.557157,378,102;103;104;105;200;201;202,62.617;67.942;68.316;42.741;67.705;66.377;80.500,0.1842567167051134,0.5810042651699329,0.6394305660643289,-0.020342614431783108,0.675604584524864,0.9295631471796184,0.6534712024701984,1.7939999015832604,-1.2017287016535925,-0.8558541575584528,0.6695759410346733,2.023646124354077,34.309,80.239
1766334389.623596,379,102;103;104;105;200;201;202,62.824;67.843;68.087;42.435;66.826;67.679;80.707,0.18381240540683672,0.5823270812581512,0.6404079054155313,-0.01972449129029966,0.6785632681147381,0.9273000772303821,0.651984009072213,1.7935232100261893,-1.2031478518510303,-0.8569128518762104,0.6667847298872709,2.024902520564308,34.370,80.306
1766334389.691595,380,102;103;104;200;201;202,63.775;68.223;69.280;66.604;66.613;81.968,0.18808701341662812,0.5711774014975062,0.6342140784346976,-0.027274951879854348,0.6573552095012264,0.9446096594240323,0.66233979459913,1.7988836496427247,-1.1913402170717853,-0.8513855271399013,0.686206824376559,2.0153057002379278,33.859,79.721
1766334389.758152,381,102;103;104;105;200;201;202,62.038;67.446;69.276;42.054;67.788;67.119;80.950,0.18640205735606252,0.5757123293193586,0.6361829067239587,-0.02368042290034782,0.6640976866295235,0.9394084625538479,0.6586120849025004,1.7963488197478799,-1.1959086076633403,-0.8526967917986314,0.6808347769155032,2.018663341732063,34.068,79.964
1766334389.820595,382,102;103;104;105;200;201;202,62.059;67.418;68.658;40.538;67.773;66.425;81.231,0.18479757851891748,0.5793283252394076,0.6379187450657499,-0.020727810238353444,0.6693031115277186,0.9348967132146665,0.6556188810313625,1.794421326713695,-1.199857502769975,-0.8532236328734157,0.6765051949193039,2.0214665565517187,34.231,80.158
1766334389.883452,383,102;103;104;200;201;202,62.523;67.107;69.298;67.980;66.748;79.856,0.18891258030057306,0.5696271022246466,0.6324503496313919,-0.027531900086044954,0.649700063467457,0.9508658708870869,0.6644886387399036,1.7990360704107526,-1.1891576963282282,-0.8481818866109382,0.6944151462264121,2.0126153445116555,33.794,79.647
1766334389.947866,384,102;103;104;200;201;202,61.456;67.762;69.530;67.578;66.954;81.118,0.1925473167033957,0.5632275860691159,0.629066070507451,-0.03193026628343958,0.6340676995929094,0.963837276189077,0.6696349014087403,1.8022373862811951,-1.1812502025343135,-0.8441043820417544,0.7088065511017032,2.006387733558426,33.525,79.300
1766334390.015428,385,102;103;104;200;201;202,61.587;67.913;68.899;68.187;67.251;80.748,0.19481520242656009,0.558068063952881,0.6259562102592326,-0.035720300347836346,0.6220273368908765,0.9742378170439802,0.6744734298975301,1.804526832474503,-1.1753799143095889,-0.8409330430189227,0.7208843027477907,2.0014258602119077,33.298,79.030
1766334390.083430,386,102;103;104;105;200;201;202,62.927;67.489;68.385;42.607;67.792;67.617;79.998,0.19220956255368002,0.5651600469990354,0.6295594810076114,-0.030291810642696416,0.6365314584986935,0.963592932956677,0.6681704765476296,1.800949802200564,-1.1827135973241611,-0.845328084412891,0.7082073819100854,2.0077212659042596,33.620,79.404
1766334390.148966,387,102;103;104;105;200;201;202,61.982;67.272;69.510;42.683;67.983;66.744;81.076,0.18977655833436755,0.5711882237196055,0.6327373024494125,-0.02553496457365246,0.6480819573636265,0.9545863485209917,0.6628111975606755,1.7979612205806466,-1.1891828584981645,-0.8481883311393617,0.698039199804942,2.0131438358157636,33.892,79.723
1766334390.215047,388,102;103;104;200;201;202,62.335;67.768;70.175;68.765;67.340;80.719,0.1930379487005475,0.5647314935967627,0.6293380833929791,-0.030334127884364032,0.6334268173868666,0.9666604222616049,0.6682024127551776,1.8011880632293924,-1.1816121510435635,-0.8445051540000509,0.7115112571512345,2.0069359530241804,33.613,79.376
1766334390.278368,389,102;103;104;200;201;202,61.962;67.762;69.670;68.401;66.503;81.225,0.19583741613706368,0.5594307497787903,0.6265039634371737,-0.034332450615558646,0.6214808408395674,0.9761533750839908,0.6725935993478042,1.803797586070663,-1.1752483796438333,-0.8414921198986459,0.7221380779759217,2.0018920286366546,33.388,79.092
1766334390.346536,390,102;103;104;105;200;201;202,62.691;67.591;68.794;42.778;68.753;66.681;80.476,0.1925771504504054,0.5663118279223901,0.6300627309886467,-0.028828628930505633,0.6359088919414133,0.9650190653829737,0.6668058571091912,1.8003410958043458,-1.183099268736342,-0.845098459458688,0.7095944605089518,2.008347944369979,33.687,79.460
1766334390.415871,391,102;103;104;105;200;201;202,63.857;66.759;68.542;42.410;68.430;67.731;80.726,0.1905346712571795,0.571571424114103,0.6328593178800024,-0.02516519371708846,0.6474371558686439,0.9558350735599854,0.6620659702850834,1.7977516603167645,-1.1886713972279983,-0.8485396770245643,0.6988374489906716,2.0130816370462776,33.926,79.737
1766334390.481540,392,102;103;104;105;200;201;202,63.764;67.216;69.317;40.807;67.486;67.236;80.437,0.1888754757981036,0.5755128677511276,0.635107609210555,-0.022639169299543058,0.6565149975183263,0.9484695357449967,0.658435540195329,1.7958992924114117,-1.1930171143807773,-0.8512667400004297,0.6902640043664001,2.0167752529955947,34.103,79.944
1766334390.544040,393,102;103;104;200;201;202,61.112;67.242;68.577;67.516;66.692;80.929,0.19200085070622347,0.5676831919565096,0.6304454839897267,-0.028752336902670216,0.6400925286322761,0.9615279592239325,0.6659129718188267,1.7994360392111426,-1.1844773656679886,-0.8469787733134782,0.7054165708904266,2.0089159861784833,33.749,79.535
1766334390.610678,394,102;103;104;105;200;201;202,62.602;67.380;69.470;42.689;67.442;67.010;80.638,0.1898149560254196,0.5733878430599433,0.633293973045208,-0.024472785999145173,0.6505421785386474,0.9527028745649229,0.6609247104709669,1.796503114211344,-1.1904249476392175,-0.8493935433895368,0.6956692146450792,2.0135080833823316,34.009,79.837
1766334390.677527,395,102;103;104;200;201;202,61.005;67.091;68.525;67.663;66.640;79.753,0.1929506362508548,0.5660833046080099,0.62902085858263,-0.029389479746579232,0.6349396782532186,0.9647242261347815,0.6677100412949953,1.7998534329901976,-1.182261890955519,-0.8448393989432583,0.7096161086045722,2.006819320579308,33.684,79.454
1766334390.743642,396,102;103;104;200;201;202,63.690;66.315;68.093;68.385;67.328;81.207,0.1955347412591883,0.5582353846991029,0.6251354711936763,-0.035353776545685285,0.6220344745892049,0.9749492053929961,0.6747467228839308,1.8038671868893703,-1.1744760649211405,-0.8416597263424217,0.7211732627089787,2.00113154375212,33.321,79.042
1766334390.811640,397,102;103;104;200;201;202,62.883;67.118;68.564;67.340;67.900;81.113,0.19890451840706308,0.553332924061222,0.6230322461618806,-0.03980830548369557,0.6122959529577999,0.9839082556374656,0.6779083969404358,1.8066364657673157,-1.167989571524169,-0.8408023614943285,0.7298658643301632,1.9968188430666383,33.128,78.768
1766334390.874090,398,102;103;104;200;201;202,64.143;66.539;67.303;67.973;67.149;80.912,0.20097004410056712,0.548484037288323,0.6205254633955068,-0.04398791778972301,0.6042523361684041,0.9905699240259178,0.6820901250753426,1.8090382248010315,-1.1626588225394858,-0.8394515256924965,0.7370814564634758,1.9930180181424122,32.916,78.511
1766334390.941572,399,102;103;104;105;200;201;202,62.377;67.260;69.176;42.259;67.190;66.724;81.040,0.19714847518038528,0.5584611592284123,0.6257482740589492,-0.03586204598752624,0.6230206084621867,0.9766107966315568,0.6731925457228134,1.8041427496396316,-1.173218392152155,-0.8443982742680997,0.7207468884951724,2.0014668966441924,33.362,79.036
1766334391.008327,400,102;103;104;200;201;202,62.950;67.186;69.084;66.996;67.182;81.365,0.19966255722653115,0.5538316033287666,0.6235390589940681,-0.03959303250869221,0.6130251182046387,0.984750876105477,0.6767353752357449,1.8065864914403,-1.16767195114599,-0.84217985865021,0.7296420706190352,1.9973250877596938,33.168,78.785
1766334391.075999,401,102;103;104;200;201;202,61.911;68.037;69.532;67.571;67.437;81.107,0.2017102792522261,0.5511183450439885,0.6223599525986057,-0.0417743734252075,0.6051720710152575,0.9914356698400639,0.678397489216691,1.8081093156379722,-1.1638941185478613,-0.8403874080945781,0.7369216696612856,1.9944580995561505,33.066,78.633
1766334391.143442,402,102;103;104;105;200;201;202,61.980;67.473;68.424;42.450;67.905;67.118;81.546,0.1981987193069196,0.5606826683211289,0.6275943001727792,-0.03388957713822522,0.6227723524648783,0.9776176847169382,0.6695765459073143,1.8035649032023582,-1.1739352591995524,-0.8446452181039563,0.7208642492614166,2.0025531406228865,33.496,79.133
1766334391.209689,403,102;103;104;200;201;202,62.226;67.790;68.981;68.390;66.543;81.493,0.20010116996418517,0.5562225864447725,0.6251494704206457,-0.03704848990524049,0.6124983325571048,0.9852855521836144,0.6735565257922871,1.8056949932764261,-1.1689970805102787,-0.8414195554081246,0.7300761530857942,1.9984584242840877,33.300,78.898
1766334391.300906,404,102;103;104;105;200;201;202,63.248;67.647;69.489;43.943;68.539;67.104;81.763,0.19625513830081678,0.5636277127328704,0.6291356955001147,-0.03138774815585783,0.6295106076993301,0.9719779198361027,0.6673742990159146,1.8020815277596935,-1.1778395348512352,-0.8458473531467187,0.7149319225152817,2.0055905971075467,33.614,79.294
1766334391.366098,405,102;103;104;105;200;201;202,61.730;68.042;68.794;41.961;65.820;67.042;80.962,0.19280617641505501,0.57115522016082,0.6335950335496924,-0.02618184449295281,0.6436047274241199,0.960748854600175,0.6604533095050265,1.798666525826613,-1.1864908813621429,-0.8491467793606264,0.702555877452138,2.011857052737723,33.943,79.690
1766334391.431733,406,102;103;104;105;200;201;202,61.508;67.120;69.698;40.105;67.023;68.264;81.285,0.19050324464055698,0.5765294595175734,0.6371414014102893,-0.022670502892217555,0.6536900005274334,0.9524559908961797,0.6550827526330857,1.796456307852268,-1.1926191206310492,-0.8515382922502047,0.693287990396958,2.016503387795639,34.182,79.968
1766334391.498619,407,102;103;104;105;200;201;202,61.874;66.724;67.939;41.246;66.573;66.074;81.621,0.18819991938544203,0.5799049658667279,0.6388659347003488,-0.020021674239562158,0.6611582516700558,0.9460093772302116,0.6526159128655358,1.7946968837025796,-1.1971292913597065,-0.852748756783109,0.6868229436747592,2.0199640341797895,34.319,80.154
1766334391.562841,408,102;103;104;200;201;202,61.830;68.129;68.211;67.752;66.760;82.104,0.19161311606677428,0.5707661143927055,0.633869479604875,-0.02660543105216555,0.6435069130271749,0.9598098351546767,0.6610643605094405,1.7991279270429903,-1.1875612937087936,-0.8479890300025489,0.7026153012028058,2.0119056338032473,33.900,79.675
1766334391.629504,409,102;103;104;105;200;201;202,61.713;67.649;68.502;42.819;67.676;66.445;81.188,0.18974527560577698,0.5755721923246604,0.6367110956018809,-0.02314874164860113,0.6541493502203503,0.9515619656729747,0.6564645947693073,1.7969405681265167,-1.1927424120222896,-0.8511346153307024,0.6928381001002851,2.0166946582896363,34.118,79.925
1766334391.694664,410,102;103;104;200;201;202,61.417;67.609;67.891;66.618;66.950;80.854,0.19322058883370372,0.5671748131320169,0.6325113479891137,-0.029372335983911157,0.6382303826853892,0.9651218659542442,0.6636803746796811,1.8012694642326672,-1.183737485234503,-0.8475522779250978,0.7076860855695704,2.009794738423058,33.741,79.479
1766334391.759731,411,102;103;104;200;201;202,62.990;67.695;67.056;67.923;67.322;80.905,0.19563939130115607,0.5588572146960386,0.6280586265062986,-0.035586352186725456,0.6246692230497879,0.9753244577570086,0.6716179195959493,1.805298730792466,-1.1756897566965852,-0.8438610085837549,0.7196643830313808,2.003569139090094,33.351,79.048
1766334391.827786,412,102;103;104;105;200;201;202,63.943;67.241;68.410;42.527;67.451;67.929;82.135,0.1926970603043399,0.5656943028376477,0.6316024341142642,-0.029996321116129314,0.6379834060075968,0.9645592450810769,0.6657027542982575,1.8018778341502362,-1.1832026774829882,-0.8468687864494368,0.7076332885322878,2.0096747486644797,33.654,79.411
1766334391.890359,413,102;103;104;200;201;202,62.192;67.186;69.698;67.411;66.753;81.129,0.19599785124362873,0.5604105101467106,0.6288781539099133,-0.033967767611354976,0.6252038964085461,0.9747980664252244,0.6697209528525732,1.804568092711755,-1.176396743744201,-0.8438187679881464,0.718798877235644,2.0043645424052037,33.439,79.123
1766334391.959663,414,102;103;104;105;200;201;202,62.852;66.539;69.070;43.322;69.195;65.437;80.609,0.1916310331313374,0.5668351734587014,0.6312560344130239,-0.02821713362052016,0.6386428727190432,0.9630897483910584,0.6658810346532718,1.8006633626520365,-1.18469642795351,-0.8455718152716258,0.7073537494807995,2.010253566111291,33.696,79.484
1766334392.025907,415,102;103;104;105;200;201;202,63.681;66.456;68.421;43.139;66.444;68.206;81.650,0.18898485402483683,0.5714622679534703,0.6343217441998161,-0.025373509676789068,0.6497600127224622,0.9540804316409541,0.6615953169120666,1.7987516623976132,-1.190637775889269,-0.8485478864098572,0.6972297150086305,2.0148939055768462,33.890,79.729
1766334392.090293,416,102;103;104;200;201;202,61.638;67.873;68.275;67.795;66.846;81.606,0.19273220609291492,0.5642351447440411,0.630673964615586,-0.030329468605171536,0.633934192949918,0.9664731583171177,0.6674366228284332,1.8024745689298038,-1.1821231407486137,-0.8443287520907137,0.7109202751602853,2.008440268246435,33.579,79.339
1766334392.158107,417,102;103;104;200;201;202,61.768;67.043;68.946;67.222;67.308;80.867,0.19544918450053902,0.558559695550817,0.6273512978456008,-0.03512654444982793,0.6219375968017168,0.9763544236425626,0.672552425002609,1.8050688034228306,-1.1754842521089242,-0.8417326925111085,0.7220295728545384,2.0027392442608702,33.333,79.040
1766334392.225274,418,102;103;104;105;200;201;202,60.612;67.876;69.514;43.901;67.768;66.266;81.125,0.19134493996770852,0.5672775270014442,0.6311162660261944,-0.02762977211067326,0.6362696057575218,0.9645371494028081,0.6658882113985776,1.8001932689122386,-1.185148836989491,-0.843862751157839,0.7100452346349303,2.0095392479868277,33.715,79.512
1766334392.293919,419,102;103;104;105;200;201;202,62.291;66.654;67.881;43.230;68.301;66.995;81.578,0.18884287146359807,0.5719538060571919,0.6337842730564196,-0.023904984940786203,0.6471371392769445,0.9553310870603653,0.6618632694318317,1.7979825569627887,-1.1908361974093515,-0.8463082072225488,0.6998587986891033,2.014465373824181,33.915,79.762
1766334392.358898,420,102;103;104;105;200;201;202,62.264;67.782;69.289;42.560;68.270;66.853;82.647,0.19018500009806563,0.5303819886486565,0.6668477173420292,-0.03380086004597553,0.6350754059053603,0.9189493299706295,0.6557763341412588,1.854422804227168,-1.1799540466495146,-0.8140709161176019,0.6513574741581694,2.045806135431662,31.669,77.181
1766334392.427507,421,102;103;104;105;200;201;202,63.257;68.417;68.585;42.312;68.046;66.800;80.597,0.1874988435320797,0.5426763928028202,0.6624628003751414,-0.029100986881624106,0.6472630330618897,0.9193259664740848,0.6538270332435621,1.8412120466327078,-1.1873300709058996,-0.8232424108652021,0.6532177979457854,2.044183457430983,32.278,77.912
1766334392.490663,422,102;103;104;105;200;201;202,61.145;67.384;69.018;40.810;69.229;66.378;81.553,0.184842342100119,0.5527492080273189,0.6587089762328981,-0.024639629081298964,0.6564253608495546,0.9192140452286683,0.6525862397577944,1.8302578810083554,-1.193725018251077,-0.8294271018727792,0.6552314469950525,2.042806758430993,32.773,78.517
1766334392.554859,423,102;103;104;200;201;202,63.607;68.091;68.482;67.232;66.897;80.840,0.18827768545853885,0.5473358967962227,0.6489721591304233,-0.03084113069302306,0.6397353066285059,0.938233459264528,0.66317620726533,1.8284685735982675,-1.184308759363099,-0.8290858542337065,0.6776716014369562,2.030758512984988,32.565,78.283
1766334392.622545,424,102;103;104;200;201;202,61.943;67.280;69.585;67.268;65.538;81.872,0.19084745901242192,0.5446875620110954,0.6419313390017897,-0.03442043999636583,0.6269302198403258,0.9532934301209262,0.6699896398375274,1.826095359445918,-1.1780380983729402,-0.8284724302921891,0.6957191522783779,2.022002186952967,32.485,78.183
1766334392.688563,425,102;103;104;105;200;201;202,61.933;67.409;68.023;41.987;68.004;66.958;79.998,0.1885178422445075,0.5551783782432704,0.6434399018254017,-0.02789528853048781,0.6402517427327341,0.9469442756225559,0.6633951844643018,1.8182987258703318,-1.186113312838488,-0.8340952111023408,0.6886298314911584,2.0256561105255373,32.997,78.760
1766334392.755652,426,102;103;104;105;200;201;202,61.990;67.799;69.811;39.874;68.832;67.580;80.897,0.18676821249503978,0.5637794424344555,0.6442575012652949,-0.022979854308810336,0.6507635055209168,0.9415845675035058,0.6582809162701602,1.8116205880407108,-1.1924012268842952,-0.8387172336691024,0.6829071502654277,2.027907138126366,33.422,79.235
1766334392.820727,427,102;103;104;105;200;201;202,62.018;68.203;68.762;39.589;68.152;66.925;80.964,0.18482234908367995,0.569552122123252,0.644248918510685,-0.02014648263894133,0.6586751896516139,0.9371014999758145,0.6557617859194772,1.8067360261034147,-1.197173057631245,-0.8419854424029012,0.6787714428199499,2.029051611975564,33.696,79.566
1766334392.886674,428,102;103;104;200;201;202,62.201;67.202;68.934;66.792;66.221;81.162,0.1887079278252932,0.562256555907014,0.6377833621642884,-0.026808203681218182,0.6415804705059732,0.9525012400672663,0.6641976832895101,1.80868131803165,-1.1875233082174301,-0.8393138940792035,0.696233274074015,2.019083332206065,33.388,79.197
1766334392.955137,429,102;103;104;105;200;201;202,64.027;67.419;69.036;42.637;67.631;66.672;80.965,0.1864753585334531,0.568477373088646,0.6388991984969142,-0.02295392384388154,0.6515770667374097,0.9453786477850395,0.6605136103424976,1.8041642874773136,-1.19318834087474,-0.8425155146252228,0.6888715669063143,2.021911038054181,33.678,79.543
1766334393.018743,430,102;103;104;200;201;202,62.676;67.886;68.648;68.169;66.752;80.419,0.19000568562211706,0.5615611969771624,0.6337508432533259,-0.028759769415057198,0.6361969036879724,0.9592843505311489,0.6676716504459421,1.8066357410909675,-1.1845204307963897,-0.8397941968472437,0.7043904406833305,2.0139475575924113,33.381,79.186
1766334393.084963,431,102;103;104;200;201;202,63.491;68.114;69.059;68.728;66.726;80.997,0.19272821158582137,0.5560617100154841,0.6292525098454009,-0.03363129822815309,0.6236840352814496,0.9704497868216097,0.67376718787162,1.8083083272677456,-1.1775552021983209,-0.8375055859036918,0.7172230675604785,2.007259293882204,33.146,78.906
1766334393.151702,432,102;103;104;200;201;202,62.877;67.544;68.643;68.056;67.362;80.973,0.1958000333836525,0.5522421324726695,0.6262353009690605,-0.0375481472051128,0.6140673914614881,0.9797298031930024,0.6772700766935495,1.809569287240393,-1.1715871023924347,-0.8367739130903322,0.7269020883796176,2.002083493844867,33.006,78.702
1766334393.219370,433,102;103;104;105;200;201;202,62.258;67.405;68.849;41.939;67.950;66.737;80.554,0.19253993252331225,0.5613110019994779,0.6302603444099389,-0.030714202748004227,0.630784691483037,0.9676590740415647,0.6697147659504183,1.804618939738129,-1.180711425494209,-0.841678997614958,0.7128975820041872,2.0089745946430417,33.420,79.185
1766334393.284546,434,102;103;104;200;201;202,62.979;67.633;68.900;67.164;66.251;81.576,0.19451117698475665,0.5556586084396877,0.6263476031721249,-0.03521391310316527,0.6192451549286232,0.9772497846262521,0.6757520248244906,1.8067720221862251,-1.174605242315579,-0.8387403322931747,0.7243910909279405,2.0034249753774063,33.163,78.897
1766334393.347776,435,102;103;104;200;201;202,62.524;67.211;68.816;67.137;66.573;81.164,0.19688371426543697,0.5513469260226576,0.6237961900345221,-0.03900997776743769,0.6102294887421345,0.9849408407150879,0.6794923279377476,1.8087211903540212,-1.1692343128431313,-0.8371681664995588,0.7327617849312897,1.9991487778057953,32.984,78.667
1766334393.418003,436,102;103;104;105;200;201;202,62.377;68.131;68.692;41.888;68.091;66.699;81.765,0.19335727588503093,0.5605392062486041,0.6280582124432079,-0.032046084994690485,0.6275436485725274,0.9718625965410648,0.6717885112570958,1.803825774168852,-1.1787679958861574,-0.8419633378206651,0.717754836577659,2.0062224526706136,33.398,79.157
1766334393.482187,437,102;103;104;200;201;202,61.415;67.058;68.045;68.144;67.587;81.013,0.1960320125926275,0.5561998357338934,0.6256571815678288,-0.03552964037182652,0.6158967155257234,0.9810850345220732,0.6752529743197161,1.8059163861172982,-1.1731480357918636,-0.8389135119688678,0.7282541840603675,2.0013227110328926,33.222,78.922
1766334393.551558,438,102;103;104;105;200;201;202,62.349;66.628;68.834;42.849;66.723;66.568;80.966,0.19294224425328307,0.5645717287455267,0.630182655734694,-0.029019490115074646,0.6319032211914564,0.9688725338838289,0.6675724606402081,1.8018771407573162,-1.1819162918789776,-0.8432467908321253,0.7139935020310486,2.00848885944266,33.601,79.361
1766334393.612917,439,102;103;104;200;201;202,61.691;67.513;67.876;68.590;66.436;81.221,0.19520516438071095,0.5584039695396774,0.6265449609448844,-0.03328580727472372,0.6191545804689033,0.9783569156814776,0.6735193921446416,1.804653525363933,-1.1753683075196626,-0.8392504723087316,0.7254250648776117,2.0031080398605074,33.322,79.040
1766334393.677459,440,102;103;104;200;201;202,62.560;67.706;69.533;68.155;66.879;80.933,0.19704449396191223,0.553210493358135,0.623314565357858,-0.03787237329379871,0.6102200983240976,0.9858344482953345,0.678707851055084,1.806864225712642,-1.1698482099557879,-0.8375469845771545,0.7340011145150959,1.9984656879254339,33.086,78.772
1766334393.746754,441,102;103;104;200;201;202,62.900;67.476;67.887;67.415;66.938;81.645,0.19874243943233047,0.5502699725319086,0.621496895021043,-0.04009595639484908,0.6020988044838081,0.9921991016959462,0.6812839070720242,1.808139388885359,-1.1660775684217808,-0.8351937328148802,0.7415242668762057,1.9952125151416964,32.966,78.616
1766334393.814268,442,102;103;104;200;201;202,62.709;67.084;69.141;68.221;66.784;81.353,0.20037527835407148,0.547356070322303,0.6200718884980769,-0.04258113290207502,0.5961708951638215,0.9972879294257151,0.6835136750987123,1.8096478985220699,-1.1625156573401634,-0.8341581607366018,0.7469511308754503,1.992741689423471,32.846,78.458
1766334393.880782,443,102;103;104;200;201;202,62.444;66.660;68.989;67.581;67.448;80.979,0.20131589217376206,0.5442053616633802,0.618202470359946,-0.045156317175896896,0.5910168157232065,1.0015122179349838,0.6866618059784955,1.8110288218774873,-1.1593551100582358,-0.8329488700843003,0.7519568553855698,1.990398385450519,32.701,78.296
1766334393.948416,444,102;103;104;200;201;202,61.508;67.668;69.311;67.756;66.444;81.472,0.2024449446598939,0.5438460543440365,0.6179829075912624,-0.04537959847642136,0.5873558856830865,1.005140266172844,0.6864830346403893,1.811213575096364,-1.1579908596553128,-0.8322195773233934,0.7557971288721798,1.9893679460708245,32.704,78.270
1766334394.074635,445,102;103;104;200;201;202,63.200;67.903;67.212;68.307;68.368;81.441,0.20283370624221064,0.541445076106839,0.6173539861425548,-0.04785339000649457,0.5845844438945114,1.0078659685371314,0.6883233512562714,1.8127849129251508,-1.1561751706448142,-0.8319672197489759,0.7587545072915935,1.9881192634756852,32.587,78.142
1766334394.137968,446,102;103;104;105;200;201;202,61.112;67.611;68.835;42.113;67.585;65.630;81.539,0.19858875876905543,0.5533379722881886,0.6242268170430643,-0.03754923410392442,0.6073910845990927,0.9919258558176575,0.6769732263089887,1.8074175945623994,-1.1687127363191918,-0.8383941423342113,0.7391561181929283,1.9989749414782212,33.121,78.760
1766334394.205242,447,102;103;104;105;200;201;202,62.224;68.121;69.165;40.177;67.915;66.193;81.162,0.19500440551466838,0.5620745399899629,0.6287970536837834,-0.030538282410333933,0.6245945596865116,0.9779728883982372,0.6692978709647204,1.8031011156308983,-1.1781739498194517,-0.8425425188024995,0.7232680660639269,2.006402925711551,33.509,79.222
1766334394.268501,448,102;103;104;200;201;202,63.462;67.310;69.613;67.888;67.280;81.220,0.20176379351979576,0.5062052985882821,0.659420807118106,-0.05100095545741231,0.5915659260787958,0.9532202059596371,0.6712447217606022,1.869906322129929,-1.1536018341764174,-0.8048363056832206,0.6872838321822459,2.030883507692969,30.643,75.838
1766334394.334594,449,102;103;104;105;200;201;202,62.724;67.282;67.773;40.234;67.509;67.011;81.184,0.19725795226126658,0.5241405258022823,0.6572815286983594,-0.04149329650601093,0.6126686311048645,0.9482082474440408,0.6647959563112861,1.8535018174361277,-1.1665413205822395,-0.8161154158260918,0.6823743071104935,2.0330436200243747,31.495,76.871
1766334394.400300,450,102;103;104;200;201;202,61.026;67.980;67.249;67.154;66.947;81.734,0.19894872418179882,0.5266939203752281,0.6497654591124097,-0.042988680315278506,0.6044939906489294,0.9621426774064575,0.6693732866489739,1.8464552678343944,-1.1636149468377273,-0.818498429305445,0.6997323005039197,2.0242285275437992,31.676,77.066
1766334394.467666,451,102;103;104;105;200;201;202,63.650;68.979;68.306;40.427;67.879;66.092;81.732,0.1947255686178774,0.5402758816352529,0.6495204654585442,-0.035338296425878615,0.6232138476905983,0.9552882401205187,0.6635757598053705,1.8349016001504663,-1.174590523582752,-0.8271868271346073,0.6925721203860153,2.027722724920706,32.310,77.842
1766334394.534879,452,102;103;104;105;200;201;202,62.441;66.864;69.134;40.706;67.641;67.106;81.386,0.19172089494540517,0.55148259193702,0.6491144039367576,-0.029407630154915678,0.6376586012627398,0.949379927217187,0.6586991580473773,1.825224841620961,-1.1830512450530677,-0.8340779247955228,0.6866608794295318,2.029765803848308,32.848,78.481
1766334394.600227,453,102;103;104;105;200;201;202,61.134;67.455;66.933;41.467;68.054;66.225;80.888,0.18865905979092312,0.5609893306219244,0.6484675658502699,-0.02385889360052448,0.6478899356492651,0.9432199627358614,0.6550919533122823,1.8167843131021768,-1.1905920602329494,-0.8373987145899908,0.6820831178589667,2.030774817177142,33.299,79.029
1766334394.669523,454,102;103;104;105;200;201;202,62.170;66.723;69.181;40.368;68.035;66.336;81.345,0.18635260685483046,0.5663109309419425,0.6474323711857298,-0.021511304823886083,0.65678164720416,0.9382071807241593,0.6539983132059853,1.8115886875769303,-1.1951505451789892,-0.8412820858594346,0.6775248491453605,2.031568852309942,33.544,79.348
1766334394.733822,455,102;103;104;105;200;201;202,62.624;66.377;66.721;41.231;67.188;66.848;81.015,0.1849780762495145,0.5696039263293349,0.646319383927859,-0.02087695146226363,0.663950790143741,0.9341579596049358,0.6537280774457128,1.808061803177619,-1.197752646461766,-0.8451889007124688,0.6732413117410561,2.03167569330497,33.698,79.548
1766334394.798623,456,102;103;104;105;200;201;202,62.614;66.771;68.718;39.889;68.487;66.902;81.662,0.18368291516370625,0.5733655647434289,0.6458279314306914,-0.019220242040838203,0.6694959175562144,0.9309114584894901,0.6525481137504014,1.8045540730195206,-1.20071580706222,-0.8476698989017338,0.6702690615059149,2.0321204132384976,33.878,79.768
1766334394.866247,457,102;103;104;200;201;202,61.910;67.602;69.571;68.530;67.572;81.878,0.18703174237349982,0.5645747884644052,0.6392854599500966,-0.026749782987967978,0.6500516787892304,0.9472334621760417,0.6622626677791545,1.8076863037129896,-1.1908370664738208,-0.8432495717688987,0.689581630782064,2.02145570234541,33.479,79.322
1766334394.932903,458,102;103;104;200;201;202,63.598;66.877;67.988;67.864;66.347;80.757,0.19067362980192093,0.5560155125036786,0.6332660204260234,-0.03331240426124849,0.6341773751029395,0.9609550971084223,0.6711720488612731,1.810940597794759,-1.1809274154865068,-0.8402462014965485,0.704933602189159,2.013357808808376,33.099,78.882
1766334394.998488,459,102;103;104;105;200;201;202,63.173;67.688;68.979;42.241;69.302;66.981;81.846,0.18785644882645455,0.5635173479014861,0.6355948643064981,-0.027925414239550406,0.6462501870253167,0.9523324457741795,0.6658942668746544,1.8061546140594633,-1.1882368307737718,-0.8435436281124994,0.6957974706789882,2.0179202705742556,33.444,79.292
1766334395.063720,460,102;103;104;200;201;202,61.365;67.740;69.885;67.600;66.251;80.821,0.19082126937118743,0.5580904178070116,0.6309018740014612,-0.03271055872081586,0.6317569859591408,0.9647752715693758,0.6720046201308564,1.8076552169612037,-1.1810086229408419,-0.8403399173360793,0.7104221962807818,2.0103149238040903,33.216,79.016
1766334395.129660,461,102;103;104;200;201;202,61.836;67.140;69.745;69.638;66.384;80.917,0.1932521878616638,0.5544134129895264,0.6274611493009884,-0.035585069890395185,0.620197993250406,0.9747398056781916,0.6761542751780492,1.8085009519516453,-1.1755985942311828,-0.8374518996088599,0.7222091495615266,2.0049156272377435,33.072,78.828
1766334395.197117,462,102;103;104;105;200;201;202,63.510;67.698;69.309;41.128;69.013;66.040;81.897,0.18984492163144523,0.5627419279522959,0.6308244667743649,-0.0291810502436584,0.6354198547378244,0.9634464488860948,0.6697324866799337,1.8037097291665036,-1.1842621875757267,-0.8414764255333123,0.7097165409897718,2.0111831216601734,33.447,79.278
1766334395.260826,463,102;103;104;200;201;202,62.606;67.902;69.174;67.931;66.383;81.300,0.19291280444516576,0.5571696377058071,0.6272306152402982,-0.033756767135694275,0.6229356165818665,0.973900150982254,0.6748542107676451,1.8060525047464784,-1.1772337551970873,-0.8388758706528789,0.7213266676015926,2.0052571489340676,33.212,78.983
1766334395.327795,464,102;103;104;200;201;202,61.795;68.272;68.272;67.589;66.635;82.029,0.19524803455374196,0.553411883743705,0.6243746878859362,-0.03728286626298036,0.6135071906566887,0.9821884837833182,0.6785584108428077,1.807343465957622,-1.1720757564655009,-0.8372038883614213,0.7306349048773695,2.0004658482178836,33.061,78.787
1766334395.396045,465,102;103;104;105;200;201;202,61.240;67.685;68.912;41.891;67.633;66.065;80.397,0.19139117252102553,0.5626973393365453,0.6284883613867297,-0.029914853751846666,0.6299654244179945,0.9696243279961194,0.6711011555731133,1.8022523023972115,-1.1819208291803422,-0.8411251149290115,0.7168475550866743,2.0075448680989534,33.476,79.286
1766334395.461719,466,102;103;104;105;200;201;202,62.784;68.372;68.676;41.629;68.539;66.664;80.443,0.18839198873548776,0.5693002846765269,0.6315033792348484,-0.025315570649386394,0.6436705609457792,0.9590984859043318,0.6658359018391713,1.7986611299691628,-1.1891811580477054,-0.8450157624634431,0.7050761869807749,2.0129578451160004,33.769,79.641
1766334395.529170,467,102;103;104;105;200;201;202,63.688;67.741;68.598;41.940;68.317;66.523;81.411,0.1862421642034098,0.5735129657531578,0.6336395990645397,-0.022517420864102553,0.654021072976917,0.9505198838928527,0.6623973888973106,1.7964919389179064,-1.1941078858217111,-0.847955857744956,0.6954135882726209,2.016989452249818,33.953,79.868
1766334395.593336,468,102;103;104;105;200;201;202,62.679;67.691;69.201;42.063;68.605;66.458;80.315,0.18457300216132397,0.5778304586409747,0.6358341990701338,-0.019891017803531644,0.6621856132024114,0.9433707675469699,0.6585838073857833,1.7942847118612424,-1.1986269397865206,-0.8500961024790737,0.6875576050387482,2.020119251952042,34.151,80.097
1766334395.660702,469,102;103;104;105;200;201;202,62.428;67.670;69.183;40.060;68.166;67.173;80.377,0.18340895147272612,0.5805336530046644,0.6374187616369452,-0.018502836762354914,0.6682896631711605,0.9383348396584804,0.6560611703775798,1.7930328486493277,-1.201640777542906,-0.8520216944666378,0.6817880630985325,2.022426367966936,34.273,80.239
1766334395.726534,470,102;103;104;105;200;201;202,63.225;67.711;68.481;42.439;68.278;66.761;81.558,0.1822438405793361,0.5820159793981159,0.6380155210994592,-0.017463825498650817,0.6727033475656814,0.9338413169715782,0.6552023392406537,1.7921442985902556,-1.2037154940638106,-0.8528488900155737,0.6771713295787885,2.024040315308078,34.332,80.324
1766334395.791914,471,102;103;104;200;201;202,62.961;67.772;68.727;68.112;66.530;81.269,0.18642037915166845,0.5717204373327729,0.6323110162619706,-0.02443905628696484,0.6522313346419285,0.9498975769287334,0.6646337034424936,1.7971101102643567,-1.1925907957451307,-0.8471517804927803,0.6953020580909489,2.0148782731252397,33.863,79.781
1766334395.859598,472,102;103;104;105;200;201;202,63.290;67.191;69.410;40.015;67.004;66.410;81.106,0.18455761164570736,0.5757165731381466,0.6341934144763267,-0.021612789469732104,0.6603960109372795,0.9433136018924045,0.6614088987339727,1.7949595860164957,-1.1970378046575876,-0.8492537714754333,0.6881347616159263,2.018323388923277,34.041,79.997
1766334395.923273,473,102;103;104;200;201;202,62.306;68.428;68.701;68.189;67.336;80.909,0.1890040444351247,0.567726957865602,0.6301418277267138,-0.027990629277836708,0.6431706633323311,0.9578739845469022,0.6677383992615467,1.7990884181522113,-1.1873326713563797,-0.8457227340508161,0.7035719275074679,2.0104481026225187,33.699,79.563
1766334395.989903,474,102;103;104;200;201;202,63.323;67.889;69.073;67.867;67.214;80.806,0.19217526644284463,0.5608334487641432,0.6264591003183457,-0.03336533738041003,0.62930957739333,0.9693899393856594,0.6737033945368897,1.8024775530342325,-1.1795239836528966,-0.8425653973021152,0.7162974388124741,2.0042696570740457,33.395,79.196
1766334396.054948,475,102;103;104;200;201;202,63.528;67.361;69.339;67.996;66.497;80.781,0.194699561790998,0.5551162806526903,0.6233452737222926,-0.037818870526407984,0.6181799871187414,0.9785740350212518,0.6787498841405387,1.8052284151379618,-1.1731147242055324,-0.84000523301883,0.7265591186878956,1.9994052157500106,33.143,78.894
1766334396.121434,476,102;103;104;200;201;202,62.649;67.485;68.056;67.929;66.634;80.768,0.19706338898807582,0.5507683011487263,0.621242953767268,-0.041327849523023194,0.6092109667057716,0.9860430921923742,0.682101475724888,1.8075026725443537,-1.1678868611272841,-0.8381570935234071,0.734602268875958,1.9956991933653119,32.961,78.658
1766334396.191897,477,102;103;104;105;200;201;202,62.707;67.501;69.054;42.233;67.600;66.516;80.672,0.19388076096731885,0.5601591700911501,0.6263569905493329,-0.03392767517506097,0.6272106777912401,0.9728361133420375,0.6733132061716777,1.8030287277218415,-1.177479983280582,-0.8434609224887606,0.7186784155071085,2.003748807600595,33.391,79.148
1766334396.256198,478,102;103;104;105;200;201;202,62.851;67.662;68.733;40.659;68.020;67.873;80.729,0.19097496324092406,0.5672106209788494,0.6305655598251184,-0.02880033042225167,0.6406098306852138,0.9622383261964497,0.66663121810489,1.7998705109287942,-1.1852893091646177,-0.8468407278900097,0.7066147460079946,2.009815203092383,33.706,79.516
1766334396.319782,479,102;103;104;200;201;202,62.410;66.468;68.966;67.944;66.601;81.074,0.19369644819813878,0.5593694572281449,0.6261759978103169,-0.034800546004052975,0.6269484129046239,0.9727200439832017,0.6740619740097457,1.8035561756324516,-1.177203521573647,-0.843342694138769,0.7187004984931897,2.0033847392653032,33.346,79.108
1766334396.384778,480,102;103;104;200;201;202,62.911;66.804;69.026;68.229;66.138;81.308,0.19590642056821703,0.5537876682544396,0.622942360423019,-0.03878816084168143,0.6158769471937149,0.9809366507934857,0.6792981772612304,1.8061004387272364,-1.1711256591916797,-0.8400809412811265,0.7284181601000332,1.9986589014656337,33.096,78.816
1766334396.454478,481,102;103;104;200;201;202,62.970;66.744;69.243;68.604;66.535;80.989,0.19760344065756683,0.5494786955523434,0.6206154550537265,-0.041925650127997045,0.607789091386429,0.9878602008448281,0.6831832712260294,1.8081675253565672,-1.1664911988365634,-0.8381195535038032,0.7362633057484469,1.9954925324270523,32.904,78.589
1766334396.521845,482,102;103;104;200;201;202,62.525;67.795;69.148;66.864;66.590;81.808,0.19943265867983775,0.5468537386363088,0.6194758803829026,-0.04407526767286773,0.6013031599031974,0.9937423792579678,0.6848697438877754,1.8096342938894796,-1.1629801127271855,-0.8369351823149638,0.7424567139650443,1.9931302901758958,32.802,78.443
1766334396.588726,483,102;103;104;200;201;202,61.271;67.586;68.673;67.849;66.254;81.516,0.20117731782359452,0.5455804648822736,0.6188557885455641,-0.04509321887233354,0.5958811344852094,0.9987395596578355,0.6852930310224382,1.810326560254161,-1.1604124550362194,-0.8359427238159287,0.7476457377648019,1.9913122940298436,32.770,78.366
1766334396.657311,484,102;103;104;200;201;202,62.604;66.854;69.289;68.533;66.523;81.138,0.20169601205344426,0.5434760230178859,0.6172362927163095,-0.046316765420214394,0.5907674538582681,1.00254101454927,0.6877939223027341,1.810995971321009,-1.1582794910987713,-0.8338760721439665,0.7527820235600966,1.9894341626895773,32.672,78.262
1766334396.815305,485,102;103;104;105;200;201;202,64.542;67.776;68.845;41.132;69.399;66.816;81.451,0.19773539563334902,0.552824313069769,0.622856653572873,-0.03845005719243417,0.6118368238603819,0.9872848263057309,0.6790004579791166,1.8069014367835674,-1.1688191045346372,-0.8400882183322567,0.7340901002343574,1.9989019072313017,33.080,78.751
1766334396.877276,486,102;103;104;105;200;201;202,61.454;66.304;68.123;40.530;67.631;66.415;82.206,0.19398872559134614,0.5602681769697596,0.62724565569262,-0.03223153228956915,0.6274573361634799,0.9748765718083686,0.6723709299604381,1.8035327310375433,-1.1777341984606635,-0.8435613683016674,0.7201473763199604,2.0062024939514473,33.397,79.145
1766334396.942103,487,102;103;104;105;200;201;202,63.678;67.110;69.644;40.554;67.622;65.740;82.775,0.190434652542205,0.5661409355651428,0.6303795470095005,-0.02736978669529149,0.6404111040719459,0.9637279770972665,0.66774390969045,1.8006153085081673,-1.1852233452144918,-0.8459237904013568,0.7083674145558226,2.012032094595688,33.639,79.464
1766334397.008307,488,102;103;104;105;200;201;202,62.828;67.149;68.608;41.866;67.589;67.893;81.604,0.18827655838475726,0.5713422228847495,0.6336868444747646,-0.02448838725090615,0.6515918022843209,0.9543772676312388,0.6626257879763912,1.798405171390906,-1.1910552601946762,-0.8492543020796445,0.6975549561662656,2.016318544023386,33.872,79.734
1766334397.073100,489,102;103;104;200;201;202,62.863;67.131;68.928;66.664;66.895;81.226,0.19195611920452307,0.5626584150070602,0.6291652415978496,-0.031764242972158,0.6365769519376648,0.966275191997532,0.6702040736637956,1.8027541275222039,-1.1815800756566932,-0.8463440279626615,0.7103707698403406,2.00871139606695,33.483,79.273
1766334397.140796,490,102;103;104;105;200;201;202,61.805;67.304;67.790;41.339;68.583;66.888;81.302,0.18984186531956818,0.5693431814596842,0.6328945319783421,-0.0266835068893368,0.6478889506482621,0.9567734198782476,0.6637665554657334,1.7996003160755931,-1.188258027967335,-0.8489778296751976,0.6995619212400623,2.0139889665752473,33.795,79.620
1766334397.206302,491,102;103;104;105;200;201;202,62.085;67.216;68.146;38.825;68.977;66.596;81.551,0.1877298921014341,0.5729834033885398,0.6346488635655383,-0.0236771652111385,0.6557364478354305,0.9492587604285757,0.6610141458482978,1.7976561983439419,-1.1927331520210542,-0.8501478295169198,0.6918235956155765,2.017449866838057,33.949,79.819
1766334397.273637,492,102;103;104;105;200;201;202,63.021;67.042;68.325;40.150;68.771;66.994;80.701,0.18667313840804253,0.5755476551069039,0.6361543320046037,-0.02248015809499975,0.6630555082833959,0.9428491859098505,0.6585983136891843,1.796477394117721,-1.195551747649609,-0.8526778570911678,0.6841680923895239,2.0198973842393473,34.064,79.953
1766334397.337664,493,102;103;104;105;200;201;202,61.899;68.309;68.475;41.144;67.142;66.303;81.418,0.19007674352434845,0.5344178003807827,0.6706148277655198,-0.032095692060086306,0.6472965648200086,0.9097756517300831,0.649841339393006,1.853527555328925,-1.1833844820223312,-0.819476106320653,0.6379741735021647,2.0505510175374257,31.874,77.366
1766334397.404983,494,102;103;104;105;200;201;202,62.785;66.617;68.194;39.335;68.451;66.462;80.949,0.18759344299042718,0.5457473848887666,0.6652712223614272,-0.027456993488183947,0.6556867445875306,0.9119125237534577,0.6492742284003514,1.8404965790741032,-1.189734762364616,-0.8265016032714612,0.6429170331640123,2.047620227588244,32.438,78.053
1766334397.470656,495,102;103;104;105;200;201;202,62.723;67.789;68.185;40.832;69.250;65.694;81.056,0.18529155284506946,0.5546108421233262,0.6610242211953103,-0.02407028361602624,0.6633336704877973,0.913176923540856,0.6490491934531046,1.8302391216322769,-1.1949996300407588,-0.8326201079236988,0.6463428503559859,2.0454820610496336,32.876,78.594
1766334397.537509,496,102;103;104;105;200;201;202,62.918;68.305;68.477;41.632;68.070;67.131;80.169,0.18403005692106633,0.5622398525484261,0.6578870452505454,-0.02127615956926373,0.6695900191299348,0.9142547903951982,0.6479732131347224,1.8217693189104733,-1.19897429027173,-0.8380740340685006,0.6486787935093895,2.043579689481434,33.266,79.048
1766334397.603848,497,102;103;104;200;201;202,63.185;67.567;66.723;67.451;66.676;80.801,0.18771075293077819,0.5545685755549425,0.6481587256406562,-0.028376949645790295,0.6497702931995645,0.934289267456195,0.6598073099299075,1.8218939271266574,-1.1882148155651144,-0.8357683725399047,0.6724448132883588,2.0308389662947617,32.941,78.690
1766334397.674734,498,102;103;104;105;200;201;202,63.193;67.395;68.672;41.489;67.983;66.672;80.212,0.18487923652223698,0.5624370530829532,0.6469929088090944,-0.024863752086237662,0.658702145582107,0.9304337949962916,0.6575531225482126,1.8144735380630428,-1.1945248092706813,-0.839822327636772,0.6700454844764889,2.030956087495081,33.312,79.152
1766334397.739514,499,102;103;104;105;200;201;202,63.161;67.725;68.756;40.587;67.356;66.169;81.277,0.1830951099896967,0.5676537539277031,0.646003865646073,-0.022488895230858716,0.6656033177319104,0.9276544695005029,0.6562015039210631,1.8094091448506258,-1.1985295163789715,-0.8432881096671689,0.6678641388577173,2.031372241278217,33.562,79.460
1766334397.802074,500,102;103;104;200;201;202,60.894;68.076;67.713;67.550;66.320;80.594,0.18703357416104718,0.5606976325682841,0.6395190291445555,-0.02806233339013435,0.6467599886847054,0.9450650474560875,0.6644259016693689,1.8110650044736558,-1.1889854286576724,-0.8395592676175452,0.6879336477308886,2.021535624983034,33.271,79.109
1766334397.872761,501,102;103;104;200;201;202,63.680;67.119;69.599;68.424;66.916;80.912,0.19041675372406103,0.5538989218906922,0.6335207688861771,-0.03400382251120553,0.6320149304119146,0.9591121393422983,0.6723701569863109,1.8128568267086063,-1.180206712405862,-0.8374943702101848,0.7037932642721043,2.013277682700895,32.981,78.766
1766334397.934694,502,102;103;104;200;201;202,64.529;67.618;69.244;68.998;66.040;81.822,0.19217275776405074,0.5491637568833108,0.6283014621243952,-0.03781272302596416,0.6201837993564897,0.9700191200278636,0.6791692507218389,1.8133716500500623,-1.1743088781206426,-0.8347128163434184,0.7173957321166131,2.006920794142148,32.771,78.541
1766334398.002918,503,102;103;104;105;200;201;202,61.923;67.211;68.615;41.713;68.174;65.905;81.953,0.18912526812260752,0.5583601400593958,0.6316720325335414,-0.031090825144297264,0.6350344017463906,0.960132896844503,0.6720204171108202,1.807882379870017,-1.1830725698811162,-0.8392518042050564,0.7061989778383987,2.0128239144458404,33.199,79.037
1766334398.070312,504,102;103;104;105;200;201;202,61.140;67.924;68.831;41.151;68.172;66.260;81.729,0.18680858096377065,0.5661756684335436,0.6347225264247335,-0.025812403944715095,0.6468771448963606,0.9518070812776274,0.6656159612649082,1.8033293295361776,-1.1902878870958542,-0.8428610456417361,0.6968874495630857,2.0174289918666686,33.569,79.453
1766334398.135586,505,102;103;104;105;200;201;202,63.041;67.765;69.277;42.657;68.144;66.910;81.766,0.185112119851374,0.5716822666332018,0.6367571263100493,-0.022465892318230287,0.6567795613274154,0.9447566382540351,0.6612360144115677,1.8000314705628706,-1.195379635309367,-0.8463436770531504,0.6887533173020357,2.0209110953250446,33.829,79.749
1766334398.202259,506,102;103;104;200;201;202,62.553;67.843;68.656;67.917;66.530;81.486,0.1886018256967867,0.5635940627185504,0.6317233411311584,-0.02879377573797298,0.6401559482234002,0.9586661502027715,0.6690322114942605,1.8035531935413263,-1.186214929521012,-0.8425321779579213,0.7044694978767916,2.0128569018930422,33.468,79.326
1766334398.268240,507,102;103;104;105;200;201;202,62.969;68.230;69.833;42.113;67.914;67.245;81.027,0.18699219311208057,0.5702056074834962,0.6344574318812256,-0.024391892683531924,0.6511300177068399,0.9506186949124943,0.663285939243742,1.7998111099261713,-1.1920160530061135,-0.8462205541665693,0.6949658096334919,2.0170702616526293,33.788,79.674
1766334398.335668,508,102;103;104;105;200;201;202,62.597;67.613;69.925;40.488;68.323;67.608;80.851,0.18507060635055927,0.5746582897367227,0.6360536023016412,-0.021249408242972206,0.6588130908837382,0.943951492972897,0.660075598157825,1.7970889754619908,-1.1966499093665042,-0.8478520314219571,0.6881583938289887,2.020008939186457,33.989,79.918
1766334398.398710,509,102;103;104;200;201;202,62.395;67.459;68.126;68.343;66.919;80.346,0.18894133997575616,0.5660246136837079,0.6310531670662252,-0.02783653580086401,0.6414717493638966,0.9579127253969947,0.6679779891772233,1.8011034830597161,-1.1868611520748042,-0.8437379756502973,0.7037131207042334,2.0117596526470574,33.605,79.462
1766334398.465610,510,102;103;104;105;200;201;202,62.236;68.509;69.017;42.765;69.415;66.738;80.741,0.18691782894144754,0.572635666980523,0.6340388924018142,-0.022794516538630648,0.651691039917584,0.9499645001694741,0.6622157705307044,1.797511281325413,-1.1931484353390454,-0.8462335925439677,0.6949270841645249,2.016442384378123,33.917,79.812
1766334398.534148,511,102;103;104;105;200;201;202,63.801;67.346;68.987;42.479;67.739;66.852;80.904,0.18473169501740605,0.5754672807325428,0.6351671571742576,-0.021113174346674892,0.6600940136259145,0.9431298081154346,0.6605728132229283,1.7958171590121443,-1.1970778492778356,-0.848605917809576,0.6876256449548839,2.0194051106302022,34.028,79.973
1766334398.601999,512,102;103;104;105;200;201;202,62.855;68.235;69.362;40.598;67.734;65.929;81.184,0.1832026434398959,0.5790737121699987,0.6365488105320252,-0.01865790957267286,0.666857352775216,0.9376916855528071,0.6578720127481176,1.7936667648710762,-1.2008274636413154,-0.85039100362705,0.6818411773888988,2.0220763068514844,34.193,80.169
1766334398.663450,513,102;103;104;200;201;202,63.098;66.889;67.590;67.645;67.202;81.519,0.1876309001509176,0.5678065758519777,0.6307851075916333,-0.027206625128407616,0.6475700442836465,0.9532982059310197,0.667816342895588,1.7993972231148176,-1.1889396338896157,-0.8461609418004893,0.6986748707102816,2.01283992879724,33.677,79.572
1766334398.728473,514,102;103;104;200;201;202,61.836;67.339;68.518;68.397;66.700;81.759,0.19167048739242212,0.5605925619589713,0.6271762872059833,-0.03281212226051247,0.6331666414179086,0.965454057504807,0.6734565543851188,1.8031358515117093,-1.1801453007526974,-0.8434295755955378,0.7113263732674177,2.006475388569465,33.372,79.180
1766334398.793764,515,102;103;104;200;201;202,62.541;67.436;68.804;67.976;67.073;81.295,0.19463691551506893,0.5554919766086992,0.6244072884443929,-0.03697446383043402,0.6212612383211399,0.975595238244979,0.6775748489609528,1.8056227523339847,-1.1737304666396209,-0.840879948158486,0.7224281722433628,2.0013378637247903,33.160,78.905
1766334398.860803,516,102;103;104;200;201;202,62.391;67.568;67.995;68.056;66.961;82.053,0.19689065960766658,0.5511305335399,0.6221103591647961,-0.04021137787988744,0.6110409449975939,0.9839646796838869,0.6811728718361189,1.8077762262029065,-1.1685376591937877,-0.8381833464009224,0.7319466141892539,1.9973610135001159,32.975,78.671
1766334398.926057,517,102;103;104;200;201;202,63.315;67.444;68.717;68.281;67.497;80.615,0.19911294104870664,0.5475839457504412,0.6202551794631351,-0.043337130770568486,0.603613792706836,0.99059055445301,0.6838754856780157,1.8095416082952556,-1.1639312214550617,-0.837133493913989,0.7388499420305622,1.994098851270346,32.833,78.478
1766334398.992782,518,102;103;104;200;201;202,62.784;68.344;68.811;67.339;66.858;80.802,0.2001399353411284,0.5458927890545695,0.6189275480889946,-0.04456492569910344,0.5975261206438249,0.9960350103845597,0.685586939097922,1.810083837886629,-1.1616118874223602,-0.8353332054191872,0.7454443743058712,1.9918615690430377,32.766,78.390
1766334399.061733,519,102;103;104;105;200;201;202,61.396;66.860;68.436;40.321;67.558;65.688;81.641,0.19547076483917533,0.5560173047535808,0.62403904181262,-0.03559652169145266,0.6163988132017216,0.9813758447096647,0.6771509845075817,1.8049713529577132,-1.1730497430142723,-0.839203158392776,0.7292067690033832,2.000716185092526,33.204,78.931
1766334399.126463,520,102;103;104;105;200;201;202,62.780;67.172;68.685;42.659;68.158;67.644;81.279,0.1915934948857354,0.563428615238177,0.6283548886072285,-0.030160197192319445,0.6322057742131022,0.9687370385140266,0.6706683526642262,1.801564540236803,-1.1820411941137916,-0.8430317161180273,0.7151468541758189,2.0074864146303444,33.519,79.325
1766334399.192821,521,102;103;104;200;201;202,62.542;67.349;68.874;68.965;66.426;81.330,0.19460759331409153,0.5578706396338114,0.6253928723810428,-0.03446817095445407,0.6206349634238987,0.9781654439994228,0.6752228410241177,1.8043084439703396,-1.1752907507356911,-0.8405254299903187,0.7253448937675857,2.002460889515428,33.284,79.026
1766334399.264238,522,102;103;104;200;201;202,63.081;67.091;69.183;67.682;66.570;82.017,0.1971894778741606,0.5534425780575415,0.6232371515630907,-0.03792295562277942,0.6110593639385595,0.985872294422219,0.6785600608620602,1.8066255277416847,-1.1697961016133356,-0.8384186229173061,0.7336362436711432,1.9985462670978644,33.101,78.785
1766334399.329158,523,102;103;104;200;201;202,63.121;66.902;69.235;68.625;66.459;81.240,0.19840990803914624,0.549931622448577,0.6208678169495953,-0.04069500367376689,0.6034952287177064,0.9917819281208495,0.6822460664951773,1.807988289089639,-1.1660160791761407,-0.8361903210306043,0.7409498146629955,1.9951398600312853,32.943,78.606
1766334399.394957,524,102;103;104;200;201;202,62.832;67.351;69.194;68.039;66.778;82.044,0.1995703143252715,0.5472586391413369,0.6192616308923923,-0.04281760802684799,0.5971497627522495,0.9969841728681489,0.6847455088625309,1.8091612094219978,-1.1629758323680086,-0.834420493751498,0.7471652728665328,1.992564807447947,32.826,78.466
1766334399.555754,525,102;103;104;105;200;201;202,63.710;66.126;69.051;39.936;68.730;67.192;81.536,0.19594049775682856,0.5571026728547234,0.6252448753058591,-0.03499914499735571,0.6170452282343271,0.9818980611032816,0.6751269937906673,1.8048915932007425,-1.1735485299748585,-0.840064099419758,0.7289250518142412,2.0014688691304396,33.268,78.976
1766334399.616395,526,102;103;104;105;200;201;202,62.370;67.366;68.164;41.308;67.797;66.570;81.649,0.19232447011838005,0.5641963387423742,0.6290250356269987,-0.029031338308928924,0.6319166726273758,0.9695051478395906,0.6691947390219938,1.801398801629433,-1.1819374279981563,-0.8431308884723022,0.7153380613902682,2.0082192781002832,33.572,79.355
1766334399.684884,527,102;103;104;105;200;201;202,61.682;67.712;68.508;41.398;66.088;67.466;81.529,0.19119611284495144,0.5704274596838226,0.6336285835398874,-0.025144805110996073,0.6446273577061136,0.9608744554575509,0.6617132037257412,1.7992348163729917,-1.1877196563094754,-0.8482152627566757,0.7035256119883725,2.0140395084106966,33.875,79.662
1766334399.748061,528,102;103;104;105;200;201;202,62.911;67.210;69.379;41.814;68.135;67.436;81.419,0.18852040594742542,0.5751852231756395,0.6364631243633316,-0.022111787075925083,0.6545330762049387,0.9525734931139762,0.6575714601196999,1.797052936053761,-1.1936672870095775,-0.850416076268519,0.6947027628796917,2.0182345590456383,34.077,79.916
1766334399.817722,529,102;103;104;200;201;202,63.570;67.734;68.762;68.099;66.795;82.597,0.19246691260184914,0.5651860731735433,0.6317170187287451,-0.03014013183944254,0.6388544905886606,0.9657544769042012,0.6660300923270486,1.8023672895818879,-1.1832146542660122,-0.847769857847435,0.7084196206331423,2.010672137434116,33.622,79.384
1766334399.880307,530,102;103;104;200;201;202,62.850;67.804;68.720;68.805;67.981;81.833,0.19571318959777811,0.558162345600941,0.6282553511792962,-0.03537715926531599,0.6250239135597274,0.9760271819960672,0.6718239664531348,1.8060075463609508,-1.1753371782042512,-0.8441570113276213,0.7198851985398611,2.0047228862769826,33.315,79.008
1766334399.946983,531,102;103;104;105;200;201;202,62.203;67.595;69.220;41.141;69.625;66.509;81.457,0.19253636953712658,0.5649037462633795,0.6314897121263392,-0.02999933152320755,0.6380765663011319,0.9652157618125768,0.6663766471002252,1.8024534590888377,-1.18292802882773,-0.8468997922057139,0.708185961330611,2.010407312939697,33.609,79.370
1766334400.012523,532,102;103;104;105;200;201;202,63.154;66.668;68.984;42.129;68.421;66.640;81.909,0.1896802465922982,0.5699108871138016,0.6334575398422257,-0.026029315011467064,0.6487516794921175,0.9556729064668169,0.6629827186420767,1.7994951961188164,-1.1888910516294942,-0.848881010774643,0.6983417308647213,2.014702914909654,33.821,79.647
1766334400.076236,533,102;103;104;200;201;202,62.095;68.174;69.115;68.641;66.196;81.482,0.19311915975775276,0.5633619834835653,0.6300279398634684,-0.030936007254773332,0.6334100001898801,0.9674123168964989,0.668365026266877,1.8027842264640233,-1.181086876227743,-0.8446975360218717,0.7116198616609595,2.0080733445969887,33.540,79.295
1766334400.159478,534,102;103;104;105;200;201;202,62.187;67.897;67.670;39.993;69.110;66.104;81.717,0.1897373580737815,0.5695747635006589,0.632968090639139,-0.0258283889563009,0.645450629017993,0.9575120307025552,0.6636110619880528,1.799452761093071,-1.188500585742125,-0.8468719499921683,0.7013722986431205,2.01362822391403,33.805,79.633
1766334400.210866,535,102;103;104;105;200;201;202,61.329;67.584;68.909;39.091;66.814;66.029;81.498,0.18788838302566702,0.5750046894718747,0.6359715272870645,-0.021998851377952378,0.6556325822167038,0.9498646189257913,0.6584665796465814,1.7968547973760507,-1.194029565846174,-0.8498459812877698,0.6924367939766863,2.018257012948377,34.057,79.916
1766334400.276120,536,102;103;104;105;200;201;202,63.698;67.385;69.586;41.341;67.846;67.096;80.747,0.18584706323349426,0.5776234724161454,0.6368262644550141,-0.020545592603256585,0.6629784963789408,0.943124094071943,0.657130867737853,1.795161420079018,-1.1976153128306934,-0.8515993170561597,0.6855457264694826,2.0205424781668153,34.160,80.066
1766334400.342790,537,102;103;104;200;201;202,62.967;66.849;67.199;68.651;65.603;80.751,0.18908547429699882,0.5673426156595494,0.6310965241915746,-0.02793132184759173,0.6449413413300168,0.9570325124459207,0.6670518279258596,1.8000432494891674,-1.1873897209455826,-0.8466197646042141,0.7016649515748994,2.012076238600952,33.678,79.533
1766334400.415686,538,102;103;104;200;201;202,61.593;68.090;69.489;67.105;66.936;80.932,0.1925103165753198,0.5616143901394841,0.6276444376786292,-0.03251746191332943,0.6303727211823745,0.968822021432773,0.6719553301780625,1.8026298288239404,-1.1799931185097154,-0.8430540758875209,0.7149143806932663,2.0054915433508116,33.441,79.226
1766334400.477535,539,102;103;104;105;200;201;202,64.625;67.726;69.700;42.457;67.849;67.036;80.731,0.18938696480526243,0.5681561952934141,0.6305019706022597,-0.027488692535115655,0.6429437264449067,0.9585186060023702,0.6669415070736125,1.7989849862959069,-1.1872940663533011,-0.8458434513332238,0.7039272247858943,2.0107513630182354,33.728,79.580
1766334400.547533,540,102;103;104;105;200;201;202,62.968;66.933;68.916;39.830;67.010;67.060;81.759,0.18721049505340254,0.5730608742653064,0.6330554952467295,-0.02414396118559077,0.6528618912635294,0.9504431924944226,0.6627083411528892,1.7965187592949856,-1.1927346178206846,-0.848444884288274,0.6949646825113609,2.014874822191322,33.947,79.842
1766334400.612547,541,102;103;104;105;200;201;202,62.250;67.926;69.812;41.112;67.297;66.183;80.524,0.18575017612912845,0.5774379732897972,0.6354271463713236,-0.021175140470568326,0.6613063041521807,0.9438762254290536,0.6585873321093947,1.794388887220778,-1.1971399478366067,-0.8509756881959669,0.6873073045202711,2.018570815561046,34.151,80.070
1766334400.672822,542,102;103;104;200;201;202,62.449;67.639;69.827;69.030;67.255;82.193,0.18882437734126012,0.5678305890086457,0.6301933545505042,-0.027576511714652984,0.6431400682925494,0.9579512275399742,0.6677213783261261,1.7990298335657082,-1.1875779975384384,-0.8454184330733121,0.703831377621654,2.0107830276177516,33.701,79.570
1766334400.740660,543,102;103;104;200;201;202,62.868;67.498;69.239;68.522;67.122;81.864,0.19191733094229474,0.5600020339158187,0.6261636492069411,-0.03342839129948937,0.6286670130441318,0.9695588329288848,0.674622228382137,1.8029609079726785,-1.179259801591288,-0.8418083855971787,0.7168315564724645,2.0044598820172195,33.347,79.156
1766334400.805851,544,102;103;104;200;201;202,62.171;67.663;68.977;69.321;67.494;80.504,0.19473616553903023,0.5557137406189221,0.6234993736386217,-0.0371294119876966,0.6177531988623592,0.978802476088211,0.6782219658370855,1.804837907647377,-1.173431702947974,-0.8395637237315403,0.7270086067977896,1.9994727863370412,33.175,78.925
1766334400.874191,545,102;103;104;105;200;201;202,62.463;67.882;69.101;41.563;69.061;66.892;81.073,0.1911463257345659,0.5635269272036528,0.6274953798388269,-0.030669912142892428,0.6329910226046433,0.9669500982928235,0.671634929223468,1.8008961804301717,-1.1822331387747136,-0.8430822976692383,0.7138366107411015,2.00648079143186,33.518,79.342
1766334400.940383,546,102;103;104;105;200;201;202,62.019;67.300;69.352;42.007;67.066;67.095;81.931,0.18880867655676628,0.5700425330580196,0.6313516667141273,-0.02587909210212005,0.6456565472494843,0.9572485752393378,0.6653007742357859,1.7979598004802413,-1.1890886414360546,-0.8466769494897264,0.7024142079933139,2.012310076528583,33.817,79.680
1766334401.005202,547,102;103;104;105;200;201;202,62.550;68.328;69.630;43.029;68.164;67.123;80.666,0.1864967977111974,0.5742504771455177,0.6335214571346698,-0.022815946190502222,0.6553704003554988,0.9489383234174928,0.6619191476617998,1.795810426737694,-1.194182156828554,-0.848962890274755,0.6933935509970018,2.0163910093389226,33.997,79.908
1766334401.071126,548,102;103;104;105;200;201;202,63.145;67.543;69.121;39.557;68.919;66.255;81.377,0.18415403017711876,0.5773080204420088,0.6345755914524374,-0.020529885584876204,0.6623817582555784,0.9422551201519128,0.6602860205085324,1.793871967476961,-1.1983491987827581,-0.849957403122067,0.6870276904277227,2.0190773778019393,34.118,80.083
1766334401.153225,549,102;103;104;200;201;202,63.230;67.854;68.187;68.515;66.697;80.139,0.18781675165683653,0.5677970354693306,0.6293613007236569,-0.027518053739801394,0.6444928447593449,0.956517310028514,0.6690374588842456,1.7984681824838562,-1.1882634867662745,-0.8453657852744736,0.7030801607430668,2.0107925218422333,33.683,79.583
1766334401.254415,550,102;103;104;105;200;201;202,63.445;67.853;69.530;41.779;68.455;66.170;81.627,0.1851214049794522,0.5730867778141526,0.6318114161111933,-0.023264455159386636,0.6543517102579032,0.9482485460418075,0.664932309077025,1.7955933561836284,-1.194369019138503,-0.8471818760912055,0.6945690799880919,2.0153480930337317,33.914,79.871
1766334401.335342,551,102;103;104;200;201;202,61.567;67.712;67.679;66.783;66.389;80.906,0.1891183621880594,0.5651577827698344,0.6279850309858249,-0.029506245649927446,0.6382732724016702,0.9618222362577504,0.6712466838323278,1.7997941464908218,-1.1852020654365105,-0.8437751014582497,0.7090389410077336,2.008215275918448,33.568,79.442
1766334401.401301,552,102;103;104;105;200;201;202,63.163;67.854;68.703;42.814;67.275;67.318;81.125,0.18669835648462785,0.5712464869451188,0.6317081383949272,-0.025533596106425874,0.6498901283302498,0.9526678097018509,0.665336131280045,1.7971155896664848,-1.1918766710219861,-0.8470022203294075,0.6985618423049462,2.0132797975700396,33.843,79.759
1766334401.467413,553,102;103;104;105;200;201;202,63.036;67.005;68.882;40.992;68.227;67.066;81.478,0.1889690609898653,0.5297773104357056,0.6651009165060915,-0.03527534241349427,0.6370559330827317,0.9171723021223824,0.6584260597210144,1.8537432640743352,-1.1802541049978612,-0.8151058447784922,0.6502743862789782,2.044588276750131,31.618,77.174
1766334401.532970,554,102;103;104;200;201;202,63.109;67.414;69.279;68.323;67.502;80.922,0.19117711654957353,0.531245121155048,0.6553685317290946,-0.038122157500041,0.62454102178604,0.9363742892879164,0.6654902900792727,1.846166971352506,-1.1755054866241543,-0.8172769287231094,0.6740990648266325,2.032953126478577,31.755,77.324
1766334401.599436,555,102;103;104;200;201;202,63.363;67.287;68.517;68.435;66.344;81.859,0.1937195911675768,0.5314469340955139,0.6471560596551246,-0.04076867824897049,0.6139732022603698,0.9523395665306824,0.6716896143869718,1.8406379393364407,-1.1702957687651983,-0.8191661368754043,0.6931700970056818,2.023617259372428,31.829,77.390
1766334401.730837,556,102;103;104;105;200;201;202,63.946;67.063;69.063;42.171;67.831;66.842;81.658,0.19092396699003095,0.5431494492816377,0.6466817756462003,-0.03451663404683846,0.630855461663498,0.9462669320600566,0.666472443547703,1.8305208736801308,-1.1788133806693468,-0.8280249783150818,0.6859530622879442,2.0265129230157686,32.396,78.055
1766334401.800789,557,102;103;104;200;201;202,62.801;67.254;68.696;68.131;65.822;81.785,0.19355385606534628,0.5408334687607962,0.6399925736744911,-0.0381150735352414,0.6195748893305905,0.9599022515147025,0.6727152609897988,1.8280939403421748,-1.1727657574742285,-0.8281295632269354,0.7020532953878118,2.018244491859219,32.335,77.969
1766334401.866390,558,102;103;104;105;200;201;202,63.563;66.989;69.086;41.099;67.340;66.427;81.451,0.19088802865391963,0.5507700558883365,0.6408947472206499,-0.03249438356103418,0.6354788588150792,0.9519233238372455,0.6672096601243349,1.820358939649233,-1.1807030969805727,-0.8353775787325042,0.6926499901929996,2.021926965507015,32.810,78.524
1766334401.934764,559,102;103;104;105;200;201;202,62.347;67.030;68.876;42.834;67.722;65.848;81.650,0.1877753144198968,0.5598259741101943,0.641635503150665,-0.0269933183495756,0.6479176003948102,0.9448082382593541,0.6626102118053597,1.8132154349510317,-1.1885468388941554,-0.8397995652214996,0.6858106909561301,2.0249156207448173,33.234,79.036
1766334402.000674,560,102;103;104;105;200;201;202,62.391;66.669;68.136;38.650;68.710;66.872;81.261,0.18581652874405155,0.5663615950413825,0.6420158218381938,-0.023139012056488384,0.6560598986239887,0.9397397784185094,0.6592722777519603,1.8079577602469328,-1.1938521912891444,-0.8426445696560247,0.6811289952011882,2.026564509315359,33.547,79.404
1766334402.070947,561,102;103;104;105;200;201;202,63.096;66.837;69.013;42.303;68.516;66.576;80.998,0.18404140143570016,0.5713766992505773,0.6422755510071853,-0.020531153474634144,0.6639824521985338,0.9348708883486213,0.656876870323503,1.8038862895407797,-1.198168103361605,-0.8457960026535563,0.6762387254046319,2.028203045392409,33.784,79.690
1766334402.135387,562,102;103;104;105;200;201;202,63.277;67.170;69.236;42.325;68.669;66.909;80.682,0.18267479407310663,0.5752564974908027,0.6420237823912892,-0.01886416134056657,0.6702888132255491,0.9309532591059126,0.6554356120828587,1.8004349455308146,-1.20133888250441,-0.8485820493532213,0.672375604225824,2.0289641704173857,33.969,79.915
1766334402.288631,563,102;103;104;200;201;202,62.449;68.278;68.245;67.125;66.296;82.350,0.18709985211614524,0.5658049149010083,0.636116238171926,-0.026192023126286566,0.6508502735615538,0.9479579806341308,0.6644031705041541,1.8045706030422566,-1.1902957645013865,-0.8446928114390551,0.6910280174964902,2.019393961000785,33.551,79.418
1766334402.353869,564,102;103;104;200;201;202,62.719;66.860;69.915;68.715;66.426;81.189,0.19483290655795837,0.5098920166001352,0.6651864464625515,-0.045356739261190854,0.6125103192765559,0.9302907351786706,0.6672917452612729,1.870502046301408,-1.1643177122219506,-0.8051138268279999,0.662623811757945,2.0414855452551923,30.684,76.042
1766334402.422825,565,102;103;104;200;201;202,63.399;66.486;68.176;67.974;66.963;80.356,0.1968497568848564,0.5138059980334005,0.6551156648860019,-0.04754247256642749,0.6050943572999964,0.9484673279155006,0.6733056455080844,1.8606361276509247,-1.1609061204526427,-0.8109628831921846,0.6843165346991377,2.0310396147788814,30.948,76.330
1766334402.488176,566,102;103;104;105;200;201;202,62.367;66.212;69.464;40.812;68.631;66.809;81.557,0.19375830560182064,0.5300103465033448,0.6542343681254779,-0.038951723726600516,0.623614851110969,0.9445864380420476,0.6659365312110259,1.8465176340869631,-1.171945732801003,-0.8215502651641575,0.679719060140958,2.033520290162428,31.741,77.247
1766334402.552709,567,102;103;104;200;201;202,62.325;67.445;66.953;68.096;66.992;82.408,0.19613638072728032,0.5301903365606314,0.6467451601761932,-0.04160796424012215,0.6134571862020202,0.9592267092478197,0.6715563065274431,1.841477292970083,-1.1671353383729892,-0.8230798752335988,0.6973660751149091,2.024591303999088,31.810,77.306
1766334402.619449,568,102;103;104;200;201;202,62.345;67.364;68.248;68.524;66.835;81.264,0.19726654027326426,0.5325166147711655,0.641192963890328,-0.04245786501701807,0.6051936281117837,0.9705310660058267,0.6747065481914051,1.8358964819176178,-1.1653059038956595,-0.8232561390839493,0.7122422890783476,2.017076314412002,31.965,77.476
1766334402.684000,569,102;103;104;200;201;202,62.812;68.212;67.832;67.162;66.561;80.479,0.19924277942384352,0.5335529620671131,0.6365646328954698,-0.04425107016630057,0.5989929482297002,0.9808108904659282,0.6773217377744861,1.8320183847875409,-1.1623023388141343,-0.8252420653432107,0.7240271663974236,2.0109612820260754,32.066,77.560
1766334402.752738,570,102;103;104;105;200;201;202,62.634;67.169;69.000;38.857;69.189;66.956;81.714,0.19513679988718832,0.5462175530835064,0.6387917957832697,-0.03556050597129289,0.6172466331478524,0.9695098807587051,0.6697029286622205,1.8228815924211978,-1.1735167980067773,-0.8310772097909987,0.7120037819032575,2.016162908355601,32.652,78.262
1766334402.818066,571,102;103;104;105;200;201;202,62.467;66.295;69.144;42.250;68.213;66.398;81.990,0.1918389041454566,0.5551681936385026,0.6400593322656762,-0.030075245684033695,0.6329530336484416,0.9603421091619675,0.6647911545343432,1.8161848897794601,-1.1816879278639698,-0.8370788627837598,0.7018347075369451,2.0204251408023515,33.063,78.764
1766334402.884586,572,102;103;104;105;200;201;202,61.338;66.654;68.050;42.094;68.436;66.195;80.062,0.18888456824178962,0.5627841850493354,0.6408445260754173,-0.025201434977028432,0.6444287415795972,0.9522188806545351,0.6609470424158062,1.8102721250677083,-1.1886605220761652,-0.8404368012368193,0.6939808111026695,2.023307948562719,33.413,79.196
1766334402.949842,573,102;103;104;105;200;201;202,62.320;67.364;69.003;40.033;67.568;66.754;81.740,0.18656568913646562,0.568017897103282,0.6414270118064237,-0.02244917140026786,0.6534630583152128,0.9458820216757403,0.658408630894881,1.8062182956731445,-1.193736697401815,-0.8434808623310467,0.6877061523288853,2.025324969781307,33.650,79.494
1766334403.013375,574,102;103;104;200;201;202,62.636;67.809;67.499;68.653;65.605;80.221,0.18996511727241133,0.5605122026128456,0.6356373354407582,-0.028547926997930965,0.6379328319724185,0.9601923196441189,0.6665933805027434,1.8087550035579756,-1.1846840372407803,-0.8408403337677525,0.7037871703522083,2.0171578719525627,33.321,79.111
1766334403.083939,575,102;103;104;105;200;201;202,61.623;66.929;67.956;40.959;67.511;65.933;80.632,0.1873936995703211,0.5667551142164974,0.637455990053268,-0.02447935018572614,0.6488559876131751,0.9517332515996453,0.6624264672979913,1.804677384067246,-1.190938375243193,-0.8438593371212624,0.6949237785732506,2.0207607308099993,33.605,79.455
1766334403.149237,576,102;103;104;105;200;201;202,63.782;67.106;69.810;40.652;67.907;65.872;80.551,0.1854147481264415,0.5713393236010288,0.6382098414736179,-0.022014347638181612,0.6580830723058079,0.9446865325433771,0.6599458746345205,1.8012877910380103,-1.1954105613296488,-0.8470135258497347,0.6874337032469187,2.0230856627097493,33.814,79.714
1766334403.218602,577,102;103;104;105;200;201;202,61.443;68.249;66.957;39.614;67.085;67.159;81.824,0.1843019322078725,0.5752493703985481,0.6394328625547141,-0.020035339367926643,0.6644296252857078,0.9398495012856182,0.6569895452040114,1.7987968470992832,-1.1988524425743263,-0.8492811666190979,0.6820891628708088,2.024843154553345,34.001,79.925
1766334403.281098,578,102;103;104;105;200;201;202,61.927;68.547;69.666;42.800;68.515;67.070;82.002,0.18293338811602858,0.5793947042975257,0.6407082912653559,-0.01754593905348706,0.6700263770563323,0.93496385480879,0.6539701539873104,1.7961299635618202,-1.2026724648952425,-0.8505583709822078,0.6773066208736434,2.0266243806305857,34.198,80.150
1766334403.349759,579,102;103;104;105;200;201;202,63.205;68.299;69.707;40.876;67.556;66.970;81.055,0.1815034726671117,0.5819052612156939,0.6409029335349333,-0.016275514192549256,0.6745445145382454,0.9308613263246285,0.6529866825691953,1.7941079407768696,-1.2053747483454524,-0.8516267068702212,0.6736057105612477,2.0275462279715737,34.308,80.297
1766334403.413650,580,102;103;104;200;201;202,62.034;67.376;69.734;68.602;66.333;81.574,0.18590764243013894,0.5729257960354097,0.6352057496981217,-0.02272648684204355,0.6538173675187088,0.9474055215367296,0.6614880662625602,1.798002550436624,-1.1946825542014439,-0.8461644640674966,0.6923721043733432,2.017698207864239,33.913,79.825
1766334403.479859,581,102;103;104;200;201;202,64.336;66.816;69.176;68.280;66.530;80.911,0.19349047289638294,0.5148532725486061,0.6634500109414577,-0.04400537101627051,0.6156937924400842,0.9293402863122322,0.6666365311909941,1.8651978410169179,-1.167604995283564,-0.8071439497239272,0.6632527978022443,2.0392890096946914,30.921,76.339
1766334403.548059,582,102;103;104;105;200;201;202,62.410;68.286;69.538;42.085;68.981;66.874;80.705,0.1906689922789336,0.5322425847166877,0.6609774382404822,-0.035286821708480964,0.6326519450962661,0.9279226949312406,0.6599002032265185,1.8490231709293394,-1.178424677979706,-0.8180258821706036,0.662161631061732,2.0402064928095713,31.788,77.332
1766334403.613170,583,102;103;104;105;200;201;202,61.888;67.283;69.110;41.868;68.062;66.780;81.467,0.18813346335410958,0.5453866110734646,0.6583849123601093,-0.028778252801810005,0.6451335589382283,0.9264618654856438,0.6556584099000652,1.8362914659669327,-1.1866808649639502,-0.8258163223253158,0.6618267962855419,2.040215896101422,32.442,78.092
1766334403.681102,584,102;103;104;105;200;201;202,62.042;68.104;70.175;42.428;67.784;67.698;81.318,0.18562568600117538,0.5562793590907948,0.6568523892717069,-0.023603917738055997,0.6554862349797844,0.9247036596090104,0.6517523045279766,1.8261198154787772,-1.1940847468681153,-0.831862409096923,0.6613329172147061,2.0404047520602466,32.978,78.720
1766334403.745726,585,102;103;104;105;200;201;202,61.298;68.001;68.608;42.677;67.741;66.047;81.354,0.18346275582113658,0.5640901369365487,0.6545310510703704,-0.019819389101446653,0.6631175924587941,0.9231004312704559,0.650265361698926,1.818002468312486,-1.199309302765305,-0.8362040899424261,0.661289218457735,2.0399023844734496,33.361,79.185
1766334403.812188,586,102;103;104;105;200;201;202,62.922;67.695;69.127;42.752;68.995;64.918;81.902,0.18145115392239586,0.5690000904588561,0.651563629238697,-0.018060667143105596,0.6694229425235332,0.9210360258541209,0.6510648549732355,1.8118814605580835,-1.2027088478514607,-0.8399107685529121,0.6606728675850905,2.038666041761956,33.595,79.496
1766334403.876675,587,102;103;104;200;201;202,62.211;68.445;67.591;68.318;67.149;81.381,0.18482933810915658,0.5614747365642208,0.6439408568215683,-0.024892241828485945,0.6499051821180022,0.9393980354275882,0.6610039072089388,1.8132601737077925,-1.1930519826010095,-0.836412431083749,0.6824503151975252,2.027234304996432,33.266,79.128
1766334403.945540,588,102;103;104;105;200;201;202,64.142;67.857;69.285;41.192;68.523;66.318;81.804,0.18322812561883545,0.56790258197038,0.6436986057851912,-0.021627175689718715,0.6592617346880172,0.934719990570076,0.6581181620545338,1.807687674561055,-1.197734247897867,-0.8409641681902275,0.6774744210635039,2.028699701411162,33.582,79.494
1766334404.008400,589,102;103;104;200;201;202,63.953;68.307;69.361;67.775;66.435;81.102,0.19159394531701587,0.5105631753261022,0.6707618764342631,-0.0420533377850911,0.619804855140575,0.9195912872405031,0.6633525572881024,1.8735448827352046,-1.1697634328322983,-0.8022254833054305,0.6511630828307486,2.048522233438451,30.645,76.054
1766334404.076218,590,102;103;104;200;201;202,63.477;66.917;69.093;67.858;65.681;81.298,0.19380288860949715,0.5150553700350966,0.6594965700523845,-0.04345608919774714,0.6106529402087258,0.9385329360358249,0.6700617139870569,1.862423915420914,-1.166052441126467,-0.8071611643153209,0.674586314776752,2.0369128191523656,30.945,76.383
1766334404.140353,591,102;103;104;200;201;202,62.383;68.446;68.742;68.136;66.295;80.536,0.1954761571081338,0.5204154947009489,0.6510013398106752,-0.043651559673604685,0.6033080654788759,0.9539768825216945,0.6738771709501903,1.8523896197811853,-1.1642486715306084,-0.8108533071343716,0.693949636852299,2.027340841917216,31.275,76.739
1766334404.208230,592,102;103;104;200;201;202,62.829;67.180;68.821;67.256;66.128;80.454,0.19684991416258238,0.5236229723485489,0.6435780967692598,-0.044652520279460935,0.5973679595962489,0.9664468591989769,0.6781226736268513,1.8448378218337649,-1.1619950321742594,-0.8139766943741366,0.709443987582075,2.0193071596030903,31.484,76.971
1766335694.318175,0,102;103;104;105;200;201;202,60.330;70.552;68.659;42.605;69.097;65.807;80.667,0.29428007218414476,-1.3136437753255994,-0.11904164730577016,-1.3975858914309212,0.5278646052559763,0.5699424712684205,-2.027296293064507,-2.1290312768156023,-0.7958513503071205,-0.7933927343920621,1.1182323794484723,2.4774961716386423,77.076,30.778
1766335694.463405,1,102;103;104;200;201;202,36.745;44.492;46.769;41.377;36.677;40.383,0.3015193727565635,-1.2444918978876929,-0.0952126755220209,-1.3696661523173284,0.5124285598157683,0.6026191471163929,-2.0471150104240423,-2.200259983094448,-0.7334909895351791,-0.8004020362206148,1.1332743853748464,2.422090620046196,73.334,27.567
1766335694.629651,2,102;103;104;200;201;202,36.745;44.492;46.769;41.377;36.677;40.383,0.3015193727565635,-1.2444918978876929,-0.0952126755220209,-1.3696661523173284,0.5124285598157683,0.6026191471163929,-2.0471150104240423,-2.200259983094448,-0.7334909895351791,-0.8004020362206148,1.1332743853748464,2.422090620046196,73.334,27.567
1766335694.726097,3,102;103;104;200;201;202,36.745;44.492;46.769;41.377;36.677;40.383,0.3015193727565635,-1.2444918978876929,-0.0952126755220209,-1.3696661523173284,0.5124285598157683,0.6026191471163929,-2.0471150104240423,-2.200259983094448,-0.7334909895351791,-0.8004020362206148,1.1332743853748464,2.422090620046196,73.334,27.567
1766335694.812817,4,102;103;104;200;201;202,36.745;44.492;46.769;41.377;36.677;40.383,0.3015193727565635,-1.2444918978876929,-0.0952126755220209,-1.3696661523173284,0.5124285598157683,0.6026191471163929,-2.0471150104240423,-2.200259983094448,-0.7334909895351791,-0.8004020362206148,1.1332743853748464,2.422090620046196,73.334,27.567
1766335694.970698,5,102;103;104;200;201;202,36.745;44.492;46.769;41.377;36.677;40.383,0.3015193727565635,-1.2444918978876929,-0.0952126755220209,-1.3696661523173284,0.5124285598157683,0.6026191471163929,-2.0471150104240423,-2.200259983094448,-0.7334909895351791,-0.8004020362206148,1.1332743853748464,2.422090620046196,73.334,27.567
1766335695.038793,6,102;103;104;200;201;202,36.745;44.492;46.769;41.377;36.677;40.383,0.3015193727565635,-1.2444918978876929,-0.0952126755220209,-1.3696661523173284,0.5124285598157683,0.6026191471163929,-2.0471150104240423,-2.200259983094448,-0.7334909895351791,-0.8004020362206148,1.1332743853748464,2.422090620046196,73.334,27.567
1766335695.105373,7,102;103;104;200;201;202,36.745;44.492;46.769;41.377;36.677;40.383,0.3015193727565635,-1.2444918978876929,-0.0952126755220209,-1.3696661523173284,0.5124285598157683,0.6026191471163929,-2.0471150104240423,-2.200259983094448,-0.7334909895351791,-0.8004020362206148,1.1332743853748464,2.422090620046196,73.334,27.567
1766335695.173283,8,102;103;104;200;201;202,36.745;44.492;46.769;41.377;36.677;40.383,0.3015193727565635,-1.2444918978876929,-0.0952126755220209,-1.3696661523173284,0.5124285598157683,0.6026191471163929,-2.0471150104240423,-2.200259983094448,-0.7334909895351791,-0.8004020362206148,1.1332743853748464,2.422090620046196,73.334,27.567
1766335695.239377,9,102;103;104;200;201;202,36.745;44.492;46.769;41.377;36.677;40.383,0.3015193727565635,-1.2444918978876929,-0.0952126755220209,-1.3696661523173284,0.5124285598157683,0.6026191471163929,-2.0471150104240423,-2.200259983094448,-0.7334909895351791,-0.8004020362206148,1.1332743853748464,2.422090620046196,73.334,27.567
1766335695.299456,10,102;103;104;200;201;202,36.745;44.492;46.769;41.377;36.677;40.383,0.3015193727565635,-1.2444918978876929,-0.0952126755220209,-1.3696661523173284,0.5124285598157683,0.6026191471163929,-2.0471150104240423,-2.200259983094448,-0.7334909895351791,-0.8004020362206148,1.1332743853748464,2.422090620046196,73.334,27.567
1766335695.361209,11,102;103;104;105;200;201;202,59.606;69.548;69.179;44.962;67.516;66.734;79.880,0.3033949565668418,-1.143797058486927,-0.04879365691537166,-1.2983330469307635,0.5005257308226901,0.6615025354508478,2.0429189067955145,2.2867375598741484,0.6172506971024351,-0.8192044842359805,1.1127946468981869,2.350623650725797,67.793,22.776
1766335695.425397,12,102;103;104;105;200;201;202,59.606;69.548;69.179;44.962;67.516;66.734;79.880,0.3033949565668418,-1.143797058486927,-0.04879365691537166,-1.2983330469307635,0.5005257308226901,0.6615025354508478,2.0429189067955145,2.2867375598741484,0.6172506971024351,-0.8192044842359805,1.1127946468981869,2.350623650725797,67.793,22.776
1766335695.489598,13,102;103;104;105;200;201;202,59.606;69.548;69.179;44.962;67.516;66.734;79.880,0.3033949565668418,-1.143797058486927,-0.04879365691537166,-1.2983330469307635,0.5005257308226901,0.6615025354508478,2.0429189067955145,2.2867375598741484,0.6172506971024351,-0.8192044842359805,1.1127946468981869,2.350623650725797,67.793,22.776
1766335695.554060,14,102;103;104;105;200;201;202,59.606;69.548;69.179;44.962;67.516;66.734;79.880,0.3033949565668418,-1.143797058486927,-0.04879365691537166,-1.2983330469307635,0.5005257308226901,0.6615025354508478,2.0429189067955145,2.2867375598741484,0.6172506971024351,-0.8192044842359805,1.1127946468981869,2.350623650725797,67.793,22.776
1766335695.619148,15,102;103;104;105;200;201;202,59.606;69.548;69.179;44.962;67.516;66.734;79.880,0.3033949565668418,-1.143797058486927,-0.04879365691537166,-1.2983330469307635,0.5005257308226901,0.6615025354508478,2.0429189067955145,2.2867375598741484,0.6172506971024351,-0.8192044842359805,1.1127946468981869,2.350623650725797,67.793,22.776
1766335695.685140,16,102;103;104;105;200;201;202,59.606;69.548;69.179;44.962;67.516;66.734;79.880,0.3033949565668418,-1.143797058486927,-0.04879365691537166,-1.2983330469307635,0.5005257308226901,0.6615025354508478,2.0429189067955145,2.2867375598741484,0.6172506971024351,-0.8192044842359805,1.1127946468981869,2.350623650725797,67.793,22.776
1766335695.751694,17,102;103;104;105;200;201;202,59.606;69.548;69.179;44.962;67.516;66.734;79.880,0.3033949565668418,-1.143797058486927,-0.04879365691537166,-1.2983330469307635,0.5005257308226901,0.6615025354508478,2.0429189067955145,2.2867375598741484,0.6172506971024351,-0.8192044842359805,1.1127946468981869,2.350623650725797,67.793,22.776
1766335695.818719,18,102;103;104;105;200;201;202,59.606;69.548;69.179;44.962;67.516;66.734;79.880,0.3033949565668418,-1.143797058486927,-0.04879365691537166,-1.2983330469307635,0.5005257308226901,0.6615025354508478,2.0429189067955145,2.2867375598741484,0.6172506971024351,-0.8192044842359805,1.1127946468981869,2.350623650725797,67.793,22.776
1766335695.884341,19,102;103;104;105;200;201;202,59.606;69.548;69.179;44.962;67.516;66.734;79.880,0.3033949565668418,-1.143797058486927,-0.04879365691537166,-1.2983330469307635,0.5005257308226901,0.6615025354508478,2.0429189067955145,2.2867375598741484,0.6172506971024351,-0.8192044842359805,1.1127946468981869,2.350623650725797,67.793,22.776
1766335695.955306,20,102;103;104;105;200;201;202,59.606;69.548;69.179;44.962;67.516;66.734;79.880,0.3033949565668418,-1.143797058486927,-0.04879365691537166,-1.2983330469307635,0.5005257308226901,0.6615025354508478,2.0429189067955145,2.2867375598741484,0.6172506971024351,-0.8192044842359805,1.1127946468981869,2.350623650725797,67.793,22.776
1766335696.053668,21,102;103;104;105;200;201;202,60.694;70.232;69.215;43.898;67.506;66.549;80.509,0.30364043193299106,-1.06726965367564,-0.015276253223324154,-1.2417772493304426,0.4980108524330482,0.6957184577227663,1.9910414138551045,2.2946075924454936,0.5141065017090894,-0.8333082624901729,1.095115280217583,2.292327453444529,63.576,19.516
1766335696.117276,22,102;103;104;105;200;201;202,58.894;69.746;69.145;45.000;66.748;65.932;80.280,0.3030409234746099,-1.0084750064842316,0.00938010224890859,-1.198083034329525,0.5001970848355709,0.7148659998011034,1.9512463234752377,2.297313024832754,0.4362810723012357,-0.844234869775758,1.0805187148989108,2.2444030325954416,60.333,17.361
1766335696.193927,23,102;103;104;105;200;201;202,60.016;71.050;69.198;41.159;66.990;66.634;81.151,0.30228302496606574,-0.9637546448270361,0.027414439124358286,-1.1651228370200348,0.5038069870061825,0.7247732728966164,1.9209777795444993,2.2973854735404657,0.37808276825323467,-0.852289010919842,1.0687941232878932,2.205625764699895,57.869,16.019
1766335696.246427,24,102;103;104;105;200;201;202,59.938;70.033;68.707;43.615;68.034;67.077;80.406,0.30105706452296316,-0.9266620807863937,0.04144224995027829,-1.1381461469961287,0.5081849179594989,0.7310824138138381,1.8966262353607108,2.295732672587748,0.3302911942032732,-0.858615123606765,1.0588820334141735,2.1731749974421333,55.821,15.147
1766335696.314762,25,102;103;104;105;200;201;202,59.938;70.033;68.707;43.615;68.034;67.077;80.406,0.30105706452296316,-0.9266620807863937,0.04144224995027829,-1.1381461469961287,0.5081849179594989,0.7310824138138381,1.8966262353607108,2.295732672587748,0.3302911942032732,-0.858615123606765,1.0588820334141735,2.1731749974421333,55.821,15.147
1766335696.380007,26,102;103;104;105;200;201;202,59.938;70.033;68.707;43.615;68.034;67.077;80.406,0.30105706452296316,-0.9266620807863937,0.04144224995027829,-1.1381461469961287,0.5081849179594989,0.7310824138138381,1.8966262353607108,2.295732672587748,0.3302911942032732,-0.858615123606765,1.0588820334141735,2.1731749974421333,55.821,15.147
1766335696.446526,27,102;103;104;105;200;201;202,59.938;70.033;68.707;43.615;68.034;67.077;80.406,0.30105706452296316,-0.9266620807863937,0.04144224995027829,-1.1381461469961287,0.5081849179594989,0.7310824138138381,1.8966262353607108,2.295732672587748,0.3302911942032732,-0.858615123606765,1.0588820334141735,2.1731749974421333,55.821,15.147
1766335696.510864,28,102;103;104;105;200;201;202,59.938;70.033;68.707;43.615;68.034;67.077;80.406,0.30105706452296316,-0.9266620807863937,0.04144224995027829,-1.1381461469961287,0.5081849179594989,0.7310824138138381,1.8966262353607108,2.295732672587748,0.3302911942032732,-0.858615123606765,1.0588820334141735,2.1731749974421333,55.821,15.147
1766335696.581628,29,102;103;104;105;200;201;202,59.938;70.033;68.707;43.615;68.034;67.077;80.406,0.30105706452296316,-0.9266620807863937,0.04144224995027829,-1.1381461469961287,0.5081849179594989,0.7310824138138381,1.8966262353607108,2.295732672587748,0.3302911942032732,-0.858615123606765,1.0588820334141735,2.1731749974421333,55.821,15.147
1766335696.643525,30,102;103;104;105;200;201;202,59.938;70.033;68.707;43.615;68.034;67.077;80.406,0.30105706452296316,-0.9266620807863937,0.04144224995027829,-1.1381461469961287,0.5081849179594989,0.7310824138138381,1.8966262353607108,2.295732672587748,0.3302911942032732,-0.858615123606765,1.0588820334141735,2.1731749974421333,55.821,15.147
1766335696.712219,31,102;103;104;105;200;201;202,59.938;70.033;68.707;43.615;68.034;67.077;80.406,0.30105706452296316,-0.9266620807863937,0.04144224995027829,-1.1381461469961287,0.5081849179594989,0.7310824138138381,1.8966262353607108,2.295732672587748,0.3302911942032732,-0.858615123606765,1.0588820334141735,2.1731749974421333,55.821,15.147
1766335696.778942,32,102;103;104;105;200;201;202,59.938;70.033;68.707;43.615;68.034;67.077;80.406,0.30105706452296316,-0.9266620807863937,0.04144224995027829,-1.1381461469961287,0.5081849179594989,0.7310824138138381,1.8966262353607108,2.295732672587748,0.3302911942032732,-0.858615123606765,1.0588820334141735,2.1731749974421333,55.821,15.147
1766335696.844779,33,102;103;104;105;200;201;202,59.938;70.033;68.707;43.615;68.034;67.077;80.406,0.30105706452296316,-0.9266620807863937,0.04144224995027829,-1.1381461469961287,0.5081849179594989,0.7310824138138381,1.8966262353607108,2.295732672587748,0.3302911942032732,-0.858615123606765,1.0588820334141735,2.1731749974421333,55.821,15.147
1766335696.909658,34,102;103;104;105;200;201;202,58.936;69.949;68.860;43.544;67.122;66.512;80.470,0.29331951063103606,-0.7404928448063137,0.12528365868325184,-0.9851810088529875,0.4931434095727221,0.8439235305314693,1.7580578871684944,2.2915717738557593,0.09204518468713295,-0.8745716502895154,0.9854832049974487,2.127153018557732,45.603,14.883
1766335696.976304,35,102;103;104;105;200;201;202,58.936;69.949;68.860;43.544;67.122;66.512;80.470,0.29331951063103606,-0.7404928448063137,0.12528365868325184,-0.9851810088529875,0.4931434095727221,0.8439235305314693,1.7580578871684944,2.2915717738557593,0.09204518468713295,-0.8745716502895154,0.9854832049974487,2.127153018557732,45.603,14.883
1766335697.043051,36,102;103;104;105;200;201;202,62.033;70.335;69.010;42.926;66.441;66.356;80.236,0.3315907922248018,-0.6519879622638336,0.13970597955665656,-0.9002582076408288,0.46473332613028034,0.8427533104486801,1.6740547437395055,2.2535449684988142,0.03401395458602309,-0.8672599250957156,0.9360325218505642,2.03989627208283,41.874,19.192
1766335697.110022,37,102;103;104;105;200;201;202,62.033;70.335;69.010;42.926;66.441;66.356;80.236,0.3315907922248018,-0.6519879622638336,0.13970597955665656,-0.9002582076408288,0.46473332613028034,0.8427533104486801,1.6740547437395055,2.2535449684988142,0.03401395458602309,-0.8672599250957156,0.9360325218505642,2.03989627208283,41.874,19.192
1766335697.176430,38,102;103;104;105;200;201;202,62.033;70.335;69.010;42.926;66.441;66.356;80.236,0.3315907922248018,-0.6519879622638336,0.13970597955665656,-0.9002582076408288,0.46473332613028034,0.8427533104486801,1.6740547437395055,2.2535449684988142,0.03401395458602309,-0.8672599250957156,0.9360325218505642,2.03989627208283,41.874,19.192
1766335697.241961,39,102;103;104;105;200;201;202,62.033;70.335;69.010;42.926;66.441;66.356;80.236,0.3315907922248018,-0.6519879622638336,0.13970597955665656,-0.9002582076408288,0.46473332613028034,0.8427533104486801,1.6740547437395055,2.2535449684988142,0.03401395458602309,-0.8672599250957156,0.9360325218505642,2.03989627208283,41.874,19.192
1766335697.307512,40,102;103;104;105;200;201;202,62.033;70.335;69.010;42.926;66.441;66.356;80.236,0.3315907922248018,-0.6519879622638336,0.13970597955665656,-0.9002582076408288,0.46473332613028034,0.8427533104486801,1.6740547437395055,2.2535449684988142,0.03401395458602309,-0.8672599250957156,0.9360325218505642,2.03989627208283,41.874,19.192
1766335697.373107,41,102;103;104;105;200;201;202,62.033;70.335;69.010;42.926;66.441;66.356;80.236,0.3315907922248018,-0.6519879622638336,0.13970597955665656,-0.9002582076408288,0.46473332613028034,0.8427533104486801,1.6740547437395055,2.2535449684988142,0.03401395458602309,-0.8672599250957156,0.9360325218505642,2.03989627208283,41.874,19.192
1766335697.440679,42,102;103;104;105;200;201;202,62.033;70.335;69.010;42.926;66.441;66.356;80.236,0.3315907922248018,-0.6519879622638336,0.13970597955665656,-0.9002582076408288,0.46473332613028034,0.8427533104486801,1.6740547437395055,2.2535449684988142,0.03401395458602309,-0.8672599250957156,0.9360325218505642,2.03989627208283,41.874,19.192
1766335697.505978,43,102;103;104;105;200;201;202,62.033;70.335;69.010;42.926;66.441;66.356;80.236,0.3315907922248018,-0.6519879622638336,0.13970597955665656,-0.9002582076408288,0.46473332613028034,0.8427533104486801,1.6740547437395055,2.2535449684988142,0.03401395458602309,-0.8672599250957156,0.9360325218505642,2.03989627208283,41.874,19.192
1766335697.572669,44,102;103;104;105;200;201;202,62.033;70.335;69.010;42.926;66.441;66.356;80.236,0.3315907922248018,-0.6519879622638336,0.13970597955665656,-0.9002582076408288,0.46473332613028034,0.8427533104486801,1.6740547437395055,2.2535449684988142,0.03401395458602309,-0.8672599250957156,0.9360325218505642,2.03989627208283,41.874,19.192
1766335697.639194,45,102;103;104;105;200;201;202,62.033;70.335;69.010;42.926;66.441;66.356;80.236,0.3315907922248018,-0.6519879622638336,0.13970597955665656,-0.9002582076408288,0.46473332613028034,0.8427533104486801,1.6740547437395055,2.2535449684988142,0.03401395458602309,-0.8672599250957156,0.9360325218505642,2.03989627208283,41.874,19.192
1766335697.703856,46,102;103;104;105;200;201;202,59.843;69.878;68.489;42.990;67.004;66.466;80.673,0.31519547246270896,-0.5292782623851345,0.19456206499503872,-0.7981368719452343,0.48139100259482304,0.8881803518217211,1.5850090741066771,2.2385454451332074,-0.120548741885985,-0.8796985095627871,0.8855078009970432,2.0200272935239205,35.238,23.238
1766335697.768800,47,102;103;104;105;200;201;202,59.843;69.878;68.489;42.990;67.004;66.466;80.673,0.31519547246270896,-0.5292782623851345,0.19456206499503872,-0.7981368719452343,0.48139100259482304,0.8881803518217211,1.5850090741066771,2.2385454451332074,-0.120548741885985,-0.8796985095627871,0.8855078009970432,2.0200272935239205,35.238,23.238
1766335697.835433,48,102;103;104;105;200;201;202,59.843;69.878;68.489;42.990;67.004;66.466;80.673,0.31519547246270896,-0.5292782623851345,0.19456206499503872,-0.7981368719452343,0.48139100259482304,0.8881803518217211,1.5850090741066771,2.2385454451332074,-0.120548741885985,-0.8796985095627871,0.8855078009970432,2.0200272935239205,35.238,23.238
1766335697.901841,49,102;103;104;105;200;201;202,59.843;69.878;68.489;42.990;67.004;66.466;80.673,0.31519547246270896,-0.5292782623851345,0.19456206499503872,-0.7981368719452343,0.48139100259482304,0.8881803518217211,1.5850090741066771,2.2385454451332074,-0.120548741885985,-0.8796985095627871,0.8855078009970432,2.0200272935239205,35.238,23.238
1766335697.972349,50,102;103;104;105;200;201;202,59.843;69.878;68.489;42.990;67.004;66.466;80.673,0.31519547246270896,-0.5292782623851345,0.19456206499503872,-0.7981368719452343,0.48139100259482304,0.8881803518217211,1.5850090741066771,2.2385454451332074,-0.120548741885985,-0.8796985095627871,0.8855078009970432,2.0200272935239205,35.238,23.238
1766335698.038352,51,102;103;104;105;200;201;202,59.843;69.878;68.489;42.990;67.004;66.466;80.673,0.31519547246270896,-0.5292782623851345,0.19456206499503872,-0.7981368719452343,0.48139100259482304,0.8881803518217211,1.5850090741066771,2.2385454451332074,-0.120548741885985,-0.8796985095627871,0.8855078009970432,2.0200272935239205,35.238,23.238
1766335698.106193,52,102;103;104;105;200;201;202,59.843;69.878;68.489;42.990;67.004;66.466;80.673,0.31519547246270896,-0.5292782623851345,0.19456206499503872,-0.7981368719452343,0.48139100259482304,0.8881803518217211,1.5850090741066771,2.2385454451332074,-0.120548741885985,-0.8796985095627871,0.8855078009970432,2.0200272935239205,35.238,23.238
1766335698.226738,53,102;103;104;105;200;201;202,59.843;69.878;68.489;42.990;67.004;66.466;80.673,0.31519547246270896,-0.5292782623851345,0.19456206499503872,-0.7981368719452343,0.48139100259482304,0.8881803518217211,1.5850090741066771,2.2385454451332074,-0.120548741885985,-0.8796985095627871,0.8855078009970432,2.0200272935239205,35.238,23.238
1766335698.295388,54,102;103;104;105;200;201;202,59.843;69.878;68.489;42.990;67.004;66.466;80.673,0.31519547246270896,-0.5292782623851345,0.19456206499503872,-0.7981368719452343,0.48139100259482304,0.8881803518217211,1.5850090741066771,2.2385454451332074,-0.120548741885985,-0.8796985095627871,0.8855078009970432,2.0200272935239205,35.238,23.238
1766335698.360721,55,102;103;104;105;200;201;202,59.843;69.878;68.489;42.990;67.004;66.466;80.673,0.31519547246270896,-0.5292782623851345,0.19456206499503872,-0.7981368719452343,0.48139100259482304,0.8881803518217211,1.5850090741066771,2.2385454451332074,-0.120548741885985,-0.8796985095627871,0.8855078009970432,2.0200272935239205,35.238,23.238
1766335698.426715,56,102;103;104;105;200;201;202,58.355;70.333;69.108;44.553;67.424;66.236;81.372,0.29986304295086735,-0.4346838628429045,0.23555566918501958,-0.7201138835628035,0.5021860153968957,0.9092619468235578,1.516379199355728,2.2212761410860757,-0.23767259302932017,-0.8882279819736393,0.8458329617374677,2.0042844130913497,30.185,27.213
1766335698.492281,57,102;103;104;105;200;201;202,58.978;70.192;68.053;44.043;68.573;66.861;81.088,0.28642062819132325,-0.3627473931417265,0.2649768596570136,-0.6629770266955768,0.5228740940435986,0.9158920158947582,1.465254875594287,2.2040260627770762,-0.3253765061972525,-0.8943021407132099,0.815618914114582,1.9902796177640085,26.403,30.554
1766335698.558954,58,102;103;104;105;200;201;202,61.642;70.288;68.979;42.564;68.059;66.839;80.595,0.27604508736472544,-0.30754585830571357,0.28664690938615567,-0.6208172416323834,0.5414502999489629,0.9152881219942216,1.4258282657023584,2.1884932595560107,-0.39097536318894893,-0.8996664537346378,0.7911926039264736,1.9777232046204425,23.596,33.259
1766335698.625423,59,102;103;104;105;200;201;202,59.820;69.985;69.383;44.224;67.961;66.341;81.168,0.26631072770524267,-0.2652814141652882,0.30287924287546863,-0.5899559611572835,0.5580787545473033,0.9104165651005582,1.396699931885151,2.175558762617862,-0.44198682039613246,-0.9036098677662192,0.7719097355025247,1.9671237805715769,21.454,35.376
1766335698.691120,60,102;103;104;105;200;201;202,60.910;70.516;69.006;43.311;67.935;66.683;80.349,0.2587695524575255,-0.23235852261217577,0.3150031118916887,-0.5671861427121526,0.571328619596251,0.9042862211757209,1.374074206342283,2.164518310820149,-0.48098346156382804,-0.9065949655847472,0.7566780448603236,1.9576316109017962,19.843,37.062
1766335698.758401,61,102;103;104;105;200;201;202,60.059;70.203;68.613;44.183;66.623;66.411;80.027,0.25204284981920033,-0.2069514187440527,0.32407454091646704,-0.5504973677096815,0.5840569588981452,0.8974853531475184,1.3573078010492774,2.1555042281043146,-0.5115619990621955,-0.9101983991118592,0.7440573486520783,1.9495510344286109,18.603,38.375
1766335698.823669,62,102;103;104;105;200;201;202,60.109;70.677;68.601;45.047;68.780;66.147;81.226,0.24684834095432853,-0.18927228286451506,0.3298651333757457,-0.5390577959214685,0.5935942120660835,0.8909055997707908,1.3463539894636762,2.1486497585642397,-0.5329864164434789,-0.9124602628445213,0.7346365323215712,1.9429677973153818,17.741,39.299
1766335698.889782,63,102;103;104;105;200;201;202,62.141;70.517;68.331;43.238;68.574;67.086;81.351,0.24265448985122423,-0.1755064116968269,0.3341592527981153,-0.5308807995739642,0.6006652935756029,0.884202979020641,1.3380540900865572,2.1430478801319146,-0.5496450983460786,-0.9136478792648008,0.7271718063703455,1.9364499985704013,17.078,40.023
1766335698.956620,64,102;103;104;105;200;201;202,61.149;69.946;68.315;43.734;67.574;67.389;80.523,0.23930245890648147,-0.16362182127950753,0.3381278571275821,-0.5245582948081103,0.6070285207368449,0.8791799288300659,1.3304226316143142,2.138368986350559,-0.563807915896817,-0.9155951470220327,0.7211402273080247,1.9311984959268844,16.530,40.651
1766335699.058169,65,102;103;104;105;200;201;202,60.864;70.332;68.531;44.285;67.707;66.640;80.654,0.236663602776106,-0.15531344173298675,0.3408023962979485,-0.5201163556655474,0.6124086839287033,0.8741178944556778,1.3253593772355259,2.1349912716406365,-0.573927844114313,-0.917213555369333,0.7158003044818284,1.926656639226593,16.140,41.091
1766335699.123051,66,102;103;104;105;200;201;202,60.601;69.761;68.162;42.238;67.987;66.777;80.627,0.23529694656804673,-0.14862272311794314,0.3429769828634059,-0.5170069027114885,0.6167994728544594,0.8705430127164874,1.3207146641167695,2.1322399987467473,-0.5813165375589114,-0.9193805555786478,0.711482493638337,1.922790512333715,15.867,41.449
1766335699.191182,67,102;103;104;105;200;201;202,59.829;70.362;68.061;42.271;67.644;66.133;80.708,0.28229785602210283,-0.19216572918634686,0.3005202230861403,-0.551990280836874,0.5762433136518941,0.8383328078519022,1.3479555381067525,2.1231023213320745,-0.48413841882513153,-0.9050895633185615,0.7118634641721987,1.8615460639465313,19.492,39.597
1766335699.252704,68,102;103;104;105;200;201;202,59.714;70.607;68.527;41.930;67.522;66.450;81.589,0.27101890010026225,-0.17686709233635592,0.3107240593087786,-0.5409468378630704,0.588077634358288,0.843516395316561,1.3389735024458604,2.122182329832085,-0.5112813109136302,-0.9097157224761905,0.7084093089864029,1.8717411053075814,18.467,40.283
1766335699.318944,69,102;103;104;105;200;201;202,59.575;69.878;68.929;45.552;67.509;66.256;81.148,0.26312476839379445,-0.1640260925587209,0.3193182550088258,-0.5318361926247489,0.5980289768248286,0.8475059969582686,1.3301637061776794,2.121223346907651,-0.5324850444296733,-0.9144388859921095,0.7045212103096565,1.8794205634940921,17.689,40.884
1766335699.387040,70,102;103;104;105;200;201;202,59.409;70.331;68.880;43.588;68.217;67.230;79.744,0.25537446536091796,-0.15484052128553055,0.32550980791378453,-0.5255557640172094,0.6057873941669759,0.849733276802851,1.3252522324790017,2.1205987011693073,-0.5497051991508021,-0.9168735641520488,0.7029007786514047,1.8856043165276488,17.035,41.309
1766335699.451215,71,102;103;104;105;200;201;202,59.641;69.843;68.262;44.343;66.823;66.447;80.180,0.24958192463370954,-0.14803512585394227,0.33031989695673797,-0.5207409516764575,0.6124012709052095,0.8504865718012471,1.3214126394207395,2.1202857328629374,-0.5625899517744668,-0.9191451244309792,0.7006626461847247,1.8899168726606814,16.550,41.628
1766335699.517327,72,102;103;104;105;200;201;202,60.683;69.710;68.222;43.660;68.578;67.076;80.798,0.24451980868713102,-0.14214765107030067,0.3338681084952669,-0.5167655797713958,0.617038057602651,0.8511987178676356,1.318633088936216,2.1194544799044346,-0.573531890819907,-0.9200273410715601,0.6998102827602408,1.8932588576943714,16.130,41.912
1766335699.583724,73,102;103;104;105;200;201;202,59.001;69.715;69.023;44.236;68.318;66.614;80.731,0.23983654941602273,-0.1372483124911569,0.33681260525673057,-0.5132788415742577,0.6207833336320108,0.851611125352366,1.316638137404888,2.1187521020658404,-0.5830922797473496,-0.9202243326922496,0.699309565550795,1.896296816069376,15.757,42.148
1766335699.649624,74,102;103;104;105;200;201;202,60.406;69.767;68.616;44.415;66.639;66.200;80.408,0.2362726705112805,-0.13552963393109282,0.3386799631832821,-0.5120185791693816,0.6247343667972074,0.8509665911319644,1.3165498889909797,2.1192931391449408,-0.5886769411147718,-0.9213677205646683,0.698442494635994,1.898461380505576,15.531,42.220
1766335699.716288,75,102;103;104;105;200;201;202,59.668;69.543;68.354;43.011;67.918;66.445;80.152,0.23498384950350037,-0.13294910515357383,0.3407796209298915,-0.5109171433338653,0.6272833700319389,0.8515004259910834,1.3141790830911917,2.1193396296857685,-0.5927680472662834,-0.9231919786978691,0.6974299435187548,1.8995943030991589,15.394,42.347
1766335699.783253,76,102;103;104;105;200;201;202,58.885;70.658;69.233;43.352;67.670;66.629;80.006,0.23249392227212695,-0.13085314547397706,0.34212272733204663,-0.5098271996676016,0.6295666894901866,0.8512627274320742,1.3135780789954727,2.1191127637733445,-0.5973695359378806,-0.9236202917760103,0.6972691580032508,1.900701449224163,15.211,42.448
1766335699.845434,77,102;103;104;105;200;201;202,59.936;69.925;68.698;43.798;67.909;66.506;80.578,0.23017109811838968,-0.12982372243736282,0.3427025168993093,-0.5088566399291121,0.6312504029888527,0.850669758767866,1.3141203198628362,2.1189688760702885,-0.6006847741831461,-0.9233344277103536,0.6972444882956828,1.9017476014664576,15.066,42.495
1766335699.922882,78,102;103;104;105;200;201;202,59.357;70.024;68.538;43.931;67.841;66.877;79.579,0.22845420421963297,-0.12849283226422942,0.34369403170140367,-0.5083576369759498,0.6330875398529446,0.8507619470985898,1.313707501593218,2.1189443908712944,-0.603796906453883,-0.9240150590449896,0.697285201145455,1.9026913026089118,14.943,42.559
1766335699.980097,79,102;103;104;105;200;201;202,59.895;70.577;68.977;43.449;66.389;66.555;80.284,0.22754307042756863,-0.12853208213131054,0.34432733968242196,-0.5088454229719918,0.6349201005228174,0.8498323703723454,1.3138090717652202,2.119549247930067,-0.6049234443486654,-0.925144485937008,0.696536977246708,1.902696675246958,14.899,42.550
1766335700.047940,80,102;103;104;105;200;201;202,59.109;69.160;68.943;42.298;67.868;66.666;79.964,0.22654123976826418,-0.1274294848240414,0.34511187891845513,-0.508270159568593,0.6355760248133592,0.8497935350960798,1.313203808459018,2.1194809124460186,-0.6070709650748766,-0.9251101999877347,0.6964610805809247,1.9032035583144915,14.818,42.604
1766335700.115470,81,102;103;104;105;200;201;202,61.225;69.706;69.092;43.618;67.656;66.666;80.751,0.225707777464605,-0.12613622320401593,0.345454004261603,-0.5072260589209432,0.6361089523887802,0.8496462526597214,1.3127628621535794,2.1188897388444823,-0.6090185033548732,-0.9248235207846984,0.6962605137366575,1.9034354510070952,14.740,42.673
1766335700.183344,82,102;103;104;105;200;201;202,60.487;69.918;69.103;44.049;67.826;66.485;79.912,0.22447682039347955,-0.1259500901253977,0.34544601475687386,-0.5069455241256654,0.6373181136096352,0.8492621693867581,1.3135244932704926,2.1187914570792636,-0.6103755862216367,-0.9249358703240117,0.6963154081476459,1.9039158902694044,14.674,42.680
1766335700.305210,83,102;103;104;105;200;201;202,61.515;70.576;69.370;44.886;66.231;67.077;80.328,0.2243231160362856,-0.12548087733533547,0.3462627372765563,-0.5068710079973907,0.6377326139496285,0.8495161149278512,1.3126510721766245,2.1191688841771654,-0.6112138869271911,-0.9254302859604443,0.6960141193602091,1.9043777597335763,14.653,42.701
1766335700.371104,84,102;103;104;105;200;201;202,59.770;70.875;68.696;45.358;65.959;66.010;80.731,0.22346524618730493,-0.1258606080185685,0.3464041693627725,-0.5071283858429628,0.6390649327206588,0.8489828448882154,1.3133367435676215,2.1195870984527434,-0.6118314632444719,-0.9260301908519228,0.6957379518075658,1.9047501484931206,14.621,42.677
1766335700.437402,85,102;103;104;105;200;201;202,58.701;70.664;69.595;44.750;65.612;66.252;80.249,0.22357287998181194,-0.12617104701261744,0.34673232293617184,-0.5081219267762067,0.6403086560160872,0.8488191598442435,1.313146223529516,2.1200861472926147,-0.6116208186651223,-0.9275745382965815,0.69539183218269,1.904455610751811,14.635,42.657
1766335700.519540,86,102;103;104;105;200;201;202,59.200;71.081;69.192;43.808;67.341;66.550;80.236,0.22303941659064783,-0.12662858448018502,0.34656665216096455,-0.5084034459143962,0.6401277199375448,0.8489305312071497,1.3139195412664688,2.1202841036538467,-0.6117341629935907,-0.927109428143812,0.6960911996649468,1.9048726024322642,14.621,42.631
1766335700.570238,87,102;103;104;105;200;201;202,61.897;70.340;68.861;43.111;67.549;66.857;79.887,0.22312035387743442,-0.12615885280050415,0.34692406625267513,-0.5087463121633562,0.6397768932732582,0.8492469033907918,1.3132860850203552,2.1202574465054513,-0.6121555752446998,-0.9271481381870365,0.6965181245618502,1.904641987240169,14.612,42.656
1766335700.635499,88,102;103;104;105;200;201;202,61.065;71.049;68.460;42.031;67.478;66.742;80.090,0.22419202028814755,-0.12683024493061876,0.3465585002102779,-0.5094844066873301,0.6384856100965783,0.8497382201803487,1.3132355661905,2.1203823435621905,-0.6104357881469862,-0.9269307645486786,0.6970671930492566,1.9041696218301951,14.684,42.623
1766335700.701040,89,102;103;104;105;200;201;202,58.316;70.374;67.539;43.162;67.051;67.289;80.731,0.2236790385700483,-0.12722927289751584,0.346889449487924,-0.5097553098281348,0.6383563259604633,0.8499244690222709,1.3135247168760296,2.120966604470285,-0.6107733239266,-0.9266319167609203,0.6974858122779336,1.9048933900608556,14.670,42.597
1766335700.767335,90,102;103;104;105;200;201;202,61.715;70.754;69.128;42.390;66.210;66.470;80.341,0.22382034134793022,-0.12672846503233998,0.34757394083334914,-0.5096820708651806,0.6388714209642375,0.8498952798247164,1.312543833080812,2.121197967188533,-0.6112904371736437,-0.927329746699358,0.6968282781782326,1.9049002860075097,14.662,42.621
1766335700.834502,91,102;103;104;105;200;201;202,61.904;70.377;69.489;42.206;66.587;67.019;80.358,0.2236589756075397,-0.12688192386821984,0.3474095678254411,-0.5098960390240715,0.6391173626433906,0.8495593982014009,1.3128867826958248,2.1211700692839996,-0.6112672246041628,-0.9274031810375161,0.6968274313113997,1.9046372280006243,14.659,42.613
1766335700.901181,92,102;103;104;105;200;201;202,60.107;69.782;68.589;43.009;68.563;66.416;79.735,0.22255791969204894,-0.12752030455737035,0.34653287588491627,-0.51005724299383,0.6393196509927249,0.8489443821382644,1.3147830648066636,2.1209011272262965,-0.6115185065047809,-0.9265599310189054,0.6976329903176084,1.9046433533183849,14.623,42.580
1766335700.966020,93,102;103;104;105;200;201;202,60.754;69.604;69.292;44.586;67.275;66.874;81.067,0.22210008878904713,-0.12704652464106125,0.3467166141866782,-0.5090584543592127,0.6391202724773344,0.8487058699248573,1.3146759032473032,2.1207391867162815,-0.6124069236468693,-0.92574422545459,0.6972846021889909,1.905085965282006,14.586,42.604
1766335701.031574,94,102;103;104;105;200;201;202,59.205;69.876;68.793;42.463;67.282;66.831;80.876,0.22176364086775813,-0.12686351925244033,0.346577589407135,-0.5089129860041568,0.6392796067733268,0.8489190062379166,1.314930653804476,2.1205005102702583,-0.6128235445661582,-0.9256547630536214,0.6976507749012495,1.9052963527996252,14.565,42.615
1766335701.100812,95,102;103;104;105;200;201;202,60.367;70.636;68.566;44.117;67.381;65.628;80.599,0.22214939817211046,-0.12704990121484974,0.34644033916417755,-0.509123718190193,0.6397455490389508,0.8490982282355685,1.3148866687006002,2.1205016703624864,-0.6122441282815032,-0.9264054715787231,0.6974487922047391,1.9051964126294756,14.589,42.606
1766335701.164977,96,102;103;104;105;200;201;202,58.703;69.384;69.319;44.833;68.877;65.104;81.301,0.22174136481009932,-0.1252666405117478,0.346776075508738,-0.5075283758957181,0.6397355891623514,0.8498214145785264,1.3138789777788027,2.1195425002579427,-0.6141408907838586,-0.9259517585911872,0.6974998071970738,1.9057817183495487,14.519,42.704
1766335701.232212,97,102;103;104;105;200;201;202,58.422;70.418;69.193;43.784;67.450;67.261;81.591,0.22167706627928077,-0.12532988835318237,0.34710648468798677,-0.507864506170109,0.640009304636343,0.8495685121980708,1.3136681987965384,2.119874203262634,-0.6142896696543151,-0.9262731409259074,0.6972721363505026,1.9056743120150694,14.517,42.698
1766335701.296447,98,102;103;104;105;200;201;202,59.700;70.194;69.117;42.359;68.304;66.633;80.691,0.2215509627874526,-0.12577436996277996,0.34691195995809276,-0.5083108193691024,0.6398846376730775,0.8493257822704934,1.3141758094498346,2.120025012266153,-0.6139980316861589,-0.9261042049382768,0.6975419609675776,1.905488701603922,14.523,42.674
1766335701.365401,99,102;103;104;105;200;201;202,60.491;70.228;68.967;45.081;68.047;66.757;80.403,0.2211691512073266,-0.12583568864557948,0.34700938046178237,-0.5080311757542859,0.6399724852497395,0.8489274249544277,1.3143903704468045,2.1201644650103377,-0.6143689656445018,-0.9257530024882303,0.6972801766480644,1.905693521557711,14.506,42.669
1766335701.430734,100,102;103;104;105;200;201;202,58.842;70.150;68.096;41.784;67.223;66.661;80.914,0.22105610599493355,-0.12589132026044117,0.3470584975411175,-0.5082518290316071,0.6394671579020575,0.8491680267491344,1.314456988691401,2.120249757352039,-0.614458454383218,-0.9253555016750514,0.6978250935748872,1.9058101215191559,14.502,42.665
1766335701.497308,101,102;103;104;105;200;201;202,58.999;69.677;68.817;43.864;67.621;67.121;80.674,0.22093554465530135,-0.12546709817792873,0.3473122462288897,-0.5081157188767413,0.6397551289972879,0.8492896475576137,1.3140803506744254,2.120172101376853,-0.6150029903316727,-0.9256017060369403,0.6977551454539281,1.9058895779555463,14.484,42.687
1766335701.569597,102,102;103;104;105;200;201;202,60.232;70.439;69.095;45.135;66.475;66.568;79.929,0.2206538803783782,-0.1249050533577939,0.34713907328444793,-0.5077963976545011,0.6408337873088205,0.8486095116290392,1.3141148274571792,2.1196336817848667,-0.6156397986598923,-0.926153496432859,0.6971459979736527,1.9052882879067625,14.454,42.719
1766335701.630510,103,102;103;104;105;200;201;202,59.341;70.608;68.485;42.426;67.546;66.766;81.857,0.22122569752196114,-0.12553250746033529,0.3472711296790057,-0.5083693393972911,0.6408093302783033,0.8483350559129692,1.313950965583576,2.120173825424772,-0.6146491327921433,-0.9266151847556555,0.696659931212533,1.904988082266787,14.500,42.684
1766335701.697601,104,102;103;104;105;200;201;202,60.354;70.954;68.342;42.932;67.260;65.715;80.735,0.22210973753649849,-0.12637475578842164,0.34730516395618544,-0.5089851472899396,0.6413387171327165,0.8486195608633014,1.3137755751003963,2.1207712152653038,-0.6131459943009966,-0.9278862587801222,0.6960929760947647,1.9050707507375229,14.568,42.639
1766335701.762357,105,102;103;104;105;200;201;202,59.074;70.285;69.254;40.850;67.369;67.145;80.950,0.22262451239369122,-0.12732750616536304,0.34713265424220796,-0.5099375524004912,0.6407310512566856,0.848520991816812,1.3141007873127784,2.12127997714927,-0.6118411041087465,-0.9278708833047364,0.6963415903439529,1.9047018750487121,14.620,42.587
1766335701.828381,106,102;103;104;105;200;201;202,61.591;70.150;68.404;43.753;67.068;66.647;79.658,0.2228199849767199,-0.12665051790180054,0.34729340725481095,-0.5093131414959057,0.6402458556421525,0.8485521613217815,1.3134448464685644,2.1209334032287472,-0.6122276941789004,-0.9274387211893897,0.6961074024231716,1.9045576700285756,14.611,42.625
1766335701.893564,107,102;103;104;105;200;201;202,60.042;69.918;69.113;43.590;67.524;66.618;80.937,0.22398657405585218,-0.12565674475783314,0.34816712270791544,-0.5086792055059365,0.6396344818586059,0.8492771832816655,1.3113071695100667,2.1209455735854625,-0.6121803780006118,-0.9278421829145588,0.695289867076795,1.9045969214006702,14.640,42.678
1766335701.960327,108,102;103;104;105;200;201;202,59.257;69.945;68.732;43.367;68.389;66.196;81.006,0.22289381169446323,-0.12554806709836003,0.3476329094237323,-0.5079645192760943,0.6394224154970679,0.8489368530987623,1.3124786135090443,2.120443673931309,-0.6131303713700293,-0.9265121218374036,0.6958768905996723,1.904960951428062,14.583,42.685
1766335702.025456,109,102;103;104;105;200;201;202,59.423;70.101;68.013;42.105;67.547;66.931;80.891,0.22252456103647894,-0.12676025940260063,0.34710704815512916,-0.5088855156054766,0.6391761654644249,0.8486931294263427,1.3138762263967305,2.1208598382297628,-0.6123617176888383,-0.9261081764737075,0.6966675040480934,1.9049850256813505,14.599,42.619
1766335702.090334,110,102;103;104;105;200;201;202,61.039;70.178;67.760;44.955;68.080;66.236;79.397,0.2223748995655325,-0.12725259120088003,0.34666344235170754,-0.5091890118530965,0.6395736070618164,0.8481031039910859,1.314646209745373,2.1208302896614213,-0.6119563250011572,-0.9262197967351119,0.6965627497945227,1.9045857364665184,14.606,42.594
1766335702.158445,111,102;103;104;105;200;201;202,60.302;70.388;68.632;43.287;67.828;66.895;80.937,0.22325505037610344,-0.12691549307005498,0.3468851433791209,-0.5090411204662368,0.6390861967391844,0.848645474709841,1.313648994367893,2.120754737377478,-0.6114304800771915,-0.9265005475009795,0.6963153639905564,1.904456139166447,14.640,42.613
1766335702.223804,112,102;103;104;105;200;201;202,59.289;69.879;68.221;45.192;67.602;66.045;80.062,0.22272932666462275,-0.12668849551630168,0.3464572634921459,-0.5085288502411642,0.6388821893036972,0.8482112931554634,1.3142655176446645,2.120242092650584,-0.6119516228787001,-0.9256345164044067,0.6965106087292312,1.9042950202241655,14.608,42.628
1766335702.288769,113,102;103;104;105;200;201;202,59.943;69.558;69.024;42.861;67.588;66.648;80.366,0.22366152040082402,-0.1264344517339101,0.3468353287339356,-0.5090276517334148,0.638914332949267,0.8491326974680519,1.3131408261032849,2.1203583936857537,-0.61137403020442,-0.9267567780289433,0.6965517888406351,1.9041868704688096,14.647,42.642
1766335702.355192,114,102;103;104;105;200;201;202,59.989;69.529;69.245;43.555;67.143;66.441;81.451,0.2236996753919699,-0.1262995075249081,0.3471574383640249,-0.5089513997517989,0.6392356632900051,0.8486477828105885,1.3127552685435417,2.120539419460732,-0.611568724601068,-0.9270071458670694,0.6958737060224329,1.9039736710582043,14.644,42.648
1766335702.422132,115,102;103;104;105;200;201;202,59.558;69.872;68.869;44.531;68.200;66.748;80.125,0.22456863832486212,-0.12507060300331851,0.3478246622136583,-0.5082663422631687,0.6385948628690764,0.8496592713216301,1.3108758791093442,2.1202167801727088,-0.611911926851358,-0.9272210061977796,0.6956367555120353,1.9040962711694407,14.653,42.715
1766335702.489803,116,102;103;104;105;200;201;202,59.172;70.096;68.932;43.962;67.141;66.977;80.090,0.2237500393647649,-0.12474351121335096,0.3479521174283428,-0.5076637874268111,0.6393982727237558,0.8494874137578267,1.3111514349432334,2.120121770867315,-0.6130228068255912,-0.9272073829315148,0.695437347461906,1.9046765435216697,14.603,42.731
1766335702.553663,117,102;103;104;105;200;201;202,58.365;70.212;69.019;45.246;68.816;66.538;80.423,0.22299098506294499,-0.12458217692394231,0.34776042152568143,-0.5071804818466442,0.6391502078851632,0.8496552229688868,1.311759000203645,2.1198668634119895,-0.6138201808778838,-0.92632732821888,0.6960701674194846,1.9052476023419034,14.561,42.739
1766335702.617128,118,102;103;104;105;200;201;202,59.595;69.924;68.432;42.232;68.043;66.823;80.891,0.22253759483513016,-0.12530152641071746,0.34704544460712583,-0.5073415177161777,0.6386013758062545,0.8491595549780804,1.3131064521838687,2.119774193161998,-0.613434111906535,-0.9252802557979506,0.6966515204441939,1.9051070304498299,14.559,42.702
1766335702.683140,119,102;103;104;105;200;201;202,60.300;69.932;68.542;45.399;67.780;66.548;80.082,0.22192940685977916,-0.12486177712975766,0.3471474778160767,-0.5069216168597174,0.63917480225251,0.8491551653672265,1.3131946286049874,2.119570249914002,-0.6144122452335656,-0.9253074099521313,0.6966623227996096,1.905454782138807,14.516,42.725
1766335702.752482,120,102;103;104;105;200;201;202,59.401;69.752;68.648;43.662;67.771;65.790;79.374,0.22243180964356812,-0.12460584383754193,0.34724817802404395,-0.5069884038738441,0.6394461742404096,0.8494724364201099,1.312612886183938,2.1194599860730032,-0.6141497402763472,-0.9260238408580769,0.6964310179220622,1.9052656293270749,14.534,42.740
1766335702.824083,121,102;103;104;105;200;201;202,59.391;70.023;69.083;43.466;67.169;67.100;80.983,0.22284204450208633,-0.12457669447409725,0.347665156642394,-0.5072732172830999,0.6394790650845018,0.8493411147245522,1.3119436001679714,2.1197856572048783,-0.6139335167974721,-0.9264737196653225,0.6959640472005799,1.9049972159804067,14.554,42.740
1766335702.887971,122,102;103;104;105;200;201;202,61.463;69.207;68.717;43.498;66.935;66.464;80.158,0.22369633529483182,-0.12436098152290931,0.34811798852619735,-0.5072504167383719,0.6396711173487515,0.8498958220828193,1.310829107614747,2.1199956760670555,-0.6134336997962637,-0.9274290900199321,0.6953684588523414,1.9050990486489818,14.590,42.751
1766335702.955936,123,102;103;104;105;200;201;202,60.036;70.039;68.572;42.905;67.601;66.315;80.194,0.2242075109010447,-0.1244982114577073,0.34791528972732666,-0.5073384745647174,0.6394727848047548,0.8499419297864405,1.3107281196911131,2.119901611673626,-0.6127414229999119,-0.9275803151157316,0.6952350971413886,1.9047839594401172,14.619,42.746
1766335703.043528,124,102;103;104;105;200;201;202,58.693;69.811;68.775;42.381;66.243;66.910;80.820,0.2243297275951871,-0.1245860458421241,0.34807728749779515,-0.5078938264557377,0.6393141000985274,0.8498167940871001,1.3105493429601085,2.120099343670068,-0.6126188075158053,-0.9277084199329537,0.69536393890243,1.9044094308874806,14.628,42.740
1766335703.111636,125,102;103;104;105;200;201;202,59.474;70.029;69.309;42.024;66.344;65.676;80.572,0.22447250535147253,-0.12521540175906967,0.34822779851473035,-0.5082408398050088,0.6397584363729945,0.8501194310859227,1.3106686640632614,2.120669680914053,-0.6120592912795768,-0.9283615660496235,0.6952171163597897,1.9049563747699136,14.652,42.704
1766335703.197654,126,102;103;104;105;200;201;202,59.006;70.573;68.300;43.156;67.182;67.207;80.549,0.224192258982564,-0.12605000183823037,0.3482163181047791,-0.5091204874942004,0.639675346436049,0.8501396070129059,1.3113399956881213,2.1212594829517584,-0.6116971919380496,-0.9283369876738135,0.6958116482820955,1.9051766541313526,14.662,42.656
1766335703.276766,127,102;103;104;105;200;201;202,59.653;70.079;69.128;42.992;67.184;67.243;80.391,0.22408638438058212,-0.12587428452204846,0.3485222013722569,-0.5094214562405922,0.6396550625623536,0.850092091700654,1.3110462307750508,2.1214021786397113,-0.6120589499693266,-0.9284173964675058,0.695928967006299,1.9050343816616442,14.651,42.664
1766335703.343155,128,102;103;104;105;200;201;202,60.043;70.793;68.934;43.076;68.086;66.435;80.947,0.22376532230039028,-0.126267174548867,0.34825792476868966,-0.5094712313996805,0.6398634423957691,0.8496183101588374,1.311722179383982,2.1214629571071817,-0.611971557954801,-0.9282199592523592,0.6958614892957349,1.9049905554094413,14.646,42.643
1766335703.410904,129,102;103;104;105;200;201;202,59.686;69.965;69.021;45.406;67.686;65.624;80.499,0.22388777561100048,-0.1255046754541407,0.3484336817475338,-0.5087912496946311,0.6398032586623422,0.84998155459865,1.3110563033732803,2.121070857438285,-0.6125012815374895,-0.9281899152468516,0.6956991217542858,1.9051422849901376,14.631,42.685
1766335703.475877,130,102;103;104;105;200;201;202,62.361;69.793;69.492;44.821;69.159;66.711;80.895,0.22374455924592576,-0.1246588044510438,0.34796026723102097,-0.5078227621307339,0.6394828242749467,0.8497409955771121,1.311100766008227,2.120069022338116,-0.6130959388864414,-0.9274042939871137,0.6956908741046368,1.9047029397076554,14.601,42.735
1766335703.541999,131,102;103;104;105;200;201;202,59.279;70.096;68.920;43.160;67.472;66.685;81.808,0.2234256308710958,-0.12441677113580649,0.34839715443489355,-0.5077467511810531,0.6394797464987734,0.8497867944986327,1.3108029561844647,2.120284399348518,-0.6137718466905686,-0.927274011632646,0.6957175132413989,1.9050183837185302,14.578,42.745
1766335703.608191,132,102;103;104;105;200;201;202,59.971;70.708;68.919;43.392;68.280;66.609;79.787,0.22200176490310208,-0.12546609467590678,0.34740962451871343,-0.508058604070158,0.6399939545758478,0.8490156230799768,1.3132511046119215,2.120221685841079,-0.613986525271133,-0.9264603826347108,0.696582391126417,1.905260732500579,14.537,42.689
1766335703.676211,133,102;103;104;105;200;201;202,60.175;69.954;67.812;43.315;67.420;67.191;79.489,0.22222821124555883,-0.12618744772259613,0.3469484436149553,-0.5088488918389954,0.6398088802172378,0.8486014969150757,1.3139024963144643,2.120327283089555,-0.6130274067514082,-0.9264811008236554,0.6968073080087863,1.9045944440081672,14.568,42.652
1766335703.740783,134,102;103;104;105;200;201;202,60.503;70.681;69.233;45.164;68.103;67.624;81.160,0.22222579294257966,-0.12562504381406087,0.34720495080770836,-0.5085554404047536,0.6403957445142119,0.8482441725456153,1.313364060834371,2.120150585443834,-0.6135611534903894,-0.9269274944963467,0.6961534410354392,1.904284110025815,14.552,42.682
1766335703.806097,135,102;103;104;105;200;201;202,60.046;68.886;68.555;45.130;67.268;66.366;80.965,0.22307162198100702,-0.12498366932121704,0.3479178276961317,-0.508092480483433,0.6402350668269793,0.8491512761354394,1.3117884829100626,2.120284084261332,-0.6134983552210511,-0.927565923043377,0.6956152952396104,1.9047305090738853,14.576,42.716
1766335703.873929,136,102;103;104;105;200;201;202,60.414;70.715;68.363;42.443;67.444;66.176;80.600,0.2235701722326342,-0.12606296253107113,0.34743090569854745,-0.5089116812145882,0.6407789867421867,0.8491429337516003,1.3124726591653595,2.1206120323925792,-0.6119871952871148,-0.9284879966806151,0.6955238451927408,1.9045358568666038,14.631,42.659
1766335703.938893,137,102;103;104;105;200;201;202,59.880;70.061;69.033;42.213;67.242;67.027;80.199,0.22471974655780305,-0.12571833976182828,0.3482133524982761,-0.5092679911009251,0.6405114210753374,0.8499917913796549,1.310789795397521,2.121004960556923,-0.6114259450960596,-0.9294949666583598,0.695163730182595,1.9045024229893048,14.679,42.676
1766335704.005471,138,102;103;104;105;200;201;202,60.238;70.304;68.518;43.556;67.526;67.105;80.948,0.2243407200533329,-0.12629109163693597,0.3478020347245623,-0.5095107024352211,0.6399462292502327,0.8491673555905319,1.311735983590333,2.1210681662596333,-0.6111998294690136,-0.9285057670864878,0.6954005237223408,1.9040909646830193,14.676,42.646
1766335704.071020,139,102;103;104;105;200;201;202,60.598;69.407;68.981;43.100;66.745;66.920;79.908,0.22522460323865168,-0.1259209393635882,0.34808212740776784,-0.509788259956292,0.6404261319915883,0.8493498312705606,1.310666498665795,2.121018567246392,-0.6107189588429098,-0.9297503298750251,0.6947656540829632,1.903497981966651,14.709,42.667
1766335704.137480,140,102;103;104;105;200;201;202,60.410;70.051;68.643;43.531;67.519;67.486;80.352,0.22478599220497852,-0.12510371006777854,0.34858083725333966,-0.5092475780998568,0.6400145692241562,0.8496476318020195,1.3100768620153789,2.120884461208386,-0.6119758927601787,-0.9291295152591856,0.6950400978899663,1.9039158622593435,14.665,42.709
1766335704.202704,141,102;103;104;105;200;201;202,58.731;69.758;68.661;43.960;67.658;66.622;80.095,0.22456412405589296,-0.12486379472714265,0.34889174865281664,-0.5087793568556337,0.6399895150494379,0.8494550431313941,1.3098236375619863,2.120989743039136,-0.6125032783586752,-0.9288265677341331,0.6946722453254125,1.9041953954746498,14.647,42.720
1766335704.293616,142,102;103;104;105;200;201;202,62.297;70.214;68.378;44.404;67.193;66.183;80.059,0.22386004443349528,-0.1250923379097604,0.3483885981689967,-0.5085234030204417,0.64003877494818,0.8488268139924058,1.3108851177918948,2.1207411127326266,-0.6128242857652284,-0.9280625292338621,0.6948558906216358,1.904151348680749,14.618,42.708
1766335704.369313,143,102;103;104;105;200;201;202,59.845;70.064;68.509;43.924;67.912;66.770;80.411,0.2235264785150242,-0.1255973245460326,0.34803673881188074,-0.5087949156590089,0.6399507827134763,0.8485245803533027,1.3117095108834838,2.120806144172914,-0.6126288317014102,-0.9276807917917637,0.6951950343990141,1.904102383239141,14.616,42.681
1766335704.435946,144,102;103;104;105;200;201;202,60.369;69.881;68.729;42.899;67.117;67.006;80.556,0.22464698053281737,-0.1255913330907065,0.34840541936488406,-0.5090106134602037,0.6401499939949015,0.8489546576064549,1.3106004422315687,2.1210829615801887,-0.6116719763185691,-0.9288397714665232,0.6944591854426452,1.903933327519618,14.671,42.682
1766335704.502126,145,102;103;104;105;200;201;202,60.171;69.840;68.660;44.445;67.944;66.467;80.516,0.22472631349045108,-0.12551354202585366,0.3482132489501454,-0.5086854069611633,0.6401673005476792,0.8493248286557737,1.3106710046794001,2.120859764438019,-0.6115752325090905,-0.9288482097364786,0.6945576942258662,1.9042076898341616,14.673,42.688
1766335704.570882,146,102;103;104;105;200;201;202,60.678;68.928;68.816;44.050;68.378;67.301;79.674,0.22424135410572796,-0.12448345079037475,0.3482024116384616,-0.5077841259264841,0.639886317725855,0.849248667344341,1.3104434285842552,2.1201373981745464,-0.6128347331961629,-0.9280329924797875,0.6947116226830636,1.904152819493269,14.620,42.745
1766335704.631825,147,102;103;104;105;200;201;202,58.315;69.622;69.022;43.086;66.685;66.405;79.993,0.22412190791116626,-0.1235535026740085,0.3487461778818824,-0.5074595090302844,0.6398328866139357,0.8494774096260929,1.309528318545467,2.119951336661608,-0.61387895965825,-0.9280278247328358,0.6946976728665597,1.9041786662473914,14.589,42.794
1766335704.729607,148,102;103;104;105;200;201;202,59.903;69.977;68.805;45.316;67.874;66.616;79.410,0.22369522836168965,-0.12336752817706569,0.3485238066074004,-0.5070507871024365,0.6400985419649913,0.8490665235265606,1.3099174765157786,2.119641985953885,-0.614353419256671,-0.9277271477027137,0.6945703833837097,1.9041113749617806,14.562,42.805
1766335704.798694,149,102;103;104;105;200;201;202,59.601;70.018;68.757;43.818;67.920;66.502;80.435,0.22438889898637215,-0.12312023337650194,0.34880280860867874,-0.5070413028461495,0.6402674829419535,0.8494612373507205,1.3090504973804478,2.1196846817094452,-0.6139665911984027,-0.9284962103186403,0.6941249307227624,1.9040374199801076,14.590,42.819
1766335704.865957,150,102;103;104;105;200;201;202,60.133;69.995;68.832;42.877;67.009;66.131;80.304,0.2251661019754611,-0.1238578607245572,0.3486946911574554,-0.5078980632614951,0.6402459385594095,0.8496032627240089,1.309016276724385,2.1200883416951926,-0.6125926991704682,-0.9292374380317273,0.6940446283408781,1.9036894446928465,14.649,42.779
1766335704.934296,151,102;103;104;105;200;201;202,59.504;69.575;68.162;43.547;67.357;66.858;80.536,0.22446563928456478,-0.12454995962067027,0.3483784449387383,-0.5084436126237469,0.6398410547925234,0.849148950436891,1.3101692454377862,2.1203287775091226,-0.6126328851458404,-0.9283789877799326,0.6947973066305886,1.903675678893361,14.633,42.741
1766335705.001568,152,102;103;104;105;200;201;202,59.692;69.888;68.958;44.648;67.815;66.400;80.532,0.22468405721278004,-0.12461596635749622,0.3482792137925694,-0.5082889393726217,0.639798828306459,0.8495443863589793,1.3101413093953809,2.1202828769549407,-0.6123264195029856,-0.9284943412788595,0.6948446056205129,1.9039482820301366,14.646,42.738
1766335705.125374,153,102;103;104;105;200;201;202,58.199;70.469;69.449;42.960;67.056;65.897;80.430,0.22394221686812962,-0.12472739710592605,0.34867876934610387,-0.5078416304706532,0.6403138639300412,0.8490595286595997,1.3103684482306406,2.1207301055276164,-0.6131372956728521,-0.9282595132854228,0.694316518684548,1.9046449966586048,14.612,42.727
1766335705.192397,154,102;103;104;105;200;201;202,58.851;70.393;68.042;43.060;67.288;66.594;79.678,0.22352871216813,-0.1259354197923497,0.3481990160745077,-0.5087552129332824,0.6402872042053076,0.8489247509612659,1.3117537870282938,2.121185158753644,-0.612434707708943,-0.9280570086236929,0.6950883667133033,1.9048182836035237,14.625,42.661
1766335705.258891,155,102;103;104;105;200;201;202,59.196;69.991;68.511;40.856;67.761;67.172;79.564,0.22432884691297159,-0.12606770344623014,0.3481886107962907,-0.5091173274563676,0.6396186985262862,0.8496410937504552,1.3112790698710093,2.121243653187403,-0.6115372746845538,-0.9282562155905728,0.6954231633202167,1.9047350471283466,14.669,42.656
1766335705.323630,156,102;103;104;105;200;201;202,59.552;70.867;68.565;45.442;67.064;66.856;81.142,0.22332539456561606,-0.12601571368964012,0.3481883381271264,-0.5088001730101108,0.6405684113581211,0.8491386734830363,1.311949738239085,2.1212393786220627,-0.6125707165467081,-0.9282315870485206,0.6952742936839879,1.9051311787591196,14.618,42.656
1766335705.389489,157,102;103;104;105;200;201;202,59.674;70.947;68.382;44.813;66.493;66.832;81.192,0.22434837280031633,-0.1262768835642039,0.3485507255926722,-0.5092007561222559,0.6400988534813854,0.8496042608276619,1.311063186123802,2.1217030138352007,-0.6115045196404425,-0.92876802068324,0.6949589108525556,1.9050668189242455,14.675,42.642
1766335705.455063,158,102;103;104;105;200;201;202,61.391;70.450;68.472;42.641;67.293;65.972;80.613,0.22355875838256384,-0.12742510500452303,0.34754700484163986,-0.5095875354704033,0.6402360275237474,0.8485253828747794,1.3131388304867901,2.121676024016631,-0.6110082333304756,-0.9279780347365102,0.6953386655057028,1.9047458377878643,14.669,42.581
1766335705.521760,159,102;103;104;105;200;201;202,60.789;70.432;69.155;43.271;67.927;66.773;80.801,0.2235590604194703,-0.1271080477619601,0.3476651921353901,-0.5093483289790053,0.640587819703268,0.8481593002529066,1.3128575359115382,2.121553653473367,-0.6112969914379497,-0.9281811990956989,0.6948229202302577,1.9044839206227726,14.660,42.598
1766335705.587519,160,102;103;104;105;200;201;202,60.194;69.682;68.480;44.347;68.214;66.805;80.776,0.22265867835936665,-0.1261336632912234,0.347853951786629,-0.5082039191319254,0.6405259649790218,0.8483277458711144,1.312774883665457,2.1210561726948622,-0.6130067643172428,-0.9272867606373114,0.695059270080126,1.9051668311220178,14.588,42.650
1766335705.654465,161,102;103;104;105;200;201;202,60.179;70.260;67.837;43.791;67.490;66.501;80.157,0.22240793244834886,-0.1275702632924334,0.34726390876546637,-0.5093324386142897,0.6407274164494984,0.8478143473881964,1.3142717726017215,2.121571879683093,-0.6119236947633585,-0.9273484992162492,0.6955128733343525,1.9049709571695994,14.616,42.572
1766335705.720747,162,102;103;104;105;200;201;202,59.518;69.904;68.503;43.389;67.482;66.834;80.212,0.22254550628809014,-0.12709814773556197,0.34762317693674805,-0.5091499788747291,0.6405787151758395,0.8479902673113704,1.3135957272456056,2.121543291747417,-0.6122917003601627,-0.9273882107681923,0.6953824242696165,1.9049777070268088,14.610,42.597
1766335705.787510,163,102;103;104;105;200;201;202,61.799;70.660;68.930;45.412;67.619;66.153;81.414,0.22303084352353944,-0.1266345573253226,0.3480156499522031,-0.5085741830900377,0.6401090716427038,0.8487392174906654,1.312652740940248,2.1215379774724212,-0.6123219378836736,-0.9273582811367318,0.6952121587432868,1.9054917999625596,14.620,42.622
1766335705.852593,164,102;103;104;105;200;201;202,59.357;70.557;68.773;42.997;67.147;66.996;80.982,0.22422306050217536,-0.12576719886818208,0.3486983132902635,-0.5086973824639194,0.6399124948613828,0.8495280025008869,1.3107360268094843,2.121473647516552,-0.6120759575070266,-0.9283946399165712,0.6948136414915342,1.9050783127295507,14.655,42.669
1766335705.919598,165,102;103;104;105;200;201;202,59.872;69.709;68.685;44.143;65.617;67.359;80.174,0.2247864699990467,-0.1256316393517249,0.3496049230968541,-0.5090725515026641,0.6404691509469004,0.8496511025579127,1.3094687415098563,2.1221399919520207,-0.6119859293959384,-0.9296046373600843,0.6939653086955165,1.905110946093505,14.679,42.673
1766335705.984427,166,102;103;104;105;200;201;202,59.568;70.431;69.077;44.909;67.164;66.810;80.190,0.22386950318114995,-0.1245666053785073,0.34984031005511995,-0.5080144109151451,0.6408290940959859,0.8493935714355827,1.3093056874935731,2.1216189241723096,-0.6137991778853324,-0.9290327104130528,0.6938231639878915,1.9054239223528986,14.603,42.729
1766335706.051523,167,102;103;104;105;200;201;202,59.657;70.333;68.669;43.675;66.650;66.714;81.546,0.22385780728947688,-0.12484598758331392,0.34993442318760093,-0.508151776369942,0.6407819769749155,0.848967827011088,1.3093868456927247,2.121898155107176,-0.613636176088956,-0.92892467225269,0.6935302984907938,1.9053002026897545,14.611,42.713
1766335706.115728,168,102;103;104;105;200;201;202,59.669;69.303;68.913;45.444;67.217;66.827;79.652,0.22370487712212828,-0.12478961364776474,0.3496924775226024,-0.5079097186822186,0.6407482456337159,0.8484193130322163,1.309675192273273,2.1216549115928833,-0.6137331815859635,-0.9285466188259024,0.6933156094102911,1.9049451471310213,14.602,42.717
1766335706.187369,169,102;103;104;105;200;201;202,60.415;70.098;68.217;44.100;68.502;66.534;80.194,0.22303836695589585,-0.12489877820828131,0.34891900474434584,-0.5078569698533045,0.640575452606601,0.848218622770379,1.3108821797935841,2.1210876726487324,-0.6139990951650642,-0.9277416543968547,0.6941663371343684,1.9047821532178397,14.572,42.714
1766335706.249387,170,102;103;104;105;200;201;202,59.335;70.387;68.259;43.817;67.831;67.131;80.501,0.2225156341932224,-0.12530725700022793,0.3484473385930391,-0.5082615523692852,0.6405286993670499,0.8481907669928233,1.3118901572405008,2.120987295664917,-0.61401633875478,-0.9273708937488845,0.6949927557978487,1.904796041743164,14.557,42.693
1766335706.316420,171,102;103;104;105;200;201;202,59.016;69.190;68.435;41.703;67.979;66.865;81.251,0.22225464304907303,-0.1254855404273437,0.3481134775183826,-0.5081206471962251,0.6400606611441028,0.8483808019239625,1.3124657606461496,2.1208341300785745,-0.6140048034983299,-0.926690060284208,0.6955654426722404,1.9050658766151396,14.550,42.684
1766335706.381226,172,102;103;104;105;200;201;202,59.195;70.152;68.781;42.703;67.408;66.864;80.553,0.2219717294817359,-0.125194983734814,0.3480144329218583,-0.5079926027919391,0.6399005568135592,0.8485633667204795,1.312587784737179,2.1205521073455804,-0.6144662492789774,-0.9263642870894965,0.696022533868959,1.9051252489264394,14.527,42.700
1766335706.446800,173,102;103;104;105;200;201;202,60.695;69.456;68.642;43.426;67.895;66.775;80.968,0.22156860609567414,-0.12530718471836716,0.34768080704958737,-0.5078866849965644,0.6402794880743886,0.8482388319236304,1.313225249330018,2.1203567343130105,-0.61464589392251,-0.926261259032712,0.6960629818747546,1.9050863464483863,14.511,42.695
1766335706.514045,174,102;103;104;105;200;201;202,58.344;70.238;68.585;43.779;67.396;66.377;80.436,0.22281163423789405,-0.12437731362819647,0.3483113590969975,-0.5076477877444586,0.6398083194910464,0.8493882481582024,1.3112842049063207,2.1202023031273027,-0.6143755579012556,-0.9270297685423176,0.6957882641424412,1.9050509606773058,14.546,42.747
1766335706.581088,175,102;103;104;105;200;201;202,60.273;70.076;68.745;43.622;67.268;66.767;80.409,0.22303120912194846,-0.12498284602597666,0.3480305157279158,-0.5080824555618852,0.6400393731354858,0.8487083999105726,1.3117169227314445,2.1203819078710184,-0.6135844073104998,-0.9272790138711752,0.6953687025106197,1.9044825868727453,14.574,42.715
1766335706.646231,176,102;103;104;105;200;201;202,58.855;69.830;68.548;45.369;67.660;66.845;79.436,0.2228637094823592,-0.12447557366761068,0.34807656820505734,-0.5078991807806246,0.6403861431114362,0.8485637863022328,1.3115096544828029,2.1200679002383316,-0.6141546793239689,-0.9274428783982255,0.6952576117633554,1.904237249140097,14.552,42.743
1766335706.711817,177,102;103;104;105;200;201;202,58.892;70.535;68.227;45.165;68.123;65.604;80.172,0.22353926642033792,-0.12483737769453346,0.3478343973297566,-0.5078802179366094,0.6399681262312663,0.8489459001471419,1.3114544026456723,2.1200935854747907,-0.6131127803327776,-0.9275107263322202,0.6951972826298363,1.9042938312415063,14.595,42.726
1766335706.776486,178,102;103;104;105;200;201;202,60.959;69.787;68.941;43.046;67.616;66.246;80.296,0.22421838129472108,-0.1251862266680514,0.34758108642033086,-0.5080628037228986,0.63964146312986,0.849165028597021,1.3113990360331316,2.1201001412228275,-0.6120727740125924,-0.9276990668476498,0.6951326928482691,1.9040842167984002,14.639,42.709
1766335706.844832,179,102;103;104;105;200;201;202,60.524;70.225;68.819;44.113;68.106;66.767;79.554,0.22388395883668563,-0.12463698044098812,0.3475844130836173,-0.5073775460543686,0.6392109713474844,0.8491395062971401,1.311322433287503,2.119725232675481,-0.6128231015282813,-0.926891592251815,0.6952599415821972,1.9042241686908168,14.607,42.739
1766335706.914112,180,102;103;104;105;200;201;202,60.894;69.739;68.890;43.170;67.652;66.963;79.885,0.22395388269354088,-0.12478614662825438,0.3475859984998962,-0.5075540940290697,0.6390197757721457,0.8488662988970589,1.3113556231192391,2.119829886758911,-0.6126410376497248,-0.9267520678841706,0.6951819981111445,1.9039728530107105,14.615,42.731
1766335706.981568,181,102;103;104;105;200;201;202,59.244;70.046;68.570;43.519;67.546;66.520;80.426,0.22400575541013884,-0.12446825611034679,0.34776267596967153,-0.5070446150390625,0.6387370196499335,0.8495761545068837,1.3109863604657945,2.119755482243033,-0.6129025717670453,-0.9265691583223666,0.6953698986403604,1.90463843922373,14.608,42.748
1766335707.060528,182,102;103;104;105;200;201;202,59.537;70.476;68.891;45.236;67.745;66.762;79.676,0.22342162472349966,-0.12474620798974462,0.3475572671848651,-0.5071580047346669,0.639197685300447,0.8490510901616807,1.311729500629226,2.119794056142277,-0.6131870260351451,-0.9264598565915753,0.6954004213619818,1.9046129311884124,14.587,42.732
1766335707.203381,183,102;103;104;105;200;201;202,59.190;70.434;68.162;43.591;67.773;66.653;80.891,0.2236742943147788,-0.12573523271429618,0.3471765904500635,-0.5081249667654854,0.6389379531594902,0.849709083197072,1.312441007010479,2.120157592256645,-0.6120310234836657,-0.9267213414877493,0.6963106682507042,1.9048577729918423,14.627,42.679
1766335707.268021,184,102;103;104;105;200;201;202,58.939;69.347;69.367;45.431;67.772;65.616;80.286,0.22353069692079408,-0.12406571867146549,0.3476560908826072,-0.5068157802458864,0.6383990877299145,0.850527241160485,1.3111863335861227,2.1193941017237767,-0.6136362472825442,-0.926101795401327,0.696510059023905,1.9053186994699485,14.574,42.770
1766335707.337380,185,102;103;104;105;200;201;202,59.576;70.137;69.064;42.943;67.553;65.904;81.327,0.2229096438646015,-0.12488431450142141,0.3472357398647547,-0.5068241573231359,0.6381898485526051,0.85000608872856,1.3124465206339164,2.1196311137121513,-0.613459597742554,-0.925232091228129,0.6967545088086867,1.9056325374645897,14.566,42.725
1766335707.402287,186,102;103;104;105;200;201;202,58.931;69.770;68.864;44.992;67.532;67.688;80.301,0.22325561433688043,-0.1232349819734919,0.34829821456978477,-0.5062193055466542,0.6381303623214079,0.8502249747150099,1.3103482661606867,2.119367983461371,-0.6147987789692068,-0.9255890352822581,0.6961005522858188,1.9053354801397595,14.537,42.812
1766335707.469154,187,102;103;104;105;200;201;202,60.039;70.057;68.449;44.066;67.092;65.586;81.462,0.22326706777389485,-0.12431757114790382,0.3479839318830632,-0.5070670540015865,0.639165427669243,0.8499360900107032,1.311221980371743,2.1198632954528422,-0.6138379322412836,-0.9266112861651021,0.6959031936729322,1.9053129175257362,14.567,42.753
1766335707.533814,188,102;103;104;105;200;201;202,61.914;70.497;68.949;42.664;67.417;66.678;80.712,0.22422186387750156,-0.12489667380035241,0.3481343801403183,-0.5078250785178644,0.6391588348839025,0.8500079710446804,1.3107476668518228,2.1203718567106846,-0.612512374975325,-0.9274938273505837,0.6954639209270734,1.9049206229150277,14.631,42.722
1766335707.600060,189,102;103;104;105;200;201;202,60.084;69.853;68.238;43.204;68.065;67.268;82.782,0.2237769592674984,-0.1258318654871684,0.3480355949925125,-0.5081943692764561,0.6391700890880029,0.8496843129467634,1.3116669007006962,2.12096297850162,-0.6122017868373136,-0.9271595332279645,0.6956171415237397,1.9053512148268308,14.635,42.669
1766335707.668183,190,102;103;104;105;200;201;202,60.135;70.449;68.367;44.318;66.990;66.853;81.225,0.22334150280401274,-0.12639865135542983,0.34773558493648926,-0.5088431390365813,0.6393234499554975,0.8494829843562556,1.3125511671075856,2.121119573127273,-0.6120809378841662,-0.927089678143642,0.6961915729854261,1.905276396869939,14.629,42.637
1766335707.734564,191,102;103;104;105;200;201;202,60.632;70.128;69.087;45.403;68.915;66.819;81.040,0.2235055548477332,-0.12528746032172783,0.34781755810426246,-0.5078000909520494,0.6386663115593165,0.8499043963880242,1.3117441038627555,2.1203986725114086,-0.6127970287309302,-0.9264475198543949,0.696205646065985,1.9053080622286345,14.606,42.700
1766335707.799890,192,102;103;104;105;200;201;202,60.142;69.802;68.821;43.035;66.927;65.561;80.891,0.22436628034862585,-0.1256816025834793,0.3478447467214006,-0.5079910516996634,0.638727036189421,0.8499052572403678,1.3113403327337503,2.120672975108962,-0.6116555657633521,-0.9271060438107942,0.6955258708324962,1.9050774574813751,14.660,42.680
1766335707.866088,193,102;103;104;105;200;201;202,60.380;69.690;68.755;44.322;68.672;66.855;80.807,0.22481864008914149,-0.12491725862169223,0.3484601957080687,-0.5075211411092765,0.6381973527795723,0.8505019664751331,1.3100563098696,2.120647544457749,-0.6120368264744814,-0.9270742864987126,0.6953301020087105,1.9053132271824496,14.661,42.720
1766335707.930839,194,102;103;104;105;200;201;202,61.870;69.833;68.794;44.596;67.918;66.518;80.947,0.22520352264230128,-0.12495198587453828,0.3485280569238541,-0.5075342915682999,0.6378184768755099,0.8506108887659204,1.3097476971803654,2.1207178857881734,-0.611656554870096,-0.9270233699998445,0.6952246999111972,1.9052242462921125,14.681,42.719
1766335707.995606,195,102;103;104;105;200;201;202,59.975;70.930;68.854;42.757;66.129;66.148;80.923,0.2256758537808713,-0.1263693946813573,0.3483619512672637,-0.5088362967853366,0.638701791165286,0.8503155837605687,1.310355596537657,2.1215618312446662,-0.6100433838871944,-0.9283668532168342,0.6948456625272184,1.9049986306067033,14.744,42.641
1766335708.062925,196,102;103;104;105;200;201;202,59.829;69.911;68.555;43.831;67.159;66.131;80.356,0.22467187528789737,-0.12669707155247079,0.34820562252055204,-0.5087842757699423,0.6389329603763203,0.8496447836405386,1.3113761602525464,2.1216922377163865,-0.6107252931716433,-0.9276830760049577,0.695045089569612,1.9052416165497377,14.703,42.621
1766335708.132652,197,102;103;104;105;200;201;202,59.974;69.874;69.251;43.962;66.789;66.901;81.612,0.22424760905896166,-0.1261304433713599,0.34866885538266706,-0.5084935036099923,0.6397037480403099,0.8492671862892507,1.3109476144581294,2.1217044936537444,-0.6117633471896308,-0.9280483697782894,0.6944967827421642,1.9052658955936463,14.666,42.649
1766335708.197707,198,102;103;104;105;200;201;202,59.297;69.935;68.844;43.003;68.046;67.264;80.006,0.22367443063941223,-0.1252271395417023,0.3486339352391932,-0.5081530174775996,0.6392141873669887,0.8495136681669702,1.3108735831260192,2.121053912542148,-0.613004395910794,-0.9272433153622761,0.6953512377923154,1.9051842821772271,14.613,42.699
1766335708.265753,199,102;103;104;105;200;201;202,59.757;70.119;69.324;42.998;67.449;66.393;80.379,0.22467956135333392,-0.12486332900541008,0.3490481484233324,-0.5080182720218669,0.6392857467914871,0.8498183496160692,1.3096051388062293,2.1211203062305977,-0.6124522427739448,-0.928100408623782,0.694524335224411,1.9049488379249513,14.652,42.719
1766335708.331140,200,102;103;104;105;200;201;202,60.012;70.394;69.625;42.755;67.502;67.220;79.881,0.22504309283236965,-0.1243945039747595,0.3490950419483231,-0.5079256744705705,0.6389024709668611,0.8505341929537533,1.3090488472454447,2.1208168970512045,-0.6124676043297224,-0.9281765998558715,0.6949142672892333,1.9049718664201163,14.658,42.746
1766335708.397932,201,102;103;104;105;200;201;202,59.572;70.463;68.830;42.487;66.181;66.726;80.175,0.2244279784027161,-0.1253873835225975,0.34848117081436486,-0.5086473508195504,0.6394104770843402,0.8498041834839766,1.3105725088345233,2.1210111016735325,-0.6120745578071093,-0.9281195971164834,0.6952532207512393,1.9047337175249026,14.655,42.693
1766335708.464112,202,102;103;104;105;200;201;202,59.711;70.176;68.782;43.098;68.327;66.764;79.600,0.2234903079978377,-0.12622124204251586,0.34789964481947744,-0.5088992407260359,0.6395600094013529,0.8492156023402732,1.3122038656676402,2.121130636661139,-0.6121346498169983,-0.9274091101727359,0.6957980857418715,1.9049423314896912,14.632,42.647
1766335708.530798,203,102;103;104;105;200;201;202,59.998;69.957;68.994;45.262;67.419;66.627;80.153,0.22336662945616648,-0.12592809273093064,0.3480238846940339,-0.5085223187765133,0.6399082885080942,0.8487683035299095,1.3120169465548754,2.121034308286053,-0.6125303102703943,-0.927458057615316,0.6952256372374462,1.9047996238013418,14.617,42.662
1766335708.594264,204,102;103;104;105;200;201;202,59.700;69.598;69.039;43.225;67.497;66.524;81.198,0.22432008823524277,-0.12593101584244534,0.34818422064532223,-0.5086777028292642,0.6398015359016695,0.8489412253413927,1.311212748403535,2.121143453397581,-0.6116482080637917,-0.9281132950025411,0.694663899909387,1.9044240058276236,14.665,42.663
1766335708.660209,205,102;103;104;105;200;201;202,59.510;69.472;68.596;44.200;67.330;66.727;79.720,0.2249049910001358,-0.1254017711285686,0.34875952921043385,-0.508528320241138,0.6398806373341998,0.8497755858430007,1.3100028576954075,2.1212453536054063,-0.6117032037254401,-0.9288579273732428,0.6944289910809439,1.904767023621957,14.679,42.691
1766335708.727213,206,102;103;104;105;200;201;202,59.678;69.646;69.259;43.099;66.864;66.815;80.364,0.22539067618059658,-0.12528786839304223,0.34892523608388415,-0.508774155647065,0.6396107471220932,0.8503048136814981,1.309454803076693,2.121291389760985,-0.6113755327656136,-0.9291824592443206,0.694603911284416,1.904727439233905,14.700,42.698
1766335708.789846,207,102;103;104;105;200;201;202,60.343;70.239;69.058;42.746;68.090;66.649;80.082,0.22491410929685746,-0.1256852382916,0.34821721320966836,-0.5089458250196506,0.6392564212754679,0.8495273289137915,1.3106324377375898,2.1209784668809837,-0.6112601951158755,-0.9282704280939514,0.6950411828315117,1.9041479352424322,14.687,42.679
1766335708.855705,208,102;103;104;105;200;201;202,59.195;69.419;68.723;43.489;67.971;67.002;80.913,0.22481621596521476,-0.12481418948090502,0.3486121460797421,-0.5081887760049514,0.6385266161554317,0.8505789295587874,1.3098666152346365,2.1207055579397314,-0.612178784938995,-0.9276653414409988,0.6956128570900122,1.9049580311414374,14.658,42.725
1766335708.924391,209,102;103;104;105;200;201;202,60.208;70.198;68.773;42.780;67.706;67.102;80.217,0.22520964927964662,-0.1244789267065947,0.34878016469652157,-0.5083413747560855,0.6388130348033416,0.8509142846423441,1.3092573249824513,2.1206000376637943,-0.612111740267501,-0.9283780632514799,0.6955041948682703,1.9047573140872718,14.668,42.744
1766335708.994043,210,102;103;104;105;200;201;202,59.471;69.788;68.943;43.134;67.996;65.981;79.817,0.2253948053472344,-0.12482242861853556,0.348487569029343,-0.5083052050248323,0.6385756059209245,0.8511458724471616,1.3095777501080845,2.1205850302330065,-0.6115493793901032,-0.9282394628115971,0.6956669618985363,1.9049367769074816,14.687,42.727
1766335709.060459,211,102;103;104;105;200;201;202,59.437;70.603;68.970;43.942;68.398;66.620;80.427,0.22554917969402233,-0.1256441535953363,0.34790901612965003,-0.5086334687764485,0.6387127559452607,0.85079971751725,1.3104382317773755,2.1206629082238435,-0.6105385015987173,-0.9283225631512929,0.695598758582311,1.9047054885323427,14.718,42.684
1766335709.129057,212,102;103;104;105;200;201;202,59.524;70.025;69.402;42.483;67.251;66.408;80.365,0.2251954044106508,-0.12512233301641695,0.3478729651283813,-0.5084656281134927,0.6387453572926908,0.8511562611227004,1.3104253805664645,2.120274424611337,-0.6112713347193044,-0.9281840140624584,0.6961437616494688,1.9048247993191416,14.686,42.713
1766335709.250111,213,102;103;104;105;200;201;202,60.071;70.370;68.713;41.214;66.798;66.667;80.619,0.22430980172468326,-0.12659041490252312,0.3469248475314916,-0.5094582588710987,0.6383807923039571,0.8504847743771384,1.3126970445833832,2.120524774391296,-0.6106493157962091,-0.9271605589818547,0.6973286805762552,1.9046943202843303,14.683,42.634
1766335709.314597,214,102;103;104;105;200;201;202,59.650;70.496;68.438;43.081;67.846;67.081;80.494,0.2233720047385164,-0.12630099451500829,0.34719771904043006,-0.5091159554155696,0.6382818161808347,0.8505318121605482,1.3129490730904536,2.1205858162414306,-0.6119083766257533,-0.9264142294939546,0.6978022874024872,1.905360879474423,14.628,42.646
1766335709.383176,215,102;103;104;105;200;201;202,59.575;70.690;68.648;45.634;67.442;66.434;80.325,0.22306460532377856,-0.1255315009189874,0.3476360712635996,-0.5089019279428826,0.6385263981365368,0.8505893382527666,1.3123475473149768,2.1204291820773475,-0.6129750560120909,-0.926521983216064,0.6977866102209037,1.9053701754883359,14.591,42.686
1766335709.450139,216,102;103;104;105;200;201;202,59.102;70.178;68.678;43.245;66.926;66.637;80.817,0.22249157774661016,-0.12588595964697213,0.3478193754722862,-0.5090079178763225,0.6397621026788328,0.8499667478139729,1.3127834417616924,2.1208564410642845,-0.6133468902277575,-0.9271576287940217,0.6971630799595685,1.9056329177051268,14.573,42.664
1766335709.513680,217,102;103;104;105;200;201;202,61.060;70.286;68.750;43.554;68.349;67.327;80.705,0.22209634471769835,-0.12555681842228192,0.34770390392844613,-0.5081768374617204,0.6389194170947902,0.8498213126969144,1.312976696612807,2.120536587974603,-0.6139423868306839,-0.925813626711955,0.6973438193722274,1.9058815049214846,14.544,42.682
1766335709.580647,218,102;103;104;105;200;201;202,60.651;70.349;69.089;44.893;66.790;66.162;80.182,0.22292056257868928,-0.12566192325479264,0.34812601148155153,-0.5082951006341205,0.6396380996228512,0.8498768125703549,1.3120892138554667,2.1209483895174643,-0.6132158867652715,-0.9271289609946586,0.6962508565204671,1.9058205696601735,14.588,42.676
1766335709.648280,219,102;103;104;105;200;201;202,59.106;70.493;68.285;41.454;68.437;65.838;80.806,0.22310145843099466,-0.12668735492329863,0.34768852258181715,-0.5086449601135525,0.6393592154052326,0.8499249416197905,1.3129211707425523,2.1212910367737834,-0.6120800034981767,-0.9269537146301677,0.6964571217950964,1.9060632525430976,14.625,42.621
1766335709.713500,220,102;103;104;105;200;201;202,60.042;70.321;69.125;43.689;67.984;66.766;80.299,0.2225727683728236,-0.1267679359971795,0.34745729810997866,-0.5084588522674948,0.6396043689795178,0.8493446305824442,1.3135384248157873,2.1211657535191937,-0.6124492602142277,-0.9265808141292183,0.6963792840247327,1.9059784239297222,14.602,42.616
1766335709.778050,221,102;103;104;105;200;201;202,60.379;70.598;69.125;43.969;67.831;65.947;79.695,0.2233549223771307,-0.1269806093975857,0.3476048416421633,-0.5086498801667637,0.640006681626064,0.8495247736738184,1.3129818946285046,2.1214181242692427,-0.6115719343343389,-0.9275764304002327,0.6957111611257609,1.9058753444443544,14.646,42.605
1766335709.844374,222,102;103;104;105;200;201;202,60.585;70.214;68.938;43.929;68.193;67.064;79.862,0.22286189956466523,-0.12628629858317716,0.34772353656460353,-0.5082975663972431,0.6405127464411012,0.8492946889709837,1.3128333648856412,2.1210452072164228,-0.6126367190353816,-0.9276207040934931,0.6956259005491443,1.9057539500219884,14.602,42.643
1766335709.909772,223,102;103;104;105;200;201;202,60.419;70.391;69.023;42.748;68.842;66.696;79.952,0.22252290074228484,-0.12666781721724477,0.3473226616992291,-0.5084564267326108,0.6402554153428099,0.8488874070710121,1.3136358575139524,2.1209804260110676,-0.6125206289521252,-0.9270214033555725,0.6959638835899186,1.9055639873299453,14.596,42.623
1766335709.976341,224,102;103;104;105;200;201;202,59.909;70.806;68.900;45.958;68.505;66.411;80.899,0.22301614539135012,-0.12572217691564805,0.34776616090383283,-0.5076880190783516,0.6400110146886129,0.8494846561291503,1.3123732434970876,2.120677800066488,-0.6129303887420793,-0.9271552535643128,0.6955814292511524,1.9057563178752845,14.594,42.675
1766335710.043850,225,102;103;104;105;200;201;202,59.869;70.267;69.189;43.283;67.501;67.371;80.020,0.22319934099339003,-0.12510643611646058,0.34847187110646827,-0.5074977695255488,0.6397982617257667,0.8496154294741577,1.3112799986994332,2.120844258879444,-0.613501600431124,-0.9272288343488604,0.6952415795884828,1.9057990195487404,14.586,42.706
1766335710.109123,226,102;103;104;105;200;201;202,59.931;70.421;68.443;44.142;67.254;66.536;80.382,0.22338901138996806,-0.12483329200537564,0.3489146011651377,-0.508056136709665,0.6395603513512835,0.8495408382705025,1.3106052060361895,2.1210261723500476,-0.6136997334625746,-0.9274275902947943,0.6953203987099683,1.9052980521639746,14.587,42.719
1766335710.173682,227,102;103;104;105;200;201;202,59.764;69.935;68.876;43.644;67.505;66.159;80.790,0.2240682638915446,-0.12544927204181064,0.34869747852977206,-0.5086044914962279,0.6394386711134484,0.8495075806659466,1.3106671739630673,2.1212530158917775,-0.612470860236729,-0.9278569771172114,0.6951463428967264,1.9049098113439382,14.638,42.687
1766335710.241053,228,102;103;104;105;200;201;202,60.058;69.700;68.940;44.897;67.537;66.981;80.407,0.22431050417615578,-0.12549992717768127,0.3488327753552598,-0.5085948585502602,0.6393893025554696,0.8498511805221255,1.3104074219181847,2.121397471731568,-0.6122468358104587,-0.9280645608993577,0.6951009685629324,1.905162390331181,14.652,42.684
1766335710.307763,229,102;103;104;105;200;201;202,58.800;70.149;69.301;42.924;67.920;66.625;80.045,0.22488195682152737,-0.12526877172535528,0.3489927897597177,-0.5086062533226832,0.6388349849112318,0.8505176344078899,1.3097391669620995,2.1213528944759523,-0.6119210837833691,-0.9281455194133659,0.6953034988083407,1.9052162762779432,14.674,42.697
1766335710.374078,230,102;103;104;105;200;201;202,59.206;69.907;68.883;43.612;67.369;66.928;80.324,0.22435930965299658,-0.12557623335040888,0.34903685467548806,-0.5084711081403083,0.6391138135521777,0.8503344929543575,1.310236169836365,2.1216256530675883,-0.612222584437568,-0.9279393444420548,0.6952620847820332,1.9057356941240593,14.656,42.678
1766335710.439895,231,102;103;104;105;200;201;202,59.468;69.413;68.702;42.446;67.894;66.950;80.141,0.2250109438705399,-0.12527409442205178,0.34941714136573704,-0.5085193663105622,0.6392015440617728,0.8506743800141068,1.3092783054293475,2.1217178151122424,-0.6119600478574753,-0.9286397650930424,0.694838250388603,1.905613664426833,14.680,42.694
1766335710.507243,232,102;103;104;105;200;201;202,59.906;71.144;69.039;45.434;67.671;66.596;80.689,0.2251434433622642,-0.1255867816834051,0.34933513707497194,-0.5086533623375867,0.6399188704129939,0.8504424373656383,1.3094327043619876,2.12186408677886,-0.6115579122873772,-0.9293269084567984,0.6943370383274615,1.905547290916207,14.695,42.678
1766335710.573701,233,102;103;104;105;200;201;202,59.877;69.725;68.763;44.723;67.372;66.372;80.578,0.22544083587641534,-0.12561822107247933,0.3494466609163388,-0.5084804014653953,0.6404824960558315,0.8502552494958796,1.3091446855768012,2.121972467368225,-0.6112843141869196,-0.9299446804564316,0.6935688436891877,1.9055136444375131,14.711,42.676
1766335710.640167,234,102;103;104;105;200;201;202,61.499;68.998;69.042;43.440;67.266;66.473;79.672,0.22593962681675808,-0.12527791714765438,0.34945026401662477,-0.5084683750731325,0.6397836839580376,0.850220872744156,1.3086040377026116,2.121718108922152,-0.6110506959850726,-0.9296639986073192,0.6935494776193765,1.9049119480255696,14.727,42.696
1766335710.705388,235,102;103;104;105;200;201;202,60.158;69.979;68.504;41.956;67.290;66.885;80.035,0.22528426062821466,-0.1256455007752387,0.34896307183307146,-0.5087006996422078,0.6395000062518521,0.8496563325252581,1.3096951787160784,2.121580548853058,-0.6112240418222175,-0.928810033184195,0.6941426497500204,1.904653841050569,14.704,42.677
1766335710.771965,236,102;103;104;105;200;201;202,60.522;69.594;68.564;44.246;67.577;66.367;79.964,0.2258040799796796,-0.12531405039446392,0.3489687439476517,-0.5086403064915991,0.6394958287334099,0.8498816230545031,1.3091429453730388,2.1213336240456595,-0.6109637184282343,-0.9292122346221062,0.6939485523145335,1.904332186943889,14.721,42.697
1766335710.837695,237,102;103;104;105;200;201;202,59.315;69.266;68.899;43.141;67.629;66.725;79.507,0.22626461553740648,-0.125191708580794,0.3488412687493566,-0.5087811657168596,0.6389222948474227,0.8501339335547667,1.3088660012093352,2.1211219229122302,-0.6105494727332971,-0.9290948316927756,0.6942049051510772,1.9039646149616207,14.741,42.706
1766335710.901852,238,102;103;104;105;200;201;202,59.870;70.250;68.765;43.522;67.895;66.930;79.945,0.22547511925496794,-0.12611239429172602,0.3481679144723101,-0.5092919132672318,0.6389707209542332,0.8494928047916188,1.310523104059262,2.1212195861367733,-0.6103596936339095,-0.9284476644817226,0.6948459757085821,1.903890794947698,14.727,42.656
1766335710.967190,239,102;103;104;105;200;201;202,59.778;70.040;68.615;43.966;67.882;65.919;79.971,0.22503299259890258,-0.12551818451137176,0.34822797643739767,-0.5085838286889092,0.6391876332481805,0.84999209804268,1.3104468597170895,2.1208656362010756,-0.6112739055259422,-0.9282796120651113,0.6950847001297616,1.9045393341030605,14.689,42.688
1766335711.036775,240,102;103;104;105;200;201;202,59.932;69.852;68.532;42.032;67.044;66.137;80.153,0.22559250842609607,-0.12596912081287323,0.34810750408384583,-0.5092315906759141,0.6389017864744216,0.8501407271928603,1.3104145333740576,2.121062307374622,-0.6103281806834606,-0.9285910314973399,0.6952389119027058,1.9041912034268196,14.729,42.665
1766335711.105724,241,102;103;104;105;200;201;202,59.937;70.429;69.392;45.833;66.695;66.434;80.227,0.22555995711497961,-0.12611874283592966,0.34811410960719397,-0.5092237167050444,0.639676169827247,0.849783467467638,1.3105148841236967,2.121174904237998,-0.6102491943232861,-0.9291732578215426,0.6946605171194703,1.9041390162393195,14.731,42.656
1766335711.177303,242,102;103;104;105;200;201;202,60.117;69.963;68.732;42.653;67.518;66.180;79.972,0.225905889593373,-0.12695038611853796,0.3477075165789992,-0.5098848229846051,0.6398396580385547,0.8495857628617892,1.3110956182293336,2.121401146731937,-0.6091098610693152,-0.929588861428223,0.6946412560561204,1.9038070365407829,14.772,42.613
1766335711.246730,243,102;103;104;105;200;201;202,60.149;69.766;69.125;44.051;68.109;67.015;80.154,0.22497862379784694,-0.1261875526890595,0.34765593558114966,-0.5089615368602537,0.6397397850511277,0.8493188302998744,1.3113621102126587,2.120848051248457,-0.6105880568031217,-0.928561139923466,0.6948650729713797,1.90405727116935,14.705,42.654
1766335711.327463,244,102;103;104;105;200;201;202,60.176;69.680;68.652;41.995;67.886;67.565;80.120,0.22403270666051087,-0.12643477482503074,0.3475346066186504,-0.5089452078502612,0.639495340793975,0.8492815747758671,1.3122664610782588,2.120949387923226,-0.6112878290601427,-0.9276551139025392,0.6956482725645206,1.9046294564724824,14.665,42.638
1766335711.395418,245,102;103;104;105;200;201;202,59.226;70.842;68.339;43.919;66.619;66.442;79.788,0.22450451498509227,-0.1262220274596259,0.3482569004457671,-0.5087342710509647,0.6402046025185021,0.8497687145162534,1.3111825818776386,2.1214058998845093,-0.6112733195140015,-0.9287900726679501,0.6947947742192788,1.9052104313052074,14.682,42.647
1766335711.463181,246,102;103;104;105;200;201;202,58.660;70.512;68.837;45.245;66.251;67.687;79.732,0.2242912301508245,-0.12640947484846782,0.34867241978656044,-0.509223737058836,0.6409010354794038,0.8495336390088342,1.3110697901590147,2.1219035569096087,-0.611509191055747,-0.9294569148710288,0.6945258512948912,1.9052758191318353,14.676,42.633
1766335711.529305,247,102;103;104;105;200;201;202,60.528;70.153;68.962;43.396;67.277;66.280;80.792,0.2246012192276358,-0.12642573620897452,0.3487319441794732,-0.5090571824379984,0.6405068509257363,0.8497486888923016,1.3108103099705746,2.1219561189982374,-0.6112137217032779,-0.9293017671754298,0.6944445501842199,1.9054023222313794,14.692,42.633
1766335711.597289,248,102;103;104;105;200;201;202,59.544;69.846;68.355;46.006;67.162;66.794;79.954,0.22530968548738534,-0.12588465903759166,0.34944585579482623,-0.508852180039829,0.6404142282492904,0.85014735673401,1.3093854400990168,2.1221646777998306,-0.6112111384414614,-0.9298794764960998,0.6937915179241991,1.9054581546800569,14.712,42.661
1766335711.659967,249,102;103;104;105;200;201;202,60.689;70.385;68.599;45.524;67.997;66.478;80.412,0.2245241996096231,-0.12618072482507567,0.3487772996334182,-0.5086378605081467,0.6409062165815873,0.8490434679908296,1.3106873175602645,2.121824387923772,-0.6114947617070614,-0.9293350539655514,0.6936575302115884,1.9050701549878448,14.681,42.646
1766335711.728650,250,102;103;104;105;200;201;202,60.067;68.788;68.921;43.048;67.215;66.729;80.970,0.2253567981705395,-0.12480066192839302,0.34996597536095425,-0.5077566019321487,0.6404443287740268,0.8498963641421725,1.3082894173166313,2.121843743694083,-0.6121984279262009,-0.929683785311028,0.6928710251611774,1.9054351972532575,14.684,42.719
1766335711.793732,251,102;103;104;105;200;201;202,60.913;70.031;68.606;42.133;67.711;66.711;80.953,0.22631245913225978,-0.12504850016699895,0.34997278682923216,-0.5082421259651538,0.6400469268836095,0.8502225543470349,1.3077557426857949,2.121993029720309,-0.6110661698799534,-0.9301798321082505,0.6927607852326587,1.905026968435743,14.739,42.707
1766335711.859720,252,102;103;104;105;200;201;202,59.956;70.816;69.329;43.200;68.096;66.050;80.156,0.22611660713762874,-0.125743769970318,0.3493492622758647,-0.508527014430933,0.6396269571890724,0.8500172347350542,1.3088295118388262,2.1219548209053416,-0.6104803395271693,-0.9295499204951664,0.6933163498502428,1.9049305914789472,14.748,42.671
1766335711.926126,253,102;103;104;105;200;201;202,59.627;70.147;68.829;43.151;66.856;67.224;81.319,0.22700098979336875,-0.1258551865030165,0.3498235398144148,-0.5088941473720161,0.6395121580447519,0.8503666485418301,1.3078571517636817,2.1224120431729823,-0.6097105448643284,-0.9303117900591706,0.6928355552182255,1.9048511964810064,14.795,42.664
1766335711.992280,254,102;103;104;105;200;201;202,59.862;70.552;68.521;45.421;68.726;66.169;80.397,0.22605518814040104,-0.12614049553988907,0.3491931603500786,-0.508651407747608,0.6392260154592134,0.8503493534978778,1.3092311320704741,2.1221031294536536,-0.6101764324587163,-0.9292000578092052,0.6938034240137098,1.9053122936940956,14.756,42.650
1766335712.058705,255,102;103;104;105;200;201;202,59.185;70.877;68.807;42.939;66.741;66.610;81.479,0.22632443138226055,-0.1265966734735138,0.34929845188651787,-0.509252385780641,0.6390646315725607,0.8505077001623114,1.3092049856212167,2.1225074065871037,-0.6096049061812897,-0.9294572298702465,0.6939616017793384,1.9053011317135748,14.782,42.624
1766335712.123502,256,102;103;104;105;200;201;202,59.302;70.356;69.175;43.328;67.323;66.220;80.336,0.22650075276266052,-0.12583718510287603,0.34947786155851834,-0.5087489235989703,0.6388784485075647,0.8507127578819396,1.3085004900767077,2.1221186889236803,-0.6100805714444225,-0.9293768477810682,0.6938214369077552,1.9051846722594603,14.770,42.666
1766335712.189104,257,102;103;104;105;200;201;202,60.340;70.396;68.907;44.362;66.559;66.580;80.894,0.22659007846677626,-0.12677485884843978,0.349377868545481,-0.5093721308441705,0.6397735757836516,0.8503326195821514,1.3090490927151928,2.122692830137931,-0.6092381288351084,-0.9302733004649405,0.6933305681723807,1.9052052514174533,14.800,42.614
1766335712.256723,258,102;103;104;105;200;201;202,59.026;70.253;69.199;42.175;66.940;66.802;81.190,0.2266522357064399,-0.12592566655097742,0.3497584383628421,-0.5088770291902126,0.6390052755194591,0.8510054534389941,1.3081969498053536,2.1224176989256383,-0.6099760713027905,-0.9297439684736957,0.6937275164906885,1.9054857455516054,14.780,42.660
1766335712.321565,259,102;103;104;105;200;201;202,60.042;70.036;68.758;43.312;68.513;67.533;79.765,0.22559372858007717,-0.12631253474590068,0.3491878181201298,-0.5093082494751959,0.638297839646735,0.8506975933251674,1.3096535057526344,2.122235705162616,-0.6105003348553144,-0.9283532627667409,0.6951400007715313,1.9054190955739614,14.738,42.639
1766335712.387765,260,102;103;104;105;200;201;202,60.638;69.264;68.849;43.628;67.420;67.264;80.045,0.22587337601874732,-0.12595248617615543,0.3492057503228958,-0.5093668064982597,0.6380489894865422,0.8508944775046238,1.3092419352807108,2.121987069146509,-0.6105046414050496,-0.9284176472401932,0.6952892038017539,1.9050831233385528,14.742,42.660
1766335712.454629,261,102;103;104;105;200;201;202,60.016;69.590;69.444;42.789;67.270;66.711;80.172,0.22535575842448607,-0.12616110224568775,0.34902119429810474,-0.5095832165125438,0.6384994579138665,0.849900454530564,1.3098817706903125,2.1219930158202596,-0.6107842344413643,-0.9282838707504666,0.6950488718267478,1.9045657737759218,14.722,42.648
1766335712.521894,262,102;103;104;105;200;201;202,59.824;70.462;68.764;43.050;67.751;66.098;80.310,0.22527962119206163,-0.12734975615296576,0.348451347477882,-0.5101296314880982,0.638743479229291,0.8497829839948542,1.3110999663630616,2.122345421616154,-0.6097253001361223,-0.9284066802016476,0.6952876529959948,1.9047818095813034,14.752,42.584
1766335712.586813,263,102;103;104;105;200;201;202,60.818;70.050;68.737;44.023;66.834;67.049;79.848,0.22497538834837488,-0.1266575742388639,0.3486015531460104,-0.5093107108141871,0.6393178339234468,0.8492554059101901,1.31079367927608,2.12199539630187,-0.610614141501704,-0.9284069707661607,0.694518802819482,1.904683958111687,14.717,42.621
1766335712.653461,264,102;103;104;105;200;201;202,60.161;69.927;68.497;43.626;67.550;66.659;80.569,0.224450807445592,-0.12696325869955086,0.3483282229451593,-0.5094316033229305,0.6395839654020713,0.8487668340110891,1.3115708240127775,2.1219934757309002,-0.610790946409159,-0.9281571844738864,0.6946481820871434,1.904614891722963,14.700,42.605
1766335712.716848,265,102;103;104;105;200;201;202,60.036;69.566;68.564;44.099;67.614;66.427;79.883,0.22527229856750194,-0.1257799919382339,0.348788059221277,-0.5086651887775554,0.6397153078786579,0.8493644819198756,1.3099327530981655,2.1215253706227606,-0.6110631167473332,-0.9288744627065191,0.6939201550634054,1.9044901052530514,14.707,42.671
1766335712.784801,266,102;103;104;105;200;201;202,59.737;69.517;68.437;43.205;67.491;65.658;80.188,0.22524534427611367,-0.1256408758065143,0.34853889188331055,-0.5085760954261853,0.6394643438160008,0.8497608161034905,1.3100934330881997,2.1212132327809843,-0.611095392957178,-0.9286573316842848,0.6944322077071892,1.9045735493563116,14.702,42.680
1766335712.849315,267,102;103;104;105;200;201;202,59.016;69.695;68.999;44.078;67.111;65.920;80.137,0.22528264298399375,-0.12526751012780002,0.34854550006908624,-0.5083786965505374,0.6402882002375673,0.8496872311054329,1.3098532728918084,2.120953538199059,-0.6113451931738967,-0.929378265340498,0.6939894224378268,1.9044083344109557,14.694,42.701
1766335712.915582,268,102;103;104;105;200;201;202,59.499;69.604;68.307;43.491;66.888;66.231;80.120,0.22548280304022872,-0.1256117943493475,0.3485646240468003,-0.5086236000780398,0.6399641653018341,0.8499413508473966,1.3098890146729045,2.1212069449439492,-0.6108927176531425,-0.9293316409064641,0.6941834253657384,1.9045871044648226,14.713,42.682
1766335712.979914,269,102;103;104;105;200;201;202,59.002;70.239;68.930;43.428;66.969;65.842;79.905,0.22566776216880693,-0.125784683574666,0.34842818036496026,-0.5087293200656395,0.6401144445787443,0.8499980284133926,1.309976724758484,2.1212055766716347,-0.6105230842741788,-0.9295995726810321,0.6941188720386744,1.904531963385445,14.727,42.674
1766335713.046121,270,102;103;104;105;200;201;202,59.920;69.561;68.801;43.869;67.920;66.345;80.530,0.2259318423839666,-0.12480013153633668,0.34896497973258717,-0.5080888286729603,0.6397279613107001,0.8508283598573166,1.3087705050058522,2.1209625105309127,-0.6112266315944909,-0.9295725597350731,0.6941544013378637,1.904940111011275,14.713,42.726
1766335713.114303,271,102;103;104;105;200;201;202,59.621;70.465;68.443;43.738;67.471;66.440;80.151,0.22516466496025617,-0.12530954237964162,0.3483667818504615,-0.5084349904843801,0.6395171995126033,0.8499628695681594,1.3101163828377294,2.120833246746176,-0.611358121642169,-0.9286497130886456,0.6947088639158499,1.9044947567156534,14.689,42.700
1766335713.185256,272,102;103;104;105;200;201;202,60.697;69.797;68.993;43.356;67.598;66.004;79.217,0.22553447621308287,-0.12496419050031048,0.3482266838045179,-0.5080898163852653,0.6393368751174336,0.8498981782303088,1.309789295325601,2.1204560303250926,-0.611198245865191,-0.9286015631657323,0.6944246828401931,1.9041151252107578,14.698,42.721
1766335713.249377,273,102;103;104;105;200;201;202,59.301;70.281;68.543;43.185;67.530;65.978;80.051,0.22584467491683788,-0.1252692675737673,0.34806286090998184,-0.5081424212959417,0.6388541722318178,0.8500760184183496,1.3098875848153917,2.120520461048628,-0.6105930717460949,-0.9283695134611737,0.6945512271618355,1.904156930524892,14.722,42.705
1766335713.317363,274,102;103;104;105;200;201;202,59.446;70.023;68.896;43.016;67.645;65.982;80.001,0.22562178397319843,-0.12576317446701338,0.3475526525426597,-0.5084662380906051,0.6384363326488075,0.8501548266211111,1.3107678162349805,2.120437665824094,-0.6102325940243942,-0.9278401486062047,0.6953208771722845,1.9041656796267763,14.725,42.680
1766335713.406569,275,102;103;104;105;200;201;202,60.511;70.601;69.868;42.943;66.282;66.121;81.114,0.22465101482470423,-0.12688318690760333,0.3470767481707534,-0.5092617146909727,0.6394649169799622,0.849251714179281,1.3124887597115622,2.1208515742883933,-0.610149680748919,-0.9280181027893414,0.6955299231945602,1.9041604480977006,14.708,42.618
1766335713.474079,276,102;103;104;105;200;201;202,58.938;69.952;68.955;44.265;68.263;66.924;79.449,0.22350258339604856,-0.125446381378258,0.3476323862137443,-0.5086359201339468,0.6396419557120632,0.8494194939063957,1.3119980121192334,2.1203516418261743,-0.6126044834400671,-0.9274728373631493,0.6960998181037215,1.9044902539315074,14.611,42.692
1766335713.539264,277,102;103;104;105;200;201;202,60.125;69.051;68.664;43.403;67.569;67.370;79.926,0.22349863972157408,-0.12484444521946136,0.3480932896490736,-0.5084398686376242,0.639757952280621,0.8498459615493819,1.311258635786839,2.120322968850391,-0.6132519144769324,-0.927741132852162,0.6960940680699104,1.9047418938362544,14.593,42.723
1766335713.605269,278,102;103;104;105;200;201;202,59.565;70.206;68.954;43.846;67.584;66.513;80.533,0.22327595857654498,-0.1253362309227108,0.3481049553887273,-0.5086728992317222,0.6395914532717564,0.8496041100089177,1.3116781955057832,2.1206882710193753,-0.6131031168267663,-0.927425671251423,0.696178554354577,1.9049073543615227,14.596,42.695
1766335713.673137,279,102;103;104;105;200;201;202,60.965;70.260;69.105;44.095;67.598;66.953;80.078,0.22240289147585188,-0.12571900726232496,0.3477597863577613,-0.5084598433026251,0.6402632935360509,0.8490513569172549,1.3128044716242537,2.1206897604150234,-0.6135377838451497,-0.9271580631836228,0.6961659768892053,1.9052473382174058,14.564,42.673
1766335713.738150,280,102;103;104;105;200;201;202,59.829;69.937;69.111;46.001;68.283;65.172;80.929,0.2222418381611691,-0.12586622604858322,0.34760453385783385,-0.507776064043006,0.6401906934703075,0.8489279038491997,1.3131357117438074,2.1206652601868194,-0.6135227702213161,-0.9266706170864957,0.6958477019768557,1.9057170739998734,14.560,42.666
1766335713.806335,281,102;103;104;105;200;201;202,60.530;70.149;68.131;45.967;66.890;65.853;80.652,0.2232232306424822,-0.12576537302136404,0.3481553478768774,-0.5074349466007598,0.6409919340568038,0.8487508120090398,1.3119102131009097,2.1210371045872063,-0.6128491403548357,-0.9279888163859756,0.6941363598279977,1.9056324910676827,14.605,42.670
1766335713.871947,282,102;103;104;105;200;201;202,60.527;69.580;68.921;42.651;68.618;66.059;81.444,0.22329473259028648,-0.12613862419368482,0.34789393222489834,-0.5073274279239057,0.6400918517024999,0.8490974694510279,1.3122990949509161,2.121073604088212,-0.6123889677843475,-0.927177012204162,0.6946592428983004,1.9059877234679763,14.620,42.651
1766335713.938816,283,102;103;104;105;200;201;202,60.536;70.057;68.749;43.780;67.864;66.700;80.905,0.22283473311043608,-0.12620716904236018,0.3477970611390973,-0.5073063033024328,0.6404195301700436,0.8485731830747164,1.3127433418997538,2.1210534744266596,-0.6127534802505921,-0.9270214165299877,0.6945600503209493,1.9058761505507953,14.599,42.647
1766335714.006314,284,102;103;104;105;200;201;202,60.429;70.750;69.121;44.823;67.372;65.274;80.103,0.22300159784463952,-0.12726336484406056,0.3472882409875471,-0.5078576970023783,0.6413005780598937,0.8483762388665341,1.3136649910455305,2.121356606653571,-0.6115790813448355,-0.9278904135501275,0.6943046209192668,1.9058887917147087,14.637,42.591
1766335714.070619,285,102;103;104;105;200;201;202,59.126;70.596;69.265;45.081;67.406;66.559;80.724,0.22390180664456855,-0.1272746533074423,0.34775841633223364,-0.5081221605150504,0.6413130444644151,0.8486945532734419,1.3126294024137775,2.12174066042699,-0.6108681607890699,-0.9287428446989126,0.69370608373696,1.905775888559253,14.682,42.589
1766335714.145362,286,102;103;104;105;200;201;202,59.770;69.815;68.926;43.792;67.288;66.567;80.678,0.2246382559288051,-0.12674424820336647,0.3484508645183638,-0.5083464738999385,0.6410249523076362,0.8493111728588483,1.311209868124878,2.1219380431264288,-0.6108214078716903,-0.9293600800719143,0.6935407590014255,1.9056687647136277,14.703,42.617
1766335714.208872,287,102;103;104;105;200;201;202,59.471;70.614;69.070;42.339;67.077;66.611;80.545,0.22531497976621173,-0.12665088637143626,0.34862375374133514,-0.5088684616653839,0.6406946561595951,0.8495630947452479,1.310533603907518,2.1219984972144847,-0.6102918367834248,-0.9297916599025664,0.6935875040032073,1.9051576398203516,14.734,42.622
1766335714.266099,288,102;103;104;105;200;201;202,59.896;70.707;68.920;44.177;67.488;67.545;79.686,0.22546425454850297,-0.12612064748141613,0.34881953431676666,-0.5088053502099416,0.6399006128933257,0.8493387763005741,1.3099612534241483,2.1217870918907553,-0.6106264215147242,-0.9291849727084435,0.6936551329066328,1.9045853388533214,14.726,42.652
1766335714.335061,289,102;103;104;105;200;201;202,60.189;70.070;69.159;43.203;67.792;66.074;80.346,0.22561298352181675,-0.12597872452487496,0.3487496479022627,-0.5087264576826717,0.6400425233039371,0.8496852216019789,1.3098399702400556,2.1216215433616163,-0.6105590236342118,-0.9294632421256406,0.6937372364389212,1.9046736757579252,14.730,42.660
1766335714.399686,290,102;103;104;105;200;201;202,59.483;70.193;68.844;43.340;67.782;67.209;80.513,0.2263273433840671,-0.12546652649284282,0.34917976805642753,-0.5085783064340813,0.6395399858887069,0.8501004818758916,1.3086773419286124,2.121605675266871,-0.6104144389761003,-0.92964578717328,0.6934625045427638,1.9045189125882183,14.751,42.688
1766335714.467071,291,102;103;104;105;200;201;202,61.077;70.367;68.792;42.670;67.131;66.751;79.842,0.2257075196101625,-0.12588529867723103,0.3488118139762467,-0.5086746475383003,0.6392270584828597,0.8495758369156965,1.309667180867725,2.1216058403091544,-0.6105615214146,-0.928764346320857,0.6938916468197289,1.904473530114519,14.732,42.666
1766335714.533521,292,102;103;104;105;200;201;202,59.847;70.208;68.892;43.955;67.426;66.937;79.228,0.2262425351373434,-0.12536331787265126,0.34923394785779266,-0.5086768186887867,0.6393921610444083,0.8501625783152106,1.3086311572491847,2.121582151662457,-0.6105987406829128,-0.9295254893915424,0.6936883711098643,1.9044792434098934,14.744,42.694
1766335714.600112,293,102;103;104;105;200;201;202,59.297;69.827;68.256;42.958;67.157;67.340;80.833,0.22558116903001152,-0.12570903884904575,0.34901354811239027,-0.5089892899054417,0.6390396231301428,0.8500059899163881,1.3094791942425774,2.1216590921711784,-0.610901956613798,-0.9287747934737094,0.6944715093909654,1.90460697759111,14.721,42.674
1766335714.664068,294,102;103;104;105;200;201;202,59.814;70.299;69.169;45.504;66.773;66.720;81.032,0.2260960890488999,-0.12554400330997403,0.3492488777670197,-0.5090038054334415,0.6396961902766359,0.8498148306623409,1.3088208562913126,2.121727749994241,-0.6106122872109667,-0.9297278402492384,0.6936000561927955,1.9042576548400127,14.742,42.683
1766335714.730614,295,102;103;104;105;200;201;202,59.586;69.200;68.729;42.353;67.268;67.493;80.324,0.22697431422551542,-0.12469425604195092,0.34961040782545927,-0.5087792212559179,0.638900831381719,0.8504862182678206,1.3074162942093561,2.1214081857598615,-0.6105345160208376,-0.9298059529804937,0.69357680056933,1.9039229566389353,14.762,42.731
1766335714.797763,296,102;103;104;105;200;201;202,59.718;69.892;68.829;42.819;66.364;67.139;79.693,0.22698870962502693,-0.12461226245540563,0.34937641426688787,-0.5091138307915342,0.6388651305265945,0.8507645021724646,1.3075667030943274,2.1211483127115596,-0.610488532602771,-0.9299346742054743,0.6941403817813149,1.9036858124769016,14.761,42.737
1766335714.864332,297,102;103;104;105;200;201;202,59.397;69.842;69.421;44.279;68.138;66.719;80.102,0.22709159731138745,-0.12299459190850706,0.34990616307426536,-0.5076201546056521,0.6389648115223105,0.8511794649886432,1.3061260053254267,2.120455885033852,-0.6118295020509114,-0.9299011313336945,0.693465469723971,1.9039768073586263,14.721,42.825
1766335714.929904,298,102;103;104;105;200;201;202,60.610;69.698;69.011;42.479;67.583;66.709;80.381,0.22606077776681502,-0.12439114029758336,0.34881321472760146,-0.5084370257024083,0.6393471922255174,0.8501530737665237,1.3085861494177677,2.120538173161421,-0.6113489560583873,-0.9292999862077288,0.694218241043296,1.9036935400224264,14.708,42.751
1766335714.993736,299,102;103;104;105;200;201;202,59.169;69.597;69.176;42.911;67.857;66.578;79.624,0.22636014632808646,-0.12418991234309382,0.3488250122915084,-0.5081578496465772,0.6387809166193241,0.8503909023175369,1.3082548740012752,2.120395974002535,-0.6112103003653884,-0.9289603753798711,0.6942509725845883,1.9037015594708833,14.718,42.763
1766335715.058606,300,102;103;104;105;200;201;202,59.134;70.307;68.242;42.777;68.037;66.988;80.041,0.22639633961934483,-0.12461599681199169,0.3485724012860509,-0.5086745742317119,0.6380574993414376,0.8508783709644168,1.3086898577730948,2.120478752049783,-0.6107488136658022,-0.928539984850171,0.6952020949614185,1.9038216973595974,14.731,42.741
1766335715.128046,301,102;103;104;105;200;201;202,60.029;69.467;68.976;43.596;67.443;66.301;80.772,0.2262812215708751,-0.1245854991732711,0.3486784772379943,-0.5084780868872129,0.6381230424312706,0.8509522606265628,1.3086596457217252,2.1205523437440656,-0.6109286637889589,-0.9284908698373747,0.6951264621225998,1.9041117256965365,14.725,42.741
1766335715.200211,302,102;103;104;105;200;201;202,59.375;70.193;68.675;43.671;67.073;67.212;80.531,0.22608190609127582,-0.12445954480085544,0.34904145791537805,-0.5084872367597606,0.6379688350278889,0.8507607138093485,1.3084085349751677,2.1207823578338445,-0.6113678356971531,-0.9282556060587225,0.6950405717995591,1.9041702306606514,14.711,42.746
1766335715.265955,303,102;103;104;105;200;201;202,61.255;70.293;68.883;42.750;68.210;66.047;80.723,0.22646067822470253,-0.1244887847749788,0.3486937365982916,-0.5082006779502423,0.6374208978522333,0.8506407703610022,1.308467184360635,2.120491065391169,-0.6108306737325515,-0.9278156574035068,0.6949243140437975,1.9038508859590542,14.731,42.747
1766335715.332868,304,102;103;104;105;200;201;202,59.816;69.949;68.891;44.074;67.094;66.933;80.143,0.2266313627468699,-0.12505485863691426,0.3486645391888666,-0.5088345242910015,0.6378069556524089,0.8507904962465818,1.3086897038191307,2.120860662698222,-0.6102193596454724,-0.9284785385812021,0.6949944550479088,1.903914694032683,14.755,42.716
1766335715.490058,305,102;103;104;105;200;201;202,58.237;70.588;69.412;43.545;66.495;67.093;80.363,0.22726300573352953,-0.12519436144603469,0.3490716725790696,-0.5094689485653342,0.6381618445290779,0.8509781779424872,1.3079685732369803,2.1212885350186346,-0.6096516159006351,-0.9295450006306205,0.6946113018639893,1.9036875521320806,14.790,42.707
1766335715.551372,306,102;103;104;105;200;201;202,60.307;70.370;68.923;43.114;67.057;66.517;79.690,0.227180843203704,-0.1257912452971871,0.34872800987104263,-0.5100976437239054,0.6383888513978622,0.8508439206321666,1.3086613650739007,2.1214176132616727,-0.6091405592852853,-0.9297727882305106,0.6949364807422445,1.903498829068978,14.803,42.675
1766335715.618635,307,102;103;104;105;200;201;202,59.594;69.903;68.771;42.026;66.598;66.425;80.893,0.22696346751571292,-0.1259893813182507,0.3486909650222223,-0.5102121781006262,0.6391247181902039,0.8507155546342546,1.308956032225297,2.121533192483527,-0.6091900714624844,-0.9302810518718234,0.6947509265335045,1.903636532626038,14.798,42.664
1766335715.684635,308,102;103;104;105;200;201;202,59.530;69.686;68.760;42.499;66.794;65.297;81.691,0.22650843177747096,-0.125991886780733,0.34858238684425485,-0.5097524248322951,0.6384234837020314,0.8509013042609079,1.3093703518448148,2.121456811499736,-0.6095950149118158,-0.9292035450553899,0.6952744050801781,1.904193876745063,14.775,42.663
1766335715.749793,309,102;103;104;105;200;201;202,59.270;70.746;68.677;41.444;67.059;67.381;80.721,0.2269859607391344,-0.12688334498134066,0.3487795430648625,-0.5105809044429787,0.6379854890060134,0.8511889167516802,1.309360671668007,2.1222408594710465,-0.6085228629940634,-0.929432402566084,0.6954398575666247,1.904399424969041,14.823,42.613
1766335715.817178,310,102;103;104;105;200;201;202,59.027;70.410;68.411;45.820;67.577;66.429;81.518,0.2265645450074051,-0.1263022955895059,0.3488760253627679,-0.5097376320863195,0.6379633325066223,0.8510308769775741,1.3092456372579473,2.121927325206773,-0.6094213111266207,-0.9288688328149443,0.6952296544615901,1.904656188642364,14.786,42.644
1766335715.882997,311,102;103;104;105;200;201;202,59.610;70.483;68.757;45.707;68.040;66.602;80.562,0.22603110601716378,-0.12498697671905878,0.3490561725098998,-0.5085257590470582,0.6384883172766934,0.851219153502846,1.308725226080893,2.1211699125065895,-0.6110228992332206,-0.928759740532217,0.695019652787529,1.9049817428469682,14.723,42.716
1766335715.949542,312,102;103;104;105;200;201;202,59.403;70.155;68.770;46.234;67.849;67.042;80.885,0.2261759391476758,-0.12494227520209196,0.3492379083344618,-0.508403860193862,0.6383441441358414,0.8511180840412182,1.3084392343433886,2.121289898123742,-0.6109865915117849,-0.9286941904526086,0.6947296555295857,1.9049763889677167,14.729,42.717
1766335716.014841,313,102;103;104;105;200;201;202,58.827;69.597;68.428;43.420;67.395;66.405;80.593,0.2259493483691282,-0.12494196036443139,0.3492930305301367,-0.5083620640382179,0.6386123454160985,0.8513610694992114,1.3085484047549318,2.121344704423441,-0.6112333895876118,-0.9288367330733209,0.6948838414173075,1.9053543090221945,14.718,42.716
1766335716.081234,314,102;103;104;105;200;201;202,59.365;70.016;68.257;42.743;67.697;66.378;80.230,0.22615458386449103,-0.12496190868137501,0.3495913855491719,-0.5082116932026224,0.6384185245375233,0.8517147005299235,1.3081536019766944,2.1216087829052417,-0.6111349869043533,-0.9288726132250547,0.6947518896655768,1.9057886889965394,14.728,42.714
1766335716.149814,315,102;103;104;105;200;201;202,60.950;70.870;68.596;41.855;67.838;66.647;81.291,0.22622657292222412,-0.12546574556356543,0.349288171510928,-0.5084582030358817,0.6381901240574775,0.851742828710573,1.3086516330145366,2.121701835943444,-0.6105584260199247,-0.9287058457847628,0.6950088244068975,1.9058090291822478,14.746,42.687
1766335716.213865,316,102;103;104;105;200;201;202,59.642;70.406;68.399;44.470;67.469;66.055;79.439,0.22720134249449547,-0.12594689140897167,0.349402705681768,-0.5101944527046304,0.6392059240843846,0.851480292900435,1.3081394437875113,2.122107852517874,-0.609273146161624,-0.9308075911302149,0.6945928266266784,1.9044882961400713,14.808,42.662
1766335716.280331,317,102;103;104;105;200;201;202,60.060;71.009;69.182;42.930;67.291;65.991;80.169,0.2271291269904635,-0.12659922677036786,0.34924481637286736,-0.510158768255852,0.6390416847798488,0.8510234450967575,1.3086925296116592,2.1224357351849323,-0.6087845799604621,-0.9304020628394329,0.6943100658500704,1.9046271092811957,14.822,42.626
1766335716.345148,318,102;103;104;105;200;201;202,59.469;70.285;68.128;43.757;68.453;67.018;80.423,0.22674413981479047,-0.12667431143040253,0.3489919184306282,-0.5099792865699528,0.6388544734095385,0.8511241118874348,1.3092256949118397,2.122284146231708,-0.6090068873047517,-0.9298850851247942,0.6947598153644188,1.9049121058633407,14.805,42.622
1766335716.413706,319,102;103;104;105;200;201;202,58.456;70.001;68.453;42.620;68.001;66.860;80.725,0.2264709541856617,-0.12717738937669598,0.3487025154585809,-0.5100491048688861,0.6382357147183008,0.8509112956702812,1.3099516501548145,2.1223998878513193,-0.6087778872861441,-0.929021088517536,0.6951651544948116,1.9050263450001184,14.806,42.595
1766335716.480470,320,102;103;104;105;200;201;202,60.455;69.938;69.207;44.095;67.482;66.207;81.607,0.22646915460976227,-0.12710440692149255,0.34870582443150355,-0.5099076221887175,0.638133529970915,0.850774996204704,1.3099093042861107,2.122351192787897,-0.6088365803496203,-0.9288533999549108,0.6950497175523926,1.904956994802063,14.804,42.599
1766335716.545922,321,102;103;104;105;200;201;202,59.185;70.184;68.761;41.483;67.373;66.608;81.302,0.22645562777312042,-0.12723049145962356,0.3485183209419436,-0.5101445697846042,0.6379704985462301,0.851021423307594,1.3101542165177942,2.1222792861725024,-0.6086785127500606,-0.928792806895307,0.6955161765572457,1.9049613784092059,14.807,42.593
1766335716.612544,322,102;103;104;105;200;201;202,59.994;70.128;68.829;43.449;67.389;67.143;80.234,0.22685055798419093,-0.12639734274335693,0.34894918485925086,-0.5098278550695046,0.6381678415331127,0.8513693652288657,1.309034732532172,2.1220478719849867,-0.6090951905096434,-0.9293553889875096,0.6951307661846231,1.904835118092418,14.803,42.639
1766335716.680132,323,102;103;104;105;200;201;202,58.851;70.480;69.359;42.921;67.839;66.934;80.275,0.2267574730645083,-0.12547747530337353,0.34911443759256644,-0.5091679569659784,0.6380699490145496,0.8518799350040488,1.3084411700305956,2.1215426958414616,-0.6099539245528889,-0.9292038307388097,0.6953061146084152,1.9050560879876555,14.773,42.689
1766335716.745822,324,102;103;104;105;200;201;202,60.375;70.385;68.784;43.550;67.861;67.151;80.755,0.2259157036856023,-0.12599714232557477,0.34860353473049344,-0.509324685627373,0.6384932237446651,0.8509685623197245,1.3097679171524563,2.121498619527242,-0.6101864340506332,-0.928739437913431,0.6954449241810366,1.9048570311009385,14.746,42.661
1766335716.808673,325,102;103;104;105;200;201;202,58.624;69.984;68.451;44.349;67.339;66.609;80.038,0.22620792398009307,-0.1261471678066026,0.348737965120117,-0.5095490501478233,0.6384299802077176,0.8509958082086096,1.3095294241516495,2.121710719921977,-0.6098369721445556,-0.9289708573963306,0.6952882701844846,1.9047719430859213,14.764,42.652
1766335716.874703,326,102;103;104;105;200;201;202,59.977;69.662;68.711;45.085;67.761;66.042;80.563,0.2259714373429299,-0.12543206281472943,0.348651620742768,-0.5088390449356547,0.6385962011853915,0.8509272446714394,1.3093714962246854,2.1211384523255075,-0.6105806083774837,-0.9287498223900322,0.6951530289836941,1.9047099445109326,14.733,42.693
1766335716.942688,327,102;103;104;105;200;201;202,61.085;70.118;69.338;45.042;67.712;67.290;79.481,0.22546840897919468,-0.12622516954066598,0.34795704851694526,-0.5093076643690043,0.6387166980623465,0.8496889208525331,1.3107764186371802,2.121117903299956,-0.6101956239372671,-0.9282150681038848,0.6951880508243924,1.903970574995565,14.730,42.651
1766335717.008396,328,102;103;104;105;200;201;202,59.561;69.906;68.811;43.540;67.515;67.030;80.192,0.2258986106887199,-0.12562199566867302,0.34857767242134347,-0.509132466133526,0.6388232111295975,0.8501814248484582,1.3095933552993109,2.1212115563724105,-0.6104784467211287,-0.9288122760837405,0.6948165869939518,1.9041283475564346,14.734,42.682
1766335717.072435,329,102;103;104;105;200;201;202,60.327;70.169;69.125;43.320;67.222;66.676;80.004,0.22644161458632953,-0.12590953328080798,0.34843054728070244,-0.5095096344006677,0.638215327762201,0.8504147730192579,1.3095047564800968,2.12127004930819,-0.6096627622620218,-0.9287548601895718,0.6950600119483257,1.9038594104342157,14.769,42.668
1766335717.139835,330,102;103;104;105;200;201;202,60.190;69.924;68.522;44.667;66.860;66.141;79.981,0.22654574790100845,-0.12585001714543495,0.3484836580602398,-0.5094581515090686,0.63842896837257,0.8503193531262884,1.309352180407592,2.1212701983676174,-0.6096263221692408,-0.9289919041689527,0.6947828112967324,1.9037725901448852,14.773,42.672
1766335717.208857,331,102;103;104;105;200;201;202,60.439;70.298;68.927;43.833;66.790;66.890;79.943,0.22685887686898532,-0.12591846796922115,0.3483188360685116,-0.509772994119337,0.6381768436543661,0.8505517138598708,1.309317183797958,2.1211661231787855,-0.6091978982729832,-0.9291007649954471,0.6950841085378489,1.9035064763016223,14.791,42.670
1766335717.276526,332,102;103;104;105;200;201;202,60.473;70.263;68.926;43.499;67.173;65.523;80.710,0.22777324241229924,-0.12513374511218955,0.3489090548254468,-0.5101134479820414,0.6383958810714725,0.8509489931119237,1.3077223214335305,2.1210883723179363,-0.6091272218360296,-0.9302963382362841,0.6946413791321315,1.90284455469691,14.814,42.713
1766335717.342962,333,102;103;104;105;200;201;202,60.080;70.399;68.912;42.010;66.688;66.640;80.323,0.2279053591293904,-0.1258452605724952,0.3486350120377343,-0.5109251954864716,0.6387723048079978,0.8508751540627248,1.308268180069424,2.121351111751942,-0.6083448150883133,-0.9308809458515538,0.694824190369736,1.9026130448201826,14.841,42.675
1766335717.411262,334,102;103;104;105;200;201;202,60.158;70.377;69.116;46.075;67.369;66.362;80.431,0.2277286936181241,-0.12516151001853404,0.3487399586677043,-0.509908034782799,0.6394757154392722,0.8503961880147657,1.3079177895281275,2.1209639714392443,-0.6090822025320136,-0.9310110643392238,0.6938323861905472,1.902610040817313,14.813,42.712
1766335717.530951,335,102;103;104;105;200;201;202,60.981;69.962;69.503;44.059;66.900;66.053;80.016,0.2275498155926683,-0.12458559865489774,0.34917318248318197,-0.5088409036444559,0.6393830482776824,0.8505077823463242,1.3073398072937195,2.1209355746081497,-0.6098715772064813,-0.9305829304921173,0.6932903108258891,1.9032939018801494,14.788,42.741
1766335717.631218,336,102;103;104;105;200;201;202,58.485;69.671;69.314;45.317;66.798;66.422;80.131,0.22643834461940882,-0.12390310381380955,0.3494800076574679,-0.5079241395990085,0.6392586725303797,0.8499550316454173,1.3074633735302488,2.1207541488017103,-0.6116143942888558,-0.9294033658542838,0.6932470627778932,1.9037028238017233,14.714,42.775
1766335717.730413,337,102;103;104;105;200;201;202,58.802;69.728;69.048;44.033;66.354;67.515;79.470,0.22718194511467169,-0.12317731596029399,0.3503279028116578,-0.5082335883586917,0.6391380496285104,0.8508567450764373,1.3057933710017553,2.1209449211225797,-0.6117707198338136,-0.9303203277636981,0.6932043410524276,1.9036940989769975,14.731,42.813
1766335717.797709,338,102;103;104;105;200;201;202,59.798;69.736;68.200;43.954;67.597;66.334;80.671,0.226070402998768,-0.1237542993506671,0.3499170271658529,-0.5081077155291902,0.6388383407445042,0.850235417780203,1.307251593800231,2.1210371781511483,-0.6122676308898224,-0.9290013998717278,0.6937759485808864,1.9040804358498171,14.691,42.780
1766335717.861426,339,102;103;104;105;200;201;202,60.276;70.242;68.668;43.188;65.814;65.483;80.658,0.22660286187463732,-0.1250415925990824,0.34958802039668874,-0.509032746424545,0.6397567407502137,0.8496986179384656,1.307888594279703,2.121647203122884,-0.6106291106933938,-0.9302095527404468,0.6930738351663456,1.9037002201126074,14.753,42.710
1766335717.928483,340,102;103;104;105;200;201;202,60.067;70.058;69.248;42.650;68.301;66.462;81.004,0.22644827150166422,-0.12576238236960013,0.34901661228723074,-0.5092580047025449,0.639090883097845,0.84963246611909,1.3089017854620653,2.1216704228362437,-0.6100039335111045,-0.9294004711998209,0.6937130907811134,1.903756603780266,14.765,42.673
1766335717.994506,341,102;103;104;105;200;201;202,59.552;70.344;68.797;44.482;67.004;67.128;80.961,0.22711823152936195,-0.12503242978036783,0.34962861079165214,-0.5090572855043046,0.6394181038956304,0.8498984952465602,1.3074885180644158,2.1216582419991346,-0.6101421018298199,-0.9303047477445667,0.6929472718572408,1.9035550394004572,14.778,42.712
1766335718.061220,342,102;103;104;105;200;201;202,59.613;70.391;68.739;42.929;67.567;66.775;80.862,0.22669664374439535,-0.12532458990463913,0.34941663506104276,-0.5091772879603388,0.6396331619877944,0.8502917367057492,1.308132061544202,2.121696740795615,-0.610252023409303,-0.9302883575923088,0.693550078419311,1.9041037294302774,14.766,42.696
1766335718.127380,343,102;103;104;105;200;201;202,59.511;70.037;69.522;43.218;66.484;66.814;80.072,0.2257064348889931,-0.12578123507101396,0.3491097222711864,-0.5094405095231872,0.6395944423237605,0.8499625164378513,1.3093474073395854,2.1217888092182497,-0.610761658540715,-0.929522004260223,0.694330008942768,1.9043697098428645,14.729,42.669
1766335718.193500,344,102;103;104;105;200;201;202,60.602;70.518;68.733;46.397;67.887;66.770;80.349,0.22439750775901804,-0.1251287247448404,0.34876769675457414,-0.5086073049462876,0.6396577127086646,0.849420592142074,1.3101969254006225,2.121075865924879,-0.6124168583957925,-0.9282984092766369,0.6948023441288121,1.9044801958211834,14.646,42.705
1766335718.258952,345,102;103;104;105;200;201;202,59.172;70.428;68.725;42.833;68.207;65.362;80.002,0.22461011276292867,-0.12571324819975857,0.3481307764152653,-0.508682984216897,0.639374045335526,0.8492640152845198,1.3109361096029881,2.1209338198272074,-0.6115051566249836,-0.9280044655555204,0.6949277165729009,1.9042671974470187,14.673,42.677
1766335718.326208,346,102;103;104;105;200;201;202,60.883;70.087;68.954;45.763;66.729;66.742;79.635,0.22525285931962458,-0.12483998726979693,0.34851848604954855,-0.5082102275382695,0.6392904025590855,0.849824440570436,1.3096592383829022,2.1206287682118132,-0.6116890348454634,-0.9284636552760757,0.6945457203289185,1.9041955288085117,14.681,42.725
1766335718.392746,347,102;103;104;105;200;201;202,59.281;70.004;69.191;43.573;68.141;66.532;80.069,0.2252357322760603,-0.12558597152351111,0.3481751597626438,-0.5087857749234654,0.6390726226334126,0.850228604021848,1.3103898861171186,2.1208613970928982,-0.6110002904715333,-0.928419442432315,0.6952739349523775,1.9044865321302116,14.701,42.685
1766335718.456965,348,102;103;104;105;200;201;202,59.683;70.502;68.399;42.979;68.184;67.179;80.299,0.22565918257765846,-0.12662529054299718,0.3478082715289697,-0.50991371729274,0.6388272150756718,0.8502747001554757,1.3109976237438525,2.1212663295290124,-0.6096422327176496,-0.9287255594092941,0.6957398093473446,1.9041368460578902,14.751,42.630
1766335718.524432,349,102;103;104;105;200;201;202,60.321;70.817;68.708;42.874;66.945;67.187;80.646,0.22652830134658922,-0.12719571367518145,0.34805337670814346,-0.5105123554180535,0.6389703121593916,0.8500400860419843,1.310493677311562,2.121851694590616,-0.6084459608267553,-0.9295775557815458,0.6949490156898499,1.9037317772064903,14.810,42.598
1766335718.590518,350,102;103;104;105;200;201;202,59.955;70.296;68.310;42.114;66.401;66.753;81.005,0.22690377030676004,-0.12698504298576002,0.34845030941434946,-0.5105964017059272,0.6388984966526148,0.8503161280393907,1.309764713420299,2.1220319911950964,-0.6083943549707063,-0.9299437039031123,0.694744837277074,1.9037490279769405,14.822,42.609
1766335718.655921,351,102;103;104;105;200;201;202,59.487;69.162;69.118;43.881;67.592;66.194;80.480,0.22655107664042623,-0.1262911580868611,0.34854707024885573,-0.5098301624597846,0.6386839643979798,0.8505425159514188,1.3095386063875238,2.1216366075296906,-0.6093107869733063,-0.9293780705846173,0.6948900830194058,1.9040960702931213,14.785,42.646
1766335718.722843,352,102;103;104;105;200;201;202,59.590;70.528;69.305;42.559;67.805;67.187;80.430,0.22647315541535112,-0.12612446990510265,0.34825468145124683,-0.5098475825315626,0.6384481255724823,0.8508344127316675,1.3097575245742403,2.1212695246369497,-0.6093971815360414,-0.9291509959280764,0.6954706671237391,1.9040107941727418,14.777,42.658
1766335718.789190,353,102;103;104;105;200;201;202,59.755;70.058;68.903;44.743;67.865;66.126;81.002,0.22593751667092715,-0.12616913899526952,0.34818342663971896,-0.5091316021372254,0.6385348783264468,0.8507206128395935,1.310218690870473,2.121257679310903,-0.6098648671075529,-0.9285752673411765,0.6953335851858289,1.9046830931039418,14.752,42.654
1766335718.855714,354,102;103;104;105;200;201;202,59.912;69.835;68.958;43.304;67.351;67.158;80.685,0.22595755094709363,-0.12601314480123646,0.34844108270280405,-0.5088595862337539,0.6382577905343392,0.8507944722953001,1.3098907680593095,2.121368619842371,-0.6100674468643332,-0.928317055747162,0.6951937125183341,1.9049161975333244,14.748,42.661
1766335718.922164,355,102;103;104;105;200;201;202,61.748;70.117;68.629;43.447;67.439;66.468;80.374,0.2264286690530933,-0.1261633790508027,0.34826107716643134,-0.5089022091805167,0.6387359570153891,0.8503827278460062,1.3098046110525137,2.1213040426296264,-0.6094141844117128,-0.9289365005501433,0.6944693467124248,1.9043960666761626,14.776,42.655
1766335718.986708,356,102;103;104;105;200;201;202,60.615;69.679;68.803;44.747;67.101;66.903;79.859,0.22634586110771113,-0.12536276753527648,0.34853482250113593,-0.5084109970900543,0.6391129859795661,0.850364839106634,1.3091747159430618,2.1209763403564232,-0.6102155949854917,-0.9291694411611988,0.694109500009884,1.9043110217294181,14.749,42.698
1766335719.053857,357,102;103;104;105;200;201;202,58.442;69.984;68.512;43.771;67.308;66.156;79.670,0.22603406857788305,-0.12488635238792739,0.34881985442444213,-0.5076496719295314,0.6393976982481141,0.8507206646900098,1.3088752098588359,2.1208951587057507,-0.6110014348929166,-0.9291246816064737,0.6939259187975766,1.9050583803488914,14.721,42.723
1766335719.119056,358,102;103;104;105;200;201;202,60.272;70.061;68.280;43.378;67.364;66.580;80.260,0.22606910917046893,-0.12501918200695372,0.3486972933870096,-0.5077572025106114,0.6396016260459704,0.8507944043001333,1.3090328529728734,2.120882437371492,-0.610816386310375,-0.9293532852687285,0.6939671362300193,1.9050721164692908,14.726,42.716
1766335719.182874,359,102;103;104;105;200;201;202,60.401;69.751;68.653;42.590;67.903;66.313;79.743,0.22581602244551427,-0.12580116880677644,0.34811617935334677,-0.5081813502582472,0.6391390729299807,0.8506629271674512,1.3101573609462749,2.120943556700552,-0.6102381662289881,-0.9287116633156507,0.6946689657380898,1.9050578630210486,14.735,42.675
1766335719.250497,360,102;103;104;105;200;201;202,60.040;69.851;68.292;43.803;66.709;65.990;79.614,0.22589820866490723,-0.12628982200940075,0.34774079292334154,-0.508663195790906,0.6391012169679455,0.8505897639776041,1.310703227661645,2.1209630055906703,-0.6096337815805207,-0.928774386432599,0.694974846028769,1.9048008590850356,14.753,42.650
1766335719.318489,361,102;103;104;105;200;201;202,59.084;69.819;68.943;42.744;67.894;66.816;79.688,0.2264909767326563,-0.12609558456604078,0.3479089876625313,-0.5088520477329873,0.638121759753348,0.8509655874436297,1.3100334217224603,2.1209507365023073,-0.6092624254747928,-0.928481068914229,0.6952517399510202,1.9045105107570324,14.777,42.661
1766335719.388527,362,102;103;104;105;200;201;202,59.252;70.157;69.113;42.672;67.719;65.631;80.132,0.22766074905642705,-0.12466351407452213,0.348716982106676,-0.5090339727712851,0.6374887882782173,0.8516955651481275,1.3077077359270797,2.1205942990680713,-0.6095190597172031,-0.9291958994176103,0.695137810666142,1.9036104548076693,14.796,42.740
1766335719.454920,363,102;103;104;105;200;201;202,59.450;70.290;69.128;43.904;67.192;67.198;80.405,0.22757417080845171,-0.12381007106702606,0.3493875194604384,-0.5086043199152017,0.6382486293492008,0.8518645065867803,1.306701575180061,2.120570531146603,-0.610523377806816,-0.9299116764423532,0.694553852545078,1.9038500432555523,14.768,42.784
1766335719.522901,364,102;103;104;105;200;201;202,60.374;69.406;69.090;44.501;67.739;66.753;80.395,0.22724490468009265,-0.12378492218690196,0.3491046030028853,-0.5085756439760973,0.6386991846948123,0.8515542717640396,1.3071661833771966,2.12032041338635,-0.6107547116129457,-0.9299740661128755,0.6945764818662051,1.9036581559442816,14.751,42.786
1766335719.609582,365,102;103;104;105;200;201;202,59.136;71.402;68.701;45.024;66.605;65.431;81.440,0.2265037408929559,-0.12559873479882988,0.3483140919079816,-0.5090274979138779,0.6395649181743358,0.8506941505711761,1.3093906705176492,2.1209478654289935,-0.609790920674938,-0.929917302463628,0.6944767321549381,1.9041515835804277,14.764,42.687
1766335719.676663,366,102;103;104;105;200;201;202,59.490;70.364;69.275;44.273;66.476;66.724;80.810,0.22572656785351722,-0.12647543664860503,0.3482573991944032,-0.5094275998037371,0.6399984409925795,0.8499713340418683,1.3104714778963444,2.121545067501892,-0.6098703614163583,-0.9296803103685221,0.694462599286854,1.9044528580881113,14.750,42.636
1766335719.743469,367,102;103;104;105;200;201;202,60.792;70.507;69.339;43.852;67.501;66.206;80.789,0.224491640077932,-0.12748273279459574,0.3474450474974219,-0.5095520127900801,0.640750805486293,0.8486120986075938,1.3126101613010546,2.1215982743323454,-0.609999268808709,-0.9290431912940009,0.6944992290596803,1.9043837250136464,14.717,42.581
1766335719.810805,368,102;103;104;105;200;201;202,60.675;70.234;69.520;45.132;67.108;66.152;80.845,0.22457270784107727,-0.12779704765900518,0.3477659379413855,-0.5094106591459836,0.6413611516021965,0.848435470123459,1.312446347156272,2.1220944906712536,-0.6098087896444581,-0.929583699754759,0.6936942453737831,1.904801479135212,14.730,42.561
1766335719.877353,369,102;103;104;105;200;201;202,59.696;70.716;68.691;43.395;67.003;65.803;80.199,0.22593685937390243,-0.1267730047454386,0.3485887080446878,-0.5102133666792031,0.6410530627384314,0.8496343591621348,1.3101989391821347,2.1220338836149137,-0.6095688996963282,-0.9310086570936876,0.6938698687925777,1.9040939532482422,14.768,42.617
1766335719.943594,370,102;103;104;105;200;201;202,60.108;69.551;69.305;43.849;67.136;65.763;80.618,0.2259297970005718,-0.127583952285331,0.3484642625121905,-0.5102101389259951,0.6413887407497258,0.8491616602554871,1.310765687381537,2.122500366847769,-0.6089082356966742,-0.9310974327329514,0.6932744301404439,1.9043533387891534,14.791,42.572
1766335720.011118,371,102;103;104;105;200;201;202,58.481;70.240;68.766;43.293;68.645;65.680;79.712,0.22638465602587327,-0.12570079391200012,0.34927344733074545,-0.5098593688021049,0.6399307760685679,0.8505357641858489,1.3086854954535194,2.1218501299971964,-0.6102171077605737,-0.9305910775444834,0.6942372155443175,1.9042242009844492,14.760,42.675
1766335720.076840,372,102;103;104;105;200;201;202,59.483;70.457;69.334;43.578;67.006;66.766;81.535,0.22642714986009255,-0.12551479711719227,0.3496455817752983,-0.5096761480431582,0.6393764424242679,0.8508724956219902,1.3082242249003426,2.122037475753369,-0.6104662394518167,-0.9302112949059057,0.6943605101620265,1.904600855298573,14.757,42.683
1766335720.151817,373,102;103;104;105;200;201;202,61.024;69.916;68.558;44.206;68.117;67.141;80.307,0.22651257036002664,-0.1266736405950709,0.3492770746056135,-0.5104097585332399,0.6400436381745115,0.8504028229958227,1.3091355418405364,2.1225370740524663,-0.6093514026593477,-0.9308497283316811,0.6940825353338952,1.9044808098529458,14.794,42.620
1766335720.217234,374,102;103;104;105;200;201;202,61.525;70.119;68.741;44.295;67.763;65.785;80.788,0.2268366214908912,-0.1253764030371112,0.3496340764510924,-0.5101727301797937,0.6396128874093913,0.8507489087970901,1.307871777318968,2.1219158312906905,-0.610161443907395,-0.9308583615160672,0.6942402647630652,1.9038684265516475,14.774,42.692
1766335720.285209,375,102;103;104;105;200;201;202,58.795;70.242;68.468;45.481;68.046;66.751;80.566,0.22696559779626344,-0.12604449106107904,0.3490688366140462,-0.510304248817674,0.639288371369482,0.8502647192297248,1.3086523893015949,2.12189745447516,-0.6092980044718426,-0.9304220082486583,0.6942067694580838,1.9035262572472744,14.799,42.658
1766335720.350355,376,102;103;104;105;200;201;202,60.099;69.479;69.392;43.479;67.161;66.533;80.480,0.2274245874268186,-0.12571668358310675,0.34940733679186137,-0.5099160875306231,0.6391958965000762,0.8502185175310965,1.3078513920839747,2.1219414174899645,-0.609229177649101,-0.9305818231111286,0.693506052147433,1.9034510186472589,14.813,42.676
1766335720.410591,377,102;103;104;105;200;201;202,60.153;70.200;68.739;43.557;67.245;67.102;80.931,0.22658267146586497,-0.12523210086919917,0.3495223255077399,-0.5095483821111456,0.6396051507704585,0.850070823684023,1.3080667963427932,2.121726126322335,-0.6104777521214239,-0.9302994390933187,0.693708609944944,1.9037371525914757,14.757,42.700
1766335720.475971,378,102;103;104;105;200;201;202,60.594;70.455;68.766;45.786;67.495;65.945;80.505,0.2264122889679405,-0.12471789861777953,0.3495256163150283,-0.509032017312661,0.6402474028192533,0.8500891449016332,1.3078958634329947,2.121370864536793,-0.611038941396061,-0.9306376344819655,0.6933927603736354,1.9038305834832197,14.735,42.729
1766335720.539343,379,102;103;104;105;200;201;202,59.844;69.766;68.690;43.619;68.370;65.740;80.980,0.22684406131631615,-0.12444936533433172,0.34954970008844416,-0.5095247041815587,0.63938354875911,0.8507553896372329,1.3074239842361752,2.1211870615032065,-0.6108253240673193,-0.9305009467451661,0.6942334529683831,1.9034937311340372,14.749,42.745
1766335720.604006,380,102;103;104;105;200;201;202,60.583;69.706;68.683;43.960;67.346;67.203;79.722,0.22714902052238597,-0.12453259220612031,0.3498928034572633,-0.5092985601872857,0.6396613480870555,0.8508117286473171,1.306955555085601,2.121530893930631,-0.6105980345903516,-0.9309356872103024,0.6935440078834452,1.9038271301043932,14.766,42.739
1766335720.704212,381,102;103;104;105;200;201;202,60.476;70.388;69.413;44.027;66.652;66.263;79.645,0.2274149123164846,-0.12531158377038545,0.34965616538717864,-0.5098233738896687,0.6404751992634783,0.8504944329401706,1.3074130700455773,2.1218693643581403,-0.6096470585573758,-0.9318452748965552,0.6930586086974999,1.903653683461044,14.801,42.697
1766335720.770215,382,102;103;104;105;200;201;202,60.330;69.110;69.182;41.812;67.024;66.915;80.804,0.2275123716802457,-0.12558551037823554,0.34950485208963333,-0.5102372985206972,0.6399847147555083,0.8504061766861626,1.3076311519468093,2.1219295809634406,-0.6092812967196432,-0.931541730538663,0.693414793914058,1.9033474125585694,14.813,42.683
1766335720.837656,383,102;103;104;105;200;201;202,58.932;68.934;68.843;44.385;67.246;67.187;79.759,0.22737509657488822,-0.12389079637545644,0.3501541560984448,-0.5089137454046156,0.6399802651184854,0.8508502832300222,1.3062098375881508,2.1212939246064515,-0.6109672876637077,-0.9313520108414367,0.6930406164483195,1.903669453328272,14.760,42.774
1766335720.901466,384,102;103;104;105;200;201;202,60.243;69.597;69.237;43.159;66.536;66.037;80.084,0.2274411001026777,-0.12468508065880309,0.34964991466354417,-0.509340205465194,0.6397115761088168,0.8504503706837233,1.3070510509560647,2.1214198848065986,-0.6100952170838196,-0.9310487360885562,0.6932018803540165,1.9033643472538024,14.785,42.732
1766335720.968245,385,102;103;104;105;200;201;202,60.818;69.935;68.823;43.281;67.963;67.420;79.437,0.22755238669845843,-0.12435892569249324,0.34949613442711264,-0.5092424158465602,0.6389521257880715,0.8509204506335859,1.306927128330295,2.1210530386862905,-0.6101712707660543,-0.9305127795710538,0.6938600543302311,1.9033015618759541,14.782,42.752
1766335721.034141,386,102;103;104;105;200;201;202,61.381;69.648;68.858;43.902;67.885;66.878;80.248,0.22758970109722138,-0.12424164530721953,0.34932025830050395,-0.5087495091899211,0.6384969052968431,0.850714938895473,1.3069906660013344,2.120817467078234,-0.6101528079451414,-0.9298819143741303,0.6937136518265897,1.9032262114001472,14.780,42.760
1766335721.100357,387,102;103;104;105;200;201;202,60.158;69.391;68.986;44.620;67.339;66.424;79.888,0.22760835459478904,-0.1245272370021994,0.349320367327255,-0.5089533868017542,0.6387900948293309,0.8506598048758034,1.307136811544101,2.121018965336478,-0.609917191583434,-0.9301919510743576,0.6935911895347322,1.9032918321933716,14.789,42.744
1766335721.168195,388,102;103;104;105;200;201;202,59.401;69.869;68.250;43.092;68.437;66.059;79.701,0.22689717203940152,-0.12450279540404122,0.3487177924574025,-0.5086200612676435,0.6382660329085994,0.85092444371181,1.3081496078216137,2.1205070643693107,-0.6103975372279158,-0.9290865980003473,0.694675242344783,1.9036501369125953,14.753,42.747
1766335721.230151,389,102;103;104;105;200;201;202,60.459;70.214;68.542;43.792;67.850;66.203;80.232,0.22662240931566008,-0.1256389176848313,0.34804042968626525,-0.5094636446249957,0.6384286136410277,0.8507097005636496,1.3095713399388547,2.12073661945832,-0.6095327484967289,-0.9290759329274314,0.6953079212913145,1.9035823092500177,14.771,42.687
1766335721.296589,390,102;103;104;105;200;201;202,60.023;69.902;68.227;44.576;68.283;66.568;79.380,0.22619573764546372,-0.12549933986385628,0.34793588167977674,-0.509129698442405,0.6385592776655215,0.8507275930129616,1.309883023349648,2.1205621341516765,-0.6100193218678067,-0.9287919760003924,0.695474727877385,1.9038751256699968,14.746,42.694
1766335721.365760,391,102;103;104;105;200;201;202,61.468;69.726;69.220;45.340;67.911;67.041;80.125,0.2255436033508925,-0.12540834396669198,0.34791937961900193,-0.5090533300077399,0.6388932190220523,0.849977511972159,1.3103014118891851,2.120505228285267,-0.6107276246859076,-0.9284726987905693,0.6953350883173871,1.9036541367431727,14.711,42.698
1766335721.436754,392,102;103;104;105;200;201;202,60.144;69.669;69.263;42.968;68.325;66.698;80.429,0.22543484651432588,-0.12522390098494293,0.3479169967574717,-0.5088789953666988,0.6387210112981819,0.8503141205902531,1.3102763947931433,2.120376305519406,-0.6109746864381976,-0.9282762724692417,0.6956457989979222,1.9039109796167457,14.701,42.708
1766335721.502002,393,102;103;104;105;200;201;202,59.738;70.143;68.830;43.560;67.406;65.967;79.935,0.22526778239649733,-0.12538561076772375,0.34785750490057255,-0.5086526357837317,0.6387331385745357,0.8502991280755792,1.310535482834851,2.1204449613207035,-0.6109931389805644,-0.9280656167814234,0.6956005799870415,1.9042325395400306,14.697,42.699
1766335721.571086,394,102;103;104;105;200;201;202,59.975;70.076;68.517;45.786;67.426;66.344;80.113,0.22512496369377114,-0.12534586940514333,0.3479693052002335,-0.508600851695318,0.6392383950250121,0.8502513929999772,1.3105144018137465,2.120517870315819,-0.6112098075939393,-0.9284228548286985,0.6953775891221987,1.9043829705929405,14.688,42.700
1766335721.690926,395,102;103;104;105;200;201;202,59.391;70.393;69.349;43.919;67.261;66.310;80.648,0.22502092440015273,-0.12604564176618932,0.3478817631004534,-0.5089062004521901,0.6392066354953839,0.8502751724549781,1.3110545497168231,2.120940875156718,-0.6107450966764263,-0.928355617750879,0.6955338768330567,1.9047530687345051,14.703,42.661
1766335721.757699,396,102;103;104;105;200;201;202,60.293;70.058;69.192;42.647;67.869;66.013;81.010,0.22504464182874628,-0.12641886941712832,0.34784570767549233,-0.508997752149491,0.638931749295373,0.8503094278102805,1.3112780309124688,2.1211730024888356,-0.6104230042426444,-0.9281195928017161,0.6956259269215707,1.9049585451236295,14.714,42.640
1766335721.824548,397,102;103;104;105;200;201;202,59.906;70.736;69.035;44.288;66.750;66.104;80.090,0.22617224488440701,-0.12491754576281194,0.34902163011309767,-0.5091462644137311,0.6391956022572116,0.8511327010502863,1.308618559964422,2.1210863339087056,-0.6109220583809385,-0.9296979916855037,0.6950039914554923,1.9044117632142412,14.728,42.720
1766335721.892452,398,102;103;104;105;200;201;202,58.828;69.508;69.793;44.812;65.993;66.900;80.069,0.22610827813440612,-0.1231972783486431,0.3499696278138584,-0.5079265860390219,0.639080116650902,0.8518694568259944,1.306868045989206,2.1206868583836105,-0.6126746616005105,-0.9296150139275933,0.6947039057054348,1.9049888544065958,14.678,42.811
1766335721.957099,399,102;103;104;105;200;201;202,60.807;70.727;69.443;43.023;68.092;66.531;80.120,0.22498615137046574,-0.12489484093790257,0.3490538195599091,-0.5087257730358641,0.6397056534958007,0.850292818947554,1.3094040971326184,2.1211373875288797,-0.6121268928990402,-0.9290427941230043,0.6948658230705752,1.9047289293828942,14.669,42.718
1766335722.021748,400,102;103;104;105;200;201;202,60.466;69.807;69.160;44.284;67.053;66.575;81.018,0.22633193753796998,-0.12368515861137615,0.35017923145958835,-0.5093014811298002,0.6391907872677933,0.8511193242938249,1.3067997565805576,2.121205092241096,-0.6121666352539625,-0.9301770803806086,0.6946265252540668,1.9039231470270397,14.702,42.783
1766335722.088024,401,102;103;104;105;200;201;202,60.780;69.981;69.520;44.109;68.395;66.773;80.590,0.2259069140932096,-0.12435505529642352,0.3497272990850903,-0.5092885586585775,0.6395541836087796,0.8507220196056524,1.3078678730635267,2.121304583473204,-0.6118964674070102,-0.9299848837675939,0.6946163877489843,1.9041534914461904,14.699,42.747
1766335722.153637,402,102;103;104;105;200;201;202,59.931;69.212;68.949;41.747;67.755;65.578;80.741,0.22593858830273425,-0.12507330783197831,0.34930872146740627,-0.5093893189308483,0.6391967387607415,0.8505359851741027,1.308615350465878,2.1214515120813147,-0.6111504424768833,-0.9295319286391281,0.6947362625448095,1.904226180438269,14.721,42.709
1766335722.221641,403,102;103;104;105;200;201;202,60.528;70.102;68.645;41.827;66.580;66.310;81.052,0.2261949227331674,-0.12641571501383234,0.3489194076010636,-0.5102381848367925,0.6396402909420176,0.8501456670461264,1.30952839054421,2.122057358398096,-0.6097184266280719,-0.9301184079017089,0.6945080013578494,1.9041151533864538,14.771,42.636
1766335722.286326,404,102;103;104;105;200;201;202,60.064;70.478;68.906;43.718;68.647;66.768;80.116,0.22580188552507408,-0.12632684120656676,0.34877732088877683,-0.5098405936079606,0.6391522549798102,0.8503502743260246,1.3098780625131712,2.121885312632253,-0.6101181232764697,-0.9293043536735652,0.694994136311346,1.904537036770394,14.749,42.641
1766335722.352695,405,102;103;104;105;200;201;202,60.226;70.620;68.091;42.070;67.658;66.180;79.700,0.22628589512010094,-0.1272648008757836,0.3483698848613391,-0.5105568369687089,0.6387380998273806,0.8504104790894624,1.3104224982879342,2.1221813991673524,-0.6087607217660821,-0.9293561079528445,0.6952814835287873,1.9043242884419822,14.799,42.592
1766335722.418704,406,102;103;104;105;200;201;202,59.707;70.017;68.488;43.837;66.672;66.435;79.852,0.2263648653563578,-0.12746145549194296,0.3482172993121442,-0.5107428642059654,0.6394189799815801,0.8501235599528575,1.3106114579800359,2.122186313253295,-0.6084713472467527,-0.9299801297259239,0.6949115312195132,1.9040703428816126,14.809,42.582
1766335722.484911,407,102;103;104;105;200;201;202,58.640;70.420;68.478;42.899;65.054;66.683;79.910,0.22709532579379652,-0.1273944405981436,0.34890436704792505,-0.511084320832683,0.639493543557653,0.8504527419711139,1.3094592654422437,2.122706007679398,-0.6080755563725114,-0.9308542553468149,0.6943600650847871,1.9040726953156069,14.843,42.583
1766335722.551942,408,102;103;104;105;200;201;202,59.394;69.630;68.922;43.638;67.029;66.166;80.319,0.22706594633320049,-0.12801573555296716,0.34873676187919106,-0.5110392088515809,0.6398878609660392,0.8503094024475842,1.3099736460317373,2.1230018731093923,-0.607563931539993,-0.9310516308442958,0.6940203629069985,1.9044419696102088,14.859,42.549
1766335722.617654,409,102;103;104;105;200;201;202,60.345;69.927;69.172;43.322;67.402;67.152;80.028,0.22676612489800377,-0.12801623537133855,0.3481662702994086,-0.5112091708675204,0.6398654103152012,0.8500578625143976,1.3106856986654227,2.1225209411241535,-0.6076308860856092,-0.9307378452739797,0.6945538481959876,1.903953325016287,14.844,42.552
1766335722.684327,410,102;103;104;105;200;201;202,60.259;70.429;68.663;44.461;67.583;65.944;79.927,0.22591309280726574,-0.12869614162860427,0.3475662785569312,-0.5110880021894959,0.6400665075194755,0.8497034995435273,1.3121884041761354,2.12251323567958,-0.6077159218775248,-0.930060523065444,0.6949800080811326,1.9044131530171988,14.821,42.515
1766335722.749020,411,102;103;104;105;200;201;202,59.701;69.718;69.185;43.517;67.781;66.580;79.422,0.2259229962647995,-0.12801687117026875,0.3479185096978721,-0.510522400052076,0.6396302298937808,0.8502707071951426,1.3114925633084857,2.1223363777630997,-0.608365522546555,-0.9297259404602869,0.6951301596780849,1.9048366351170885,14.803,42.551
1766335722.816953,412,102;103;104;105;200;201;202,61.875;69.630;68.659;43.524;67.269;66.906;80.838,0.2267176060648578,-0.1274999443951244,0.34873919361149325,-0.5102271672233644,0.638894022360447,0.8506408334339642,1.3099270830360459,2.12265118841537,-0.6083027465506609,-0.9297567456837902,0.6945314457618191,1.9049162078277073,14.827,42.577
1766335722.881281,413,102;103;104;105;200;201;202,59.368;69.960;68.983;45.786;66.936;65.981;80.406,0.22741286902196903,-0.12527233947029684,0.35012734546804697,-0.5094674930290949,0.6395999602644339,0.8513079945380971,1.3069773808890062,2.1222471391282474,-0.6098683702403569,-0.9311949123679285,0.6934410658512093,1.9046701194261177,14.800,42.696
1766335722.949009,414,102;103;104;105;200;201;202,59.859;69.975;68.558;42.973;67.527;66.951;80.479,0.22744368244963334,-0.1262321296306558,0.3496869967226716,-0.5100843589787064,0.639210177288325,0.8512394870324886,1.3078789342211714,2.1225460502547926,-0.6089304072173729,-0.9308978455755947,0.6939277716097316,1.9046601058338937,14.828,42.645
1766335723.014254,415,102;103;104;105;200;201;202,59.219;69.563;68.831;43.660;67.368;66.047;80.260,0.22832131022760316,-0.12437997805849944,0.35079585581430534,-0.5100616715841221,0.6389166301017003,0.8519167163267056,1.3052576498949542,2.12215970307002,-0.6099163912044977,-0.9317352791073286,0.6936607749462889,1.903881348914311,14.820,42.745
1766335723.082812,416,102;103;104;105;200;201;202,59.959;70.326;68.867;43.016;67.744;66.209;80.137,0.22777258612654191,-0.1248800312917577,0.34992116302583914,-0.5098041157727761,0.6384783193506667,0.8515545716969108,1.3066896830564914,2.1217799140976092,-0.6097277858809781,-0.9305992583101225,0.694251675072569,1.903908524352885,14.807,42.720
1766335723.145569,417,102;103;104;105;200;201;202,60.068;69.775;69.019;42.971;68.068;67.215;80.546,0.22768447661722555,-0.12493788771107393,0.34964985739149296,-0.5098564242673795,0.6379844812465023,0.8516434424715207,1.3070224098824805,2.121590404543063,-0.6096619415589645,-0.9300806878384661,0.6947641824738326,1.9038260205294804,14.804,42.719
1766335723.214903,418,102;103;104;105;200;201;202,60.014;70.641;69.033;43.264;68.397;66.901;79.346,0.22736240590171353,-0.12504766095192926,0.34902185321884294,-0.5096561507342949,0.6380689915896406,0.8511680364413157,1.3078613729424715,2.121138521379111,-0.6096447818022341,-0.929643195235876,0.694889538524998,1.9034951332989722,14.791,42.716
1766335723.278797,419,102;103;104;105;200;201;202,59.988;69.610;68.809;45.300;68.095;66.787;79.568,0.22706049400521083,-0.12408776655459475,0.3493448723694818,-0.5087039030065278,0.6381417912790351,0.851364477826352,1.3072519493692425,2.1207476524373066,-0.6108036403588191,-0.9293631168181096,0.6946775375709983,1.9038663296306833,14.750,42.767
1766335723.346159,420,102;103;104;105;200;201;202,59.195;69.663;69.153;45.370;67.791;65.712;79.937,0.22632360611693508,-0.12343863550149399,0.34908493344376573,-0.5073423504378073,0.6386346444703176,0.8509705666948908,1.3076321904316253,2.1200892793455197,-0.6119221893332193,-0.9287616475491409,0.694242617541066,1.904237992305086,14.695,42.804
1766335723.413944,421,102;103;104;105;200;201;202,59.714;70.132;68.900;44.029;67.297;66.655;79.579,0.22647247346482052,-0.12339588129566831,0.349058117133843,-0.5075217113560881,0.6387593325108732,0.8509180062614393,1.3075282476790906,2.120030987907024,-0.6117965030893555,-0.9290249630877992,0.6941885158301305,1.9039627144328968,14.702,42.807
1766335723.482828,422,102;103;104;105;200;201;202,59.991;69.783;68.745;44.441;67.677;65.981;80.522,0.22616511657309185,-0.12341776736409957,0.34899173937912725,-0.5071382650980306,0.6390622180766515,0.8506056242449291,1.3078130400812478,2.119999573872451,-0.6120574934797179,-0.9288734600710404,0.6938811237518087,1.9041524389405793,14.687,42.805
1766335723.546776,423,102;103;104;105;200;201;202,60.816;70.182;69.662;42.966;68.011;66.606;80.729,0.2257934771309437,-0.12411185044136291,0.3486707593059799,-0.5075957682677706,0.6394618597887727,0.8506118625761098,1.3087420294455165,2.1202267833104083,-0.6117686971248277,-0.9290313054651244,0.6942898308414768,1.9044348135928333,14.687,42.767
1766335723.647201,424,102;103;104;105;200;201;202,60.446;69.275;69.146;43.471;67.157;66.770;80.399,0.22602527912650516,-0.12465649218482959,0.3487099557297139,-0.5082565116302487,0.6396628200090316,0.8507517684817729,1.3088498964085442,2.1206382025678416,-0.6111407581347869,-0.9295883740534847,0.6943664861160079,1.9044498389886124,14.714,42.736
1766335723.767741,425,102;103;104;105;200;201;202,58.870;69.979;69.081;42.659;66.201;66.902;80.821,0.22666254197510655,-0.12474510514898401,0.3494253155588372,-0.5087404684310597,0.6398407284488036,0.8509322044693524,1.3078250157771225,2.1212953770104614,-0.6107301091225492,-0.9305006381056162,0.6937775930364409,1.9044451488396068,14.748,42.728
1766335723.848751,426,102;103;104;105;200;201;202,60.289;70.076;68.771;46.170;67.111;66.744;79.975,0.22670193851375825,-0.12440328997213283,0.34975163522892877,-0.5084225719328836,0.6404253646187595,0.8506622146091293,1.3073193883516805,2.1213330184850054,-0.6110822919955645,-0.9309699384855046,0.6930251642159995,1.9044127342731538,14.740,42.746
1766335723.905884,427,102;103;104;105;200;201;202,59.411;70.076;68.928;43.938;67.797;65.840;80.713,0.227086025537837,-0.12437356869010378,0.3500926312048446,-0.5088499131058061,0.6395992047468433,0.8510882596134061,1.3067346776972175,2.1215924301237146,-0.6108616854973538,-0.9307893006281988,0.6934292663859709,1.9043521445114648,14.759,42.746
1766335723.973069,428,102;103;104;105;200;201;202,60.508;70.555;68.182;42.656;67.308;65.112;80.321,0.2273237964912716,-0.12501158356238554,0.3496376209859802,-0.5101351919524462,0.6394545475162687,0.8510575008344279,1.30732567671297,2.1216442762139494,-0.6099580522927955,-0.9311298637844946,0.6942131833509191,1.9035675425627894,14.788,42.714
1766335724.035434,429,102;103;104;105;200;201;202,59.753;70.854;69.778;44.482;66.582;65.542;80.327,0.22801576847786753,-0.12472253596697173,0.3500381554955229,-0.5107335341525283,0.6403242387262877,0.8511070528672093,1.3063293064544332,2.1217608356671436,-0.6096538562389557,-0.9326981874924682,0.693580896316533,1.902928274345381,14.815,42.729
1766335724.100592,430,102;103;104;105;200;201;202,60.141;69.737;69.360;42.683;67.325;65.623;81.476,0.22723790849360695,-0.125254006631981,0.34968018873437223,-0.5101247988356405,0.64004845015913,0.8507125751798172,1.3074831867892387,2.1218553261186375,-0.6098757755819619,-0.931511334444473,0.6937070931076783,1.903634563949102,14.791,42.700
1766335724.165828,431,102;103;104;105;200;201;202,60.789;70.712;69.402;44.368;68.117;66.346;80.890,0.22660897846796008,-0.12624775374165967,0.3489700177722238,-0.5102278857750084,0.6403024260139509,0.8502140103387651,1.3091014348142727,2.121968189984837,-0.6094566428263158,-0.9310277498768877,0.6939727347426878,1.9039114359636704,14.787,42.646
1766335724.233942,432,102;103;104;105;200;201;202,58.931;70.043;68.750;44.985;67.783;66.479;81.135,0.2261341062431465,-0.12608248114429338,0.3491144941904853,-0.5093809360873857,0.6402572307728897,0.8503391668235764,1.3092130763221395,2.121991698574777,-0.6101107899371695,-0.9304382036519802,0.6938427095418563,1.904767234673352,14.759,42.654
1766335724.297564,433,102;103;104;105;200;201;202,58.990;70.143;68.470;42.343;68.725;66.808;80.928,0.2259332961773706,-0.1267062744175503,0.3489020684157661,-0.5093519382650306,0.6392700640388688,0.8506364917302022,1.3098881247650693,2.1222567281402163,-0.6097493265092396,-0.9293700755567982,0.6945273228105976,1.9053968923820186,14.766,42.619
1766335724.365807,434,102;103;104;105;200;201;202,59.746;70.221;69.016;42.928;68.000;65.603;81.050,0.22558225965246598,-0.12717181529699606,0.3483798976241358,-0.509176913914798,0.6391873000773167,0.8504856549649056,1.3108526023318985,2.122147905764697,-0.6095323395097236,-0.9288286995069444,0.6948005862544057,1.9056360639147516,14.762,42.595
1766335724.430175,435,102;103;104;105;200;201;202,59.994;70.850;68.506;42.937;66.976;67.615;81.344,0.22618980178675277,-0.1283424415955915,0.3480958172789524,-0.5107929835333589,0.639250992018684,0.8504389219118784,1.3113317165083633,2.1227103352246117,-0.6079246221435948,-0.9296930624600986,0.695167612839461,1.9049773209468763,14.825,42.533
1766335724.496423,436,102;103;104;105;200;201;202,60.613;69.932;68.233;43.560;68.522;67.152;81.153,0.22593764791308535,-0.12819880708264797,0.34809408491671273,-0.5105164969663707,0.6386828477521886,0.8505655654932961,1.3114291146842842,2.122615815927022,-0.6082830613792253,-0.9289552678611939,0.6955388178762021,1.9052222538060666,14.808,42.540
1766335724.563940,437,102;103;104;105;200;201;202,60.389;68.939;69.136;42.474;68.326;66.767;80.570,0.2259146235763616,-0.12778158538660836,0.34857167510986853,-0.5099685611031176,0.6384245161144901,0.8511180664681773,1.3107918224765607,2.1227331675021124,-0.6088159415335556,-0.9287587865400478,0.6954910915205039,1.9059388269121593,14.795,42.560
1766335724.629428,438,102;103;104;105;200;201;202,60.151;70.305;68.761;43.887;67.506;67.488;80.878,0.22641806950670723,-0.12679843223532475,0.34913034159387485,-0.509922741253158,0.6389145209449943,0.851486322475614,1.3094003130283651,2.122502170910278,-0.6092909417482243,-0.9297974931434991,0.6950556530663925,1.9055710392336098,14.793,42.614
1766335724.697468,439,102;103;104;105;200;201;202,60.287;70.036;68.859;42.261;66.682;67.147;81.222,0.2269126402083216,-0.12738534615680835,0.3493316883045519,-0.5108327249799505,0.6391355953279055,0.8515781871484052,1.3092050841428835,2.1230738237998814,-0.6084352472198565,-0.9306501518639049,0.6949447696419145,1.905383045716631,14.834,42.581
1766335724.761172,440,102;103;104;105;200;201;202,60.177;69.364;68.286;44.088;67.355;66.782;78.926,0.22698494318952553,-0.12707552169767702,0.34905038900008,-0.5106656362518169,0.6388154005003893,0.8514264652585715,1.309229865626153,2.1226100321719117,-0.6084864716331433,-0.9302952716919723,0.6950798074916849,1.9049030710477117,14.829,42.600
1766335724.826433,441,102;103;104;105;200;201;202,59.822;69.372;68.704;42.606;68.019;66.258;80.283,0.22638427094927102,-0.1277143635443259,0.34837724436263123,-0.510763197299595,0.6385393630086422,0.8512539928815466,1.3105980131697357,2.1225022649634218,-0.6083238460366183,-0.9294630946433946,0.695827672596122,1.9051043270776895,14.817,42.567
1766335724.895724,442,102;103;104;105;200;201;202,61.438;70.531;68.901;43.824;67.482;67.040;80.022,0.2262331023443678,-0.1280130418364647,0.34770065615048684,-0.5108299704475366,0.6384190580824861,0.8508888374907929,1.3114659337870316,2.1221354747082826,-0.6079736951428004,-0.9290470211036473,0.6961280364966257,1.9046926478353232,14.818,42.554
1766335724.962056,443,102;103;104;105;200;201;202,59.569;69.419;68.308;42.907;67.687;66.786;79.890,0.22639066992232584,-0.1274714896587047,0.3478550685376628,-0.510637303266312,0.6382498417188767,0.8512736234071131,1.3109180917344299,2.1218804255491173,-0.608292384543972,-0.9290967671438279,0.6962623387995459,1.9046690138733389,14.811,42.584
1766335725.026500,444,102;103;104;105;200;201;202,59.055;70.330;69.008;42.869;67.752;66.803;80.279,0.22656500299149604,-0.1275337001644528,0.3479999394617995,-0.5108843859568071,0.6382860548873649,0.8513654459898089,1.3107035618748208,2.1220433485729364,-0.608130690323285,-0.9293738655313185,0.6962281617963304,1.9046208627052823,14.821,42.580
1766335725.090995,445,102;103;104;105;200;201;202,58.924;70.268;69.221;42.830;66.476;66.990;80.301,0.22699739608002314,-0.12719296894603258,0.3483586057240074,-0.5108186232365616,0.6381731452302167,0.8516999215865637,1.309896079998013,2.122096824048335,-0.6081064205618818,-0.9297066730932461,0.6959994473337383,1.9046217808230934,14.833,42.598
1766335725.158658,446,102;103;104;105;200;201;202,59.543;69.387;69.558;43.652;68.326;66.821;80.215,0.2265340938857113,-0.12630115420413343,0.3487287033857113,-0.50990575775801,0.6379706836729863,0.8520309597986518,1.3093960213960343,2.121800675375269,-0.6093930654721407,-0.9291170630048217,0.6960865625968474,1.9052059299206598,14.785,42.645
1766335725.224663,447,102;103;104;105;200;201;202,58.408;69.430;68.799;43.833;67.218;67.078;79.774,0.2267408751530698,-0.1257905718197111,0.34925747421193293,-0.509717018218689,0.6381580611327408,0.852281272561224,1.308501298100498,2.1218878700592456,-0.6097896339200042,-0.9295555277921724,0.6957156906468024,1.90533414433374,14.781,42.671
1766335725.289595,448,102;103;104;105;200;201;202,59.256;70.520;68.760;44.377;67.849;66.303;80.259,0.22649813372455394,-0.12603877778945896,0.34888296495852944,-0.509570663611558,0.6381689022918184,0.8518516388395102,1.3091388946429683,2.12174916449034,-0.6096904436146814,-0.9291643091530589,0.695681706534781,1.9052164197367398,14.776,42.658
1766335725.354086,449,102;103;104;105;200;201;202,60.054;69.483;69.089;43.450;67.904;66.794;80.668,0.22631981681625574,-0.1263034415845566,0.3487270291735175,-0.5097379441835487,0.6381418516256145,0.8516358239540566,1.309548186334231,2.1218080679827604,-0.6096028221814043,-0.9289796578052797,0.6958164923658057,1.9051528994891993,14.774,42.644
1766335725.421953,450,102;103;104;105;200;201;202,59.613;70.136;68.684;42.979;66.713;67.027;79.869,0.22640095945136066,-0.12631664442821,0.3484816444888634,-0.510076206533488,0.6384898811120783,0.8515790626146817,1.3097151286994708,2.1216033352829586,-0.6094136998072305,-0.9294129585490257,0.6959377815018402,1.9047350117046191,14.779,42.645
1766335725.490904,451,102;103;104;105;200;201;202,60.211;70.098;68.422;43.690;68.056;66.539;80.156,0.2262377899161061,-0.1267842094055162,0.3480659449205944,-0.509940455084511,0.6379184279438129,0.8514362189391632,1.3104557961712988,2.1215813600817435,-0.6090520209421066,-0.9285871448814833,0.696238393179107,1.9048829780791159,14.784,42.621
1766335725.559890,452,102;103;104;105;200;201;202,60.093;70.371;69.231;43.534;67.368;65.465;80.208,0.2269488978422793,-0.12605234238993154,0.34855454805541286,-0.5107223066083499,0.638360087770471,0.8518104566534008,1.3091214551268069,2.1214607397820813,-0.609101700680233,-0.9299820904196503,0.6961751476660719,1.9040110888587438,14.799,42.661
1766335725.624731,453,102;103;104;105;200;201;202,60.399;69.972;69.054;43.332;67.582;66.424;80.070,0.22652573328573847,-0.1268917058491187,0.3478281558450583,-0.5107500872306135,0.6389689165754345,0.8511593419891894,1.310524314063009,2.121442816643435,-0.6085893851578712,-0.9299043698183495,0.6960438462836515,1.904018716361236,14.801,42.617
1766335725.693269,454,102;103;104;105;200;201;202,60.118;70.005;69.454;43.754;67.665;67.204;80.230,0.22669387158755275,-0.12648112818651477,0.34830169948226614,-0.5102831511994848,0.6392925308941662,0.8509979308708644,1.3097610752515059,2.1215547936912387,-0.6089260686499641,-0.9302275715693856,0.6952064474232728,1.9041091634451492,14.798,42.638
1766335725.851629,455,102;103;104;105;200;201;202,59.973;70.627;69.472;44.255;66.679;66.750;80.208,0.22662474529209342,-0.12629457527634574,0.348790710786762,-0.5096968706116333,0.6397816562751089,0.8510105073287727,1.30927451576592,2.121846363834421,-0.6093332599890792,-0.9305201546252477,0.6944393075148868,1.9047325508866706,14.789,42.645
1766335725.912863,456,102;103;104;105;200;201;202,59.457;70.100;68.808;45.482;66.943;66.391;79.889,0.22663208304776084,-0.12618835232476142,0.3491650182610828,-0.5092155640515218,0.6397014628521656,0.851042534654595,1.3088803954916315,2.1220933054715276,-0.6095574194950921,-0.9303618139684809,0.6939793422179164,1.9052086521625053,14.786,42.649
1766335725.979922,457,102;103;104;105;200;201;202,59.941;69.960;69.530;44.684;64.628;65.783;80.305,0.2268392581188223,-0.12640591265137474,0.3494223268494097,-0.5096166919036437,0.6408027646954481,0.8505157023807983,1.3086304922682224,2.122461708792637,-0.6092901578007752,-0.9315428286419846,0.6930657391833757,1.9048658442725048,14.803,42.635
1766335726.046506,458,102;103;104;105;200;201;202,59.678;69.752;69.267;43.760;66.987;65.899;80.186,0.22661927075784757,-0.12687306973986254,0.3494513623055907,-0.5098740552100903,0.6411918722593132,0.8501961054808488,1.309018710763516,2.1228245850104988,-0.6091640029186026,-0.9317287183333932,0.6928798616202819,1.904994216855976,14.805,42.608
1766335726.112853,459,102;103;104;105;200;201;202,59.250;70.532;68.622;42.881;67.500;67.201;80.804,0.22638322102364145,-0.1275926342219978,0.34886909934743093,-0.5102570740083264,0.6403109828540503,0.8503726887485923,1.3100975446610053,2.1228399693254514,-0.6086155159100607,-0.9307815505951891,0.693934749242227,1.9051404085515085,14.813,42.570
1766335726.180424,460,102;103;104;105;200;201;202,60.583;70.605;68.697;45.227;67.790;67.001;80.288,0.22748920905174497,-0.12598535990027437,0.3500174167543981,-0.5104664119353826,0.6400503154031498,0.8512692708979258,1.307418457658592,2.122654339947123,-0.6092060058911601,-0.9319145592237505,0.6936767376033907,1.9044729632561417,14.823,42.657
1766335726.246217,461,102;103;104;105;200;201;202,60.940;70.395;69.381;42.645;67.978;66.458;81.170,0.22716134786403966,-0.1269837913012386,0.3496535134710299,-0.5106747463122512,0.6402323702027575,0.8507478009343382,1.3085242147468221,2.123058478894906,-0.6086242188183468,-0.9316568049571106,0.6935855292430608,1.9047133819671105,14.835,42.602
1766335726.311317,462,102;103;104;105;200;201;202,59.952;70.273;69.251;43.883;67.529;66.839;81.591,0.2269241454328544,-0.1264380849757031,0.3500751457656985,-0.5099935777530987,0.6403588331972195,0.8509193085751265,1.3080138597705095,2.1230435729885397,-0.6094441351812715,-0.9315351630596393,0.6932812452745328,1.905246236153147,14.807,42.629
1766335726.378295,463,102;103;104;105;200;201;202,59.911;69.805;68.333;44.992;67.056;66.464;80.517,0.22691564370744916,-0.12663401656905965,0.3504170140758927,-0.5099544232852093,0.6406757921779728,0.8508699358167519,1.3078275926314173,2.1234767299859234,-0.6094408525292077,-0.9318302970031844,0.6928333042804002,1.9056292418655318,14.812,42.616
1766335726.443905,464,102;103;104;105;200;201;202,58.459;70.070;69.079;42.454;68.265;66.993;80.839,0.2265603657569523,-0.12573838198741932,0.3502565322659106,-0.5092627951093665,0.63974626101945,0.8512639776561531,1.3077175296034498,2.122717033681434,-0.6104098779513935,-0.9306566074323833,0.6936521142906759,1.9056750539055023,14.770,42.667
1766335726.510566,465,102;103;104;105;200;201;202,60.241;70.677;68.000;42.049;67.326;66.155;80.275,0.22640834706022794,-0.12725560054397864,0.3490199941038184,-0.5103834984152369,0.6393436730146873,0.8506847828269264,1.309759185689968,2.1227307708595147,-0.6089080453832877,-0.9300992117334798,0.6946058566073767,1.9050123512411932,14.805,42.589
1766335726.576464,466,102;103;104;105;200;201;202,60.033;70.291;68.608;41.692;67.122;66.312;79.933,0.22629703964428846,-0.127093178305088,0.3487962989969222,-0.5106426573645912,0.639358565034605,0.8508412295089981,1.309943375920296,2.1224269993913234,-0.6090519623747925,-0.9301452075340279,0.6951341917771621,1.904747760924876,14.795,42.599
1766335726.642106,467,102;103;104;105;200;201;202,60.050;69.776;68.856;44.486;67.007;66.369;81.067,0.22630349990445855,-0.12746396890354153,0.3487800405207761,-0.5105352668009429,0.6393616350244499,0.8505610368486844,1.3101599038691525,2.1226749715944218,-0.6087566307591418,-0.9300102904623389,0.6947829772853326,1.904897631586888,14.806,42.578
1766335726.707568,468,102;103;104;105;200;201;202,60.443;70.336;69.057;44.612;67.356;65.833;79.412,0.22686629826677293,-0.12601129204103625,0.34937948263866375,-0.5103608411706971,0.6396591982593844,0.8510825606893534,1.3084294064120827,2.1221447876057833,-0.6095465316683448,-0.9309557391660928,0.6945058697042066,1.904331347323577,14.793,42.658
1766335726.774073,469,102;103;104;105;200;201;202,60.930;70.092;68.210;43.677;67.585;67.395;79.982,0.22690203779165943,-0.12699070885145458,0.34883743247332405,-0.511030098116905,0.6391575596988127,0.8508771874539488,1.3094280488635952,2.1223694812236227,-0.6085474861959493,-0.9305280462244709,0.6950389796225556,1.9041294583329451,14.822,42.606
1766335726.840316,470,102;103;104;105;200;201;202,59.921;70.328;68.540;42.543;67.158;67.256;79.665,0.22708482676832695,-0.12761014132749945,0.3486071485608528,-0.5115439566771842,0.6390499482372372,0.8508394606493678,1.3098486501383553,2.1226028583933236,-0.6078020934397755,-0.9306260453982437,0.6952165912233388,1.904012029124651,14.849,42.573
1766335726.906336,471,102;103;104;105;200;201;202,59.799;70.165;69.205;43.082;67.223;66.899;79.617,0.22702363932300157,-0.12746029814251625,0.3486470590898521,-0.5114528939031158,0.6390846082904524,0.8508082861861017,1.3097726700099306,2.122533389483859,-0.6079928685122827,-0.9305990187537626,0.6951882683053662,1.9039883708496959,14.841,42.581
1766335726.972880,472,102;103;104;105;200;201;202,59.600;70.188;68.120;42.685;67.678;67.697;79.340,0.2274706255753121,-0.12713865686161877,0.348868869017663,-0.5114507127155534,0.6380143481341527,0.851717661743491,1.3090862041301723,2.1224817803027114,-0.6078845160087825,-0.9302028327738736,0.695833731806326,1.9042163354394153,14.855,42.599
1766335727.040014,473,102;103;104;105;200;201;202,59.959;69.954;68.645;43.355;66.885;66.804;80.063,0.2276230665860062,-0.12727691188065224,0.34897124871177965,-0.5112660041095715,0.6379762619997482,0.8517912730344634,1.308966702679121,2.122662467412973,-0.6076694732057883,-0.9302233956793297,0.6955597961729582,1.9044854039244674,14.866,42.591
1766335727.105405,474,102;103;104;105;200;201;202,60.377;69.620;69.066;42.383;66.460;66.464;80.650,0.22752387119018905,-0.1278960358879592,0.3486288449328788,-0.5114818141724237,0.6382049279951265,0.8512743923137873,1.3096825148787548,2.1228086298033246,-0.6071583458030659,-0.9302032189276392,0.6953796696385173,1.9043209189198855,14.878,42.558
1766335727.171651,475,102;103;104;105;200;201;202,60.683;70.238;68.542;43.370;66.998;66.576;79.349,0.22742787883825813,-0.1286542183482742,0.3480016563446295,-0.5119776907474118,0.6382697922577866,0.8507682829342195,1.3107243697418232,2.1228074038691416,-0.6064233199849688,-0.9300764630750192,0.6955879022505665,1.9039021604981377,14.895,42.519
1766335727.236921,476,102;103;104;105;200;201;202,60.285;70.255;68.298;44.549;67.822;66.701;79.477,0.22709196899116915,-0.12874469238483796,0.34770401733193496,-0.5118260780805636,0.6384774538878497,0.8505609287113298,1.3112713736088182,2.122626320300445,-0.6065671505536089,-0.9298794445974035,0.6956797173922964,1.9039350068080183,14.881,42.515
1766335727.303734,477,102;103;104;105;200;201;202,59.958;70.020;68.938;43.863;66.969;66.571;79.678,0.22722582300625008,-0.12788238650905095,0.3484385092029007,-0.5109905284912187,0.6384389568882283,0.8509204250093321,1.310050545669844,2.122645223365678,-0.6073872592415073,-0.9299284797074481,0.6950831259648151,1.904437390469076,14.863,42.559
1766335727.370273,478,102;103;104;105;200;201;202,59.524;69.846;69.166;43.574;67.759;66.163;80.132,0.22698067015034223,-0.12660813126398038,0.3488179000415159,-0.5099529629656272,0.6384413863817248,0.8511124089943611,1.3091771625344006,2.122079468085245,-0.6087530810965339,-0.9296315708176938,0.6948542104519665,1.9046083347382248,14.815,42.628
1766335727.434643,479,102;103;104;105;200;201;202,59.266;69.488;68.961;43.472;67.062;66.982;78.656,0.2274727193567395,-0.1261288374527606,0.34892145061446256,-0.5097656235222925,0.6380743558655018,0.8512970116185832,1.3084756357928078,2.121812981138678,-0.6086724486985304,-0.9296645225242516,0.6947075908458208,1.9042657595442074,14.827,42.656
1766335727.499783,480,102;103;104;105;200;201;202,60.872;69.650;69.296;42.578;66.166;66.809;79.499,0.22772038720442422,-0.12716654963033447,0.34860778439104945,-0.5108024450455413,0.6386051251444076,0.8509296620725237,1.309157511620801,2.1222681103795615,-0.6075110081702787,-0.9304401713690912,0.6946270303773175,1.9038585864836808,14.868,42.600
1766335727.569055,481,102;103;104;105;200;201;202,59.493;69.820;69.208;43.370;68.005;65.824;79.744,0.22717806343042402,-0.12737476540398907,0.34814470755272847,-0.5106057284121429,0.6382659299951066,0.8506611517821208,1.3100597654029231,2.122034940372939,-0.6077030406767759,-0.9295416412236972,0.6951020213214717,1.9039327854983787,14.847,42.589
1766335727.638140,482,102;103;104;105;200;201;202,59.154;69.685;68.926;43.296;66.855;65.953;80.217,0.2277309454306069,-0.12597238174962552,0.34882774081401635,-0.5109437170837838,0.6378539313164987,0.8512439894074918,1.308290907229109,2.1216128695412033,-0.6084982157784683,-0.9300474862476961,0.6954340534763406,1.9031024430462948,14.835,42.666
1766335727.705401,483,102;103;104;105;200;201;202,58.911;69.745;68.868;42.735;67.519;66.645;80.402,0.22737275964583167,-0.1259893601147891,0.34877327839162425,-0.5106814884273823,0.6381400657456403,0.8511266675877358,1.3085981160062534,2.121590178900872,-0.6088179835171461,-0.9299374518151403,0.6953689350728365,1.9033807885304161,14.818,42.664
1766335727.772362,484,102;103;104;105;200;201;202,59.403;69.533;68.741;43.500;67.228;66.327;80.720,0.22714628649644023,-0.1253856863176612,0.34903933210461857,-0.5099778064463804,0.6384145111216166,0.8512857422213878,1.3081851047365316,2.121399975114074,-0.609608597707939,-0.9299254013678357,0.6950836599251615,1.9037857949290498,14.790,42.696
1766335727.893090,485,102;103;104;105;200;201;202,59.242;69.872;68.805;44.503;67.443;66.444;80.040,0.22690122136083865,-0.12544313406968138,0.3487315021867242,-0.509709668441005,0.6386948384409751,0.8510724328053803,1.3086591435486865,2.121183873629241,-0.6096837055542357,-0.929812439852029,0.6950129489528513,1.9038199409522014,14.779,42.694
1766335727.960611,486,102;103;104;105;200;201;202,60.935;70.538;69.988;43.423;68.693;66.987;80.191,0.22593844254556186,-0.12534091705915681,0.34840214679677894,-0.5092432901909271,0.6384985166893609,0.85120960890144,1.3095633907146051,2.1208602356314703,-0.6105822463768963,-0.9288146176407586,0.6958381020759155,1.9044317885236692,14.729,42.699
1766335728.026242,487,102;103;104;105;200;201;202,59.786;70.260;68.548;42.700;66.339;65.504;79.596,0.2270749787439363,-0.12490943300094688,0.3490313151580547,-0.5103695532554491,0.6391105316570693,0.8514719960982811,1.3079763133164892,2.121058608175264,-0.610038300958541,-0.9307375729348079,0.6953598656147252,1.9033673785567145,14.773,42.723
1766335728.094850,488,102;103;104;105;200;201;202,56.674;70.281;69.526;44.596;67.508;66.393;79.545,0.2265865801750656,-0.12496442434060569,0.349059399962703,-0.5099768943496732,0.6389645412591622,0.8516326937567467,1.308322657845773,2.1211381303648085,-0.6104913261994122,-0.9301774694216921,0.6956067116825408,1.9040485927110125,14.750,42.718
1766335728.159726,489,102;103;104;105;200;201;202,59.000;70.445;68.592;43.181;67.955;65.805;80.281,0.2263092432460844,-0.12528180233388092,0.34892423738017325,-0.5094258953859065,0.6387476991410033,0.851365638115439,1.3088120573436455,2.1212555984532315,-0.6104701171362584,-0.929483511783405,0.6953714787564698,1.9045201657960225,14.745,42.700
1766335728.225997,490,102;103;104;105;200;201;202,58.393;70.069;69.178;43.143;67.264;66.566;80.317,0.22646302324024548,-0.12460134763452549,0.3495931188261158,-0.5086788338984339,0.6385489350797776,0.8517763500100578,1.3077360194482872,2.121344785821574,-0.611104496236231,-0.9294134704223371,0.6949079279390358,1.905085336206517,14.734,42.735
1766335728.290996,491,102;103;104;105;200;201;202,61.211;70.444;68.958;45.348;67.380;66.764;80.043,0.2262291012984424,-0.12545798705116,0.3490197590919995,-0.5092906584459215,0.6388706857346552,0.8515243338522369,1.3088820360589677,2.1214651673012606,-0.6104538506868747,-0.929528133111016,0.6952860206388042,1.9049774782361746,14.746,42.690
1766335728.357844,492,102;103;104;105;200;201;202,59.671;70.122;69.166;43.114;67.855;67.209;80.727,0.22631125313241457,-0.12490865991179124,0.34967662458702914,-0.5089462591829356,0.6387927381521442,0.8520219518540451,1.3079396042005416,2.1216392144140914,-0.6110546286385605,-0.9296697570483045,0.6951111605979635,1.905480081345531,14.735,42.717
1766335728.423896,493,102;103;104;105;200;201;202,58.961;70.261;69.199;42.038;66.472;67.241;81.816,0.22688171011588648,-0.12496817561778982,0.34998574220127615,-0.5095754626016147,0.6384961288799053,0.8522360489409003,1.3073028169279197,2.121928127812897,-0.6105687750537623,-0.9301023131275965,0.6951416188146136,1.9051299475246193,14.765,42.713
1766335728.491080,494,102;103;104;105;200;201;202,59.318;70.326;68.894;42.337;67.541;66.302;80.682,0.22703369925918157,-0.12643632480446165,0.34921377315891716,-0.5103613223043169,0.6387151818594812,0.8518556948385413,1.3086956310190465,2.1222970497682696,-0.6089906007332395,-0.9303167897415284,0.6952465406966587,1.9049758887436128,14.813,42.635
1766335728.556405,495,102;103;104;105;200;201;202,58.912;70.375;68.672;42.743;68.119;66.809;80.342,0.22676529073072027,-0.1269396807804798,0.3489593372915245,-0.5104988577029841,0.6377349060495686,0.8518166273367653,1.3093875768676464,2.1224430287384393,-0.6087707798332416,-0.9291986808231029,0.695932975759215,1.9051613523596942,14.814,42.608
1766335728.654339,496,102;103;104;105;200;201;202,59.765;70.338;68.468;44.807;66.734;66.321;79.946,0.22694996704876852,-0.12735049828966988,0.3489463473867097,-0.5107916002104789,0.6390748415958111,0.8512909694064202,1.3094991855648013,2.122716049266989,-0.6082698348621929,-0.9304759408855277,0.694977009106804,1.9049161875330287,14.835,42.585
1766335728.720181,497,102;103;104;105;200;201;202,59.035;70.178;69.274;45.174;66.202;66.708;80.116,0.22749817496092,-0.12660899123203248,0.34981640877667297,-0.5102750591318284,0.6394478578020105,0.8515796809954073,1.307936893368964,2.1229221155264475,-0.6086415878466525,-0.9312799032186965,0.6939399221287192,1.9051533631947168,14.841,42.623
1766335728.786331,498,102;103;104;105;200;201;202,59.580;69.867;68.700;44.652;67.199;66.984;80.758,0.22744494937241166,-0.12603779133884946,0.350129843123232,-0.5099705030823375,0.6395752367411174,0.8514041129518732,1.3073794406142192,2.1227896983944983,-0.6092551211436907,-0.9313214435765342,0.693591583293392,1.9049978177768665,14.822,42.653
1766335728.854091,499,102;103;104;105;200;201;202,59.396;69.799;68.764;43.166;67.461;67.242;79.867,0.2273310641600425,-0.12602749501936,0.35015120331472804,-0.509792483672205,0.6388839186419845,0.8518184680315007,1.3074342738922045,2.122804693469614,-0.609384311278464,-0.9306558970962989,0.6941069436698972,1.9054270920285932,14.816,42.653
1766335728.918399,500,102;103;104;105;200;201;202,61.096;69.432;68.554;42.499;67.587;66.947;80.653,0.2271308609855884,-0.1265279829175714,0.3495885198855739,-0.5100532891364069,0.6384900024899385,0.8514693435667273,1.3083487363223183,2.1226812045146164,-0.6089753241438819,-0.9300345460012933,0.6945672517912959,1.9051279391088634,14.820,42.628
1766335728.986363,501,102;103;104;105;200;201;202,60.287;70.154;69.366;44.121;67.217;67.150;80.147,0.22702197486863476,-0.1267323992947946,0.3494932389483373,-0.5101032476821281,0.6394213261148446,0.8510431402344059,1.3086225659496369,2.122747456685695,-0.6088891900879333,-0.9306891554154074,0.6940193193124897,1.9050210712151765,14.821,42.617
1766335729.051889,502,102;103;104;105;200;201;202,60.136;70.136;67.929;43.682;67.180;66.602;79.849,0.22678256145079087,-0.1271718918903136,0.3488956485993768,-0.5100785646678294,0.6392742896820423,0.8508885854032043,1.3095610799890793,2.1225517902845303,-0.6085512253849527,-0.9302061997429114,0.6943845421157058,1.905027968325598,14.821,42.595
1766335729.117476,503,102;103;104;105;200;201;202,59.738;69.318;68.835;43.667;67.402;66.265;80.322,0.22677754263470737,-0.12712724304095407,0.34868418777477184,-0.5099668576127632,0.6388221755132709,0.8508031983054243,1.309725996873645,2.122338259707478,-0.6085051312673382,-0.9297017393765258,0.6945921084748435,1.9048426882276226,14.820,42.599
1766335729.184383,504,102;103;104;105;200;201;202,58.988;69.880;69.307;44.278;67.448;66.315;80.476,0.2272606013424075,-0.12520613180695164,0.3497958852432098,-0.5098335590380836,0.6384479483545955,0.8518278981972476,1.3073387257764533,2.1219202542801754,-0.6099362487919385,-0.9302525465089916,0.6948279362453149,1.9045351606808703,14.790,42.702
1766335729.248939,505,102;103;104;105;200;201;202,58.906;69.590;69.004;42.912;67.332;66.928;80.014,0.2269619384403653,-0.12504429777843784,0.3497125374503495,-0.5097084460418216,0.6381466747499693,0.8519905448410905,1.3075301144492348,2.121744159130547,-0.6103215728324267,-0.9297763122085211,0.6953002922104289,1.9046867703000037,14.771,42.710
1766335729.316048,506,102;103;104;105;200;201;202,59.697;69.753;69.201;43.199;67.122;67.295;79.967,0.22695990939198615,-0.1254169408184712,0.349471341307781,-0.5099984079808628,0.6381039809324761,0.8516941332964266,1.307951839722232,2.1218002645881286,-0.6099430823389514,-0.9296943454144644,0.695356981101025,1.904425312083933,14.781,42.691
1766335729.382431,507,102;103;104;105;200;201;202,59.043;70.282;68.612;42.847;67.531;66.913;80.532,0.22702060286232006,-0.12589849912534112,0.3495068372901628,-0.5100231963767732,0.6379396601585274,0.8517307359861882,1.3081467229124903,2.1221694052382047,-0.6095308075790679,-0.929561203782194,0.6952592034434708,1.9047977393550783,14.798,42.664
1766335729.447987,508,102;103;104;105;200;201;202,59.594;70.041;69.696;44.843;67.420;67.257;79.299,0.2269402636724175,-0.12516595013519385,0.3496209651949656,-0.5097224068589961,0.6377923195134989,0.8518981240018192,1.3076937463057043,2.121752150033061,-0.6102136642428314,-0.9293974176870006,0.6954355845552187,1.9046333181898252,14.773,42.704
1766335729.513079,509,102;103;104;105;200;201;202,59.477;70.120;69.048;43.127;66.597;66.684;79.158,0.22677551449257133,-0.12511061571540047,0.3494534085887413,-0.5096470422096687,0.6382705694578011,0.8517559956484549,1.3079253652323237,2.1215743531052818,-0.6103515077409019,-0.9296378511524138,0.6953383083966533,1.9045594198422426,14.764,42.708
1766335729.579530,510,102;103;104;105;200;201;202,59.682;69.958;68.706;43.263;67.025;65.873;80.557,0.22715313747895724,-0.1247416672205321,0.34979531492048244,-0.5101200935649257,0.6382505863811385,0.8517341759937199,1.3071551728674107,2.1215948019598936,-0.6103957448502162,-0.9301316876540702,0.6952505082519501,1.9039393901933175,14.772,42.728
1766335729.647486,511,102;103;104;105;200;201;202,60.185;70.175;68.756;42.880;67.863;66.794;79.737,0.22714206619493596,-0.1256808675564485,0.3490111530198828,-0.5105603395290865,0.6381117884100196,0.8513632860639601,1.3083774461437983,2.1215846370936973,-0.6093768275504396,-0.9298422799912243,0.695571671884818,1.9036473137177283,14.798,42.679
1766335729.718037,512,102;103;104;105;200;201;202,59.901;69.349;69.007;43.072;67.011;66.742;80.352,0.22699440804836438,-0.12629661901248695,0.3488806010335376,-0.5105156171809784,0.638029995425194,0.8513223515953647,1.308938691828407,2.1219127093752617,-0.6090018529822161,-0.9295611525865503,0.6955650225631101,1.9041312930871768,14.808,42.645
1766335729.782952,513,102;103;104;105;200;201;202,60.528;69.994;69.483;44.355;67.477;66.543;81.021,0.2267745102138347,-0.12694061523085243,0.34856683160199375,-0.5105610022288838,0.6383498089902266,0.8511888405263326,1.3097274644239731,2.122105324011455,-0.6086030428455996,-0.9295721141807166,0.6955472871420312,1.9044699623481067,14.815,42.610
1766335729.851650,514,102;103;104;105;200;201;202,60.568;69.432;69.279;43.442;67.299;66.492;80.761,0.2264111557910764,-0.12716949509764264,0.3483760567357582,-0.5100985739467441,0.6391275714900562,0.8505864570643505,1.3102765543598969,2.12211510523653,-0.608711758935274,-0.9296765012535025,0.6948636341060911,1.9046572668623754,14.803,42.598
1766335729.971972,515,102;103;104;105;200;201;202,58.446;69.529;69.334;43.744;65.954;66.012;79.943,0.22659050526510524,-0.1263769034234248,0.3491302151288086,-0.5095930475997812,0.6392839426077199,0.8513245136108536,1.3090451748352778,2.122198102805337,-0.6094410628683169,-0.930132002137242,0.6945761301804937,1.9052786235521557,14.790,42.638
1766335730.038565,516,102;103;104;105;200;201;202,59.751;69.475;69.485;42.364;67.476;66.454;80.433,0.2271585493855549,-0.12455036054456099,0.3500131989532508,-0.5093886698666954,0.639114937302802,0.8520454530636172,1.3068527238120144,2.1216467349169816,-0.6106234903852057,-0.9307803842622283,0.6945341541324941,1.9047080678852482,14.767,42.737
1766335730.105908,517,102;103;104;105;200;201;202,59.492;69.557;69.027;46.050;66.865;67.379;80.346,0.22727793529089482,-0.12437683017349359,0.35028220929744025,-0.5091738255382785,0.6387278409954259,0.8521906067265269,1.3064356911348847,2.1217513310450453,-0.61074539583721,-0.9305286879204004,0.6944464889487508,1.9048879706038064,14.768,42.745
1766335730.172719,518,102;103;104;105;200;201;202,59.031;69.521;69.473;43.624;67.393;66.536;80.482,0.22687154020539158,-0.12433905371977297,0.3499246447837689,-0.5088863559238839,0.6385970830505976,0.8520689336740083,1.307012925171048,2.121430717787753,-0.6110327706993433,-0.9299521612934314,0.6947738405680118,1.904944369687578,14.747,42.749
1766335730.240289,519,102;103;104;105;200;201;202,58.730;69.875;68.833;44.637;67.326;65.422;80.699,0.22651206204749316,-0.12526049631093092,0.34957660361979837,-0.5087695023616521,0.6382003536527726,0.8515894569574082,1.308084015944556,2.1217953166111996,-0.6105478976527676,-0.9290520804895158,0.6947758876057758,1.9053501856194326,14.755,42.698
1766335730.305164,520,102;103;104;105;200;201;202,59.624;70.600;69.892;43.722;66.687;66.059;80.050,0.22609398898053235,-0.12484732027220317,0.3494467541699246,-0.508364479811397,0.6385810243353517,0.8514657696247194,1.3082593598826346,2.1214052319699053,-0.6112239795602884,-0.9289647250480639,0.6947900629749152,1.905369370573383,14.722,42.721
1766335730.370805,521,102;103;104;105;200;201;202,58.776;69.921;69.182;42.796;67.286;66.965;80.231,0.22641582308733985,-0.12514694069596233,0.349674803721195,-0.5087656147212684,0.6383343663944789,0.8518044070985462,1.3080012265058716,2.121802737426622,-0.6107690829717685,-0.9291854970030293,0.6949005252607905,1.9055392197758154,14.747,42.704
1766335730.436690,522,102;103;104;105;200;201;202,59.583;69.950;69.070;42.798;67.000;67.075;79.869,0.22631788480695605,-0.1252697516174461,0.3494371193691081,-0.5089831224359617,0.6383396576214383,0.8517965938983442,1.3083474307109302,2.121688329971842,-0.6106770374118949,-0.9291487022978809,0.6952167438118175,1.9053936054713712,14.745,42.698
1766335730.501944,523,102;103;104;105;200;201;202,60.066;69.716;69.478;43.929;67.743;66.980;79.857,0.22602141787947877,-0.12492265165551895,0.3495178034286689,-0.5085405027509838,0.638650251112862,0.8516105223829888,1.308289347621183,2.121522125394214,-0.6112671249009887,-0.9290805427780805,0.6949573159250694,1.9055030564995736,14.721,42.716
1766335730.570706,524,102;103;104;105;200;201;202,60.235;70.348;68.810;43.710;68.133;66.742;80.301,0.22611707898348893,-0.12568311280405867,0.3491388456150604,-0.5090311577146807,0.6383280856831771,0.851488463624931,1.308980763234837,2.121730722140474,-0.6104413837856819,-0.9288597249293522,0.695269477430106,1.905388854696739,14.747,42.676
1766335730.636337,525,102;103;104;105;200;201;202,60.157;70.011;69.120;42.283;67.230;66.717;80.505,0.22681083841353278,-0.1269582858627867,0.3492017872500926,-0.5101497210341664,0.6386174354563368,0.851584431545281,1.3091525488462945,2.12266343108499,-0.6088090357434526,-0.9298889477912586,0.6950028395604575,1.9054354088586452,14.817,42.605
1766335730.702401,526,102;103;104;105;200;201;202,60.558;70.466;69.570;43.153;67.052;66.253;80.641,0.22669975242527957,-0.12803277708249997,0.348694821269955,-0.5107851085261247,0.6389361513863526,0.8510687021433323,1.3102755943685294,2.1229902751473344,-0.6078966605735195,-0.9300204520784214,0.6950346569555288,1.9052694302358408,14.841,42.548
1766335730.768686,527,102;103;104;105;200;201;202,59.642;69.547;68.431;42.761;66.850;66.855;80.171,0.22664047020304137,-0.12711933089127075,0.3490851612621969,-0.5102661592713461,0.6386572073337465,0.8514308555928191,1.309463904539178,2.12268266530324,-0.6088081843791688,-0.9297831301529463,0.695116827670164,1.9053939165487788,14.813,42.596
1766335730.833822,528,102;103;104;105;200;201;202,59.532;70.402;68.947;44.687;67.265;66.392;79.497,0.22659632058791007,-0.12665161431261898,0.34897227314183354,-0.509792232349323,0.6391181013912819,0.8510492304519567,1.3093334359512054,2.122256182273615,-0.609162632361393,-0.9299403387369797,0.6946110888229525,1.9050505751294387,14.797,42.623
1766335730.900496,529,102;103;104;105;200;201;202,60.367;70.349;68.149;43.373;67.220;67.009;79.771,0.22705389287409106,-0.12769657243193216,0.34856196733227607,-0.5108216610844537,0.6392133053988683,0.8506738611303003,1.309958200534009,2.1226260934512147,-0.6077487044202938,-0.9304388224903094,0.6946011863365859,1.9044465933997552,14.850,42.568
1766335730.965989,530,102;103;104;105;200;201;202,60.580;70.234;68.667;42.184;66.648;66.881;80.645,0.22738109826803368,-0.12818275579145558,0.3483174161161602,-0.5115058708759461,0.6391665340798353,0.8506423606014852,1.3102162270636957,2.1227478928493664,-0.6069559586168568,-0.9307606631148393,0.6948056842339514,1.9040349957624323,14.880,42.543
1766335731.032464,531,102;103;104;105;200;201;202,59.763;69.633;69.468;42.890;67.771;66.424;79.906,0.22734536211574552,-0.12835609115912258,0.3483255981579111,-0.5116211053205565,0.6387051186551509,0.8508698053911354,1.3103305311634663,2.122878669107235,-0.6068625432406173,-0.930397094379046,0.6951901990799165,1.904249332666603,14.883,42.533
1766335731.101149,532,102;103;104;105;200;201;202,58.863;70.608;69.408;43.637;66.689;67.074;79.962,0.22747448445630042,-0.1281058303422109,0.34837776478019744,-0.5114771058300864,0.6386439902751005,0.8509069128820901,1.3100550413952705,2.1227423179116935,-0.6069463978597015,-0.9304175452951404,0.6950888081352883,1.9041327300654307,14.882,42.547
1766335731.165595,533,102;103;104;105;200;201;202,61.235;69.996;69.075;43.629;67.295;66.623;79.751,0.22803225699277274,-0.12718984544783105,0.34890645817792443,-0.5117470469005782,0.6386795713049878,0.8514188759319448,1.3086898193091538,2.1225310712342904,-0.607304641552286,-0.9312155733654691,0.6950943563552756,1.9036277514630158,14.884,42.597
1766335731.230895,534,102;103;104;105;200;201;202,59.839;69.747;69.291;44.038;68.330;67.396;79.556,0.22750014169778018,-0.1260248147408825,0.3492307899645374,-0.5105822241944122,0.6386064281282665,0.8517564975535555,1.3081260118318772,2.1220047961711,-0.6088488736764041,-0.9306276465840794,0.6951268097060852,1.9041867424153942,14.825,42.660
1766335731.296085,535,102;103;104;105;200;201;202,58.264;69.439;68.301;43.333;68.007;65.902;78.456,0.2276635288388556,-0.12399041504573746,0.34965120197344246,-0.5099180718129543,0.6380569626639329,0.8525732159939299,1.3065075848590864,2.120921963105702,-0.6104038022207305,-0.9304614489108192,0.6956546797279893,1.903725613390825,14.777,42.772
1766335731.364987,536,102;103;104;105;200;201;202,59.991;70.142;68.524;42.952;66.953;66.917;80.149,0.22794160769426366,-0.12522824444880531,0.34916737618411675,-0.5107350948668673,0.6384692599389976,0.8520622615658339,1.3074300820323947,2.1213718028727455,-0.6089925192498292,-0.9309879689203824,0.6954114477916558,1.9033945079557406,14.825,42.706
1766335731.431280,537,102;103;104;105;200;201;202,59.275;69.949;68.965;42.321;66.141;67.051;79.726,0.22856058066599652,-0.1250506764731337,0.34964224505031266,-0.5108199803518969,0.638035833802476,0.8526202808934767,1.3064812636597043,2.1216336417600186,-0.608705785246109,-0.9312637407939232,0.6952976677366807,1.9035364814306692,14.851,42.715
1766335731.499494,538,102;103;104;105;200;201;202,59.662;70.177;69.045;43.399;67.677;66.532;79.394,0.22777125155974742,-0.12503627038552984,0.349314209191237,-0.5104155495792201,0.6381253592415966,0.8526174292444239,1.3073124820363498,2.1213681998222267,-0.6093662503308184,-0.9306207647081115,0.6957984892213773,1.9040102595947443,14.811,42.716
1766335731.591070,539,102;103;104;105;200;201;202,60.428;69.966;69.038;43.113;67.122;66.083;80.684,0.22724165103385668,-0.1262753733119922,0.348580254927367,-0.5106690135797409,0.6385599073016613,0.851867137191626,1.3090190019094496,2.1216306710302,-0.6086524373545056,-0.9303322698411014,0.6957923561522026,1.9041494090316884,14.819,42.649
1766335731.660050,540,102;103;104;105;200;201;202,59.594;69.004;68.952;43.313;67.943;66.669;80.051,0.2269937732362744,-0.12587231194353288,0.3483725919422205,-0.5103547482084477,0.6384624376347715,0.8517852362246626,1.3091500424503622,2.1211752265056054,-0.6091211020555688,-0.9299520524726352,0.6960072148893459,1.9039719772803265,14.796,42.672
1766335731.728781,541,102;103;104;105;200;201;202,59.243;70.188;69.335;43.927;67.623;66.024;78.895,0.2264716339282281,-0.12603333040967077,0.34783180278747894,-0.5098780210058907,0.6381422564878104,0.8515195458046293,1.3100801548703465,2.1208408779671166,-0.6092979016540178,-0.928974212717937,0.6963398542916946,1.9041433832097296,14.775,42.665
1766335731.799271,542,102;103;104;105;200;201;202,60.768;69.386;69.086;45.419;68.341;67.049;80.258,0.22601327628676013,-0.1256136628154746,0.3480992365386775,-0.5092505504416066,0.6392653772170602,0.8514018633882617,1.3099301566695307,2.120789774371951,-0.6101787237352728,-0.9295240452822431,0.6956950290593352,1.9046311810556569,14.740,42.686
1766335731.865055,543,102;103;104;105;200;201;202,60.232;70.078;68.985;43.180;67.521;67.111;79.120,0.22617622280009853,-0.1263824656729364,0.34749573554034263,-0.5099206940922193,0.6393140735162217,0.850859921447566,1.3107767980625542,2.1208080943029795,-0.6091893618089512,-0.9296118036093374,0.6957847422375422,1.903956714398256,14.770,42.647
1766335731.932165,544,102;103;104;105;200;201;202,59.442;70.094;69.058;44.122;66.562;66.788;80.218,0.22626643579429234,-0.12581952855880613,0.3479771987187514,-0.5096574380116081,0.6394536525740826,0.8509243559656924,1.3099759579603194,2.120821800740971,-0.6097222923303206,-0.9298580640863142,0.6953981995144232,1.9039841524981715,14.758,42.676
1766335732.053337,545,102;103;104;105;200;201;202,57.314;70.617;69.107;41.410;66.921;66.840;80.567,0.22656867869848277,-0.12653446891056253,0.3482592722345485,-0.5102652501532575,0.6389282026531417,0.8511714645514806,1.3099154949141838,2.1215601859730544,-0.6089923407450999,-0.9298354054068374,0.6955627909393303,1.904300051740639,14.793,42.635
1766335732.118026,546,102;103;104;105;200;201;202,59.501;70.366;69.376;44.815;66.388;67.016;81.164,0.22683888527618243,-0.12629646736758332,0.34848643336858415,-0.5105104177070364,0.6394910171853793,0.8512272508303257,1.3093942770703313,2.1215784293523896,-0.6089973924337381,-0.9306875733264373,0.6952478749931753,1.9040300111840793,14.800,42.647
1766335732.186098,547,102;103;104;105;200;201;202,58.314;70.689;69.682;42.631;65.573;67.449;80.396,0.22726992174015417,-0.12607865417686642,0.3492585521839232,-0.5107075586760987,0.6394437664134613,0.851579543709733,1.308292088998615,2.1220746144613356,-0.6090469891815216,-0.9312374591946606,0.6948861829647746,1.9042200326983887,14.815,42.656
1766335732.252591,548,102;103;104;105;200;201;202,59.853;70.531;68.440;42.537;67.252;65.988;80.304,0.22684526761183643,-0.12753032224975014,0.3484048548907258,-0.5113873856949068,0.6394428303685428,0.8511326359795842,1.3101494987849633,2.122380320686347,-0.6080186975927796,-0.9308057977455098,0.6954651971205141,1.9043034617591346,14.835,42.578
1766335732.317637,549,102;103;104;105;200;201;202,60.072;70.448;69.054;43.896;67.189;66.099;80.189,0.22759452565885255,-0.1262593157013719,0.3491980288849565,-0.511571010957743,0.6388686174304343,0.8520935387068063,1.3082197568121219,2.1221392056064405,-0.6085637581809867,-0.9313316744647244,0.6957522315660419,1.9039115340293795,14.836,42.647
1766335732.381836,550,102;103;104;105;200;201;202,60.013;69.839;69.463;42.378;66.862;66.281;79.919,0.2270895790903471,-0.12655334232741672,0.34856811670570176,-0.511551713573116,0.6388519605353298,0.8517837668765,1.3092907018062412,2.121821923704182,-0.6085864934589567,-0.9307654876409751,0.6962303140964872,1.9038124989476393,14.819,42.633
1766335732.449931,551,102;103;104;105;200;201;202,58.508;70.457;69.655;43.481;68.580;66.880;81.623,0.22650539521776247,-0.12609420677005037,0.3487770716255015,-0.5109056033517717,0.63838670325919,0.8521527558360842,1.3092580285004127,2.1216969352726727,-0.6095984652830062,-0.9298917615926217,0.6966888171861353,1.9045357819258117,14.778,42.656
1766335732.516002,552,102;103;104;105;200;201;202,60.384;70.994;69.647;43.899;66.858;66.212;80.292,0.22643339660484502,-0.12701039930179822,0.34829031079728784,-0.5113169800705527,0.6395455045419012,0.8513553529607399,1.310247870882984,2.121927998612717,-0.6087763925923673,-0.9306833185465021,0.6960494355371248,1.9042493168761894,14.800,42.607
1766335732.581576,553,102;103;104;105;200;201;202,58.990;70.398;68.657;43.046;67.290;66.347;80.543,0.22627012907013802,-0.1269721093614934,0.3485427286734712,-0.5108846185909672,0.6392965397359771,0.851546712083391,1.3101180436839068,2.122123871053676,-0.609068778898811,-0.9302858500107335,0.6959763081313406,1.9048642038132133,14.790,42.607
1766335732.648340,554,102;103;104;105;200;201;202,60.534;70.354;69.162;45.135;68.102;66.495;80.358,0.22570321132250373,-0.12724692400251467,0.3481385550431069,-0.510314928856341,0.6400737706460261,0.8510829690787248,1.3110227318079755,2.1219890191195985,-0.6092582258642222,-0.93020614908477,0.6955828440563782,1.9052392288636066,14.770,42.593
1766335732.714449,555,102;103;104;105;200;201;202,60.748;70.451;68.302;44.388;67.099;66.423;79.382,0.22628679959480008,-0.1280852775338946,0.34804851462959047,-0.511057440412559,0.6405754056697093,0.8506878667840763,1.3111623538028019,2.122484510787036,-0.6080054914882479,-0.9311246034818202,0.694974841039847,1.9048091207849092,14.823,42.548
1766335732.780858,556,102;103;104;105;200;201;202,60.124;70.268;69.110;41.327;66.798;67.202;81.188,0.22674746745056748,-0.1283248386600413,0.3480949894590955,-0.5115580058986486,0.6397437833917755,0.8509542693386053,1.310933492670587,2.12267827805144,-0.6073855295360733,-0.9309011442389676,0.6953704556922142,1.9045835999418377,14.852,42.535
1766335732.846469,557,102;103;104;105;200;201;202,60.739;69.989;68.662;43.311;66.841;66.039;80.851,0.22769466901248117,-0.12689506364127875,0.3489921678168077,-0.5118273398250818,0.638978920425455,0.8518478738855986,1.308685561548144,2.122408065123403,-0.6078977999124158,-0.9314346375978649,0.6955821795853977,1.9039026934385308,14.859,42.612
1766335732.912810,558,102;103;104;105;200;201;202,59.878;70.097;68.454;42.645;66.674;66.551;80.453,0.22784962959706015,-0.127215996194004,0.348974735062317,-0.5118267426620701,0.6390366957281812,0.8516854289921545,1.3087716409200234,2.122614628840691,-0.6074929730023052,-0.9315169651223527,0.6952552389534568,1.9039556049929978,14.876,42.595
1766335732.981195,559,102;103;104;105;200;201;202,60.684;69.732;69.086;45.097;67.757;66.968;80.219,0.22699635762616824,-0.12790843704955365,0.34829348896770995,-0.5116609829795475,0.6393477147099795,0.8509537217257178,1.3103529163219894,2.122546526164257,-0.6075362537952793,-0.9308203447534088,0.6954129994018028,1.9041387872696902,14.853,42.558
1766335733.046473,560,102;103;104;105;200;201;202,59.927;70.405;69.392;44.120;67.405;66.413;79.899,0.22806136208510536,-0.1259768334859135,0.34933509645362953,-0.5114159246208803,0.6385847689086822,0.8517285795437531,1.307616032769354,2.122041454622256,-0.6083717297691724,-0.931296098525263,0.6951823276120598,1.9033400195402663,14.852,42.663
1766335733.112674,561,102;103;104;105;200;201;202,60.436;69.993;68.814;42.873;67.796;67.416;80.537,0.22765298322181557,-0.12679604903077127,0.34901422544818433,-0.5118872322328188,0.6386432213763472,0.8516848562118087,1.3086400311362432,2.1223584796748183,-0.6080233355926795,-0.9311017592398401,0.6957040095203778,1.9036698588362704,14.854,42.618
1766335733.180849,562,102;103;104;105;200;201;202,58.870;70.422;69.182;42.861;67.830;66.750;80.073,0.2271358113157697,-0.12736609114354364,0.3485526000133258,-0.5115686882461492,0.6380942131193726,0.8515641366015763,1.3097251279651863,2.1223816066436147,-0.6079155673948686,-0.9299832125315224,0.6961588725380752,1.9041954027075974,14.844,42.587
1766335733.245022,563,102;103;104;105;200;201;202,61.097;70.161;69.066;43.768;67.464;67.170;79.923,0.22707127838781524,-0.1279130101419307,0.3480494105013528,-0.512070179457279,0.6383703754980654,0.8509938076110676,1.310518174087276,2.122336916098965,-0.6073603939781651,-0.9300984883115748,0.6962026696245782,1.9036320096309287,14.857,42.559
1766335733.312403,564,102;103;104;105;200;201;202,59.185;69.947;69.208;43.541;67.557;67.293;80.716,0.22700986169038037,-0.12749322813831906,0.34828183901170656,-0.5112479734837696,0.6377730957771535,0.8511643592704621,1.3101223550307524,2.1222425319183302,-0.6078345011018371,-0.9293427252442203,0.6960539287253668,1.9040943549431544,14.842,42.581
1766335733.375563,565,102;103;104;105;200;201;202,59.122;69.579;68.904;43.289;67.197;66.040;80.968,0.22751148660214504,-0.12516661367965207,0.3494314237633165,-0.5104312167334234,0.6376716685705263,0.8520380323314443,1.307462955857655,2.1215701137687875,-0.6095713810285474,-0.9299201386889799,0.6957161906903203,1.9038437963828538,14.802,42.707
1766335733.440059,566,102;103;104;105;200;201;202,58.621;69.933;69.599;43.516;66.731;67.280;78.943,0.227856125305879,-0.12463624948527709,0.34969523796928065,-0.5103475868471824,0.6375772206393326,0.852301716642325,1.3066946373888602,2.1214102179284313,-0.6097396956099859,-0.9301913699100018,0.6956013898658279,1.9036424096530693,14.804,42.736
1766335733.508318,567,102;103;104;105;200;201;202,59.460;69.469;68.803;42.995;67.324;66.555;80.272,0.22784338541521285,-0.12478707461986152,0.34958737078928726,-0.5101761510841408,0.6379351397988536,0.852029412941424,1.3068826319675038,2.1214245353753176,-0.6095942236338407,-0.9303485377175299,0.6951988001809065,1.9036505689140242,14.808,42.728
1766335733.574668,568,102;103;104;105;200;201;202,59.076;70.537;68.994;42.376;67.170;66.282;78.472,0.22843353844007383,-0.12402094039843432,0.34980812174998327,-0.5105324534869643,0.6378409060586139,0.8524870589033196,1.3058497731689807,2.1210523114803648,-0.6096814060718957,-0.9310010142385813,0.6953991068874803,1.9029547912928455,14.817,42.771
1766335733.638899,569,102;103;104;105;200;201;202,59.118;70.018;69.293;43.776;68.215;66.809;80.566,0.22762595221287565,-0.12519424030702314,0.3492336895964646,-0.5104799589479754,0.6378092954864799,0.8522622909500525,1.307572766306414,2.1214155815316516,-0.6093575368867504,-0.9301513914701085,0.6958590492937656,1.9038324064339558,14.808,42.707
1766335733.703806,570,102;103;104;105;200;201;202,59.464;69.891;68.561;43.027;67.354;66.565;79.320,0.22718168019310678,-0.12538237370381897,0.3484649783508507,-0.5105923920686214,0.6380675098028136,0.8519606631488358,1.3086644744085147,2.1209019645508165,-0.6093450759375681,-0.9299093293170912,0.6963802836671639,1.9034744426894568,14.792,42.700
1766335733.773421,571,102;103;104;105;200;201;202,58.808;69.604;69.187;43.490;67.426;66.515;78.996,0.22661524592012627,-0.12429218930785031,0.3488724529448908,-0.5095463075097384,0.6383853727340312,0.8521325056775315,1.3080923843276833,2.1205006503093498,-0.6108990329346125,-0.9296649051470005,0.6961753133873233,1.903991439631667,14.733,42.757
1766335733.841619,572,102;103;104;105;200;201;202,60.300;69.880;68.618;44.812;67.048;67.207;79.029,0.22693253103800334,-0.12541700082938362,0.34858461498709703,-0.5104419113000729,0.6386835959167061,0.8514823472329198,1.3087521194464304,2.121037866193013,-0.6096135086984459,-0.930156810314211,0.6958256930781633,1.9035025309525426,14.780,42.697
1766335733.909254,573,102;103;104;105;200;201;202,58.868;70.146;69.087;43.425;67.433;66.780;79.698,0.2269676429156915,-0.12508602625194995,0.34886809934667823,-0.5100495415002396,0.6384756277463588,0.8518669632386667,1.308293380560289,2.1210466463784075,-0.6099445863663558,-0.9300205992238484,0.6958009734662227,1.903918507017651,14.773,42.714
1766335733.976405,574,102;103;104;105;200;201;202,60.934;69.932;68.844;44.462;68.258;66.397;79.190,0.22648696284630426,-0.12625116667592223,0.3478719734826757,-0.5105359533589328,0.6389830487071694,0.8510154905707414,1.3101555817733692,2.121028995950047,-0.6091330769356043,-0.9298531536294621,0.6959942321696093,1.9035908206463412,14.781,42.653
1766335734.131037,575,102;103;104;105;200;201;202,58.769;70.476;69.065;44.755;66.027;66.756;80.581,0.22714412178531337,-0.12641453602235278,0.3483443955525902,-0.5107684724303101,0.6388533148974269,0.8510749813223188,1.3093723337367726,2.121529259210836,-0.6085481777658126,-0.9303337504693119,0.695405812777134,1.9035444359789309,14.818,42.642
1766335734.199743,576,102;103;104;105;200;201;202,59.400;70.441;69.431;42.151;67.814;66.472;80.307,0.22820660182511712,-0.12561486929135776,0.3492289541261717,-0.5112088060359515,0.6380500696819393,0.8519958028778121,1.3074065598429565,2.121689154682294,-0.6084607631242085,-0.9309119678222939,0.6955016670717984,1.9032031272686023,14.849,42.685
1766335734.262996,577,102;103;104;105;200;201;202,59.792;69.654;69.620;42.872;66.914;67.100;81.187,0.22805354836862238,-0.12584967029661412,0.34918873506797776,-0.5111625255446764,0.6377981055066864,0.8518210065581873,1.3076795615213892,2.1218258228098805,-0.6084174082262089,-0.93049613580286,0.695538716402874,1.9033274556100923,14.848,42.671
1766335734.329957,578,102;103;104;105;200;201;202,60.118;70.072;69.579;44.135;67.866;65.569;80.453,0.2274624164958663,-0.1265303007317802,0.3487689302396508,-0.510830121236071,0.6385470694421895,0.8512914861479618,1.3088409387429325,2.1219658816272715,-0.6083156898286532,-0.9304013434016772,0.6951796029257397,1.9038207085532974,14.837,42.634
1766335734.396402,579,102;103;104;105;200;201;202,58.785;70.516;69.110;42.621;66.202;65.772;79.556,0.22733455635890656,-0.1266749323554845,0.348598064066314,-0.5107737495048065,0.6387754916539305,0.8509149222225767,1.3091612375201116,2.1219253590713207,-0.6082634307572142,-0.9303732373336555,0.6949665321834972,1.903679559881667,14.835,42.626
1766335734.462244,580,102;103;104;105;200;201;202,59.713;69.892;68.499;42.203;66.528;65.034;79.655,0.228028480126269,-0.1265041859834699,0.34912065307755213,-0.5114432635717716,0.6391272091151583,0.8513768843477099,1.308121739811447,2.1222308770806584,-0.6079166221009485,-0.9316044225576454,0.6947527214896239,1.9034188875451417,14.865,42.635
1766335734.528596,581,102;103;104;105;200;201;202,60.939;70.076;69.659;42.147;66.922;67.041;80.188,0.22828165465555517,-0.1273429013184562,0.34904042944248526,-0.5118379890126911,0.6397673071005431,0.8511510401334414,1.3084830625914394,2.122746021713614,-0.6069950496144348,-0.9323436651689027,0.6942124742477626,1.9035340103794391,14.901,42.588
1766335734.595466,582,102;103;104;105;200;201;202,59.701;69.385;68.824;44.756;68.034;67.415;80.360,0.22768794685336333,-0.1267904484452036,0.3491032572210827,-0.5107902861581142,0.6391866423683475,0.8517584876531569,1.3085340843286284,2.122429979900106,-0.6080287879330754,-0.9312532597945369,0.6947350774182294,1.9045372120337063,14.856,42.618
1766335734.660321,583,102;103;104;105;200;201;202,58.645;69.791;69.849;42.267;68.105;67.225;81.042,0.22780546607218607,-0.12585712529985948,0.3496251712206863,-0.5103672447503085,0.6386328864757692,0.8522472419575627,1.3074721702331344,2.1222152317107454,-0.6088327914162901,-0.9309729665620888,0.6948672450132526,1.9046399203648992,14.835,42.667
1766335734.726512,584,102;103;104;105;200;201;202,59.574;70.019;68.842;44.912;68.234;66.175;79.649,0.2282165747173502,-0.1257737418843328,0.34969539546474177,-0.5111319335040898,0.6384420301438616,0.852194000711553,1.3070771816496718,2.1222025866314636,-0.6085174874130354,-0.9313565617370477,0.695077098749802,1.9038350118256049,14.854,42.673
1766335734.793277,585,102;103;104;105;200;201;202,59.509;70.165;69.037;42.030;68.125;66.051;81.519,0.22764229405936748,-0.12635894534338243,0.34951624237484946,-0.510687747256679,0.6379119153011114,0.8522188296986747,1.3079615850793476,2.1224819595605364,-0.6085685726236176,-0.9302535313458865,0.6954035119812061,1.9047638802990554,14.841,42.639
1766335734.860072,586,102;103;104;105;200;201;202,59.423;70.624;69.627;42.900;68.446;66.623;79.493,0.2273259944080369,-0.12605630897252576,0.3488341747730086,-0.5103068923823805,0.6375422256677168,0.8522206321128418,1.3086144044659627,2.121691541779833,-0.6088378150229573,-0.9294836886284129,0.696054274105148,1.9045015289945204,14.817,42.660
1766335734.925770,587,102;103;104;105;200;201;202,59.566;69.784;69.014;43.084;67.239;65.563;80.552,0.22769639985808846,-0.12565758656210949,0.34907955013501074,-0.5105611573587768,0.6370575153620773,0.8524760408755796,1.3079177216309432,2.121608210928524,-0.6088732512342605,-0.9295228430240547,0.6962700836509702,1.9041155011461548,14.825,42.682
1766335734.990692,588,102;103;104;105;200;201;202,60.913;69.890;68.958;44.119;66.457;67.288;79.541,0.2278458710684122,-0.12646527277931824,0.34857818945631713,-0.5114949664903964,0.6381900845479643,0.8518251448470502,1.308705263139837,2.1217425764851674,-0.6079088877315494,-0.9306656607066535,0.695944177895911,1.9033737821733954,14.855,42.640
1766335735.060163,589,102;103;104;105;200;201;202,60.059;70.257;68.535;46.111;68.788;66.064;79.452,0.22777319007994168,-0.12578202624149537,0.3485018524852906,-0.5111487877127322,0.6383780773083375,0.8518366171058175,1.30844237368487,2.121196263351208,-0.6084702249079051,-0.9307198773133477,0.6959464731971625,1.903074158708629,14.832,42.679
1766335735.124603,590,102;103;104;105;200;201;202,60.142;69.822;69.604;43.029;67.759;65.574;80.110,0.22780758377645613,-0.12541588927103087,0.3485721055478903,-0.5112541919208696,0.638235172198116,0.8519926976392803,1.3081524237085227,2.120996683404665,-0.6087430611099716,-0.9307356118272754,0.6962101250993137,1.9028369088676067,14.824,42.699
1766335735.190150,591,102;103;104;105;200;201;202,60.152;70.013;67.862;42.728;68.015;67.147;79.915,0.22754792947314445,-0.12684130450697645,0.347972381047299,-0.5119266101159352,0.6379885916990531,0.8518324454753642,1.3096561727473712,2.121496834688872,-0.6076738436566446,-0.9302993444979142,0.696798407611274,1.9031641073210357,14.851,42.622
1766335735.257606,592,102;103;104;105;200;201;202,60.267;70.467;69.715;41.909;67.967;66.805;79.487,0.22700594009427807,-0.12711377247065098,0.3476932264992223,-0.511665318868033,0.6380940124172615,0.8516594333508465,1.3104319539940181,2.12146734022953,-0.6078905708658936,-0.9298267574350633,0.6969759990744329,1.903550544659209,14.831,42.607
1766335735.324573,593,102;103;104;105;200;201;202,60.208;70.206;69.146;44.263;67.017;67.254;80.158,0.22692270929194497,-0.12749112030600865,0.3480114750829804,-0.5119962224477564,0.6387345804499246,0.8515639664139402,1.3104201093017551,2.1220110786347557,-0.6078136142097926,-0.9304678027769259,0.6966225978031975,1.9038467662404739,14.838,42.583
1766335735.389549,594,102;103;104;105;200;201;202,59.859;69.875;68.175;43.323;67.307;66.925;80.089,0.22695226893489479,-0.1278036924190967,0.34799111850804637,-0.5118520525792744,0.6378383919154844,0.8515478152572541,1.3105916298570786,2.1222134724743427,-0.6075380478514721,-0.9295861800011566,0.696793315970648,1.9040811169712561,14.848,42.566
1766335735.455325,595,102;103;104;105;200;201;202,60.040;69.490;69.065;43.582;68.362;66.235;79.488,0.2261526350587191,-0.1274308584687424,0.3474927743322946,-0.5109851459054361,0.6380863183086071,0.8511180831652548,1.3113805410004502,2.121547499308766,-0.6084131970700241,-0.9288213983328636,0.6968682598759113,1.9041800758222371,14.798,42.588
1766335735.519641,596,102;103;104;105;200;201;202,59.447;70.538;69.276;43.537;68.498;66.660;79.327,0.22591055962858606,-0.12696313420053754,0.34750103652123504,-0.5104823317565915,0.6379507804312856,0.8514348864779651,1.3112812917381813,2.121232071800892,-0.6090124172013408,-0.9284773265764937,0.6971134282422833,1.9044936939098562,14.773,42.614
1766335735.587043,597,102;103;104;105;200;201;202,60.187;69.587;69.191;42.877;67.599;67.015;79.823,0.22613324077906183,-0.12683477117227362,0.34738897411245956,-0.5108798987199231,0.6374357370358601,0.8516166853455684,1.3111530457672471,2.1210373114744048,-0.6088445774497463,-0.9283353565937466,0.6976385065537107,1.9040336891229583,14.780,42.622
1766335735.653242,598,102;103;104;105;200;201;202,58.348;70.066;68.779;43.059;67.050;66.489;79.532,0.2261812850602736,-0.12601234738121472,0.3482096326431334,-0.5102163990478509,0.6372989761364793,0.8522046659932742,1.3099381845154232,2.121161217639339,-0.6097533825161191,-0.9283646445413712,0.6973435916705711,1.9047070529872077,14.759,42.663
1766335735.718260,599,102;103;104;105;200;201;202,60.087;69.619;69.451;43.191;67.896;66.650;79.612,0.22607078258088034,-0.12634557512024328,0.34771769224432725,-0.5101882954877034,0.6374128147509354,0.8519658394480799,1.3106343227607649,2.1209767684637315,-0.609411172905916,-0.9282103827741222,0.6974115807587681,1.9045895169379605,14.763,42.647
1766335735.782888,600,102;103;104;105;200;201;202,60.474;69.608;68.636;43.037;67.301;66.131;80.959,0.22596243438618832,-0.12770535098939578,0.3469635130134477,-0.5108922601453727,0.6375115917722007,0.8515210135270792,1.3121322994534736,2.12129170052682,-0.6081793641832413,-0.9281120423794684,0.6976904954125335,1.9044929218246915,14.796,42.575
1766335735.853538,601,102;103;104;105;200;201;202,58.732;69.880;69.562;41.636;68.555;66.252;79.310,0.22644613844027264,-0.1254613580134546,0.34805558388916447,-0.5104377727203144,0.6371403237362058,0.8523667554537213,1.3095818567150865,2.120630006540221,-0.6098484753717088,-0.9285404383525363,0.6977085930003353,1.903994384931157,14.757,42.696
1766335735.924005,602,102;103;104;105;200;201;202,60.167;69.272;68.770;44.123;67.934;66.785;79.455,0.22610427343303136,-0.12545605094142545,0.34775412492290586,-0.5102536982437451,0.6373799603940318,0.8520972343795443,1.310082678896025,2.1203780094152123,-0.6100696738778827,-0.9283509272879109,0.6977600226539254,1.9039303335190252,14.740,42.698
1766335735.986898,603,102;103;104;105;200;201;202,59.368;69.639;68.681;42.848;67.516;66.891;80.290,0.22629679028871075,-0.1255506021122558,0.34790510387602064,-0.510267343061558,0.6372487667744066,0.8522709378279975,1.309868267948725,2.120568505731076,-0.6098678796348329,-0.9284211961633936,0.697670422060018,1.9041056595531773,14.753,42.692
1766335736.055276,604,102;103;104;105;200;201;202,60.209;69.420;69.438;43.745;67.370;67.148;80.093,0.22631247062786988,-0.12554442504281557,0.3479644737492757,-0.5101662172806184,0.6376384360003606,0.8520568815878988,1.3098016122362957,2.120614749951053,-0.6098809459069063,-0.9287104489999389,0.6972596722288825,1.904071388746394,14.753,42.692
1766335736.177405,605,102;103;104;105;200;201;202,59.302;69.687;69.640;42.767;66.763;67.281;81.090,0.22664325698881707,-0.12548766370619488,0.3484391533112871,-0.5102096037030713,0.637869452294884,0.8521799805171717,1.3091213127406511,2.120972324643643,-0.6097876218972377,-0.9292712010306243,0.6967481185614103,1.9042212890357475,14.768,42.693
1766335736.242699,606,102;103;104;105;200;201;202,59.373;69.992;68.490;43.946;66.983;66.019;80.342,0.2267907166370854,-0.12604534589062671,0.3483242589441736,-0.5105796942560529,0.6379933481049782,0.8519487891289381,1.3094306846149724,2.121262811325811,-0.6091709917000908,-0.9294859005867399,0.6965860438902326,1.904115720241838,14.791,42.662
1766335736.309718,607,102;103;104;105;200;201;202,58.837;69.652;68.668;43.148;66.604;66.237;79.912,0.22772581847854023,-0.12437564466206921,0.3494890720665506,-0.5107244325506746,0.6380792702198682,0.8526421891077074,1.306821804966106,2.1210529029587897,-0.6099840212752614,-0.9307628066813753,0.6961503619365629,1.9034147340436152,14.791,42.752
1766335736.377571,608,102;103;104;105;200;201;202,59.482;70.653;68.614;44.067;66.059;66.024;79.964,0.22851677551676433,-0.12433280420127911,0.3500999270781783,-0.5112308748013157,0.638220586036673,0.8527133013787412,1.305708481350307,2.121521078946959,-0.6094791233328404,-0.9317235603830318,0.6955046846354899,1.9030646448078155,14.829,42.752
1766335736.443794,609,102;103;104;105;200;201;202,59.548;70.772;68.825;43.888;66.686;65.200;80.809,0.2281615686743378,-0.12410795768868002,0.3500442936767367,-0.5114022992092409,0.6385360937043342,0.8528471107322426,1.3058797195250471,2.1213263215893168,-0.6099793808128743,-0.9318795767009008,0.6959356111023147,1.9030419609035263,14.805,42.764
1766335736.540657,610,102;103;104;105;200;201;202,61.568;69.801;68.658;42.695;68.335;67.567;80.309,0.2278670191762679,-0.1254571409348643,0.3494224265371207,-0.5117533114006595,0.6380339176935451,0.8525343835820861,1.3073849741527157,2.1217557428081397,-0.6089947335250523,-0.9310425439449097,0.6963881700464971,1.9033947158146955,14.828,42.691
1766335736.608755,611,102;103;104;105;200;201;202,60.026;70.400;69.257;43.300;66.410;67.410;80.012,0.22828582518725085,-0.12610384773887298,0.3497556571735369,-0.5122367277260932,0.6387282542645559,0.8525420411829853,1.3071597168966347,2.122485511176836,-0.6082219046832135,-0.9321175511376746,0.6957086806011085,1.9036371205987457,14.866,42.654
1766335736.672999,612,102;103;104;105;200;201;202,59.124;69.374;68.812;43.316;67.730;66.151;80.773,0.2281947859634174,-0.12437412865067617,0.3502747499624542,-0.5114528279833417,0.6382552015652035,0.8530068551757028,1.3058018542063878,2.1217117319983334,-0.6098367031681279,-0.9317163886694104,0.6959464897159997,1.9034366185094658,14.814,42.748
1766335736.739333,613,102;103;104;105;200;201;202,59.773;69.927;69.057;42.366;68.399;67.231;80.743,0.22889996459244294,-0.12350390712591555,0.3506059202695961,-0.5115729312015536,0.6373711231618421,0.8536885632728487,1.3045336202697595,2.1213565586514953,-0.6099333489474493,-0.931727745643761,0.6963439425846327,1.9029208239133484,14.826,42.797
1766335736.806377,614,102;103;104;105;200;201;202,60.083;69.540;68.678;42.690;68.452;66.417;80.572,0.22824158678250683,-0.12523863666218665,0.3491140437915419,-0.5121738476055907,0.6374907064867011,0.8530724769423177,1.307273713558946,2.121323000788852,-0.6086662247363197,-0.9310406635167996,0.6971977407248512,1.9029097684656067,14.840,42.707
1766335736.872884,615,102;103;104;105;200;201;202,60.077;70.311;69.092;43.600;67.080;67.584;80.185,0.22819707555952326,-0.12587822320332054,0.3491940676001931,-0.5122194938183996,0.638253810381891,0.8523303268353856,1.307590691432986,2.1218456815999787,-0.6082557412478135,-0.9314988304772339,0.6962355068712576,1.9029812560856483,14.856,42.670
1766335736.938583,616,102;103;104;105;200;201;202,59.825;70.373;69.239;43.237;67.025;66.499;81.062,0.22799964249572954,-0.1261819473614057,0.34907030414700846,-0.5117653764895622,0.6378255047044541,0.8519465095464567,1.3080066495713325,2.1219606816132495,-0.608170240650342,-0.9306776703200382,0.6960143739528961,1.9032397281173152,14.854,42.653
1766335737.004410,617,102;103;104;105;200;201;202,59.311;70.437;68.731;44.213;67.545;66.453;80.360,0.22769105329895778,-0.1269969998391593,0.3485591378056633,-0.5119613817750167,0.6383602629977897,0.8518165987932019,1.3091263475168893,2.122107364451791,-0.607649606741523,-0.93082744478929,0.6961451850428607,1.9035625596375154,14.862,42.609
1766335737.070332,618,102;103;104;105;200;201;202,60.115;69.894;68.828;43.958;68.140;67.041;79.126,0.22749907456089669,-0.1266863705359488,0.3485831525275566,-0.5112338034928591,0.6383269370494278,0.8517386241135262,1.3090659980221118,2.1219150005296696,-0.6080858528509795,-0.9304255519707058,0.6958584993777066,1.9038551177775322,14.844,42.626
1766335737.137807,619,102;103;104;105;200;201;202,60.734;69.971;69.780;43.746;67.000;66.884;79.654,0.22715023418320313,-0.12647050471966534,0.3483796631237698,-0.5110546764507476,0.6391634216461609,0.8515929452558462,1.3093682099811588,2.121598997327103,-0.6085137038614485,-0.930839850209144,0.695749676091753,1.9038216016660283,14.820,42.639
1766335737.203489,620,102;103;104;105;200;201;202,60.913;70.023;69.466;43.940;66.424;66.991;80.131,0.22706654810975732,-0.12654764854910114,0.3484842470483839,-0.510881192389794,0.6398724931367024,0.8514404395305126,1.3093774648685017,2.121746449281385,-0.6085798927674697,-0.9313396587445353,0.6952212815869927,1.904052348945137,14.818,42.634
1766335737.267126,621,102;103;104;105;200;201;202,60.291;69.009;68.935;43.030;68.585;66.652;79.988,0.22713925742583288,-0.1252220717445953,0.349040154823891,-0.5105646003791051,0.6388703112640667,0.8522807653605025,1.3080980530158108,2.121285193155748,-0.6097403742331096,-0.9307874924925968,0.695959413765808,1.9040332126632473,14.785,42.705
1766335737.335115,622,102;103;104;105;200;201;202,60.265;70.747;69.188;44.293;67.421;67.372;80.363,0.2269373221000361,-0.12555870965517985,0.34878368054458947,-0.5105284354656106,0.6391430380523214,0.8519759554426654,1.3086524617590853,2.1213093236159626,-0.6095810065530899,-0.9307398845737467,0.6958395095634964,1.904075933396147,14.784,42.687
1766335737.401932,623,102;103;104;105;200;201;202,60.381;70.196;68.708;42.492;67.332;66.854;79.900,0.22676431854910553,-0.1271318045256537,0.34817801028179457,-0.5112479189744763,0.639138874453526,0.8514830983967473,1.3101836406816798,2.1219059124839434,-0.6083111050963457,-0.9305062279862063,0.6960393396627189,1.9042161861930982,14.820,42.602
1766335737.468674,624,102;103;104;105;200;201;202,60.428;70.223;69.995;42.956;67.914;66.714;79.645,0.22703212583467372,-0.12576685327385906,0.3486214691553462,-0.5110524816989527,0.6380679692105209,0.8522108585402974,1.3088453012579533,2.1213136611037546,-0.6092635040323607,-0.9300229981903508,0.696744652276901,1.9038275458819334,14.795,42.677
1766335737.548443,625,102;103;104;105;200;201;202,59.890;70.088;69.422;43.561;68.129;66.623;79.183,0.22649366953721367,-0.12600611593947666,0.348061123486789,-0.5107761972087682,0.6381673261370713,0.8520820522749605,1.309847676845217,2.1210184262112204,-0.6093890746922369,-0.92950537153068,0.6971212137656511,1.9040591265234939,14.775,42.666
1766335737.634510,626,102;103;104;105;200;201;202,59.940;69.613;68.465;42.793;68.011;67.049;79.634,0.22613068425797903,-0.12643915225895905,0.34760640459217923,-0.5107532978194306,0.6377809008724369,0.8519774254613786,1.310742733942771,2.1209450489511723,-0.6092358361818987,-0.9287600634395042,0.6976266446679413,1.9042266584541467,14.769,42.643
1766335737.700242,627,102;103;104;105;200;201;202,59.119;69.701;69.115;42.531;67.610;67.188;79.480,0.22588137817711018,-0.1254745945872047,0.3477011767557106,-0.5104100918363113,0.6376385645801752,0.8523566899314898,1.3102950405355256,2.1203529227345954,-0.6102549417491523,-0.9285412156009227,0.6981142400446445,1.9041344944763843,14.730,42.696
1766335737.765497,628,102;103;104;105;200;201;202,60.259;69.707;69.239;43.025;67.701;66.108;80.063,0.22654766539499932,-0.12506199163151616,0.3480522173210089,-0.5110632844145645,0.6376346450902451,0.8526780439522209,1.309291269143854,2.1203412648428133,-0.6100504576472119,-0.9293898078811192,0.6981455230847925,1.9034686651856894,14.751,42.719
1766335737.830236,629,102;103;104;105;200;201;202,59.349;69.840;68.792;42.504;67.254;66.461;79.996,0.2265893934970671,-0.12624059173437935,0.347556698663836,-0.5117682922393506,0.6375743492660672,0.8520533217898515,1.3103558460372622,2.120746482234207,-0.6089128484778564,-0.9292696470609046,0.6981589568053905,1.9031589193176992,14.786,42.656
1766335737.895320,630,102;103;104;105;200;201;202,59.310;69.779;69.384;42.422;66.618;66.237;77.989,0.22651500586511034,-0.12584369746951354,0.34730937991702787,-0.5117352553804728,0.6383118254267679,0.8520272795926527,1.3104040815496896,2.120255297640131,-0.6091890586065262,-0.9298654493952416,0.6981338980374807,1.9027942629223447,14.772,42.680
1766335737.964287,631,102;103;104;105;200;201;202,59.836;69.858;69.352;42.413;67.038;67.325;79.921,0.22686489987326353,-0.1257611680320292,0.34766407757018586,-0.5116962144988969,0.6378514231958482,0.8522697339778299,1.3098018062735604,2.1204907734779463,-0.6090482243114254,-0.9297924961793129,0.6979990904325265,1.9029275432286987,14.787,42.683
1766335738.032838,632,102;103;104;105;200;201;202,60.377;69.855;69.328;45.469;66.757;66.191;79.373,0.22723161032138633,-0.12472514747526438,0.3485745119932834,-0.5116647506297012,0.6383293474493976,0.8526065066399415,1.3081667041242306,2.120529756711808,-0.6098396994724822,-0.930797149389358,0.6974599025470816,1.902761292680726,14.776,42.736
1766335738.099775,633,102;103;104;105;200;201;202,59.645;69.533;69.060;43.134;68.197;66.391;79.785,0.22758665767086994,-0.12312329116735114,0.3493432740155031,-0.5111095603338826,0.6380792090528058,0.853460177083503,1.3063488147179754,2.120046098964495,-0.6110152818062755,-0.9310954720095361,0.6974742550630495,1.9027335146584512,14.750,42.823
1766335738.167614,634,102;103;104;105;200;201;202,59.585;70.244;69.081;42.662;67.899;66.854;79.070,0.22799917020187538,-0.1225939952196025,0.34964816846204744,-0.5114171117549723,0.6374618818157849,0.8538929104522399,1.3054976826402709,2.1199198616048376,-0.6111317105535422,-0.931126551547254,0.6978612191927103,1.9023380001095895,14.756,42.852
1766335738.255582,635,102;103;104;105;200;201;202,59.305;69.834;69.009;43.146;67.181;67.031;79.244,0.2286213222094233,-0.1219122090190596,0.3503856022113993,-0.5112888094320617,0.6368836956557087,0.8543718511323297,1.304034518573735,2.1200502415079066,-0.6113301344666058,-0.9312770939610125,0.697602833059761,1.902303317851073,14.769,42.887
1766335738.321717,636,102;103;104;105;200;201;202,59.049;70.288;68.412;43.575;67.537;66.582;79.455,0.2272179731563033,-0.12303300350092596,0.34887051225251786,-0.5117441957881869,0.6368380910019579,0.8533144246772831,1.3069716570565921,2.1195878617418766,-0.611258790544978,-0.9298497202066631,0.6989010308082384,1.9019266664886352,14.729,42.830
1766335738.389628,637,102;103;104;105;200;201;202,59.490;70.049;69.846;44.001;67.324;65.938;80.730,0.22747890387410313,-0.12225494825726611,0.34951876669020526,-0.5114807151405156,0.6370203507380903,0.8536663537821536,1.3057848943351293,2.119586152759522,-0.6118523053561749,-0.9303652629119854,0.6985111564168214,1.9020072704737674,14.721,42.871
1766335738.455587,638,102;103;104;105;200;201;202,60.191;70.713;68.948;43.495;65.950;66.836;80.675,0.22744752989470812,-0.12348582280900391,0.34892710808799626,-0.5117575267763389,0.6377485421664867,0.8528116470901688,1.3070144913908643,2.119949244185869,-0.6107101293513734,-0.9306802878096733,0.6978698659863924,1.901905918483432,14.753,42.805
1766335738.521908,639,102;103;104;105;200;201;202,59.784;69.876;69.126;43.309;65.816;66.215;79.817,0.2273617663981343,-0.12442656419476354,0.3490583866212914,-0.5116986029822576,0.6389013710854663,0.8523964579331594,1.3074833079500172,2.1207306435024886,-0.6101325365727875,-0.9314802967945539,0.6968005643987999,1.9026157874505243,14.774,42.751
1766335738.586570,640,102;103;104;105;200;201;202,59.801;70.685;69.124;43.027;67.461;66.460;80.049,0.22701144902127637,-0.1251258390369608,0.3488019775100029,-0.5112936188585752,0.6390701414056079,0.8521893805418409,1.3083432881265233,2.1210164078929927,-0.6098443334171353,-0.9310935846332045,0.6965574700294759,1.9033375061923854,14.776,42.712
1766335738.654206,641,102;103;104;105;200;201;202,59.943;69.621;69.051;43.782;67.125;67.552;79.785,0.22763563367996867,-0.12499235704437298,0.3494877745792236,-0.5111361850424344,0.6386390973040388,0.8528169226747893,1.3072296264190397,2.121491122011067,-0.6096036983516935,-0.9313362779039821,0.696185447413776,1.9038529393784223,14.803,42.717
1766335738.719442,642,102;103;104;105;200;201;202,60.193;69.481;69.105;45.850;68.254;66.361;78.853,0.22648681165041468,-0.123184805170788,0.34941176369744703,-0.5095042417862661,0.638917028402758,0.8523014972202138,1.3070889594242565,2.1201854372137223,-0.6120849640361292,-0.930289236307843,0.6961211351096677,1.9036899244587262,14.696,42.816
1766335738.787594,643,102;103;104;105;200;201;202,59.976;69.363;69.633;42.928;67.383;66.542;80.204,0.22624138504086475,-0.12302736778579633,0.34921157539829745,-0.5095231990413501,0.6388864163192758,0.8521900362552719,1.3073483969185868,2.1199099167050703,-0.6123671087376809,-0.9300614955200326,0.6964271574598055,1.9034718655088554,14.680,42.826
1766335738.851116,644,102;103;104;105;200;201;202,58.462;70.477;68.277;42.318;67.405;67.270;80.029,0.22657113815290741,-0.12296418585543438,0.3496757218637742,-0.5094310230209138,0.6383815187836351,0.8528320776628742,1.3066745758774516,2.1202535662506983,-0.612275275959213,-0.9300230703766176,0.6964767186959007,1.9040213948733105,14.695,42.827
1766335738.920337,645,102;103;104;105;200;201;202,59.791;69.843;69.335;44.446;68.244;66.231;81.197,0.22565004614605266,-0.12293348325139171,0.3492127115876876,-0.5084174809534984,0.6386075540294779,0.8525066275457636,1.3077068478202705,2.119864007674886,-0.6130244602692508,-0.9291008779783811,0.6965075797873098,1.9046535798433877,14.648,42.830
1766335738.983933,646,102;103;104;105;200;201;202,60.232;70.268;69.343;42.052;68.365;66.560;80.618,0.22452431910587212,-0.12341434573833358,0.34764790409351753,-0.5088277748974349,0.6382795514651902,0.8519962520837272,1.3101374953984186,2.1188939767086605,-0.6131440400890714,-0.9277681736498475,0.698243065944375,1.9039971349044285,14.605,42.810
1766335739.051143,647,102;103;104;105;200;201;202,60.161;70.295;68.788;45.213;67.635;66.772;79.645,0.22425961570947775,-0.12383539487563132,0.3472696061793681,-0.5089897948956688,0.6384425663947396,0.8514537746757725,1.3108901177661534,2.1188746371424565,-0.6129337900493215,-0.9275677135102445,0.6982405702939376,1.9037500389519966,14.604,42.788
1766335739.118675,648,102;103;104;105;200;201;202,59.083;70.362;68.141;44.461;66.305;66.820;80.653,0.2250857948417299,-0.12403566527507309,0.34801198288953505,-0.5091130010633167,0.639209599432545,0.8515678722556635,1.3097727437439635,2.1196289312066527,-0.6122622759660653,-0.9289901518974254,0.6969427888571142,1.9039989406743545,14.650,42.774
1766335739.183533,649,102;103;104;105;200;201;202,59.852;69.629;68.365;41.511;68.783;67.530;79.565,0.22503190129116718,-0.12581661681934106,0.3468800419581496,-0.5103435051164379,0.6379976647418609,0.85149493458797,1.3118010538497675,2.11991530259455,-0.6105052000838469,-0.9279055923339836,0.6984120360552308,1.9037935110601343,14.697,42.680
1766335739.249847,650,102;103;104;105;200;201;202,59.739;69.362;69.510;43.275;66.731;67.620;79.652,0.2254532732376312,-0.12463493719143076,0.3476814500536995,-0.5101228489479978,0.6380476616222556,0.8522391965138226,1.3101422385183161,2.1197561736037662,-0.611309641817452,-0.9285781837325143,0.6982594418771789,1.90380865748551,14.685,42.743
1766335739.315891,651,102;103;104;105;200;201;202,60.562;69.988;69.529;43.127;67.318;66.454;78.818,0.22648479193730167,-0.12448324989090738,0.3478788560121723,-0.5111676261158743,0.638056794209209,0.852315873332238,1.3091648550285988,2.1197847392766285,-0.6104831699909816,-0.9297121764175584,0.6981238540038737,1.9026309915904074,14.732,42.753
1766335739.383997,652,102;103;104;105;200;201;202,60.397;69.737;68.889;43.073;68.161;67.515;79.794,0.22626629362503015,-0.12518657620959675,0.34771939342567304,-0.5112466617610195,0.6377989219090788,0.8523940156953119,1.309849962743584,2.120152122915082,-0.6101003191747686,-0.9292822668959717,0.6983929889162918,1.9031949731577131,14.741,42.713
1766335739.448191,653,102;103;104;105;200;201;202,59.717;70.045;68.927;42.889;66.803;66.912;79.557,0.2260870336047581,-0.1258071166226852,0.3472635549893849,-0.5116340533948895,0.638038950549108,0.8520836357069487,1.3107224485725257,2.120204217332536,-0.609622145524247,-0.9293071103949614,0.6985796515012102,1.9030435213529162,14.749,42.681
1766335739.512920,654,102;103;104;105;200;201;202,59.402;70.394;68.822;45.223;67.768;66.589;79.660,0.22562290009941596,-0.1257892362202697,0.34739441889663797,-0.5107952327848535,0.6389918368276826,0.8516746672733729,1.310920893485537,2.120319725136297,-0.6101479591672545,-0.9294938597197038,0.6976550638027283,1.903688106263429,14.726,42.680
1766335739.611616,655,102;103;104;105;200;201;202,59.611;70.427;69.431;44.420;67.506;67.888;79.235,0.2262042882402851,-0.12484224029301622,0.34835237961635807,-0.5101657816520937,0.6390687356763348,0.8522180086162857,1.3091437046595191,2.120455764829945,-0.6106783616554082,-0.9301079424502974,0.6968135546993469,1.9040340223605243,14.728,42.729
1766335739.677885,656,102;103;104;105;200;201;202,59.681;69.561;68.842;43.694;68.280;66.643;80.305,0.22683151864748025,-0.12345772762685972,0.34904320936786387,-0.5101536960053448,0.6379568700612432,0.8529833698278548,1.307325754135137,2.120049938615379,-0.6113880145611885,-0.9299458341243788,0.6972625264951806,1.903492837806898,14.721,42.804
1766335739.744239,657,102;103;104;105;200;201;202,60.806;69.827;68.857;42.731;67.759;66.818;79.330,0.22651221320327847,-0.12310919747460981,0.3489006282974404,-0.5103556986316086,0.63804387827144,0.8525355602183463,1.3074792955909909,2.119691252564071,-0.6119117037133934,-0.9297939043185278,0.6974973925370461,1.9028332719271486,14.696,42.824
1766335739.810597,658,102;103;104;105;200;201;202,60.521;69.791;69.425;43.438;68.215;66.742;79.539,0.22679882365646323,-0.12277312290342351,0.3490248353985391,-0.5108035108312984,0.6381756068864854,0.8526549906585821,1.30698271893427,2.119550745161748,-0.6119332888182678,-0.9303464811193822,0.6976110321097555,1.9022880014255534,14.701,42.843
1766335739.875335,659,102;103;104;105;200;201;202,59.892;69.924;69.185;42.989;66.857;66.922;79.156,0.22688416535987305,-0.12333793724236497,0.34865479547042394,-0.5111215815586784,0.6384131035631309,0.8526916596177639,1.3075643077329122,2.119629159790108,-0.6112707351707622,-0.9306189556772438,0.6977394560817596,1.9023084129462773,14.721,42.813
1766335739.941281,660,102;103;104;105;200;201;202,59.546;69.662;69.341;43.293;67.702;67.113;78.702,0.22628219176977798,-0.12298317085238264,0.3482739265397801,-0.511263170920314,0.6384589252310384,0.8521729536042596,1.3081210480180212,2.1190703250761977,-0.6119831153969221,-0.9301630118228386,0.6982673871269691,1.901630590824185,14.681,42.834
1766335740.008722,661,102;103;104;105;200;201;202,58.600;69.938;69.052;42.690;68.300;65.895;79.685,0.2266628766768509,-0.12154636485724735,0.3489807997379486,-0.5108265242357152,0.6373380370973584,0.853106285014423,1.3064314651011573,2.1186490649606733,-0.6129820386668786,-0.9297240502204915,0.698744144166964,1.9015894098977544,14.661,42.912
1766335740.080725,662,102;103;104;105;200;201;202,59.423;70.096;69.659;42.731;68.002;66.828;79.769,0.2263689735155301,-0.12161595340970358,0.3488331500542552,-0.5099291052319436,0.6369619978907901,0.8531781563599113,1.3068049626741913,2.118581018700596,-0.6131607835793506,-0.9288493939199955,0.6986619194648426,1.9023337514747016,14.648,42.908
1766335740.144781,663,102;103;104;105;200;201;202,59.212;70.040;69.329;43.416;67.552;67.089;79.307,0.22644022070359235,-0.12137626160358304,0.34925605667415927,-0.5093078952086407,0.6367573250269911,0.853635394132879,1.3062491150025335,2.118772772816326,-0.6134423362925421,-0.9286903793797502,0.6983994159020102,1.9030954240128595,14.645,42.919
1766335740.213524,664,102;103;104;105;200;201;202,60.055;69.771;69.479;44.370;67.671;66.547;79.394,0.22689076549396178,-0.11946184675947194,0.3502404747930398,-0.5086167673088666,0.6371695610527736,0.8544009505287191,1.303999577481233,2.1182484865094477,-0.6148449371171136,-0.9296513496008247,0.6978840054433495,1.9029807048413567,14.616,43.022
1766335740.335327,665,102;103;104;105;200;201;202,58.931;70.427;68.681;43.577;68.002;66.375;79.927,0.22703131497408013,-0.1197631797222325,0.3499254772080412,-0.5093571377657625,0.6360835596770543,0.8544704999310906,1.3043475082631364,2.118186538639656,-0.6143505825674536,-0.9289598816690059,0.6988566836980756,1.9024192928123376,14.631,43.008
1766335740.400651,666,102;103;104;105;200;201;202,58.706;70.439;68.942;43.266;67.276;66.897;80.879,0.2266821572993963,-0.12083651608876009,0.34960897463115304,-0.5094191934094514,0.63646977784194,0.8543364597554226,1.3054685331789764,2.1186861176299807,-0.6137544837625836,-0.9289065281303215,0.6987985732167856,1.9031634232726962,14.643,42.948
1766335740.468207,667,102;103;104;105;200;201;202,59.750;69.191;68.928;42.755;68.137;66.616;80.027,0.22625709705829458,-0.12184096894176888,0.34902356205248414,-0.5091143674492439,0.6364126543038653,0.8538483871852214,1.3068408087151042,2.118907817805214,-0.6131772473413909,-0.9281485141635645,0.6987018525037831,1.9036803384591385,14.649,42.894
1766335740.535288,668,102;103;104;105;200;201;202,59.394;70.528;69.113;44.011;68.349;66.865;80.664,0.2262606335779978,-0.12249442970660876,0.3486702574395485,-0.5092067497448631,0.6364066336574407,0.8536040136870618,1.3075142730029825,2.119066256921359,-0.6125352611823688,-0.9279955293220726,0.6986312353428284,1.903750209189361,14.667,42.859
1766335740.600303,669,102;103;104;105;200;201;202,59.698;70.694;68.883;43.545;67.802;65.983;80.056,0.22643345067357787,-0.12224559031346931,0.3487489303602808,-0.509399585612411,0.6365681106483725,0.8535594018851491,1.3071857324920113,2.118952116569216,-0.6125848499821693,-0.9283541308711879,0.698552482837425,1.9033600748039712,14.669,42.873
1766335740.666770,670,102;103;104;105;200;201;202,61.238;69.860;69.253;43.028;67.903;66.165;80.494,0.22731984590841636,-0.12270041067138703,0.3489354136177741,-0.510480567271119,0.6366682747149841,0.8538135712571661,1.3066579755575285,2.1194049426661414,-0.6114367829314055,-0.9294666496406685,0.6984563634895965,1.9028504344660686,14.725,42.849
1766335740.732721,671,102;103;104;105;200;201;202,58.758;69.600;68.908;42.643;67.756;67.005;79.818,0.22734558726052576,-0.12324830733840958,0.34919419985282896,-0.510269168925297,0.6366673879156294,0.8540377261534733,1.3067177958058913,2.120014428292988,-0.611098978018104,-0.9294490324389639,0.6981306978237917,1.9037397043803643,14.741,42.816
1766335740.798893,672,102;103;104;105;200;201;202,59.172;69.992;69.252;44.555;67.604;66.717;80.760,0.22676644246821245,-0.12361320231294776,0.34900625737468416,-0.5097927206494571,0.6368817557167933,0.8537298026017646,1.3074903811767438,2.120130332103097,-0.6113193975780034,-0.9289478626908747,0.6979840516666108,1.9043293504728216,14.722,42.795
1766335740.864721,673,102;103;104;105;200;201;202,59.067;70.276;68.732;43.158;67.830;66.511;80.874,0.22642468438572447,-0.12422827560940868,0.34875989518172634,-0.5094077914940339,0.6366905882110245,0.8537949706802103,1.3082886596890961,2.1203649105047973,-0.6110910340677713,-0.9283196679011376,0.6980880689791539,1.905141531754094,14.722,42.761
1766335740.932253,674,102;103;104;105;200;201;202,59.603;69.551;68.417;42.669;67.848;67.047;80.085,0.226396515829733,-0.1253544110306199,0.3481851671090746,-0.5101282163435413,0.6366830640340514,0.8537415536580837,1.309442685323548,2.1206676285577,-0.610031119185493,-0.928327751164607,0.6985675005623277,1.9051918948273574,14.752,42.701
1766335740.997515,675,102;103;104;105;200;201;202,60.270;70.491;69.540;43.208;68.108;66.285;80.316,0.2262477369102607,-0.12681697860754174,0.34749519233055215,-0.510703357175566,0.6372130911099915,0.8525091667880099,1.3109697390023038,2.1211124310570475,-0.6087875193660959,-0.9283688108107022,0.69804079520323,1.904781234291295,14.785,42.623
1766335741.063431,676,102;103;104;105;200;201;202,59.750;69.534;69.343;43.324;67.890;66.060;80.034,0.22691444894852947,-0.12542341324576287,0.3486052484183246,-0.5104480984733147,0.6372517498737376,0.8534421498621305,1.3087501283948515,2.1210607763522384,-0.6096348311114062,-0.9293000968242683,0.6976792867875113,1.904846054851874,14.779,42.696
1766335741.130071,677,102;103;104;105;200;201;202,58.545;70.182;69.133;42.893;67.687;66.169;80.977,0.2272735903028893,-0.12407039434063316,0.34943984691857044,-0.5105822602992718,0.6370856738646186,0.8542924367369801,1.3070101031477008,2.1208099003229712,-0.6106440620000828,-0.9299118885877032,0.6979897119805444,1.9045954096769488,14.760,42.768
1766335741.196999,678,102;103;104;105;200;201;202,60.825;69.893;68.880;43.380;67.147;66.936;80.401,0.22707351311217688,-0.12521717497264107,0.3483896435902315,-0.5112259465028021,0.6370261390562045,0.8536504107966232,1.3087141086129572,2.120723919739005,-0.6095475501694307,-0.9295113656678886,0.6984792068321026,1.9040806871010738,14.782,42.709
1766335741.262029,679,102;103;104;105;200;201;202,59.306;70.062;68.402;43.481;67.206;66.624;79.380,0.22709757937026426,-0.12482575626169709,0.3484504678155174,-0.5106794159599547,0.6371711076281904,0.8535961155428491,1.308425478382074,2.1204986444268177,-0.6098459643886504,-0.9294990130144196,0.698088396337342,1.904130344077501,14.772,42.731
1766335741.328622,680,102;103;104;105;200;201;202,60.657;70.313;69.384;43.383;68.200;66.189;80.076,0.22710071827029377,-0.12469604322859125,0.3486225085966602,-0.5109665078548495,0.6369311577914643,0.8535030888346092,1.3081994395702787,2.1205548968108623,-0.6100107204327609,-0.9294096276555692,0.6982448837343896,1.9038457951399002,14.769,42.737
1766335741.394554,681,102;103;104;105;200;201;202,59.607;69.867;69.454;43.770;68.144;66.065;78.671,0.22672585301952095,-0.12356612765406588,0.34868951309704305,-0.5101431288007546,0.6368389252581121,0.8536349957902372,1.3077713557070154,2.1198257816835206,-0.6112679740489043,-0.9289357032739017,0.6984035420952303,1.903813201545241,14.719,42.800
1766335741.463655,682,102;103;104;105;200;201;202,59.470;70.131;69.422;44.526;67.728;67.069;79.154,0.22632519210918592,-0.1233413901976241,0.3487369949771255,-0.5093472854876936,0.6369677851188993,0.8534352923445488,1.3078832674507357,2.1197209594838484,-0.6118545786805204,-0.9284856217639995,0.698047239538452,1.9042664563844194,14.693,42.811
1766335741.526683,683,102;103;104;105;200;201;202,58.957;69.959;68.864;43.072;67.946;66.944;78.532,0.22649024969655837,-0.12256420173602131,0.3490606001270991,-0.5085382163013074,0.6370749732541788,0.8539293981169572,1.3070495455612319,2.119443916977112,-0.612411918089526,-0.9286472537877062,0.6977001724115088,1.9046691470872728,14.680,42.854
1766335741.594113,684,102;103;104;105;200;201;202,60.024;69.966;68.978;44.049;68.289;66.538;78.729,0.2264387943384608,-0.12172612862561957,0.34921017668979476,-0.5087908044488966,0.6373322971541223,0.8541832054129498,1.306485837274494,2.118981053644488,-0.6131596200032081,-0.9291047778360532,0.69810691134819,1.9041491675477993,14.655,42.900
1766335741.660028,685,102;103;104;105;200;201;202,59.199;69.957;69.105;43.745;67.342;66.862;79.601,0.22644659323445998,-0.12106461333300776,0.3495342590113897,-0.5081135723787875,0.6372669475741595,0.8543872074239883,1.3058256567231947,2.11879117282392,-0.6137845130975971,-0.9289761557312713,0.6978170466393672,1.9044094763995505,14.637,42.935
1766335741.725912,686,102;103;104;105;200;201;202,59.055;69.892;69.048;43.655;66.574;67.093;79.626,0.22656767549919304,-0.12120336451077204,0.3497247060081703,-0.5080193176895396,0.6377518556802351,0.854207010521735,1.3056510827202827,2.1190491976407113,-0.6136358654418526,-0.9294393465058192,0.6971912261237683,1.9045465184506216,14.647,42.926
1766335741.792181,687,102;103;104;105;200;201;202,59.381;70.038;69.309;42.225;68.361;67.194;79.737,0.22699641986322155,-0.12056536533282819,0.3503105825360802,-0.508563141124134,0.6369661125784177,0.8549044123736164,1.3044803883136171,2.1190868751435668,-0.6139311986601766,-0.9295345862681071,0.6978202602170921,1.9042429370291236,14.651,42.960
1766335741.858123,688,102;103;104;105;200;201;202,60.030;70.024;69.212;44.491;67.808;66.446;78.666,0.22708962575540165,-0.11950359745532374,0.35053214518539133,-0.5085474055837294,0.6369842178592962,0.8550531630829702,1.3036275918899645,2.1185221300044303,-0.6147336065700905,-0.9297863274533121,0.6979971088700306,1.9035960261753848,14.627,43.018
1766335741.923955,689,102;103;104;105;200;201;202,59.336;69.872;69.384;42.360;67.819;66.082;79.528,0.22722337122573535,-0.11950002333332695,0.3504656447262265,-0.5089174508628186,0.6367502736503377,0.8556510473940743,1.303591134945203,2.1184580104222097,-0.6145771796473238,-0.9299224355072513,0.6986567399599217,1.9036517599882208,14.634,43.019
1766335741.990525,690,102;103;104;105;200;201;202,59.483;70.085;69.291;42.820;67.206;66.490;79.922,0.22667004045375141,-0.12166809491921014,0.3494779726262557,-0.5096093791497122,0.6371252967050753,0.8546048520375111,1.3060565736791916,2.1191626518280504,-0.6130824283640012,-0.9295148468191409,0.6986697566163724,1.9038836002417168,14.664,42.902
1766335742.057288,691,102;103;104;105;200;201;202,60.480;70.446;68.115;43.161;66.849;66.794;79.403,0.22660082547531238,-0.12353800595912147,0.34869455229545243,-0.5105309602786315,0.6375177627794965,0.8536509037897662,1.3078383362744035,2.119814390213809,-0.6114151596499489,-0.9296140662237459,0.698479807880799,1.9036646831170452,14.712,42.801
1766335742.128815,692,102;103;104;105;200;201;202,58.617;69.925;69.187;43.558;67.320;67.454;79.224,0.22633673574050922,-0.12229598059505067,0.3491193645148623,-0.509939435041341,0.6372039020127653,0.8536337718367761,1.3069549882767797,2.11930971099001,-0.6127913162977917,-0.9291371710183072,0.6985163667875065,1.9034156642288091,14.665,42.868
1766335742.194522,693,102;103;104;105;200;201;202,59.301;69.946;69.232;43.606;67.933;66.944;79.717,0.22576677944390408,-0.1221836077182688,0.34870329526942995,-0.5103486427171444,0.6370513798513407,0.8531271114379252,1.3076555664121745,2.118890944212406,-0.6132736446954787,-0.9285914590579791,0.699233828421516,1.9027060685478876,14.633,42.875
1766335742.261419,694,102;103;104;105;200;201;202,59.756;70.327;69.517;42.530;67.986;66.445;79.551,0.2262360278447505,-0.1216851903740286,0.3490947682000655,-0.5105677301631998,0.6371341242360999,0.8533890536547296,1.3067057974119622,2.1188594888504615,-0.613345052572124,-0.929234685421557,0.6990584087496595,1.9023517001043102,14.643,42.902
1766335742.414896,695,102;103;104;105;200;201;202,58.988;70.412;69.235;43.875;67.258;66.642;80.007,0.2262177461407075,-0.1222040690066398,0.34871291273704724,-0.5103358615954118,0.6371085712128787,0.853233838186914,1.30734448542742,2.118898861803751,-0.6128154631928859,-0.9289611658951428,0.6989177118100871,1.902590087119267,14.657,42.875
1766335742.478557,696,102;103;104;105;200;201;202,59.162;70.229;69.523;44.092;66.733;66.965;79.738,0.22587220918146,-0.12228735298686452,0.3484728511958403,-0.5103421048861304,0.6379133672117226,0.8531040643938245,1.3078429952492712,2.1187626004679365,-0.6129977364986856,-0.9293825205408044,0.6988859682661935,1.9026582018397158,14.642,42.871
1766335742.546988,697,102;103;104;105;200;201;202,59.615;70.188;68.535;43.907;67.133;66.448;79.673,0.22665302014358585,-0.12226831946518572,0.3492791020515319,-0.5105836473479639,0.6380364874523428,0.8533637673750644,1.3065786041814826,2.1194170610216774,-0.6125634201131055,-0.930301553761816,0.6980817945461747,1.9027656394749166,14.680,42.869
1766335742.613295,698,102;103;104;105;200;201;202,58.369;70.591;68.541;42.829;68.358;66.259;80.546,0.22720072249393197,-0.12220027091189131,0.3494023406431537,-0.5112658225709008,0.6373161279085215,0.8537939896877168,1.3060506653476693,2.1194566376984687,-0.6121224259477037,-0.9303850599713477,0.6986277917901718,1.9022990469784957,14.706,42.874
1766335742.678289,699,102;103;104;105;200;201;202,60.559;69.665;68.151;44.425;67.557;66.506;79.342,0.22669068123543376,-0.12171382101852742,0.3491703568316337,-0.5104782262530482,0.6384702976287261,0.8531946562468667,1.3063386557640109,2.118929744455613,-0.6129035717012485,-0.9306783283389253,0.697919944088152,1.902219490663634,14.667,42.901
1766335742.744783,700,102;103;104;105;200;201;202,60.079;69.280;68.879;43.272;66.317;66.307;80.942,0.22751857153083288,-0.12154793952001251,0.3498732294517188,-0.5110120011471537,0.6386493636200813,0.8534404318464345,1.3050505726017427,2.119389176696189,-0.6124925126138214,-0.9317768893703181,0.6973386100189102,1.9019199958980813,14.704,42.908
1766335742.811949,701,102;103;104;105;200;201;202,60.306;69.958;69.962;43.056;67.640;67.600;80.126,0.227866128594069,-0.12231513117902997,0.3494596425064858,-0.5113989810029907,0.6383247964058004,0.8532959579203727,1.305600855398883,2.119564868651012,-0.6113994997280089,-0.9316700598070518,0.6974005745704084,1.901715798779997,14.742,42.869
1766335742.876982,702,102;103;104;105;200;201;202,58.975;70.213;68.507;42.005;66.423;67.029;80.163,0.22796645424147943,-0.12281178924131135,0.34982539488835773,-0.5113826246317655,0.6379795894578558,0.853572806348006,1.3054858211253868,2.120227514824827,-0.6110698349117583,-0.9314970045869477,0.6972719261112594,1.902468296727237,14.760,42.838
1766335742.943114,703,102;103;104;105;200;201;202,58.700;69.767;69.085;42.259;68.355;66.656;80.803,0.22674819378475616,-0.12288385071723999,0.3491739095572529,-0.5111148731135066,0.637577794744033,0.8532700277662761,1.3069484770988926,2.119759062911801,-0.6119592249939423,-0.9300398691784995,0.6983715912635149,1.9026827364080736,14.701,42.835
1766335743.010032,704,102;103;104;105;200;201;202,60.076;69.979;68.842;43.006;66.547;66.469;79.307,0.22685713835011345,-0.12403909119091006,0.34875987692022953,-0.5112873926922602,0.6374749107262826,0.8528971085683483,1.3078817806033098,2.1202165854697173,-0.610806721870161,-0.9298077851309046,0.6981260387754321,1.9029089279314888,14.739,42.773
1766335743.077617,705,102;103;104;105;200;201;202,60.684;70.760;69.310;43.843;67.189;67.400;80.353,0.22659034505722306,-0.12549725677842594,0.34809757969149185,-0.5116965544165427,0.6378378960624514,0.8523379265323008,1.309464360300622,2.120686733927967,-0.6096952853685658,-0.9297175010037293,0.6980678870948267,1.9031644078424477,14.766,42.694
1766335743.143669,706,102;103;104;105;200;201;202,59.546;70.101;69.223;44.382;67.627;66.403;80.751,0.22617458960287423,-0.1254174874456788,0.34798408478560733,-0.5109628351076579,0.6378538631622495,0.8524353110544894,1.3098096589696386,2.120546467987299,-0.6101219396866955,-0.9292026427438356,0.6980552084424028,1.903811778460732,14.743,42.698
1766335743.209074,707,102;103;104;105;200;201;202,59.158;70.346;69.626;42.766;67.059;65.820;80.861,0.22678714690996307,-0.1239888276048089,0.3490856039577458,-0.5104057503422211,0.6378091576000774,0.8532411596766872,1.3076156194939554,2.1204637111875955,-0.6110452384732908,-0.9298869010136558,0.6975073210469968,1.9039742588426596,14.734,42.774
1766335743.273299,708,102;103;104;105;200;201;202,59.568;70.243;68.910;43.418;67.829;66.875;79.750,0.227085337425715,-0.12374837602598614,0.3493615389618006,-0.5109189161726985,0.6376034106824042,0.8536161843800822,1.3070306558996356,2.120521011297144,-0.611043786013719,-0.9302412987633261,0.6978398784965554,1.903706159342486,14.742,42.786
1766335743.339926,709,102;103;104;105;200;201;202,59.327;69.613;68.621;42.067;67.570;66.689;79.200,0.22782568167486486,-0.12337844268070572,0.3496146482271597,-0.511788081799385,0.6370238311067042,0.8539676987339154,1.3060855519045327,2.120452009153664,-0.6106938226328494,-0.9306827275477604,0.6982592343578261,1.902805316948618,14.769,42.807
1766335743.404527,710,102;103;104;105;200;201;202,59.882;70.114;68.993;44.032;67.347;67.491;80.469,0.22777360996834378,-0.12305085553135119,0.34989592965165806,-0.5112082057413864,0.637273822768477,0.8540140903150842,1.3056913399907413,2.1204638947537777,-0.6111074147359026,-0.9307579543584642,0.6977728509827392,1.9031832765082792,14.757,42.824
1766335743.473638,711,102;103;104;105;200;201;202,58.964;70.018;69.263;43.135;66.675;66.792;80.401,0.22770704978427056,-0.12281576849550242,0.35036860845389645,-0.5105062542221956,0.6371095936000244,0.8539209541961319,1.3051901119866376,2.1207062557400627,-0.6115419338465216,-0.9303973167413336,0.6971606764773259,1.9037031389947447,14.747,42.834
1766335743.538563,712,102;103;104;105;200;201;202,60.232;70.122;69.010;42.689;67.424;66.892;80.282,0.22847975091233996,-0.1226330048548852,0.3505809760403153,-0.5113004923157018,0.6370375566334542,0.853906881510076,1.3043628715795574,2.1207331983867777,-0.6110011834661268,-0.9311828068281002,0.6970308130269657,1.9027367219377438,14.781,42.845
1766335743.604861,713,102;103;104;105;200;201;202,58.995;70.102;69.144;43.536;66.915;67.079;78.958,0.22818509685946053,-0.12273614682514465,0.350419230400146,-0.5105340199944765,0.636811093527781,0.8539904071548368,1.3047681399112052,2.120677190684437,-0.611149513343533,-0.9304864171109397,0.6969782821639708,1.9034323929171837,14.769,42.839
1766335743.670093,714,102;103;104;105;200;201;202,60.434;69.538;69.020;42.545;67.347;67.147;79.345,0.22776967814540688,-0.12457605984213578,0.3493213905697366,-0.511637244800777,0.636762963601684,0.8535076278711534,1.3070506922339216,2.1210489041562135,-0.6097207652043267,-0.9300789852972894,0.6978549485294605,1.9033633843054922,14.799,42.742
1766335743.737520,715,102;103;104;105;200;201;202,59.923;69.599;69.073;43.057;67.454;67.005;79.626,0.2272672091095972,-0.12394856335457687,0.34875992509728837,-0.5111117403916373,0.6364962045569506,0.8530923621299816,1.3075454822648442,2.1201388174400853,-0.6104696094905133,-0.9291838996996168,0.6982626451261423,1.9028064637724293,14.757,42.779
1766335743.803242,716,102;103;104;105;200;201;202,60.108;69.657;69.382;44.583;66.974;66.140;79.544,0.22762868702621106,-0.1230763517854422,0.3491978704352903,-0.5114617593335223,0.6372620681019331,0.853166509260841,1.3064214187050913,2.119886381206012,-0.6109508938369375,-0.9304231892601944,0.6979250838417568,1.9020655529935009,14.751,42.827
1766335743.869666,717,102;103;104;105;200;201;202,60.076;69.669;69.476;44.167;68.466;67.093;79.555,0.2268583468226783,-0.12310238424624373,0.3487950063842286,-0.5107022600317526,0.6373128584772956,0.8532087592185739,1.3073273904142062,2.1195840075429153,-0.6115317163867734,-0.9296214662716211,0.6982616163559414,1.9027861085149853,14.713,42.826
1766335743.936292,718,102;103;104;105;200;201;202,59.558;70.094;69.599;43.565;66.286;66.580;79.939,0.2271963677119046,-0.12344501192274888,0.349275527422158,-0.5105959625842253,0.6379981345092992,0.8531392400616561,1.306859847045232,2.1202286079319865,-0.6111298902048655,-0.9304616466136616,0.6972164965335108,1.9032550603064404,14.739,42.804
1766335744.000059,719,102;103;104;105;200;201;202,59.480;69.540;68.721;44.087;68.248;66.384;79.514,0.22713435939769785,-0.12227212219570333,0.3492556163051991,-0.5101824994919457,0.6373577169141691,0.8535196886610369,1.3062662023895564,2.11938350521239,-0.6120745500308367,-0.9298923651085632,0.6978562036372178,1.902836538521298,14.704,42.870
1766335744.065954,720,102;103;104;105;200;201;202,60.084;69.543;69.245;44.128;67.889;66.317;79.759,0.22708711066049536,-0.12144239328254422,0.34950057570149656,-0.5098579882896775,0.6372175909567985,0.8539663533718878,1.3056203121268786,2.1190084328010617,-0.6128499965248385,-0.929845216272082,0.6981165969824032,1.9028752438786012,14.679,42.916
1766335744.133829,721,102;103;104;105;200;201;202,57.767;69.822;69.259;44.161;68.254;66.839;78.873,0.2261441527834054,-0.12020583186761896,0.34958746378147537,-0.5088518817150578,0.6367284602107524,0.8537681505179668,1.305509728646583,2.118238704387797,-0.6147571740084823,-0.9285094265090914,0.6985609838567082,1.9029071125664516,14.599,42.982
1766335744.205627,722,102;103;104;105;200;201;202,59.371;69.418;69.302;43.948;68.223;66.967;79.647,0.22622241673947108,-0.12040377998248603,0.34934637601705026,-0.5084655683330388,0.6362233940286955,0.8535979497503756,1.3057781483639734,2.118169011670968,-0.6144325188347253,-0.9278640631520152,0.6984446454976788,1.902975440792861,14.608,42.973
1766335744.274440,723,102;103;104;105;200;201;202,60.019;69.373;69.412;43.626;67.839;66.993;79.312,0.2255157331977304,-0.12029485088886763,0.3491140698931254,-0.5079557455369447,0.6369852644696418,0.8533803050672367,1.3064136612480535,2.1179151632658817,-0.6151214663704868,-0.9278221877961372,0.6983651142700602,1.9033588648121982,14.570,42.979
1766335744.341163,724,102;103;104;105;200;201;202,59.327;70.006;69.159;43.706;68.150;67.187;79.946,0.2251577262139946,-0.11970041953123028,0.3491968601233584,-0.5075765978087645,0.6367310248064231,0.8535600838506813,1.3062577032789935,2.1175769178942874,-0.6159602866643147,-0.927333143988061,0.6987334873657364,1.9034791489023868,14.536,43.011
1766335744.462295,725,102;103;104;105;200;201;202,59.802;70.345;69.352;44.827;67.191;66.283;78.846,0.22583816611495416,-0.11911756149065393,0.34980269588300267,-0.5080225968901869,0.6373172453680697,0.8539290277267975,1.3049251146017957,2.117662835820069,-0.6159722683166043,-0.9287236875316396,0.6982979023370648,1.903046774068623,14.554,43.042
1766335744.528657,726,102;103;104;105;200;201;202,59.147;70.732;69.721;42.998;66.760;66.405;79.446,0.22687852529690827,-0.11858699147187257,0.3504542488633347,-0.5086791917866671,0.6369114335476612,0.8546850533632514,1.3033312120967064,2.1178127832890725,-0.6156064448230169,-0.9296224686986673,0.6983438837303142,1.9025551653910515,14.592,43.070
1766335744.633277,727,102;103;104;105;200;201;202,58.354;70.378;69.177;41.392;68.367;66.671;79.986,0.2263206054943464,-0.12094871976860971,0.34923939945034266,-0.5095624603425055,0.6361891775218717,0.8544269221133114,1.3061083351424498,2.1184596720900313,-0.6138786622420961,-0.9284087301843718,0.6995312420265642,1.9031617064907533,14.628,42.943
1766335744.694071,728,102;103;104;105;200;201;202,58.770;69.803;69.704;43.194;66.972;66.920;80.089,0.22767401432850298,-0.12058536347224214,0.35008899942717286,-0.5108099760886778,0.6364741877754494,0.855012271606989,1.3042151547724208,2.118887944969965,-0.6131561412179417,-0.9303338014071373,0.6991537592173419,1.9022986914523656,14.686,42.962
1766335744.758631,729,102;103;104;105;200;201;202,59.522;69.758;69.468;43.780;67.555;66.923;79.529,0.22712489898939528,-0.12147471417656444,0.3491978084657427,-0.5110411477111236,0.6365657406361077,0.8548608456396154,1.3058786843447003,2.11876966751822,-0.6126663174654394,-0.9298544254562907,0.6998697889727676,1.902500948941698,14.682,42.916
1766335744.826213,730,102;103;104;105;200;201;202,58.747;70.129;69.081;41.831;67.698;67.534;81.022,0.22765076956335437,-0.12213608295037577,0.349551124645141,-0.5114101533023566,0.6358231795485745,0.8553310456828641,1.3055703857814114,2.119524076234636,-0.6117854727644425,-0.9297689446016097,0.6999180666805246,1.9030099833580603,14.726,42.878
1766335744.892117,731,102;103;104;105;200;201;202,59.662;69.938;69.470;42.939;67.639;66.642;80.276,0.22704496484999614,-0.12196927599727587,0.34911284439946616,-0.5107423076798494,0.6362430299494097,0.854916895022712,1.3062851891647644,2.119049322642311,-0.6123356877376653,-0.9293502103271236,0.6998191506674538,1.9031047590810592,14.692,42.888
1766335744.959417,732,102;103;104;105;200;201;202,61.261;70.101;69.629;42.937;67.537;66.388;80.351,0.22630728808238806,-0.12146537021480636,0.34835590934160854,-0.5102566911545465,0.6357126190013725,0.8548021702812576,1.30718401232547,2.118065847772591,-0.6131442402777469,-0.9280953138939652,0.7008150669743348,1.902820565387652,14.641,42.920
1766335745.027583,733,102;103;104;105;200;201;202,59.243;69.813;68.923;42.904;67.799;66.945;80.056,0.22528561150462545,-0.121560003009956,0.3478118938612122,-0.5102625664205447,0.6362180846223918,0.854362801077755,1.3084270934091642,2.1176980015710125,-0.6138649956361606,-0.9276702307008138,0.7014002927296287,1.9028081100380048,14.593,42.915
1766335745.088123,734,102;103;104;105;200;201;202,60.914;69.902;69.341;42.871;67.476;66.613;79.746,0.22536689708778015,-0.12280728401566823,0.34751995312910633,-0.51039559173244,0.637161517573328,0.853739267912379,1.3093241509811504,2.118326802796339,-0.6127195651784221,-0.9283088266462185,0.700452201537672,1.9031292730351888,14.631,42.847
1766335745.154110,735,102;103;104;105;200;201;202,60.074;70.096;69.439;45.198;67.896;66.511;80.639,0.22581457845066935,-0.12196617261379049,0.3483594812892037,-0.5100006598638861,0.6376193836822148,0.8536470512069425,1.3078035985918732,2.1184395796038498,-0.6132531499468331,-0.9290904677482518,0.6993410835307696,1.9029649085198435,14.630,42.890
1766335745.219699,736,102;103;104;105;200;201;202,58.904;70.014;69.538;41.523;68.621;67.411;79.767,0.22675908764316072,-0.12135645405224038,0.3488064732175731,-0.5105223193845853,0.6371233108728994,0.854394195205689,1.3064119561232854,2.118361487296781,-0.6129608943736213,-0.9297651735000597,0.6995517224346313,1.9024135478327115,14.661,42.924
1766335745.285718,737,102;103;104;105;200;201;202,60.134;70.065;68.522;44.961;67.541;66.556;80.333,0.22714158929442363,-0.12121541133601585,0.3493198188633448,-0.5108530198009364,0.6373454692438253,0.8542858692456513,1.3056148869873425,2.118690480960757,-0.6128957409143783,-0.9304192119053325,0.6990410929797806,1.9021288632938103,14.676,42.930
1766335745.352221,738,102;103;104;105;200;201;202,60.798;70.223;69.034;42.976;67.485;65.611;80.027,0.2272979499481085,-0.12245744979212271,0.348865385126473,-0.511893674763129,0.6375136630161489,0.853823798667773,1.3065993294321157,2.119173497445871,-0.611614902333132,-0.9307399681262205,0.6991478135075451,1.9017488446264985,14.718,42.863
1766335745.421137,739,102;103;104;105;200;201;202,59.840;69.284;68.493;43.000;67.380;66.719;79.552,0.22795187739803682,-0.12205328695685634,0.3493403656632929,-0.5120713011271091,0.6370419908740635,0.8540861367659442,1.305500112568316,2.1192740902774516,-0.611465589334735,-0.9309948880554799,0.6989588334766977,1.9014070887010486,14.739,42.884
1766335745.492673,740,102;103;104;105;200;201;202,59.329;70.392;68.664;42.800;68.330;66.593;78.803,0.22806995450030376,-0.1221356522591878,0.3490817107979291,-0.5125403541910536,0.636249224146633,0.8541962406875662,1.305691592650568,2.1191059465880775,-0.6111821790770289,-0.9304959999207745,0.6997075169527657,1.9009554922458671,14.748,42.882
1766335745.553485,741,102;103;104;105;200;201;202,59.007;69.738;69.539;43.247;66.680;66.741;79.024,0.2268305835128861,-0.12221564260234895,0.348137920854968,-0.5124669622204523,0.6361678748718845,0.853786614385479,1.3074303676605437,2.1183920021952063,-0.6119686880394891,-0.9293042805413787,0.7009194216264953,1.9008293702731542,14.688,42.880
1766335745.620550,742,102;103;104;105;200;201;202,59.553;70.263;68.468;43.999;67.653;67.072;78.865,0.2274828801116629,-0.12127867395015954,0.34936778825432213,-0.511880372216289,0.6363286759992299,0.8543951028653415,1.3053703382809174,2.1187651379264207,-0.6125291394357018,-0.9301231995620379,0.6998914790969026,1.9013342519372833,14.695,42.927
1766335745.685019,743,102;103;104;105;200;201;202,59.771;69.135;69.014;43.851;68.641;67.199;79.730,0.22669115382402424,-0.1218609857398191,0.3490549942383817,-0.5110533634626216,0.6362410789876775,0.8542114087263386,1.3065220682313883,2.1189346676218603,-0.6127449451478961,-0.929065736517101,0.699901259470444,1.9024361019633012,14.671,42.894
1766335745.749884,744,102;103;104;105;200;201;202,59.231;70.341;69.374;42.671;68.581;67.017;79.468,0.2259620734482635,-0.12285975126466525,0.34819290539351666,-0.5109310363525813,0.6359380071125637,0.8540555475879262,1.308346472511162,2.1189238067564684,-0.6123612398043904,-0.9279752130267036,0.700637197747835,1.903038433014142,14.662,42.841
1766335745.815317,745,102;103;104;105;200;201;202,59.970;69.989;69.221;43.927;67.466;66.858;79.485,0.22577314522378736,-0.1231082183789854,0.3479909830012553,-0.510595698517895,0.6368172315916858,0.8535525636086998,1.3087945678331614,2.1189320206009157,-0.6122782264896053,-0.9283503160017882,0.6999262680877837,1.9031453498392152,14.659,42.828
1766335745.881778,746,102;103;104;105;200;201;202,58.898;69.792;69.364;42.651;67.690;66.984;79.372,0.22554137524620654,-0.12236541181639102,0.34817754180403165,-0.5096583110555511,0.6365881796413302,0.8536512412880006,1.3083769844252606,2.1185745190246363,-0.6131471816207027,-0.9277817336449645,0.6997553725941379,1.9034631500104628,14.627,42.868
1766335745.948007,747,102;103;104;105;200;201;202,59.385;69.199;68.984;42.549;67.584;67.935;79.926,0.2263977073857568,-0.12075418045841929,0.3491361608969516,-0.5088657562639304,0.6365868454036578,0.8544698547196328,1.3060369511779493,2.1182305913490347,-0.6139084831824619,-0.9285794918022429,0.6990047820515106,1.9034403849453052,14.626,42.955
1766335746.013750,748,102;103;104;105;200;201;202,60.688;69.141;69.334;44.800;67.681;66.588;79.709,0.22643384127220992,-0.11972824474361124,0.34963234855783526,-0.5084503694920559,0.6369815565278862,0.8545995823351441,1.305001889289508,2.117929514879933,-0.6148507657580106,-0.9290303662477349,0.698621918205923,1.9033041681945762,14.601,43.010
1766335746.077565,749,102;103;104;105;200;201;202,59.392;70.173;69.082;43.521;67.750;66.411;79.045,0.2259559894761491,-0.12118786896135117,0.34865173562240726,-0.5089233950901435,0.637032793877313,0.8538450288023279,1.3070131743234175,2.11813544924989,-0.6138217407027398,-0.928440018480621,0.6989578559833309,1.903265229728929,14.616,42.933
1766335746.144342,750,102;103;104;105;200;201;202,59.533;69.061;69.773;43.462;68.225;66.456;79.891,0.22508418234057304,-0.1211890664642259,0.3479352563911774,-0.5086547898687489,0.6371249720115315,0.8533144592091568,1.3082514949120014,2.1175481048563656,-0.6143957312678451,-0.9276017135528505,0.6994981198815389,1.9030817406649283,14.573,42.935
1766335746.214971,751,102;103;104;105;200;201;202,59.895;69.684;69.140;43.764;68.298;67.252;79.773,0.22520899289506166,-0.12161422299392761,0.34807011471324967,-0.508583719090387,0.6376119081593442,0.853216492526356,1.3082834266543095,2.1179611323078436,-0.6140036050838129,-0.9280591404856557,0.6988892790553609,1.903458266609574,14.590,42.910
1766335746.283482,752,102;103;104;105;200;201;202,59.854;69.271;69.163;43.230;67.559;66.568;79.381,0.22597508908488564,-0.12132698390548242,0.34852808920581013,-0.5093529996804265,0.6375084632210127,0.8538057183618375,1.3071864353284401,2.118126929506011,-0.6136474674571042,-0.9289930294914451,0.6990313766740416,1.9030144958050386,14.621,42.925
1766335746.348604,753,102;103;104;105;200;201;202,58.865;69.268;69.165;42.886;68.320;66.955;79.246,0.22588329185143055,-0.12090961838114889,0.3486212332544659,-0.5086075808862335,0.6366887367316649,0.8541034123694244,1.306935226342961,2.1179145787773903,-0.6140926861091878,-0.9280478878480342,0.6992171613313506,1.9034336575646917,14.605,42.948
1766335746.416033,754,102;103;104;105;200;201;202,60.258;70.090;68.983;44.100;66.922;66.587;79.941,0.22550833099413786,-0.12174447244300192,0.34818801907603325,-0.5091034462211368,0.6374238511785726,0.8530760231736453,1.3080439746646935,2.118145083657986,-0.6136557541622955,-0.9282501078008778,0.6988771630851704,1.9030111144779809,14.609,42.903
1766335746.538661,755,102;103;104;105;200;201;202,58.905;70.326;69.638;40.895;67.303;66.836;79.177,0.22715522092980586,-0.12132397211116223,0.3491430172695448,-0.5103988888047918,0.6369167885032018,0.8540550865777686,1.3058216845610642,2.118614826841904,-0.6127287348006132,-0.9297819467422659,0.698846318538823,1.9022048732923524,14.680,42.925
1766335746.605299,756,102;103;104;105;200;201;202,59.603;70.532;69.341;42.841;68.010;67.097;78.919,0.22685996048269966,-0.1220049569601955,0.3490532068216143,-0.5110522409505678,0.6376086180454308,0.853599935781482,1.3064864538563736,2.119029433737263,-0.6124677558971503,-0.9302602652029819,0.6987693224032346,1.902133162475147,14.683,42.886
1766335746.672387,757,102;103;104;105;200;201;202,59.504;69.974;68.665;42.497;67.514;65.948;79.671,0.22574887965638976,-0.12315790963353657,0.34788617743751765,-0.511816975684354,0.6375632576611518,0.8525617125424464,1.308931481581595,2.1188777474576126,-0.6122223112513938,-0.9292002619274335,0.6998357761002394,1.901647239726037,14.659,42.826
1766335746.744416,758,102;103;104;105;200;201;202,59.840;70.420;69.410;43.218;66.971;67.027;79.969,0.22702836481048105,-0.12241898729048396,0.3488564730190369,-0.5123247368230723,0.6376723158092937,0.8531953914353816,1.3067734833352738,2.119147611524125,-0.6119074104623227,-0.9307193462351984,0.6991767168838832,1.901112027903588,14.703,42.864
1766335746.804936,759,102;103;104;105;200;201;202,59.636;70.421;69.136;42.661;66.621;65.909;80.788,0.22656752187318285,-0.12136763192141001,0.3487640469197959,-0.5117046138858907,0.6381492239711853,0.8534897222290138,1.3065889270632627,2.1183392322840557,-0.6131249894901799,-0.9307774336404807,0.6994709398871215,1.9011203198216144,14.652,42.923
1766335746.870281,760,102;103;104;105;200;201;202,59.998;70.046;68.989;45.405;67.341;66.972;80.914,0.22624494065187836,-0.12200738420660849,0.348542769555906,-0.5109933304981802,0.6387673150491011,0.8528357759556424,1.3073655534760473,2.1186123408451882,-0.6128694978848062,-0.9306155999566297,0.6985324709145814,1.9017206679029734,14.653,42.888
1766335746.936579,761,102;103;104;105;200;201;202,59.807;69.541;69.769;42.776;67.578;67.881;80.317,0.2252622034776415,-0.12140433111693795,0.3484819852550764,-0.5101759848189816,0.638619063745005,0.8527213965344774,1.3077665170844424,2.1181652760294982,-0.6142760361929663,-0.9295603213100747,0.6989469795355372,1.902156897688409,14.587,42.920
1766335747.002814,762,102;103;104;105;200;201;202,59.223;70.425;69.665;44.035;66.977;67.033;80.499,0.22527217295134758,-0.12106396215001483,0.3487112644313087,-0.5105983651225233,0.638562391689921,0.8523803823562202,1.3073675498300708,2.1181212370234164,-0.6146168330932874,-0.9296649620246641,0.6989734005084418,1.9014759014203428,14.578,42.937
1766335747.068638,763,102;103;104;105;200;201;202,58.920;69.777;69.194;42.623;67.993;66.856;80.524,0.22499938128276914,-0.1213663099648816,0.3484218924055164,-0.510301868562242,0.6382338951791877,0.8523216562296362,1.307981144747031,2.1180951676403255,-0.6145409719027705,-0.9289855812520454,0.6991776327780935,1.9018136694766534,14.573,42.922
1766335747.135720,764,102;103;104;105;200;201;202,59.796;70.049;69.276;43.314;67.921;66.993;79.442,0.22403475094865774,-0.12124648003149603,0.34775266527191223,-0.5094929895401027,0.6384704299863208,0.8522563932240661,1.3091748149626092,2.117465287135234,-0.615317817203348,-0.9281483346416906,0.699685499003706,1.902326503875555,14.522,42.930
1766335747.203226,765,102;103;104;105;200;201;202,59.146;69.753;68.422;43.846;67.018;66.199;80.798,0.2247821017667733,-0.12000768848687916,0.34876366781353746,-0.5090696002087264,0.6383768017581319,0.8533641230235455,1.3070722203738976,2.117434074340619,-0.6159248498924054,-0.9289596159149677,0.6993396757633513,1.902645539326042,14.525,42.996
1766335747.267501,766,102;103;104;105;200;201;202,59.142;70.299;69.251;42.548;67.008;66.401;80.315,0.2259028476361731,-0.12053743088733626,0.34921398966854117,-0.5098885204268683,0.6379805788037737,0.8534109064419746,1.3061917821617506,2.1181602797128494,-0.6145942552492167,-0.9296756936019064,0.6987891273621746,1.9022172265848023,14.596,42.966
1766335747.333719,767,102;103;104;105;200;201;202,59.237;69.629;68.771;42.652;67.943;66.839;79.934,0.22537778608942574,-0.12048202502246141,0.3489043423452265,-0.5096878907371641,0.6372812662754271,0.8532368489115255,1.3067989140812797,2.1178718064428237,-0.6150316474425265,-0.9285340524161545,0.6994406039175098,1.9022027631666916,14.568,42.969
1766335747.400533,768,102;103;104;105;200;201;202,60.220;69.687;69.358;43.345;68.156;66.319;79.381,0.22577606454047688,-0.11961410878340624,0.3494701001042481,-0.509656519006975,0.6379651668324235,0.8537227387684377,1.305538666560674,2.1177306844477806,-0.6155233844678564,-0.9297025376177196,0.6990503859860641,1.9020768162559127,14.564,43.016
1766335747.467106,769,102;103;104;105;200;201;202,59.396;69.423;69.263;42.929;67.814;66.387;79.943,0.22615040209129622,-0.11908799612449475,0.34984371376804874,-0.5094944694920793,0.6370562612852702,0.8541531214387996,1.3046552845056036,2.1176669597622024,-0.6157020221415471,-0.9292864023277306,0.699242481806323,1.9020335376580018,14.569,43.044
1766335747.562687,770,102;103;104;105;200;201;202,60.109;70.124;69.611;41.926;67.041;66.514;80.422,0.22707683310387505,-0.119821100923628,0.3495921318033334,-0.5109951471859788,0.6370437439122416,0.8544076694751035,1.304641755620264,2.1179395075591527,-0.6141275810586957,-0.9303697999876795,0.6996170483854509,1.901170155427377,14.635,43.007
1766335747.632463,771,102;103;104;105;200;201;202,59.477;69.287;68.952;42.854;68.551;66.991;81.182,0.2259386762236385,-0.11983530791818531,0.348602143581608,-0.5099663202211329,0.6370048236858314,0.8541013288868247,1.3063133444929023,2.117135627614608,-0.6148454757820817,-0.9289624961974322,0.700233511099567,1.901636032772047,14.579,43.009
1766335747.698068,772,102;103;104;105;200;201;202,60.646;69.744;69.305;43.340;67.877;67.086;78.636,0.2250693250967749,-0.12047681004872457,0.34782371158948194,-0.5107118031446904,0.6380142591616444,0.8532464820918283,1.3079619967617782,2.116948285204769,-0.614906205097694,-0.9291710862309382,0.7006898059826134,1.9010845951100335,14.553,42.976
1766335747.764027,773,102;103;104;105;200;201;202,59.767;69.964;69.047;43.493;67.957;66.369;79.082,0.22575634306121703,-0.12083041914738336,0.34829362183901325,-0.5111830090328355,0.6378304492539553,0.8534273450083782,1.3072677697579151,2.1175807758370393,-0.6141466960476849,-0.9297192654326124,0.7002805161214756,1.9010992001727562,14.597,42.954
1766335747.828135,774,102;103;104;105;200;201;202,60.236;70.088;69.208;43.492;68.120;66.969;79.767,0.22504418324405642,-0.12149745882708114,0.3475167958954671,-0.5116933297109647,0.6375326951580577,0.8525220217943654,1.3088199694847902,2.117407510149474,-0.6140327545825855,-0.9287504093686683,0.700971753516741,1.9005005196455453,14.579,42.920
