#{"config": {"calib_path_resolved": "/Users/Andreas/Desktop/ptl24_marker/common/calib/calib.yaml", "cli_overrides": ["adapt", "camera", "config", "debug_metrics", "ekf", "ema_alpha", "extrinsics", "fps", "height", "hud", "print_tilt", "ransac", "rig", "save_poses", "use_weighted_se3", "video", "width"], "config_path": "/Users/Andreas/Desktop/ptl24_marker/phase_b/config.yaml", "extrinsics_path_resolved": "/Users/Andreas/Desktop/ptl24_marker/common/extrinsics/T_WC.yaml", "rig_path_resolved": "/Users/Andreas/Desktop/ptl24_marker/phase_b/rigs/cyl_paper.yaml", "runtime": {"bench": {"print_every": 60}, "fuse": {"axis_len_m": 0.1, "ema_alpha": 0.25, "use_weighted_se3": true}, "health": {"max_tilt_jump_deg": 15.0}, "hud": {"enabled": true}, "logging": {"debug_metrics_csv": "phase_b/debug_metrics.csv", "poses_csv": "phase_b/v2/poses_v2_full.csv"}, "ransac": {"A_ref_px2": 12000.0, "adaptive": true, "base_rot_deg": 5.0, "base_trans_m": 0.05, "min_inliers": 3, "rot_max_deg": 5.0, "trans_max_m": 0.05}, "video": {"device": "0", "fps": 30.0, "height": 1080, "width": 1920}}, "yaml": {"bench": {"print_every": 60}, "fuse": {"axis_len_m": 0.1, "ema_alpha": 0.3, "use_weighted_se3": true}, "health": {"max_tilt_jump_deg": 15}, "hud": {"enabled": true}, "logging": {"debug_metrics_csv": "phase_b/debug_metrics.csv", "poses_csv": "phase_b/poses.csv"}, "ransac": {"A_ref_px2": 12000, "adaptive": false, "base_rot_deg": 5, "base_trans_m": 0.05, "min_inliers": 3, "rot_max_deg": 5, "trans_max_m": 0.05}, "video": {"device": 2, "fps": 30, "height": 1080, "width": 1920}}}, "files": {"camera_calib": {"path": "/Users/Andreas/Desktop/ptl24_marker/common/calib/calib.yaml", "sha256": "a3583ec3b05ec4397f74222c4802234f7ee960b25f93061cb951120e268bc42f"}, "config": {"path": "/Users/Andreas/Desktop/ptl24_marker/phase_b/config.yaml", "sha256": "9c664548f0c4998345c599764857540af456008cc4bf230d90b575c908eaec28"}, "extrinsics": {"path": "/Users/Andreas/Desktop/ptl24_marker/common/extrinsics/T_WC.yaml", "sha256": "fe24fb1afd868ebbf0d17c89865e0023b67ad83c862b7efdc4fab8598a079465"}, "rig": {"path": "/Users/Andreas/Desktop/ptl24_marker/phase_b/rigs/cyl_paper.yaml", "sha256": "e4048a572421f174e4670fbb51050d61e65957319f0f3d120df78c66f49c0a91"}}, "git_commit": null, "timestamp": 1764781077.070817}
timestamp,frame,used_ids,decision_margins,rvec_cam_x,rvec_cam_y,rvec_cam_z,tvec_cam_x,tvec_cam_y,tvec_cam_z,rvec_world_x,rvec_world_y,rvec_world_z,tvec_world_x,tvec_world_y,tvec_world_z,tilt_cam_deg,tilt_world_deg
1764782224.247015,0,101;105;109;200;201;202,97.939;90.695;94.866;81.136;88.392;76.333,-0.6528935016192166,1.0558035624804234,1.9530708970548218,-0.28671134601335646,0.11260886240796618,0.26402643031602746,1.0196644963091308,-1.2626837357088654,-1.8792158627924591,0.06071341651446052,-0.3226844526006122,-0.22530318081565406,58.834,76.415
1764782224.481955,1,101;105;109;200;201;202,97.885;91.400;94.268;81.216;87.392;76.054,-0.6447459570362084,1.0644308949875252,1.958132674110544,-0.29193822246458245,0.1039568181254127,0.2696793193068373,1.012545738015357,-1.2708709714230448,-1.8864175229360998,0.06000665248258891,-0.33357155082992707,-0.2193970622933876,58.914,76.382
1764782224.640221,2,101;105;109;200;201;202,98.007;90.948;94.265;80.183;88.028;75.044,-0.6386091106959016,1.0714177876482716,1.9604391078415966,-0.29592033464221934,0.09742237234923647,0.27424916539225996,1.0069253011153034,-1.2777308579171347,-1.8903339300729716,0.05981310176834956,-0.3422018789830544,-0.2145637425437186,59.013,76.398
1764782224.808329,3,101;105;109;200;201;202,98.356;92.015;94.613;78.709;86.308;78.618,-0.6355264750749116,1.0752403707111087,1.9633424996114355,-0.2992097957850997,0.09286545213010326,0.2771381974561196,1.0044279252603658,-1.2812343211061157,-1.8941098959839573,0.05927795505381803,-0.34811525137437516,-0.21175884492169078,59.055,76.388
1764782224.965517,4,101;105;109;200;201;202,98.087;91.694;95.497;78.793;87.476;78.844,-0.6331786650631922,1.0786915471482934,1.964176883438303,-0.3017967341003767,0.08943763141251218,0.2795924902964225,1.0022945204842937,-1.2846324550376966,-1.8956106748460972,0.05920329515442699,-0.3530204889761123,-0.20931468442831802,59.125,76.421
1764782225.129461,5,101;105;109;200;201;202,97.542;91.396;94.705;79.089;86.451;77.635,-0.6302864936128013,1.0820484144052744,1.9654866071512302,-0.3039234710302637,0.0859979851923609,0.28211910718386707,0.9996863535050855,-1.287893669810646,-1.897690893561209,0.05917816147661073,-0.3575598179160267,-0.20686806988000406,59.173,76.428
1764782225.262882,6,101;105;109;200;201;202,97.119;91.927;94.119;79.784;88.154;77.375,-0.6272360340672661,1.0850688246437394,1.9677704406538274,-0.3056342728420646,0.08293368502084791,0.2844225792251905,0.9970806587120274,-1.2906887746335205,-1.9007767163180969,0.0589307641437207,-0.36139073323772836,-0.20491367734573,59.195,76.404
1764782225.392521,7,101;105;109;200;201;202,97.185;91.510;94.473;79.934;88.005;77.446,-0.6253505450790622,1.0865307507874045,1.9678321270310752,-0.30702911536417654,0.08111747265978043,0.28583125644810636,0.995211383970059,-1.2922102234038597,-1.9012744021238914,0.058880523976144,-0.3641109517544243,-0.20356865667366958,59.208,76.399
1764782225.527582,8,101;105;109;200;201;202,97.243;91.378;94.037;80.769;87.171;79.910,-0.622541594473701,1.0883181765681558,1.9703399188406419,-0.30795460806271446,0.0789420030044463,0.2875149990666004,0.9928508803497555,-1.2937425228466026,-1.9044669725812482,0.05857718508554868,-0.3665270373702629,-0.20238050183760675,59.185,76.338
1764782225.666394,9,101;105;109;200;201;202,97.209;91.554;94.463;80.058;87.719;78.904,-0.6207721610173972,1.0898391879595204,1.9713000816365964,-0.30877833466119414,0.07736194524220812,0.28877431216107363,0.9912649017336839,-1.2951867475406886,-1.9058689460810694,0.05851007614217918,-0.3685274221282551,-0.20131572755810426,59.194,76.323
1764782225.793042,10,101;105;109;200;201;202,96.726;90.884;94.306;79.454;87.259;79.183,-0.6207891706262832,1.0901418424538811,1.970583161123124,-0.30942240375966856,0.07684069941845585,0.28921264025910304,0.9911626323150938,-1.2955883275137994,-1.9051506861974532,0.058692998957982065,-0.3695471867969374,-0.20084493576619838,59.214,76.346
1764782225.927935,11,101;105;109;200;201;202,96.781;91.064;93.945;79.435;87.587;77.761,-0.6200762387625137,1.091403624801775,1.9704446299341782,-0.3097079001697048,0.07592270904480687,0.2899810191351899,0.9904503270671347,-1.296886880672124,-1.9052193083924545,0.058952069456798345,-0.3706664379508974,-0.19995926918292511,59.249,76.369
1764782226.061290,12,101;105;109;200;201;202,96.791;90.634;93.522;79.591;87.706;77.451,-0.6193136894261206,1.0927564860257846,1.9702716223010306,-0.30994624171442636,0.07515727387083267,0.2906502067920007,0.9896839928328596,-1.2982825668954039,-1.905267472121243,0.059119969216858886,-0.37166886214278255,-0.19915579006658024,59.287,76.395
1764782226.194871,13,101;105;109;200;201;202,97.842;90.849;94.036;79.868;87.205;78.025,-0.6193612615757326,1.0935036161555383,1.970971533779393,-0.31011907873023997,0.07468853869257285,0.29095237023921766,0.9898849168601229,-1.2989173095846769,-1.9060252460200913,0.05909984068898516,-0.3721125488036741,-0.19889468284992912,59.308,76.409
1764782226.326238,14,101;105;109;200;201;202,97.472;91.205;93.948;79.850;87.005;77.959,-0.6189847950993635,1.0938760431162597,1.9713505769498652,-0.31015995549170433,0.07445680224964744,0.29119368249173677,0.98958074790322,-1.299247481115635,-1.9065059660052899,0.059081369011691254,-0.37236835616754127,-0.19876651858944266,59.310,76.405
1764782226.460393,15,101;105;109;200;201;202,98.104;91.549;93.957;79.567;87.963;78.178,-0.6183704973073654,1.0946854238262864,1.9702403493977505,-0.3102623460872584,0.074177769213171,0.29160499930099504,0.988777810008326,-1.3002348872233138,-1.9055310854642646,0.059354562341054545,-0.3730068710457831,-0.19817202150465102,59.341,76.433
1764782226.595911,16,101;105;109;200;201;202,97.644;91.310;93.065;79.232;86.563;78.450,-0.6185188814417756,1.0950596590602844,1.9698151062290647,-0.3104289412243188,0.0738115742043599,0.2919494633485891,0.9888653390119891,-1.3006591102216047,-1.9050927754055507,0.059660872943674004,-0.37350486742179884,-0.197780477190661,59.364,76.456
1764782226.726796,17,101;105;109;200;201;202,97.715;91.708;93.549;79.768;86.614;78.451,-0.6190792544550394,1.0954528392796505,1.9693196774066228,-0.3105345723544563,0.07367312626938796,0.292178768717718,0.989362698943445,-1.3010934803729188,-1.9045095432956827,0.060000623099592754,-0.373801346565726,-0.1975594576769286,59.397,76.492
1764782226.864611,18,101;105;109;200;201;202,97.562;90.488;94.053;79.064;86.361;78.505,-0.6186908320763276,1.0954593706943718,1.9683820781905201,-0.310734580634422,0.07366483705623662,0.2922551742622207,0.9887951438882716,-1.3012526754866292,-1.9036185450615792,0.06004638706238177,-0.374138928650032,-0.1973473053937152,59.400,76.498
1764782226.995048,19,101;105;109;200;201;202,97.350;90.553;93.542;79.469;87.806;77.735,-0.6184805876783153,1.0962008352599992,1.9675322180347916,-0.3107007108331039,0.07344318742833986,0.2926022816958395,0.9884508446294036,-1.3021169261987553,-1.9028333187700435,0.060393114484392635,-0.37454576362606923,-0.19685608029556956,59.434,76.530
1764782227.123877,20,101;105;109;200;201;202,97.948;91.661;93.535;79.515;87.179;78.035,-0.6183577432032246,1.0963243215594978,1.9682498089697873,-0.3105566060645405,0.07335274073362942,0.29272802277292254,0.988459330339052,-1.3021410755413154,-1.9035992877236259,0.060392319381885565,-0.3744631948290223,-0.19693258591651233,59.427,76.519
1764782227.260189,21,101;105;109;200;201;202,98.536;91.426;93.562;80.036;86.527;78.360,-0.618194017301508,1.096367937254056,1.9682433678685194,-0.3103514315134442,0.07311439170050447,0.2929946165376931,0.9882919642297867,-1.302192490675393,-1.9036250077845271,0.06069846741749023,-0.3745183144145615,-0.1967056682355537,59.426,76.516
1764782227.395323,22,101;105;109;200;201;202,97.003;92.021;94.903;80.720;87.125;77.049,-0.6182039501971646,1.0955303651609603,1.9683767033665671,-0.3108052712176224,0.07350988017660759,0.2925429988849422,0.9882979629443424,-1.301345609281646,-1.9037053297547295,0.06013221405513593,-0.37443213164817163,-0.19724945686678744,59.392,76.487
1764782227.528315,23,101;105;109;200;201;202,98.210;92.024;93.676;81.285;87.165;76.753,-0.6183480873288276,1.0955369806405877,1.9677370605621385,-0.31092882433289903,0.07369765737030526,0.2924118629075932,0.9883298214535892,-1.3014377662880225,-1.9030239522436971,0.0601043796378411,-0.37446961769120646,-0.1972597632918843,59.403,76.502
1764782227.664872,24,101;105;109;200;201;202,97.657;91.331;93.706;80.894;87.237;76.090,-0.6187773877299254,1.0952691368284377,1.9677917156581972,-0.3111364122363146,0.07383544523510091,0.29229338346219763,0.9887703037350257,-1.3011459211997272,-1.9029852387181336,0.06001835971160743,-0.37446647735146793,-0.19748789263342828,59.401,76.504
1764782227.792861,25,101;105;109;200;201;202,97.511;91.440;93.273;80.484;86.750;76.218,-0.619222668152902,1.0954647277931422,1.9677034196307677,-0.3111686386725213,0.073786559261283,0.29225050452780293,0.989216923121688,-1.3013316388740839,-1.9028272744302386,0.06007500863614383,-0.3744850225148007,-0.19740512322588127,59.420,76.523
1764782227.932378,26,101;105;109;200;201;202,97.866;90.804;93.450;78.294;87.711;78.709,-0.6183867690176299,1.0962780364465055,1.9664115497745722,-0.3111669082749498,0.0734355519988815,0.2928692535863949,0.9881541800642983,-1.3023587576807263,-1.901706138912872,0.06056339242033058,-0.37519613729873286,-0.19670313436185397,59.448,76.549
1764782228.063934,27,101;105;109;200;201;202,97.859;90.656;93.275;79.160;87.777;77.767,-0.6178213190265724,1.0976182110518555,1.9668782486618228,-0.31078776793354296,0.07284052247764568,0.2934671742426918,0.9877050492089607,-1.3036407919738553,-1.9023738118503248,0.060901210174144946,-0.3755151967499395,-0.19607604616147,59.482,76.569
1764782228.193289,28,101;105;109;200;201;202,97.544;91.273;93.945;79.160;87.632;78.678,-0.6172614621115373,1.0984850503271961,1.965960300190091,-0.31046103110742224,0.07262504797169018,0.29384181835556744,0.9869945190044269,-1.304654352590383,-1.9015897945036844,0.06133174996348843,-0.37574275048810535,-0.19547308735873092,59.514,76.598
1764782228.326613,29,101;105;109;200;201;202,97.335;91.557;94.567;79.255;87.658;77.294,-0.6166582464682538,1.0982885895699648,1.9645553208153614,-0.3105051581233703,0.07283454136856042,0.29386980493430453,0.9861153037965392,-1.3046896090287337,-1.900244883344207,0.06146711914060138,-0.37590212071228096,-0.1953153044563689,59.510,76.598
1764782228.460352,30,101;105;109;200;201;202,97.626;91.651;94.803;79.190;87.527;78.487,-0.6168191066283664,1.0988860984805313,1.9637045427109046,-0.310218697840691,0.07280996473378981,0.2939717908662946,0.9861459601885737,-1.3053947633243623,-1.8993823551122013,0.061837349994079624,-0.3758732155979318,-0.1949331351084159,59.547,76.636
1764782228.594361,31,101;105;109;200;201;202,97.755;91.031;94.313;79.077;87.293;78.366,-0.6167048559093088,1.0990605676777163,1.9630891148511707,-0.31001697165429576,0.07287360365929066,0.2940399888550931,0.9859232353153605,-1.305660641763046,-1.8987831712849483,0.06206624543997173,-0.3758161960419754,-0.19476466583319002,59.559,76.649
1764782228.733441,32,101;105;109;200;201;202,97.644;91.816;95.134;78.678;87.116;78.876,-0.6163886204636517,1.0990831327946937,1.964061557363951,-0.3100035011921952,0.07297475118001143,0.29388517644931844,0.9857764469743776,-1.3055574927723108,-1.8998388047736592,0.061656742458380875,-0.37562325411662917,-0.19506387098713662,59.541,76.625
1764782228.859951,33,101;105;109;200;201;202,97.403;91.703;93.728;79.548;87.741;76.330,-0.6159423300886716,1.0982926568656632,1.9652664708042145,-0.31035349872874785,0.07305328691148193,0.2936803041818195,0.9855111659158742,-1.304623664256848,-1.9011033144058636,0.061043599534846574,-0.37559945415002194,-0.19560020749336082,59.486,76.567
1764782228.998923,34,101;105;109;200;201;202,97.727;92.271;94.142;81.044;87.280;76.615,-0.6166565122526299,1.0977692142232645,1.9658968511719404,-0.31069209230249173,0.07323141607976055,0.29338165537878774,0.9863392450869889,-1.3039837938112957,-1.9015870414470906,0.06072512200416423,-0.37548940293681593,-0.19606275619064895,59.474,76.559
1764782229.128782,35,101;105;109;200;201;202,96.973;90.908;94.049;79.985;86.885;75.732,-0.6176088064068149,1.096971094745861,1.9648889739863697,-0.3109240260031726,0.073427194009192,0.2932179130648774,0.9871048152999378,-1.3032974584194856,-1.9003301132261643,0.06099914122523058,-0.37547669530027805,-0.19616546370956994,59.476,76.576
1764782229.267673,36,101;105;109;200;201;202,96.921;91.456;94.263;79.614;87.275;77.230,-0.6182322612615496,1.0961851813758916,1.9642543631969087,-0.3112478481192441,0.07361345253217651,0.29291796277697046,0.9876016732779382,-1.3025842500954696,-1.899516006016712,0.06095019214378039,-0.3754649501957218,-0.19633161257995627,59.467,76.578
1764782229.395845,37,101;105;109;200;201;202,97.761;92.062;95.057;79.645;87.334;77.337,-0.6192616569781415,1.0952579617781844,1.9628852350705042,-0.3115353331573642,0.07410966628014087,0.2925182019858769,0.988376270147592,-1.3018184877231915,-1.8978665557390562,0.0610798798155822,-0.3753082574544084,-0.19660414866034168,59.469,76.598
1764782229.525484,38,101;105;109;200;201;202,97.809;91.763;93.984;79.368;87.531;78.743,-0.6194976716350281,1.0946406360039207,1.9629448963942167,-0.31168220421133846,0.07453839363818852,0.2921582853579641,0.9886078937594955,-1.3011894877707326,-1.8978451283177655,0.0607930038517048,-0.375022912858249,-0.19708567826587647,59.450,76.584
1764782229.661792,39,101;105;109;200;201;202,97.623;91.207;94.309;79.903;87.843;75.634,-0.6196084794913382,1.0946661555063697,1.9628202163121178,-0.3116652830822643,0.07458233458719717,0.29206764250131967,0.9886996258736949,-1.301227571468991,-1.8976990000759308,0.06077128996747051,-0.3749596587164094,-0.19707001068700067,59.455,76.590
1764782229.793266,40,101;105;109;200;201;202,97.561;91.218;94.263;82.923;87.598;76.424,-0.6187399420597655,1.096050230784895,1.9657098044597752,-0.31154991287862993,0.07346895548811219,0.29273380638349145,0.9883809211055169,-1.302218738897807,-1.9009081673685524,0.0605052147421212,-0.3754553861168685,-0.1966571031834727,59.455,76.563
1764782229.930732,41,101;105;109;200;201;202,98.154;90.815;93.179;81.459;88.669;76.508,-0.618490898565943,1.0964544944464278,1.9657633862682136,-0.3111895832560831,0.07351187177356014,0.29280607615843807,0.9881492684014584,-1.3026215847637603,-1.9010342673885468,0.0606242791594908,-0.3752432710897485,-0.19656892025331452,59.465,76.568
1764782230.062086,42,101;105;109;200;201;202,97.991;92.394;92.916;80.120;87.711;75.902,-0.6171449304378327,1.096828440406317,1.9653562584946327,-0.310954516407389,0.07377346981371577,0.2928839274025549,0.9867096513399756,-1.303110327126452,-1.9008835082752007,0.06047939740090347,-0.3752018438795568,-0.19654854190903875,59.455,76.551
1764782230.195712,43,101;105;109;200;201;202,97.374;91.667;94.486;79.381;86.350;77.158,-0.6166351756613703,1.0960276892902268,1.9658043586468485,-0.31115880297359,0.07382744112891383,0.29289823382435376,0.9862418020993465,-1.302278004677377,-1.9013826407844192,0.06026536525655468,-0.3752561992915023,-0.196874510720845,59.407,76.503
1764782230.327141,44,101;105;109;200;201;202,98.040;91.928;93.812;80.822;86.506;77.162,-0.6171639787791843,1.095898251605369,1.9660326907459413,-0.3111337324063301,0.0736196406521401,0.292928598067215,0.986820377301202,-1.302093447409701,-1.9015131184182472,0.0604283176761501,-0.37523345801314106,-0.19678594885133663,59.411,76.510
1764782230.459888,45,101;105;109;200;201;202,96.925;90.741;94.389;80.197;86.811;77.059,-0.617911081619167,1.0950100285557036,1.9656482951798273,-0.3114495617915689,0.07383221717800419,0.29263316718957755,0.9874857582085815,-1.301237699308335,-1.9009266416430828,0.06038031608951022,-0.3751597821424087,-0.19706519384548987,59.398,76.508
1764782230.587765,46,101;105;109;200;201;202,96.883;91.424;93.413;79.316;85.902;78.140,-0.6170938509378724,1.0955805740037226,1.967577779168151,-0.3111744743577845,0.07335781936650403,0.2929556517182961,0.9870179667107885,-1.3015604673755599,-1.9030893119490015,0.06016712845320349,-0.3751626722364065,-0.19701532289988272,59.379,76.472
1764782230.733917,47,101;105;109;200;201;202,97.293;91.243;93.948;79.007;87.211;77.960,-0.617784969359195,1.0952417507658192,1.965722949440242,-0.3113398087692784,0.07372987695394075,0.29273735082386376,0.9873779790893437,-1.301461531947025,-1.901040975141721,0.060456710965616126,-0.3751816713272536,-0.19694439743827738,59.403,76.510
1764782230.877126,48,101;105;109;200;201;202,97.739;90.610;93.762;79.041;87.720;77.293,-0.6187815588312509,1.0942870996639322,1.9643965637913392,-0.3114384921895892,0.07438347780670647,0.2921378824535305,0.9881257872221672,-1.3006642287051602,-1.8994394770389573,0.06048930383286062,-0.3747199923077213,-0.19728967525982477,59.404,76.529
1764782231.031083,49,101;105;109;200;201;202,97.600;91.443;93.733;79.978;88.438;79.171,-0.6188687095618137,1.0942808259991554,1.963745819172546,-0.3113947039278131,0.07430943686804724,0.29216781134642084,0.9880968419737394,-1.3007475727088094,-1.8987561772568267,0.060696361528083664,-0.3747850716345614,-0.1970477424750687,59.413,76.542
1764782231.162409,50,101;105;109;200;201;202,98.147;92.410;94.108;79.152;88.160;78.924,-0.6190095732854902,1.0943595406692215,1.9640472864016363,-0.31139620864423606,0.07442892797801497,0.29210373707712844,0.9882984105335217,-1.3007756393726368,-1.899045021255503,0.06059731908968012,-0.3746829231298264,-0.19722059910495002,59.415,76.543
1764782231.298623,51,101;105;109;200;201;202,97.783;91.858;93.981;78.899;88.195;78.224,-0.6186020105361661,1.0950500247357324,1.9638971245254602,-0.31143959615853767,0.07421508087447436,0.2924048003963502,0.9878771727418603,-1.3014976547535642,-1.8990093281994707,0.06068183291169768,-0.37506100764690165,-0.19692879409384256,59.435,76.557
1764782231.425155,52,101;105;109;200;201;202,97.412;91.871;94.940;78.784;87.344;78.300,-0.6186083987828364,1.095215951486772,1.9640987527555038,-0.3115470234596309,0.0740589856466362,0.2925361059748071,0.9879258824988162,-1.3016322860423182,-1.8992256988232363,0.06068915213826678,-0.3752583744520706,-0.19686424542747477,59.439,76.559
1764782231.559998,53,101;105;109;200;201;202,97.577;91.049;94.734;79.116;87.560;78.758,-0.6188096440447842,1.0947145607208886,1.9635861652267317,-0.31167865286191093,0.07430314802541182,0.2923749610601289,0.9880220796117738,-1.301201581753021,-1.8986313081665627,0.06068363276351378,-0.3751922306547169,-0.19704046564988228,59.430,76.557
1764782231.694239,54,101;105;109;200;201;202,97.758;90.435;94.055;79.265;87.602;78.265,-0.619034624006609,1.094879515092659,1.9630057567513535,-0.3116556706738863,0.07423039343206785,0.2924429979958274,0.9881528218080408,-1.3014376674382768,-1.8980064212351921,0.060910980282367785,-0.3752933703418952,-0.19681092549727908,59.448,76.578
1764782231.828295,55,101;105;109;200;201;202,98.398;91.787;94.809;80.083;87.621;77.108,-0.6190420805408289,1.0950884255403843,1.961703375494434,-0.3115893606755439,0.07432571537992949,0.29256694927723864,0.987931396150299,-1.3018305728264412,-1.896683299076432,0.06127714965156782,-0.37543335386652243,-0.19653260247520427,59.472,76.607
1764782231.962290,56,101;105;109;200;201;202,97.889;92.309;93.931;79.841;87.956;77.109,-0.6189629696314685,1.0954017822222708,1.962310168094623,-0.3114133441938303,0.07447258024071651,0.29249004385539573,0.9879709921404923,-1.3020566069487878,-1.8973400475863107,0.061109479135648695,-0.3751836735057227,-0.1967216737783422,59.475,76.604
1764782232.095575,57,101;105;109;200;201;202,97.361;92.338;94.047;80.332;88.092;76.524,-0.6185774999062492,1.0951144332727156,1.9609799831944963,-0.3113977132189522,0.07480635817935394,0.2924627724825932,0.9873253590359925,-1.3019810199469355,-1.8960269339805162,0.06127126194608533,-0.37519410677574927,-0.19669951196270025,59.471,76.607
1764782232.236162,58,101;105;109;200;201;202,98.408;91.443;93.745;81.339;88.478;76.714,-0.6186017680528744,1.0962080424927496,1.9607553814498866,-0.31130776901928664,0.07427845875817875,0.29275358055798695,0.9873464462598787,-1.30309232813505,-1.8958632387658918,0.06151488308676317,-0.3755769936517444,-0.19601225833010383,59.517,76.647
1764782232.359175,59,101;105;109;200;201;202,97.382;91.229;94.269;82.279;85.815;76.835,-0.6180024891246582,1.0960275484712296,1.9624053291776389,-0.3114224132378894,0.0738046273949277,0.29301103380706434,0.9870257792819094,-1.302704477205412,-1.8976512100359955,0.061252780040721655,-0.3757919968410698,-0.1960933522594289,59.477,76.597
1764782232.491754,60,101;105;109;200;201;202,98.484;91.239;94.472;81.869;87.040;75.970,-0.6178438277924887,1.0957404081647644,1.9633325987829149,-0.31144322103981537,0.07383741957307574,0.29284416895745213,0.9870217169898132,-1.3022949175567418,-1.8986118957579359,0.06091002697134568,-0.3755975646311142,-0.19637761277994611,59.452,76.568
1764782232.627997,61,101;105;109;200;201;202,98.149;91.420;93.935;81.117;86.548;77.165,-0.617830074186959,1.0955341444962705,1.9634413481343496,-0.31143425713391226,0.07402330636518807,0.29271188368033374,0.9870203800022369,-1.3020761930690432,-1.898712470880368,0.060789506936143684,-0.3754331642857717,-0.1965820987998106,59.442,76.559
1764782232.760272,62,101;105;109;200;201;202,97.930;90.520;94.852;80.573;87.660;76.871,-0.6178761056764304,1.0952861544286887,1.9628849716952632,-0.3115487776871275,0.07418581786287369,0.29262778022531527,0.9869582664231703,-1.3019090529428143,-1.8981175972013589,0.060800429313251234,-0.37546293133340586,-0.1966354386349185,59.440,76.562
1764782232.897158,63,101;105;109;200;201;202,97.894;91.219;94.521;81.246;87.952;76.189,-0.6179142314154611,1.0950770592091377,1.9630084289502974,-0.3116666882703467,0.07412036130985508,0.2926401325526522,0.9870126292762728,-1.3016830792242782,-1.8982237300556632,0.06076722858556166,-0.3755449545206794,-0.19667192737079517,59.432,76.554
1764782233.027458,64,101;105;109;200;201;202,97.839;91.425;94.868;81.075;88.112;75.701,-0.6179463557543885,1.0950008616038693,1.9620485580074658,-0.3117276816411765,0.07404569156925893,0.2927248501490193,0.9868689247981969,-1.3017441189674452,-1.8972288272314435,0.06102310648268852,-0.375751485072536,-0.19639161852610412,59.441,76.568
1764782526.225783,0,101;105;109;200;201,34.796;43.743;55.664;39.149;29.114,-0.521672766785344,1.059009377765828,1.9248647259395721,-0.33255913190592695,0.13890151289437266,0.27567108211037916,0.8804674168514217,-1.275402926508324,-1.8741510430446686,0.012280141952621514,-0.37470001202120723,-0.2468332085667178,56.409,73.392
1764782526.431251,1,101;105;109;200;201;202,97.473;93.934;95.523;81.309;88.863;77.377,-0.5407069455965918,1.0659736941319737,1.9354745544044116,-0.3295749385130945,0.12400460707509348,0.2791221517389393,0.9020660404451455,-1.2800800118847202,-1.8820330628902984,0.021918608353005506,-0.3755080786669353,-0.236509356058624,56.961,73.965
1764782526.669456,2,101;105;109;200;201;202,97.574;92.103;96.211;82.994;88.048;75.027,-0.5549528383118317,1.0725589152381054,1.9434362466649304,-0.3269467823459541,0.11238978198871583,0.2822334297697876,0.9182854503768374,-1.2849061952698095,-1.8880454918897027,0.029375510221764635,-0.37653939830015054,-0.2280574957194808,57.430,74.439
1764782526.925969,3,101;105;109;200;201;202,97.658;91.356;94.767;80.746;86.248;76.969,-0.5654297029332889,1.0787580568041446,1.952107825695485,-0.3242644614821036,0.1029519310911695,0.2853514720738548,0.9307719457980624,-1.2893804888311855,-1.8954429107281194,0.03514669496977778,-0.37723305778669974,-0.2215193913231764,57.797,74.786
1764782527.105355,4,101;105;109;200;201;202,97.949;91.423;94.735;81.276;87.623;78.315,-0.5752743746054658,1.0825077007784047,1.9568546886847056,-0.3219017614971067,0.09597203127212041,0.28726640332326003,0.9418275319416791,-1.292002200961961,-1.898777373830851,0.040171247090226625,-0.3773117825276148,-0.21626064333960185,58.098,75.096
1764782527.245565,5,101;105;109;200;201;202,98.392;90.853;94.911;83.356;89.076;74.932,-0.5830520515000585,1.087100611743184,1.9605809505176934,-0.31994039784878275,0.08985003263458237,0.2892231606207804,0.9506127246457596,-1.2956800684686436,-1.9014940254410644,0.04434848251102787,-0.37794222521418935,-0.21131137174373807,58.400,75.394
1764782527.385532,6,101;105;109;200;201;202,97.637;90.966;93.743;80.950;88.542;76.816,-0.5895119073424164,1.0898390195762777,1.963776606322371,-0.31819567484223604,0.08575764435965787,0.2903214025378232,0.9578947454749551,-1.2976516004235163,-1.9037846586881049,0.04737871047064594,-0.3777111646465202,-0.20814356387288815,58.607,75.605
1764782527.509977,7,101;105;109;200;201;202,97.755;90.971;93.611;81.683;88.115;75.834,-0.5942932150040183,1.0918566793437772,1.9662632759444085,-0.3168287425882247,0.08247018150455523,0.2914099940739643,0.9633072735008642,-1.2990811937170532,-1.9056043660770572,0.04986383017531698,-0.3776968478832638,-0.20562108564749867,58.759,75.758
1764782527.649614,8,101;105;109;200;201;202,97.634;90.278;94.448;80.648;87.872;76.982,-0.5981785603047396,1.093433126812632,1.9689052527972244,-0.31567390160687214,0.07970714284512023,0.29228442985836806,0.9678167121597739,-1.3000891017838903,-1.9077162262261793,0.051768958788542624,-0.3776068804173491,-0.20363622732206887,58.872,75.870
1764782527.796267,9,101;105;109;200;201;202,97.182;90.732;94.186;80.409;87.259;78.983,-0.6018888478286982,1.094183950826588,1.9701530678695707,-0.3147791319112551,0.07790527586796313,0.2926394655547522,0.9718672201307488,-1.3004881442786456,-1.9083765296951123,0.05333451896374933,-0.3772668361850092,-0.2022283617013231,58.966,75.973
1764782527.951991,10,101;105;109;200;201;202,97.351;91.332;94.776;81.080;87.807;78.098,-0.604870612374944,1.0948437241677207,1.9709675930680552,-0.3141389932113247,0.07666943476565696,0.2926774059281025,0.9750903243115477,-1.3008907210326768,-1.9087178695708358,0.05434605956301827,-0.37690300348517947,-0.20119050212146924,59.046,76.061
1764782528.083381,11,101;105;109;200;201;202,97.148;90.944;94.377;81.806;88.534;76.422,-0.6072157083652908,1.0955003389906635,1.9720639535235165,-0.31359414406505054,0.07532232497560666,0.2930711429523008,0.9777125858773393,-1.3012770030546101,-1.909462664064117,0.05538826713600831,-0.37684502941612946,-0.20019554958445368,59.109,76.127
1764782528.212999,12,101;105;109;200;201;202,97.489;90.814;93.941;80.907;86.569;76.617,-0.6087095137665456,1.0959693143353473,1.974244423920356,-0.31310771456867975,0.07421759567398564,0.29340301444333544,0.9796534358968109,-1.3013586360938023,-1.9114601462592875,0.055909631210884644,-0.3766531970648072,-0.19970387649365978,59.134,76.146
1764782528.351779,13,101;105;109;200;201;202,97.859;91.851;94.389;81.317;87.319;77.513,-0.6098488078276976,1.0959411400332368,1.9754960224983962,-0.31261761484263134,0.07343479517264119,0.2936536112333153,0.9810461724641192,-1.3010989072398795,-1.9125365139035992,0.056494970025420005,-0.37639340523083936,-0.199307026299264,59.142,76.155
1764782528.487896,14,101;105;109;200;201;202,97.478;90.160;94.174;81.013;87.113;77.901,-0.6098749949991212,1.0965158082476485,1.9774993553405529,-0.31230223540964647,0.07224857463718522,0.2942180646373837,0.9814555487351223,-1.3013751179198443,-1.9146236816721567,0.05676631120688627,-0.376635164665154,-0.19869655428817118,59.141,76.141
1764782528.617862,15,101;105;109;200;201;202,97.382;90.616;94.537;81.311;87.709;77.502,-0.6107525045134011,1.096913376147264,1.9777564767502447,-0.3119925852722756,0.07154948494372797,0.2944159072170652,0.9824142347563176,-1.3016912089124593,-1.9147554127286588,0.057276662551448365,-0.37665544630128733,-0.19805954591353594,59.173,76.173
1764782528.748805,16,101;105;109;200;201;202,97.701;90.889;94.568;81.008;88.424;76.917,-0.6122276524964005,1.09661527306312,1.9775426562674656,-0.31189657326565257,0.07126009386824861,0.29429806733448866,0.9838761706903378,-1.3013616993673494,-1.914250970063832,0.057713460224410554,-0.37648682068886613,-0.19779625708776974,59.196,76.207
1764782528.879059,17,101;105;109;200;201;202,97.311;91.389;94.509;80.861;88.600;77.357,-0.6125334010845089,1.0968252916193466,1.976617705671886,-0.3115940700670808,0.07124199170236312,0.29424485536141837,0.9840286655551866,-1.3016894119692513,-1.9132612312023114,0.05806648195339058,-0.37632403540746384,-0.19742833110930472,59.221,76.237
1764782529.014793,18,101;105;109;200;201;202,98.680;91.165;94.570;80.408;86.859;76.789,-0.6134939714122662,1.0964206532488447,1.9754446115101139,-0.3116346309103093,0.07165233120122357,0.2938495889724286,0.9847860570361826,-1.3014165363667463,-1.9118588441341617,0.058213295095673245,-0.3760389235351813,-0.19752644599422395,59.240,76.270
1764782529.148217,19,101;105;109;200;201;202,98.210;90.940;94.862;80.748;86.830;76.115,-0.6131165800019939,1.0964166670121536,1.9771530122130236,-0.31172845186155773,0.0714318539700284,0.2939136218956962,0.984709195066024,-1.301182122992366,-1.9136783330313951,0.05779791519884046,-0.37605807796937757,-0.1977961538288924,59.212,76.231
1764782529.279548,20,101;105;109;200;201;202,98.442;90.867;94.463;80.591;87.032;77.057,-0.6143779070219451,1.096096936929034,1.9767437430565336,-0.3117479901510722,0.07152627587050792,0.2937142424475107,0.9859159385865693,-1.3008689409094534,-1.9130105853485888,0.0580597841489007,-0.3758548913661139,-0.19784316873445096,59.231,76.262
1764782529.416544,21,101;105;109;200;201;202,98.539;89.906;94.729;80.945;87.209;76.041,-0.6149100585141711,1.0960287920957483,1.9753271726042934,-0.31188051352603235,0.07171874812819798,0.2936181183178199,0.9862017684961931,-1.3009828164974866,-1.9114577681612055,0.058321077468826255,-0.37596041367550387,-0.19768976889973994,59.257,76.297
1764782529.555619,22,101;105;109;200;201;202,97.882;90.850;95.127;81.026;86.954;77.085,-0.6151162812914875,1.0959932788229747,1.9739969696516872,-0.31204052300487867,0.07192220454010174,0.2935644851213429,0.9861705744441855,-1.3011309116387286,-1.9100543460255126,0.05849774406960574,-0.3761253845888319,-0.1975656794840456,59.276,76.324
1764782529.682250,23,101;105;109;200;201;202,98.276;90.994;94.968;81.877;87.274;76.400,-0.6157652599651515,1.095274654351575,1.9734127681435385,-0.3122486126912606,0.0723003499605517,0.2933730114300701,0.9867049812076174,-1.3004764222613752,-1.9092914571508905,0.05857420482095285,-0.37600868208498106,-0.19791491115891238,59.269,76.328
1764782529.817322,24,101;105;109;200;201;202,97.874;91.512;94.322;81.105;87.429;75.208,-0.6153122512349137,1.095849085901779,1.9743908355574844,-0.31198212608681114,0.07237913281399991,0.2934477554029481,0.9864378100011402,-1.3009227093850215,-1.910413482742196,0.058384732148623955,-0.37579747219801696,-0.19809284791645865,59.270,76.318
1764782529.948822,25,101;105;109;200;201;202,97.443;91.012;94.430;83.109;87.249;75.378,-0.6149086838818575,1.0957546918064145,1.9759332407241914,-0.3119078767285514,0.07228511060380094,0.2935559437894232,0.986300988104591,-1.3006244455550942,-1.9120615092998532,0.0581243209181638,-0.37566929351580786,-0.19842116603641785,59.239,76.278
1764782530.083301,26,101;105;109;200;201;202,97.987;91.605;94.560;81.838;87.426;75.035,-0.61626603252548,1.0948572247640604,1.9747524546329789,-0.3116531054218187,0.07310968114149646,0.2928536657513679,0.9874465922800133,-1.2998478303230647,-1.910547612752576,0.05830330919682092,-0.3747734596048485,-0.19886306758316727,59.248,76.306
1764782530.217905,27,101;105;109;200;201;202,98.191;90.849;94.806;81.758;88.788;75.453,-0.6177862250479007,1.0940021900317651,1.971777634623407,-0.3117016979575328,0.073814455811736,0.2923005102215622,0.9884350686568962,-1.2993646840002282,-1.9071678662884026,0.058848173434200166,-0.37442798257080184,-0.19882198938148166,59.283,76.369
1764782530.349658,28,101;105;109;200;201;202,97.527;90.424;95.044;81.597;88.908;75.008,-0.6186552866273175,1.0934859668806924,1.9702630495148097,-0.31174029014811816,0.07424695357836227,0.2920141300309314,0.9890329423776197,-1.2990340995486,-1.9054248167319197,0.059142824267117325,-0.37422038526000473,-0.19889054867301925,59.300,76.401
1764782530.486380,29,101;105;109;200;201;202,97.564;90.295;93.936;81.693;89.124;75.109,-0.6189974903705711,1.0935302988440199,1.969676937387109,-0.3115041066510813,0.07448582713312518,0.2918976424928489,0.9892786074339925,-1.2991469099449733,-1.9047651722004428,0.05934780257526451,-0.3739375058077496,-0.19888574253317307,59.317,76.422
1764782530.620662,30,101;105;109;200;201;202,97.902;91.322;93.920;81.453;89.842;76.270,-0.6192058264429376,1.0937132732248502,1.9679236153915904,-0.3112962255238728,0.07476602767391939,0.29172674730446263,0.9891802755412349,-1.2995708566832238,-1.9029419577559725,0.05966742130783517,-0.3737951439818113,-0.19857462401461032,59.349,76.463
1764782530.754124,31,101;105;109;200;201;202,97.476;90.719;93.874;81.818;87.941;75.876,-0.619489192625646,1.0936750753410032,1.9676530943677328,-0.3112238869177068,0.07492119238878898,0.29167071470908795,0.9894201110801281,-1.29955924499875,-1.9026110916714267,0.05977688465756775,-0.37366196394844264,-0.1986382841462512,59.357,76.474
1764782530.884713,32,101;105;109;200;201;202,97.498;90.813;93.236;81.845;88.995;75.275,-0.6192874766466292,1.0939853390344576,1.967212559471542,-0.31098268248254074,0.07513315809087691,0.291579038305166,0.9891441888783972,-1.2999382547511296,-1.902215948373584,0.05980380003778278,-0.37345478446387903,-0.1985844246412028,59.370,76.486
1764782531.014437,33,101;105;109;200;201;202,97.356;91.487;94.577;82.012;88.693;75.733,-0.6190644125309607,1.0936056638399514,1.9681180730676793,-0.3110286877938168,0.0752744644657278,0.29145631895302815,0.9890670747719217,-1.299442974306347,-1.903159780036775,0.05947691262091666,-0.37326126081571304,-0.19899095952363355,59.339,76.452
1764782531.149515,34,101;105;109;200;201;202,97.729;91.329;94.725;82.480;88.828;74.380,-0.6191028620505554,1.0938990066380123,1.9675552670970353,-0.3109879604530601,0.07533485392331768,0.2915269696078939,0.9890143463398737,-1.2998120103526285,-1.9025949371890787,0.05963657357079588,-0.37333641300762554,-0.19886026168811746,59.358,76.472
1764782531.282390,35,101;105;109;200;201;202,97.272;91.641;94.007;82.330;88.638;76.564,-0.6188091903577809,1.0940556690624925,1.9685237031353895,-0.31083483172539667,0.07512180526124529,0.2917593796250307,0.9888944969964777,-1.2998405482442645,-1.9036509430592143,0.059643262588087304,-0.37332516521976944,-0.19889697493048553,59.346,76.453
1764782531.416592,36,101;105;109;200;201;202,97.009;90.577;94.664;82.130;90.051;75.928,-0.6184917250917492,1.0943283079018982,1.9679172375178589,-0.3108935229371651,0.07505898113607386,0.2919376876616929,0.9884686765077029,-1.3002115631735132,-1.9031040666023775,0.05977164019297683,-0.37360363922487777,-0.19867345888349133,59.357,76.463
1764782531.550611,37,101;105;109;200;201;202,97.612;90.903;94.336;82.287;88.503;74.606,-0.6185982519958035,1.0941925686667897,1.968046638192356,-0.3108368830080665,0.07517398368078515,0.2918590275314818,0.9885966308215914,-1.300054038346475,-1.9032087149520658,0.059744918855418716,-0.37344383527779335,-0.19881143107873392,59.353,76.460
1764782531.683094,38,101;105;109;200;201;202,97.081;90.370;94.629;82.074;88.902;74.842,-0.618461673227455,1.0940743649566067,1.9686218205859534,-0.31076575910403775,0.07507135081859609,0.2918802255908769,0.9885570481511871,-1.2998606114883535,-1.9038153316492397,0.0596747889215514,-0.37336192751570335,-0.19886853443907046,59.338,76.442
1764782531.815035,39,101;105;109;200;201;202,97.200;91.316;94.632;81.321;88.274;74.635,-0.6183433991264587,1.0945116664241148,1.968772086439732,-0.31057801944648333,0.07488382368482958,0.29213179816031964,0.9884779751137979,-1.3002762109209407,-1.9040192029731928,0.05988449394546487,-0.37343353357353887,-0.1986714584704784,59.351,76.451
1764782531.953319,40,101;105;109;200;201;202,97.105;90.866;94.246;81.351;87.837;75.769,-0.6187879834576482,1.09400010973186,1.9683328265992666,-0.31051016927822356,0.07498843186839677,0.2918981589797339,0.9888362935612885,-1.2998141366798286,-1.9034554370922736,0.05998165570864768,-0.37318476511595444,-0.19868485195583435,59.346,76.454
1764782532.094257,41,101;105;109;200;201;202,96.753;91.282;93.748;80.622;86.957;75.321,-0.6190653582831085,1.093382944444685,1.9682565225366426,-0.3104311101585949,0.07534049547867501,0.29156899902033,0.9890856016107494,-1.2992030171778362,-1.9032870450307433,0.05988246015268982,-0.37276272816662576,-0.19901237645039105,59.329,76.443
1764782532.222546,42,101;105;109;200;201;202,97.289;91.452;94.418;81.029;87.057;75.439,-0.6198059435199567,1.0925550176537768,1.966552674839358,-0.31071357667698263,0.07571526867280355,0.29119127823193297,0.9895070316698044,-1.298597028732344,-1.9013529350056777,0.06001871059767078,-0.37272441390009214,-0.19905696879900736,59.334,76.464
1764782532.350660,43,101;105;109;200;201;202,96.953;91.534;93.521;80.747;88.017;75.212,-0.6197548862580068,1.0927174676653593,1.965898616172985,-0.31089398522837786,0.07559130607277348,0.2913636011981242,0.9893416795130519,-1.2988538820518123,-1.9007021397370347,0.06017593913653567,-0.37308971088527054,-0.1988200889846804,59.346,76.479
1764782532.490431,44,101;105;109;200;201;202,97.633;91.270;93.793;80.861;87.125;74.136,-0.6193965723752031,1.0925398150131787,1.966902062260032,-0.3107769416881553,0.07555259570423067,0.291331878908785,0.989150667090207,-1.2985502954109356,-1.901783850863223,0.05994555812886447,-0.37288797092135895,-0.1990273920688352,59.320,76.447
1764782532.621071,45,101;105;109;200;201;202,98.027;91.777;93.825;81.210;86.656;74.643,-0.6190334021209969,1.0926448098575514,1.9687979862753615,-0.3106228989256357,0.07557282860293164,0.2913142235346884,0.9891260462417919,-1.2983974288122535,-1.9037998305206612,0.05952740228924125,-0.37257828333498966,-0.1994765105254759,59.294,76.409
1764782532.749258,46,101;105;109;200;201;202,97.504;91.257;92.519;81.245;87.248;75.455,-0.6185402989900298,1.093407823959757,1.969052473327411,-0.3104425516414623,0.07515770623945252,0.2917891854252118,0.9886930769447705,-1.2991366806415305,-1.904199261006867,0.05978207252212915,-0.372892975863514,-0.1990775055957447,59.309,76.416
1764782532.883132,47,101;105;109;200;201;202,97.486;91.805;93.223;81.971;87.654;75.235,-0.6180334940024943,1.0935392303417526,1.9699235485464515,-0.3103666853444393,0.07509695490028763,0.2918343108075446,0.9883364688099673,-1.2991638183373386,-1.9051921651588655,0.05954540402773538,-0.3728319121105877,-0.19920011705924603,59.293,76.392
1764782533.017341,48,101;105;109;200;201;202,97.758;91.153;94.532;81.292;87.079;76.057,-0.6184096542452372,1.0935030528622662,1.9697683214569968,-0.31022758929610483,0.07519840280045806,0.2917110527391592,0.9886922973641592,-1.2991334484346273,-1.9049629280868876,0.05963807388199055,-0.372609238938338,-0.19921616304895065,59.302,76.403
1764782533.146046,49,101;105;109;200;201;202,97.793;91.110;94.002;81.268;86.701;77.223,-0.6186125883204564,1.093327455916127,1.970674116193216,-0.31023408338859526,0.07526044529380854,0.2917144697784598,0.9890583746236227,-1.298820180033378,-1.9058436142915804,0.05952835943979912,-0.3724581283085776,-0.19955476821316634,59.289,76.388
1764782533.285670,50,101;105;109;200;201;202,97.088;90.954;93.510;80.835;87.712;76.404,-0.6189574867294655,1.0938063196438619,1.970096737307485,-0.31007796637406365,0.0750287377219301,0.2920745417462868,0.9893231012773706,-1.2993607880636802,-1.905220790152102,0.060074594912732426,-0.37267043218542223,-0.19917052939261673,59.321,76.423
1764782533.417290,51,101;105;109;200;201;202,97.778;91.666;94.384;81.554;87.700;76.918,-0.6181202793006654,1.0936235424454432,1.9718063299632091,-0.3101757251164443,0.07487598960917732,0.2920712856209481,0.9887695331365789,-1.2989714670761157,-1.9071124098628442,0.05950319159399592,-0.37265403310693596,-0.19949328133590918,59.276,76.365
1764782533.547542,52,101;105;109;200;201;202,97.229;90.900;93.356;78.925;88.360;77.479,-0.6183019790273723,1.0939446105712676,1.970305334623056,-0.31019842566454126,0.07482833823797846,0.2918274345117524,0.9886943425679896,-1.2994969683147846,-1.9055617097082107,0.05959051697595977,-0.3727617719574166,-0.1989549560072449,59.310,76.406
1764782533.683748,53,101;105;109;200;201;202,97.596;91.219;93.305;78.798;86.383;78.257,-0.6179561798140845,1.0940141915799795,1.970675342111182,-0.3104752105466183,0.07435309958683593,0.2919851767142385,0.988409669550187,-1.2995279561832147,-1.9060078772629125,0.0594453226380211,-0.3732116352375933,-0.19867999593021204,59.301,76.393
1764782533.817524,54,101;105;109;200;201;202,97.557;91.305;93.578;79.250;86.479;79.148,-0.6184797448089687,1.0945791451095086,1.9692291636656505,-0.31052101828652845,0.07418401570830611,0.29217552308048156,0.9887027544909749,-1.3002708009199386,-1.9044676987026454,0.05994306868364867,-0.37357911813491623,-0.1981252231989039,59.351,76.449
1764782533.949933,55,101;105;109;200;201;202,97.647;91.107;94.252;78.942;86.962;78.323,-0.618305769861894,1.0946454849772083,1.9679950392280519,-0.31078663310327087,0.07414322656938924,0.29236374814167193,0.988303088369418,-1.3005220353707123,-1.9032379876331955,0.060157605061558345,-0.3740570132207335,-0.1978453662660423,59.364,76.467
1764782534.082153,56,101;105;109;200;201;202,97.355;90.956;94.221;79.474;87.135;77.317,-0.6186240786030134,1.0950347178237831,1.9681813418728515,-0.31095339281455436,0.0739406415120597,0.29240385460690244,0.9886760093481571,-1.3008652146297404,-1.903397061436945,0.060113790239271894,-0.3742775847598587,-0.1977046400081219,59.384,76.485
1764782534.222316,57,101;105;109;200;201;202,97.597;90.378;95.236;79.020;85.806;76.667,-0.6185769236008298,1.094969616946308,1.9679237872758542,-0.3111476460855488,0.07401362193281866,0.2923495007860459,0.9885788189577389,-1.3008401546524673,-1.903137231978279,0.06000743796095201,-0.37441154685862893,-0.1977456174839215,59.384,76.486
1764782534.351188,58,101;105;109;200;201;202,98.186;90.800;94.486;78.860;85.994;77.015,-0.6177452796859989,1.0946676621802809,1.9682323578338277,-0.3114094189543301,0.07392811815261716,0.2924142252025118,0.987772891343379,-1.3005351064661181,-1.9035836777265773,0.05969630139219294,-0.37468127504915344,-0.19783295460199174,59.350,76.449
1764782534.484239,59,101;105;109;200;201;202,97.741;91.053;95.507;79.372;86.061;77.451,-0.6183230926153327,1.094716323811272,1.9678169658734552,-0.3113601562685712,0.07397445000579755,0.2921101336087578,0.9882909396526063,-1.3006168642529252,-1.9030569040609844,0.05968548110218465,-0.3744858886717764,-0.19770232804683882,59.370,76.473
1764782534.617489,60,101;105;109;200;201;202,98.267;90.167;94.782;79.231;86.523;77.256,-0.6185663447114895,1.0952077017964323,1.968934243189258,-0.3113283157637412,0.07376401842306798,0.29212369517926207,0.988759249868412,-1.3009301786108125,-1.9041907076026834,0.059506375090628796,-0.37444936797079686,-0.197730652815013,59.381,76.477
1764782534.748431,61,101;105;109;200;201;202,98.221;91.287;94.566;80.119;84.515;77.028,-0.6180095366601923,1.0952748159245156,1.9709867655334685,-0.31134892468778713,0.07353949518315558,0.29223582739566883,0.988563449514845,-1.3007256125336786,-1.9063998758979963,0.059048862284612105,-0.37441809671506165,-0.19806104746418973,59.347,76.430
1764782534.887230,62,101;105;109;200;201;202,98.207;90.916;94.202;79.142;85.558;77.536,-0.6186006983062668,1.0941886100737346,1.9702251765479513,-0.3113591208023041,0.07427999519316758,0.29163594086097727,0.9889939721500891,-1.299735985955583,-1.9054416605764117,0.0589221720348132,-0.37380941929445266,-0.19861878431881047,59.327,76.423
1764782535.012400,63,101;105;109;200;201;202,97.276;90.665;94.110;79.590;85.650;78.354,-0.6187346054321089,1.0938265693709233,1.9696421302339002,-0.3114745004671279,0.07423987860426898,0.2916319604335049,0.9890131308777668,-1.2994564469201035,-1.9047961408236833,0.05905872402196294,-0.37392587589022724,-0.1985156056624032,59.323,76.425
1764782535.152351,64,101;105;109;200;201;202,97.706;91.341;94.036;79.277;85.834;77.769,-0.6177385048107719,1.0940089304128993,1.9707679150686577,-0.31170714721880904,0.07396626363326024,0.29186470461158337,0.9882033678477453,-1.2995192496016517,-1.906141640990175,0.058651930760331705,-0.37429192804650785,-0.19859108089056787,59.295,76.385
1764782535.282147,65,101;105;109;200;201;202,97.484;91.573;94.375;80.139;86.189;78.799,-0.6173737143966729,1.09385058236929,1.972101816102465,-0.3119664944934256,0.07363699033456336,0.2920736519962882,0.988066286513845,-1.2991867965141597,-1.9075646166167206,0.058380239945392445,-0.3745720831801983,-0.1987546972920338,59.265,76.348
1764782535.416301,66,101;105;109;200;201;202,97.292;91.554;94.519;80.153;85.953;78.180,-0.6168766448303492,1.0940261307765424,1.972887674359573,-0.3120331842903067,0.07349333053351992,0.29224275229183067,0.9877056850577816,-1.2992691092616604,-1.9084713208910895,0.05819243431027635,-0.37472687249183173,-0.198833209889898,59.251,76.327
1764782535.550717,67,101;105;109;200;201;202,98.340;90.883;93.955;79.266;86.166;78.548,-0.6172721880326502,1.0939752354447347,1.9721353433309359,-0.3119642591288235,0.07342188269441917,0.29222408752773216,0.9879726164628251,-1.299309652579664,-1.907625415355024,0.05847677334781476,-0.374730936552801,-0.19857114564509212,59.267,76.348
1764782535.683125,68,101;105;109;200;201;202,98.171;90.057;93.883;80.315;87.785;77.351,-0.6173960881604834,1.0946164724295915,1.9715355861222297,-0.3117758752200786,0.07296723837050476,0.2926007294638121,0.98801245636134,-1.3000239488460479,-1.9070300599646377,0.058997899325272954,-0.37503665690931653,-0.1979302105338247,59.302,76.382
1764782535.817284,69,101;105;109;200;201;202,97.733;90.209;93.687;81.890;86.833;78.716,-0.6174069111795747,1.094666318937734,1.9734397114575777,-0.3117753249215612,0.07224270327298737,0.2929451634851165,0.9883704556052172,-1.2997975958662495,-1.908983707541288,0.0589640861480263,-0.3752303247767835,-0.1978296173006937,59.281,76.353
1764782535.953463,70,101;105;109;200;201;202,97.429;90.480;93.511;80.591;86.388;77.145,-0.6173702929903142,1.0949768617926192,1.9726783435964967,-0.31152017785622443,0.07221524128675424,0.29292140866219896,0.9882054272459793,-1.30021598011639,-1.9082299510250742,0.05918217164810406,-0.37514326058566544,-0.1974831060512707,59.301,76.374
1764782536.082171,71,101;105;109;200;201;202,96.973;90.569;94.700;80.805;85.604;78.279,-0.6176292361056939,1.0948980803401598,1.9728772957653167,-0.3115929089482994,0.07217328489884521,0.2929784797724821,0.9885040078579357,-1.3000977145218156,-1.9083821690671534,0.05923250147571994,-0.37519163084228135,-0.19755198326186243,59.302,76.375
1764782536.216099,72,101;105;109;200;201;202,97.690;91.187;94.260;81.222;85.552;78.395,-0.6174611046878283,1.094944237854254,1.9742397532589622,-0.3116614648267151,0.07221739981531654,0.2928958444234547,0.9885804181119772,-1.2999539198741588,-1.9098124350962227,0.058802494897473245,-0.37506216761155015,-0.19793919930184423,59.284,76.350
1764782536.350057,73,101;105;109;200;201;202,98.279;90.721;94.255;80.298;86.769;78.742,-0.6170311950884072,1.0944614320084423,1.9743228261731975,-0.31179250062955194,0.0724200105635692,0.2928074755466191,0.9881388782270241,-1.2994845400675812,-1.9099434312887456,0.058579378984279604,-0.37502884674437414,-0.1982194058328102,59.255,76.321
1764782536.484647,74,101;105;109;200;201;202,97.848;90.984;93.750;80.633;85.877;78.192,-0.61620258445401,1.0947279141842248,1.9748900006402772,-0.3116978789228353,0.07240613906098825,0.2929407117697903,0.987402181157838,-1.2997030902687967,-1.9106916033865804,0.058382392190424695,-0.3750548143116584,-0.19828562164906705,59.240,76.298
1764782536.616716,75,101;105;109;200;201;202,97.325;91.627;94.288;80.137;86.367;78.209,-0.6153104266859412,1.0951621990196974,1.9747565671496754,-0.31157010416807335,0.07220450616976411,0.29303150215982243,0.986479039124423,-1.3001915326370839,-1.9107438563414627,0.058283086123740335,-0.3751968961208921,-0.1979401132688699,59.239,76.290
1764782536.751359,76,101;105;109;200;201;202,97.680;91.423;93.623;80.686;86.466;78.737,-0.6144397261271244,1.096128675601914,1.9751878576157222,-0.31144154206093977,0.07188334403003145,0.2932922915413423,0.9856982098725147,-1.3011228062633373,-1.9114061482425448,0.058159970764271415,-0.3754572106203347,-0.19758899060522828,59.253,76.290
1764782536.883206,77,101;105;109;200;201;202,97.487;90.775;94.054;80.299;85.753;78.482,-0.6139490704815608,1.0963306805169661,1.9749657285543816,-0.31155944745704245,0.0717249027981822,0.2934093158003016,0.9851622660893403,-1.3013765270102218,-1.9112799584731235,0.05810031738734876,-0.3757481819681627,-0.19738037853903706,59.252,76.287
1764782537.019674,78,101;105;109;200;201;202,97.083;90.835;94.374;80.942;85.634;79.107,-0.6134621458729755,1.0969761342456057,1.9749260460452436,-0.3113591932560092,0.07131220367233916,0.29373921315977825,0.9846781796960878,-1.302041590775994,-1.911369219338947,0.058315235286256636,-0.37599679493246624,-0.19688578508447413,59.267,76.296
1764782537.153279,79,101;105;109;200;201;202,97.402;90.696;93.926;79.999;85.401;78.320,-0.6134023538105265,1.0978167283865115,1.9751906362530225,-0.31114519725922174,0.07088821544023098,0.29411698963221405,0.9846932865484568,-1.3028361168313338,-1.9117063719599356,0.058601290161701805,-0.376216842382465,-0.1964587406439595,59.295,76.317
1764782537.286211,80,101;105;109;200;201;202,98.112;90.806;94.182;79.813;86.455;78.339,-0.612994502148435,1.0989132637227865,1.9742330704348503,-0.3108495563187839,0.07051393000381152,0.29453162136250005,0.9841389228366509,-1.3040758978049274,-1.910869685615215,0.0590778567739466,-0.37656335856305717,-0.19568316074087636,59.340,76.358
1764782537.415376,81,101;105;109;200;201;202,97.858;90.621;94.434;79.109;86.746;78.276,-0.6137520047635442,1.097885246344154,1.9701866197586049,-0.3109894402814628,0.07148415556108037,0.2939634869418176,0.9841463167937078,-1.3036111836315778,-1.9065165229737622,0.059585463119779525,-0.3763498709504715,-0.19561306994152713,59.365,76.412
1764782537.553742,82,101;105;109;200;201;202,97.327;91.221;94.764;80.761;87.141;77.677,-0.6141069746098047,1.0975576138675984,1.9710564683721759,-0.3108845825733916,0.07173953158470378,0.2936406540568195,0.9846565439819615,-1.3031461267122948,-1.907323176188999,0.05930900835492581,-0.37586570389722895,-0.1960559649109452,59.350,76.397
1764782537.692569,83,101;105;109;200;201;202,97.456;90.486;93.813;79.930;87.087;78.200,-0.6154361985881572,1.0971664964491494,1.9709532206224725,-0.31074936666814823,0.07186221807231351,0.2934095703336104,0.9859859495103759,-1.3027149154804964,-1.9069523956306478,0.059588403798205083,-0.3754641839666001,-0.19618273792694,59.364,76.422
1764782537.821753,84,101;105;109;200;201;202,97.166;90.062;95.051;80.555;86.988;78.280,-0.6164864745964779,1.0972747008248147,1.9695671621565256,-0.31070139308473577,0.07202057441642781,0.29336597594932284,0.9868139169504998,-1.3029743855812803,-1.9053490490497869,0.06009463973302499,-0.375432939261938,-0.1959713041179184,59.408,76.477
1764782537.953869,85,101;105;109;200;201;202,96.953;89.857;94.038;80.734;86.643;77.988,-0.6169907007371905,1.097138697730471,1.9703463849649459,-0.310644023524134,0.07214168968810611,0.2932193123174698,0.9874670141160932,-1.3027048877169536,-1.9060484044226171,0.05998336428585295,-0.37513581238990357,-0.19629136636507413,59.404,76.473
1764782538.099980,86,101;105;109;200;201;202,97.463;90.874;93.799;80.289;86.528;76.270,-0.6170984104047855,1.0974419137695166,1.9697831945860675,-0.3105244571581936,0.07232010079436388,0.29305752843858923,0.987485461064236,-1.3030807309958379,-1.905471298281539,0.05999501259218061,-0.374991770697022,-0.19619993762291899,59.425,76.495
1764782538.271928,87,101;105;109;200;201;202,97.110;90.577;94.629;80.285;85.873;78.212,-0.6172991428386263,1.096773835575296,1.9711354419625076,-0.3106883647477599,0.07236478417061587,0.2928347506183102,0.987913632218467,-1.3022167221318743,-1.9067781415294935,0.05958761674123822,-0.3747618932799193,-0.19670567782472204,59.388,76.456
1764782538.417166,88,101;105;109;200;201;202,97.126;90.289;94.957;79.975;86.515;77.474,-0.6164393006076483,1.0964826550210895,1.9714137786340384,-0.3110127637809911,0.07244438593276806,0.29288468582530647,0.987073660295695,-1.3019278146056814,-1.9071993518417643,0.0592151457553428,-0.3750287360709499,-0.19694945656576066,59.354,76.419
1764782538.553968,89,101;105;109;200;201;202,97.487;90.480;94.867;79.841;86.365;77.946,-0.6160218164189288,1.0964399582103068,1.9705421451826715,-0.31111014009880905,0.07263437315508502,0.2928411741526579,0.9864866174402575,-1.3020302997544464,-1.9063779725549632,0.05918385115556471,-0.37515009620474915,-0.19689566881662576,59.354,76.421
1764782538.702753,90,101;105;109;200;201;202,97.285;90.373;93.591;79.390;86.412;77.469,-0.6170299305929945,1.0965373469941522,1.9702901481352517,-0.31114065994249734,0.07259426424480685,0.2928027853489712,0.9874766514670319,-1.3021173295550332,-1.905944410698242,0.059434027826748656,-0.37512807353916017,-0.19682002380408856,59.383,76.456
1764782538.933520,91,101;105;109;200;201;202,97.665;91.382;93.808;79.435;86.494;77.109,-0.6170269949542592,1.0961817214682645,1.9694752357551122,-0.31109453088897004,0.07303685344963183,0.292647482766095,0.987313858145193,-1.3018837814620776,-1.905086129630819,0.059500168821913405,-0.37492140981566435,-0.19702947401762982,59.378,76.458
1764782539.220506,92,101;105;109;200;201;202,97.156;90.866;93.936;79.408;86.558;78.252,-0.6175628206626943,1.0959208738242108,1.9698450630753,-0.31122291957667036,0.07321163222678818,0.292472016718881,0.9879208334895178,-1.3015486095057518,-1.9053518359330925,0.05936837099676778,-0.3747718229105578,-0.19734877423805008,59.376,76.458
1764782539.660884,93,101;105;109;200;201;202,97.905;91.001;95.243;79.775;88.634;76.203,-0.6169636135096732,1.0959303369612745,1.9707816630487733,-0.3113059908707237,0.0731164056360225,0.292589482769001,0.9874773233909461,-1.3014499097130725,-1.9064207068072736,0.059090362652867004,-0.3748725595874818,-0.19752659641993275,59.352,76.426
1764782540.024332,94,101;105;109;200;201;202,97.601;91.196;93.960;80.347;87.362;76.718,-0.6168312255903206,1.0958044947695875,1.9724894323752493,-0.31137043686087984,0.07305252010983873,0.29268533417491704,0.9876471325922,-1.3010850045565994,-1.908187414654855,0.058785567136839245,-0.3747988679285658,-0.19797401792240368,59.324,76.390
1764782540.480009,95,101;105;109;200;201;202,97.350;89.942;93.063;80.070;86.114;76.653,-0.6161866500759193,1.0963823783023998,1.9741759118981586,-0.31126304820184797,0.07249100971240034,0.29308882799189745,0.9873123556867393,-1.3014410115388495,-1.9100705607478983,0.05865079986118929,-0.3750198985747591,-0.19784246678894085,59.312,76.363
1764782540.756576,96,101;105;109;200;201;202,96.625;90.776;94.497;81.037;86.588;77.906,-0.6155226259349658,1.0963303374432702,1.9732235488223706,-0.3114028276474205,0.07244196553034728,0.29315528755261344,0.9864578721684195,-1.3015572917561644,-1.9092101770146288,0.058662649459203534,-0.3753336015656081,-0.1975675586908875,59.307,76.359
1764782541.104426,97,101;105;109;200;201;202,96.824;91.470;93.537;80.858;85.587;78.305,-0.6153540697406378,1.0961190975976092,1.9735081410323958,-0.31117409512837824,0.07238317803013633,0.2932726154824599,0.9863297142480789,-1.3013151332447803,-1.9095185262990773,0.05881559996330109,-0.3751797136962438,-0.1975880523216863,59.292,76.343
1764782541.518187,98,101;105;109;200;201;202,96.789;90.467;93.669;81.408;85.649;77.998,-0.6154020709301572,1.0960843453474154,1.9737306630244151,-0.3111816172747448,0.07205632208592282,0.29354294845278933,0.986418045555415,-1.3012464749636459,-1.9097357793599088,0.05903846179509821,-0.37538914527776135,-0.19741272799136014,59.289,76.339
1764782541.886891,99,101;105;109;200;201;202,97.856;90.991;94.743;79.324;87.017;78.117,-0.6156837271900915,1.096439751690999,1.9714575888836654,-0.31122880989407115,0.07210832276439753,0.29363716792421823,0.986306353631966,-1.301913208556302,-1.907377523323276,0.05956683364079669,-0.3757250104960034,-0.19684321964606327,59.336,76.397
1764782542.307233,100,101;105;109;200;201;202,97.069;90.126;93.861;79.698;86.284;78.933,-0.6153078560255731,1.0964406760055407,1.971054905267909,-0.31119947992864183,0.0721079751524886,0.2936180286190232,0.985848432767302,-1.3019891960890246,-1.9070323571715053,0.05954997947802225,-0.3757661349368091,-0.19670614589603574,59.332,76.393
1764782542.875235,101,101;105;109;200;201;202,97.123;91.759;94.807;79.938;86.397;77.930,-0.6143928126720483,1.0971254586865107,1.970694885226609,-0.31128947102414906,0.07203431070054857,0.29386568777009703,0.9848691418980055,-1.3027586551628556,-1.906872694158029,0.05946378809213622,-0.37617543120964403,-0.19646699002095988,59.343,76.397
1764782543.215071,102,101;105;109;200;201;202,97.146;91.204;93.841;79.014;85.749;78.349,-0.6141665418435087,1.0970607579890206,1.9718600181337191,-0.3112107042719281,0.07194086977534758,0.2938236144873719,0.9848464916134062,-1.3025367319053476,-1.9081039566786868,0.059195671890007295,-0.37600403134051286,-0.1966624778637301,59.322,76.369
1764782543.496233,103,101;105;109;200;201;202,97.304;90.630;93.276;79.408;85.910;78.207,-0.6138040517816322,1.0975597130580208,1.9724693227920038,-0.310981185218029,0.0714191727455334,0.29424663047708294,0.9846025634577669,-1.3029577833512762,-1.9088266530113978,0.059435370736382456,-0.37620969137597027,-0.19628276608902603,59.326,76.365
1764782543.747197,104,101;105;109;200;201;202,97.945;90.919;93.992;78.421;86.699;77.724,-0.6148734632249797,1.096800444381559,1.969020184150611,-0.31108598472666343,0.07225039445066445,0.2938424513735345,0.9850467682940243,-1.3026575695673233,-1.9050476734611712,0.06003485211262978,-0.3760345370489514,-0.19624419485950875,59.361,76.427
1764782544.325834,105,101;105;109;200;201;202,98.067;90.881;94.002;78.888;86.857;77.762,-0.6157132205323337,1.0964747384274938,1.9672923657065096,-0.31105222952495937,0.07276013537885832,0.2935061584056435,0.9855825082235606,-1.302546978694356,-1.9031035322975358,0.0603302121240243,-0.3757648047602598,-0.19626748876643488,59.387,76.468
1764782544.908492,106,101;105;109;200;201;202,98.047;92.048;94.715;79.386;87.014;78.089,-0.6152273798021985,1.0975729171153752,1.9681977977764447,-0.3108995247238557,0.07242237224339268,0.29381132255233017,0.9852861787566902,-1.3035230743796662,-1.9041910519660927,0.060245372654362805,-0.37596462087468024,-0.1960281764372698,59.408,76.475
1764782545.816908,107,101;105;109;200;201;202,98.560;92.147;94.605;79.775;86.717;77.774,-0.6149344966674444,1.0977982964512898,1.9692944249639248,-0.3107568741873966,0.07240611981228921,0.2937459897212686,0.9851926745646251,-1.3036007958174245,-1.9053830168370165,0.0599433807960046,-0.3757528574638176,-0.19620841688207138,59.398,76.457
1764782546.328140,108,101;105;109;200;201;202,97.430;91.468;92.877;78.871;86.345;77.894,-0.6150194430630073,1.0977838482410764,1.9691882588474965,-0.31069429081886385,0.0723744865385628,0.2937541063407207,0.985259935248028,-1.303598008692516,-1.9052579103954925,0.06003067419949015,-0.3757188153066188,-0.19614377410753275,59.400,76.460
1764782547.117315,109,101;105;109;200;201;202,98.338;90.768;94.280;79.299;86.799;77.682,-0.6155255118466748,1.0979200004775322,1.9684141098753385,-0.31059457604513324,0.0722089934869593,0.29384376420719005,0.9856424555037115,-1.3038212672594556,-1.9043818216696715,0.06043804860755786,-0.37579287697406555,-0.19577963371484414,59.426,76.491
1764782547.331699,110,101;105;109;200;201;202,97.436;91.589;95.298;79.221;86.023;77.469,-0.6156656627319995,1.0981534411241423,1.969076846222494,-0.31060315325157417,0.07216919671662522,0.2939249647729697,0.9859140534543749,-1.303949975706349,-1.905051418656537,0.060378207308623574,-0.3757962509218725,-0.1959094257892613,59.430,76.491
1764782547.493568,111,101;105;109;200;201;202,97.740;91.092;94.577;79.329;85.987;77.772,-0.6154385243765745,1.0983904843913912,1.970470986674722,-0.31045622270978535,0.07215234904291566,0.2939075996885183,0.985942234605924,-1.3039932247552686,-1.9065374339265644,0.06007547787819127,-0.37556824993738114,-0.1961799607549465,59.418,76.470
1764782547.616095,112,101;105;109;200;201;202,98.321;91.077;94.190;79.015;86.621;77.485,-0.6163276639455353,1.0978498707340345,1.9684850498046218,-0.31038267073249454,0.0725962415263028,0.2935120129372747,0.9864744915703738,-1.3037056103869515,-1.9043055467918661,0.06043921296153537,-0.3752566207809172,-0.19608588652556208,59.439,76.509
1764782547.753513,113,101;105;109;200;201;202,97.344;91.450;94.464;77.802;87.362;77.891,-0.6172602227478288,1.0978940688527865,1.965453149838779,-0.3104953639594583,0.07280658195340628,0.29351640257142275,0.9868813090632889,-1.3041436775884572,-1.9010314750262494,0.06120290371045356,-0.375541977878935,-0.19553618600213465,59.497,76.587
1764782548.098547,114,101;105;109;200;201;202,98.220;90.181;94.642;78.881;86.798;77.595,-0.6186502195012403,1.0973622308850113,1.9644366150401718,-0.31063068531460286,0.07321280103038914,0.29315169977960176,0.988102577551301,-1.3037017026167368,-1.8997041873477851,0.0614191324685287,-0.3752840232691053,-0.19574389159250805,59.519,76.624
1764782548.479715,115,101;105;109;200;201;202,97.931;91.589;94.726;78.631;86.887;79.573,-0.6189967157288658,1.097334402540721,1.9649561413609906,-0.3107375243627629,0.072935144148585,0.2933387890942614,0.9885507040352859,-1.3035838394114203,-1.9001727125281809,0.06153252191779733,-0.3754618101247085,-0.19570891329703613,59.519,76.624
1764782548.671018,116,101;105;109;200;201;202,97.548;91.514;95.081;79.231;87.411;78.607,-0.6193314335427897,1.0968691565859883,1.9631100848370175,-0.3107915687681902,0.07342347229902002,0.2930900754213722,0.9885430200072053,-1.3033744321783673,-1.8981892371299975,0.06176947705214732,-0.37534904775155503,-0.19572122722057772,59.531,76.649
1764782548.921977,117,101;105;109;200;201;202,96.737;91.378;94.727;79.668;86.696;79.703,-0.6182579235391199,1.0972441373260708,1.9639697283965787,-0.3106682314038526,0.07307837673106397,0.29356721126057644,0.9876121547670497,-1.3036699110945091,-1.8992883957701163,0.06177045435942553,-0.37562375377406715,-0.19559763878210593,59.512,76.617
1764782549.272372,118,101;105;109;200;201;202,97.141;90.147;94.097;79.181;86.275;78.155,-0.6183317936976764,1.0975683177524829,1.9649222924441558,-0.31057036694043477,0.07282804618787743,0.2936997974666958,0.9878714991756039,-1.3038498397733824,-1.9002729568403887,0.061740233373258444,-0.37561648023091976,-0.19557553677607833,59.514,76.614
1764782549.483117,119,101;105;109;200;201;202,97.648;90.825;93.965;78.862;86.600;78.541,-0.61896380082992,1.097417379966871,1.9633627986107902,-0.3105492588537793,0.0728701416933906,0.29373147462144106,0.9882308881320454,-1.3038962670118686,-1.8985502040167233,0.06226721173989101,-0.3756991837749303,-0.19525312705183856,59.541,76.652
1764782549.743976,120,101;105;109;200;201;202,98.091;91.261;93.601;78.481;85.541;79.080,-0.6193559963504374,1.0971656759459918,1.9635763041035403,-0.31053148915097306,0.07285535647332925,0.29367286469205384,0.9886627492640977,-1.3035992268828314,-1.89868214841933,0.06231918913863595,-0.3755768173095811,-0.19533709525730716,59.537,76.651
1764782550.051370,121,101;105;109;200;201;202,98.008;90.687;94.223;78.458;86.765;79.427,-0.6196180629238481,1.096915304926933,1.962339341107267,-0.3105237504603208,0.07309966442876152,0.2935355796780935,0.9886983768220179,-1.3035176800384862,-1.897350311539719,0.06253408501971353,-0.3755089659203405,-0.19525550185877644,59.548,76.671
1764782550.438812,122,101;105;109;200;201;202,97.802;91.820;94.490;78.102;87.215;77.625,-0.6200106978282962,1.0963587000021737,1.961332219300811,-0.3107102526096972,0.07381036324816605,0.2930063420970184,0.9888990317138967,-1.3030946172401112,-1.896210788546808,0.062305506954013254,-0.37519547141825677,-0.19568621406778425,59.547,76.680
1764782550.694244,123,101;105;109;200;201;202,97.321;92.031;93.900;79.505;85.463;78.090,-0.6181867583675721,1.0977844680355047,1.9640805450091272,-0.31043159045870944,0.072969103017865,0.29365259787490067,0.9875776382341737,-1.3041908834548523,-1.8994499881949078,0.061863769483240766,-0.37556327877667267,-0.19539910805711166,59.530,76.631
1764782550.890183,124,101;105;109;200;201;202,97.724;91.418;94.627;78.857;85.809;77.596,-0.6175290021602055,1.0976512567243362,1.9651271917297202,-0.3101516355846579,0.07324417476922924,0.2934985754453977,0.9870892705122505,-1.3039385936150028,-1.9006330213822935,0.06149959193991665,-0.3750978601583182,-0.19583036764450304,59.498,76.592
1764782551.143834,125,101;105;109;200;201;202,97.164;91.291;94.627;79.102;86.013;77.671,-0.6165612940843032,1.097697002620308,1.9677995477120958,-0.3100671833908922,0.07290249884565159,0.2936810987856519,0.9865842999657767,-1.303642859511286,-1.903550567863309,0.06094070675216298,-0.3750196021615411,-0.19619332687001054,59.447,76.522
1764782551.440802,126,101;105;109;200;201;202,96.891;90.861;93.973;79.955;86.809;78.403,-0.6167425183957996,1.098394396437792,1.9682214406646696,-0.3100136555541076,0.07232921446658791,0.2939236691179492,0.9868699819072195,-1.3042626623302054,-1.9039960451566103,0.06108958273063439,-0.3752977685509225,-0.19570509507866557,59.473,76.543
1764782551.663798,127,101;105;109;200;201;202,98.011;91.301;94.608;79.737;86.073;78.939,-0.6164263286856814,1.0982266447281548,1.9682033927339755,-0.3098542760690408,0.07224146839964866,0.29396613078685074,0.9865372012410932,-1.304113860227751,-1.9040235328333182,0.06116150721289404,-0.37522334711763533,-0.19560285672792016,59.460,76.529
1764782551.997949,128,101;105;109;200;201;202,97.107;91.811;94.299;79.932;85.038;78.654,-0.6164654685705113,1.0971179306780423,1.969531101028438,-0.30987062597883364,0.07227427730010245,0.29377328904017147,0.9867805654129538,-1.30282570499195,-1.9053056216113622,0.06088014610248224,-0.37485569104580213,-0.1961271003330252,59.402,76.472
1764782552.291228,129,101;105;109;200;201;202,97.979;91.028;93.339;79.446;85.653;79.421,-0.6167531724150123,1.0972344448927653,1.9703436581395988,-0.30974933017192835,0.07199757384774168,0.2939502620432754,0.9872264939556279,-1.3028105721923828,-1.9060946316457832,0.06101239774490669,-0.3748332576772068,-0.1960903717703069,59.403,76.470
1764782552.622613,130,101;105;109;200;201;202,97.306;90.028;94.642;79.298;86.024;79.329,-0.6170305699851437,1.0977330616839194,1.9704333918607184,-0.30961501657024376,0.07169620103988857,0.29411379912890373,0.9875437319373888,-1.3032775268650119,-1.9061692586116321,0.061232288882896335,-0.37492620884629946,-0.1957692725260294,59.427,76.492
1764782552.883038,131,101;105;109;200;201;202,98.357;90.586;94.160;79.004;86.167;79.137,-0.616772822349546,1.0981400419258545,1.971438515214565,-0.3096149356535319,0.07137745305623494,0.2942559617631622,0.9874757860745679,-1.303546001820098,-1.9072729636972467,0.06105785419746586,-0.3750574977925325,-0.1956931939355533,59.425,76.481
1764782553.143407,132,101;105;109;200;201;202,97.481;91.039;94.135;79.231;85.939;77.948,-0.6163406980086548,1.0983328148077578,1.9723375472800937,-0.30954643794192627,0.07145279038855183,0.29417925233107795,0.9872027592624634,-1.303626026931129,-1.9082853049200041,0.06070893560939715,-0.37490077570577096,-0.1959199550508984,59.413,76.461
1764782553.521036,133,101;105;109;200;201;202,97.964;92.306;93.916;79.958;86.379;78.308,-0.6158245054068743,1.0991627696219608,1.9712443415169854,-0.30934345913446926,0.0712689538916687,0.2944070676631574,0.9865038978465672,-1.304626883538074,-1.9073114553400476,0.06099821534366981,-0.37516154754252995,-0.19530383498258472,59.447,76.492
1764782553.914613,134,101;105;109;200;201;202,98.074;90.710;94.227;80.246;85.490;79.011,-0.615820707487829,1.098958047570178,1.9723771083912147,-0.30948493743418787,0.07110997409275036,0.2944675521138245,0.9866985054002363,-1.304261242322351,-1.9084604022992668,0.06078792870646327,-0.37521120520918855,-0.1955363830084157,59.425,76.466
1764782554.247481,135,101;105;109;200;201;202,97.011;91.328;94.242;79.774;86.927;77.422,-0.6158341376798562,1.0994290858815698,1.9706603835979088,-0.3094463962579272,0.07109365421828884,0.2946537295801955,0.9864168688890442,-1.304973767982486,-1.906728274125278,0.06124870873435714,-0.3755140501382671,-0.19502151837304782,59.464,76.511
1764782554.587434,136,101;105;109;200;201;202,98.257;91.469;94.023;79.129;86.856;77.387,-0.6157400073928855,1.0996147635610307,1.9680130994465885,-0.3093083351773322,0.0714393244151358,0.2946473172966804,0.9858466585740588,-1.3055431818962713,-1.9040425323049313,0.061766923511170274,-0.3756004389399102,-0.19457212956625014,59.501,76.559
1764782554.904582,137,101;105;109;200;201;202,98.436;91.598;93.689;78.958;87.233;78.259,-0.6156594068876464,1.0995500796417113,1.9670584220402625,-0.30927973819330445,0.07183371016183172,0.29460090696382146,0.9855887944583134,-1.3056204481108953,-1.9030737986756134,0.06188965499699649,-0.3755298909387601,-0.1946787202661474,59.508,76.570
1764782555.282197,138,101;105;109;200;201;202,97.522;91.117;93.768;78.841;86.368;78.346,-0.6164861098660527,1.098538443981738,1.965943722933982,-0.3096709605184248,0.07254411657930337,0.2939603324164183,0.9861992071534826,-1.3047444781812725,-1.901715893806332,0.06165250253167785,-0.3752493309949934,-0.19519345516497924,59.500,76.579
1764782555.788119,139,101;105;109;200;201;202,97.842;91.922;93.231;79.089;85.907;78.146,-0.6167038485488235,1.0983312965980607,1.9672756771168154,-0.30970589887518785,0.0725963423880805,0.29388507627901495,0.9866567434592923,-1.3043383324495221,-1.903029051573797,0.06138467135361643,-0.37504006505908377,-0.1956326117566461,59.481,76.555
1764782556.117091,140,101;105;109;200;201;202,98.075;90.570;93.843;78.444;86.062;78.481,-0.6172621425773925,1.0976398980138464,1.9676194482275964,-0.30980436207515666,0.07285462816538311,0.29358792232704367,0.9872674960291031,-1.3035807524018928,-1.9032359633331057,0.06122689640430429,-0.3747317133252189,-0.1960584139499331,59.462,76.542
1764782556.435793,141,101;105;109;200;201;202,97.341;90.585;94.186;79.012;88.033;78.387,-0.6180308579726236,1.0970613662974318,1.967252190859738,-0.3101742196722096,0.07308755685963653,0.29333903710470327,0.9879686140232171,-1.3030275061828678,-1.9026832408908096,0.061149094897412645,-0.3747498047047732,-0.1963360639064075,59.461,76.551
1764782556.781564,142,101;105;109;200;201;202,97.019;90.400;93.503;78.194;86.848;78.136,-0.6174580561627622,1.097800189445874,1.968125278625259,-0.31008182607829876,0.07245258057449677,0.2937522091823088,0.9875652881140905,-1.3036573349776714,-1.903729832538829,0.06117977056773212,-0.37511430421328035,-0.19589975601430984,59.466,76.544
1764782557.296642,143,101;105;109;200;201;202,98.058;91.227;94.358;78.160;85.834;79.080,-0.617715392990391,1.0979564899634326,1.9677034043433153,-0.3099466286932984,0.07224047623189561,0.29376493983268864,0.9877576343966238,-1.3038608477239089,-1.9032610786364843,0.06140740169350456,-0.3751209566575133,-0.1955447947170904,59.483,76.563
1764782557.604038,144,101;105;109;200;201;202,98.187;90.424;93.816;79.239;86.561;78.990,-0.6183716618388185,1.097677032603566,1.9663941272787417,-0.30984297191936294,0.0724719218717141,0.29353409397798713,0.9881828952984889,-1.3037436773238587,-1.9017821125773415,0.06171329338074526,-0.3749065793336181,-0.19541040883881475,59.502,76.594
1764782557.938555,145,101;105;109;200;201;202,97.490;90.819;94.183;78.558;86.270;78.964,-0.6180376619640041,1.0981082026032651,1.9658917027876455,-0.3097207107862618,0.07219868876390435,0.29383808061144845,0.9877643075535866,-1.304256938280987,-1.9013551344556998,0.062013923468287546,-0.37517086171668645,-0.19497567239506533,59.517,76.607
1764782558.314939,146,101;105;109;200;201;202,96.944;91.651;93.399;78.188;85.588;78.564,-0.6172640766382524,1.098675930120024,1.9676204265978876,-0.30948630214775763,0.07198394919723536,0.2940371972709687,0.9873046938981447,-1.304603745851224,-1.903304167015515,0.061706292334284124,-0.37508759795526714,-0.19510068986343243,59.502,76.576
1764782558.827129,147,101;105;109;200;201;202,97.891;90.881;93.787;78.507;86.514;79.569,-0.6171101306937069,1.0991668767523781,1.9666111109860984,-0.30929897060153755,0.07217095062918363,0.29396528259278143,0.9869805947656455,-1.3052409262586597,-1.9023288593729635,0.06182557005547144,-0.37501899380481807,-0.19486169397038763,59.530,76.605
1764782559.172527,148,101;105;109;200;201;202,98.094;90.585;93.419;78.958;87.115;79.898,-0.617000573354668,1.0992237845772341,1.9652175386147204,-0.30915409272183975,0.07218108913918901,0.29405395556437214,0.9866175952090037,-1.3055026042531659,-1.9009232023033384,0.062217444637115454,-0.37510396416234254,-0.19447177679432165,59.546,76.627
1764782559.430347,149,101;105;109;200;201;202,98.323;90.747;94.328;79.506;88.002;79.439,-0.6169683515749135,1.0992372675172801,1.9666300094962472,-0.3091351301311067,0.07209377291935141,0.2940818702156789,0.9868411890374298,-1.3053141304168863,-1.902378358308747,0.06196736501475575,-0.37498324128992616,-0.19476525011502643,59.529,76.603
1764782559.856789,150,101;105;109;200;201;202,97.053;90.668;93.583;79.490;86.827;78.676,-0.6170594314716027,1.0994928035399183,1.9672450490476405,-0.30924419746364745,0.07203446821651427,0.29424747725303874,0.987054649455911,-1.305473830752543,-1.9030093364857938,0.06192175010738869,-0.3751281315120916,-0.19490023269557039,59.534,76.603
1764782560.165208,151,101;105;109;200;201;202,97.958;90.878;93.769;80.291;87.746;74.822,-0.6159980367075234,1.0989690740256253,1.9670986923936664,-0.30976392450210294,0.0723600057657269,0.29414084504700166,0.9859233070864772,-1.305025559274602,-1.9030162359601044,0.06135920525208455,-0.3754368376335367,-0.1953004127007613,59.492,76.560
1764782560.602218,152,101;105;109;200;201;202,97.818;91.489;94.437;81.667;87.277;74.747,-0.6145607695999655,1.098829306196882,1.9690753693848422,-0.309751138672275,0.07193506552603912,0.29443506090572114,0.9848049780422018,-1.304667450319822,-1.9052929824711065,0.06090614816203635,-0.3755892257165903,-0.19545056034215533,59.432,76.484
1764782560.852002,153,101;105;109;200;201;202,97.472;90.915;94.510;82.336;86.922;74.973,-0.6133409927589237,1.098672309024154,1.9712543673531868,-0.3096942708598791,0.07160025480109955,0.29467190351331163,0.9839455191991251,-1.3042528614475357,-1.9077368999853332,0.06043817086183931,-0.3756078089818052,-0.19572923119275124,59.374,76.409
1764782561.326492,154,101;105;109;200;201;202,97.581;91.525;94.223;82.695;86.582;76.055,-0.612580135371032,1.0989530822113298,1.9726237091892798,-0.3096423778362012,0.07100800035615325,0.2951113902340882,0.98342402421964,-1.3043665199018157,-1.9092965182683703,0.06037905173988864,-0.37591371338300394,-0.19554809388351552,59.352,76.375
1764782594.651448,0,101;105;109;200;201;202,97.856;90.680;95.639;81.046;86.591;78.240,-0.6444900710603654,1.060830697867801,1.9663801115161614,-0.2859597398738215,0.10860220722241049,0.26626434594507126,1.0136527429941813,-1.2661450114019803,-1.8946770529892432,0.05846432808454237,-0.3240555622846753,-0.22392264521302632,58.675,76.125
1764782594.804597,1,101;105;109;200;201;202,98.178;91.416;95.019;80.441;85.749;76.784,-0.6379388937633229,1.068194615687224,1.9694471559935973,-0.2910494080866119,0.1006433419267026,0.2713312363537807,1.007760081253361,-1.2732850508954452,-1.8994731203522908,0.0580285575692142,-0.33432433111524135,-0.2183322208703089,58.769,76.129
1764782594.936792,2,101;105;109;200;201;202,98.614;91.685;94.951;81.493;86.030;78.660,-0.632919238694991,1.0739041817261785,1.9722649583557097,-0.2950320049328521,0.0943396305573004,0.27558593395103714,1.0033301927874854,-1.2787517361558884,-1.9036335287398851,0.057795116820410455,-0.342444580439211,-0.21404767587346796,58.841,76.127
1764782595.071698,3,101;105;109;200;201;202,98.153;90.625;94.223;81.553;88.004;76.409,-0.6298877824856552,1.0782704133222107,1.9730426588673127,-0.2980402241700494,0.08994655772325709,0.2785203927723242,1.0005181490769264,-1.283092010313676,-1.9052600319718411,0.057725780598802706,-0.3484308664145594,-0.21077029196813984,58.931,76.171
1764782595.257544,4,101;105;109;200;201;202,98.286;91.039;93.471;82.655;88.550;75.847,-0.6270483259979674,1.0823105946559415,1.9725693148643615,-0.30027568488698325,0.0861587142900295,0.28122084044276535,0.997664054139038,-1.2872813021687481,-1.9055492305045143,0.05808619166666354,-0.3535604569534818,-0.20754437281759805,59.028,76.231
1764782595.402233,5,101;105;109;200;201;202,97.414;91.403;93.811;82.272;87.722;75.080,-0.6246998830312968,1.0848383944585627,1.9737894132994795,-0.30230546519330737,0.0833255173992013,0.28316322048731685,0.9955672930917584,-1.28970922278643,-1.9073872413326627,0.057787058864110175,-0.3574234878898447,-0.20565149168335378,59.058,76.228
1764782595.532210,6,101;105;109;200;201;202,97.667;92.040;94.123;81.729;87.164;74.669,-0.6227987638729241,1.0870245635484126,1.9731490956069977,-0.30388113783897974,0.08132275615203673,0.284714801039306,0.9935793643495545,-1.2920476907874197,-1.907215826889691,0.05781887766545368,-0.3605943560316525,-0.2039295407506565,59.108,76.257
1764782595.665865,7,101;105;109;200;201;202,97.409;92.106;94.851;82.985;87.582;76.562,-0.6210868726775233,1.0896683131097311,1.974264475013023,-0.30519280591776865,0.07887805791264577,0.28656316772005075,0.9921186721435437,-1.294575445947119,-1.9088400042932907,0.057921290719468735,-0.36366940806918796,-0.20218166117662578,59.159,76.277
1764782595.800086,8,101;105;109;200;201;202,97.295;91.034;94.746;81.314;87.349;75.325,-0.6203161335026025,1.0905909852896374,1.9736617736721271,-0.3063552983244706,0.07781945971258643,0.28743905150261556,0.9912515855142396,-1.2956088523345453,-1.908421198652034,0.05794227025427191,-0.36562185431849287,-0.20133446654353568,59.185,76.296
1764782595.932638,9,101;105;109;200;201;202,97.677;91.372;93.918;81.575;87.116;77.335,-0.6195447270714725,1.091460241078397,1.9747894956816874,-0.30704780272819054,0.07661863966883847,0.28827361067815116,0.9906956412818666,-1.2963392713288684,-1.9097730191896705,0.057854988484655506,-0.36701431365507375,-0.20068942325261416,59.188,76.284
1764782596.072226,10,101;105;109;200;201;202,98.012;91.125;93.974;81.447;87.387;77.456,-0.6188425947055584,1.0936215847865154,1.9746577154865965,-0.3074375913965442,0.07522928033163553,0.2894561532355886,0.9900260859615012,-1.298524676848939,-1.9099057009558782,0.058332110542952134,-0.36867763266045195,-0.19934765468260046,59.258,76.337
1764782596.207309,11,101;105;109;200;201;202,97.357;91.403;94.223;81.413;87.228;76.936,-0.6182227926772184,1.0949962554712849,1.975423758455541,-0.3078520362364526,0.0741096197281244,0.29037401164821947,0.989576878013296,-1.2997994715474113,-1.9108926995450788,0.058492382916561794,-0.3699466376232846,-0.19856478477640588,59.288,76.352
1764782596.334586,12,101;105;109;200;201;202,97.588;91.075;94.260;81.472;87.425;76.259,-0.6176990772249004,1.0963547913611498,1.975025287235279,-0.30834011922068777,0.07324213499073423,0.29109981267196855,0.9890143436144708,-1.3012224891262671,-1.9106673671628114,0.05868349556145716,-0.37122132934142177,-0.19769067689990666,59.334,76.388
1764782596.466874,13,101;105;109;200;201;202,98.399;91.476;94.418;82.348;87.428;76.034,-0.6175416730117674,1.0971622962922014,1.976901503200978,-0.30880275487127806,0.07242998618470117,0.2915975884012285,0.98922072191328,-1.3017552956667475,-1.9126725131937514,0.05840665332373203,-0.37200205585848717,-0.19751418876062787,59.339,76.379
1764782596.600605,14,101;105;109;200;201;202,98.137;90.527;94.529;82.226;88.440;76.626,-0.617625504953839,1.0979048355474248,1.9767665255554887,-0.3090865185014615,0.07174174730178404,0.2921225612702905,0.9893072837145891,-1.3025043283175952,-1.912567687582786,0.05870226824396754,-0.37280589505775646,-0.1969071801637215,59.371,76.407
1764782596.731426,15,101;105;109;200;201;202,97.690;90.589;94.734;81.362;87.821;74.629,-0.6174414844604875,1.0977724278091996,1.9748433570656267,-0.30936060438536417,0.07185304568490904,0.29220587641054285,0.9887655851233919,-1.3026604560915163,-1.9106200217827545,0.058968784995614504,-0.3732430390522887,-0.1965983132692072,59.385,76.430
1764782596.866888,16,101;105;109;200;201;202,98.297;90.547;93.923;81.125;87.271;74.462,-0.6168376153468369,1.097823465785987,1.9743304447200671,-0.30938361312231866,0.07185281744769521,0.2924291099757845,0.9880558377882795,-1.3028123991823852,-1.9102061349349084,0.059085679528462595,-0.3734794548642877,-0.19648375105280055,59.380,76.424
1764782596.997713,17,101;105;109;200;201;202,98.048;90.138;94.104;80.834;88.238;77.050,-0.616691466844422,1.097453016226599,1.9740078607788938,-0.3095308853185408,0.07197244218992419,0.2924276406690992,0.987835119389186,-1.3024998361744369,-1.9098774103092857,0.059072390044175555,-0.3735632480452111,-0.19659737722505286,59.367,76.414
1764782597.134798,18,101;105;109;200;201;202,98.006;91.092;94.289;81.618;87.847;75.372,-0.6170284446634591,1.0977498805482262,1.9748623945165262,-0.3095834494854707,0.07182086768231492,0.29241080106817974,0.9883452488415544,-1.3026541199499013,-1.9107124431175795,0.058919916542069226,-0.3735616109333371,-0.19665855957274736,59.375,76.418
1764782597.274335,19,101;105;109;200;201;202,97.167;90.787;93.667;81.385;87.018;75.645,-0.6164472905516338,1.0985103439673278,1.9764841807902902,-0.3095711739574783,0.0714429323963478,0.2926424357652881,0.9880698894041179,-1.3031964941889898,-1.9125300129677498,0.05858157512870611,-0.3737435079028443,-0.1966379229088002,59.373,76.400
1764782597.401965,20,101;105;109;200;201;202,97.281;91.252;93.298;81.442;86.300;75.888,-0.615496251298362,1.099060497584228,1.978431933873256,-0.30960321306231575,0.0709793855992226,0.29292985425282797,0.9874676695197896,-1.3035002956432629,-1.9147347848679677,0.058141596777102705,-0.3739849152619137,-0.19666390084445728,59.350,76.359
1764782597.533422,21,101;105;109;200;201;202,97.279;91.251;93.020;82.465;86.520;75.818,-0.6155602229747745,1.0992691853207597,1.9793173069646297,-0.309566133270173,0.07064789663507828,0.2930705993952096,0.9877008190399023,-1.3035749754480748,-1.9156449356633873,0.05811873059794728,-0.37405326942301714,-0.19658153085404684,59.349,76.353
1764782597.666241,22,101;105;109;200;201;202,97.959;91.773;94.462;81.828;86.885;75.735,-0.615876848623434,1.0989254648792262,1.9793015929815294,-0.309718473911021,0.07074313707706364,0.29290312326331386,0.9880106213526189,-1.3032235428775647,-1.9155492252799664,0.058018576226105276,-0.3740011565856575,-0.19673302751940774,59.343,76.350
1764782597.808419,23,101;105;109;200;201;202,98.811;91.317;94.686;81.541;86.542;74.771,-0.6164918621760612,1.0984337959703991,1.9789627668076766,-0.30976838210728735,0.07107169052868005,0.29251161353368815,0.9885624180916899,-1.3027594223076542,-1.9150587213438874,0.05792609166456621,-0.37367608414124615,-0.19697817538040066,59.341,76.357
1764782597.932793,24,101;105;109;200;201;202,98.449;91.577;94.514;81.926;86.289;76.741,-0.6164254461672679,1.0986605025626244,1.980010827354163,-0.309807045625715,0.0709206920420674,0.2925336789711625,0.9886921392474783,-1.3028341109319943,-1.9161603522235535,0.057681470775410346,-0.3736835226966568,-0.1970903217765646,59.336,76.345
1764782598.065855,25,101;105;109;200;201;202,98.127;91.248;95.287;80.651;86.046;76.286,-0.6174899538131883,1.097472056678489,1.9766480155888235,-0.31014535902478885,0.07168806690867413,0.29210347948487575,0.9891322905515385,-1.3021002671104862,-1.91244219730003,0.058173822706721084,-0.37364816885752533,-0.1971351712984541,59.353,76.392
1764782598.203155,26,101;105;109;200;201;202,98.136;90.854;94.648;80.304;87.407;77.168,-0.6176451694520321,1.0972571879198176,1.9748333601250003,-0.3103101470176044,0.07173219257514575,0.2923677817741853,0.9889549172984882,-1.3021438646170258,-1.9105393547165093,0.058733386756453065,-0.37405762623797195,-0.19683596927268154,59.370,76.419
1764782598.331671,27,101;105;109;200;201;202,97.167;91.539;94.057;80.503;86.910;78.012,-0.616966324096141,1.0976611123380087,1.9746671255821986,-0.31047730337508467,0.07138614373243238,0.29289643616369515,0.9882432110796303,-1.3025975287598002,-1.9105175779590304,0.05892397753600155,-0.37468010906353416,-0.19653342340073993,59.373,76.417
1764782598.473205,28,101;105;109;200;201;202,96.466;91.290;94.115;80.689;87.563;78.183,-0.6157159854689845,1.097918778570901,1.9740565978664062,-0.3107265353024623,0.07144163604942765,0.2933262436322972,0.986860658868702,-1.3029967994987899,-1.9101335298637554,0.05891769564037218,-0.37526849162940423,-0.19648349065906023,59.363,76.402
1764782598.601785,29,101;105;109;200;201;202,97.226;91.546;94.814;79.964;87.207;78.213,-0.6171180417753895,1.0978498703183772,1.9721566628533551,-0.31066859000867597,0.07157856526671358,0.293334443070096,0.9879497566242507,-1.3031400972115335,-1.9079282593463496,0.059690043832911086,-0.3752690409636786,-0.19616880240924786,59.413,76.469
1764782598.734061,30,101;105;109;200;201;202,97.635;90.796;94.734;81.144;88.140;77.449,-0.6164152856858092,1.098327247027037,1.9733178269228078,-0.3105171017674758,0.07126361232169018,0.29393723693840546,0.9874567246626613,-1.3034754621137719,-1.9092767566765996,0.05982985624942619,-0.37552319300945003,-0.19617910553081708,59.403,76.446
1764782598.866606,31,101;105;109;200;201;202,97.837;90.970;94.154;81.053;88.120;76.928,-0.6157160621036806,1.098551853676134,1.973507399042563,-0.3104312623329027,0.07113935509412073,0.2942858633644557,0.9867825583037356,-1.3037014261594784,-1.9096117685281115,0.05993291513528748,-0.37572294617576224,-0.19610617531653862,59.394,76.431
1764782599.009535,32,101;105;109;200;201;202,97.266;91.450;94.788;80.294;88.350;77.222,-0.615768787555888,1.0981024242242547,1.971197957108833,-0.3104861449145607,0.07146588237682602,0.2943337782287341,0.9864025772053227,-1.3035889104939578,-1.9072046217048322,0.06045180515306525,-0.3758787684661887,-0.19589470512986468,59.405,76.457
1764782599.139313,33,101;105;109;200;201;202,97.301;91.526;94.741;81.087;88.426;78.361,-0.6153578314847161,1.098346118303263,1.9711774079046238,-0.31048116232593836,0.07119907029644251,0.294597234044617,0.9859861904830884,-1.3038510767310352,-1.907273477203548,0.06056444770727841,-0.3761510522043124,-0.19563998781450237,59.406,76.454
1764782599.271727,34,101;105;109;200;201;202,96.991;91.861;94.898;81.178;87.321;76.944,-0.614651328193264,1.0985945429369777,1.9713278646972192,-0.310444884862115,0.07110361607561394,0.29471595049132854,0.9852982676328753,-1.304106520555748,-1.9075712266221012,0.060447573239023555,-0.3762787493521288,-0.19553732528732437,59.398,76.441
1764782599.406913,35,101;105;109;200;201;202,97.701;92.009;94.576;81.228;86.615;76.768,-0.6147494773853276,1.0986428886058497,1.9719948009529553,-0.3103418051210981,0.07111719415767423,0.29457604103784085,0.9855213655179076,-1.3040535237211641,-1.9082406420827442,0.06026880486753626,-0.3760487560545714,-0.19566866215443476,59.394,76.434
1764782599.541348,36,101;105;109;200;201;202,97.831;91.990;93.947;81.146;87.365;76.740,-0.6139879775696256,1.0988733315275356,1.9738552260244362,-0.310169833844867,0.07078451601840065,0.29473764069258646,0.9850865842883905,-1.3040464570720327,-1.9103006907447202,0.05992660650581885,-0.3759801198570008,-0.19577879802138365,59.365,76.389
1764782599.675278,37,101;105;109;200;201;202,96.757;91.939;94.083;80.819;87.857;78.614,-0.6138088224474235,1.0985707029757952,1.9731445241002052,-0.3100702314881553,0.07104792609342449,0.29468024264988735,0.9847639990300181,-1.3038584187629196,-1.909584327171816,0.06004640151152442,-0.3758418877107331,-0.19584070755810956,59.358,76.387
1764782599.800547,38,101;105;109;200;201;202,96.929;91.796;94.451;81.035;88.248;78.633,-0.613785419684155,1.0985276992076018,1.9728510535814383,-0.3099843389424533,0.07123247486047356,0.29459880672368827,0.9846853614981836,-1.3038594225522449,-1.909284779606429,0.06006690404603583,-0.37570177871881166,-0.1959029334064447,59.359,76.390
1764782599.934169,39,101;105;109;200;201;202,97.999;91.247;94.196;80.918;88.211;77.512,-0.6132538850308424,1.098997548486635,1.9732334316400006,-0.30979053174925536,0.07143792448003071,0.2945100675650129,0.9842261532948194,-1.3042920498691315,-1.9098033685231919,0.05980433057592689,-0.3754912263244264,-0.19603322257406167,59.361,76.384
1764782600.068134,40,101;105;109;200;201;202,98.028;91.076;94.291;80.055;87.019;77.826,-0.6130377210110078,1.0994357712192473,1.9753428713330772,-0.30975820738314724,0.07132107910953378,0.29448081054756725,0.9844020723730947,-1.304429338991944,-1.9120342472397693,0.05927345112387036,-0.3753276190015131,-0.19639207763639738,59.348,76.357
1764782600.200698,41,101;105;109;200;201;202,97.213;91.532;94.232;81.199;86.349;78.937,-0.6134897780030505,1.0994372158091534,1.9757258142222838,-0.3097649851874595,0.07112606369498332,0.29447000953262087,0.9849345772826826,-1.3043549931847433,-1.912345651358764,0.059315393327542404,-0.3753135892635527,-0.19632992698986487,59.354,76.363
1764782600.332182,42,101;105;109;200;201;202,97.614;91.506;94.448;81.028;85.918;77.969,-0.6146571033042676,1.0991777262683455,1.9755249774090122,-0.3098602452756856,0.07125606284088583,0.2942061710141219,0.9860849956824375,-1.3040752800943933,-1.91191247009314,0.05940511767775579,-0.37512016809926657,-0.19645392148601729,59.371,76.389
1764782600.465527,43,101;105;109;200;201;202,97.392;91.269;95.112;81.024;87.437;78.486,-0.6154792675913211,1.0982254368669702,1.9742933550329311,-0.3101311190440782,0.07166537712853929,0.2938663907691085,0.9866715198343416,-1.3032760675265052,-1.9104390186850515,0.05952387146495863,-0.37500087221553613,-0.1966847054773571,59.367,76.401
1764782600.600290,44,101;105;109;200;201;202,97.585;91.504;94.928;81.085;87.761;77.724,-0.6162792955639165,1.097516909818988,1.9716969734983938,-0.3102770326585764,0.07239941689243407,0.2934504810905104,0.9869961173180981,-1.3029155669825927,-1.9075861419633144,0.05985199012537332,-0.37481883616406236,-0.19677041753763277,59.387,76.443
1764782600.736052,45,101;105;109;200;201;202,98.260;92.165;94.721;81.381;87.484;77.396,-0.6150463365084988,1.0980382728451086,1.9730460729124397,-0.3103273346945668,0.07205228759573737,0.29372853738286686,0.9859956153618894,-1.3032911305973396,-1.909225684963923,0.05943480244588918,-0.3751179561491946,-0.19674022380583261,59.365,76.404
1764782600.868024,46,101;105;109;200;201;202,97.982;90.839;94.984;80.837;87.394;77.134,-0.6147789997061185,1.098168242203133,1.973483988855597,-0.31029202369125797,0.07206936358292908,0.29361339355642924,0.9858056142590196,-1.3033682160332685,-1.9097313958082873,0.05918238734221837,-0.3750168171975954,-0.19680485060090824,59.359,76.394
1764782601.001726,47,101;105;109;200;201;202,97.280;90.713;94.882;81.784;87.832;76.773,-0.6141474045140106,1.098290396199947,1.9754850170592777,-0.3103581649761435,0.07152763598893572,0.29395205885576553,0.9855257278463305,-1.3032277527300657,-1.9119051224380528,0.058899981804053175,-0.37525439888099055,-0.19687515026411134,59.326,76.347
1764782601.133505,48,101;105;109;200;201;202,97.558;90.640;94.691;81.139;87.358;76.440,-0.6137762161281224,1.0987329095738174,1.9766977498393523,-0.31029185169476403,0.07117327552880372,0.29404430914936913,0.9853804213973908,-1.303505786928542,-1.9132446140424704,0.058646061428463556,-0.37530840104963603,-0.19678340199683375,59.321,76.331
1764782601.267322,49,101;105;109;200;201;202,96.515;91.415;95.040;79.797;87.986;77.676,-0.6133849686526806,1.0987013809270263,1.9768391285815343,-0.3101867232434652,0.071275039115337,0.2939311147210627,0.9850042762213038,-1.3034717625598848,-1.9134579834785912,0.058474753026443504,-0.37514679882496643,-0.19685252784569754,59.310,76.317
1764782601.400582,50,101;105;109;200;201;202,98.055;91.724;95.052;80.336;87.611;78.733,-0.6133898916101936,1.09851021675482,1.9768842632987973,-0.3101573547179398,0.0714034560701843,0.29395798112573535,0.9850110480997795,-1.303276221812154,-1.9134908427672104,0.05852064517441785,-0.37506638808110937,-0.19701580368277946,59.302,76.311
1764782601.532609,51,101;105;109;200;201;202,98.212;91.958;94.824;81.415;87.784;77.422,-0.6130892769718278,1.0981086306136845,1.977304609899357,-0.31002730495883957,0.0716618033758354,0.2939980146119747,0.9847658275700462,-1.302832237105829,-1.913949687589092,0.0584961782251258,-0.3748263044386899,-0.197400539852785,59.275,76.282
1764782601.671967,52,101;105;109;200;201;202,98.155;90.993;94.622;79.835;87.129;77.830,-0.6136483411532966,1.097885600511264,1.9758302340775187,-0.3101206593043699,0.07194757841956745,0.2937651567179779,0.9850635252414381,-1.3028004684092338,-1.912322469380289,0.05869303313256839,-0.37478868511532965,-0.19730482961345258,59.296,76.315
1764782601.801505,53,101;105;109;200;201;202,98.105;91.838;95.101;80.587;86.334;77.901,-0.6135503583560803,1.0978535801193274,1.97831708027128,-0.3101534307622486,0.07166329061625279,0.2936209569580261,0.9854130419270534,-1.3024128237316117,-1.9148881762146277,0.05806222770630941,-0.3745673938172887,-0.1976741917720439,59.263,76.270
1764782601.934293,54,101;105;109;200;201;202,97.376;90.912;94.464;79.795;87.905;78.235,-0.6140706383455925,1.0973369583370305,1.976397241645144,-0.3102898780000538,0.07173283513691797,0.29360450360991475,0.9855803159475782,-1.3021575388139741,-1.9127918988761277,0.0585525709759399,-0.3747577522781657,-0.1973625734455898,59.277,76.299
1764782602.067541,55,101;105;109;200;201;202,97.743;91.192;94.805;79.919;87.967;77.459,-0.614024516102372,1.0971533617225961,1.9753816166147353,-0.31026115993241155,0.07191842709480468,0.29350353090276654,0.9853427177233459,-1.3021253820694547,-1.9117467164921567,0.058682114049495554,-0.37471930445635143,-0.1972631131592312,59.281,76.309
1764782602.200599,56,101;105;109;200;201;202,98.761;91.397;94.535;79.323;86.726;78.144,-0.6145006170788672,1.0973194267405815,1.9741166543123767,-0.3102134872796789,0.0721870414508178,0.2932426734616426,0.9856065532693087,-1.302450996240094,-1.910374730640382,0.05881726836116877,-0.374588671912284,-0.19710162887726768,59.313,76.348
1764782602.337566,57,101;105;109;200;201;202,98.335;90.878;94.326;80.509;86.401;77.218,-0.6145389156405272,1.0975758591880398,1.974149117741409,-0.31024574353547796,0.0720251759406704,0.2933338873686966,0.9856603249005512,-1.3026978189792897,-1.9104179109925283,0.05885939068914066,-0.37473486516899185,-0.19694757450424477,59.323,76.357
1764782602.482786,58,101;105;109;200;201;202,97.439;91.389;94.231;80.455;87.362;77.651,-0.614697305540748,1.0973562635592053,1.9750341057728837,-0.31037293012859574,0.07203544531754973,0.2932871595350094,0.985975597462899,-1.3023457692705067,-1.911282510843775,0.05864552024857894,-0.37467675640756687,-0.1972546056767462,59.307,76.340
1764782602.639144,59,101;105;109;200;201;202,97.953;91.172;93.679;79.766;87.097;77.890,-0.6154659229555993,1.0966160713550692,1.9748100407683902,-0.3105599533157324,0.0723699401657588,0.2930880383483447,0.9866971248464919,-1.3016125735707784,-1.9108658721701335,0.0586908998651335,-0.3745009842909675,-0.19766087606070215,59.298,76.340
1764782602.773500,60,101;105;109;200;201;202,98.597;91.044;94.608;80.876;87.912;77.091,-0.6153587683763567,1.0964557584740535,1.9753286223356827,-0.3108101603198958,0.0723907610752343,0.2930961201193206,0.9866759949912223,-1.3013840318906311,-1.9114064231540675,0.05845402310065398,-0.37463408035986395,-0.19790033468965998,59.283,76.323
1764782602.908657,61,101;105;109;200;201;202,98.189;90.970;94.021;80.355;86.766;77.240,-0.615729280728009,1.0968820382865807,1.9750281990974317,-0.31079531366649726,0.0724300993111775,0.2930963838800975,0.9870153906936687,-1.3018317765821272,-1.9110595689441305,0.05855749160481177,-0.37466343611812064,-0.19780306958558666,59.311,76.352
1764782603.069082,62,101;105;109;200;201;202,97.686;91.776;94.347;80.361;87.599;76.986,-0.6163101731008895,1.0967148388520842,1.9740043637215776,-0.31069166362399747,0.07277398053037056,0.29292883127885694,0.9874190014119302,-1.3017885734131833,-1.9098941710064876,0.05881816631797336,-0.3744341698910163,-0.19784379960572793,59.330,76.380
1764782603.201439,63,101;105;109;200;201;202,98.635;91.373;93.300;81.089;87.980;76.872,-0.6160509494214991,1.097241931133962,1.9740552477249158,-0.3104306090467897,0.07262223213005593,0.2929691906299018,0.98718057812093,-1.3023134527610263,-1.9100275233560955,0.058856569734941855,-0.374367315758061,-0.19756625628625218,59.344,76.389
1764782603.332715,64,101;105;109;200;201;202,98.172;91.761;93.945;80.672;88.095;76.596,-0.6155686223851138,1.0974030021011325,1.9747094409269328,-0.3104176156836722,0.07271310551056029,0.29290606030004374,0.986810672285975,-1.302399634993037,-1.9107957514638487,0.05852857682724519,-0.3742819729015157,-0.19776044034947546,59.332,76.370
1764782603.467623,65,101;105;109;200;201;202,97.854;91.475;93.909;80.133;87.591;77.265,-0.6157251897032407,1.097794412027255,1.9739574213538245,-0.31026882243435655,0.07264690515222166,0.29304601894462373,0.9868478954363783,-1.3028879114093441,-1.9100220304990325,0.05886845359583337,-0.3743664690575264,-0.1974403126776817,59.359,76.400
1764782603.607121,66,101;105;109;200;201;202,97.350;91.356;94.372;79.848;87.708;77.873,-0.6155786303906062,1.0977902259317054,1.9737801953296812,-0.31035512809304283,0.07283994386527047,0.29286646627020774,0.9866655149229818,-1.3029160224407863,-1.9098664110470496,0.05865414004280195,-0.3743185337728477,-0.19754707263493307,59.358,76.398
1764782603.734062,67,101;105;109;200;201;202,98.343;91.063;94.784;79.421;87.334;77.225,-0.6161555816272285,1.0974296371245258,1.9732221094602553,-0.31032852796965515,0.07330314723937859,0.2924950540026021,0.9871430152258253,-1.3026145822042556,-1.9091666391054154,0.05862425320560409,-0.37394159933227117,-0.19782578005736973,59.363,76.412
1764782603.868054,68,101;105;109;200;201;202,97.953;90.940;94.145;80.264;86.772;77.612,-0.6161759318598584,1.097588283974697,1.9737910634392268,-0.31021665977147717,0.073250703089548,0.29257530382898933,0.9872723929984534,-1.302688065722161,-1.90975678270301,0.05862719042243032,-0.37386015318302784,-0.19789610913344965,59.363,76.408
1764782604.000755,69,101;105;109;200;201;202,97.840;90.891;94.590;80.745;87.986;78.412,-0.6163755832141132,1.0977439386948344,1.9736957039634877,-0.3102258671339062,0.07302759573936714,0.29272735659214,0.9874648447311428,-1.3028465595670904,-1.9096332323923584,0.058817673806887016,-0.374026042837466,-0.19768264584007442,59.375,76.420
1764782604.134575,70,101;105;109;200;201;202,98.112;91.160;94.429;80.225;86.707;77.361,-0.6165768549050601,1.0972928203739003,1.9744688384348237,-0.3103288654992815,0.07303102842576542,0.29267562475312187,0.9877959048132464,-1.30228012177068,-1.910360264303468,0.058676927381315386,-0.3739291275801672,-0.19798507665880286,59.352,76.398
1764782604.268069,71,101;105;109;200;201;202,97.891;91.392;94.669;81.310;88.320;76.840,-0.6163021664065083,1.0970240868863417,1.9746698037646342,-0.3103933517198351,0.07295627686043696,0.29280189842157106,0.9875419272212683,-1.3019980627171721,-1.9105982076050445,0.05868025107283946,-0.37403456124584983,-0.1980431541587739,59.334,76.378
1764782604.402245,72,101;105;109;200;201;202,97.738;90.848;94.382;80.993;87.495;76.773,-0.6168430887921176,1.0971692997558855,1.9744714129020071,-0.31058195450619663,0.07271321438560259,0.2929048679776472,0.9880648541522972,-1.3021457341709266,-1.9103068776552592,0.05884499541827613,-0.3743125454473852,-0.19783178000671162,59.353,76.401
1764782604.537804,73,101;105;109;200;201;202,97.098;91.042;94.757;80.400;87.234;76.797,-0.6171925457728488,1.0970520007643216,1.9737274611731601,-0.3106599132307241,0.07282134880972763,0.2927657725729419,0.9882838787412574,-1.3021217146137785,-1.9094734092817136,0.058930288323804564,-0.3743146200575881,-0.19775591359542077,59.365,76.419
1764782604.666027,74,101;105;109;200;201;202,97.003;91.072;93.657;81.152;88.370;75.800,-0.6156908816932719,1.0974381421147044,1.9733272668496935,-0.3106749367603206,0.07247022413897769,0.29333948987709985,0.9866864441990054,-1.3026287486804335,-1.9093587056487935,0.05907786451831992,-0.3749258359193231,-0.19732526869604838,59.352,76.398
1764782604.801240,75,101;105;109;200;201;202,97.313;90.571;93.963;80.517;87.708;74.612,-0.6161371820259853,1.0969168347143006,1.9722547054454356,-0.3107232141344306,0.07296302676615593,0.2930421466062793,0.9869314114819822,-1.3022487917300762,-1.9081444172404116,0.05915854696485927,-0.37468402696668385,-0.19754907691046178,59.355,76.411
1764782604.947579,76,101;105;109;200;201;202,98.049;90.640;94.778;80.542;87.882;76.251,-0.6169426093046805,1.0960833012764015,1.97045167067536,-0.31108036087870444,0.07334071909333652,0.29274299765264095,0.9874011536061814,-1.3016495476877674,-1.9060961121242297,0.05936151010565682,-0.3747458850527961,-0.19760793431370813,59.361,76.436
1764782605.101657,77,101;105;109;200;201;202,97.202;92.118;95.179;79.920;89.286;77.309,-0.6165177187100872,1.0959278298540822,1.9716066387900208,-0.3110236956209988,0.07292776578697832,0.29288348581698537,0.9871701768684378,-1.3013484809359885,-1.9073467365280665,0.059224972114083924,-0.3747883944530641,-0.19755154681664538,59.332,76.400
1764782605.243587,78,101;105;109;200;201;202,97.946;91.483;95.095;79.708;88.771;76.708,-0.6174118485181597,1.095588012946898,1.9721693237503186,-0.3108989866349314,0.07306268218682106,0.2925285610180928,0.988176380269244,-1.3008912089844271,-1.9077404907084188,0.059142353188120056,-0.3742991633804601,-0.19781204026963845,59.332,76.404
1764782605.369133,79,101;105;109;200;201;202,97.879;91.258;94.696;80.013;88.736;78.044,-0.6170595730803479,1.0964087025466573,1.9715975647376034,-0.31071714355743224,0.07287973793774959,0.2927277826674013,0.9877397183463135,-1.301800222599336,-1.9072712837279813,0.05933649882338861,-0.37449352318980916,-0.19734375093811724,59.363,76.430
1764782605.500862,80,101;105;109;200;201;202,97.215;91.224;95.006;80.145;88.268;78.038,-0.6165881210924955,1.0963002967442392,1.97228904405833,-0.31068021181136674,0.07303936439384869,0.2926406765871318,0.9873786061993294,-1.301614586333197,-1.9080581250734088,0.05902601416868258,-0.3743188101108244,-0.19764508671221195,59.340,76.403
1764782605.635392,81,101;105;109;200;201;202,97.876;91.268;94.630;81.019;87.827;77.981,-0.616500950179024,1.0961429211385114,1.9738432965287873,-0.31045824594541377,0.07314195866853211,0.2925641104387577,0.9875658247756216,-1.301238445875784,-1.9096572369156926,0.058760865864921824,-0.3738844846539007,-0.19810683717082284,59.314,76.369
1764782605.770597,82,101;105;109;200;201;202,97.921;91.724;94.799;81.051;87.882;77.057,-0.6171094275593416,1.0951461273646097,1.9742518770562272,-0.3106043988977957,0.07339838978695887,0.2922024625158764,0.9882293085660468,-1.3001674512305998,-1.9099013975663865,0.058563447879936364,-0.37353502250466647,-0.19859338251556913,59.284,76.346
1764782605.900048,83,101;105;109;200;201;202,97.570;91.667;94.671;79.999;88.218;77.412,-0.6169856666686332,1.0947744583911445,1.9739225858664093,-0.3106584829266762,0.07378642117619894,0.29209501777173763,0.9880302836217771,-1.2998536210124378,-1.909561731544982,0.0584953643172116,-0.3734042251308975,-0.19891228143124803,59.270,76.337
1764782606.033719,84,101;105;109;200;201;202,97.144;91.660;94.218;80.011;88.604;77.341,-0.6171275185199262,1.0949968023317627,1.974237772231379,-0.31063205957435774,0.07358168437048145,0.29212190434081464,0.988240222257427,-1.300021204636259,-1.909873907530153,0.05849322970283084,-0.3734418719067341,-0.19877449793948254,59.278,76.342
1764782606.172652,85,101;105;109;200;201;202,98.297;92.406;94.262;80.966;88.132;77.254,-0.6167936759672273,1.0954177622479404,1.9758757027541132,-0.31033626563269234,0.07322600405469343,0.2923176226789454,0.9882095692593469,-1.3002149676759645,-1.911641027310784,0.05837836093345397,-0.3733045539609557,-0.19876871433020618,59.268,76.319
1764782606.333349,86,101;105;109;200;201;202,98.031;92.225;94.181;80.661;87.878;78.166,-0.6168287378868086,1.0949986548511546,1.9769479937102192,-0.3102481412182749,0.07322223178403732,0.2921247935881659,0.9884257024994415,-1.2996441681200421,-1.9127067298083014,0.05811425881261906,-0.3729693841969993,-0.19905167805928398,59.240,76.289
1764782606.470956,87,101;105;109;200;201;202,97.436;90.787;93.510;80.742;87.755;78.090,-0.6166325675420422,1.0952277166110889,1.9782949850399847,-0.31009211033722245,0.07283739453000222,0.2923490666243402,0.9884767933244274,-1.2996839627216163,-1.9141382099694977,0.0580700212710296,-0.3729684345046785,-0.19901755487093017,59.228,76.268
1764945612.979555,0,103;104;200,58.441;51.476;83.115,-0.13496448328493285,1.567263282617771,2.6205739660816265,-0.1691771526331947,-0.04270258311064252,0.2003405502196375,-0.5863577017706074,1.561759567373974,2.5503041541222786,-0.13116270387777243,-0.21915510527319634,-0.09429476479439204,61.888,66.296
1764945613.191911,1,103;104;200,58.051;51.817;82.592,-0.13466702481520582,1.5674599295248848,2.6202513538908403,-0.16917724417349794,-0.042715865606617595,0.2002851046041529,-0.5860709378436681,1.5621646042662911,2.550305307614435,-0.13121286862423437,-0.2191362150812783,-0.09418166030613416,61.900,66.305
1764945613.373623,2,103;104;200,57.767;52.421;82.608,-0.13418141044390575,1.5675047082658302,2.620047152660245,-0.1691749952135225,-0.04270995923537883,0.20023885798342525,-0.5856175491106176,1.5624105705470352,2.550445580437894,-0.13127062534219314,-0.21909787974065215,-0.0941053462114247,61.904,66.305
1764945613.690797,3,103;104;200,57.779;51.977;81.612,-0.1339580327861339,1.5677440700983547,2.6201035349803905,-0.169169582156079,-0.04270229264316389,0.2002269932540276,-0.5853473916868832,1.5624426318439648,2.5502760738346884,-0.1313234378183329,-0.21905923777703543,-0.09409339929369953,61.910,66.306
1764945613.928220,4,103;104;200,58.115;51.954;82.715,-0.13440796004733976,1.567783443197576,2.6200293727920836,-0.16918728391952562,-0.04271661353964296,0.20025568913465078,-0.5857838253140676,1.562507018743417,2.550157338550379,-0.13127776159774962,-0.21911984128410864,-0.09410722850931827,61.914,66.315
1764945614.127114,5,103;104;200,57.574;51.626;83.163,-0.1341612914905703,1.567868468486246,2.6198634644679446,-0.16920564403260854,-0.04274725185158656,0.20024365449982476,-0.5855488500428772,1.5627149251733923,2.550194065738995,-0.1313325415043723,-0.2191345592118885,-0.09403850340791292,61.919,66.318
1764945614.319769,6,103;104;200,57.926;51.744;83.456,-0.13395325949530806,1.5679314960628208,2.619731680711616,-0.16921331855732955,-0.04275218613098935,0.20023551378319956,-0.5853513631974168,1.562879224003016,2.550229972110292,-0.13136500755655012,-0.219137176626625,-0.09399777942964238,61.923,66.320
1764945614.484908,7,103;104;200,57.589;52.510;83.182,-0.1338753299521924,1.567968448815779,2.619499781444138,-0.16921077400507184,-0.042747350868865754,0.2001916750824697,-0.5852970922780023,1.5631295295844099,2.550287774657325,-0.13136819524647547,-0.21912183608090977,-0.09393724330689816,61.928,66.326
1764945614.692042,8,103;104;200,58.098;51.615;82.510,-0.13394874866864,1.5678986522329401,2.619435810818246,-0.16922067424348927,-0.04273918385264279,0.20022543248507174,-0.585389713515327,1.5631678050013418,2.550349766971485,-0.13134450315467372,-0.2191621590484041,-0.09395677775236567,61.927,66.327
1764945614.966099,9,103;104;200,57.845;51.851;81.934,-0.1338278225016032,1.5679845636048801,2.6194158381394272,-0.16921165914524516,-0.04271222802919886,0.20021115684392563,-0.585258233041137,1.563222022075827,2.550310949563797,-0.1313548924082667,-0.2191308174515013,-0.09395708998010197,61.930,66.328
1764945615.196428,10,103;104;200,57.836;52.731;83.257,-0.13366192625491655,1.5679641299079334,2.619481560164201,-0.16922379073525992,-0.04271666610437715,0.20023349214953046,-0.5850937388975528,1.5631575582666073,2.550348065586669,-0.13138510605100417,-0.21913926369499487,-0.09397090628185774,61.927,66.323
1764945615.389638,11,103;104;200,58.039;51.693;82.034,-0.13376898684057342,1.5680505559122708,2.619429178306399,-0.16921273191578784,-0.042691510394035535,0.20019829689429813,-0.5851866704416637,1.5632329196444124,2.5502642173618297,-0.1313688034557971,-0.21910371652492608,-0.0939662447780773,61.931,66.328
1764945615.554432,12,103;104;200,58.105;52.255;81.796,-0.133530942561989,1.5682689843428865,2.6192430662601898,-0.16920504232348027,-0.04268601468623243,0.2001871200637634,-0.5849360798661731,1.563503891778587,2.550190249452111,-0.1314002243669069,-0.21909775534670542,-0.0939096853492183,61.941,66.335
1764945615.694877,13,103;104;200,57.759;52.732;82.131,-0.13357504556032443,1.5681736730411255,2.6190857286239435,-0.16919064493942962,-0.04267503926913226,0.20015704755629887,-0.5850167691547208,1.5636298227036316,2.5503097156055916,-0.13136436317027697,-0.21908973812120028,-0.09388030296946423,61.941,66.337
1764945615.853462,14,103;104;200,58.427;51.927;82.863,-0.13357351511172108,1.5681182955257762,2.619276489014553,-0.16921686179026446,-0.04271478763260409,0.20020373361428503,-0.5850028897712244,1.5634192078458722,2.5502993855201774,-0.13139657155317574,-0.21912946491209262,-0.09391104647179287,61.936,66.331
1764945615.979241,15,103;104;200,58.475;51.925;83.207,-0.1338745859261434,1.5681296460161143,2.6193822927096932,-0.1692405425157358,-0.04272754771428909,0.200235220342796,-0.585278959068601,1.563300421262597,2.5501853336611813,-0.13138537121691674,-0.21916408903217155,-0.09395476259674217,61.935,66.333
1764945616.133042,16,103;104;200,58.296;51.606;83.872,-0.1341072817640765,1.5681279645420048,2.6193098054021817,-0.16925944758549705,-0.04279514098630113,0.20026008425238412,-0.5855132597953343,1.563361101586727,2.550153290907339,-0.13137957219237845,-0.21923878974046734,-0.09391404199980742,61.937,66.338
1764945616.351565,17,103;104;200,58.391;51.500;83.526,-0.13443291320677872,1.568089353399455,2.619406827592303,-0.16926646959555533,-0.04280422154264879,0.2002782893912538,-0.5858239639038038,1.5632337035014945,2.5500789117233373,-0.1313467789487413,-0.21926182371477662,-0.09395122338818966,61.935,66.339
1764945616.549054,18,103;104;200,57.752;50.907;81.137,-0.13398521588981296,1.5677166047352598,2.619861023543099,-0.16925363448627034,-0.04279313439380969,0.20030616888104252,-0.5854088120537188,1.5626773589005423,2.550367411292877,-0.1313787273195271,-0.21921446049387733,-0.09404019621095382,61.913,66.312
1764945616.702978,19,103;104;200,56.991;51.597;82.072,-0.13458530824239187,1.5675066735481697,2.6202403315557254,-0.169258583489248,-0.04278773999969871,0.20035247840937026,-0.585984045593331,1.5621951156359704,2.5502880885155137,-0.1313033028935744,-0.21923518828824504,-0.09417052001949551,61.901,66.305
1764945616.889436,20,103;104;200,57.792;50.817;81.195,-0.13494904824696952,1.5671838958199438,2.620404627014919,-0.16925849766976528,-0.042791561120964994,0.20040887042184122,-0.5863792995056257,1.5619057058585906,2.5504279355438273,-0.13122382682568134,-0.2192901417592247,-0.09425078019043441,61.889,66.298
1764945617.061873,21,103;104;200,57.773;51.219;83.450,-0.1350455994029623,1.5672590507408257,2.620116902860049,-0.1692669585425387,-0.042804159774650435,0.2003959709977659,-0.5864932374303269,1.5622156902529223,2.55042837885571,-0.13121112958711,-0.21932451624335828,-0.09418938798404508,61.897,66.309
1764945617.248639,22,103;104;200,58.474;52.129;82.998,-0.13490731620544275,1.5674825732078,2.620076020138882,-0.16927586801210545,-0.04279522714431038,0.20039860396031525,-0.5863203894091567,1.5623365789810233,2.550281999448429,-0.13125286587215002,-0.2193161970233071,-0.09417751242680039,61.904,66.313
1764945617.416490,23,103;104;200,57.887;52.529;82.733,-0.13475109099991078,1.5675394441157273,2.6197958210600887,-0.16927810484981598,-0.04278682354500034,0.20037792265389695,-0.586192525682906,1.562646207701718,2.550356317931228,-0.1312611006023801,-0.21932242680967898,-0.09411779026969969,61.911,66.320
1764945617.569565,24,103;104;200,57.961;52.282;82.082,-0.1346858616445078,1.5678323066875945,2.619640836865067,-0.1692826423022952,-0.042780738488418464,0.20038151119216538,-0.586090644825345,1.5629009738138429,2.550167705361839,-0.13128810463275883,-0.21933125265830186,-0.09408297921775848,61.923,66.330
1764945617.726717,25,103;104;200,57.783;51.751;83.120,-0.13463039735087082,1.5680088537257126,2.6194685175391643,-0.1692807926319219,-0.04278380060850992,0.2003411889287564,-0.5860232982375708,1.5631350844773069,2.550081961343367,-0.13130930460464652,-0.21931157156822098,-0.09402299551602115,61.932,66.338
1764945617.885270,26,103;104;200,58.117;51.930;82.550,-0.13450133282260338,1.5681160016759028,2.6193595884459717,-0.16927743087744135,-0.042775212590977676,0.2003071294282299,-0.5858906763074556,1.5632865071897302,2.5500540709465414,-0.1313314139459778,-0.2192827220395439,-0.09398515820163246,61.937,66.342
1764945618.027751,27,103;104;200,58.528;51.750;83.004,-0.1345077297393164,1.5681739302447941,2.619373850778629,-0.1692839863878898,-0.04277882368371909,0.20031029833063083,-0.5858836752316466,1.5632904911895695,2.5499983969555027,-0.13134381348449767,-0.21928453893363897,-0.0939861379987023,61.938,66.343
1764945618.282040,28,103;104;200,58.262;52.072;82.113,-0.13430059974990707,1.5681327197720738,2.6193984648989623,-0.16927179913929133,-0.042737686371813174,0.20029608196438564,-0.58568844943901,1.5632630345559568,2.550075860913139,-0.13134879480442313,-0.21924098874745798,-0.09400617462368444,61.936,66.338
1764945618.528484,29,103;104;200,58.517;51.675;81.027,-0.13394672771723085,1.568237116734991,2.619277194337858,-0.1692568466477663,-0.042720769186085514,0.20025954192452936,-0.5853404082284559,1.5634376463773476,2.5501078379966975,-0.13138539584216913,-0.21919716989043356,-0.09395679701617389,61.941,66.339
1764945618.726439,30,103;104;200,58.054;51.545;82.797,-0.13435331572441697,1.5681774549395657,2.619365902222923,-0.16927796589922117,-0.042736212173725155,0.2003224284448371,-0.5857346008606917,1.5633076712861838,2.5500347524833735,-0.13134223710863646,-0.21926898772670364,-0.09401526089513093,61.938,66.341
1764945619.068642,31,103;104;200,57.687;52.318;82.114,-0.13435153300701347,1.568116330417994,2.6190846636623997,-0.16928780956722336,-0.04273304842881908,0.2002945091320504,-0.5857794288130018,1.56357222040633,2.5501736419283088,-0.13132954612937642,-0.21928242710541054,-0.09396366520051859,61.941,66.347
1764945619.268324,32,103;104;200,57.786;52.326;81.804,-0.13429503410111984,1.5679286465016204,2.619032194888582,-0.16929976071017852,-0.042732409907523576,0.20029947414027943,-0.5857682557102026,1.5635674834488529,2.5503645118979588,-0.13132282212668894,-0.21929834356506697,-0.09396669259481646,61.936,66.343
1764945619.495810,33,103;104;200,58.300;51.879;84.118,-0.1344875308838872,1.5678704853718342,2.6193190251539566,-0.16931485083825915,-0.042726719959825785,0.20031287218413008,-0.5859307815568343,1.563248812515158,2.5502807727614543,-0.1313245499566133,-0.21928186503203936,-0.0940447245997599,61.929,66.337
1764945619.688646,34,103;104;200,58.712;52.242;82.823,-0.13446283792758917,1.568009032219572,2.619380430131923,-0.169322469182656,-0.04272690101449362,0.20033287483792142,-0.5858720054595742,1.56323285326799,2.550148845863856,-0.13134823478087504,-0.2192869851327937,-0.09405894836356504,61.933,66.338
1764945619.885679,35,103;104;200,58.445;52.384;83.033,-0.1341994092183416,1.5678547665547369,2.6194756230691465,-0.16932078701788988,-0.04270110968136894,0.2003332076642856,-0.5856359685266926,1.5631004121372911,2.550315357218357,-0.1313643712317264,-0.2192568115756082,-0.09409025025013189,61.925,66.328
1764945620.032311,36,103;104;200,57.633;51.450;83.308,-0.13430214607343685,1.5677305616503454,2.6194851912548023,-0.16933316511453295,-0.042711001077698485,0.2003438991505333,-0.5857586885224979,1.5630452361002527,2.550394589753651,-0.1313509051943616,-0.21927920324623953,-0.09410297867052932,61.921,66.326
1764945620.205210,37,103;104;200,57.895;52.214;82.951,-0.13404960134435323,1.5676878923126127,2.619527611039588,-0.16933881820583713,-0.04270122744226907,0.20033344689006513,-0.585517608294819,1.563001634118349,2.550478702228434,-0.13138690197076572,-0.2192517029599929,-0.09410571551462298,61.919,66.321
1764945620.360718,38,103;104;200,57.630;52.441;83.319,-0.1339311297342985,1.5675643700467317,2.6196191275103606,-0.16934527693533796,-0.04270133522336624,0.20032200616342286,-0.585416156179053,1.562875300614232,2.55058518785861,-0.13140560267930573,-0.21922979670069712,-0.09411884047390962,61.913,66.314
1764945620.550121,39,103;104;200,58.199;52.135;83.785,-0.13372293471816554,1.567860679816965,2.619448059178101,-0.1693506628687594,-0.042718308288413304,0.20028340989748833,-0.5851772545351334,1.5631548030677407,2.550432640060693,-0.13146813526495965,-0.21920881060427577,-0.09403797238284423,61.925,66.322
1764945620.731090,40,103;104;200,58.491;51.473;82.713,-0.13357667697978798,1.5680730885298122,2.619217921366429,-0.16934807541683145,-0.042720578616149765,0.200268909810187,-0.5850220216232057,1.5634636174099097,2.5503553881868495,-0.13149171817857208,-0.2192138399813718,-0.09397254888544977,61.935,66.332
1764945620.910871,41,103;104;200,58.268;52.319;84.145,-0.1338189271593477,1.5679562033976866,2.6192844700697346,-0.16935343284747217,-0.04272216590578265,0.2002839129114751,-0.5852712988725104,1.5633460660594418,2.550377612663651,-0.13145621534047255,-0.2192333905091273,-0.09400800686270934,61.931,66.330
1764945621.075551,42,103;104;200,58.189;52.080;82.908,-0.13380732508436854,1.5678192829089979,2.619365968272544,-0.16935313261636542,-0.04270384382169599,0.20029339575780128,-0.5852771056779751,1.563220013074805,2.5504731499813684,-0.1314423998905393,-0.21922639875429173,-0.09404665506241897,61.925,66.325
1764945621.253287,43,103;104;200,58.175;51.602;83.500,-0.13314873035358937,1.5679750597338902,2.6194000508029864,-0.1693393559952011,-0.04268208966875455,0.2002257746506237,-0.584605064751909,1.563269875478748,2.5504861737891655,-0.1315429424079233,-0.2191190865820639,-0.09399899936493786,61.928,66.318
1764945621.422045,44,103;104;200,57.519;52.268;83.521,-0.13332750687970832,1.567908961602932,2.6197536150835923,-0.16932627321131552,-0.04261744453403581,0.200276388871424,-0.5847478591431563,1.5628820260981737,2.5503921380366457,-0.13149859941406855,-0.21909511260398506,-0.09414235411169411,61.920,66.310
1764945621.576380,45,103;104;200,57.113;52.482;82.856,-0.1331035183308776,1.5681125543521408,2.619181725252605,-0.1693066511913763,-0.04254937077847796,0.2002493572980749,-0.5845608753828971,1.5635373038010922,2.5504455329998104,-0.1314720557346895,-0.21909533325672173,-0.0940613430743156,61.936,66.327
1764945621.758257,46,103;104;200;202,57.658;52.001;84.654;74.634,-0.13499201972694716,1.5661358287570526,2.6203215453549245,-0.1690909085692379,-0.04254086055061694,0.2002254864666814,-0.5866380856367235,1.5616474526870838,2.5513433900624656,-0.13093222358984136,-0.21903743974575762,-0.09435813369649808,61.856,66.276
1764945621.933337,47,103;104;200,57.172;51.376;83.932,-0.134988370527405,1.5669288317992707,2.619737522936914,-0.16914633142144475,-0.04252689886201727,0.20023850173523522,-0.5865498229115561,1.562494965271433,2.5508419621554146,-0.1310100162088199,-0.21909902418844449,-0.09425900471101857,61.893,66.310
1764945622.089737,48,103;104;200,57.740;51.074;84.257,-0.1345359721699674,1.5674707340874567,2.6194577897506255,-0.16917507773068607,-0.04249448324420918,0.2002397721458682,-0.5860395403942227,1.5629766988642875,2.550570288100002,-0.13111634382702347,-0.21908880227288716,-0.09420245521186611,61.914,66.324
1764945622.207498,49,103;104;200,57.666;50.930;84.094,-0.1343044733327286,1.5677735981549406,2.6192083676181994,-0.1691956455941973,-0.042468074957480346,0.20022923291932215,-0.5857863949075109,1.5633387882795382,2.5504416818223863,-0.13117060827407245,-0.21908274159006377,-0.09415973814514143,61.928,66.335
1764945622.357905,50,103;104;200,57.141;51.337;83.302,-0.13432159648323022,1.5681952404374946,2.618887154635468,-0.16921131308851772,-0.042454092783316556,0.20022898032823855,-0.5857591007391666,1.5637989020438694,2.5501732997471005,-0.13119620872078713,-0.2191065516766976,-0.09410364465814755,61.947,66.354
1764945622.523515,51,103;104;200,57.160;50.665;84.582,-0.13426838418137754,1.5682403239379894,2.618788324818798,-0.16922568711668637,-0.042443773708672104,0.20021153271713782,-0.5857108291451475,1.563916123965751,2.550177454163166,-0.13121470649683376,-0.219097295562752,-0.09408872018162837,61.951,66.356
1764945622.722951,52,103;104;200,57.502;51.135;84.090,-0.13395100304712668,1.568355847994558,2.6188220206020905,-0.1692292880421706,-0.04241364875617678,0.20020912482900918,-0.5853768288661028,1.5639358294295593,2.5501437839107743,-0.13126446310574982,-0.21906046615972172,-0.09409943490378003,61.953,66.354
1764945622.905962,53,103;104;200,57.232;52.417;84.065,-0.13379093705471548,1.5684261665641108,2.618915992570109,-0.16923887043255642,-0.042399893707723395,0.20023118083637964,-0.5851965959597809,1.5638718399271767,2.550092914921112,-0.13129813988243372,-0.21905351333939702,-0.09412876953171802,61.953,66.351
1764945623.073730,54,103;104;200;202,57.339;51.532;83.607;74.879,-0.13547703523644278,1.566250396602857,2.6201406921848744,-0.1690147038316405,-0.04240095310777109,0.20015389730539052,-0.5871069104609228,1.5618420655255412,2.5511841234102106,-0.13077969602795447,-0.2189392621645167,-0.09440600221339349,61.864,66.290
1764945623.261437,55,103;104;200;202,57.253;51.796;83.790;75.055,-0.13698866952757854,1.5645136748108064,2.6212039198988233,-0.16887547216441362,-0.04241758853542578,0.20017369780595767,-0.5887808700192664,1.5601239173802977,2.5519858095719288,-0.13037081825324187,-0.21892606309761717,-0.09468438723813544,61.793,66.242
1764945623.451645,56,103;104;200;202,57.298;52.045;83.842;78.498,-0.13762876649150543,1.5634284483733973,2.6219936053997235,-0.16874897309551204,-0.042406616358722685,0.20011988035142292,-0.5895164463319912,1.5589386741563322,2.5525199472954574,-0.13013942792482436,-0.2188162877090651,-0.09484152644527447,61.745,66.204
1764945623.629489,57,103;104;200;202,57.277;52.382;83.253;78.555,-0.13810493109072305,1.5625359882163334,2.6226586184081246,-0.16865065335602708,-0.042387005327591445,0.20011207660364952,-0.5900705958458319,1.5579503368850574,2.552965643465651,-0.12994904046871003,-0.21874921013956308,-0.09499653288388726,61.705,66.172
1764945623.807115,58,103;104;200,57.399;52.592;82.813,-0.13712725418638536,1.5643926417717844,2.621891573720746,-0.16880640934707938,-0.04235555224378741,0.20015793365571316,-0.5888532590415043,1.5593828199402961,2.5518447380269675,-0.13031985988814193,-0.21879528820317085,-0.09483635905906052,61.777,66.223
1764945623.965755,59,103;104;200;202,57.514;52.084;83.718;77.177,-0.13723580847632433,1.563427537036022,2.6226376419275685,-0.1687013350796347,-0.04234774096121663,0.2000797566492319,-0.5890563353772446,1.5583090483050304,2.552416747224036,-0.13019086801360652,-0.2186487428611922,-0.09494964632708666,61.732,66.182
1764945624.130581,60,103;104;200;202,56.937;52.606;84.211;77.078,-0.13785687881540384,1.5628209831374649,2.6233485881574805,-0.16861176564106337,-0.04233041582896884,0.20002782001721334,-0.5896879647533011,1.5573604413879472,2.5525678249053874,-0.1300357828690375,-0.21853641077355096,-0.09509073200371934,61.701,66.158
1764945624.297415,61,103;104;200;202,56.952;52.349;83.960;77.609,-0.138653198306421,1.5622441431714948,2.623428608156326,-0.16854477595973097,-0.04233196949897643,0.1999688654724486,-0.5905618935298843,1.5570485671824619,2.552845645724754,-0.1298394453002415,-0.21851709528799654,-0.0951190964958984,61.683,66.153
1764945624.570764,62,103;104;200;202,57.347;52.022;83.951;78.552,-0.1393615329166475,1.5617405106505768,2.623382405943961,-0.16851262371471584,-0.042351541128628684,0.20002890897278425,-0.5913522664269981,1.556892299287357,2.5531206110194837,-0.1296555913832487,-0.21862462492864956,-0.0951639586985937,61.670,66.152
1764945624.751215,63,103;104;200;202,57.228;52.098;83.580;76.475,-0.13940603299335377,1.5614004965812764,2.6235244349907862,-0.1684974615771774,-0.04236369342957087,0.20007067610604687,-0.5914449069993678,1.5566351036235766,2.5533574257292884,-0.12960485655820292,-0.21865879601494978,-0.09520679030502822,61.656,66.141
1764945624.904318,64,103;104;200;202,57.151;52.328;83.516;80.497,-0.1393532791595765,1.5613504603630086,2.6237244984001395,-0.16847480040037346,-0.04236024223416339,0.20002782584429676,-0.5913786409208176,1.5564196666699808,2.5533511433365748,-0.12961243142501222,-0.218590680088554,-0.09521826978467088,61.651,66.134
1764945625.076236,65,103;104;200;202,57.943;52.173;84.460;80.596,-0.13960374703768058,1.5611348684610897,2.623505524396155,-0.1684666643673244,-0.04237230595056413,0.2000467467366799,-0.5916911607743159,1.556556409026047,2.553543181865104,-0.1295324414661089,-0.21865676320748254,-0.09519653384897256,61.648,66.138
1764945625.254723,66,103;104;200;202,58.027;52.132;82.746;77.398,-0.13959235823473662,1.561023330872285,2.6234248556942146,-0.16845312429670428,-0.042371563026347286,0.20005056464361903,-0.5917124868770182,1.5566017974430022,2.5536665406652435,-0.12950241203628576,-0.21867145540694324,-0.09518395876175006,61.646,66.137
1764945625.413704,67,103;104;200,58.063;52.381;82.585,-0.13851910465637532,1.5630459784132438,2.6222241984276216,-0.1686654491763891,-0.04238664529516861,0.2001414085521209,-0.5904242973263409,1.558533586379867,2.5525622412191282,-0.1299195547576976,-0.21883343172801106,-0.09493679251283522,61.731,66.202
1764945625.594330,68,103;104;200;202,58.005;51.216;82.908;76.475,-0.13892634734095088,1.5625330696067576,2.6225358367339306,-0.16859484350442958,-0.04236846114483545,0.20009631754555568,-0.5908807159734821,1.558029518727641,2.552807720685296,-0.12978413386691962,-0.21876888420108206,-0.09500430473987824,61.709,66.187
1764945625.760979,69,103;104;200,57.704;51.697;82.180,-0.13786164832304468,1.5642686846898621,2.6213669120705223,-0.16876904504896048,-0.042360299313746304,0.20016357731059994,-0.5896532998755508,1.5598332582718086,2.5519356721025046,-0.13013894318211922,-0.21889916874775137,-0.09477113560422493,61.784,66.244
1764945625.919666,70,103;104;200,57.614;51.913;83.946,-0.13681903693000538,1.5653914018789452,2.6207980102612427,-0.16891784603114499,-0.042409642150946086,0.20026185150143047,-0.5884934390238458,1.5608285448089587,2.551397779800985,-0.1304610675751064,-0.21902253873502656,-0.09462490635795275,61.828,66.271
1764945626.046019,71,103;104;200,57.400;51.730;84.524,-0.13620395065658272,1.5663159824021986,2.620457361244736,-0.1690234111408076,-0.04244689128194639,0.20030658734422022,-0.5877578366828919,1.5615053931594365,2.550856192206649,-0.13069963845579824,-0.21908192121520664,-0.09452070557941408,61.863,66.294
1764945626.205889,72,103;104;200,57.797;52.277;83.719,-0.13567202134290401,1.566747867556745,2.6204056731184298,-0.16908791499451425,-0.04245052263113588,0.2003311497026974,-0.58716442557938,1.5617256018379635,2.5506288109325514,-0.13085947960138467,-0.21908427213010204,-0.09449724087452967,61.876,66.298
1764945626.419497,73,103;104;200,58.187;50.883;84.378,-0.1347809766434343,1.5672885371765881,2.619950638452014,-0.16913234863499027,-0.04250273935084721,0.20031084837004948,-0.5862519485798187,1.5624069843932509,2.55051735166366,-0.1310501377103055,-0.2191018747711181,-0.09431453506866594,61.900,66.310
1764945626.587718,74,103;104;200,58.186;52.075;82.992,-0.13490066850456614,1.5674578907274315,2.6197178605051503,-0.1691879278190037,-0.04256214590996594,0.2003836357992761,-0.5863628893830046,1.5626907969352832,2.550414416209041,-0.13108140979113228,-0.21922964068132736,-0.09427244662566418,61.910,66.322
1764945626.762287,75,103;104;200,57.594;51.961;83.431,-0.13507248859290683,1.5676454263888757,2.6195414067637848,-0.16922727909272067,-0.04259334315843408,0.20043271717938807,-0.5865137281831855,1.562920855256173,2.550266075534707,-0.13109627827047826,-0.21931574177016186,-0.09425011897141687,61.920,66.334
1764945626.965207,76,103;104;200,56.849;51.486;81.834,-0.13547176082838072,1.567820281311524,2.6195552564045728,-0.16925450143700208,-0.04257964690794015,0.2004593765197754,-0.5868636112780965,1.562942609294386,2.5500158670765662,-0.13107926447457582,-0.21934475645360588,-0.09429710362718034,61.926,66.343
1764945627.302354,77,103;104;200,57.340;51.163;82.832,-0.13503639091118147,1.5675956323042892,2.6197127042486117,-0.1692556792725144,-0.042550950911615724,0.20041206165756506,-0.5864675782868695,1.5627335341425383,2.5502651213472993,-0.13112961192301306,-0.21925908103206812,-0.09431816377888559,61.915,66.328
1764945627.500062,78,103;104;200,57.422;52.100;82.786,-0.13493360926139814,1.5677261796233757,2.619862791077592,-0.16928516412290837,-0.042546275857722,0.2004664316918563,-0.5863239236152422,1.5626294924747621,2.5501316644124974,-0.1311787550215877,-0.21928018280271558,-0.09437029693699765,61.916,66.325
1764945627.701326,79,103;104;200,57.699;51.786;82.780,-0.13465142721721648,1.567661544709037,2.620022848138396,-0.16929209563073686,-0.04253435537597684,0.2004638973888669,-0.5860441307393672,1.5624615328311782,2.5502057946591967,-0.13122408614755343,-0.2192430317892203,-0.0943985594663444,61.910,66.316
1764945627.859710,80,103;104;200,57.761;51.960;82.608,-0.13449735190096193,1.5674746754999866,2.619998615645803,-0.16929217307377187,-0.04251491912689704,0.2004909704796352,-0.5859349936320224,1.562433517811872,2.5504106480615674,-0.1312097895710993,-0.21926032196926062,-0.09442190822050381,61.904,66.310
1764945628.018905,81,103;104;200,57.599;51.571;81.364,-0.1343802700517717,1.5674698287305229,2.6201663870280174,-0.1692988668257877,-0.042496916093451305,0.20052692321418067,-0.5858021200597127,1.5622685197582202,2.550391459300426,-0.1312287688232096,-0.219257743038187,-0.09447763683807256,61.901,66.303
1764945628.164838,82,103;104;200,57.467;51.771;82.882,-0.13452972167876173,1.5674057860205932,2.62015138395368,-0.16930708384013102,-0.042499721551825846,0.20051089455851126,-0.5859611329482816,1.562255191163831,2.550415307992983,-0.1312150988136646,-0.21925609237613042,-0.09447946836297758,61.899,66.304
1764945628.399425,83,103;104;200,57.547;52.243;84.081,-0.13473022661051626,1.567461882219281,2.620173948944782,-0.16932984367659937,-0.04251854191614457,0.20052455181646917,-0.5861411833377664,1.5622401514159892,2.5503122029804444,-0.1312199424752488,-0.21928307272187839,-0.09448910425651909,61.901,66.308
1764945628.619897,84,103;104;200,57.150;51.996;83.248,-0.1346143295862235,1.567995370016646,2.6198352322464213,-0.16932827740742729,-0.0425417620732469,0.20047641698625387,-0.5859653909976926,1.562761018011939,2.5499852609587133,-0.13127956364718105,-0.21927387825317227,-0.0943616499863709,61.925,66.328
1764945628.800571,85,103;104;200,56.680;51.342;81.778,-0.13428563430045592,1.5680022731360108,2.6199601172336884,-0.1693256038438324,-0.04252284509357159,0.20049333967139907,-0.5856308456945334,1.5626541161062342,2.5500197790466212,-0.13131906725760276,-0.21924966627750814,-0.09438848046929196,61.922,66.320
1764945629.033274,86,103;104;200,57.484;51.305;85.123,-0.13469019629158935,1.567977167952613,2.6199488589139395,-0.1693573564154621,-0.0425621962323675,0.2005425261470961,-0.5860283915140383,1.5626363895569997,2.5499479790500668,-0.13129170638584395,-0.21933372008530413,-0.09440625738212186,61.922,66.326
1764945629.227052,87,103;104;200,57.391;51.311;84.192,-0.13521477214254046,1.5678513017893843,2.6202215365437507,-0.16936440844991535,-0.04256771883766743,0.20050805489047555,-0.5865269163590671,1.5622929019905467,2.549847024779964,-0.13125256872668198,-0.21929716554909714,-0.09446970073289455,61.915,66.323
1764945629.422639,88,103;104;200,56.843;52.360;84.092,-0.13568700418554547,1.5681599630711192,2.6200533812892557,-0.16938374685197813,-0.04255860247854108,0.2005296035027754,-0.5869431459986694,1.5625379408822073,2.5495200963640436,-0.13122081421233905,-0.21934519285966456,-0.09447393003955722,61.929,66.341
1764945629.615928,89,103;104;200,57.664;51.231;82.650,-0.13606336939635044,1.5681815865617261,2.620162135457259,-0.16938709555697498,-0.04255898711715966,0.200548796315259,-0.5872892521478248,1.5624153500235671,2.5493779564289447,-0.13118257870765837,-0.21936313954416528,-0.09451940629718121,61.929,66.344
1764945629.794442,90,103;104;200,58.142;51.203;82.410,-0.13552155856952172,1.568117018492346,2.620279105455087,-0.1693737014502782,-0.04253061493821992,0.20054225216164157,-0.5867638772737027,1.562304678605037,2.54952761443735,-0.13123476193102657,-0.21930731186540928,-0.09453185713476633,61.923,66.332
1764945629.982763,91,103;104;200,57.209;50.458;83.394,-0.13482727639306807,1.568339334491941,2.620048951877099,-0.16937873929377936,-0.042592000297499544,0.2004665731743889,-0.5860771124707285,1.5626452348168982,2.5495733792129722,-0.13136797781202025,-0.2192650067860874,-0.09436741579754002,61.933,66.334
1764945630.117560,92,103;104;200,57.720;51.675;82.315,-0.13445805262106253,1.568335500105021,2.6197542302501695,-0.1693673569544159,-0.042619664236928416,0.2003855949001092,-0.5857570628871708,1.5629609334236898,2.5497551739803628,-0.1314093871519727,-0.21922901810123516,-0.09423767926581164,61.937,66.336
1764945630.238508,93,103;104;200,57.000;51.122;84.714,-0.13477550677180214,1.568299995988398,2.6200111309802305,-0.16937910268971723,-0.04261404098426036,0.20036672755023177,-0.5860394779618207,1.5626734212433775,2.5496311394558755,-0.13140108147765547,-0.21919215801032074,-0.0943014907555495,61.932,66.333
1764945630.370934,94,103;104;200,56.462;51.616;84.458,-0.13496122643807923,1.568575500687628,2.6197300697125194,-0.16940192941778945,-0.04265862313581304,0.20035469362485261,-0.5861991562091728,1.56303674628081,2.5494358765383662,-0.13141997344191247,-0.21924043249504563,-0.09421594263390615,61.946,66.349
1764945630.527261,95,103;104;200,57.586;51.498;83.785,-0.1349970923137509,1.5684035375469343,2.619909150654905,-0.169401949236691,-0.04262386955981094,0.20030733555399977,-0.5862457911502198,1.5627983884154322,2.5495203018560897,-0.13141572137010665,-0.21916648273796915,-0.09426661411764233,61.938,66.341
1764945630.747328,96,103;104;200,57.604;51.079;83.587,-0.13499484276261808,1.5681144200065698,2.6202085293252417,-0.16940323990955464,-0.04259196028297489,0.20030106266078646,-0.5862639134245157,1.5624025997937943,2.5496776608439444,-0.1314047055274076,-0.21911655430764576,-0.09435603004786622,61.923,66.326
1764945630.921393,97,103;104;200,57.895;52.281;83.996,-0.13587589012126483,1.5681048283131789,2.6204429694443174,-0.16941891378783608,-0.04259245101489765,0.2003373726081874,-0.5870885550727033,1.5621166780810545,2.549402963084778,-0.13131702737645284,-0.21915631827157653,-0.09446139902718807,61.921,66.332
1764945631.077643,98,103;104;200,57.719;51.633;85.357,-0.13649095770014,1.5682086716787798,2.6205620456924414,-0.1694328885714876,-0.04262099920530048,0.20035964951322782,-0.5876476844205363,1.56199769397937,2.5491296937523673,-0.1312748818462956,-0.21919725641844665,-0.09449865084378674,61.924,66.340
1764945631.242739,99,103;104;200,57.009;52.573;83.344,-0.13598128495143805,1.5679352389353516,2.6205602500100014,-0.16942858617855497,-0.04259792558951275,0.20034041186339516,-0.5872094797746367,1.5619378464043967,2.549487436396052,-0.13130561432443638,-0.21915722027717158,-0.09449469260724,61.913,66.327
1764945631.412749,100,103;104;200,58.259;52.563;85.462,-0.13594900829743034,1.567943762094269,2.620635494696262,-0.16942996117533773,-0.042594579406146735,0.20034532413609382,-0.5871673056581558,1.5618662951819853,2.549464824956473,-0.13131552399842888,-0.21914877823105122,-0.09451116333242346,61.912,66.324
1764945631.580989,101,103;104;200,57.722;51.954;84.260,-0.13629005958696458,1.5680669248592496,2.6207086382737326,-0.16943680519717125,-0.04259513655254644,0.20036263287586045,-0.5874634789439699,1.5618143634479338,2.549254802796287,-0.1312929604764672,-0.2191655010809571,-0.09454469144485539,61.916,66.330
1764945631.745567,102,103;104;200,56.805;51.899;82.590,-0.1365426395580662,1.567841313026441,2.620836661746523,-0.16943616388122132,-0.04257002703228059,0.2003914600961756,-0.587736357392912,1.5615988091169135,2.549348691188827,-0.13123330657341314,-0.21917968432107315,-0.09462177013471533,61.907,66.325
1764945631.890616,103,103;104;200,57.238;51.089;82.099,-0.13537276200991014,1.5676752073805695,2.620281712857663,-0.16940017357240844,-0.04254128984684936,0.2002442968835029,-0.5867070465424521,1.5621668894263607,2.5499420066734317,-0.13131750558805744,-0.2190626478481279,-0.09442513837808947,61.908,66.319
