#{"config": {"calib_path_resolved": "/Users/Andreas/Desktop/ptl24_marker/common/calib/calib_c920_1280x720.yaml", "cli_overrides": ["camera", "config", "debug_metrics", "ekf", "ema_alpha", "extrinsics", "fps", "height", "hud", "print_tilt", "rig", "save_poses", "use_weighted_se3", "video", "width"], "config_path": "/Users/Andreas/Desktop/ptl24_marker/phase_b/config.yaml", "extrinsics_path_resolved": "/Users/Andreas/Desktop/ptl24_marker/common/extrinsics/T_WC_c920_1280x720.yaml", "rig_path_resolved": "/Users/Andreas/Desktop/ptl24_marker/phase_b/rigs/cyl_dotec.yaml", "runtime": {"bench": {"print_every": 60}, "fuse": {"axis_len_m": 0.1, "ema_alpha": 0.25, "use_weighted_se3": true}, "health": {"max_tilt_jump_deg": 15.0}, "hud": {"enabled": true}, "logging": {"debug_metrics_csv": "phase_b/v2/debug_dotec_c920_720p.csv", "poses_csv": "phase_b/v2/poses_dotec_c920_720p.csv"}, "ransac": {"A_ref_px2": 12000.0, "adaptive": false, "base_rot_deg": 5.0, "base_trans_m": 0.05, "min_inliers": 3, "rot_max_deg": 5.0, "trans_max_m": 0.05}, "video": {"device": "0", "fps": 30.0, "height": 720, "width": 1280}}, "yaml": {"bench": {"print_every": 60}, "fuse": {"axis_len_m": 0.1, "ema_alpha": 0.3, "use_weighted_se3": true}, "health": {"max_tilt_jump_deg": 15}, "hud": {"enabled": true}, "logging": {"debug_metrics_csv": "phase_b/debug_metrics.csv", "poses_csv": "phase_b/poses.csv"}, "ransac": {"A_ref_px2": 12000, "adaptive": false, "base_rot_deg": 5, "base_trans_m": 0.05, "min_inliers": 3, "rot_max_deg": 5, "trans_max_m": 0.05}, "video": {"device": 2, "fps": 30, "height": 1080, "width": 1920}}}, "files": {"camera_calib": {"path": "/Users/Andreas/Desktop/ptl24_marker/common/calib/calib_c920_1280x720.yaml", "sha256": "573557a42826c5380bc3867f2f28b81a7f2be3c4fe86e1273e5a2173b39064b9"}, "config": {"path": "/Users/Andreas/Desktop/ptl24_marker/phase_b/config.yaml", "sha256": "9c664548f0c4998345c599764857540af456008cc4bf230d90b575c908eaec28"}, "extrinsics": {"path": "/Users/Andreas/Desktop/ptl24_marker/common/extrinsics/T_WC_c920_1280x720.yaml", "sha256": "277bbcc38f32afb31f41ecb04e2b07da41211799d8d67942ddf0073810bc1809"}, "rig": {"path": "/Users/Andreas/Desktop/ptl24_marker/phase_b/rigs/cyl_dotec.yaml", "sha256": "f0fd590bf211070dbb1b2c6b32f4041175f33703203978255bdee60a8b77b6ef"}}, "git_commit": null, "timestamp": 1766251439.63643}
timestamp,frame,used_ids,decision_margins,rvec_cam_x,rvec_cam_y,rvec_cam_z,tvec_cam_x,tvec_cam_y,tvec_cam_z,rvec_world_x,rvec_world_y,rvec_world_z,tvec_world_x,tvec_world_y,tvec_world_z,tilt_cam_deg,tilt_world_deg
1766251439.822580,0,101;102;103;104;200;201;202,31.945;70.488;68.322;55.196;72.928;64.261;74.689,0.23680514604366207,-1.3267764877051202,-0.4904114297862645,-0.9749501578491135,0.8016180983685681,0.41722265084436094,0.19137053035634416,-0.9868301117181643,1.4332675127633188,0.7018563252258058,1.146662917579945,1.8678016064514478,76.280,52.315
1766251440.144157,1,102;103;104;200;202,51.540;49.998;42.871;48.927;42.120,0.15361349337716432,-1.5778264835108344,-0.6729501625222323,-0.8474642994380382,0.899003572482791,0.30131962784421956,-0.08679002229556398,-0.8504726808736528,1.6141711290662648,0.6544573014693812,1.1899678347740468,1.7527374742061972,88.574,43.487
1766251440.323220,2,101;102;103;104;200;201;202,36.157;71.327;69.941;55.474;72.993;65.001;76.009,0.1908209409161501,-1.5141458612240661,-0.6369412508331209,-0.8864819025709683,0.8869097586130297,0.3190828681596466,-0.029664693753131282,-0.8956530241846357,1.5611528353883393,0.6703514471923543,1.170766779163847,1.805268371150732,85.537,45.907
1766251440.428606,3,101;102;103;104;200;201;202,35.015;70.505;68.958;53.666;72.437;64.668;76.152,0.2195274221402481,-1.4663146588715632,-0.6105291120984079,-0.9186860729513563,0.8762941505760871,0.33252186695531766,0.011706768756063881,-0.9289808472472767,1.5195022663680349,0.6816941071012304,1.1556053738223862,1.8467789577058689,83.277,47.848
1766251440.566021,4,101;102;103;104;200;201;202,35.937;70.696;69.781;54.721;72.184;65.352;76.597,0.24337173771070966,-1.4271510377535934,-0.5890137656569043,-0.9467418469796338,0.8661981545018815,0.34380277859078306,0.044866430981918115,-0.9556949868164267,1.4842797169559947,0.6905877914529651,1.1426284894275036,1.8816489088878583,81.447,49.492
1766251440.732765,5,101;102;103;104;200;201;202,39.008;71.270;70.299;53.660;72.916;64.712;74.214,0.26127736265197654,-1.3994653214088624,-0.5751049191705411,-0.9678996942327219,0.8599667647003917,0.3505366238656508,0.06657149920430276,-0.9750565744963404,1.4584659485968379,0.6969012295538111,1.1319864401552806,1.9095522143095425,80.171,50.717
1766251440.822849,6,101;102;103;104;200;201;202,34.825;70.661;69.157;53.355;71.562;63.901;75.105,0.27575728185542764,-1.3773059506374712,-0.5645606480824429,-0.9863846691095101,0.854049949714533,0.3564313638574499,0.08325248885380952,-0.990666125997875,1.4376128942917383,0.7010775760248018,1.1243704075508214,1.9325567780812758,79.159,51.720
1766251440.920624,7,101;102;103;104;200;201;202,37.442;70.562;68.987;54.302;72.786;65.411;76.607,0.2880185823079206,-1.360644279984059,-0.5568344225369195,-1.0020494687884034,0.849282868270388,0.36011134775515535,0.09493166780093511,-1.0025832198977458,1.4206673064984898,0.7041117082481545,1.1181060351993857,1.9518113164485154,78.420,52.499
1766251441.024099,8,101;102;103;104;200;201;202,34.536;70.865;70.117;56.044;71.066;63.771;75.480,0.2971723325017766,-1.350167142213992,-0.5521366360142422,-1.0153599076932578,0.8460436471002353,0.3620141246736327,0.10145917130584389,-1.0103077389098631,1.4087563783626296,0.7058749546160513,1.1152731176357695,1.9666793122926114,77.976,53.009
1766251441.133287,9,101;102;103;104;200;201;202,37.316;71.187;69.637;56.717;71.064;63.804;76.744,0.3048912687491575,-1.3415743380405516,-0.548498179342245,-1.0255844831373877,0.8438471499181415,0.36318020341643514,0.10651716910834574,-1.0167468556557777,1.3988406008714838,0.7076370938834371,1.1117824710209496,1.979108541047089,77.617,53.433
1766251441.242559,10,101;102;103;104;200;201;202,31.606;69.841;69.884;54.401;70.434;64.332;75.452,0.3122194760350453,-1.3343723834498542,-0.5447243496501251,-1.0359009244437418,0.8409448035490589,0.36439263535792904,0.11090426790661337,-1.0218378714196685,1.3895090554634302,0.7092255865214456,1.1095644727820506,1.9898888738239702,77.332,53.783
1766251441.332920,11,101;102;103;104;200;201;202,35.278;69.521;69.409;56.952;71.730;64.099;76.186,0.3175978917980693,-1.3301324255897258,-0.5433571129331125,-1.043916802062948,0.8397287410404582,0.3643934713788186,0.11233530221824445,-1.025429725026004,1.3833851052133257,0.7098883117177626,1.1084925803577552,1.9987605577197762,77.176,54.017
1766251441.433754,12,101;102;103;104;200;201;202,35.462;68.905;69.981;54.800;71.500;63.684;76.881,0.32138251866126805,-1.3265972068906284,-0.5425785721362392,-1.0490743827679865,0.8391375751235666,0.36418563445601637,0.11355734083748338,-1.028517217782357,1.379001992530866,0.7102038789914441,1.1068288168935863,2.0055291106667568,77.037,54.213
1766251441.533437,13,101;102;103;104;200;201;202,33.610;71.460;67.913;54.772;72.846;65.539;75.094,0.3255919007876607,-1.3209635189186906,-0.5398706798801082,-1.055085227629359,0.8363570552372624,0.36580860898453,0.11744845478484574,-1.0323798046157395,1.3730621339486875,0.7106400287228579,1.105167186719778,2.0118693813093023,76.797,54.475
1766251441.630289,14,101;102;103;104;200;201;202,34.168;70.733;69.717;57.264;71.398;65.759;75.818,0.32899499021001727,-1.3184650832711111,-0.5386376460370693,-1.0605383017195513,0.8348775562951726,0.36602224744380474,0.11849694074515313,-1.034272929225559,1.3690869546755127,0.7109265604451077,1.105010015953534,2.0169788011773058,76.713,54.606
1766251441.727452,15,101;102;103;104;200;201;202,35.336;70.014;68.411;56.818;72.027;65.173;77.585,0.3313786517870504,-1.316191622436996,-0.537406928563236,-1.0644681833518892,0.8331887599903339,0.3664944277805659,0.11985517882976122,-1.0358380671818999,1.3660438126502983,0.710864109687587,1.1048818252241979,2.0204500232548672,76.627,54.715
1766251441.862117,16,101;102;103;104;200;201;202,34.377;69.565;68.439;54.216;70.896;64.547;74.713,0.3335607950776348,-1.3132733430254862,-0.5360337942965734,-1.067530722019226,0.8322448969882505,0.36699125788583026,0.12183572784390527,-1.0378414209042495,1.3629632409138748,0.7113307507522898,1.1035913621752467,2.0241806956475923,76.504,54.851
1766251441.965171,17,101;102;103;104;200;201;202,33.833;70.279;69.041;57.405;71.805;65.498;77.112,0.3357679983909233,-1.3116712674184419,-0.5352156397321026,-1.0707737378672433,0.8308926799574843,0.3672429879959035,0.12251035793950664,-1.0390347799011492,1.3603772521630082,0.7113331649923084,1.1034249941881662,2.0270418194929767,76.451,54.935
1766251442.072020,18,101;102;103;104;200;201;202,32.941;70.040;68.369;56.045;73.269;64.275;76.283,0.3369521934989277,-1.3108304058290117,-0.535169773465211,-1.07327636589453,0.8303041893783422,0.3671876647458855,0.1225569757777,-1.0398737837155232,1.359131812428553,0.7109227107687547,1.1038638671312424,2.029414068537762,76.422,54.987
1766251442.173147,19,101;102;103;104;200;201;202,35.770;70.301;69.005;56.030;72.430;64.317;76.283,0.3368645245014542,-1.3096224750630956,-0.5348799251001579,-1.0739525196564421,0.8297753794147492,0.36770669045631665,0.12361313389694976,-1.0407255314619388,1.3588066851874623,0.7104178938700704,1.1039770876375794,2.0302602245801746,76.356,55.039
1766251442.275187,20,101;102;103;104;200;201;202,35.713;70.309;69.708;56.648;73.446;64.824;76.535,0.3370936554875083,-1.310502036725848,-0.5360988733138784,-1.07488862838917,0.8304571313543332,0.3668043043214657,0.12199336746872982,-1.0406791372783042,1.3592543430826205,0.7098129991544948,1.104697626335339,2.0315026901153357,76.402,55.024
1766251442.379413,21,101;102;103;104;200;201;202,36.598;71.045;69.275;55.204;72.432;64.925;76.451,0.3373458520625845,-1.309045822423292,-0.5357134777271415,-1.0748838570277817,0.8303567835989246,0.36715844608303766,0.1231306002773168,-1.0417324249052298,1.3585409017487675,0.7098684621385274,1.1036204552967441,2.0324424643563974,76.328,55.089
1766251442.491314,22,101;102;103;104;200;201;202,35.330;70.770;69.458;57.112;72.375;66.260;75.833,0.33815215213056876,-1.3075007663667066,-0.5349330348516795,-1.0761700638314529,0.8294261208371909,0.3677829657336948,0.12437633843098884,-1.0427148051441582,1.357187857770742,0.709834333676405,1.1032733021541044,2.0337024524381446,76.259,55.157
1766251442.622489,23,101;102;103;104;200;201;202,34.557;71.028;69.087;56.180;73.006;65.254;75.353,0.3385152238904209,-1.3070208833810422,-0.5344199187917887,-1.0769451516389672,0.8291598708801506,0.36798788901951546,0.1249197616999918,-1.0428855841005598,1.3565751861913977,0.7100923098181138,1.103273219641902,2.0342535126399213,76.240,55.173
1766251442.740227,24,101;102;103;104;200;201;202,35.138;71.243;68.902;56.172;72.315;65.045;75.711,0.338771374381306,-1.3074484314278234,-0.5350676656098566,-1.0771931091723315,0.8300323106943095,0.3674515275381489,0.1240237770356906,-1.0429121936070036,1.3566877643542095,0.71026621024493,1.1031620823267443,2.0350846796816793,76.264,55.168
1766251442.872155,25,101;102;103;104;200;201;202,34.534;70.086;68.897;57.511;71.922;64.967;75.796,0.3391558768463553,-1.3076011338062652,-0.5354165275567182,-1.0785404626979238,0.8297466848894056,0.36762107995470067,0.12347928066371847,-1.0430235545014213,1.3565163145317352,0.7099307409266978,1.1042382741558325,2.0358340358661664,76.276,55.172
1766251442.963146,26,101;102;103;104;200;201;202,33.313;71.310;69.564;56.855;72.791;65.161;75.385,0.3389196067977851,-1.308384609076021,-0.5363946306855376,-1.078785655104672,0.8304192217233938,0.36700501187385814,0.12232084907622348,-1.0428669192774924,1.357257775047355,0.7094460780274651,1.104865495550495,2.0363419329409456,76.311,55.152
1766251443.056860,27,101;102;103;104;200;201;202,34.348;70.645;69.616;55.596;71.336;65.363;75.621,0.3399758925357685,-1.308004561624053,-0.5356274282126258,-1.0797411395869738,0.83030715874824,0.36706213683011724,0.12267708730187993,-1.042902641396813,1.3559829890475599,0.7104022538165837,1.104310901611595,2.0371017938027416,76.309,55.165
1766251443.152763,28,101;102;103;104;200;201;202,34.457;71.017;68.671;55.518;72.353;64.640;75.503,0.3400747777243704,-1.3088380278253138,-0.5362015319054947,-1.0804146357534334,0.8304216348601573,0.36663853345057085,0.121643469996772,-1.0425249601706317,1.356305939856404,0.7100590682254491,1.1051817469872782,2.0373604993344765,76.353,55.137
1766251443.267353,29,101;102;103;104;200;201;202,34.983;69.870;69.462;56.729;72.134;64.760;76.357,0.34033826474317946,-1.3099921840437654,-0.5370429735350294,-1.0811307944666801,0.8308058813402672,0.3659951180990185,0.12011854071631052,-1.0420431414711846,1.3566597387533028,0.7098091600878218,1.1060462010182184,2.0377574730392074,76.416,55.101
1766251443.351910,30,101;102;103;104;200;201;202,36.166;70.913;68.561;56.142;72.012;65.638;75.904,0.340618738311998,-1.3094714068221607,-0.5367461701045521,-1.0811796239734839,0.8307371682685403,0.3659794760974993,0.12056018784063043,-1.0423568940814427,1.356184656239826,0.7099674907815277,1.1054195358448413,2.038161593277052,76.393,55.123
1766251443.461321,31,101;102;103;104;200;201;202,34.588;71.139;69.649;56.433;72.159;64.701;75.716,0.3407213162395716,-1.310724305134254,-0.5376115213724812,-1.0813515621116974,0.8316762848196793,0.3652852271574636,0.11902576203845466,-1.0417838032713982,1.3567097838505564,0.7101438376890066,1.105902785838998,2.038383115382394,76.459,55.081
1766251443.555048,32,101;102;103;104;200;201;202,34.049;70.051;69.318;55.685;72.595;65.201;76.132,0.34078423045682715,-1.310670408607277,-0.537173020961974,-1.0819850435580143,0.8312145533645144,0.3654731458844627,0.11936970480459322,-1.0415973473010245,1.3564886418586075,0.7101614409437886,1.1063974279614732,2.0383464922762693,76.458,55.075
1766251443.712765,33,101;102;103;104;200;201;202,33.548;71.023;68.862;58.822;72.633;65.071;74.907,0.3403761306080623,-1.3121741009422478,-0.5380531261364018,-1.0824031820437519,0.8311316415807334,0.36473267095740386,0.11789282152394916,-1.0407546544196176,1.3575208682213733,0.709196657628271,1.1079010065252108,2.0379481014969407,76.531,55.016
1766251443.810736,34,101;102;103;104;200;201;202,34.053;69.942;68.695;57.649;72.053;64.184;75.157,0.34025516986811005,-1.3114917677232563,-0.5381234349357477,-1.0824237951943791,0.8306229773599775,0.36526481539500555,0.11834155538101206,-1.0413551463449455,1.3574810683075802,0.7086745965150694,1.1080252815854292,2.0380370061050077,76.492,55.049
1766251443.904237,35,101;102;103;104;200;201;202,36.933;70.226;69.950;56.406;73.220;65.183;75.264,0.3401325394819089,-1.3111865638272737,-0.5383481380331452,-1.0816037229202717,0.83124116828848,0.36510956745512724,0.11842485747131586,-1.0417207658213552,1.3575899828617848,0.7088426217737644,1.1071035171462136,2.038228766581651,76.472,55.068
1766251443.965266,36,101;102;103;104;200;201;202,35.924;71.526;69.568;55.882;72.812;65.410;76.801,0.33967442033275325,-1.3107412193933654,-0.5378308608320845,-1.0808825677479907,0.8312871301348701,0.36517583859277825,0.11932444614894445,-1.0417560779681048,1.3576939074170933,0.7090086224643309,1.1064998388192515,2.037829136002908,76.444,55.074
1766251444.029745,37,101;102;103;104;200;201;202,34.655;70.613;68.912;56.314;72.184;64.646;76.537,0.3400099008433461,-1.3104233206530442,-0.5371690103684486,-1.0810775586290058,0.8309160827927261,0.36527186255605076,0.11988890116632417,-1.0417055085822216,1.3570940025231897,0.7093700090763126,1.1061257020064958,2.0377917229457045,76.434,55.079
1766251444.098785,38,101;102;103;104;200;201;202,35.201;70.138;69.353;56.935;71.540;65.315;76.248,0.34038969778864964,-1.310623796911347,-0.5371960872210704,-1.080990971400126,0.8316017409004489,0.36497122981662244,0.119562921675051,-1.0415991438727241,1.3568255097080626,0.7100727975022815,1.10553395731624,2.038137567898837,76.450,55.074
1766251444.162714,39,101;102;103;104;200;201;202,31.542;71.000;68.332;56.197;72.098;67.138;76.655,0.3408777806168885,-1.3086220627649852,-0.5355199233858505,-1.0822241240931887,0.8297502279573605,0.36609964661901606,0.12194191098517548,-1.0424363178834948,1.3553206301235579,0.7099468986966166,1.105378865058612,2.0386034938495894,76.355,55.141
1766251444.230478,40,101;102;103;104;200;201;202,36.443;70.534;68.807;56.996;72.464;66.053;74.850,0.34132660371410173,-1.3083083217034288,-0.5356533108829923,-1.0821614963115913,0.8301595846035187,0.36592522343641737,0.12183967930729135,-1.0428318865660982,1.3549022007015714,0.7102497006152827,1.1045755179708685,2.0392821183437952,76.344,55.164
1766251444.293856,41,101;102;103;104;200;201;202,32.460;70.596;69.441;55.449;72.433;65.448;76.578,0.3413870438109055,-1.3069787565907414,-0.5344172960992256,-1.082087133858486,0.8291562414001257,0.36677736342512557,0.12363439498439166,-1.0432860253859444,1.3540858858166962,0.7104746828191029,1.103990440232271,2.0389452055774244,76.278,55.204
1766251444.360442,42,101;102;103;104;200;201;202,36.589;70.990;69.345;56.803;72.279;65.545;74.910,0.34134961658030627,-1.3073715991562453,-0.5349419088467958,-1.0814600581527576,0.8301029407905774,0.3662492614799948,0.12299053967365647,-1.0432368873856321,1.354399959500264,0.7107435186835,1.1033958983861776,2.0391456389860956,76.297,55.195
1766251444.426871,43,101;102;103;104;200;201;202,32.872;70.589;69.264;56.165;72.678;64.030;75.111,0.3413714221201319,-1.3087741567064923,-0.5360192501450374,-1.0819952582130188,0.8306439533232833,0.36566677214102944,0.12123222623207698,-1.0426441674120743,1.3551075327441957,0.7104258972760543,1.1045559553951225,2.0392963671350035,76.369,55.149
1766251444.492969,44,101;102;103;104;200;201;202,35.905;70.435;69.468;58.164;72.073;64.676;75.640,0.3413387760857438,-1.3099433994566934,-0.5367183575951464,-1.0817707693832228,0.8314342509052145,0.3650298822952206,0.11994264111196343,-1.0420339986676608,1.3556708394228558,0.7105901232149237,1.1048252585243608,2.0391289951936535,76.429,55.106
1766251444.556762,45,101;102;103;104;200;201;202,34.654;70.575;69.714;55.886;72.156;64.789;76.681,0.34096829917508237,-1.309943206177928,-0.5366324097837489,-1.0813175923778129,0.831472440132837,0.36512621420560765,0.12017834488799198,-1.0419399505027482,1.355960281679245,0.7105822083863949,1.1048084222444063,2.038684707717274,76.424,55.101
1766251444.624564,46,101;102;103;104;200;201;202,34.135;70.935;69.139;55.907;72.578;64.162;75.171,0.3401113704787056,-1.3091637375955887,-0.5362692336010345,-1.0803060263652633,0.8311878001833577,0.36579192774274005,0.12136098103501457,-1.042291196448409,1.3563789404325477,0.710340692623218,1.104582223218073,2.0378815843476055,76.371,55.123
1766251444.689761,47,101;102;103;104;200;201;202,34.248;70.274;69.412;56.692;72.057;64.909;77.431,0.3400487841694542,-1.3099297964662004,-0.5366484801484895,-1.0806825840216525,0.8307811984974335,0.365727637507863,0.1205953281193173,-1.0418429256877602,1.3567558262426553,0.7098384953819087,1.105627685712059,2.0374332751004447,76.410,55.093
1766251444.757948,48,101;102;103;104;200;201;202,34.856;70.888;68.441;56.416;72.458;64.804;74.591,0.34008158701084673,-1.3089739174311352,-0.5363977504717965,-1.0804410323301,0.8304482872965956,0.3661153386182534,0.12140027051294487,-1.0425184087385968,1.3564025595886178,0.70968526944041,1.1050161819738449,2.037652895337571,76.360,55.134
1766251444.827112,49,101;102;103;104;200;201;202,34.139;70.869;69.657;55.975;71.942;65.243;76.250,0.3405521037832887,-1.3094264737149712,-0.5369473221863252,-1.0812304036975255,0.8307149373528191,0.36594454206707566,0.1204653911644089,-1.0424966133934375,1.3563014550501433,0.7096969613683801,1.1055212674499444,2.038319241267427,76.389,55.128
1766251444.894992,50,101;102;103;104;200;201;202,33.746;70.984;69.230;56.899;72.268;65.810;75.711,0.3406705170234483,-1.3094179938557755,-0.5365469807759015,-1.0818533837145297,0.8301579267437412,0.36617203199874626,0.12072476248327696,-1.0422995490963105,1.3560569566715055,0.7096761860883256,1.10605850310531,2.0381939968610245,76.391,55.122
1766251445.006393,51,101;102;103;104;200;201;202,35.334;70.755;69.131;56.095;72.440;65.048;76.341,0.3405967361990166,-1.3096008745590086,-0.537054202220761,-1.0820233254257718,0.830207414592902,0.3661007189055797,0.12024835884864478,-1.0424132922673461,1.3563436469269572,0.7092507605779571,1.1064596254940082,2.038410079576147,76.398,55.123
1766251445.120995,52,101;102;103;104;200;201;202,36.239;70.923;69.954;56.529;72.474;65.419;75.567,0.3406588809286271,-1.3091270233080605,-0.53692489750462,-1.0811522464198258,0.8306844228912484,0.36589518018687595,0.12063020430889372,-1.0427512647978536,1.3561271690744436,0.7096304613446982,1.1051416163852135,2.038561703647655,76.374,55.144
1766251445.193397,53,101;102;103;104;200;201;202,34.342;70.809;69.791;58.411;72.862;65.150;75.100,0.3409134266579924,-1.3096838775610773,-0.5371469868083205,-1.0817810447978546,0.8306034459782725,0.36570699726698375,0.11997768196183531,-1.0424342005976832,1.3561235103846296,0.7095473981124936,1.1057631826927974,2.038688506688416,76.407,55.124
1766251445.283150,54,101;102;103;104;200;201;202,32.860;70.582;69.783;55.596;72.956;64.968;74.805,0.3405629490553465,-1.3093519577621664,-0.5370736552192102,-1.0815972222030652,0.8304317839743022,0.3657794231776409,0.12041210802110208,-1.042630239420188,1.356317859337071,0.7091951923999683,1.1057434404844622,2.0386452228515988,76.384,55.135
1766251445.350877,55,101;102;103;104;200;201;202,36.580;70.410;69.023;55.538;72.987;64.653;75.576,0.34035246634322364,-1.3086018372214505,-0.5369624016377511,-1.0809225854123636,0.8305075620037246,0.3660640029826271,0.12108599404695097,-1.043177111704556,1.3562743065969192,0.7091953865727322,1.1050120234086045,2.0386605787045156,76.341,55.167
1766251445.415201,56,101;102;103;104;200;201;202,36.378;71.219;69.083;58.453;73.225;65.489;76.632,0.34034756821582185,-1.3084421421849426,-0.5368457723775669,-1.0809465259057351,0.8305634260592338,0.36628628289624177,0.1212827171357499,-1.043247685816684,1.3561980141271,0.7093948478540159,1.105009816064145,2.0386695791255907,76.333,55.172
1766251445.482269,57,101;102;103;104;200;201;202,33.892;71.036;68.872;57.370;72.053;65.369;74.836,0.34023529106769806,-1.3090079728624169,-0.537086139619547,-1.0813969020854712,0.8305488393551008,0.36620067173600857,0.12077800206329493,-1.0428863719959114,1.3565195771626928,0.7092103551733676,1.1058458650913336,2.0385822882973863,76.361,55.149
1766251445.551853,58,101;102;103;104;200;201;202,33.492;70.424;69.317;57.632;72.760;65.824;77.269,0.34050761347426267,-1.30960537305858,-0.537466863865597,-1.082134568095251,0.8303259541521193,0.36620388431028666,0.11996865875066579,-1.0426241447847742,1.3565661702183425,0.7089895236470345,1.1067661385292205,2.0386381718462183,76.395,55.130
1766251445.620762,59,101;102;103;104;200;201;202,34.927;70.512;68.827;58.827;71.960;65.126;74.674,0.3405426049625572,-1.3108891514057688,-0.5382117195919692,-1.0823938864255993,0.830991149504808,0.36564946989307545,0.11853749251232497,-1.0419500676226283,1.3571148605912213,0.7090728098661466,1.1075168293627309,2.0386116227124993,76.463,55.083
1766251445.685989,60,101;102;103;104;200;201;202,36.005;70.967;69.235;56.476;72.157;64.691;77.541,0.3404281255291035,-1.3106593572848655,-0.5381596144232842,-1.0815015710020268,0.8313667331829435,0.3654932427372659,0.11878063313965519,-1.042101430177946,1.3571384845463592,0.7093139899544759,1.1065741089730776,2.0384535141975215,76.449,55.092
1766251445.749288,61,101;102;103;104;200;201;202,33.411;70.397;69.387;56.958;72.400;64.488;76.401,0.34029319180455736,-1.3119669201351312,-0.5395089788462594,-1.0816784135103363,0.8320888407193384,0.36479907450191856,0.11694608647341526,-1.0417157646494395,1.3580505058064638,0.7087766778854274,1.107490320847841,2.0386857898998545,76.512,55.056
1766251445.824196,62,101;102;103;104;200;201;202,33.758;70.862;69.774;56.881;72.222;64.945;75.677,0.34041654177667524,-1.3126323142484768,-0.5398351368901643,-1.0822403865869044,0.8322430243187607,0.36458086361596953,0.11620227367198628,-1.0413465393710557,1.3582225482123416,0.7087539387459301,1.108190176897353,2.038817950971717,76.549,55.031
1766251445.917637,63,101;102;103;104;200;201;202,34.151;70.269;69.553;57.341;72.165;65.452;75.679,0.34095603305606975,-1.311807016566543,-0.5388469177879628,-1.0827317428301817,0.831325570935095,0.3650073934535772,0.11725774195585122,-1.0415734511737673,1.3572075945924809,0.7090126283526839,1.1077780256489653,2.0388833223950957,76.516,55.056
1766251445.982421,64,101;102;103;104;200;201;202,34.860;71.183;69.379;55.451;72.349;65.174;77.366,0.340277683988293,-1.3106185692024104,-0.5385313754038029,-1.0814953852724787,0.8317495837161137,0.3652883520537904,0.11859002130251417,-1.042320242195571,1.3573882894192464,0.7091030439891636,1.1065352219954918,2.0389189022974725,76.443,55.101
1766251446.048581,65,101;102;103;104;200;201;202,34.648;71.046;69.138;56.396;71.993;64.421;75.552,0.3397143179294973,-1.31146284636524,-0.5389532617450858,-1.080726557551378,0.8325113378678358,0.364804140719764,0.1179689591058305,-1.0417646684798176,1.3582308878486868,0.7091922000569881,1.106616780249475,2.0383643456850304,76.479,55.063
1766251446.117723,66,101;102;103;104;200;201;202,33.794;70.703;69.275;55.972;72.415;65.481;76.431,0.3396906971643214,-1.3111488271627216,-0.538458661209764,-1.080701894063223,0.8321545068302137,0.36491736331331115,0.11856645219177997,-1.0417568155248937,1.3580005092555707,0.7092467444464816,1.1064220051700486,2.0381785631325866,76.464,55.067
1766251446.214590,67,101;102;103;104;200;201;202,33.731;70.572;68.865;55.304;72.632;64.596;75.220,0.3391787620064883,-1.310649506009088,-0.5382826914955687,-1.080846199623867,0.8314758902266169,0.3655412482909936,0.1192633836721735,-1.042017732030225,1.3582570258327282,0.7086507573541203,1.107105233735719,2.0378699433252176,76.430,55.083
1766251446.287372,68,101;102;103;104;200;201;202,32.763;70.261;69.134;56.092;72.189;64.378;75.469,0.3395874708172865,-1.3113442616637694,-0.5381698781088627,-1.0821397514405222,0.8310055582404136,0.36555670664257917,0.11870767883644553,-1.0414201901544786,1.3580368324423313,0.7086873346870887,1.1083267786373199,2.0378930724729942,76.474,55.051
1766251446.383010,69,101;102;103;104;200;201;202,34.564;70.906;69.394;56.477;72.134;64.826;75.367,0.34015190955341024,-1.3103440536751112,-0.5374561047041005,-1.082460385363291,0.8306984394168594,0.36593620085714984,0.11965508267585707,-1.0419479037040613,1.3570523901669838,0.7091717542348005,1.1075298058570797,2.0384470728105506,76.431,55.090
1766251446.503250,70,101;102;103;104;200;201;202,36.234;70.953;69.208;56.540;72.727;64.935;75.818,0.3400042992129718,-1.309636358622647,-0.5372797206304387,-1.0822004736450035,0.8304113203915879,0.3663584880578836,0.1203225136659517,-1.0424312965238791,1.3569425635216348,0.7089952818927756,1.1072499271743352,2.0384319151850603,76.391,55.120
1766251446.571611,71,101;102;103;104;200;201;202,33.565;69.946;69.456;57.238;72.367;65.066;75.123,0.3406974669227459,-1.3101414749226843,-0.5369933286405816,-1.0829217075748667,0.8301643377782609,0.36617794910639634,0.11989454197617141,-1.0419354085662347,1.3563694822507215,0.7094432668482257,1.1074600959077348,2.038446096540544,76.429,55.096
1766251446.633285,72,101;102;103;104;200;201;202,33.805;71.038;69.359;55.620;72.700;65.047;75.652,0.3403186105152768,-1.3106836079798971,-0.5376913512235812,-1.082730348743487,0.830450369213148,0.3657107953494805,0.11917513481419105,-1.0418106323436784,1.3570750539446133,0.7088352826109323,1.1078328113200246,2.0384608120400194,76.450,55.080
1766251446.699029,73,101;102;103;104;200;201;202,37.091;70.644;69.206;57.337;72.133;65.540;76.961,0.340786694637465,-1.3106846992304644,-0.5375059621239335,-1.0825522113176382,0.8305895227464462,0.36565283817708644,0.1191030637029595,-1.0417678535295112,1.3566066206271021,0.7093871383970407,1.1072051025289438,2.0384502420178148,76.458,55.081
1766251446.764470,74,101;102;103;104;200;201;202,36.987;70.722;68.575;57.329;72.395;65.239;75.413,0.34095726464248277,-1.3103436723602773,-0.5378616516706072,-1.0821692483324914,0.8308764601651991,0.36547895279504683,0.11897504672633238,-1.04227283667829,1.3564994872093648,0.7092649636752886,1.1064674257173974,2.0389264083794947,76.440,55.107
1766251446.832722,75,101;102;103;104;200;201;202,33.125;70.268;68.923;56.793;72.612;65.405;76.288,0.3411683799342794,-1.3104252460111128,-0.5376341163765472,-1.0830387731519957,0.8302502186636822,0.3656884343572476,0.11900009256308972,-1.0421061141361363,1.3562579296176371,0.709087898871719,1.1072345964793056,2.038951324227711,76.449,55.100
1766251446.901226,76,101;102;103;104;200;201;202,35.904;70.199;69.514;55.981;71.447;65.585;76.192,0.341722326648064,-1.309188146056294,-0.5364421088354078,-1.0825768815282146,0.8301507865691286,0.36596895171261135,0.12047491697789658,-1.0425702927414837,1.3550557693782224,0.7101086198492734,1.1054449332898768,2.0391475984051857,76.394,55.141
1766251446.966991,77,101;102;103;104;200;201;202,34.624;70.581;69.668;57.317;71.796;65.586;75.732,0.3422464210293266,-1.309653070076509,-0.5366482983519514,-1.0832810165548055,0.8301909592497102,0.36562702905782707,0.11977163569389405,-1.0423565081143924,1.3547912955254753,0.7101782240531215,1.1057117409794626,2.039597068485214,76.426,55.128
1766251447.035046,78,101;102;103;104;200;201;202,33.566;71.053;69.299;57.630;72.198;65.660;76.045,0.3419508926566085,-1.309851107170261,-0.5369715030172502,-1.083319635546125,0.8305436255947918,0.36553103358779543,0.1195284115228902,-1.0423284879657744,1.3552085439303077,0.7100341978949845,1.1060484742468106,2.0397513326987133,76.431,55.122
1766251447.098887,79,101;102;103;104;200;201;202,35.296;70.992;68.836;56.322;72.141;65.184;75.808,0.34211537740731685,-1.3102643275578296,-0.5374621174027824,-1.0830090447309488,0.8310451935251676,0.36510136831054685,0.11880481581661095,-1.042268415887341,1.3553408994681346,0.7101006628155989,1.105718129678752,2.039899333494348,76.454,55.114
1766251447.165974,80,101;102;103;104;200;201;202,36.134;70.680;68.987;56.335;72.437;64.563;76.481,0.34153573871102527,-1.3115572663165798,-0.5380465332083755,-1.0821709135492577,0.8319663852969261,0.3642967691051793,0.11777248170969627,-1.0414206920035793,1.3563657431050469,0.7101752985303792,1.1058815227291647,2.0392194555353838,76.514,55.057
1766251447.236453,81,101;102;103;104;200;201;202,35.213;71.017;68.988;56.313;72.371;65.109;75.809,0.3414164737108364,-1.3106113741102128,-0.5372625922016744,-1.0822751807822182,0.8315871715654286,0.3650060349708742,0.11905040561430931,-1.0417767939547118,1.3559599874768715,0.7104688894310448,1.105704164770318,2.039196283861064,76.464,55.086
1766251447.308558,82,101;102;103;104;200;201;202,32.554;70.206;68.168;58.272;71.789;65.346;75.231,0.3416614698444522,-1.3107569180346272,-0.5373716478461446,-1.0832651211837707,0.8308811127531044,0.3652244536388064,0.11875902865213556,-1.0417445037478077,1.355822895800728,0.7099750123915668,1.1067045442598449,2.0393505821549036,76.475,55.083
1766251447.402462,83,101;102;103;104;200;201;202,35.133;70.770;68.890;56.066;72.447;64.735;75.596,0.3413802611409501,-1.3101264347991668,-0.5374158765223196,-1.0829061889659846,0.8309535938007232,0.3653818508526784,0.11926705505085755,-1.0422663939503458,1.3559246735957202,0.709729338967398,1.1063110172905453,2.039593476647177,76.436,55.112
1766251447.465101,84,101;102;103;104;200;201;202,33.836;70.622;69.279;56.472;71.755;65.354;76.316,0.34168838103204524,-1.3097961721751379,-0.5370265577183966,-1.0832796910589644,0.8304847575766258,0.36552785979792535,0.11964218434381585,-1.0423717726595816,1.3554406476024712,0.7097621455022014,1.1062182593080276,2.0397224355549985,76.424,55.123
1766251447.529724,85,101;102;103;104;200;201;202,35.642;70.830;68.624;56.942;72.885;64.824;75.674,0.3411862978231298,-1.3107683807396708,-0.538264739694749,-1.0825723039224988,0.8314497715816803,0.36467070304501126,0.11828162887150458,-1.0421632076459366,1.3565481970039472,0.7092063278988953,1.1063390388642023,2.0397641222696135,76.465,55.097
1766251447.594281,86,101;102;103;104;200;201;202,32.817;70.427;69.018;54.857;71.907;64.966;76.252,0.3409891667499535,-1.3107843996404336,-0.5378603013890727,-1.0825359796696388,0.8314312094281996,0.3648453378206006,0.11867247055806787,-1.041903231309635,1.3565806864473502,0.7095160901082073,1.1064733553570598,2.0394062733947207,76.465,55.086
1766251447.666513,87,101;102;103;104;200;201;202,34.678;70.963;69.287;56.425;72.386;64.845;76.867,0.34041572387929725,-1.311480661031627,-0.5381934349449264,-1.0822339247088595,0.8315786576443533,0.3647358559089998,0.11822160189678865,-1.04142332018724,1.3573643181266941,0.7092455789849934,1.107179359859249,2.038744438496896,76.493,55.053
1766251447.769668,88,101;102;103;104;200;201;202,34.640;70.933;69.084;56.828;72.238;65.285;75.818,0.34056749430619293,-1.3114717371778672,-0.5382555768132097,-1.0823003837551897,0.8316981186944062,0.3646124598512236,0.11811027464297931,-1.0414842170715726,1.3572529334292365,0.7093063745037954,1.107011167148768,2.0389800205263593,76.494,55.056
1766251447.923486,89,101;102;103;104;200;201;202,36.223;70.700;69.212;55.183;72.486;64.907;75.203,0.34025541660086017,-1.310643182912884,-0.5379751357391623,-1.0812705226143005,0.8319009742804806,0.36470933938663835,0.11901216183368046,-1.0419921332346216,1.357218905032787,0.709411757343222,1.1058415640709982,2.038908871796459,76.446,55.088
1766251447.989507,90,101;102;103;104;200;201;202,35.525;70.093;69.917;54.778;72.175;66.175;76.036,0.3406495649685553,-1.3090368116606887,-0.5368299205201013,-1.0810538840109876,0.83136724706344,0.3654193248384238,0.12076670463006754,-1.0427743654324113,1.3560795458129185,0.7099969941129669,1.1045004119100486,2.0391350103844967,76.369,55.146
1766251448.056402,91,101;102;103;104;200;201;202,34.764;70.566;68.935;56.000;72.552;66.591;75.982,0.3415135042903183,-1.307697063166857,-0.5360561411004756,-1.082346149908595,0.8299493428704919,0.3663329335441186,0.12184516878751858,-1.0435934379864553,1.3547301152295468,0.7098206932853001,1.1045643918180446,2.039831823265045,76.312,55.204
1766251448.119437,92,101;102;103;104;200;201;202,34.953;71.089;69.561;56.536;72.420;65.114;75.829,0.3410820060324582,-1.3082690747714159,-0.5367165925561408,-1.081914877574443,0.8305625188540712,0.3658648259011365,0.12115952370895514,-1.043416753460723,1.3554760525701426,0.7095275985790556,1.104720768521648,2.039792646909138,76.334,55.186
1766251448.188226,93,101;102;103;104;200;201;202,35.517;71.472;69.517;57.988;72.215;65.214;75.731,0.3405968461600734,-1.3093912890251034,-0.537861566443343,-1.081086141160903,0.8317971583608216,0.3650474530734199,0.11976450802167628,-1.043032787808778,1.3565742857504859,0.7093789178102321,1.1047655019210951,2.03968911803846,76.383,55.150
1766251448.252046,94,101;102;103;104;200;201;202,35.979;70.638;69.658;56.462;71.532;65.237;76.722,0.34070194860343517,-1.3087453070306625,-0.5373357741211308,-1.0812714615194352,0.831052644572155,0.3654907549352087,0.12054470361629965,-1.0433047667213857,1.3561391644679757,0.7092435148288165,1.1046945837979087,2.039578245812832,76.352,55.171
1766251448.317689,95,101;102;103;104;200;201;202,34.487;70.839;69.597;57.279;72.790;65.886;76.239,0.3405048940317277,-1.3079541459968094,-0.5371628024548515,-1.0816164932096017,0.8303978018495993,0.366291583999032,0.12128683518432884,-1.0438542783303468,1.3560520935502793,0.7088182709892595,1.1051772654419674,2.0396394201511128,76.307,55.205
1766251448.386069,96,101;102;103;104;200;201;202,36.415;70.387;67.974;55.935;72.001;64.921;74.541,0.3406363495711903,-1.3066707452233832,-0.5364501374167295,-1.0812491404061346,0.8298523598262258,0.36700539443871283,0.1226167399706856,-1.0445660562190164,1.355369717115858,0.7090105262502165,1.1042924334228483,2.0396028193352853,76.242,55.254
1766251448.452513,97,101;102;103;104;200;201;202,34.481;71.220;69.473;56.296;72.326;65.242;75.350,0.3409201688807942,-1.3074385417542715,-0.5370004505085775,-1.0813286734150802,0.8306044299723145,0.3663394254532074,0.12155983254113528,-1.0442543104616926,1.3555086743294738,0.7092573804670346,1.104202039246715,2.0399929393658423,76.286,55.231
1766251448.520343,98,101;102;103;104;200;201;202,34.428;70.714;69.314;55.732;72.297;64.926;75.953,0.3405242297953612,-1.3077516350684686,-0.5367581029443141,-1.0812861042326447,0.8307631580781766,0.36635280339873644,0.12172221689548304,-1.0438062815954656,1.355843282280901,0.7094791027227443,1.104595633782428,2.0395724817367045,76.298,55.206
1766251448.593044,99,101;102;103;104;200;201;202,34.318;70.878;69.932;57.278;71.837;64.686;75.565,0.34047981312624853,-1.3095967138394038,-0.538054156656399,-1.0810719301074057,0.8318304744561269,0.36522013247214163,0.11953508561212216,-1.0429495149380519,1.35679364027327,0.7093432244574334,1.1051452198517489,2.039472264762706,76.392,55.143
1766251448.699020,100,101;102;103;104;200;201;202,35.878;70.150;68.884;55.981;72.499;65.750;76.507,0.34053565297682004,-1.3074120065694845,-0.5362643328561889,-1.0810556406595366,0.8304783816694584,0.3667494369137664,0.12231964171612736,-1.0438243695306915,1.3555759335293358,0.7097858068648424,1.1043614083472488,2.039152254601023,76.282,55.213
1766251448.787801,101,101;102;103;104;200;201;202,35.035;70.662;69.711;57.954;73.122;65.208;76.140,0.3401029216494108,-1.3098823337063157,-0.5380379163665943,-1.0809320128390776,0.8317235983795656,0.36534580726982296,0.11953259704767358,-1.042650920000014,1.3571839519579905,0.7092296109666248,1.1056423189759046,2.038920290486103,76.402,55.125
1766251448.852223,102,101;102;103;104;200;201;202,35.702;71.417;69.281;56.714;72.311;64.616;75.661,0.34046609078688833,-1.3103607799858454,-0.5380320844994143,-1.080940511268537,0.8319626474946032,0.3649236377496663,0.11905724678113502,-1.0422891269561179,1.356987133819834,0.7096013935721651,1.1053675183929303,2.038915959081641,76.434,55.105
1766251448.918035,103,101;102;103;104;200;201;202,35.964;70.469;69.001;56.924;71.337;65.368;76.295,0.3407261560299781,-1.3105203501086806,-0.5381799969951407,-1.0812554876886256,0.8319972860864188,0.3648698743382246,0.11871986674660517,-1.0422681723547351,1.3568540694670634,0.7096502100596829,1.105505997591202,2.039140786262328,76.445,55.103
1766251448.982865,104,101;102;103;104;200;201;202,34.493;70.661;68.446;56.556;72.393;65.772;75.967,0.34073820987482145,-1.3091052761194946,-0.5376697541983003,-1.0815472990458397,0.8310874909514794,0.3659144260054778,0.1200350338253475,-1.0431877423828206,1.356314188533481,0.7093351852593986,1.1054709749853702,2.0393615786872683,76.371,55.161
1766251449.053067,105,101;102;103;104;200;201;202,32.759;70.906;69.090;56.865;72.449;65.918;76.789,0.3410606599557526,-1.3089068454505197,-0.5372976248032243,-1.0825867347929765,0.8305110138570676,0.3661772570006248,0.12030400563974282,-1.0431928241160564,1.3558564023674669,0.7092915410495032,1.106055350227979,2.039705910610325,76.366,55.166
1766251449.118529,106,101;102;103;104;200;201;202,33.951;70.462;68.339;56.978;72.946;64.500;75.486,0.3405933231793168,-1.3093437135155064,-0.5381600264099967,-1.0827671160888637,0.8304309166661655,0.36628616811730313,0.11956760541599852,-1.0432360136112582,1.3566700160240834,0.70840677798603,1.1072042607112367,2.0396117804784057,76.380,55.158
1766251449.190758,107,101;102;103;104;200;201;202,34.588;70.320;68.790;56.073;72.418;65.657;75.849,0.3409212866130338,-1.3082305173761928,-0.5376366003725507,-1.0827166910818788,0.8300827852530586,0.3669780110358252,0.1205504221824684,-1.0439329821721866,1.3559274021028287,0.7087305800098288,1.1065015839217511,2.0398601782545414,76.326,55.205
1766251449.311129,108,101;102;103;104;200;201;202,33.023;70.373;68.755;57.841;72.819;66.236;75.477,0.34156282248907593,-1.3074363944187664,-0.5366252925872413,-1.0841010177771422,0.828515984815642,0.3677311013303686,0.12155568706487997,-1.0441321391689034,1.354822137945376,0.7085960873415071,1.1070638372217214,2.040005501793227,76.296,55.229
1766251449.373725,109,101;102;103;104;200;201;202,34.371;70.962;68.777;54.963;73.279;65.270;75.079,0.34153879857953123,-1.3069705151157927,-0.536412921072008,-1.0835676998266184,0.8283306678824801,0.36775364710639574,0.12203555116568579,-1.0444067336113647,1.3546525114346264,0.708521035315139,1.1063692610671094,2.0398742365763045,76.271,55.247
1766251449.441747,110,101;102;103;104;200;201;202,34.980;71.422;68.714;55.483;73.141;65.194;75.452,0.3409166056360824,-1.3073172832869855,-0.5368526408973722,-1.0820553888014444,0.8294603863024618,0.36718458707136126,0.12175472025337822,-1.0442754266127368,1.3554298012158956,0.7087385711326953,1.1054536577449392,2.039491402826236,76.280,55.233
1766251449.512804,111,101;102;103;104;200;201;202,35.617;70.611;68.909;56.310;72.809;65.098;78.308,0.3408087170119345,-1.3079697578644183,-0.5370832800197297,-1.0820320585667238,0.829632739846685,0.3667958994597047,0.12119875001626125,-1.0438361425851703,1.3557659392628059,0.7086545243478825,1.1057568075818642,2.0392694955766837,76.313,55.205
1766251449.571119,112,101;102;103;104;200;201;202,33.350;70.727;69.769;55.006;72.313;65.291;75.000,0.3406542287813809,-1.3074888983688164,-0.5362198668913145,-1.0821422343262974,0.829228570676453,0.36715497993283563,0.12224913747032926,-1.043750039734363,1.3554771527685687,0.7089523709457203,1.105706051286756,2.0389794081641175,76.288,55.209
1766251449.639106,113,101;102;103;104;200;201;202,36.874;70.980;68.901;56.881;72.688;65.931;75.008,0.3409240696225749,-1.307044793058392,-0.5361078983208336,-1.0817018333953237,0.8296487923046879,0.3670279326207137,0.12250299757214121,-1.0440986060478308,1.3550945677362785,0.7093912591997782,1.1046304511557472,2.0393631120925697,76.268,55.231
1766251449.703842,114,101;102;103;104;200;201;202,37.403;70.223;69.135;54.634;72.453;65.359;74.757,0.340767055856115,-1.3054887721114075,-0.5354856199566631,-1.0806920323181635,0.8296792842720592,0.36751041765119546,0.12407410402446294,-1.045053331796726,1.3546242645668347,0.7096747917269528,1.1030341888923103,2.0395356891883223,76.184,55.293
1766251449.772696,115,101;102;103;104;200;201;202,35.452;70.577;69.113;56.180;72.406;65.174;75.629,0.3407302051843726,-1.3067525081848594,-0.5365994027122477,-1.0808202211765856,0.8305724681216777,0.3667790101831187,0.12240529063792234,-1.0445906639137232,1.355361387543837,0.7095085158034244,1.1036631318952417,2.0397991070362873,76.247,55.254
1766251449.838453,116,101;102;103;104;200;201;202,33.889;71.063;68.957;57.465;72.298;65.165;76.366,0.3408883606293264,-1.3072422755679505,-0.5365115843700017,-1.0808760661676915,0.8308354844253022,0.3665290703283131,0.12207926266424489,-1.044148343222924,1.355316005166316,0.7099343869881738,1.1036681953263405,2.0396548841071427,76.277,55.230
1766251449.904393,117,101;102;103;104;200;201;202,33.953;70.137;69.452;56.501;72.030;65.987;76.187,0.34093119370704206,-1.3064819945434254,-0.5354632968568465,-1.0814611793657314,0.829776062488429,0.3672396048946665,0.12336468287275858,-1.0442219913665403,1.3547223115214633,0.7099851686044453,1.1039618480999354,2.039374856177754,76.240,55.245
1766251449.969181,118,101;102;103;104;200;201;202,35.327;70.725;69.155;56.743;72.196;65.669;76.639,0.34091191275521143,-1.3066842560533072,-0.5359069181665452,-1.0811202906524147,0.8299454703633694,0.3672009671414301,0.12289962355925912,-1.0442917913254104,1.354944856765325,0.7098412121036141,1.1039272825998565,2.0392554376494134,76.249,55.244
1766251450.031943,119,101;102;103;104;200;201;202,34.255;70.679;68.925;55.939;72.276;65.225;75.286,0.3407954482505648,-1.3081608765971595,-0.5368858936694753,-1.08105540813064,0.8308025445101076,0.36610602999107755,0.12123136833306307,-1.0435646164437353,1.3557557351198222,0.709618611645036,1.1043727345053664,2.0393147064270214,76.324,55.192
1766251450.097171,120,101;102;103;104;200;201;202,33.729;70.899;68.965;57.469;71.946;64.520;75.222,0.3409272020537473,-1.309404664096139,-0.5369447262949859,-1.08160902754453,0.8308467217166459,0.36566302805349177,0.12031010667087269,-1.0425613911585279,1.3559715201318918,0.7098261401355002,1.1052762888253598,2.038884161301927,76.393,55.133
1766251450.171450,121,101;102;103;104;200;201;202,33.196;70.956;69.114;56.971;71.989;65.872;75.378,0.3409346170462161,-1.310201763964037,-0.5373176389483341,-1.0823410607850839,0.8310201964485414,0.3654132940883429,0.11949704794232749,-1.042092188567651,1.3562934050232345,0.7097173952092496,1.1062720509192603,2.0390380421490097,76.435,55.102
1766251450.226562,122,101;102;103;104;200;201;202,34.618;70.821;68.732;56.992;72.508;65.701;76.351,0.3410510038548785,-1.309646022147683,-0.537095006213932,-1.0823917497441393,0.8307912493524187,0.3655528220989808,0.11997956896932553,-1.0424552623612227,1.3559772259984586,0.7096503387973924,1.1059134436538656,2.0393106880839458,76.407,55.126
1766251450.299358,123,101;102;103;104;200;201;202,34.246;71.082;68.700;55.706;72.396;65.463;75.448,0.3414550413813546,-1.3094650335845623,-0.5372058263201249,-1.0827486450636903,0.8308006644918866,0.36558790304561595,0.1198281652882714,-1.042720439361957,1.3556225505402204,0.7097152361656686,1.105781657530016,2.039819390606488,76.402,55.141
1766251450.360261,124,101;102;103;104;200;201;202,36.111;71.234;69.385;55.454;71.804;65.071;75.170,0.34114411015015383,-1.3088730493788927,-0.5370184651708227,-1.0818581383565782,0.8311138486473902,0.36557830682556147,0.12050277594455455,-1.0430791092813794,1.355678242312642,0.7098442206961771,1.1048101208113987,2.0397791340789446,76.367,55.163
1766251450.431738,125,101;102;103;104;200;201;202,33.838;70.699;68.618;55.753;71.921;65.196;75.593,0.3415783913096749,-1.3084137419873219,-0.5368280428666882,-1.0823650316237512,0.8309960639179051,0.365673888603485,0.12075172468542456,-1.0434185076391762,1.3551227510814163,0.7099853159462306,1.1045537250752249,2.040419561399124,76.349,55.186
1766251450.498369,126,101;102;103;104;200;201;202,32.858;70.987;69.129;58.650;72.678;64.754;75.753,0.3411217520099123,-1.3099871761005633,-0.5372758955379009,-1.082620436660317,0.8310093701160779,0.36529015808180615,0.11958430942898109,-1.0422746954782625,1.3560641466106942,0.7096745441441316,1.1060940557225194,2.0395002001751497,76.426,55.114
1766251450.562571,127,101;102;103;104;200;201;202,33.037;70.821;69.315;56.294;71.477;64.619;76.530,0.34113445567093464,-1.3107224925459438,-0.5374409140875714,-1.0830857588117937,0.8306757872074937,0.3653617713432986,0.11896931405601399,-1.0417445319837282,1.3562932199802114,0.7095098954854216,1.1071265193905169,2.0390159720142154,76.465,55.081
1766251450.630189,128,101;102;103;104;200;201;202,31.746;70.569;69.726;56.485;72.176;65.572;75.601,0.34138757768513195,-1.3106179738446544,-0.5368444311098577,-1.083659241802502,0.8303351666781933,0.36551612325532057,0.11938094386891958,-1.0415385804086055,1.3558401504716022,0.7098497471502305,1.1072908808959159,2.0390313490226735,76.465,55.076
1766251450.721551,129,101;102;103;104;200;201;202,36.828;70.872;69.407;56.338;73.238;64.976;76.157,0.340814873941087,-1.3102481359285936,-0.5372634833781711,-1.0823670413165278,0.8306614836714051,0.3653767170717241,0.11956305905997885,-1.0420080583642553,1.3563892380515337,0.7093852744881199,1.106479544039741,2.038816171159671,76.436,55.098
1766251450.788928,130,101;102;103;104;200;201;202,31.375;70.815;69.514;55.675;73.178;65.743;75.979,0.3412370372601931,-1.309618154859092,-0.5364926963710909,-1.0828588740228606,0.829756624790546,0.3657879339049175,0.12037606048948796,-1.0421725860501352,1.3555988788333502,0.709462853656146,1.106348527693701,2.03879165758281,76.411,55.116
1766251450.887565,131,101;102;103;104;200;201;202,34.131;70.555;69.511;56.320;72.983;65.187;75.902,0.34153260098562416,-1.3097757969543076,-0.5366813998072043,-1.0831762388897497,0.8297860967146824,0.3657002884347005,0.11999231235059608,-1.0421801792391445,1.3554491147960248,0.709476288188879,1.1064517954736686,2.039060680276844,76.423,55.116
1766251450.954778,132,101;102;103;104;200;201;202,35.133;70.832;69.294;57.300;71.756;65.068;75.563,0.3411261484817146,-1.309525966516864,-0.5368678860018876,-1.0824179535893084,0.8303087587482112,0.3656684607286813,0.1201986528689398,-1.04244199029339,1.3558030726416774,0.7095010008222024,1.1059292643212095,2.0390553615286735,76.402,55.128
1766251451.021648,133,101;102;103;104;200;201;202,35.684;71.128;69.106;55.538;72.621;65.614;75.193,0.34120109483334976,-1.3092557944583714,-0.5366453580675433,-1.082395141827816,0.8303734211081463,0.3657342921872117,0.12051272855689996,-1.0425581757598774,1.3555934233504863,0.7097275689595096,1.1056217747002752,2.0391963387288756,76.390,55.137
1766251451.086162,134,101;102;103;104;200;201;202,35.041;71.118;70.071;56.100;72.589;65.147;75.244,0.3410639947870536,-1.3100205051233633,-0.5371375986175941,-1.0818227635984334,0.8314716678331983,0.3652074564481504,0.11969526429263168,-1.0421634187565894,1.356073814216566,0.7102174319176047,1.1053564081820846,2.0391391026254944,76.427,55.109
1766251451.150828,135,101;102;103;104;200;201;202,36.349;70.564;68.477;57.963;72.685;65.777;75.670,0.34056192647787503,-1.310405143421993,-0.5380159295743193,-1.0813170821684073,0.8319976529355729,0.36495738048137477,0.1189967688185777,-1.042254948810962,1.356909788662458,0.7096848555336417,1.1056060532368321,2.0391346007852906,76.437,55.103
1766251451.217802,136,101;102;103;104;200;201;202,37.049;70.550;69.241;55.734;71.642;65.244;75.618,0.3405654328172264,-1.309084016241436,-0.5372724112770849,-1.0808928075568207,0.8315427404400659,0.3655972538687912,0.12043377707046478,-1.0429661183118446,1.3563188409835367,0.7098545077970828,1.104672307835276,2.0391424172421018,76.369,55.152
1766251451.285569,137,101;102;103;104;200;201;202,33.740;70.942;69.921;55.922;72.472;64.961;75.482,0.34026915800118485,-1.3103209512274385,-0.5381110766958677,-1.0811028095067743,0.8318284016996488,0.365237632163179,0.1191126082026692,-1.0423409820435254,1.3571748223933462,0.7094351975070845,1.1058689010371574,2.0388123882184868,76.428,55.106
1766251451.350415,138,101;102;103;104;200;201;202,32.302;70.309;69.634;55.939;72.033;64.818;76.333,0.3407050100420546,-1.3101444023715492,-0.5376031471057311,-1.081847390475922,0.8312517573947312,0.3654806483176006,0.11941999446817263,-1.0422678209882572,1.3565772296260035,0.7096126992135646,1.106111019543945,2.0389140829372776,76.427,55.109
1766251451.418513,139,101;102;103;104;200;201;202,36.496;71.091;68.325;57.119;71.503;65.085;75.608,0.340124135503585,-1.3102579429295174,-0.5379487337125495,-1.080935356687534,0.8315091975273701,0.3654409104616313,0.11934517496341839,-1.0422869474563832,1.357227500811622,0.7093274757212745,1.1059832307474293,2.038391282427207,76.423,55.105
1766251451.509918,140,101;102;103;104;200;201;202,34.953;71.127;68.906;57.258;72.950;64.316;76.149,0.3402645562118276,-1.3100999239671571,-0.5378052504338422,-1.080922625687217,0.831495032430443,0.365575842834934,0.11949504216844792,-1.0423600077872692,1.3570169626523665,0.7095387378464473,1.105798180179182,2.038406427169231,76.417,55.111
1766251451.630017,141,101;102;103;104;200;201;202,34.595;71.006;69.693;56.108;71.479;64.576;76.629,0.34048844758852564,-1.3094189865198245,-0.5371534351584419,-1.0811395058721993,0.8307217435947752,0.36611989436074366,0.1203408394810361,-1.0426077416490622,1.3564267090138322,0.7095945972282636,1.105666452826303,2.0382451827114285,76.386,55.133
1766251451.727230,142,101;102;103;104;200;201;202,35.971;70.740;68.709;56.374;72.089;64.268;75.361,0.3408650106340206,-1.309806460724768,-0.5373889561119172,-1.0811055317793719,0.8310206743522545,0.36568024740352795,0.11973326470917581,-1.0424568386812667,1.3562804131324357,0.7097847267978246,1.1053289733710527,2.038439253116379,76.412,55.122
1766251451.832937,143,101;102;103;104;200;201;202,36.533;70.206;68.480;53.641;71.257;65.400;75.707,0.3409029301712419,-1.308041791884637,-0.5369204609758225,-1.0807499287702773,0.8306254188955925,0.3666333622399321,0.12123367733713403,-1.0436979664522232,1.3556455068802908,0.7097903946611736,1.104367290839361,2.0388676310747056,76.318,55.199
1766251451.920966,144,101;102;103;104;200;201;202,34.353;70.496;69.171;55.551;72.087;64.811;75.037,0.34117598697762025,-1.3090731580505541,-0.5379036504358268,-1.0810175249291938,0.8311176533216283,0.3658342704703978,0.11967582676361528,-1.0433986602877408,1.3560103775789678,0.709449015660933,1.1047250233248196,2.039280939159784,76.374,55.172
1766251451.989259,145,101;102;103;104;200;201;202,33.090;70.680;69.469;56.889;72.077;64.309;76.243,0.3410304857280714,-1.3099101583084567,-0.5383139524649113,-1.0815554306996942,0.8310259351548027,0.36576208478700367,0.11887776031565886,-1.0428965594110065,1.3564871693965819,0.709131959870464,1.1059214776040798,2.039028184003948,76.416,55.138
1766251452.123850,146,101;102;103;104;200;201;202,36.897;70.569;69.560;55.110;72.545;66.261;76.780,0.3409014803223652,-1.3076816307298071,-0.5373512528950312,-1.0807753640038837,0.8299420672154505,0.3668040614418427,0.12113901838518928,-1.044238516894556,1.355708140611692,0.7088159238865024,1.1045577419901895,2.038968828787755,76.297,55.226
1766251452.268871,147,101;102;103;104;200;201;202,33.151;70.949;69.617;57.120;72.900;64.209;76.026,0.3406829296478489,-1.310089181112775,-0.5386597811374745,-1.08113103339911,0.8306928630942464,0.36556255446209596,0.11865309626238464,-1.0428901320547357,1.3569524453939157,0.7083688945254611,1.1060794590042544,2.0386208780841035,76.419,55.133
1766251452.340146,148,101;102;103;104;200;201;202,33.881;70.926;69.283;55.635;72.024;64.817;75.301,0.3404446210863708,-1.3092678169281464,-0.5380305439786529,-1.080877241822998,0.830150433081193,0.3663092307415563,0.11978504873456053,-1.0432104154082538,1.3567341672379587,0.7084384635412792,1.1059357179475562,2.0381924467815327,76.374,55.158
1766251452.405389,149,101;102;103;104;200;201;202,35.213;70.838;69.082;56.732;72.071;64.690;75.441,0.34024791476966854,-1.309849819578817,-0.538549649233269,-1.081023658991434,0.830630858491798,0.3659616393071013,0.11909373287807594,-1.042977044324711,1.357229927328604,0.7082865102457968,1.1064077443527642,2.03837897371434,76.401,55.138
1766251452.471990,150,101;102;103;104;200;201;202,34.794;70.582;70.002;55.219;71.779;64.522;75.355,0.3407773702825837,-1.309019874999445,-0.5377053658082072,-1.0812420449974172,0.8302192176063905,0.3663157871693615,0.1200457189256236,-1.0432844847742413,1.356271674270555,0.7088346371053715,1.1056577581162375,2.0386114907894597,76.367,55.167
1766251452.539439,151,101;102;103;104;200;201;202,36.104;70.767;68.857;56.590;72.863;65.784;75.309,0.3409464616308883,-1.3081278320250664,-0.5373287102796164,-1.0809339057161331,0.8302204972912187,0.36649949182965663,0.12084318637574394,-1.0438543936917692,1.3557723320781208,0.7090710003335257,1.1046775867421603,2.0389779048462016,76.322,55.204
1766251452.604139,152,101;102;103;104;200;201;202,34.047;70.115;68.650;57.277;72.028;64.951;76.627,0.34053441922792765,-1.30927480825537,-0.5384145551898295,-1.0816259526942755,0.8307210942355393,0.3661709525387729,0.11944380626315483,-1.043426175860027,1.3567928533233835,0.7084687421537731,1.1062869985695132,2.039218843211996,76.374,55.167
1766251452.697892,153,101;102;103;104;200;201;202,36.071;71.113;69.962;55.864;72.116;65.523;75.396,0.34043153369376783,-1.3077491532944099,-0.5373157913236091,-1.0807195361703563,0.8306839275641318,0.3667152614111152,0.12133710711387531,-1.0441022024428561,1.3561180509798219,0.7091600155885912,1.1046616812793246,2.039174783034394,76.294,55.217
1766251452.775711,154,101;102;103;104;200;201;202,32.491;70.220;69.151;57.240;71.791;65.114;75.707,0.3412984164787778,-1.3077198657853402,-0.5368986415896866,-1.0816775860443966,0.8303592556045247,0.36691677652307736,0.1212805486209689,-1.0440085921370759,1.3552165680332235,0.7097358044736898,1.1047536530160185,2.0395512719547915,76.307,55.218
1766251452.836203,155,101;102;103;104;200;201;202,35.457;71.042;68.691;56.602;72.379;64.553;75.251,0.3411241558420515,-1.307528069452117,-0.5368845565684035,-1.0809752866280713,0.8303609766003855,0.36682020112233527,0.12149692510383639,-1.0441409822178864,1.3553143078546348,0.7096174827406205,1.1041776224457118,2.0392737703680393,76.294,55.226
1766251452.899785,156,101;102;103;104;200;201;202,33.714;70.911;68.740;56.658;72.267;64.886;76.725,0.3409038482756465,-1.308747543864656,-0.5376349023372166,-1.0812340841409485,0.8309778354942274,0.36623324062363843,0.12022067143783255,-1.043492395651764,1.356070264654556,0.7094586609527588,1.105078026997419,2.0392576189868077,76.354,55.180
1766251452.967680,157,101;102;103;104;200;201;202,36.603;71.020;68.237;57.033;71.787;65.190;76.591,0.3408520334016105,-1.3085125718498019,-0.5377672789737078,-1.080699181137516,0.8314032099565813,0.36617525336149453,0.1202965807836898,-1.043757115834435,1.3561029831663547,0.7096260367435262,1.1044459668970463,2.0393986517001377,76.340,55.193
1766251453.032282,158,101;102;103;104;200;201;202,33.947;70.609;68.978;57.940;71.778;65.598;77.758,0.3409794219955371,-1.309158622742238,-0.5378389798872496,-1.0813842671513294,0.8313164378923015,0.3659558666128788,0.11975947692074222,-1.0432659523323522,1.3561785517924299,0.7095947409568983,1.1052097950830688,2.0394092473992727,76.376,55.165
1766251453.097431,159,101;102;103;104;200;201;202,34.344;70.396;69.170;55.109;72.613;64.531;75.174,0.3408273842917534,-1.3092571483100934,-0.5381271880953188,-1.081379606211724,0.8316716395803544,0.3657871027961863,0.11954259556538115,-1.0433210593449407,1.3564350836980548,0.7095003147542117,1.1052759766184803,2.03967966458411,76.378,55.164
1766251453.163893,160,101;102;103;104;200;201;202,33.346;70.661;68.837;55.885;71.831;64.810;76.376,0.3410787149137026,-1.3098706958479946,-0.5381602622746324,-1.0819651194513646,0.8314469456090798,0.36555156137638684,0.11899986817095598,-1.0428519581648727,1.356381982684591,0.7094559683088312,1.1058639496823142,2.0396022674182253,76.415,55.137
1766251453.239245,161,101;102;103;104;200;201;202,32.456;70.186;69.411;57.314;72.173;64.426;75.722,0.34157829069139367,-1.311267743234486,-0.5384124611097237,-1.0828551465297456,0.83133276765835,0.36503756461029724,0.11766130457196466,-1.041871300710728,1.3563853880600616,0.709566048302755,1.1068903243508825,2.0393708746246078,76.497,55.079
1766251453.304087,162,101;102;103;104;200;201;202,32.929;70.696;68.611;56.516;71.423;65.981;75.961,0.3417799115335711,-1.3101257476215795,-0.5377130961916663,-1.0833343436970877,0.8306636712581965,0.3656343046970049,0.11885603338762736,-1.0424804668593934,1.3556837698821442,0.7095593252516472,1.1066343449931946,2.0397972443505332,76.441,55.123
1766251453.374439,163,101;102;103;104;200;201;202,33.032;70.525;69.300;56.123;72.363;64.714;75.799,0.3419473796925497,-1.309866859954267,-0.5371803999660414,-1.0834229867606944,0.8303824731870929,0.3657875304934165,0.11935899795097457,-1.0424291060476285,1.3552886176636645,0.7098520943604013,1.1064032104351593,2.039670654278429,76.431,55.126
1766251453.457220,164,101;102;103;104;200;201;202,33.274;70.472;69.588;56.352;72.144;65.075;74.641,0.34198777090256055,-1.3100697816145535,-0.5370233634227002,-1.0833334368067722,0.8303451091346907,0.3656303538633695,0.11932826278454926,-1.0421765823744027,1.3552491399011117,0.7099798275622498,1.1063149573425748,2.0394396733559312,76.443,55.113
1766251453.561422,165,101;102;103;104;200;201;202,33.843;71.568;69.558;55.611;72.566;65.118;75.863,0.34100742035662956,-1.3095008335154728,-0.537451492049798,-1.0826178945735516,0.8304145258508804,0.3658945663321215,0.11982044264846985,-1.0427677839616576,1.3561036369158308,0.7091102123219039,1.1064332597979578,2.039360652599909,76.397,55.140
1766251453.683083,166,101;102;103;104;200;201;202,35.469;70.384;68.230;54.816;72.611;65.769;76.101,0.34161019906198964,-1.3080328712735168,-0.5365214533450646,-1.0826581837654603,0.8297338043676017,0.3666301935870607,0.12122276751668742,-1.0435767195054693,1.354893235359882,0.709548947592409,1.1053331116393585,2.0396813020275073,76.330,55.198
1766251453.933332,167,101;102;103;104;200;201;202,31.739;70.891;69.317;56.594;73.080;64.453;76.440,0.3416209384368264,-1.3091501430625376,-0.5367940730127916,-1.083048914996204,0.8299033774196173,0.3661903273381803,0.12027550720733109,-1.0427823737317143,1.3552570714548666,0.7095853812602216,1.1061539715337325,2.0393829482594046,76.389,55.149
1766251454.001362,168,101;102;103;104;200;201;202,33.086;70.907;68.899;55.820;72.059;65.190;75.783,0.3419225933541892,-1.3082816678827902,-0.535963181972791,-1.0832910950448373,0.8293567348257727,0.3666364860223157,0.12134601032671223,-1.043099984347052,1.3544899781161681,0.7099039015316222,1.1056714822640312,2.039512165569123,76.350,55.177
1766251454.107647,169,101;102;103;104;200;201;202,33.743;70.806;68.816;56.909;72.192;65.974;76.736,0.3415940389146175,-1.3076684820749953,-0.5357561413831352,-1.0834358865795302,0.8289589492789696,0.3672408108757828,0.12205777375806678,-1.0434633749776874,1.354548383969099,0.7096274599143073,1.1060323499025626,2.0394773939222053,76.313,55.200
1766251454.192645,170,101;102;103;104;200;201;202,34.614;70.908;69.102;56.984;72.548;65.266;75.921,0.34174237729139373,-1.3076526215502042,-0.5357515166942064,-1.0830032764408988,0.8293603123064979,0.36708978529298397,0.12200380570249408,-1.0434930864104712,1.3544148310819908,0.7100281291112676,1.1053797346092344,2.039507480984706,76.314,55.202
1766251454.259852,171,101;102;103;104;200;201;202,33.885;71.003;69.708;56.478;72.829;64.533;75.997,0.3410870166461479,-1.308594259485985,-0.5366701818752533,-1.0826047229339848,0.8295877236159249,0.36684087719623243,0.12097967876996203,-1.0431168797715606,1.3555362653143237,0.7093085300760458,1.106314578188682,2.038913826211486,76.352,55.169
1766251454.324846,172,101;102;103;104;200;201;202,35.868;70.625;69.345;57.801;72.117;64.621;75.818,0.34067949042101464,-1.3098231195883596,-0.5379678646246105,-1.0819619508442075,0.8305349621500777,0.3660335359273087,0.11936170764753667,-1.0427361073148687,1.356647284976439,0.7088587839096957,1.1066392268669527,2.038771311852637,76.408,55.132
1766251454.389119,173,101;102;103;104;200;201;202,34.679;70.646;68.919;56.569;72.703;65.088;75.012,0.3407887963611856,-1.3096555354998578,-0.5378014985502347,-1.0820258483296261,0.8305084484749323,0.3661303997084564,0.1195496532919414,-1.0428007336300007,1.356453179276872,0.7090255172489452,1.1065014266788882,2.0388464637776673,76.401,55.138
1766251454.454327,174,101;102;103;104;200;201;202,35.903;70.438;69.058;56.753;72.034;65.812;75.660,0.34064197357730913,-1.3095382110246465,-0.5381869362614425,-1.0814231307072806,0.8313778490848481,0.3658817857916647,0.11939709639469978,-1.0430923538233006,1.3566856979121367,0.7092405832830074,1.1058089568420462,2.039249997010608,76.391,55.150
1766251454.518757,175,101;102;103;104;200;201;202,33.137;70.329;69.199;56.284;71.819;64.576;75.982,0.3406690677656498,-1.3101192568652535,-0.5386869969954218,-1.0816055492107284,0.8314438891106939,0.3656356445745002,0.11861876141121099,-1.042877809882677,1.3569813827185957,0.7089460683415978,1.1063039376891157,2.0392379219200922,76.421,55.132
1766251454.585661,176,101;102;103;104;200;201;202,32.805;70.649;68.752;56.393;72.676;64.990;75.103,0.34119104042823184,-1.3101902066562194,-0.5384261519502802,-1.0827447960686145,0.8311205460473304,0.36584061428308157,0.11853435474987627,-1.042741400423047,1.3564573320310422,0.7091946886753381,1.1069196633707565,2.039643952228569,76.433,55.129
1766251454.687966,177,101;102;103;104;200;201;202,34.192;71.192;68.919;55.711;72.721;65.221;75.919,0.3406779371085734,-1.30912078595456,-0.537790205729551,-1.081970379191008,0.8308647257668282,0.36629205593820463,0.1199597339859703,-1.0432329137720366,1.3564122197903778,0.7091623042665697,1.106171118920864,2.0393464646799386,76.370,55.162
1766251454.782787,178,101;102;103;104;200;201;202,34.023;70.713;69.600;55.939;72.521;65.027;76.071,0.3410393085344951,-1.3089230645132484,-0.5374012179307367,-1.082409118675449,0.8304167900302982,0.36634191906094293,0.12022342616655558,-1.0432331282774026,1.3559151292426734,0.7092321121863857,1.1061118911124086,2.0394741519891086,76.366,55.167
1766251455.035444,179,101;102;103;104;200;201;202,33.625;70.230;68.884;55.668;72.643;66.818;75.760,0.3413975738071849,-1.3069424959135894,-0.5357317277443019,-1.0832529090198937,0.8287961479165117,0.3675324158723682,0.12264260795531588,-1.0440390198072451,1.3545286565671213,0.7093088255060142,1.105763502738586,2.0397204600050696,76.271,55.233
1766251455.145372,180,101;102;103;104;200;201;202,37.557;71.397;69.848;55.703;73.290;65.524;74.980,0.3413603863522862,-1.3068700221828318,-0.535914673682864,-1.0822348825407593,0.8296334247494968,0.36709192097313414,0.12256644604858584,-1.044195908945343,1.3546068280897883,0.7097048999793298,1.1045417736660683,2.0398308249475856,76.266,55.240
1766251455.256600,181,101;102;103;104;200;201;202,34.791;71.163;68.454;56.841;72.505;65.277;75.431,0.34068960917494784,-1.307663004866132,-0.5364572757601951,-1.0817389541064761,0.8299089621335832,0.3668073346839665,0.12193610625055172,-1.043737412203999,1.3555731235849238,0.7092724865258969,1.1051679649608277,2.039186566087703,76.297,55.206
1766251455.425151,182,101;102;103;104;200;201;202,36.406;70.927;68.754;58.216;72.663;64.278;76.785,0.3402303282215184,-1.3091106703678332,-0.5373310653588342,-1.0811310835576655,0.8303619631303204,0.36623985676502163,0.12052444581608558,-1.0429330190078103,1.3566351349432104,0.7089413827991378,1.1058745486202484,2.0383046293125515,76.365,55.149
1766251455.532523,183,101;102;103;104;200;201;202,35.545;70.604;69.037;55.498;71.871;65.227;76.060,0.3392009350297233,-1.3071553003970238,-0.5363466752088409,-1.0800410068875046,0.8294496369768534,0.36745660166400745,0.12303559343528707,-1.0439165653217963,1.3566927718539163,0.7084716603660249,1.1052409164612582,2.0375972219881255,76.249,55.214
1766251455.652899,184,101;102;103;104;200;201;202,32.017;70.777;68.964;57.454;72.234;64.790;75.617,0.3398072908180605,-1.3088303466299605,-0.5370040067829245,-1.081396530160008,0.8296548888434375,0.36671918564737355,0.12115349209154896,-1.0429370994913694,1.3568160159445364,0.7084881337846898,1.1066050310512159,2.037901536527611,76.345,55.151
1766251455.761779,185,101;102;103;104;200;201;202,33.347;70.408;68.860;58.142;72.953;65.494;77.061,0.3401997759429492,-1.309207572391857,-0.5370602561047404,-1.08215947436975,0.8295550933963525,0.3666772638968848,0.12068324052939453,-1.042698793633272,1.3565906826839793,0.7086078714399614,1.1071378199169806,2.038141613077026,76.371,55.138
1766251455.852920,186,101;102;103;104;200;201;202,33.654;70.937;68.968;57.111;72.888;65.621;76.033,0.34044056357868646,-1.3097040114821628,-0.5375992389881911,-1.0826987531981866,0.8300494157891283,0.36640532452276514,0.11983276566168187,-1.0426046362603163,1.3566948337534033,0.7086737385634725,1.107542689747276,2.038719966508823,76.399,55.127
1766251455.947540,187,101;102;103;104;200;201;202,35.278;70.954;68.878;56.254;72.028;65.145;75.438,0.34047492615570474,-1.3098381137785402,-0.5380986242574278,-1.0822298779510418,0.8307547149243504,0.36615900261616335,0.11934478069511202,-1.042768964609354,1.3568732750135315,0.7088422454651537,1.1070622862692587,2.0389873794384967,76.405,55.132
1766251456.010209,188,101;102;103;104;200;201;202,33.819;70.174;69.002;58.278;72.772;64.727;75.508,0.3402741402131062,-1.3100703547178822,-0.538733226931225,-1.082321272680903,0.8305174328464549,0.3662173521484387,0.11879579254534554,-1.0428942204965728,1.3573261996365125,0.7080920130113456,1.1077379850371267,2.0389240183835042,76.412,55.132
1766251456.080047,189,101;102;103;104;200;201;202,34.105;71.321;68.834;55.977;72.005;64.772;76.442,0.3402471093583975,-1.3105711471516694,-0.5385488100996054,-1.0824687991718607,0.8308845217788852,0.36601002620328144,0.11862167806047086,-1.0423660215023784,1.3574090269577785,0.7085870562629257,1.1079335975536742,2.038780129721444,76.440,55.103
1766251456.145439,190,101;102;103;104;200;201;202,34.026;70.901;68.923;56.643;72.658;65.705;75.917,0.34048033683425966,-1.3099525663387588,-0.5383889558273383,-1.0830724119980073,0.8304356252881034,0.36665315617069794,0.11904378170793152,-1.0428317311135624,1.3569986046534541,0.7085273212159322,1.1082366053214336,2.0391326958831195,76.410,55.132
1766251456.208805,191,101;102;103;104;200;201;202,35.044;71.054;69.661;55.676;72.471;64.218;75.946,0.34000336192274944,-1.3103252387164688,-0.5390049267787032,-1.0820644006416822,0.8312953044268523,0.3660962709506777,0.1185432352248673,-1.0427926861593382,1.3577180594858198,0.7084079130799379,1.1077290785051686,2.039032001181281,76.421,55.122
1766251456.334166,192,101;102;103;104;200;201;202,34.281;70.383;69.756;56.919;72.143;65.366;75.416,0.34068459360845627,-1.3106760489503817,-0.5387693273645734,-1.0827051413919475,0.8311893141963332,0.36584149873603544,0.11818316773892372,-1.042453624462254,1.357134723157167,0.7088373115551615,1.1077116628863868,2.039262057863706,76.451,55.107
1766251456.396963,193,101;102;103;104;200;201;202,32.400;71.026;69.387;57.078;72.327;65.384;75.923,0.34163269786920425,-1.3104099850277282,-0.5380225212228026,-1.0837962628797604,0.8306736969644852,0.3659581955408194,0.11849890736785564,-1.0423906461995156,1.3559895286505748,0.7094323949096566,1.1075770471917967,2.0397712979662894,76.453,55.114
1766251456.465420,194,101;102;103;104;200;201;202,34.444;70.918;69.592;57.396;72.308;65.356;76.062,0.3413666783092453,-1.3102469562357828,-0.5380184092362695,-1.0835496122366894,0.8305594163268394,0.3660765748744029,0.11873062309287125,-1.0424925406732466,1.3561771751877203,0.7092161246774127,1.1075951994000377,2.0395805997828713,76.440,55.119
1766251456.528199,195,101;102;103;104;200;201;202,36.607;71.219;69.518;57.215;72.246;66.183;76.987,0.3417218364596468,-1.3094416206220905,-0.5369528411779461,-1.0831893970166468,0.8300823818104976,0.3663189371757511,0.11991607447313557,-1.042635583252845,1.3552979871055917,0.709818987223461,1.1064577116006897,2.0393122060989217,76.406,55.139
1766251456.594967,196,101;102;103;104;200;201;202,34.128;71.372;69.000;56.306;72.803;66.143;76.421,0.3419274923689585,-1.308174563857522,-0.536228470563738,-1.0831400614222215,0.82959051274135,0.3667917032217876,0.12120996342089493,-1.0433365845681348,1.3545520655490135,0.7099430901517918,1.1055900533676941,2.0396467314243694,76.343,55.188
1766251456.667111,197,101;102;103;104;200;201;202,35.489;70.904;68.800;55.858;72.603;65.266;74.851,0.3413743311016871,-1.3079315731278778,-0.5361541652176747,-1.0823759828184467,0.8300691334426595,0.3667108646091002,0.12167970266071367,-1.0434311464446586,1.3549428716799683,0.7100378179756912,1.1050898707464836,2.0394978097685006,76.322,55.193
1766251456.728814,198,101;102;103;104;200;201;202,37.072;70.617;69.287;55.994;71.796;64.424;76.056,0.3407260450337591,-1.3083547151839447,-0.5369426218196972,-1.0807503334449415,0.8313234670944544,0.3661004821644996,0.12109235667986017,-1.0434228902107194,1.3558836550901798,0.7100716449832117,1.1042071244248766,2.0392013403661036,76.333,55.183
1766251456.793990,199,101;102;103;104;200;201;202,34.191;70.323;68.864;57.382;72.248;65.613;75.762,0.34049864605426977,-1.3094617119348007,-0.5375979412515225,-1.0814955705052238,0.8314991798080541,0.36579196023103144,0.11996611551085871,-1.0428163392028966,1.356584175564189,0.7096631528098651,1.105659733147046,2.0391973089169895,76.387,55.140
1766251456.860669,200,101;102;103;104;200;201;202,35.661;70.957;69.082;57.711;72.443;64.434;77.023,0.3401554166106868,-1.310064810394688,-0.5378625981399224,-1.0810370713911581,0.8318852274554606,0.3654319326318283,0.11952383959242094,-1.0424072094793218,1.3571225016544326,0.7096420702690177,1.1057627893427076,2.038788336791541,76.414,55.113
1766251456.927023,201,101;102;103;104;200;201;202,36.092;70.756;69.068;56.825;72.447;64.612;75.628,0.34010211351769987,-1.3100684039137176,-0.5382727910636282,-1.0802779913643497,0.8325811373864976,0.36527646419398907,0.11923014698425594,-1.0426219369271805,1.357312985351477,0.7098657960099363,1.1050799702927603,2.038870847744846,76.412,55.120
1766251456.992309,202,101;102;103;104;200;201;202,35.550;70.389;69.277;55.980;72.010;64.216;76.564,0.33996081476985684,-1.310861415077908,-0.5390548642230301,-1.0799864807232955,0.8331497466776333,0.3645897276003199,0.1181725860122148,-1.0423607655615719,1.357904983011338,0.7095549334180178,1.1051778569576258,2.0389374105725118,76.449,55.097
1766251457.058236,203,101;102;103;104;200;201;202,34.395;71.099;68.983;56.380;72.692;65.672;75.328,0.3399674377131675,-1.3103807657316162,-0.5389066260055734,-1.0803556691530578,0.8325898749032925,0.36502404572251024,0.1185989192674004,-1.0426873189129893,1.3577284070862035,0.7092251252008522,1.1054886413956717,2.03903574699174,76.424,55.117
1766251457.126560,204,101;102;103;104;200;201;202,36.151;70.949;69.033;58.599;72.161;65.702;76.020,0.3405235259660551,-1.310693962292191,-0.539086529448332,-1.08093566610718,0.8322263192623934,0.3649093750333863,0.11800085685178716,-1.0425915106745975,1.3573891064532169,0.7090831070568162,1.105778536421249,2.0392100029822577,76.448,55.111
1766251457.191050,205,101;102;103;104;200;201;202,32.339;70.759;68.453;56.211;72.607;65.367;75.461,0.34065181733898353,-1.30934870766122,-0.5382782877577318,-1.0817883977200526,0.8310232873115012,0.36599867129877256,0.11944654994232344,-1.0433039764494456,1.3566621820331244,0.7088179833597885,1.106134662950213,2.039467619047494,76.380,55.161
1766251457.255940,206,101;102;103;104;200;201;202,34.461;70.493;68.982;55.723;71.577;64.637;75.557,0.34085934662326806,-1.308881452796055,-0.5379136737491527,-1.0821877843006622,0.8304646056462317,0.3664135981600807,0.11993867105167033,-1.0435261058255074,1.3562395194968553,0.7087844800143999,1.1062431810704472,2.039532499716387,76.359,55.178
1766251457.321088,207,101;102;103;104;200;201;202,33.111;70.738;69.224;56.983;71.902;64.982;76.496,0.34078129894350867,-1.3092409299682235,-0.5382458023569733,-1.0827018519810618,0.8304200947946396,0.3663572217717529,0.11948301062740274,-1.0433938626539523,1.3565123482314232,0.7084502710053767,1.107008433742647,2.0396875827709517,76.376,55.167
1766251457.389050,208,101;102;103;104;200;201;202,35.865;70.267;68.426;55.734;72.820;65.459;77.185,0.34022359098821575,-1.308012871582939,-0.5378796486611597,-1.0818551345751122,0.830063942559272,0.36694443163659973,0.12082530735027965,-1.0441615276035305,1.3565605396215104,0.7081051404774239,1.1063224934902438,2.039466922953017,76.303,55.214
1766251457.457276,209,101;102;103;104;200;201;202,34.742;70.626;68.753;55.400;71.782;65.167;75.196,0.3407129578661485,-1.3074292302489403,-0.5372267260042657,-1.0823321744762435,0.8298041471779231,0.3672521594027396,0.12148665462475813,-1.0443598500535256,1.3557644503544257,0.7086239378120991,1.1059503454877757,2.0398236470369575,76.281,55.234
1766251457.525994,210,101;102;103;104;200;201;202,35.931;70.624;69.038;56.863;72.674;64.829;76.520,0.3405947346422715,-1.3086944442439512,-0.537801908634683,-1.0822081503906464,0.8304209145221277,0.36663649723793523,0.12026837690056476,-1.04358947555895,1.3563822926622424,0.7087291193632094,1.1064532214008354,2.0394693563010904,76.346,55.183
1766251457.591524,211,101;102;103;104;200;201;202,34.437;70.812;69.201;56.922;72.306;65.199;76.761,0.3404041896735366,-1.3089724089389192,-0.5384121899889683,-1.082044247501665,0.8306936453451959,0.3664879076545839,0.11970348942045135,-1.0436642090490744,1.3568293823854694,0.7083700898152282,1.1066881288181243,2.039550650087792,76.356,55.180
1766251457.720712,212,101;102;103;104;200;201;202,35.788;71.339;70.541;55.626;72.095;64.716;76.467,0.33989146949338767,-1.3096981723641403,-0.5383357133606489,-1.08087810878268,0.831502869625921,0.36587704349123185,0.11952084168239921,-1.0429428516345525,1.3574250148694373,0.7088925270821463,1.106117988472769,2.0387289297582623,76.388,55.138
1766251457.782458,213,101;102;103;104;200;201;202,36.776;70.907;70.036;55.374;73.253;64.675;75.311,0.33952562210660264,-1.309043441556787,-0.5383579794279402,-1.0797977313005696,0.8318954852846318,0.3658376649289556,0.12010040891437852,-1.0434624850311998,1.3575861765572177,0.7088666113648145,1.1050281836402076,2.0387545152264965,76.347,55.167
1766251457.849059,214,101;102;103;104;200;201;202,33.666;70.886;70.134;56.011;72.589;64.685;75.078,0.33927601297446186,-1.309739245778451,-0.5391121675133588,-1.079780093608775,0.832368761540735,0.3655972682403452,0.11917743623361093,-1.0432546091395747,1.3582380791046793,0.7086007654787119,1.105638545258924,2.0387565857861025,76.378,55.146
1766251457.918681,215,101;102;103;104;200;201;202,34.036;70.724;69.787;54.928;72.123;65.255;75.305,0.3399056234647133,-1.308631240683893,-0.5379638586218973,-1.0804779096564248,0.8316042782999288,0.3663310645987525,0.12050039011158242,-1.043643915384572,1.3570179708247652,0.709208074982198,1.1052109969681263,2.039059183338079,76.332,55.182
1766251457.981928,216,101;102;103;104;200;201;202,37.053;71.218;69.233;56.257;72.650;64.822;75.967,0.3400039304116924,-1.3086955744350928,-0.5380637139465818,-1.0799622091628984,0.8320598115200567,0.3661284061891624,0.12033636596469922,-1.0436566894228236,1.35698407277643,0.7095489772133997,1.1045768588064953,2.0390542413874853,76.336,55.182
1766251458.049795,217,101;102;103;104;200;201;202,33.760;70.991;69.358;57.243;71.810;65.010;75.457,0.3403867199320161,-1.3091338979496374,-0.5378279875872066,-1.0806471632016574,0.8315651785090766,0.365698412330878,0.12005525850504592,-1.0432054444061667,1.3566799817132296,0.7094033669726264,1.10488680240403,2.0390922572596177,76.367,55.160
1766251458.114576,218,101;102;103;104;200;201;202,34.899;70.718;68.665;56.748;72.038;64.353;77.172,0.34038506473435565,-1.3090809239748997,-0.5376615916477752,-1.0805596623362475,0.8310805435173008,0.3659599899883608,0.12021882031901009,-1.0431589305259175,1.3566099979847082,0.7092730536222671,1.105035362614539,2.038627612272671,76.364,55.159
1766251458.180291,219,101;102;103;104;200;201;202,34.766;70.657;69.792;56.876;72.652;65.667;76.015,0.34022454131915003,-1.3087334030581161,-0.5375069803440629,-1.0809593762600866,0.8306938481218842,0.36635257279131306,0.12063916009750303,-1.043347849118204,1.3566081138787893,0.7090123837486829,1.1055178787095556,2.038700785043199,76.344,55.171
1766251458.246522,220,101;102;103;104;200;201;202,35.256;70.628;68.644;58.759;72.050;65.799;76.131,0.3406771714241448,-1.309860426368504,-0.5382008936140871,-1.0815170096917845,0.8310492294360418,0.3656608655203053,0.11915895545469493,-1.0428318136579617,1.3567401075728616,0.7089632118569082,1.1060346196377182,2.039001859478756,76.409,55.135
1766251458.313357,221,101;102;103;104;200;201;202,36.449;70.841;69.107;57.233;72.064;64.893;75.782,0.33991153892094716,-1.3106040551757252,-0.5393933283584728,-1.0805206836828594,0.8322723095780806,0.36508038840330886,0.11810329172640091,-1.0427574956809968,1.3580022247436532,0.7086067041438172,1.1060757426888734,2.0389563114422264,76.433,55.116
1766251458.379509,222,101;102;103;104;200;201;202,33.691;70.707;69.234;55.410;72.356;65.636;76.948,0.34035054245813273,-1.3101009164357575,-0.5390639770699988,-1.0812105146437079,0.8319100698317328,0.3653433022634028,0.11848618636550878,-1.043059083427659,1.35738359202693,0.7087121513759982,1.1060516631320971,2.039485461844825,76.413,55.138
1766251458.443653,223,101;102;103;104;200;201;202,35.099;70.896;69.385;57.931;72.590;65.298;76.061,0.34000145050973174,-1.3094885065887503,-0.5384320791902576,-1.0804785772832495,0.8316753746969292,0.365647401095327,0.11953388725699257,-1.0431870615734906,1.3573118765504344,0.7088772481020696,1.1054292721548482,2.038929136002221,76.378,55.151
1766251458.510160,224,101;102;103;104;200;201;202,32.887;70.503;69.555;57.392;71.894;65.120;76.556,0.3403334929986807,-1.3091433546721838,-0.5377997517454821,-1.0812989713623498,0.8307389524593283,0.36622658952230824,0.12009513255594406,-1.0431752023884513,1.3567183683288404,0.7089052418047097,1.1059629762111003,2.0387959379127056,76.367,55.158
1766251458.579254,225,101;102;103;104;200;201;202,34.721;71.408;69.474;55.967;72.249;65.534;75.106,0.3403044783947541,-1.3092503395413841,-0.5371492868321589,-1.0811746258029062,0.8307321279244604,0.36614574284791823,0.12053879427085788,-1.0427247216055646,1.3565421418956822,0.709441723861591,1.1057311566605206,2.0383749066486803,76.375,55.139
1766251458.645575,226,101;102;103;104;200;201;202,35.228;70.707;69.316;58.556;72.198;64.849;75.772,0.3401706714858056,-1.3109829137577822,-0.5382884624151456,-1.0817450630324361,0.8314146909199214,0.36525240783809193,0.11858693332476243,-1.0418653202585149,1.3574857998239598,0.709043145561866,1.1070576169139579,2.0384901772932356,76.462,55.077
1766251458.709392,227,101;102;103;104;200;201;202,34.294;70.941;69.134;57.452;72.298;65.552;75.929,0.33981177016291725,-1.3116373881370107,-0.5388558350745095,-1.0819096694800088,0.8317357772042263,0.36510613202723596,0.11788494878965611,-1.0415760684931377,1.3581558845645783,0.7087512435459137,1.1079055095305228,2.0384207856707794,76.490,55.053
1766251458.774912,228,101;102;103;104;200;201;202,31.904;70.570;68.825;56.446;72.164;65.161;76.490,0.33957595965912113,-1.3098197560958553,-0.5378509278607393,-1.0818603511895604,0.8304911054708864,0.36633665850522545,0.11995848406807183,-1.0425342868549108,1.3575576433020868,0.708421411540127,1.1075970581170589,2.03825496998227,76.392,55.118
1766251458.841792,229,101;102;103;104;200;201;202,32.488;70.416;68.918;56.313;71.723;64.899;75.109,0.33980389077801704,-1.3097247943340338,-0.5381331714472959,-1.082462382566741,0.8304286498422664,0.3666511296499321,0.11969932809477148,-1.0427982671536236,1.3574362695785518,0.7083224435697764,1.1080878004432293,2.038694772754376,76.389,55.131
1766251458.910970,230,101;102;103;104;200;201;202,33.530;70.250;69.388;55.566;72.876;64.397;75.843,0.3400360513036474,-1.310394533672046,-0.5384025811960425,-1.0827758308642914,0.8305442286451132,0.36625564720517906,0.11894654280686258,-1.0424085605426432,1.3574962058498137,0.7083229676848334,1.1084056399012032,2.0387372080816406,76.428,55.107
1766251458.977713,231,101;102;103;104;200;201;202,33.705;71.124;69.342;55.984;72.142;64.894;76.067,0.3399906840162394,-1.311963403151438,-0.53899873969472,-1.0828677492375427,0.8315701474995117,0.3652048164800028,0.11747937522977013,-1.041401119125392,1.3581321315257615,0.7086423892313204,1.1088462268109978,2.0387191750054066,76.510,55.042
1766251459.044144,232,101;102;103;104;200;201;202,34.474;70.655;68.303;56.225;72.368;65.153;75.808,0.3403958245653209,-1.3100110286490887,-0.5378991246961419,-1.0824126445339126,0.8310212261516957,0.3660207694175001,0.1194210839069306,-1.0425033501922754,1.3569145429632947,0.7091468243731761,1.107161641836641,2.0390593228365685,76.414,55.118
1766251459.136664,233,101;102;103;104;200;201;202,34.910;70.645;68.607;55.845;72.616;65.613;75.287,0.34061726529289155,-1.309156526681167,-0.5373795667610931,-1.082615502178791,0.8307089286706695,0.3663614693368917,0.12028005659052168,-1.0429700600185794,1.3563296419497952,0.7093025070648741,1.106683675863344,2.0394411848870657,76.373,55.151
1766251459.222675,234,101;102;103;104;200;201;202,34.111;71.182;69.738;56.718;72.292;65.604;75.920,0.34130152816495013,-1.3087628743926083,-0.5361897233672743,-1.0833302488314338,0.8300657112579374,0.36672282542229806,0.1211405032422334,-1.0427382482764274,1.3552247571866654,0.7101399285363665,1.1064482110619585,2.0393750264867787,76.366,55.152
1766251459.301846,235,101;102;103;104;200;201;202,34.831;70.897;69.271;56.610;72.254;65.436;76.239,0.3411271942502265,-1.308851158827151,-0.5366542919448973,-1.082847005728159,0.8304557502840513,0.3664439578495306,0.12080503888664078,-1.0428959651869392,1.3555598427454905,0.7099151795897473,1.1061471690040805,2.03948690924869,76.367,55.156
1766251459.367806,236,101;102;103;104;200;201;202,35.109;70.843;69.275;58.648;72.262;64.239;75.552,0.34087658982594404,-1.3102344797563683,-0.537520169206149,-1.0825382620944979,0.8308612219713927,0.3658895711853762,0.11934630387213205,-1.0421680147373749,1.3564224822773394,0.7096206197791749,1.106883849674915,2.038866565816899,76.435,55.104
1766251459.436815,237,101;102;103;104;200;201;202,35.448;70.958;69.317;57.037;72.388;64.189;75.690,0.34040082594179366,-1.311118839306066,-0.537885733660054,-1.0823579879559362,0.8315282476420295,0.3654410698649721,0.11870250746924971,-1.0415592186423863,1.35717993656659,0.7096836590357959,1.1073889531763852,2.038591349935098,76.474,55.064
1766331235.938609,0,103;108;109;200;201;202,66.373;48.834;67.394;69.855;75.754;56.627,-1.3686018670710387,1.1090169525576568,-0.01739403683136824,-0.24174779904534752,0.6097634935276719,0.27164287434784634,-1.8637099855168064,0.9407877857533774,-0.7155347558076294,0.08157576742201982,0.17633487084016106,1.8164049979860248,79.074,64.754
1766331236.036174,1,103;108;109;200;201;202,67.125;49.041;69.256;71.874;75.889;57.288,-1.2514514783771258,1.0799429999378507,-0.14627982261911704,-0.173568764322367,0.6464627539945891,0.2696788246373555,-1.8111883305030583,1.1298262846691907,-0.746426221282881,0.08129351915336779,0.21329711382035255,1.834953961716998,85.406,62.698
1766331236.137493,2,103;108;109;200;201;202,67.447;49.151;67.537;70.306;75.203;58.789,-1.156037307058296,1.0528398450823733,-0.24493929095939085,-0.11653474941591203,0.6713139823877463,0.2779108090496401,-1.762700802752288,1.2792366555510617,-0.7692406894606331,0.08389811229245348,0.24267869777666445,1.8527095461463663,89.292,60.794
1766331236.231420,3,103;108;109;200;201;202,67.447;49.151;67.537;70.306;75.203;58.789,-1.156037307058296,1.0528398450823733,-0.24493929095939085,-0.11653474941591203,0.6713139823877463,0.2779108090496401,-1.762700802752288,1.2792366555510617,-0.7692406894606331,0.08389811229245348,0.24267869777666445,1.8527095461463663,89.292,60.794
1766331236.426505,4,103;108;109;200;201;202,67.447;49.151;67.537;70.306;75.203;58.789,-1.156037307058296,1.0528398450823733,-0.24493929095939085,-0.11653474941591203,0.6713139823877463,0.2779108090496401,-1.762700802752288,1.2792366555510617,-0.7692406894606331,0.08389811229245348,0.24267869777666445,1.8527095461463663,89.292,60.794
1766331236.516134,5,103;108;109;200;201;202,67.447;49.151;67.537;70.306;75.203;58.789,-1.156037307058296,1.0528398450823733,-0.24493929095939085,-0.11653474941591203,0.6713139823877463,0.2779108090496401,-1.762700802752288,1.2792366555510617,-0.7692406894606331,0.08389811229245348,0.24267869777666445,1.8527095461463663,89.292,60.794
1766331236.656806,6,103;108;109;200;201;202,67.447;49.151;67.537;70.306;75.203;58.789,-1.156037307058296,1.0528398450823733,-0.24493929095939085,-0.11653474941591203,0.6713139823877463,0.2779108090496401,-1.762700802752288,1.2792366555510617,-0.7692406894606331,0.08389811229245348,0.24267869777666445,1.8527095461463663,89.292,60.794
1766331236.736344,7,103;108;109;200;201;202,67.447;49.151;67.537;70.306;75.203;58.789,-1.156037307058296,1.0528398450823733,-0.24493929095939085,-0.11653474941591203,0.6713139823877463,0.2779108090496401,-1.762700802752288,1.2792366555510617,-0.7692406894606331,0.08389811229245348,0.24267869777666445,1.8527095461463663,89.292,60.794
1766331236.829303,8,103;108;109;200;201;202,67.447;49.151;67.537;70.306;75.203;58.789,-1.156037307058296,1.0528398450823733,-0.24493929095939085,-0.11653474941591203,0.6713139823877463,0.2779108090496401,-1.762700802752288,1.2792366555510617,-0.7692406894606331,0.08389811229245348,0.24267869777666445,1.8527095461463663,89.292,60.794
1766331236.895415,9,103;108;109;200;201;202,67.447;49.151;67.537;70.306;75.203;58.789,-1.156037307058296,1.0528398450823733,-0.24493929095939085,-0.11653474941591203,0.6713139823877463,0.2779108090496401,-1.762700802752288,1.2792366555510617,-0.7692406894606331,0.08389811229245348,0.24267869777666445,1.8527095461463663,89.292,60.794
1766331236.958796,10,103;108;109;200;201;202,67.447;49.151;67.537;70.306;75.203;58.789,-1.156037307058296,1.0528398450823733,-0.24493929095939085,-0.11653474941591203,0.6713139823877463,0.2779108090496401,-1.762700802752288,1.2792366555510617,-0.7692406894606331,0.08389811229245348,0.24267869777666445,1.8527095461463663,89.292,60.794
1766331237.028815,11,103;108;109;200;201;202,67.447;49.151;67.537;70.306;75.203;58.789,-1.156037307058296,1.0528398450823733,-0.24493929095939085,-0.11653474941591203,0.6713139823877463,0.2779108090496401,-1.762700802752288,1.2792366555510617,-0.7692406894606331,0.08389811229245348,0.24267869777666445,1.8527095461463663,89.292,60.794
1766331237.088573,12,103;108;109;200;201;202,67.447;49.151;67.537;70.306;75.203;58.789,-1.156037307058296,1.0528398450823733,-0.24493929095939085,-0.11653474941591203,0.6713139823877463,0.2779108090496401,-1.762700802752288,1.2792366555510617,-0.7692406894606331,0.08389811229245348,0.24267869777666445,1.8527095461463663,89.292,60.794
1766331237.155429,13,103;108;109;200;201;202,67.447;49.151;67.537;70.306;75.203;58.789,-1.156037307058296,1.0528398450823733,-0.24493929095939085,-0.11653474941591203,0.6713139823877463,0.2779108090496401,-1.762700802752288,1.2792366555510617,-0.7692406894606331,0.08389811229245348,0.24267869777666445,1.8527095461463663,89.292,60.794
1766331237.222851,14,103;108;109;200;201;202,67.447;49.151;67.537;70.306;75.203;58.789,-1.156037307058296,1.0528398450823733,-0.24493929095939085,-0.11653474941591203,0.6713139823877463,0.2779108090496401,-1.762700802752288,1.2792366555510617,-0.7692406894606331,0.08389811229245348,0.24267869777666445,1.8527095461463663,89.292,60.794
1766331237.289449,15,103;108;109;200;201;202,67.447;49.151;67.537;70.306;75.203;58.789,-1.156037307058296,1.0528398450823733,-0.24493929095939085,-0.11653474941591203,0.6713139823877463,0.2779108090496401,-1.762700802752288,1.2792366555510617,-0.7692406894606331,0.08389811229245348,0.24267869777666445,1.8527095461463663,89.292,60.794
1766331237.352430,16,103;108;109;200;201;202,67.447;49.151;67.537;70.306;75.203;58.789,-1.156037307058296,1.0528398450823733,-0.24493929095939085,-0.11653474941591203,0.6713139823877463,0.2779108090496401,-1.762700802752288,1.2792366555510617,-0.7692406894606331,0.08389811229245348,0.24267869777666445,1.8527095461463663,89.292,60.794
1766331237.419041,17,103;108;109;200;201;202,67.447;49.151;67.537;70.306;75.203;58.789,-1.156037307058296,1.0528398450823733,-0.24493929095939085,-0.11653474941591203,0.6713139823877463,0.2779108090496401,-1.762700802752288,1.2792366555510617,-0.7692406894606331,0.08389811229245348,0.24267869777666445,1.8527095461463663,89.292,60.794
1766331237.486691,18,103;108;109;200;201;202,67.447;49.151;67.537;70.306;75.203;58.789,-1.156037307058296,1.0528398450823733,-0.24493929095939085,-0.11653474941591203,0.6713139823877463,0.2779108090496401,-1.762700802752288,1.2792366555510617,-0.7692406894606331,0.08389811229245348,0.24267869777666445,1.8527095461463663,89.292,60.794
1766331237.551338,19,103;108;109;200;201;202,67.447;49.151;67.537;70.306;75.203;58.789,-1.156037307058296,1.0528398450823733,-0.24493929095939085,-0.11653474941591203,0.6713139823877463,0.2779108090496401,-1.762700802752288,1.2792366555510617,-0.7692406894606331,0.08389811229245348,0.24267869777666445,1.8527095461463663,89.292,60.794
1766331237.620067,20,103;108;109;200;201;202,67.447;49.151;67.537;70.306;75.203;58.789,-1.156037307058296,1.0528398450823733,-0.24493929095939085,-0.11653474941591203,0.6713139823877463,0.2779108090496401,-1.762700802752288,1.2792366555510617,-0.7692406894606331,0.08389811229245348,0.24267869777666445,1.8527095461463663,89.292,60.794
1766331237.682014,21,103;108;109;200;201;202,67.447;49.151;67.537;70.306;75.203;58.789,-1.156037307058296,1.0528398450823733,-0.24493929095939085,-0.11653474941591203,0.6713139823877463,0.2779108090496401,-1.762700802752288,1.2792366555510617,-0.7692406894606331,0.08389811229245348,0.24267869777666445,1.8527095461463663,89.292,60.794
1766331237.791001,22,103;108;109;200;201;202,67.447;49.151;67.537;70.306;75.203;58.789,-1.156037307058296,1.0528398450823733,-0.24493929095939085,-0.11653474941591203,0.6713139823877463,0.2779108090496401,-1.762700802752288,1.2792366555510617,-0.7692406894606331,0.08389811229245348,0.24267869777666445,1.8527095461463663,89.292,60.794
1766331237.854059,23,103;108;109;200;201;202,67.447;49.151;67.537;70.306;75.203;58.789,-1.156037307058296,1.0528398450823733,-0.24493929095939085,-0.11653474941591203,0.6713139823877463,0.2779108090496401,-1.762700802752288,1.2792366555510617,-0.7692406894606331,0.08389811229245348,0.24267869777666445,1.8527095461463663,89.292,60.794
1766331237.919321,24,103;108;109;200;201;202,67.447;49.151;67.537;70.306;75.203;58.789,-1.156037307058296,1.0528398450823733,-0.24493929095939085,-0.11653474941591203,0.6713139823877463,0.2779108090496401,-1.762700802752288,1.2792366555510617,-0.7692406894606331,0.08389811229245348,0.24267869777666445,1.8527095461463663,89.292,60.794
1766331237.982207,25,103;108;109;200;201;202,67.447;49.151;67.537;70.306;75.203;58.789,-1.156037307058296,1.0528398450823733,-0.24493929095939085,-0.11653474941591203,0.6713139823877463,0.2779108090496401,-1.762700802752288,1.2792366555510617,-0.7692406894606331,0.08389811229245348,0.24267869777666445,1.8527095461463663,89.292,60.794
1766331238.048643,26,103;108;109;200;201;202,67.447;49.151;67.537;70.306;75.203;58.789,-1.156037307058296,1.0528398450823733,-0.24493929095939085,-0.11653474941591203,0.6713139823877463,0.2779108090496401,-1.762700802752288,1.2792366555510617,-0.7692406894606331,0.08389811229245348,0.24267869777666445,1.8527095461463663,89.292,60.794
1766331238.114367,27,103;108;109;200;201;202,67.447;49.151;67.537;70.306;75.203;58.789,-1.156037307058296,1.0528398450823733,-0.24493929095939085,-0.11653474941591203,0.6713139823877463,0.2779108090496401,-1.762700802752288,1.2792366555510617,-0.7692406894606331,0.08389811229245348,0.24267869777666445,1.8527095461463663,89.292,60.794
1766331238.181337,28,103;108;109;200;201;202,67.447;49.151;67.537;70.306;75.203;58.789,-1.156037307058296,1.0528398450823733,-0.24493929095939085,-0.11653474941591203,0.6713139823877463,0.2779108090496401,-1.762700802752288,1.2792366555510617,-0.7692406894606331,0.08389811229245348,0.24267869777666445,1.8527095461463663,89.292,60.794
1766331238.245880,29,103;108;109;200;201;202,67.447;49.151;67.537;70.306;75.203;58.789,-1.156037307058296,1.0528398450823733,-0.24493929095939085,-0.11653474941591203,0.6713139823877463,0.2779108090496401,-1.762700802752288,1.2792366555510617,-0.7692406894606331,0.08389811229245348,0.24267869777666445,1.8527095461463663,89.292,60.794
1766331238.315280,30,103;108;109;200;201;202,67.447;49.151;67.537;70.306;75.203;58.789,-1.156037307058296,1.0528398450823733,-0.24493929095939085,-0.11653474941591203,0.6713139823877463,0.2779108090496401,-1.762700802752288,1.2792366555510617,-0.7692406894606331,0.08389811229245348,0.24267869777666445,1.8527095461463663,89.292,60.794
1766331238.378686,31,103;108;109;200;201;202,67.447;49.151;67.537;70.306;75.203;58.789,-1.156037307058296,1.0528398450823733,-0.24493929095939085,-0.11653474941591203,0.6713139823877463,0.2779108090496401,-1.762700802752288,1.2792366555510617,-0.7692406894606331,0.08389811229245348,0.24267869777666445,1.8527095461463663,89.292,60.794
1766331238.444062,32,103;108;109;200;201;202,67.447;49.151;67.537;70.306;75.203;58.789,-1.156037307058296,1.0528398450823733,-0.24493929095939085,-0.11653474941591203,0.6713139823877463,0.2779108090496401,-1.762700802752288,1.2792366555510617,-0.7692406894606331,0.08389811229245348,0.24267869777666445,1.8527095461463663,89.292,60.794
1766331238.510937,33,103;108;109;200;201;202,67.447;49.151;67.537;70.306;75.203;58.789,-1.156037307058296,1.0528398450823733,-0.24493929095939085,-0.11653474941591203,0.6713139823877463,0.2779108090496401,-1.762700802752288,1.2792366555510617,-0.7692406894606331,0.08389811229245348,0.24267869777666445,1.8527095461463663,89.292,60.794
1766331238.576349,34,103;108;109;200;201;202,67.447;49.151;67.537;70.306;75.203;58.789,-1.156037307058296,1.0528398450823733,-0.24493929095939085,-0.11653474941591203,0.6713139823877463,0.2779108090496401,-1.762700802752288,1.2792366555510617,-0.7692406894606331,0.08389811229245348,0.24267869777666445,1.8527095461463663,89.292,60.794
1766331238.643536,35,103;108;109;200;201;202,67.447;49.151;67.537;70.306;75.203;58.789,-1.156037307058296,1.0528398450823733,-0.24493929095939085,-0.11653474941591203,0.6713139823877463,0.2779108090496401,-1.762700802752288,1.2792366555510617,-0.7692406894606331,0.08389811229245348,0.24267869777666445,1.8527095461463663,89.292,60.794
1766331238.710126,36,103;108;109;200;201;202,67.447;49.151;67.537;70.306;75.203;58.789,-1.156037307058296,1.0528398450823733,-0.24493929095939085,-0.11653474941591203,0.6713139823877463,0.2779108090496401,-1.762700802752288,1.2792366555510617,-0.7692406894606331,0.08389811229245348,0.24267869777666445,1.8527095461463663,89.292,60.794
1766331238.775624,37,103;108;109;200;201;202,67.447;49.151;67.537;70.306;75.203;58.789,-1.156037307058296,1.0528398450823733,-0.24493929095939085,-0.11653474941591203,0.6713139823877463,0.2779108090496401,-1.762700802752288,1.2792366555510617,-0.7692406894606331,0.08389811229245348,0.24267869777666445,1.8527095461463663,89.292,60.794
1766331238.842205,38,103;108;109;200;201;202,67.447;49.151;67.537;70.306;75.203;58.789,-1.156037307058296,1.0528398450823733,-0.24493929095939085,-0.11653474941591203,0.6713139823877463,0.2779108090496401,-1.762700802752288,1.2792366555510617,-0.7692406894606331,0.08389811229245348,0.24267869777666445,1.8527095461463663,89.292,60.794
1766331238.907449,39,103;108;109;200;201;202,67.447;49.151;67.537;70.306;75.203;58.789,-1.156037307058296,1.0528398450823733,-0.24493929095939085,-0.11653474941591203,0.6713139823877463,0.2779108090496401,-1.762700802752288,1.2792366555510617,-0.7692406894606331,0.08389811229245348,0.24267869777666445,1.8527095461463663,89.292,60.794
1766331238.973739,40,103;108;109;200;201;202,67.447;49.151;67.537;70.306;75.203;58.789,-1.156037307058296,1.0528398450823733,-0.24493929095939085,-0.11653474941591203,0.6713139823877463,0.2779108090496401,-1.762700802752288,1.2792366555510617,-0.7692406894606331,0.08389811229245348,0.24267869777666445,1.8527095461463663,89.292,60.794
1766331239.040075,41,103;108;109;200;201;202,67.447;49.151;67.537;70.306;75.203;58.789,-1.156037307058296,1.0528398450823733,-0.24493929095939085,-0.11653474941591203,0.6713139823877463,0.2779108090496401,-1.762700802752288,1.2792366555510617,-0.7692406894606331,0.08389811229245348,0.24267869777666445,1.8527095461463663,89.292,60.794
1766331239.105690,42,103;108;109;200;201;202,67.447;49.151;67.537;70.306;75.203;58.789,-1.156037307058296,1.0528398450823733,-0.24493929095939085,-0.11653474941591203,0.6713139823877463,0.2779108090496401,-1.762700802752288,1.2792366555510617,-0.7692406894606331,0.08389811229245348,0.24267869777666445,1.8527095461463663,89.292,60.794
1766331239.172351,43,103;108;109;200;201;202,67.447;49.151;67.537;70.306;75.203;58.789,-1.156037307058296,1.0528398450823733,-0.24493929095939085,-0.11653474941591203,0.6713139823877463,0.2779108090496401,-1.762700802752288,1.2792366555510617,-0.7692406894606331,0.08389811229245348,0.24267869777666445,1.8527095461463663,89.292,60.794
1766331239.239547,44,103;108;109;200;201;202,67.447;49.151;67.537;70.306;75.203;58.789,-1.156037307058296,1.0528398450823733,-0.24493929095939085,-0.11653474941591203,0.6713139823877463,0.2779108090496401,-1.762700802752288,1.2792366555510617,-0.7692406894606331,0.08389811229245348,0.24267869777666445,1.8527095461463663,89.292,60.794
1766331239.304525,45,103;108;109;200;201;202,67.447;49.151;67.537;70.306;75.203;58.789,-1.156037307058296,1.0528398450823733,-0.24493929095939085,-0.11653474941591203,0.6713139823877463,0.2779108090496401,-1.762700802752288,1.2792366555510617,-0.7692406894606331,0.08389811229245348,0.24267869777666445,1.8527095461463663,89.292,60.794
1766331239.368605,46,103;108;109;200;201;202,67.447;49.151;67.537;70.306;75.203;58.789,-1.156037307058296,1.0528398450823733,-0.24493929095939085,-0.11653474941591203,0.6713139823877463,0.2779108090496401,-1.762700802752288,1.2792366555510617,-0.7692406894606331,0.08389811229245348,0.24267869777666445,1.8527095461463663,89.292,60.794
1766331239.434970,47,103;108;109;200;201;202,67.447;49.151;67.537;70.306;75.203;58.789,-1.156037307058296,1.0528398450823733,-0.24493929095939085,-0.11653474941591203,0.6713139823877463,0.2779108090496401,-1.762700802752288,1.2792366555510617,-0.7692406894606331,0.08389811229245348,0.24267869777666445,1.8527095461463663,89.292,60.794
1766331239.502374,48,103;108;109;200;201;202,67.447;49.151;67.537;70.306;75.203;58.789,-1.156037307058296,1.0528398450823733,-0.24493929095939085,-0.11653474941591203,0.6713139823877463,0.2779108090496401,-1.762700802752288,1.2792366555510617,-0.7692406894606331,0.08389811229245348,0.24267869777666445,1.8527095461463663,89.292,60.794
1766331239.571761,49,103;108;109;200;201;202,67.447;49.151;67.537;70.306;75.203;58.789,-1.156037307058296,1.0528398450823733,-0.24493929095939085,-0.11653474941591203,0.6713139823877463,0.2779108090496401,-1.762700802752288,1.2792366555510617,-0.7692406894606331,0.08389811229245348,0.24267869777666445,1.8527095461463663,89.292,60.794
1766331239.638497,50,103;108;109;200;201;202,67.447;49.151;67.537;70.306;75.203;58.789,-1.156037307058296,1.0528398450823733,-0.24493929095939085,-0.11653474941591203,0.6713139823877463,0.2779108090496401,-1.762700802752288,1.2792366555510617,-0.7692406894606331,0.08389811229245348,0.24267869777666445,1.8527095461463663,89.292,60.794
1766331239.705297,51,103;108;109;200;201;202,67.447;49.151;67.537;70.306;75.203;58.789,-1.156037307058296,1.0528398450823733,-0.24493929095939085,-0.11653474941591203,0.6713139823877463,0.2779108090496401,-1.762700802752288,1.2792366555510617,-0.7692406894606331,0.08389811229245348,0.24267869777666445,1.8527095461463663,89.292,60.794
1766331239.833688,52,103;108;109;200;201;202,67.447;49.151;67.537;70.306;75.203;58.789,-1.156037307058296,1.0528398450823733,-0.24493929095939085,-0.11653474941591203,0.6713139823877463,0.2779108090496401,-1.762700802752288,1.2792366555510617,-0.7692406894606331,0.08389811229245348,0.24267869777666445,1.8527095461463663,89.292,60.794
1766331239.898671,53,103;108;109;200;201;202,67.447;49.151;67.537;70.306;75.203;58.789,-1.156037307058296,1.0528398450823733,-0.24493929095939085,-0.11653474941591203,0.6713139823877463,0.2779108090496401,-1.762700802752288,1.2792366555510617,-0.7692406894606331,0.08389811229245348,0.24267869777666445,1.8527095461463663,89.292,60.794
1766331239.963637,54,103;108;109;200;201;202,67.447;49.151;67.537;70.306;75.203;58.789,-1.156037307058296,1.0528398450823733,-0.24493929095939085,-0.11653474941591203,0.6713139823877463,0.2779108090496401,-1.762700802752288,1.2792366555510617,-0.7692406894606331,0.08389811229245348,0.24267869777666445,1.8527095461463663,89.292,60.794
1766331240.029703,55,103;108;109;200;201;202,67.447;49.151;67.537;70.306;75.203;58.789,-1.156037307058296,1.0528398450823733,-0.24493929095939085,-0.11653474941591203,0.6713139823877463,0.2779108090496401,-1.762700802752288,1.2792366555510617,-0.7692406894606331,0.08389811229245348,0.24267869777666445,1.8527095461463663,89.292,60.794
1766331240.095016,56,103;108;109;200;201;202,67.447;49.151;67.537;70.306;75.203;58.789,-1.156037307058296,1.0528398450823733,-0.24493929095939085,-0.11653474941591203,0.6713139823877463,0.2779108090496401,-1.762700802752288,1.2792366555510617,-0.7692406894606331,0.08389811229245348,0.24267869777666445,1.8527095461463663,89.292,60.794
1766331240.161574,57,103;108;109;200;201;202,67.447;49.151;67.537;70.306;75.203;58.789,-1.156037307058296,1.0528398450823733,-0.24493929095939085,-0.11653474941591203,0.6713139823877463,0.2779108090496401,-1.762700802752288,1.2792366555510617,-0.7692406894606331,0.08389811229245348,0.24267869777666445,1.8527095461463663,89.292,60.794
1766331240.227376,58,103;108;109;200;201;202,67.447;49.151;67.537;70.306;75.203;58.789,-1.156037307058296,1.0528398450823733,-0.24493929095939085,-0.11653474941591203,0.6713139823877463,0.2779108090496401,-1.762700802752288,1.2792366555510617,-0.7692406894606331,0.08389811229245348,0.24267869777666445,1.8527095461463663,89.292,60.794
1766331240.297459,59,103;108;109;200;201;202,67.447;49.151;67.537;70.306;75.203;58.789,-1.156037307058296,1.0528398450823733,-0.24493929095939085,-0.11653474941591203,0.6713139823877463,0.2779108090496401,-1.762700802752288,1.2792366555510617,-0.7692406894606331,0.08389811229245348,0.24267869777666445,1.8527095461463663,89.292,60.794
1766331240.360818,60,103;108;109;200;201;202,67.447;49.151;67.537;70.306;75.203;58.789,-1.156037307058296,1.0528398450823733,-0.24493929095939085,-0.11653474941591203,0.6713139823877463,0.2779108090496401,-1.762700802752288,1.2792366555510617,-0.7692406894606331,0.08389811229245348,0.24267869777666445,1.8527095461463663,89.292,60.794
1766331240.426459,61,103;108;109;200;201;202,67.447;49.151;67.537;70.306;75.203;58.789,-1.156037307058296,1.0528398450823733,-0.24493929095939085,-0.11653474941591203,0.6713139823877463,0.2779108090496401,-1.762700802752288,1.2792366555510617,-0.7692406894606331,0.08389811229245348,0.24267869777666445,1.8527095461463663,89.292,60.794
1766331240.491938,62,103;108;109;200;201;202,67.447;49.151;67.537;70.306;75.203;58.789,-1.156037307058296,1.0528398450823733,-0.24493929095939085,-0.11653474941591203,0.6713139823877463,0.2779108090496401,-1.762700802752288,1.2792366555510617,-0.7692406894606331,0.08389811229245348,0.24267869777666445,1.8527095461463663,89.292,60.794
1766331240.556246,63,103;108;109;200;201;202,67.447;49.151;67.537;70.306;75.203;58.789,-1.156037307058296,1.0528398450823733,-0.24493929095939085,-0.11653474941591203,0.6713139823877463,0.2779108090496401,-1.762700802752288,1.2792366555510617,-0.7692406894606331,0.08389811229245348,0.24267869777666445,1.8527095461463663,89.292,60.794
1766331240.624082,64,103;108;109;200;201;202,67.447;49.151;67.537;70.306;75.203;58.789,-1.156037307058296,1.0528398450823733,-0.24493929095939085,-0.11653474941591203,0.6713139823877463,0.2779108090496401,-1.762700802752288,1.2792366555510617,-0.7692406894606331,0.08389811229245348,0.24267869777666445,1.8527095461463663,89.292,60.794
1766331240.692976,65,103;108;109;200;201;202,67.447;49.151;67.537;70.306;75.203;58.789,-1.156037307058296,1.0528398450823733,-0.24493929095939085,-0.11653474941591203,0.6713139823877463,0.2779108090496401,-1.762700802752288,1.2792366555510617,-0.7692406894606331,0.08389811229245348,0.24267869777666445,1.8527095461463663,89.292,60.794
1766331240.754695,66,103;108;109;200;201;202,67.447;49.151;67.537;70.306;75.203;58.789,-1.156037307058296,1.0528398450823733,-0.24493929095939085,-0.11653474941591203,0.6713139823877463,0.2779108090496401,-1.762700802752288,1.2792366555510617,-0.7692406894606331,0.08389811229245348,0.24267869777666445,1.8527095461463663,89.292,60.794
1766331240.821211,67,103;108;109;200;201;202,67.447;49.151;67.537;70.306;75.203;58.789,-1.156037307058296,1.0528398450823733,-0.24493929095939085,-0.11653474941591203,0.6713139823877463,0.2779108090496401,-1.762700802752288,1.2792366555510617,-0.7692406894606331,0.08389811229245348,0.24267869777666445,1.8527095461463663,89.292,60.794
1766331240.889747,68,103;108;109;200;201;202,67.447;49.151;67.537;70.306;75.203;58.789,-1.156037307058296,1.0528398450823733,-0.24493929095939085,-0.11653474941591203,0.6713139823877463,0.2779108090496401,-1.762700802752288,1.2792366555510617,-0.7692406894606331,0.08389811229245348,0.24267869777666445,1.8527095461463663,89.292,60.794
1766331240.957856,69,103;108;109;200;201;202,67.447;49.151;67.537;70.306;75.203;58.789,-1.156037307058296,1.0528398450823733,-0.24493929095939085,-0.11653474941591203,0.6713139823877463,0.2779108090496401,-1.762700802752288,1.2792366555510617,-0.7692406894606331,0.08389811229245348,0.24267869777666445,1.8527095461463663,89.292,60.794
1766331241.024743,70,103;108;109;200;201;202,67.447;49.151;67.537;70.306;75.203;58.789,-1.156037307058296,1.0528398450823733,-0.24493929095939085,-0.11653474941591203,0.6713139823877463,0.2779108090496401,-1.762700802752288,1.2792366555510617,-0.7692406894606331,0.08389811229245348,0.24267869777666445,1.8527095461463663,89.292,60.794
1766331241.090817,71,103;108;109;200;201;202,67.447;49.151;67.537;70.306;75.203;58.789,-1.156037307058296,1.0528398450823733,-0.24493929095939085,-0.11653474941591203,0.6713139823877463,0.2779108090496401,-1.762700802752288,1.2792366555510617,-0.7692406894606331,0.08389811229245348,0.24267869777666445,1.8527095461463663,89.292,60.794
1766331241.254436,72,103;108;109;200;201;202,67.447;49.151;67.537;70.306;75.203;58.789,-1.156037307058296,1.0528398450823733,-0.24493929095939085,-0.11653474941591203,0.6713139823877463,0.2779108090496401,-1.762700802752288,1.2792366555510617,-0.7692406894606331,0.08389811229245348,0.24267869777666445,1.8527095461463663,89.292,60.794
1766331241.317883,73,103;108;109;200;201;202,67.447;49.151;67.537;70.306;75.203;58.789,-1.156037307058296,1.0528398450823733,-0.24493929095939085,-0.11653474941591203,0.6713139823877463,0.2779108090496401,-1.762700802752288,1.2792366555510617,-0.7692406894606331,0.08389811229245348,0.24267869777666445,1.8527095461463663,89.292,60.794
1766331241.381252,74,103;108;109;200;201;202,67.447;49.151;67.537;70.306;75.203;58.789,-1.156037307058296,1.0528398450823733,-0.24493929095939085,-0.11653474941591203,0.6713139823877463,0.2779108090496401,-1.762700802752288,1.2792366555510617,-0.7692406894606331,0.08389811229245348,0.24267869777666445,1.8527095461463663,89.292,60.794
1766331241.446720,75,103;108;109;200;201;202,67.447;49.151;67.537;70.306;75.203;58.789,-1.156037307058296,1.0528398450823733,-0.24493929095939085,-0.11653474941591203,0.6713139823877463,0.2779108090496401,-1.762700802752288,1.2792366555510617,-0.7692406894606331,0.08389811229245348,0.24267869777666445,1.8527095461463663,89.292,60.794
1766331241.514946,76,103;108;109;200;201;202,67.447;49.151;67.537;70.306;75.203;58.789,-1.156037307058296,1.0528398450823733,-0.24493929095939085,-0.11653474941591203,0.6713139823877463,0.2779108090496401,-1.762700802752288,1.2792366555510617,-0.7692406894606331,0.08389811229245348,0.24267869777666445,1.8527095461463663,89.292,60.794
1766331241.579698,77,103;108;109;200;201;202,67.447;49.151;67.537;70.306;75.203;58.789,-1.156037307058296,1.0528398450823733,-0.24493929095939085,-0.11653474941591203,0.6713139823877463,0.2779108090496401,-1.762700802752288,1.2792366555510617,-0.7692406894606331,0.08389811229245348,0.24267869777666445,1.8527095461463663,89.292,60.794
1766331241.646620,78,103;108;109;200;201;202,67.447;49.151;67.537;70.306;75.203;58.789,-1.156037307058296,1.0528398450823733,-0.24493929095939085,-0.11653474941591203,0.6713139823877463,0.2779108090496401,-1.762700802752288,1.2792366555510617,-0.7692406894606331,0.08389811229245348,0.24267869777666445,1.8527095461463663,89.292,60.794
1766331241.713314,79,103;108;109;200;201;202,67.447;49.151;67.537;70.306;75.203;58.789,-1.156037307058296,1.0528398450823733,-0.24493929095939085,-0.11653474941591203,0.6713139823877463,0.2779108090496401,-1.762700802752288,1.2792366555510617,-0.7692406894606331,0.08389811229245348,0.24267869777666445,1.8527095461463663,89.292,60.794
1766331241.780129,80,103;108;109;200;201;202,67.447;49.151;67.537;70.306;75.203;58.789,-1.156037307058296,1.0528398450823733,-0.24493929095939085,-0.11653474941591203,0.6713139823877463,0.2779108090496401,-1.762700802752288,1.2792366555510617,-0.7692406894606331,0.08389811229245348,0.24267869777666445,1.8527095461463663,89.292,60.794
1766331241.845192,81,103;108;109;200;201;202,67.447;49.151;67.537;70.306;75.203;58.789,-1.156037307058296,1.0528398450823733,-0.24493929095939085,-0.11653474941591203,0.6713139823877463,0.2779108090496401,-1.762700802752288,1.2792366555510617,-0.7692406894606331,0.08389811229245348,0.24267869777666445,1.8527095461463663,89.292,60.794
1766331241.910714,82,103;108;109;200;201;202,67.447;49.151;67.537;70.306;75.203;58.789,-1.156037307058296,1.0528398450823733,-0.24493929095939085,-0.11653474941591203,0.6713139823877463,0.2779108090496401,-1.762700802752288,1.2792366555510617,-0.7692406894606331,0.08389811229245348,0.24267869777666445,1.8527095461463663,89.292,60.794
1766331241.977240,83,103;108;109;200;201;202,67.447;49.151;67.537;70.306;75.203;58.789,-1.156037307058296,1.0528398450823733,-0.24493929095939085,-0.11653474941591203,0.6713139823877463,0.2779108090496401,-1.762700802752288,1.2792366555510617,-0.7692406894606331,0.08389811229245348,0.24267869777666445,1.8527095461463663,89.292,60.794
1766331242.042753,84,103;108;109;200;201;202,67.447;49.151;67.537;70.306;75.203;58.789,-1.156037307058296,1.0528398450823733,-0.24493929095939085,-0.11653474941591203,0.6713139823877463,0.2779108090496401,-1.762700802752288,1.2792366555510617,-0.7692406894606331,0.08389811229245348,0.24267869777666445,1.8527095461463663,89.292,60.794
1766331242.109201,85,103;108;109;200;201;202,67.447;49.151;67.537;70.306;75.203;58.789,-1.156037307058296,1.0528398450823733,-0.24493929095939085,-0.11653474941591203,0.6713139823877463,0.2779108090496401,-1.762700802752288,1.2792366555510617,-0.7692406894606331,0.08389811229245348,0.24267869777666445,1.8527095461463663,89.292,60.794
1766331242.173562,86,103;108;109;200;201;202,67.447;49.151;67.537;70.306;75.203;58.789,-1.156037307058296,1.0528398450823733,-0.24493929095939085,-0.11653474941591203,0.6713139823877463,0.2779108090496401,-1.762700802752288,1.2792366555510617,-0.7692406894606331,0.08389811229245348,0.24267869777666445,1.8527095461463663,89.292,60.794
1766331242.240917,87,103;108;109;200;201;202,67.447;49.151;67.537;70.306;75.203;58.789,-1.156037307058296,1.0528398450823733,-0.24493929095939085,-0.11653474941591203,0.6713139823877463,0.2779108090496401,-1.762700802752288,1.2792366555510617,-0.7692406894606331,0.08389811229245348,0.24267869777666445,1.8527095461463663,89.292,60.794
1766331242.308634,88,103;108;109;200;201;202,67.447;49.151;67.537;70.306;75.203;58.789,-1.156037307058296,1.0528398450823733,-0.24493929095939085,-0.11653474941591203,0.6713139823877463,0.2779108090496401,-1.762700802752288,1.2792366555510617,-0.7692406894606331,0.08389811229245348,0.24267869777666445,1.8527095461463663,89.292,60.794
1766331242.376881,89,103;108;109;200;201;202,67.447;49.151;67.537;70.306;75.203;58.789,-1.156037307058296,1.0528398450823733,-0.24493929095939085,-0.11653474941591203,0.6713139823877463,0.2779108090496401,-1.762700802752288,1.2792366555510617,-0.7692406894606331,0.08389811229245348,0.24267869777666445,1.8527095461463663,89.292,60.794
1766331242.444785,90,103;108;109;200;201;202,67.447;49.151;67.537;70.306;75.203;58.789,-1.156037307058296,1.0528398450823733,-0.24493929095939085,-0.11653474941591203,0.6713139823877463,0.2779108090496401,-1.762700802752288,1.2792366555510617,-0.7692406894606331,0.08389811229245348,0.24267869777666445,1.8527095461463663,89.292,60.794
1766331242.511537,91,103;108;109;200;201;202,67.447;49.151;67.537;70.306;75.203;58.789,-1.156037307058296,1.0528398450823733,-0.24493929095939085,-0.11653474941591203,0.6713139823877463,0.2779108090496401,-1.762700802752288,1.2792366555510617,-0.7692406894606331,0.08389811229245348,0.24267869777666445,1.8527095461463663,89.292,60.794
1766331242.634375,92,103;108;109;200;201;202,67.447;49.151;67.537;70.306;75.203;58.789,-1.156037307058296,1.0528398450823733,-0.24493929095939085,-0.11653474941591203,0.6713139823877463,0.2779108090496401,-1.762700802752288,1.2792366555510617,-0.7692406894606331,0.08389811229245348,0.24267869777666445,1.8527095461463663,89.292,60.794
1766331242.699838,93,103;108;109;200;201;202,67.447;49.151;67.537;70.306;75.203;58.789,-1.156037307058296,1.0528398450823733,-0.24493929095939085,-0.11653474941591203,0.6713139823877463,0.2779108090496401,-1.762700802752288,1.2792366555510617,-0.7692406894606331,0.08389811229245348,0.24267869777666445,1.8527095461463663,89.292,60.794
1766331242.766715,94,103;108;109;200;201;202,67.447;49.151;67.537;70.306;75.203;58.789,-1.156037307058296,1.0528398450823733,-0.24493929095939085,-0.11653474941591203,0.6713139823877463,0.2779108090496401,-1.762700802752288,1.2792366555510617,-0.7692406894606331,0.08389811229245348,0.24267869777666445,1.8527095461463663,89.292,60.794
1766331242.832241,95,103;108;109;200;201;202,67.447;49.151;67.537;70.306;75.203;58.789,-1.156037307058296,1.0528398450823733,-0.24493929095939085,-0.11653474941591203,0.6713139823877463,0.2779108090496401,-1.762700802752288,1.2792366555510617,-0.7692406894606331,0.08389811229245348,0.24267869777666445,1.8527095461463663,89.292,60.794
1766331242.898918,96,103;108;109;200;201;202,67.447;49.151;67.537;70.306;75.203;58.789,-1.156037307058296,1.0528398450823733,-0.24493929095939085,-0.11653474941591203,0.6713139823877463,0.2779108090496401,-1.762700802752288,1.2792366555510617,-0.7692406894606331,0.08389811229245348,0.24267869777666445,1.8527095461463663,89.292,60.794
1766331242.964840,97,103;108;109;200;201;202,67.447;49.151;67.537;70.306;75.203;58.789,-1.156037307058296,1.0528398450823733,-0.24493929095939085,-0.11653474941591203,0.6713139823877463,0.2779108090496401,-1.762700802752288,1.2792366555510617,-0.7692406894606331,0.08389811229245348,0.24267869777666445,1.8527095461463663,89.292,60.794
1766331243.032707,98,103;108;109;200;201;202,67.447;49.151;67.537;70.306;75.203;58.789,-1.156037307058296,1.0528398450823733,-0.24493929095939085,-0.11653474941591203,0.6713139823877463,0.2779108090496401,-1.762700802752288,1.2792366555510617,-0.7692406894606331,0.08389811229245348,0.24267869777666445,1.8527095461463663,89.292,60.794
1766331243.096895,99,103;108;109;200;201;202,67.447;49.151;67.537;70.306;75.203;58.789,-1.156037307058296,1.0528398450823733,-0.24493929095939085,-0.11653474941591203,0.6713139823877463,0.2779108090496401,-1.762700802752288,1.2792366555510617,-0.7692406894606331,0.08389811229245348,0.24267869777666445,1.8527095461463663,89.292,60.794
1766331243.163921,100,103;108;109;200;201;202,67.447;49.151;67.537;70.306;75.203;58.789,-1.156037307058296,1.0528398450823733,-0.24493929095939085,-0.11653474941591203,0.6713139823877463,0.2779108090496401,-1.762700802752288,1.2792366555510617,-0.7692406894606331,0.08389811229245348,0.24267869777666445,1.8527095461463663,89.292,60.794
1766331243.230334,101,103;108;109;200;201;202,67.447;49.151;67.537;70.306;75.203;58.789,-1.156037307058296,1.0528398450823733,-0.24493929095939085,-0.11653474941591203,0.6713139823877463,0.2779108090496401,-1.762700802752288,1.2792366555510617,-0.7692406894606331,0.08389811229245348,0.24267869777666445,1.8527095461463663,89.292,60.794
1766331243.295997,102,103;108;109;200;201;202,67.447;49.151;67.537;70.306;75.203;58.789,-1.156037307058296,1.0528398450823733,-0.24493929095939085,-0.11653474941591203,0.6713139823877463,0.2779108090496401,-1.762700802752288,1.2792366555510617,-0.7692406894606331,0.08389811229245348,0.24267869777666445,1.8527095461463663,89.292,60.794
1766331243.394216,103,103;108;109;200;201;202,67.447;49.151;67.537;70.306;75.203;58.789,-1.156037307058296,1.0528398450823733,-0.24493929095939085,-0.11653474941591203,0.6713139823877463,0.2779108090496401,-1.762700802752288,1.2792366555510617,-0.7692406894606331,0.08389811229245348,0.24267869777666445,1.8527095461463663,89.292,60.794
1766331243.461935,104,103;108;109;200;201;202,67.447;49.151;67.537;70.306;75.203;58.789,-1.156037307058296,1.0528398450823733,-0.24493929095939085,-0.11653474941591203,0.6713139823877463,0.2779108090496401,-1.762700802752288,1.2792366555510617,-0.7692406894606331,0.08389811229245348,0.24267869777666445,1.8527095461463663,89.292,60.794
1766331243.528016,105,103;108;109;200;201;202,67.447;49.151;67.537;70.306;75.203;58.789,-1.156037307058296,1.0528398450823733,-0.24493929095939085,-0.11653474941591203,0.6713139823877463,0.2779108090496401,-1.762700802752288,1.2792366555510617,-0.7692406894606331,0.08389811229245348,0.24267869777666445,1.8527095461463663,89.292,60.794
1766331243.593069,106,103;108;109;200;201;202,67.447;49.151;67.537;70.306;75.203;58.789,-1.156037307058296,1.0528398450823733,-0.24493929095939085,-0.11653474941591203,0.6713139823877463,0.2779108090496401,-1.762700802752288,1.2792366555510617,-0.7692406894606331,0.08389811229245348,0.24267869777666445,1.8527095461463663,89.292,60.794
1766331243.657647,107,103;108;109;200;201;202,67.447;49.151;67.537;70.306;75.203;58.789,-1.156037307058296,1.0528398450823733,-0.24493929095939085,-0.11653474941591203,0.6713139823877463,0.2779108090496401,-1.762700802752288,1.2792366555510617,-0.7692406894606331,0.08389811229245348,0.24267869777666445,1.8527095461463663,89.292,60.794
1766331243.726140,108,103;108;109;200;201;202,67.447;49.151;67.537;70.306;75.203;58.789,-1.156037307058296,1.0528398450823733,-0.24493929095939085,-0.11653474941591203,0.6713139823877463,0.2779108090496401,-1.762700802752288,1.2792366555510617,-0.7692406894606331,0.08389811229245348,0.24267869777666445,1.8527095461463663,89.292,60.794
1766331243.790768,109,103;108;109;200;201;202,67.447;49.151;67.537;70.306;75.203;58.789,-1.156037307058296,1.0528398450823733,-0.24493929095939085,-0.11653474941591203,0.6713139823877463,0.2779108090496401,-1.762700802752288,1.2792366555510617,-0.7692406894606331,0.08389811229245348,0.24267869777666445,1.8527095461463663,89.292,60.794
1766331243.855300,110,103;108;109;200;201;202,67.447;49.151;67.537;70.306;75.203;58.789,-1.156037307058296,1.0528398450823733,-0.24493929095939085,-0.11653474941591203,0.6713139823877463,0.2779108090496401,-1.762700802752288,1.2792366555510617,-0.7692406894606331,0.08389811229245348,0.24267869777666445,1.8527095461463663,89.292,60.794
1766331243.921787,111,103;108;109;200;201;202,67.447;49.151;67.537;70.306;75.203;58.789,-1.156037307058296,1.0528398450823733,-0.24493929095939085,-0.11653474941591203,0.6713139823877463,0.2779108090496401,-1.762700802752288,1.2792366555510617,-0.7692406894606331,0.08389811229245348,0.24267869777666445,1.8527095461463663,89.292,60.794
1766331243.989712,112,103;108;109;200;201;202,67.447;49.151;67.537;70.306;75.203;58.789,-1.156037307058296,1.0528398450823733,-0.24493929095939085,-0.11653474941591203,0.6713139823877463,0.2779108090496401,-1.762700802752288,1.2792366555510617,-0.7692406894606331,0.08389811229245348,0.24267869777666445,1.8527095461463663,89.292,60.794
1766331244.076452,113,103;108;109;200;201;202,67.447;49.151;67.537;70.306;75.203;58.789,-1.156037307058296,1.0528398450823733,-0.24493929095939085,-0.11653474941591203,0.6713139823877463,0.2779108090496401,-1.762700802752288,1.2792366555510617,-0.7692406894606331,0.08389811229245348,0.24267869777666445,1.8527095461463663,89.292,60.794
1766331244.159994,114,103;108;109;200;201;202,67.447;49.151;67.537;70.306;75.203;58.789,-1.156037307058296,1.0528398450823733,-0.24493929095939085,-0.11653474941591203,0.6713139823877463,0.2779108090496401,-1.762700802752288,1.2792366555510617,-0.7692406894606331,0.08389811229245348,0.24267869777666445,1.8527095461463663,89.292,60.794
1766331244.227253,115,103;108;109;200;201;202,67.447;49.151;67.537;70.306;75.203;58.789,-1.156037307058296,1.0528398450823733,-0.24493929095939085,-0.11653474941591203,0.6713139823877463,0.2779108090496401,-1.762700802752288,1.2792366555510617,-0.7692406894606331,0.08389811229245348,0.24267869777666445,1.8527095461463663,89.292,60.794
1766331244.289910,116,103;108;109;200;201;202,67.447;49.151;67.537;70.306;75.203;58.789,-1.156037307058296,1.0528398450823733,-0.24493929095939085,-0.11653474941591203,0.6713139823877463,0.2779108090496401,-1.762700802752288,1.2792366555510617,-0.7692406894606331,0.08389811229245348,0.24267869777666445,1.8527095461463663,89.292,60.794
1766331244.356088,117,103;108;109;200;201;202,67.447;49.151;67.537;70.306;75.203;58.789,-1.156037307058296,1.0528398450823733,-0.24493929095939085,-0.11653474941591203,0.6713139823877463,0.2779108090496401,-1.762700802752288,1.2792366555510617,-0.7692406894606331,0.08389811229245348,0.24267869777666445,1.8527095461463663,89.292,60.794
1766331244.420129,118,103;108;109;200;201;202,67.447;49.151;67.537;70.306;75.203;58.789,-1.156037307058296,1.0528398450823733,-0.24493929095939085,-0.11653474941591203,0.6713139823877463,0.2779108090496401,-1.762700802752288,1.2792366555510617,-0.7692406894606331,0.08389811229245348,0.24267869777666445,1.8527095461463663,89.292,60.794
1766331244.488681,119,103;108;109;200;201;202,67.447;49.151;67.537;70.306;75.203;58.789,-1.156037307058296,1.0528398450823733,-0.24493929095939085,-0.11653474941591203,0.6713139823877463,0.2779108090496401,-1.762700802752288,1.2792366555510617,-0.7692406894606331,0.08389811229245348,0.24267869777666445,1.8527095461463663,89.292,60.794
1766331244.558249,120,103;108;109;200;201;202,67.447;49.151;67.537;70.306;75.203;58.789,-1.156037307058296,1.0528398450823733,-0.24493929095939085,-0.11653474941591203,0.6713139823877463,0.2779108090496401,-1.762700802752288,1.2792366555510617,-0.7692406894606331,0.08389811229245348,0.24267869777666445,1.8527095461463663,89.292,60.794
1766331244.749520,121,103;108;109;200;201;202,67.447;49.151;67.537;70.306;75.203;58.789,-1.156037307058296,1.0528398450823733,-0.24493929095939085,-0.11653474941591203,0.6713139823877463,0.2779108090496401,-1.762700802752288,1.2792366555510617,-0.7692406894606331,0.08389811229245348,0.24267869777666445,1.8527095461463663,89.292,60.794
1766331244.812940,122,103;108;109;200;201;202,67.447;49.151;67.537;70.306;75.203;58.789,-1.156037307058296,1.0528398450823733,-0.24493929095939085,-0.11653474941591203,0.6713139823877463,0.2779108090496401,-1.762700802752288,1.2792366555510617,-0.7692406894606331,0.08389811229245348,0.24267869777666445,1.8527095461463663,89.292,60.794
1766331244.881022,123,103;108;109;200;201;202,67.447;49.151;67.537;70.306;75.203;58.789,-1.156037307058296,1.0528398450823733,-0.24493929095939085,-0.11653474941591203,0.6713139823877463,0.2779108090496401,-1.762700802752288,1.2792366555510617,-0.7692406894606331,0.08389811229245348,0.24267869777666445,1.8527095461463663,89.292,60.794
1766331244.953460,124,103;108;109;200;201;202,67.447;49.151;67.537;70.306;75.203;58.789,-1.156037307058296,1.0528398450823733,-0.24493929095939085,-0.11653474941591203,0.6713139823877463,0.2779108090496401,-1.762700802752288,1.2792366555510617,-0.7692406894606331,0.08389811229245348,0.24267869777666445,1.8527095461463663,89.292,60.794
1766331245.015805,125,103;108;109;200;201;202,67.447;49.151;67.537;70.306;75.203;58.789,-1.156037307058296,1.0528398450823733,-0.24493929095939085,-0.11653474941591203,0.6713139823877463,0.2779108090496401,-1.762700802752288,1.2792366555510617,-0.7692406894606331,0.08389811229245348,0.24267869777666445,1.8527095461463663,89.292,60.794
1766331245.077072,126,103;108;109;200;201;202,67.447;49.151;67.537;70.306;75.203;58.789,-1.156037307058296,1.0528398450823733,-0.24493929095939085,-0.11653474941591203,0.6713139823877463,0.2779108090496401,-1.762700802752288,1.2792366555510617,-0.7692406894606331,0.08389811229245348,0.24267869777666445,1.8527095461463663,89.292,60.794
1766331245.146907,127,103;108;109;200;201;202,67.447;49.151;67.537;70.306;75.203;58.789,-1.156037307058296,1.0528398450823733,-0.24493929095939085,-0.11653474941591203,0.6713139823877463,0.2779108090496401,-1.762700802752288,1.2792366555510617,-0.7692406894606331,0.08389811229245348,0.24267869777666445,1.8527095461463663,89.292,60.794
1766331245.212831,128,103;108;109;200;201;202,67.447;49.151;67.537;70.306;75.203;58.789,-1.156037307058296,1.0528398450823733,-0.24493929095939085,-0.11653474941591203,0.6713139823877463,0.2779108090496401,-1.762700802752288,1.2792366555510617,-0.7692406894606331,0.08389811229245348,0.24267869777666445,1.8527095461463663,89.292,60.794
1766331245.282735,129,103;108;109;200;201;202,67.447;49.151;67.537;70.306;75.203;58.789,-1.156037307058296,1.0528398450823733,-0.24493929095939085,-0.11653474941591203,0.6713139823877463,0.2779108090496401,-1.762700802752288,1.2792366555510617,-0.7692406894606331,0.08389811229245348,0.24267869777666445,1.8527095461463663,89.292,60.794
1766331245.342546,130,103;108;109;200;201;202,67.447;49.151;67.537;70.306;75.203;58.789,-1.156037307058296,1.0528398450823733,-0.24493929095939085,-0.11653474941591203,0.6713139823877463,0.2779108090496401,-1.762700802752288,1.2792366555510617,-0.7692406894606331,0.08389811229245348,0.24267869777666445,1.8527095461463663,89.292,60.794
1766331245.409107,131,103;108;109;200;201;202,67.447;49.151;67.537;70.306;75.203;58.789,-1.156037307058296,1.0528398450823733,-0.24493929095939085,-0.11653474941591203,0.6713139823877463,0.2779108090496401,-1.762700802752288,1.2792366555510617,-0.7692406894606331,0.08389811229245348,0.24267869777666445,1.8527095461463663,89.292,60.794
1766331245.475536,132,103;108;109;200;201;202,67.447;49.151;67.537;70.306;75.203;58.789,-1.156037307058296,1.0528398450823733,-0.24493929095939085,-0.11653474941591203,0.6713139823877463,0.2779108090496401,-1.762700802752288,1.2792366555510617,-0.7692406894606331,0.08389811229245348,0.24267869777666445,1.8527095461463663,89.292,60.794
1766331245.541330,133,103;108;109;200;201;202,67.447;49.151;67.537;70.306;75.203;58.789,-1.156037307058296,1.0528398450823733,-0.24493929095939085,-0.11653474941591203,0.6713139823877463,0.2779108090496401,-1.762700802752288,1.2792366555510617,-0.7692406894606331,0.08389811229245348,0.24267869777666445,1.8527095461463663,89.292,60.794
1766331245.609073,134,103;108;109;200;201;202,67.447;49.151;67.537;70.306;75.203;58.789,-1.156037307058296,1.0528398450823733,-0.24493929095939085,-0.11653474941591203,0.6713139823877463,0.2779108090496401,-1.762700802752288,1.2792366555510617,-0.7692406894606331,0.08389811229245348,0.24267869777666445,1.8527095461463663,89.292,60.794
1766331245.679452,135,103;108;109;200;201;202,67.447;49.151;67.537;70.306;75.203;58.789,-1.156037307058296,1.0528398450823733,-0.24493929095939085,-0.11653474941591203,0.6713139823877463,0.2779108090496401,-1.762700802752288,1.2792366555510617,-0.7692406894606331,0.08389811229245348,0.24267869777666445,1.8527095461463663,89.292,60.794
1766331245.741602,136,103;108;109;200;201;202,67.447;49.151;67.537;70.306;75.203;58.789,-1.156037307058296,1.0528398450823733,-0.24493929095939085,-0.11653474941591203,0.6713139823877463,0.2779108090496401,-1.762700802752288,1.2792366555510617,-0.7692406894606331,0.08389811229245348,0.24267869777666445,1.8527095461463663,89.292,60.794
1766331245.803628,137,103;108;109;200;201;202,67.447;49.151;67.537;70.306;75.203;58.789,-1.156037307058296,1.0528398450823733,-0.24493929095939085,-0.11653474941591203,0.6713139823877463,0.2779108090496401,-1.762700802752288,1.2792366555510617,-0.7692406894606331,0.08389811229245348,0.24267869777666445,1.8527095461463663,89.292,60.794
1766331245.872465,138,103;108;109;200;201;202,67.447;49.151;67.537;70.306;75.203;58.789,-1.156037307058296,1.0528398450823733,-0.24493929095939085,-0.11653474941591203,0.6713139823877463,0.2779108090496401,-1.762700802752288,1.2792366555510617,-0.7692406894606331,0.08389811229245348,0.24267869777666445,1.8527095461463663,89.292,60.794
1766331245.936236,139,103;108;109;200;201;202,67.447;49.151;67.537;70.306;75.203;58.789,-1.156037307058296,1.0528398450823733,-0.24493929095939085,-0.11653474941591203,0.6713139823877463,0.2779108090496401,-1.762700802752288,1.2792366555510617,-0.7692406894606331,0.08389811229245348,0.24267869777666445,1.8527095461463663,89.292,60.794
1766331246.004104,140,103;108;109;200;201;202,67.447;49.151;67.537;70.306;75.203;58.789,-1.156037307058296,1.0528398450823733,-0.24493929095939085,-0.11653474941591203,0.6713139823877463,0.2779108090496401,-1.762700802752288,1.2792366555510617,-0.7692406894606331,0.08389811229245348,0.24267869777666445,1.8527095461463663,89.292,60.794
1766331246.070341,141,103;108;109;200;201;202,67.447;49.151;67.537;70.306;75.203;58.789,-1.156037307058296,1.0528398450823733,-0.24493929095939085,-0.11653474941591203,0.6713139823877463,0.2779108090496401,-1.762700802752288,1.2792366555510617,-0.7692406894606331,0.08389811229245348,0.24267869777666445,1.8527095461463663,89.292,60.794
1766331246.134903,142,103;108;109;200;201;202,67.447;49.151;67.537;70.306;75.203;58.789,-1.156037307058296,1.0528398450823733,-0.24493929095939085,-0.11653474941591203,0.6713139823877463,0.2779108090496401,-1.762700802752288,1.2792366555510617,-0.7692406894606331,0.08389811229245348,0.24267869777666445,1.8527095461463663,89.292,60.794
1766331246.202942,143,103;108;109;200;201;202,67.447;49.151;67.537;70.306;75.203;58.789,-1.156037307058296,1.0528398450823733,-0.24493929095939085,-0.11653474941591203,0.6713139823877463,0.2779108090496401,-1.762700802752288,1.2792366555510617,-0.7692406894606331,0.08389811229245348,0.24267869777666445,1.8527095461463663,89.292,60.794
1766331246.269181,144,103;108;109;200;201;202,67.447;49.151;67.537;70.306;75.203;58.789,-1.156037307058296,1.0528398450823733,-0.24493929095939085,-0.11653474941591203,0.6713139823877463,0.2779108090496401,-1.762700802752288,1.2792366555510617,-0.7692406894606331,0.08389811229245348,0.24267869777666445,1.8527095461463663,89.292,60.794
1766331246.333010,145,103;108;109;200;201;202,67.447;49.151;67.537;70.306;75.203;58.789,-1.156037307058296,1.0528398450823733,-0.24493929095939085,-0.11653474941591203,0.6713139823877463,0.2779108090496401,-1.762700802752288,1.2792366555510617,-0.7692406894606331,0.08389811229245348,0.24267869777666445,1.8527095461463663,89.292,60.794
1766331246.397562,146,103;108;109;200;201;202,67.447;49.151;67.537;70.306;75.203;58.789,-1.156037307058296,1.0528398450823733,-0.24493929095939085,-0.11653474941591203,0.6713139823877463,0.2779108090496401,-1.762700802752288,1.2792366555510617,-0.7692406894606331,0.08389811229245348,0.24267869777666445,1.8527095461463663,89.292,60.794
1766331246.465638,147,103;108;109;200;201;202,67.447;49.151;67.537;70.306;75.203;58.789,-1.156037307058296,1.0528398450823733,-0.24493929095939085,-0.11653474941591203,0.6713139823877463,0.2779108090496401,-1.762700802752288,1.2792366555510617,-0.7692406894606331,0.08389811229245348,0.24267869777666445,1.8527095461463663,89.292,60.794
1766331246.535387,148,103;108;109;200;201;202,67.447;49.151;67.537;70.306;75.203;58.789,-1.156037307058296,1.0528398450823733,-0.24493929095939085,-0.11653474941591203,0.6713139823877463,0.2779108090496401,-1.762700802752288,1.2792366555510617,-0.7692406894606331,0.08389811229245348,0.24267869777666445,1.8527095461463663,89.292,60.794
1766331246.601175,149,103;108;109;200;201;202,67.447;49.151;67.537;70.306;75.203;58.789,-1.156037307058296,1.0528398450823733,-0.24493929095939085,-0.11653474941591203,0.6713139823877463,0.2779108090496401,-1.762700802752288,1.2792366555510617,-0.7692406894606331,0.08389811229245348,0.24267869777666445,1.8527095461463663,89.292,60.794
1766331246.668635,150,103;108;109;200;201;202,67.447;49.151;67.537;70.306;75.203;58.789,-1.156037307058296,1.0528398450823733,-0.24493929095939085,-0.11653474941591203,0.6713139823877463,0.2779108090496401,-1.762700802752288,1.2792366555510617,-0.7692406894606331,0.08389811229245348,0.24267869777666445,1.8527095461463663,89.292,60.794
1766331246.793028,151,103;108;109;200;201;202,67.447;49.151;67.537;70.306;75.203;58.789,-1.156037307058296,1.0528398450823733,-0.24493929095939085,-0.11653474941591203,0.6713139823877463,0.2779108090496401,-1.762700802752288,1.2792366555510617,-0.7692406894606331,0.08389811229245348,0.24267869777666445,1.8527095461463663,89.292,60.794
1766331246.857658,152,103;108;109;200;201;202,67.447;49.151;67.537;70.306;75.203;58.789,-1.156037307058296,1.0528398450823733,-0.24493929095939085,-0.11653474941591203,0.6713139823877463,0.2779108090496401,-1.762700802752288,1.2792366555510617,-0.7692406894606331,0.08389811229245348,0.24267869777666445,1.8527095461463663,89.292,60.794
1766331246.925183,153,103;108;109;200;201;202,67.447;49.151;67.537;70.306;75.203;58.789,-1.156037307058296,1.0528398450823733,-0.24493929095939085,-0.11653474941591203,0.6713139823877463,0.2779108090496401,-1.762700802752288,1.2792366555510617,-0.7692406894606331,0.08389811229245348,0.24267869777666445,1.8527095461463663,89.292,60.794
1766331246.990707,154,103;108;109;200;201;202,67.447;49.151;67.537;70.306;75.203;58.789,-1.156037307058296,1.0528398450823733,-0.24493929095939085,-0.11653474941591203,0.6713139823877463,0.2779108090496401,-1.762700802752288,1.2792366555510617,-0.7692406894606331,0.08389811229245348,0.24267869777666445,1.8527095461463663,89.292,60.794
1766331247.057434,155,103;108;109;200;201;202,67.447;49.151;67.537;70.306;75.203;58.789,-1.156037307058296,1.0528398450823733,-0.24493929095939085,-0.11653474941591203,0.6713139823877463,0.2779108090496401,-1.762700802752288,1.2792366555510617,-0.7692406894606331,0.08389811229245348,0.24267869777666445,1.8527095461463663,89.292,60.794
1766331247.123630,156,103;108;109;200;201;202,67.447;49.151;67.537;70.306;75.203;58.789,-1.156037307058296,1.0528398450823733,-0.24493929095939085,-0.11653474941591203,0.6713139823877463,0.2779108090496401,-1.762700802752288,1.2792366555510617,-0.7692406894606331,0.08389811229245348,0.24267869777666445,1.8527095461463663,89.292,60.794
1766331247.188135,157,103;108;109;200;201;202,67.447;49.151;67.537;70.306;75.203;58.789,-1.156037307058296,1.0528398450823733,-0.24493929095939085,-0.11653474941591203,0.6713139823877463,0.2779108090496401,-1.762700802752288,1.2792366555510617,-0.7692406894606331,0.08389811229245348,0.24267869777666445,1.8527095461463663,89.292,60.794
1766331247.253612,158,103;108;109;200;201;202,67.447;49.151;67.537;70.306;75.203;58.789,-1.156037307058296,1.0528398450823733,-0.24493929095939085,-0.11653474941591203,0.6713139823877463,0.2779108090496401,-1.762700802752288,1.2792366555510617,-0.7692406894606331,0.08389811229245348,0.24267869777666445,1.8527095461463663,89.292,60.794
1766331247.321108,159,103;108;109;200;201;202,67.447;49.151;67.537;70.306;75.203;58.789,-1.156037307058296,1.0528398450823733,-0.24493929095939085,-0.11653474941591203,0.6713139823877463,0.2779108090496401,-1.762700802752288,1.2792366555510617,-0.7692406894606331,0.08389811229245348,0.24267869777666445,1.8527095461463663,89.292,60.794
1766331247.387153,160,103;108;109;200;201;202,67.447;49.151;67.537;70.306;75.203;58.789,-1.156037307058296,1.0528398450823733,-0.24493929095939085,-0.11653474941591203,0.6713139823877463,0.2779108090496401,-1.762700802752288,1.2792366555510617,-0.7692406894606331,0.08389811229245348,0.24267869777666445,1.8527095461463663,89.292,60.794
1766331247.453232,161,103;108;109;200;201;202,67.447;49.151;67.537;70.306;75.203;58.789,-1.156037307058296,1.0528398450823733,-0.24493929095939085,-0.11653474941591203,0.6713139823877463,0.2779108090496401,-1.762700802752288,1.2792366555510617,-0.7692406894606331,0.08389811229245348,0.24267869777666445,1.8527095461463663,89.292,60.794
1766331247.521249,162,103;108;109;200;201;202,67.447;49.151;67.537;70.306;75.203;58.789,-1.156037307058296,1.0528398450823733,-0.24493929095939085,-0.11653474941591203,0.6713139823877463,0.2779108090496401,-1.762700802752288,1.2792366555510617,-0.7692406894606331,0.08389811229245348,0.24267869777666445,1.8527095461463663,89.292,60.794
1766331247.586829,163,103;108;109;200;201;202,67.447;49.151;67.537;70.306;75.203;58.789,-1.156037307058296,1.0528398450823733,-0.24493929095939085,-0.11653474941591203,0.6713139823877463,0.2779108090496401,-1.762700802752288,1.2792366555510617,-0.7692406894606331,0.08389811229245348,0.24267869777666445,1.8527095461463663,89.292,60.794
1766331247.653575,164,103;108;109;200;201;202,67.447;49.151;67.537;70.306;75.203;58.789,-1.156037307058296,1.0528398450823733,-0.24493929095939085,-0.11653474941591203,0.6713139823877463,0.2779108090496401,-1.762700802752288,1.2792366555510617,-0.7692406894606331,0.08389811229245348,0.24267869777666445,1.8527095461463663,89.292,60.794
1766331247.719352,165,103;108;109;200;201;202,67.447;49.151;67.537;70.306;75.203;58.789,-1.156037307058296,1.0528398450823733,-0.24493929095939085,-0.11653474941591203,0.6713139823877463,0.2779108090496401,-1.762700802752288,1.2792366555510617,-0.7692406894606331,0.08389811229245348,0.24267869777666445,1.8527095461463663,89.292,60.794
1766331247.784769,166,103;108;109;200;201;202,67.447;49.151;67.537;70.306;75.203;58.789,-1.156037307058296,1.0528398450823733,-0.24493929095939085,-0.11653474941591203,0.6713139823877463,0.2779108090496401,-1.762700802752288,1.2792366555510617,-0.7692406894606331,0.08389811229245348,0.24267869777666445,1.8527095461463663,89.292,60.794
1766331247.852238,167,103;108;109;200;201;202,67.447;49.151;67.537;70.306;75.203;58.789,-1.156037307058296,1.0528398450823733,-0.24493929095939085,-0.11653474941591203,0.6713139823877463,0.2779108090496401,-1.762700802752288,1.2792366555510617,-0.7692406894606331,0.08389811229245348,0.24267869777666445,1.8527095461463663,89.292,60.794
1766331247.917544,168,103;108;109;200;201;202,67.447;49.151;67.537;70.306;75.203;58.789,-1.156037307058296,1.0528398450823733,-0.24493929095939085,-0.11653474941591203,0.6713139823877463,0.2779108090496401,-1.762700802752288,1.2792366555510617,-0.7692406894606331,0.08389811229245348,0.24267869777666445,1.8527095461463663,89.292,60.794
1766331247.983535,169,103;108;109;200;201;202,67.447;49.151;67.537;70.306;75.203;58.789,-1.156037307058296,1.0528398450823733,-0.24493929095939085,-0.11653474941591203,0.6713139823877463,0.2779108090496401,-1.762700802752288,1.2792366555510617,-0.7692406894606331,0.08389811229245348,0.24267869777666445,1.8527095461463663,89.292,60.794
1766331248.049503,170,103;108;109;200;201;202,67.447;49.151;67.537;70.306;75.203;58.789,-1.156037307058296,1.0528398450823733,-0.24493929095939085,-0.11653474941591203,0.6713139823877463,0.2779108090496401,-1.762700802752288,1.2792366555510617,-0.7692406894606331,0.08389811229245348,0.24267869777666445,1.8527095461463663,89.292,60.794
1766331248.113938,171,103;108;109;200;201;202,67.447;49.151;67.537;70.306;75.203;58.789,-1.156037307058296,1.0528398450823733,-0.24493929095939085,-0.11653474941591203,0.6713139823877463,0.2779108090496401,-1.762700802752288,1.2792366555510617,-0.7692406894606331,0.08389811229245348,0.24267869777666445,1.8527095461463663,89.292,60.794
1766331248.181362,172,103;108;109;200;201;202,67.447;49.151;67.537;70.306;75.203;58.789,-1.156037307058296,1.0528398450823733,-0.24493929095939085,-0.11653474941591203,0.6713139823877463,0.2779108090496401,-1.762700802752288,1.2792366555510617,-0.7692406894606331,0.08389811229245348,0.24267869777666445,1.8527095461463663,89.292,60.794
1766331248.248873,173,103;108;109;200;201;202,67.447;49.151;67.537;70.306;75.203;58.789,-1.156037307058296,1.0528398450823733,-0.24493929095939085,-0.11653474941591203,0.6713139823877463,0.2779108090496401,-1.762700802752288,1.2792366555510617,-0.7692406894606331,0.08389811229245348,0.24267869777666445,1.8527095461463663,89.292,60.794
1766331248.315791,174,103;108;109;200;201;202,67.447;49.151;67.537;70.306;75.203;58.789,-1.156037307058296,1.0528398450823733,-0.24493929095939085,-0.11653474941591203,0.6713139823877463,0.2779108090496401,-1.762700802752288,1.2792366555510617,-0.7692406894606331,0.08389811229245348,0.24267869777666445,1.8527095461463663,89.292,60.794
1766331248.380091,175,103;108;109;200;201;202,67.447;49.151;67.537;70.306;75.203;58.789,-1.156037307058296,1.0528398450823733,-0.24493929095939085,-0.11653474941591203,0.6713139823877463,0.2779108090496401,-1.762700802752288,1.2792366555510617,-0.7692406894606331,0.08389811229245348,0.24267869777666445,1.8527095461463663,89.292,60.794
1766331248.450079,176,103;108;109;200;201;202,67.447;49.151;67.537;70.306;75.203;58.789,-1.156037307058296,1.0528398450823733,-0.24493929095939085,-0.11653474941591203,0.6713139823877463,0.2779108090496401,-1.762700802752288,1.2792366555510617,-0.7692406894606331,0.08389811229245348,0.24267869777666445,1.8527095461463663,89.292,60.794
1766331248.513668,177,103;108;109;200;201;202,67.447;49.151;67.537;70.306;75.203;58.789,-1.156037307058296,1.0528398450823733,-0.24493929095939085,-0.11653474941591203,0.6713139823877463,0.2779108090496401,-1.762700802752288,1.2792366555510617,-0.7692406894606331,0.08389811229245348,0.24267869777666445,1.8527095461463663,89.292,60.794
1766331248.583245,178,103;108;109;200;201;202,67.447;49.151;67.537;70.306;75.203;58.789,-1.156037307058296,1.0528398450823733,-0.24493929095939085,-0.11653474941591203,0.6713139823877463,0.2779108090496401,-1.762700802752288,1.2792366555510617,-0.7692406894606331,0.08389811229245348,0.24267869777666445,1.8527095461463663,89.292,60.794
1766331248.653410,179,103;108;109;200;201;202,67.447;49.151;67.537;70.306;75.203;58.789,-1.156037307058296,1.0528398450823733,-0.24493929095939085,-0.11653474941591203,0.6713139823877463,0.2779108090496401,-1.762700802752288,1.2792366555510617,-0.7692406894606331,0.08389811229245348,0.24267869777666445,1.8527095461463663,89.292,60.794
1766331248.719822,180,103;108;109;200;201;202,67.447;49.151;67.537;70.306;75.203;58.789,-1.156037307058296,1.0528398450823733,-0.24493929095939085,-0.11653474941591203,0.6713139823877463,0.2779108090496401,-1.762700802752288,1.2792366555510617,-0.7692406894606331,0.08389811229245348,0.24267869777666445,1.8527095461463663,89.292,60.794
1766331248.873220,181,103;108;109;200;201;202,67.447;49.151;67.537;70.306;75.203;58.789,-1.156037307058296,1.0528398450823733,-0.24493929095939085,-0.11653474941591203,0.6713139823877463,0.2779108090496401,-1.762700802752288,1.2792366555510617,-0.7692406894606331,0.08389811229245348,0.24267869777666445,1.8527095461463663,89.292,60.794
1766331248.934798,182,103;108;109;200;201;202,67.447;49.151;67.537;70.306;75.203;58.789,-1.156037307058296,1.0528398450823733,-0.24493929095939085,-0.11653474941591203,0.6713139823877463,0.2779108090496401,-1.762700802752288,1.2792366555510617,-0.7692406894606331,0.08389811229245348,0.24267869777666445,1.8527095461463663,89.292,60.794
1766331249.003438,183,103;108;109;200;201;202,67.447;49.151;67.537;70.306;75.203;58.789,-1.156037307058296,1.0528398450823733,-0.24493929095939085,-0.11653474941591203,0.6713139823877463,0.2779108090496401,-1.762700802752288,1.2792366555510617,-0.7692406894606331,0.08389811229245348,0.24267869777666445,1.8527095461463663,89.292,60.794
1766331249.071068,184,103;108;109;200;201;202,67.447;49.151;67.537;70.306;75.203;58.789,-1.156037307058296,1.0528398450823733,-0.24493929095939085,-0.11653474941591203,0.6713139823877463,0.2779108090496401,-1.762700802752288,1.2792366555510617,-0.7692406894606331,0.08389811229245348,0.24267869777666445,1.8527095461463663,89.292,60.794
1766331249.135665,185,103;108;109;200;201;202,67.447;49.151;67.537;70.306;75.203;58.789,-1.156037307058296,1.0528398450823733,-0.24493929095939085,-0.11653474941591203,0.6713139823877463,0.2779108090496401,-1.762700802752288,1.2792366555510617,-0.7692406894606331,0.08389811229245348,0.24267869777666445,1.8527095461463663,89.292,60.794
1766331249.201019,186,103;108;109;200;201;202,67.447;49.151;67.537;70.306;75.203;58.789,-1.156037307058296,1.0528398450823733,-0.24493929095939085,-0.11653474941591203,0.6713139823877463,0.2779108090496401,-1.762700802752288,1.2792366555510617,-0.7692406894606331,0.08389811229245348,0.24267869777666445,1.8527095461463663,89.292,60.794
1766331249.268550,187,103;108;109;200;201;202,67.447;49.151;67.537;70.306;75.203;58.789,-1.156037307058296,1.0528398450823733,-0.24493929095939085,-0.11653474941591203,0.6713139823877463,0.2779108090496401,-1.762700802752288,1.2792366555510617,-0.7692406894606331,0.08389811229245348,0.24267869777666445,1.8527095461463663,89.292,60.794
1766331249.334350,188,103;108;109;200;201;202,67.447;49.151;67.537;70.306;75.203;58.789,-1.156037307058296,1.0528398450823733,-0.24493929095939085,-0.11653474941591203,0.6713139823877463,0.2779108090496401,-1.762700802752288,1.2792366555510617,-0.7692406894606331,0.08389811229245348,0.24267869777666445,1.8527095461463663,89.292,60.794
1766331249.401400,189,103;108;109;200;201;202,67.447;49.151;67.537;70.306;75.203;58.789,-1.156037307058296,1.0528398450823733,-0.24493929095939085,-0.11653474941591203,0.6713139823877463,0.2779108090496401,-1.762700802752288,1.2792366555510617,-0.7692406894606331,0.08389811229245348,0.24267869777666445,1.8527095461463663,89.292,60.794
1766331249.466817,190,103;108;109;200;201;202,67.447;49.151;67.537;70.306;75.203;58.789,-1.156037307058296,1.0528398450823733,-0.24493929095939085,-0.11653474941591203,0.6713139823877463,0.2779108090496401,-1.762700802752288,1.2792366555510617,-0.7692406894606331,0.08389811229245348,0.24267869777666445,1.8527095461463663,89.292,60.794
1766331249.533150,191,103;108;109;200;201;202,67.447;49.151;67.537;70.306;75.203;58.789,-1.156037307058296,1.0528398450823733,-0.24493929095939085,-0.11653474941591203,0.6713139823877463,0.2779108090496401,-1.762700802752288,1.2792366555510617,-0.7692406894606331,0.08389811229245348,0.24267869777666445,1.8527095461463663,89.292,60.794
1766331249.599498,192,103;108;109;200;201;202,67.447;49.151;67.537;70.306;75.203;58.789,-1.156037307058296,1.0528398450823733,-0.24493929095939085,-0.11653474941591203,0.6713139823877463,0.2779108090496401,-1.762700802752288,1.2792366555510617,-0.7692406894606331,0.08389811229245348,0.24267869777666445,1.8527095461463663,89.292,60.794
1766331249.666305,193,103;108;109;200;201;202,67.447;49.151;67.537;70.306;75.203;58.789,-1.156037307058296,1.0528398450823733,-0.24493929095939085,-0.11653474941591203,0.6713139823877463,0.2779108090496401,-1.762700802752288,1.2792366555510617,-0.7692406894606331,0.08389811229245348,0.24267869777666445,1.8527095461463663,89.292,60.794
1766331249.733840,194,103;108;109;200;201;202,67.447;49.151;67.537;70.306;75.203;58.789,-1.156037307058296,1.0528398450823733,-0.24493929095939085,-0.11653474941591203,0.6713139823877463,0.2779108090496401,-1.762700802752288,1.2792366555510617,-0.7692406894606331,0.08389811229245348,0.24267869777666445,1.8527095461463663,89.292,60.794
1766331249.796970,195,103;108;109;200;201;202,67.447;49.151;67.537;70.306;75.203;58.789,-1.156037307058296,1.0528398450823733,-0.24493929095939085,-0.11653474941591203,0.6713139823877463,0.2779108090496401,-1.762700802752288,1.2792366555510617,-0.7692406894606331,0.08389811229245348,0.24267869777666445,1.8527095461463663,89.292,60.794
1766331249.862814,196,103;108;109;200;201;202,67.447;49.151;67.537;70.306;75.203;58.789,-1.156037307058296,1.0528398450823733,-0.24493929095939085,-0.11653474941591203,0.6713139823877463,0.2779108090496401,-1.762700802752288,1.2792366555510617,-0.7692406894606331,0.08389811229245348,0.24267869777666445,1.8527095461463663,89.292,60.794
1766331249.929815,197,103;108;109;200;201;202,67.447;49.151;67.537;70.306;75.203;58.789,-1.156037307058296,1.0528398450823733,-0.24493929095939085,-0.11653474941591203,0.6713139823877463,0.2779108090496401,-1.762700802752288,1.2792366555510617,-0.7692406894606331,0.08389811229245348,0.24267869777666445,1.8527095461463663,89.292,60.794
1766331249.997221,198,103;108;109;200;201;202,67.447;49.151;67.537;70.306;75.203;58.789,-1.156037307058296,1.0528398450823733,-0.24493929095939085,-0.11653474941591203,0.6713139823877463,0.2779108090496401,-1.762700802752288,1.2792366555510617,-0.7692406894606331,0.08389811229245348,0.24267869777666445,1.8527095461463663,89.292,60.794
1766331250.063285,199,103;108;109;200;201;202,67.447;49.151;67.537;70.306;75.203;58.789,-1.156037307058296,1.0528398450823733,-0.24493929095939085,-0.11653474941591203,0.6713139823877463,0.2779108090496401,-1.762700802752288,1.2792366555510617,-0.7692406894606331,0.08389811229245348,0.24267869777666445,1.8527095461463663,89.292,60.794
1766331250.127357,200,103;108;109;200;201;202,67.447;49.151;67.537;70.306;75.203;58.789,-1.156037307058296,1.0528398450823733,-0.24493929095939085,-0.11653474941591203,0.6713139823877463,0.2779108090496401,-1.762700802752288,1.2792366555510617,-0.7692406894606331,0.08389811229245348,0.24267869777666445,1.8527095461463663,89.292,60.794
1766331250.195232,201,103;108;109;200;201;202,67.447;49.151;67.537;70.306;75.203;58.789,-1.156037307058296,1.0528398450823733,-0.24493929095939085,-0.11653474941591203,0.6713139823877463,0.2779108090496401,-1.762700802752288,1.2792366555510617,-0.7692406894606331,0.08389811229245348,0.24267869777666445,1.8527095461463663,89.292,60.794
1766331250.262708,202,103;108;109;200;201;202,67.447;49.151;67.537;70.306;75.203;58.789,-1.156037307058296,1.0528398450823733,-0.24493929095939085,-0.11653474941591203,0.6713139823877463,0.2779108090496401,-1.762700802752288,1.2792366555510617,-0.7692406894606331,0.08389811229245348,0.24267869777666445,1.8527095461463663,89.292,60.794
1766331250.326447,203,103;108;109;200;201;202,67.447;49.151;67.537;70.306;75.203;58.789,-1.156037307058296,1.0528398450823733,-0.24493929095939085,-0.11653474941591203,0.6713139823877463,0.2779108090496401,-1.762700802752288,1.2792366555510617,-0.7692406894606331,0.08389811229245348,0.24267869777666445,1.8527095461463663,89.292,60.794
1766331250.392382,204,103;108;109;200;201;202,67.447;49.151;67.537;70.306;75.203;58.789,-1.156037307058296,1.0528398450823733,-0.24493929095939085,-0.11653474941591203,0.6713139823877463,0.2779108090496401,-1.762700802752288,1.2792366555510617,-0.7692406894606331,0.08389811229245348,0.24267869777666445,1.8527095461463663,89.292,60.794
1766331250.457054,205,103;108;109;200;201;202,67.447;49.151;67.537;70.306;75.203;58.789,-1.156037307058296,1.0528398450823733,-0.24493929095939085,-0.11653474941591203,0.6713139823877463,0.2779108090496401,-1.762700802752288,1.2792366555510617,-0.7692406894606331,0.08389811229245348,0.24267869777666445,1.8527095461463663,89.292,60.794
1766331250.522892,206,103;108;109;200;201;202,67.447;49.151;67.537;70.306;75.203;58.789,-1.156037307058296,1.0528398450823733,-0.24493929095939085,-0.11653474941591203,0.6713139823877463,0.2779108090496401,-1.762700802752288,1.2792366555510617,-0.7692406894606331,0.08389811229245348,0.24267869777666445,1.8527095461463663,89.292,60.794
1766331250.591543,207,103;108;109;200;201;202,67.447;49.151;67.537;70.306;75.203;58.789,-1.156037307058296,1.0528398450823733,-0.24493929095939085,-0.11653474941591203,0.6713139823877463,0.2779108090496401,-1.762700802752288,1.2792366555510617,-0.7692406894606331,0.08389811229245348,0.24267869777666445,1.8527095461463663,89.292,60.794
1766331250.660956,208,103;108;109;200;201;202,67.447;49.151;67.537;70.306;75.203;58.789,-1.156037307058296,1.0528398450823733,-0.24493929095939085,-0.11653474941591203,0.6713139823877463,0.2779108090496401,-1.762700802752288,1.2792366555510617,-0.7692406894606331,0.08389811229245348,0.24267869777666445,1.8527095461463663,89.292,60.794
1766331250.725580,209,103;108;109;200;201;202,67.447;49.151;67.537;70.306;75.203;58.789,-1.156037307058296,1.0528398450823733,-0.24493929095939085,-0.11653474941591203,0.6713139823877463,0.2779108090496401,-1.762700802752288,1.2792366555510617,-0.7692406894606331,0.08389811229245348,0.24267869777666445,1.8527095461463663,89.292,60.794
1766331250.793285,210,103;108;109;200;201;202,67.447;49.151;67.537;70.306;75.203;58.789,-1.156037307058296,1.0528398450823733,-0.24493929095939085,-0.11653474941591203,0.6713139823877463,0.2779108090496401,-1.762700802752288,1.2792366555510617,-0.7692406894606331,0.08389811229245348,0.24267869777666445,1.8527095461463663,89.292,60.794
1766331250.919179,211,103;108;109;200;201;202,67.447;49.151;67.537;70.306;75.203;58.789,-1.156037307058296,1.0528398450823733,-0.24493929095939085,-0.11653474941591203,0.6713139823877463,0.2779108090496401,-1.762700802752288,1.2792366555510617,-0.7692406894606331,0.08389811229245348,0.24267869777666445,1.8527095461463663,89.292,60.794
1766331250.984053,212,103;108;109;200;201;202,67.447;49.151;67.537;70.306;75.203;58.789,-1.156037307058296,1.0528398450823733,-0.24493929095939085,-0.11653474941591203,0.6713139823877463,0.2779108090496401,-1.762700802752288,1.2792366555510617,-0.7692406894606331,0.08389811229245348,0.24267869777666445,1.8527095461463663,89.292,60.794
1766331251.060359,213,103;108;109;200;201;202,67.447;49.151;67.537;70.306;75.203;58.789,-1.156037307058296,1.0528398450823733,-0.24493929095939085,-0.11653474941591203,0.6713139823877463,0.2779108090496401,-1.762700802752288,1.2792366555510617,-0.7692406894606331,0.08389811229245348,0.24267869777666445,1.8527095461463663,89.292,60.794
1766331251.119829,214,103;108;109;200;201;202,67.447;49.151;67.537;70.306;75.203;58.789,-1.156037307058296,1.0528398450823733,-0.24493929095939085,-0.11653474941591203,0.6713139823877463,0.2779108090496401,-1.762700802752288,1.2792366555510617,-0.7692406894606331,0.08389811229245348,0.24267869777666445,1.8527095461463663,89.292,60.794
1766331251.184504,215,103;108;109;200;201;202,67.447;49.151;67.537;70.306;75.203;58.789,-1.156037307058296,1.0528398450823733,-0.24493929095939085,-0.11653474941591203,0.6713139823877463,0.2779108090496401,-1.762700802752288,1.2792366555510617,-0.7692406894606331,0.08389811229245348,0.24267869777666445,1.8527095461463663,89.292,60.794
1766331251.247718,216,103;108;109;200;201;202,67.447;49.151;67.537;70.306;75.203;58.789,-1.156037307058296,1.0528398450823733,-0.24493929095939085,-0.11653474941591203,0.6713139823877463,0.2779108090496401,-1.762700802752288,1.2792366555510617,-0.7692406894606331,0.08389811229245348,0.24267869777666445,1.8527095461463663,89.292,60.794
1766331251.315943,217,103;108;109;200;201;202,67.447;49.151;67.537;70.306;75.203;58.789,-1.156037307058296,1.0528398450823733,-0.24493929095939085,-0.11653474941591203,0.6713139823877463,0.2779108090496401,-1.762700802752288,1.2792366555510617,-0.7692406894606331,0.08389811229245348,0.24267869777666445,1.8527095461463663,89.292,60.794
1766331251.382683,218,103;108;109;200;201;202,67.447;49.151;67.537;70.306;75.203;58.789,-1.156037307058296,1.0528398450823733,-0.24493929095939085,-0.11653474941591203,0.6713139823877463,0.2779108090496401,-1.762700802752288,1.2792366555510617,-0.7692406894606331,0.08389811229245348,0.24267869777666445,1.8527095461463663,89.292,60.794
1766331251.449934,219,103;108;109;200;201;202,67.447;49.151;67.537;70.306;75.203;58.789,-1.156037307058296,1.0528398450823733,-0.24493929095939085,-0.11653474941591203,0.6713139823877463,0.2779108090496401,-1.762700802752288,1.2792366555510617,-0.7692406894606331,0.08389811229245348,0.24267869777666445,1.8527095461463663,89.292,60.794
1766331251.515205,220,103;108;109;200;201;202,67.447;49.151;67.537;70.306;75.203;58.789,-1.156037307058296,1.0528398450823733,-0.24493929095939085,-0.11653474941591203,0.6713139823877463,0.2779108090496401,-1.762700802752288,1.2792366555510617,-0.7692406894606331,0.08389811229245348,0.24267869777666445,1.8527095461463663,89.292,60.794
1766331251.580272,221,103;108;109;200;201;202,67.447;49.151;67.537;70.306;75.203;58.789,-1.156037307058296,1.0528398450823733,-0.24493929095939085,-0.11653474941591203,0.6713139823877463,0.2779108090496401,-1.762700802752288,1.2792366555510617,-0.7692406894606331,0.08389811229245348,0.24267869777666445,1.8527095461463663,89.292,60.794
1766331251.646706,222,103;108;109;200;201;202,67.447;49.151;67.537;70.306;75.203;58.789,-1.156037307058296,1.0528398450823733,-0.24493929095939085,-0.11653474941591203,0.6713139823877463,0.2779108090496401,-1.762700802752288,1.2792366555510617,-0.7692406894606331,0.08389811229245348,0.24267869777666445,1.8527095461463663,89.292,60.794
1766331251.711158,223,103;108;109;200;201;202,67.447;49.151;67.537;70.306;75.203;58.789,-1.156037307058296,1.0528398450823733,-0.24493929095939085,-0.11653474941591203,0.6713139823877463,0.2779108090496401,-1.762700802752288,1.2792366555510617,-0.7692406894606331,0.08389811229245348,0.24267869777666445,1.8527095461463663,89.292,60.794
1766331251.777854,224,103;108;109;200;201;202,67.447;49.151;67.537;70.306;75.203;58.789,-1.156037307058296,1.0528398450823733,-0.24493929095939085,-0.11653474941591203,0.6713139823877463,0.2779108090496401,-1.762700802752288,1.2792366555510617,-0.7692406894606331,0.08389811229245348,0.24267869777666445,1.8527095461463663,89.292,60.794
1766331251.844122,225,103;108;109;200;201;202,67.447;49.151;67.537;70.306;75.203;58.789,-1.156037307058296,1.0528398450823733,-0.24493929095939085,-0.11653474941591203,0.6713139823877463,0.2779108090496401,-1.762700802752288,1.2792366555510617,-0.7692406894606331,0.08389811229245348,0.24267869777666445,1.8527095461463663,89.292,60.794
1766331251.908847,226,103;108;109;200;201;202,67.447;49.151;67.537;70.306;75.203;58.789,-1.156037307058296,1.0528398450823733,-0.24493929095939085,-0.11653474941591203,0.6713139823877463,0.2779108090496401,-1.762700802752288,1.2792366555510617,-0.7692406894606331,0.08389811229245348,0.24267869777666445,1.8527095461463663,89.292,60.794
1766331251.974895,227,103;108;109;200;201;202,67.447;49.151;67.537;70.306;75.203;58.789,-1.156037307058296,1.0528398450823733,-0.24493929095939085,-0.11653474941591203,0.6713139823877463,0.2779108090496401,-1.762700802752288,1.2792366555510617,-0.7692406894606331,0.08389811229245348,0.24267869777666445,1.8527095461463663,89.292,60.794
1766331252.043568,228,103;108;109;200;201;202,67.447;49.151;67.537;70.306;75.203;58.789,-1.156037307058296,1.0528398450823733,-0.24493929095939085,-0.11653474941591203,0.6713139823877463,0.2779108090496401,-1.762700802752288,1.2792366555510617,-0.7692406894606331,0.08389811229245348,0.24267869777666445,1.8527095461463663,89.292,60.794
1766331252.112133,229,103;108;109;200;201;202,67.447;49.151;67.537;70.306;75.203;58.789,-1.156037307058296,1.0528398450823733,-0.24493929095939085,-0.11653474941591203,0.6713139823877463,0.2779108090496401,-1.762700802752288,1.2792366555510617,-0.7692406894606331,0.08389811229245348,0.24267869777666445,1.8527095461463663,89.292,60.794
1766331252.177363,230,103;108;109;200;201;202,67.447;49.151;67.537;70.306;75.203;58.789,-1.156037307058296,1.0528398450823733,-0.24493929095939085,-0.11653474941591203,0.6713139823877463,0.2779108090496401,-1.762700802752288,1.2792366555510617,-0.7692406894606331,0.08389811229245348,0.24267869777666445,1.8527095461463663,89.292,60.794
1766331252.245655,231,103;108;109;200;201;202,67.447;49.151;67.537;70.306;75.203;58.789,-1.156037307058296,1.0528398450823733,-0.24493929095939085,-0.11653474941591203,0.6713139823877463,0.2779108090496401,-1.762700802752288,1.2792366555510617,-0.7692406894606331,0.08389811229245348,0.24267869777666445,1.8527095461463663,89.292,60.794
1766331252.336772,232,103;108;109;200;201;202,67.447;49.151;67.537;70.306;75.203;58.789,-1.156037307058296,1.0528398450823733,-0.24493929095939085,-0.11653474941591203,0.6713139823877463,0.2779108090496401,-1.762700802752288,1.2792366555510617,-0.7692406894606331,0.08389811229245348,0.24267869777666445,1.8527095461463663,89.292,60.794
1766331252.404170,233,103;108;109;200;201;202,67.447;49.151;67.537;70.306;75.203;58.789,-1.156037307058296,1.0528398450823733,-0.24493929095939085,-0.11653474941591203,0.6713139823877463,0.2779108090496401,-1.762700802752288,1.2792366555510617,-0.7692406894606331,0.08389811229245348,0.24267869777666445,1.8527095461463663,89.292,60.794
1766331252.469871,234,103;108;109;200;201;202,67.447;49.151;67.537;70.306;75.203;58.789,-1.156037307058296,1.0528398450823733,-0.24493929095939085,-0.11653474941591203,0.6713139823877463,0.2779108090496401,-1.762700802752288,1.2792366555510617,-0.7692406894606331,0.08389811229245348,0.24267869777666445,1.8527095461463663,89.292,60.794
1766331252.535986,235,103;108;109;200;201;202,67.447;49.151;67.537;70.306;75.203;58.789,-1.156037307058296,1.0528398450823733,-0.24493929095939085,-0.11653474941591203,0.6713139823877463,0.2779108090496401,-1.762700802752288,1.2792366555510617,-0.7692406894606331,0.08389811229245348,0.24267869777666445,1.8527095461463663,89.292,60.794
1766331252.603046,236,103;108;109;200;201;202,67.447;49.151;67.537;70.306;75.203;58.789,-1.156037307058296,1.0528398450823733,-0.24493929095939085,-0.11653474941591203,0.6713139823877463,0.2779108090496401,-1.762700802752288,1.2792366555510617,-0.7692406894606331,0.08389811229245348,0.24267869777666445,1.8527095461463663,89.292,60.794
1766331252.669217,237,103;108;109;200;201;202,67.447;49.151;67.537;70.306;75.203;58.789,-1.156037307058296,1.0528398450823733,-0.24493929095939085,-0.11653474941591203,0.6713139823877463,0.2779108090496401,-1.762700802752288,1.2792366555510617,-0.7692406894606331,0.08389811229245348,0.24267869777666445,1.8527095461463663,89.292,60.794
1766331252.734812,238,103;108;109;200;201;202,67.447;49.151;67.537;70.306;75.203;58.789,-1.156037307058296,1.0528398450823733,-0.24493929095939085,-0.11653474941591203,0.6713139823877463,0.2779108090496401,-1.762700802752288,1.2792366555510617,-0.7692406894606331,0.08389811229245348,0.24267869777666445,1.8527095461463663,89.292,60.794
1766331252.801439,239,103;108;109;200;201;202,67.447;49.151;67.537;70.306;75.203;58.789,-1.156037307058296,1.0528398450823733,-0.24493929095939085,-0.11653474941591203,0.6713139823877463,0.2779108090496401,-1.762700802752288,1.2792366555510617,-0.7692406894606331,0.08389811229245348,0.24267869777666445,1.8527095461463663,89.292,60.794
1766331252.877506,240,103;108;109;200;201;202,67.447;49.151;67.537;70.306;75.203;58.789,-1.156037307058296,1.0528398450823733,-0.24493929095939085,-0.11653474941591203,0.6713139823877463,0.2779108090496401,-1.762700802752288,1.2792366555510617,-0.7692406894606331,0.08389811229245348,0.24267869777666445,1.8527095461463663,89.292,60.794
1766331252.942765,241,103;108;109;200;201;202,67.447;49.151;67.537;70.306;75.203;58.789,-1.156037307058296,1.0528398450823733,-0.24493929095939085,-0.11653474941591203,0.6713139823877463,0.2779108090496401,-1.762700802752288,1.2792366555510617,-0.7692406894606331,0.08389811229245348,0.24267869777666445,1.8527095461463663,89.292,60.794
1766331253.000614,242,103;108;109;200;201;202,67.447;49.151;67.537;70.306;75.203;58.789,-1.156037307058296,1.0528398450823733,-0.24493929095939085,-0.11653474941591203,0.6713139823877463,0.2779108090496401,-1.762700802752288,1.2792366555510617,-0.7692406894606331,0.08389811229245348,0.24267869777666445,1.8527095461463663,89.292,60.794
1766331253.066329,243,103;108;109;200;201;202,67.447;49.151;67.537;70.306;75.203;58.789,-1.156037307058296,1.0528398450823733,-0.24493929095939085,-0.11653474941591203,0.6713139823877463,0.2779108090496401,-1.762700802752288,1.2792366555510617,-0.7692406894606331,0.08389811229245348,0.24267869777666445,1.8527095461463663,89.292,60.794
1766331253.132815,244,103;108;109;200;201;202,67.447;49.151;67.537;70.306;75.203;58.789,-1.156037307058296,1.0528398450823733,-0.24493929095939085,-0.11653474941591203,0.6713139823877463,0.2779108090496401,-1.762700802752288,1.2792366555510617,-0.7692406894606331,0.08389811229245348,0.24267869777666445,1.8527095461463663,89.292,60.794
1766331253.195838,245,103;108;109;200;201;202,67.447;49.151;67.537;70.306;75.203;58.789,-1.156037307058296,1.0528398450823733,-0.24493929095939085,-0.11653474941591203,0.6713139823877463,0.2779108090496401,-1.762700802752288,1.2792366555510617,-0.7692406894606331,0.08389811229245348,0.24267869777666445,1.8527095461463663,89.292,60.794
1766331253.261491,246,103;108;109;200;201;202,67.447;49.151;67.537;70.306;75.203;58.789,-1.156037307058296,1.0528398450823733,-0.24493929095939085,-0.11653474941591203,0.6713139823877463,0.2779108090496401,-1.762700802752288,1.2792366555510617,-0.7692406894606331,0.08389811229245348,0.24267869777666445,1.8527095461463663,89.292,60.794
1766331253.328034,247,103;108;109;200;201;202,67.447;49.151;67.537;70.306;75.203;58.789,-1.156037307058296,1.0528398450823733,-0.24493929095939085,-0.11653474941591203,0.6713139823877463,0.2779108090496401,-1.762700802752288,1.2792366555510617,-0.7692406894606331,0.08389811229245348,0.24267869777666445,1.8527095461463663,89.292,60.794
1766331253.397490,248,103;108;109;200;201;202,67.447;49.151;67.537;70.306;75.203;58.789,-1.156037307058296,1.0528398450823733,-0.24493929095939085,-0.11653474941591203,0.6713139823877463,0.2779108090496401,-1.762700802752288,1.2792366555510617,-0.7692406894606331,0.08389811229245348,0.24267869777666445,1.8527095461463663,89.292,60.794
1766331253.465770,249,103;108;109;200;201;202,67.447;49.151;67.537;70.306;75.203;58.789,-1.156037307058296,1.0528398450823733,-0.24493929095939085,-0.11653474941591203,0.6713139823877463,0.2779108090496401,-1.762700802752288,1.2792366555510617,-0.7692406894606331,0.08389811229245348,0.24267869777666445,1.8527095461463663,89.292,60.794
1766331253.531779,250,103;108;109;200;201;202,67.447;49.151;67.537;70.306;75.203;58.789,-1.156037307058296,1.0528398450823733,-0.24493929095939085,-0.11653474941591203,0.6713139823877463,0.2779108090496401,-1.762700802752288,1.2792366555510617,-0.7692406894606331,0.08389811229245348,0.24267869777666445,1.8527095461463663,89.292,60.794
1766331253.598784,251,103;108;109;200;201;202,67.447;49.151;67.537;70.306;75.203;58.789,-1.156037307058296,1.0528398450823733,-0.24493929095939085,-0.11653474941591203,0.6713139823877463,0.2779108090496401,-1.762700802752288,1.2792366555510617,-0.7692406894606331,0.08389811229245348,0.24267869777666445,1.8527095461463663,89.292,60.794
1766331253.723167,252,103;108;109;200;201;202,67.447;49.151;67.537;70.306;75.203;58.789,-1.156037307058296,1.0528398450823733,-0.24493929095939085,-0.11653474941591203,0.6713139823877463,0.2779108090496401,-1.762700802752288,1.2792366555510617,-0.7692406894606331,0.08389811229245348,0.24267869777666445,1.8527095461463663,89.292,60.794
1766331253.789466,253,103;108;109;200;201;202,67.447;49.151;67.537;70.306;75.203;58.789,-1.156037307058296,1.0528398450823733,-0.24493929095939085,-0.11653474941591203,0.6713139823877463,0.2779108090496401,-1.762700802752288,1.2792366555510617,-0.7692406894606331,0.08389811229245348,0.24267869777666445,1.8527095461463663,89.292,60.794
1766331253.854229,254,103;108;109;200;201;202,67.447;49.151;67.537;70.306;75.203;58.789,-1.156037307058296,1.0528398450823733,-0.24493929095939085,-0.11653474941591203,0.6713139823877463,0.2779108090496401,-1.762700802752288,1.2792366555510617,-0.7692406894606331,0.08389811229245348,0.24267869777666445,1.8527095461463663,89.292,60.794
1766331253.921100,255,103;108;109;200;201;202,67.447;49.151;67.537;70.306;75.203;58.789,-1.156037307058296,1.0528398450823733,-0.24493929095939085,-0.11653474941591203,0.6713139823877463,0.2779108090496401,-1.762700802752288,1.2792366555510617,-0.7692406894606331,0.08389811229245348,0.24267869777666445,1.8527095461463663,89.292,60.794
1766331254.019725,256,103;108;109;200;201;202,67.447;49.151;67.537;70.306;75.203;58.789,-1.156037307058296,1.0528398450823733,-0.24493929095939085,-0.11653474941591203,0.6713139823877463,0.2779108090496401,-1.762700802752288,1.2792366555510617,-0.7692406894606331,0.08389811229245348,0.24267869777666445,1.8527095461463663,89.292,60.794
1766331254.085016,257,103;108;109;200;201;202,67.447;49.151;67.537;70.306;75.203;58.789,-1.156037307058296,1.0528398450823733,-0.24493929095939085,-0.11653474941591203,0.6713139823877463,0.2779108090496401,-1.762700802752288,1.2792366555510617,-0.7692406894606331,0.08389811229245348,0.24267869777666445,1.8527095461463663,89.292,60.794
1766331254.152099,258,103;108;109;200;201;202,67.447;49.151;67.537;70.306;75.203;58.789,-1.156037307058296,1.0528398450823733,-0.24493929095939085,-0.11653474941591203,0.6713139823877463,0.2779108090496401,-1.762700802752288,1.2792366555510617,-0.7692406894606331,0.08389811229245348,0.24267869777666445,1.8527095461463663,89.292,60.794
1766331254.218076,259,103;108;109;200;201;202,67.447;49.151;67.537;70.306;75.203;58.789,-1.156037307058296,1.0528398450823733,-0.24493929095939085,-0.11653474941591203,0.6713139823877463,0.2779108090496401,-1.762700802752288,1.2792366555510617,-0.7692406894606331,0.08389811229245348,0.24267869777666445,1.8527095461463663,89.292,60.794
1766331254.283564,260,103;108;109;200;201;202,67.447;49.151;67.537;70.306;75.203;58.789,-1.156037307058296,1.0528398450823733,-0.24493929095939085,-0.11653474941591203,0.6713139823877463,0.2779108090496401,-1.762700802752288,1.2792366555510617,-0.7692406894606331,0.08389811229245348,0.24267869777666445,1.8527095461463663,89.292,60.794
1766331254.350720,261,103;108;109;200;201;202,67.447;49.151;67.537;70.306;75.203;58.789,-1.156037307058296,1.0528398450823733,-0.24493929095939085,-0.11653474941591203,0.6713139823877463,0.2779108090496401,-1.762700802752288,1.2792366555510617,-0.7692406894606331,0.08389811229245348,0.24267869777666445,1.8527095461463663,89.292,60.794
1766331254.416262,262,103;108;109;200;201;202,67.447;49.151;67.537;70.306;75.203;58.789,-1.156037307058296,1.0528398450823733,-0.24493929095939085,-0.11653474941591203,0.6713139823877463,0.2779108090496401,-1.762700802752288,1.2792366555510617,-0.7692406894606331,0.08389811229245348,0.24267869777666445,1.8527095461463663,89.292,60.794
1766331254.483254,263,103;108;109;200;201;202,67.447;49.151;67.537;70.306;75.203;58.789,-1.156037307058296,1.0528398450823733,-0.24493929095939085,-0.11653474941591203,0.6713139823877463,0.2779108090496401,-1.762700802752288,1.2792366555510617,-0.7692406894606331,0.08389811229245348,0.24267869777666445,1.8527095461463663,89.292,60.794
1766331254.549178,264,103;108;109;200;201;202,67.447;49.151;67.537;70.306;75.203;58.789,-1.156037307058296,1.0528398450823733,-0.24493929095939085,-0.11653474941591203,0.6713139823877463,0.2779108090496401,-1.762700802752288,1.2792366555510617,-0.7692406894606331,0.08389811229245348,0.24267869777666445,1.8527095461463663,89.292,60.794
1766331254.615155,265,103;108;109;200;201;202,67.447;49.151;67.537;70.306;75.203;58.789,-1.156037307058296,1.0528398450823733,-0.24493929095939085,-0.11653474941591203,0.6713139823877463,0.2779108090496401,-1.762700802752288,1.2792366555510617,-0.7692406894606331,0.08389811229245348,0.24267869777666445,1.8527095461463663,89.292,60.794
1766331254.682201,266,103;108;109;200;201;202,67.447;49.151;67.537;70.306;75.203;58.789,-1.156037307058296,1.0528398450823733,-0.24493929095939085,-0.11653474941591203,0.6713139823877463,0.2779108090496401,-1.762700802752288,1.2792366555510617,-0.7692406894606331,0.08389811229245348,0.24267869777666445,1.8527095461463663,89.292,60.794
1766331254.746289,267,103;108;109;200;201;202,67.447;49.151;67.537;70.306;75.203;58.789,-1.156037307058296,1.0528398450823733,-0.24493929095939085,-0.11653474941591203,0.6713139823877463,0.2779108090496401,-1.762700802752288,1.2792366555510617,-0.7692406894606331,0.08389811229245348,0.24267869777666445,1.8527095461463663,89.292,60.794
1766331254.814942,268,103;108;109;200;201;202,67.447;49.151;67.537;70.306;75.203;58.789,-1.156037307058296,1.0528398450823733,-0.24493929095939085,-0.11653474941591203,0.6713139823877463,0.2779108090496401,-1.762700802752288,1.2792366555510617,-0.7692406894606331,0.08389811229245348,0.24267869777666445,1.8527095461463663,89.292,60.794
1766331254.882084,269,103;108;109;200;201;202,67.447;49.151;67.537;70.306;75.203;58.789,-1.156037307058296,1.0528398450823733,-0.24493929095939085,-0.11653474941591203,0.6713139823877463,0.2779108090496401,-1.762700802752288,1.2792366555510617,-0.7692406894606331,0.08389811229245348,0.24267869777666445,1.8527095461463663,89.292,60.794
1766331254.949978,270,103;108;109;200;201;202,67.447;49.151;67.537;70.306;75.203;58.789,-1.156037307058296,1.0528398450823733,-0.24493929095939085,-0.11653474941591203,0.6713139823877463,0.2779108090496401,-1.762700802752288,1.2792366555510617,-0.7692406894606331,0.08389811229245348,0.24267869777666445,1.8527095461463663,89.292,60.794
1766331255.013620,271,103;108;109;200;201;202,67.447;49.151;67.537;70.306;75.203;58.789,-1.156037307058296,1.0528398450823733,-0.24493929095939085,-0.11653474941591203,0.6713139823877463,0.2779108090496401,-1.762700802752288,1.2792366555510617,-0.7692406894606331,0.08389811229245348,0.24267869777666445,1.8527095461463663,89.292,60.794
1766331255.079887,272,103;108;109;200;201;202,67.447;49.151;67.537;70.306;75.203;58.789,-1.156037307058296,1.0528398450823733,-0.24493929095939085,-0.11653474941591203,0.6713139823877463,0.2779108090496401,-1.762700802752288,1.2792366555510617,-0.7692406894606331,0.08389811229245348,0.24267869777666445,1.8527095461463663,89.292,60.794
1766331255.146141,273,103;108;109;200;201;202,67.447;49.151;67.537;70.306;75.203;58.789,-1.156037307058296,1.0528398450823733,-0.24493929095939085,-0.11653474941591203,0.6713139823877463,0.2779108090496401,-1.762700802752288,1.2792366555510617,-0.7692406894606331,0.08389811229245348,0.24267869777666445,1.8527095461463663,89.292,60.794
1766331255.213291,274,103;108;109;200;201;202,67.447;49.151;67.537;70.306;75.203;58.789,-1.156037307058296,1.0528398450823733,-0.24493929095939085,-0.11653474941591203,0.6713139823877463,0.2779108090496401,-1.762700802752288,1.2792366555510617,-0.7692406894606331,0.08389811229245348,0.24267869777666445,1.8527095461463663,89.292,60.794
1766331255.281508,275,103;108;109;200;201;202,67.447;49.151;67.537;70.306;75.203;58.789,-1.156037307058296,1.0528398450823733,-0.24493929095939085,-0.11653474941591203,0.6713139823877463,0.2779108090496401,-1.762700802752288,1.2792366555510617,-0.7692406894606331,0.08389811229245348,0.24267869777666445,1.8527095461463663,89.292,60.794
1766331255.342771,276,103;108;109;200;201;202,67.447;49.151;67.537;70.306;75.203;58.789,-1.156037307058296,1.0528398450823733,-0.24493929095939085,-0.11653474941591203,0.6713139823877463,0.2779108090496401,-1.762700802752288,1.2792366555510617,-0.7692406894606331,0.08389811229245348,0.24267869777666445,1.8527095461463663,89.292,60.794
1766331255.409102,277,103;108;109;200;201;202,67.447;49.151;67.537;70.306;75.203;58.789,-1.156037307058296,1.0528398450823733,-0.24493929095939085,-0.11653474941591203,0.6713139823877463,0.2779108090496401,-1.762700802752288,1.2792366555510617,-0.7692406894606331,0.08389811229245348,0.24267869777666445,1.8527095461463663,89.292,60.794
1766331255.478200,278,103;108;109;200;201;202,67.447;49.151;67.537;70.306;75.203;58.789,-1.156037307058296,1.0528398450823733,-0.24493929095939085,-0.11653474941591203,0.6713139823877463,0.2779108090496401,-1.762700802752288,1.2792366555510617,-0.7692406894606331,0.08389811229245348,0.24267869777666445,1.8527095461463663,89.292,60.794
1766331255.545577,279,103;108;109;200;201;202,67.447;49.151;67.537;70.306;75.203;58.789,-1.156037307058296,1.0528398450823733,-0.24493929095939085,-0.11653474941591203,0.6713139823877463,0.2779108090496401,-1.762700802752288,1.2792366555510617,-0.7692406894606331,0.08389811229245348,0.24267869777666445,1.8527095461463663,89.292,60.794
1766331255.611063,280,103;108;109;200;201;202,67.447;49.151;67.537;70.306;75.203;58.789,-1.156037307058296,1.0528398450823733,-0.24493929095939085,-0.11653474941591203,0.6713139823877463,0.2779108090496401,-1.762700802752288,1.2792366555510617,-0.7692406894606331,0.08389811229245348,0.24267869777666445,1.8527095461463663,89.292,60.794
1766331255.677984,281,103;108;109;200;201;202,67.447;49.151;67.537;70.306;75.203;58.789,-1.156037307058296,1.0528398450823733,-0.24493929095939085,-0.11653474941591203,0.6713139823877463,0.2779108090496401,-1.762700802752288,1.2792366555510617,-0.7692406894606331,0.08389811229245348,0.24267869777666445,1.8527095461463663,89.292,60.794
1766331255.801124,282,103;108;109;200;201;202,67.447;49.151;67.537;70.306;75.203;58.789,-1.156037307058296,1.0528398450823733,-0.24493929095939085,-0.11653474941591203,0.6713139823877463,0.2779108090496401,-1.762700802752288,1.2792366555510617,-0.7692406894606331,0.08389811229245348,0.24267869777666445,1.8527095461463663,89.292,60.794
1766331255.867441,283,103;108;109;200;201;202,67.447;49.151;67.537;70.306;75.203;58.789,-1.156037307058296,1.0528398450823733,-0.24493929095939085,-0.11653474941591203,0.6713139823877463,0.2779108090496401,-1.762700802752288,1.2792366555510617,-0.7692406894606331,0.08389811229245348,0.24267869777666445,1.8527095461463663,89.292,60.794
1766331255.935038,284,103;108;109;200;201;202,67.447;49.151;67.537;70.306;75.203;58.789,-1.156037307058296,1.0528398450823733,-0.24493929095939085,-0.11653474941591203,0.6713139823877463,0.2779108090496401,-1.762700802752288,1.2792366555510617,-0.7692406894606331,0.08389811229245348,0.24267869777666445,1.8527095461463663,89.292,60.794
1766331256.001216,285,103;108;109;200;201;202,67.447;49.151;67.537;70.306;75.203;58.789,-1.156037307058296,1.0528398450823733,-0.24493929095939085,-0.11653474941591203,0.6713139823877463,0.2779108090496401,-1.762700802752288,1.2792366555510617,-0.7692406894606331,0.08389811229245348,0.24267869777666445,1.8527095461463663,89.292,60.794
1766331256.067801,286,103;108;109;200;201;202,67.447;49.151;67.537;70.306;75.203;58.789,-1.156037307058296,1.0528398450823733,-0.24493929095939085,-0.11653474941591203,0.6713139823877463,0.2779108090496401,-1.762700802752288,1.2792366555510617,-0.7692406894606331,0.08389811229245348,0.24267869777666445,1.8527095461463663,89.292,60.794
1766331256.131333,287,103;108;109;200;201;202,67.447;49.151;67.537;70.306;75.203;58.789,-1.156037307058296,1.0528398450823733,-0.24493929095939085,-0.11653474941591203,0.6713139823877463,0.2779108090496401,-1.762700802752288,1.2792366555510617,-0.7692406894606331,0.08389811229245348,0.24267869777666445,1.8527095461463663,89.292,60.794
1766331256.201318,288,103;108;109;200;201;202,67.447;49.151;67.537;70.306;75.203;58.789,-1.156037307058296,1.0528398450823733,-0.24493929095939085,-0.11653474941591203,0.6713139823877463,0.2779108090496401,-1.762700802752288,1.2792366555510617,-0.7692406894606331,0.08389811229245348,0.24267869777666445,1.8527095461463663,89.292,60.794
1766331256.264287,289,103;108;109;200;201;202,67.447;49.151;67.537;70.306;75.203;58.789,-1.156037307058296,1.0528398450823733,-0.24493929095939085,-0.11653474941591203,0.6713139823877463,0.2779108090496401,-1.762700802752288,1.2792366555510617,-0.7692406894606331,0.08389811229245348,0.24267869777666445,1.8527095461463663,89.292,60.794
1766331256.330143,290,103;108;109;200;201;202,67.447;49.151;67.537;70.306;75.203;58.789,-1.156037307058296,1.0528398450823733,-0.24493929095939085,-0.11653474941591203,0.6713139823877463,0.2779108090496401,-1.762700802752288,1.2792366555510617,-0.7692406894606331,0.08389811229245348,0.24267869777666445,1.8527095461463663,89.292,60.794
1766331256.396606,291,103;108;109;200;201;202,67.447;49.151;67.537;70.306;75.203;58.789,-1.156037307058296,1.0528398450823733,-0.24493929095939085,-0.11653474941591203,0.6713139823877463,0.2779108090496401,-1.762700802752288,1.2792366555510617,-0.7692406894606331,0.08389811229245348,0.24267869777666445,1.8527095461463663,89.292,60.794
1766331256.462261,292,103;108;109;200;201;202,67.447;49.151;67.537;70.306;75.203;58.789,-1.156037307058296,1.0528398450823733,-0.24493929095939085,-0.11653474941591203,0.6713139823877463,0.2779108090496401,-1.762700802752288,1.2792366555510617,-0.7692406894606331,0.08389811229245348,0.24267869777666445,1.8527095461463663,89.292,60.794
1766331256.529217,293,103;108;109;200;201;202,67.447;49.151;67.537;70.306;75.203;58.789,-1.156037307058296,1.0528398450823733,-0.24493929095939085,-0.11653474941591203,0.6713139823877463,0.2779108090496401,-1.762700802752288,1.2792366555510617,-0.7692406894606331,0.08389811229245348,0.24267869777666445,1.8527095461463663,89.292,60.794
1766331256.594069,294,103;108;109;200;201;202,67.447;49.151;67.537;70.306;75.203;58.789,-1.156037307058296,1.0528398450823733,-0.24493929095939085,-0.11653474941591203,0.6713139823877463,0.2779108090496401,-1.762700802752288,1.2792366555510617,-0.7692406894606331,0.08389811229245348,0.24267869777666445,1.8527095461463663,89.292,60.794
1766331256.661829,295,103;108;109;200;201;202,67.447;49.151;67.537;70.306;75.203;58.789,-1.156037307058296,1.0528398450823733,-0.24493929095939085,-0.11653474941591203,0.6713139823877463,0.2779108090496401,-1.762700802752288,1.2792366555510617,-0.7692406894606331,0.08389811229245348,0.24267869777666445,1.8527095461463663,89.292,60.794
1766331256.728077,296,103;108;109;200;201;202,67.447;49.151;67.537;70.306;75.203;58.789,-1.156037307058296,1.0528398450823733,-0.24493929095939085,-0.11653474941591203,0.6713139823877463,0.2779108090496401,-1.762700802752288,1.2792366555510617,-0.7692406894606331,0.08389811229245348,0.24267869777666445,1.8527095461463663,89.292,60.794
1766331256.793136,297,103;108;109;200;201;202,67.447;49.151;67.537;70.306;75.203;58.789,-1.156037307058296,1.0528398450823733,-0.24493929095939085,-0.11653474941591203,0.6713139823877463,0.2779108090496401,-1.762700802752288,1.2792366555510617,-0.7692406894606331,0.08389811229245348,0.24267869777666445,1.8527095461463663,89.292,60.794
1766331256.860935,298,103;108;109;200;201;202,67.447;49.151;67.537;70.306;75.203;58.789,-1.156037307058296,1.0528398450823733,-0.24493929095939085,-0.11653474941591203,0.6713139823877463,0.2779108090496401,-1.762700802752288,1.2792366555510617,-0.7692406894606331,0.08389811229245348,0.24267869777666445,1.8527095461463663,89.292,60.794
1766331256.925918,299,103;108;109;200;201;202,67.447;49.151;67.537;70.306;75.203;58.789,-1.156037307058296,1.0528398450823733,-0.24493929095939085,-0.11653474941591203,0.6713139823877463,0.2779108090496401,-1.762700802752288,1.2792366555510617,-0.7692406894606331,0.08389811229245348,0.24267869777666445,1.8527095461463663,89.292,60.794
1766331257.024487,300,103;108;109;200;201;202,67.447;49.151;67.537;70.306;75.203;58.789,-1.156037307058296,1.0528398450823733,-0.24493929095939085,-0.11653474941591203,0.6713139823877463,0.2779108090496401,-1.762700802752288,1.2792366555510617,-0.7692406894606331,0.08389811229245348,0.24267869777666445,1.8527095461463663,89.292,60.794
1766331257.090710,301,103;108;109;200;201;202,67.447;49.151;67.537;70.306;75.203;58.789,-1.156037307058296,1.0528398450823733,-0.24493929095939085,-0.11653474941591203,0.6713139823877463,0.2779108090496401,-1.762700802752288,1.2792366555510617,-0.7692406894606331,0.08389811229245348,0.24267869777666445,1.8527095461463663,89.292,60.794
1766331257.156616,302,103;108;109;200;201;202,67.447;49.151;67.537;70.306;75.203;58.789,-1.156037307058296,1.0528398450823733,-0.24493929095939085,-0.11653474941591203,0.6713139823877463,0.2779108090496401,-1.762700802752288,1.2792366555510617,-0.7692406894606331,0.08389811229245348,0.24267869777666445,1.8527095461463663,89.292,60.794
1766331257.223020,303,103;108;109;200;201;202,67.447;49.151;67.537;70.306;75.203;58.789,-1.156037307058296,1.0528398450823733,-0.24493929095939085,-0.11653474941591203,0.6713139823877463,0.2779108090496401,-1.762700802752288,1.2792366555510617,-0.7692406894606331,0.08389811229245348,0.24267869777666445,1.8527095461463663,89.292,60.794
1766331257.288466,304,103;108;109;200;201;202,67.447;49.151;67.537;70.306;75.203;58.789,-1.156037307058296,1.0528398450823733,-0.24493929095939085,-0.11653474941591203,0.6713139823877463,0.2779108090496401,-1.762700802752288,1.2792366555510617,-0.7692406894606331,0.08389811229245348,0.24267869777666445,1.8527095461463663,89.292,60.794
1766331257.356676,305,103;108;109;200;201;202,67.447;49.151;67.537;70.306;75.203;58.789,-1.156037307058296,1.0528398450823733,-0.24493929095939085,-0.11653474941591203,0.6713139823877463,0.2779108090496401,-1.762700802752288,1.2792366555510617,-0.7692406894606331,0.08389811229245348,0.24267869777666445,1.8527095461463663,89.292,60.794
1766331257.419318,306,103;108;109;200;201;202,67.447;49.151;67.537;70.306;75.203;58.789,-1.156037307058296,1.0528398450823733,-0.24493929095939085,-0.11653474941591203,0.6713139823877463,0.2779108090496401,-1.762700802752288,1.2792366555510617,-0.7692406894606331,0.08389811229245348,0.24267869777666445,1.8527095461463663,89.292,60.794
1766331257.488213,307,103;108;109;200;201;202,67.447;49.151;67.537;70.306;75.203;58.789,-1.156037307058296,1.0528398450823733,-0.24493929095939085,-0.11653474941591203,0.6713139823877463,0.2779108090496401,-1.762700802752288,1.2792366555510617,-0.7692406894606331,0.08389811229245348,0.24267869777666445,1.8527095461463663,89.292,60.794
1766331257.553801,308,103;108;109;200;201;202,67.447;49.151;67.537;70.306;75.203;58.789,-1.156037307058296,1.0528398450823733,-0.24493929095939085,-0.11653474941591203,0.6713139823877463,0.2779108090496401,-1.762700802752288,1.2792366555510617,-0.7692406894606331,0.08389811229245348,0.24267869777666445,1.8527095461463663,89.292,60.794
1766331257.633660,309,103;108;109;200;201;202,67.447;49.151;67.537;70.306;75.203;58.789,-1.156037307058296,1.0528398450823733,-0.24493929095939085,-0.11653474941591203,0.6713139823877463,0.2779108090496401,-1.762700802752288,1.2792366555510617,-0.7692406894606331,0.08389811229245348,0.24267869777666445,1.8527095461463663,89.292,60.794
1766331257.705188,310,103;108;109;200;201;202,67.447;49.151;67.537;70.306;75.203;58.789,-1.156037307058296,1.0528398450823733,-0.24493929095939085,-0.11653474941591203,0.6713139823877463,0.2779108090496401,-1.762700802752288,1.2792366555510617,-0.7692406894606331,0.08389811229245348,0.24267869777666445,1.8527095461463663,89.292,60.794
1766331257.795185,311,103;108;109;200;201;202,67.447;49.151;67.537;70.306;75.203;58.789,-1.156037307058296,1.0528398450823733,-0.24493929095939085,-0.11653474941591203,0.6713139823877463,0.2779108090496401,-1.762700802752288,1.2792366555510617,-0.7692406894606331,0.08389811229245348,0.24267869777666445,1.8527095461463663,89.292,60.794
1766331257.881642,312,103;108;109;200;201;202,67.447;49.151;67.537;70.306;75.203;58.789,-1.156037307058296,1.0528398450823733,-0.24493929095939085,-0.11653474941591203,0.6713139823877463,0.2779108090496401,-1.762700802752288,1.2792366555510617,-0.7692406894606331,0.08389811229245348,0.24267869777666445,1.8527095461463663,89.292,60.794
1766331257.949697,313,103;108;109;200;201;202,67.447;49.151;67.537;70.306;75.203;58.789,-1.156037307058296,1.0528398450823733,-0.24493929095939085,-0.11653474941591203,0.6713139823877463,0.2779108090496401,-1.762700802752288,1.2792366555510617,-0.7692406894606331,0.08389811229245348,0.24267869777666445,1.8527095461463663,89.292,60.794
1766331258.014241,314,103;108;109;200;201;202,67.447;49.151;67.537;70.306;75.203;58.789,-1.156037307058296,1.0528398450823733,-0.24493929095939085,-0.11653474941591203,0.6713139823877463,0.2779108090496401,-1.762700802752288,1.2792366555510617,-0.7692406894606331,0.08389811229245348,0.24267869777666445,1.8527095461463663,89.292,60.794
1766331258.079825,315,103;108;109;200;201;202,67.447;49.151;67.537;70.306;75.203;58.789,-1.156037307058296,1.0528398450823733,-0.24493929095939085,-0.11653474941591203,0.6713139823877463,0.2779108090496401,-1.762700802752288,1.2792366555510617,-0.7692406894606331,0.08389811229245348,0.24267869777666445,1.8527095461463663,89.292,60.794
1766331258.146691,316,103;108;109;200;201;202,67.447;49.151;67.537;70.306;75.203;58.789,-1.156037307058296,1.0528398450823733,-0.24493929095939085,-0.11653474941591203,0.6713139823877463,0.2779108090496401,-1.762700802752288,1.2792366555510617,-0.7692406894606331,0.08389811229245348,0.24267869777666445,1.8527095461463663,89.292,60.794
1766331258.213202,317,103;108;109;200;201;202,67.447;49.151;67.537;70.306;75.203;58.789,-1.156037307058296,1.0528398450823733,-0.24493929095939085,-0.11653474941591203,0.6713139823877463,0.2779108090496401,-1.762700802752288,1.2792366555510617,-0.7692406894606331,0.08389811229245348,0.24267869777666445,1.8527095461463663,89.292,60.794
1766331258.278346,318,103;108;109;200;201;202,67.447;49.151;67.537;70.306;75.203;58.789,-1.156037307058296,1.0528398450823733,-0.24493929095939085,-0.11653474941591203,0.6713139823877463,0.2779108090496401,-1.762700802752288,1.2792366555510617,-0.7692406894606331,0.08389811229245348,0.24267869777666445,1.8527095461463663,89.292,60.794
1766331258.345681,319,103;108;109;200;201;202,67.447;49.151;67.537;70.306;75.203;58.789,-1.156037307058296,1.0528398450823733,-0.24493929095939085,-0.11653474941591203,0.6713139823877463,0.2779108090496401,-1.762700802752288,1.2792366555510617,-0.7692406894606331,0.08389811229245348,0.24267869777666445,1.8527095461463663,89.292,60.794
1766331258.411368,320,103;108;109;200;201;202,67.447;49.151;67.537;70.306;75.203;58.789,-1.156037307058296,1.0528398450823733,-0.24493929095939085,-0.11653474941591203,0.6713139823877463,0.2779108090496401,-1.762700802752288,1.2792366555510617,-0.7692406894606331,0.08389811229245348,0.24267869777666445,1.8527095461463663,89.292,60.794
1766331258.483106,321,103;108;109;200;201;202,67.447;49.151;67.537;70.306;75.203;58.789,-1.156037307058296,1.0528398450823733,-0.24493929095939085,-0.11653474941591203,0.6713139823877463,0.2779108090496401,-1.762700802752288,1.2792366555510617,-0.7692406894606331,0.08389811229245348,0.24267869777666445,1.8527095461463663,89.292,60.794
1766331258.543542,322,103;108;109;200;201;202,67.447;49.151;67.537;70.306;75.203;58.789,-1.156037307058296,1.0528398450823733,-0.24493929095939085,-0.11653474941591203,0.6713139823877463,0.2779108090496401,-1.762700802752288,1.2792366555510617,-0.7692406894606331,0.08389811229245348,0.24267869777666445,1.8527095461463663,89.292,60.794
1766331258.610067,323,103;108;109;200;201;202,67.447;49.151;67.537;70.306;75.203;58.789,-1.156037307058296,1.0528398450823733,-0.24493929095939085,-0.11653474941591203,0.6713139823877463,0.2779108090496401,-1.762700802752288,1.2792366555510617,-0.7692406894606331,0.08389811229245348,0.24267869777666445,1.8527095461463663,89.292,60.794
1766331258.675786,324,103;108;109;200;201;202,67.447;49.151;67.537;70.306;75.203;58.789,-1.156037307058296,1.0528398450823733,-0.24493929095939085,-0.11653474941591203,0.6713139823877463,0.2779108090496401,-1.762700802752288,1.2792366555510617,-0.7692406894606331,0.08389811229245348,0.24267869777666445,1.8527095461463663,89.292,60.794
1766331258.743021,325,103;108;109;200;201;202,67.447;49.151;67.537;70.306;75.203;58.789,-1.156037307058296,1.0528398450823733,-0.24493929095939085,-0.11653474941591203,0.6713139823877463,0.2779108090496401,-1.762700802752288,1.2792366555510617,-0.7692406894606331,0.08389811229245348,0.24267869777666445,1.8527095461463663,89.292,60.794
1766331258.807495,326,103;108;109;200;201;202,67.447;49.151;67.537;70.306;75.203;58.789,-1.156037307058296,1.0528398450823733,-0.24493929095939085,-0.11653474941591203,0.6713139823877463,0.2779108090496401,-1.762700802752288,1.2792366555510617,-0.7692406894606331,0.08389811229245348,0.24267869777666445,1.8527095461463663,89.292,60.794
1766331258.872459,327,103;108;109;200;201;202,67.447;49.151;67.537;70.306;75.203;58.789,-1.156037307058296,1.0528398450823733,-0.24493929095939085,-0.11653474941591203,0.6713139823877463,0.2779108090496401,-1.762700802752288,1.2792366555510617,-0.7692406894606331,0.08389811229245348,0.24267869777666445,1.8527095461463663,89.292,60.794
1766331258.941874,328,103;108;109;200;201;202,67.447;49.151;67.537;70.306;75.203;58.789,-1.156037307058296,1.0528398450823733,-0.24493929095939085,-0.11653474941591203,0.6713139823877463,0.2779108090496401,-1.762700802752288,1.2792366555510617,-0.7692406894606331,0.08389811229245348,0.24267869777666445,1.8527095461463663,89.292,60.794
1766331259.010785,329,103;108;109;200;201;202,67.447;49.151;67.537;70.306;75.203;58.789,-1.156037307058296,1.0528398450823733,-0.24493929095939085,-0.11653474941591203,0.6713139823877463,0.2779108090496401,-1.762700802752288,1.2792366555510617,-0.7692406894606331,0.08389811229245348,0.24267869777666445,1.8527095461463663,89.292,60.794
1766331259.076141,330,103;108;109;200;201;202,67.447;49.151;67.537;70.306;75.203;58.789,-1.156037307058296,1.0528398450823733,-0.24493929095939085,-0.11653474941591203,0.6713139823877463,0.2779108090496401,-1.762700802752288,1.2792366555510617,-0.7692406894606331,0.08389811229245348,0.24267869777666445,1.8527095461463663,89.292,60.794
1766331259.145826,331,103;108;109;200;201;202,67.447;49.151;67.537;70.306;75.203;58.789,-1.156037307058296,1.0528398450823733,-0.24493929095939085,-0.11653474941591203,0.6713139823877463,0.2779108090496401,-1.762700802752288,1.2792366555510617,-0.7692406894606331,0.08389811229245348,0.24267869777666445,1.8527095461463663,89.292,60.794
1766331259.269486,332,103;108;109;200;201;202,67.447;49.151;67.537;70.306;75.203;58.789,-1.156037307058296,1.0528398450823733,-0.24493929095939085,-0.11653474941591203,0.6713139823877463,0.2779108090496401,-1.762700802752288,1.2792366555510617,-0.7692406894606331,0.08389811229245348,0.24267869777666445,1.8527095461463663,89.292,60.794
1766331259.336351,333,103;108;109;200;201;202,67.447;49.151;67.537;70.306;75.203;58.789,-1.156037307058296,1.0528398450823733,-0.24493929095939085,-0.11653474941591203,0.6713139823877463,0.2779108090496401,-1.762700802752288,1.2792366555510617,-0.7692406894606331,0.08389811229245348,0.24267869777666445,1.8527095461463663,89.292,60.794
1766331259.400786,334,103;108;109;200;201;202,67.447;49.151;67.537;70.306;75.203;58.789,-1.156037307058296,1.0528398450823733,-0.24493929095939085,-0.11653474941591203,0.6713139823877463,0.2779108090496401,-1.762700802752288,1.2792366555510617,-0.7692406894606331,0.08389811229245348,0.24267869777666445,1.8527095461463663,89.292,60.794
1766331259.466515,335,103;108;109;200;201;202,67.447;49.151;67.537;70.306;75.203;58.789,-1.156037307058296,1.0528398450823733,-0.24493929095939085,-0.11653474941591203,0.6713139823877463,0.2779108090496401,-1.762700802752288,1.2792366555510617,-0.7692406894606331,0.08389811229245348,0.24267869777666445,1.8527095461463663,89.292,60.794
1766331259.537463,336,103;108;109;200;201;202,67.447;49.151;67.537;70.306;75.203;58.789,-1.156037307058296,1.0528398450823733,-0.24493929095939085,-0.11653474941591203,0.6713139823877463,0.2779108090496401,-1.762700802752288,1.2792366555510617,-0.7692406894606331,0.08389811229245348,0.24267869777666445,1.8527095461463663,89.292,60.794
1766331259.633414,337,103;108;109;200;201;202,67.447;49.151;67.537;70.306;75.203;58.789,-1.156037307058296,1.0528398450823733,-0.24493929095939085,-0.11653474941591203,0.6713139823877463,0.2779108090496401,-1.762700802752288,1.2792366555510617,-0.7692406894606331,0.08389811229245348,0.24267869777666445,1.8527095461463663,89.292,60.794
1766331259.696119,338,103;108;109;200;201;202,67.447;49.151;67.537;70.306;75.203;58.789,-1.156037307058296,1.0528398450823733,-0.24493929095939085,-0.11653474941591203,0.6713139823877463,0.2779108090496401,-1.762700802752288,1.2792366555510617,-0.7692406894606331,0.08389811229245348,0.24267869777666445,1.8527095461463663,89.292,60.794
1766331259.762714,339,103;108;109;200;201;202,67.447;49.151;67.537;70.306;75.203;58.789,-1.156037307058296,1.0528398450823733,-0.24493929095939085,-0.11653474941591203,0.6713139823877463,0.2779108090496401,-1.762700802752288,1.2792366555510617,-0.7692406894606331,0.08389811229245348,0.24267869777666445,1.8527095461463663,89.292,60.794
1766331259.832481,340,103;108;109;200;201;202,67.447;49.151;67.537;70.306;75.203;58.789,-1.156037307058296,1.0528398450823733,-0.24493929095939085,-0.11653474941591203,0.6713139823877463,0.2779108090496401,-1.762700802752288,1.2792366555510617,-0.7692406894606331,0.08389811229245348,0.24267869777666445,1.8527095461463663,89.292,60.794
1766331259.896187,341,103;108;109;200;201;202,67.447;49.151;67.537;70.306;75.203;58.789,-1.156037307058296,1.0528398450823733,-0.24493929095939085,-0.11653474941591203,0.6713139823877463,0.2779108090496401,-1.762700802752288,1.2792366555510617,-0.7692406894606331,0.08389811229245348,0.24267869777666445,1.8527095461463663,89.292,60.794
1766331259.961742,342,103;108;109;200;201;202,67.447;49.151;67.537;70.306;75.203;58.789,-1.156037307058296,1.0528398450823733,-0.24493929095939085,-0.11653474941591203,0.6713139823877463,0.2779108090496401,-1.762700802752288,1.2792366555510617,-0.7692406894606331,0.08389811229245348,0.24267869777666445,1.8527095461463663,89.292,60.794
1766331260.033563,343,103;108;109;200;201;202,67.447;49.151;67.537;70.306;75.203;58.789,-1.156037307058296,1.0528398450823733,-0.24493929095939085,-0.11653474941591203,0.6713139823877463,0.2779108090496401,-1.762700802752288,1.2792366555510617,-0.7692406894606331,0.08389811229245348,0.24267869777666445,1.8527095461463663,89.292,60.794
1766331260.111829,344,103;108;109;200;201;202,67.447;49.151;67.537;70.306;75.203;58.789,-1.156037307058296,1.0528398450823733,-0.24493929095939085,-0.11653474941591203,0.6713139823877463,0.2779108090496401,-1.762700802752288,1.2792366555510617,-0.7692406894606331,0.08389811229245348,0.24267869777666445,1.8527095461463663,89.292,60.794
1766331260.197710,345,103;108;109;200;201;202,67.447;49.151;67.537;70.306;75.203;58.789,-1.156037307058296,1.0528398450823733,-0.24493929095939085,-0.11653474941591203,0.6713139823877463,0.2779108090496401,-1.762700802752288,1.2792366555510617,-0.7692406894606331,0.08389811229245348,0.24267869777666445,1.8527095461463663,89.292,60.794
1766331260.266991,346,103;108;109;200;201;202,67.447;49.151;67.537;70.306;75.203;58.789,-1.156037307058296,1.0528398450823733,-0.24493929095939085,-0.11653474941591203,0.6713139823877463,0.2779108090496401,-1.762700802752288,1.2792366555510617,-0.7692406894606331,0.08389811229245348,0.24267869777666445,1.8527095461463663,89.292,60.794
1766331260.334072,347,103;108;109;200;201;202,67.447;49.151;67.537;70.306;75.203;58.789,-1.156037307058296,1.0528398450823733,-0.24493929095939085,-0.11653474941591203,0.6713139823877463,0.2779108090496401,-1.762700802752288,1.2792366555510617,-0.7692406894606331,0.08389811229245348,0.24267869777666445,1.8527095461463663,89.292,60.794
1766331260.393732,348,103;108;109;200;201;202,67.447;49.151;67.537;70.306;75.203;58.789,-1.156037307058296,1.0528398450823733,-0.24493929095939085,-0.11653474941591203,0.6713139823877463,0.2779108090496401,-1.762700802752288,1.2792366555510617,-0.7692406894606331,0.08389811229245348,0.24267869777666445,1.8527095461463663,89.292,60.794
1766331260.461973,349,103;108;109;200;201;202,67.447;49.151;67.537;70.306;75.203;58.789,-1.156037307058296,1.0528398450823733,-0.24493929095939085,-0.11653474941591203,0.6713139823877463,0.2779108090496401,-1.762700802752288,1.2792366555510617,-0.7692406894606331,0.08389811229245348,0.24267869777666445,1.8527095461463663,89.292,60.794
1766331260.526015,350,103;108;109;200;201;202,67.447;49.151;67.537;70.306;75.203;58.789,-1.156037307058296,1.0528398450823733,-0.24493929095939085,-0.11653474941591203,0.6713139823877463,0.2779108090496401,-1.762700802752288,1.2792366555510617,-0.7692406894606331,0.08389811229245348,0.24267869777666445,1.8527095461463663,89.292,60.794
1766331260.593833,351,103;108;109;200;201;202,67.447;49.151;67.537;70.306;75.203;58.789,-1.156037307058296,1.0528398450823733,-0.24493929095939085,-0.11653474941591203,0.6713139823877463,0.2779108090496401,-1.762700802752288,1.2792366555510617,-0.7692406894606331,0.08389811229245348,0.24267869777666445,1.8527095461463663,89.292,60.794
1766331260.686229,352,103;108;109;200;201;202,67.447;49.151;67.537;70.306;75.203;58.789,-1.156037307058296,1.0528398450823733,-0.24493929095939085,-0.11653474941591203,0.6713139823877463,0.2779108090496401,-1.762700802752288,1.2792366555510617,-0.7692406894606331,0.08389811229245348,0.24267869777666445,1.8527095461463663,89.292,60.794
1766331260.768448,353,103;108;109;200;201;202,67.447;49.151;67.537;70.306;75.203;58.789,-1.156037307058296,1.0528398450823733,-0.24493929095939085,-0.11653474941591203,0.6713139823877463,0.2779108090496401,-1.762700802752288,1.2792366555510617,-0.7692406894606331,0.08389811229245348,0.24267869777666445,1.8527095461463663,89.292,60.794
1766331260.873438,354,103;108;109;200;201;202,67.447;49.151;67.537;70.306;75.203;58.789,-1.156037307058296,1.0528398450823733,-0.24493929095939085,-0.11653474941591203,0.6713139823877463,0.2779108090496401,-1.762700802752288,1.2792366555510617,-0.7692406894606331,0.08389811229245348,0.24267869777666445,1.8527095461463663,89.292,60.794
1766331260.952458,355,103;108;109;200;201;202,67.447;49.151;67.537;70.306;75.203;58.789,-1.156037307058296,1.0528398450823733,-0.24493929095939085,-0.11653474941591203,0.6713139823877463,0.2779108090496401,-1.762700802752288,1.2792366555510617,-0.7692406894606331,0.08389811229245348,0.24267869777666445,1.8527095461463663,89.292,60.794
1766331261.018673,356,103;108;109;200;201;202,67.447;49.151;67.537;70.306;75.203;58.789,-1.156037307058296,1.0528398450823733,-0.24493929095939085,-0.11653474941591203,0.6713139823877463,0.2779108090496401,-1.762700802752288,1.2792366555510617,-0.7692406894606331,0.08389811229245348,0.24267869777666445,1.8527095461463663,89.292,60.794
1766331261.083426,357,103;108;109;200;201;202,67.447;49.151;67.537;70.306;75.203;58.789,-1.156037307058296,1.0528398450823733,-0.24493929095939085,-0.11653474941591203,0.6713139823877463,0.2779108090496401,-1.762700802752288,1.2792366555510617,-0.7692406894606331,0.08389811229245348,0.24267869777666445,1.8527095461463663,89.292,60.794
1766331261.152178,358,103;108;109;200;201;202,67.447;49.151;67.537;70.306;75.203;58.789,-1.156037307058296,1.0528398450823733,-0.24493929095939085,-0.11653474941591203,0.6713139823877463,0.2779108090496401,-1.762700802752288,1.2792366555510617,-0.7692406894606331,0.08389811229245348,0.24267869777666445,1.8527095461463663,89.292,60.794
1766331261.216833,359,103;108;109;200;201;202,67.447;49.151;67.537;70.306;75.203;58.789,-1.156037307058296,1.0528398450823733,-0.24493929095939085,-0.11653474941591203,0.6713139823877463,0.2779108090496401,-1.762700802752288,1.2792366555510617,-0.7692406894606331,0.08389811229245348,0.24267869777666445,1.8527095461463663,89.292,60.794
1766331261.290241,360,103;108;109;200;201;202,67.447;49.151;67.537;70.306;75.203;58.789,-1.156037307058296,1.0528398450823733,-0.24493929095939085,-0.11653474941591203,0.6713139823877463,0.2779108090496401,-1.762700802752288,1.2792366555510617,-0.7692406894606331,0.08389811229245348,0.24267869777666445,1.8527095461463663,89.292,60.794
1766331261.350573,361,103;108;109;200;201;202,67.447;49.151;67.537;70.306;75.203;58.789,-1.156037307058296,1.0528398450823733,-0.24493929095939085,-0.11653474941591203,0.6713139823877463,0.2779108090496401,-1.762700802752288,1.2792366555510617,-0.7692406894606331,0.08389811229245348,0.24267869777666445,1.8527095461463663,89.292,60.794
1766331261.414628,362,103;108;109;200;201;202,67.447;49.151;67.537;70.306;75.203;58.789,-1.156037307058296,1.0528398450823733,-0.24493929095939085,-0.11653474941591203,0.6713139823877463,0.2779108090496401,-1.762700802752288,1.2792366555510617,-0.7692406894606331,0.08389811229245348,0.24267869777666445,1.8527095461463663,89.292,60.794
1766331261.484554,363,103;108;109;200;201;202,67.447;49.151;67.537;70.306;75.203;58.789,-1.156037307058296,1.0528398450823733,-0.24493929095939085,-0.11653474941591203,0.6713139823877463,0.2779108090496401,-1.762700802752288,1.2792366555510617,-0.7692406894606331,0.08389811229245348,0.24267869777666445,1.8527095461463663,89.292,60.794
1766331261.547833,364,103;108;109;200;201;202,67.447;49.151;67.537;70.306;75.203;58.789,-1.156037307058296,1.0528398450823733,-0.24493929095939085,-0.11653474941591203,0.6713139823877463,0.2779108090496401,-1.762700802752288,1.2792366555510617,-0.7692406894606331,0.08389811229245348,0.24267869777666445,1.8527095461463663,89.292,60.794
1766331261.612320,365,103;108;109;200;201;202,67.447;49.151;67.537;70.306;75.203;58.789,-1.156037307058296,1.0528398450823733,-0.24493929095939085,-0.11653474941591203,0.6713139823877463,0.2779108090496401,-1.762700802752288,1.2792366555510617,-0.7692406894606331,0.08389811229245348,0.24267869777666445,1.8527095461463663,89.292,60.794
1766331261.679837,366,103;108;109;200;201;202,67.447;49.151;67.537;70.306;75.203;58.789,-1.156037307058296,1.0528398450823733,-0.24493929095939085,-0.11653474941591203,0.6713139823877463,0.2779108090496401,-1.762700802752288,1.2792366555510617,-0.7692406894606331,0.08389811229245348,0.24267869777666445,1.8527095461463663,89.292,60.794
1766331261.748051,367,103;108;109;200;201;202,67.447;49.151;67.537;70.306;75.203;58.789,-1.156037307058296,1.0528398450823733,-0.24493929095939085,-0.11653474941591203,0.6713139823877463,0.2779108090496401,-1.762700802752288,1.2792366555510617,-0.7692406894606331,0.08389811229245348,0.24267869777666445,1.8527095461463663,89.292,60.794
1766331261.817389,368,103;108;109;200;201;202,67.447;49.151;67.537;70.306;75.203;58.789,-1.156037307058296,1.0528398450823733,-0.24493929095939085,-0.11653474941591203,0.6713139823877463,0.2779108090496401,-1.762700802752288,1.2792366555510617,-0.7692406894606331,0.08389811229245348,0.24267869777666445,1.8527095461463663,89.292,60.794
1766331261.890038,369,103;108;109;200;201;202,67.447;49.151;67.537;70.306;75.203;58.789,-1.156037307058296,1.0528398450823733,-0.24493929095939085,-0.11653474941591203,0.6713139823877463,0.2779108090496401,-1.762700802752288,1.2792366555510617,-0.7692406894606331,0.08389811229245348,0.24267869777666445,1.8527095461463663,89.292,60.794
1766331262.000871,370,103;108;109;200;201;202,67.447;49.151;67.537;70.306;75.203;58.789,-1.156037307058296,1.0528398450823733,-0.24493929095939085,-0.11653474941591203,0.6713139823877463,0.2779108090496401,-1.762700802752288,1.2792366555510617,-0.7692406894606331,0.08389811229245348,0.24267869777666445,1.8527095461463663,89.292,60.794
1766331262.103786,371,103;108;109;200;201;202,67.447;49.151;67.537;70.306;75.203;58.789,-1.156037307058296,1.0528398450823733,-0.24493929095939085,-0.11653474941591203,0.6713139823877463,0.2779108090496401,-1.762700802752288,1.2792366555510617,-0.7692406894606331,0.08389811229245348,0.24267869777666445,1.8527095461463663,89.292,60.794
1766331262.187845,372,103;108;109;200;201;202,67.447;49.151;67.537;70.306;75.203;58.789,-1.156037307058296,1.0528398450823733,-0.24493929095939085,-0.11653474941591203,0.6713139823877463,0.2779108090496401,-1.762700802752288,1.2792366555510617,-0.7692406894606331,0.08389811229245348,0.24267869777666445,1.8527095461463663,89.292,60.794
1766331262.240713,373,103;108;109;200;201;202,67.447;49.151;67.537;70.306;75.203;58.789,-1.156037307058296,1.0528398450823733,-0.24493929095939085,-0.11653474941591203,0.6713139823877463,0.2779108090496401,-1.762700802752288,1.2792366555510617,-0.7692406894606331,0.08389811229245348,0.24267869777666445,1.8527095461463663,89.292,60.794
1766331262.303111,374,103;108;109;200;201;202,67.447;49.151;67.537;70.306;75.203;58.789,-1.156037307058296,1.0528398450823733,-0.24493929095939085,-0.11653474941591203,0.6713139823877463,0.2779108090496401,-1.762700802752288,1.2792366555510617,-0.7692406894606331,0.08389811229245348,0.24267869777666445,1.8527095461463663,89.292,60.794
1766331262.367352,375,103;108;109;200;201;202,67.447;49.151;67.537;70.306;75.203;58.789,-1.156037307058296,1.0528398450823733,-0.24493929095939085,-0.11653474941591203,0.6713139823877463,0.2779108090496401,-1.762700802752288,1.2792366555510617,-0.7692406894606331,0.08389811229245348,0.24267869777666445,1.8527095461463663,89.292,60.794
1766331262.433407,376,103;108;109;200;201;202,67.447;49.151;67.537;70.306;75.203;58.789,-1.156037307058296,1.0528398450823733,-0.24493929095939085,-0.11653474941591203,0.6713139823877463,0.2779108090496401,-1.762700802752288,1.2792366555510617,-0.7692406894606331,0.08389811229245348,0.24267869777666445,1.8527095461463663,89.292,60.794
1766331262.559447,377,103;108;109;200;201;202,67.447;49.151;67.537;70.306;75.203;58.789,-1.156037307058296,1.0528398450823733,-0.24493929095939085,-0.11653474941591203,0.6713139823877463,0.2779108090496401,-1.762700802752288,1.2792366555510617,-0.7692406894606331,0.08389811229245348,0.24267869777666445,1.8527095461463663,89.292,60.794
1766331262.635087,378,103;108;109;200;201;202,67.447;49.151;67.537;70.306;75.203;58.789,-1.156037307058296,1.0528398450823733,-0.24493929095939085,-0.11653474941591203,0.6713139823877463,0.2779108090496401,-1.762700802752288,1.2792366555510617,-0.7692406894606331,0.08389811229245348,0.24267869777666445,1.8527095461463663,89.292,60.794
1766331262.702741,379,103;108;109;200;201;202,67.447;49.151;67.537;70.306;75.203;58.789,-1.156037307058296,1.0528398450823733,-0.24493929095939085,-0.11653474941591203,0.6713139823877463,0.2779108090496401,-1.762700802752288,1.2792366555510617,-0.7692406894606331,0.08389811229245348,0.24267869777666445,1.8527095461463663,89.292,60.794
1766331262.766475,380,103;108;109;200;201;202,67.447;49.151;67.537;70.306;75.203;58.789,-1.156037307058296,1.0528398450823733,-0.24493929095939085,-0.11653474941591203,0.6713139823877463,0.2779108090496401,-1.762700802752288,1.2792366555510617,-0.7692406894606331,0.08389811229245348,0.24267869777666445,1.8527095461463663,89.292,60.794
1766331262.831526,381,103;108;109;200;201;202,67.447;49.151;67.537;70.306;75.203;58.789,-1.156037307058296,1.0528398450823733,-0.24493929095939085,-0.11653474941591203,0.6713139823877463,0.2779108090496401,-1.762700802752288,1.2792366555510617,-0.7692406894606331,0.08389811229245348,0.24267869777666445,1.8527095461463663,89.292,60.794
1766331262.933529,382,103;108;109;200;201;202,67.447;49.151;67.537;70.306;75.203;58.789,-1.156037307058296,1.0528398450823733,-0.24493929095939085,-0.11653474941591203,0.6713139823877463,0.2779108090496401,-1.762700802752288,1.2792366555510617,-0.7692406894606331,0.08389811229245348,0.24267869777666445,1.8527095461463663,89.292,60.794
1766331263.056369,383,103;108;109;200;201;202,67.447;49.151;67.537;70.306;75.203;58.789,-1.156037307058296,1.0528398450823733,-0.24493929095939085,-0.11653474941591203,0.6713139823877463,0.2779108090496401,-1.762700802752288,1.2792366555510617,-0.7692406894606331,0.08389811229245348,0.24267869777666445,1.8527095461463663,89.292,60.794
1766331263.129906,384,103;108;109;200;201;202,67.447;49.151;67.537;70.306;75.203;58.789,-1.156037307058296,1.0528398450823733,-0.24493929095939085,-0.11653474941591203,0.6713139823877463,0.2779108090496401,-1.762700802752288,1.2792366555510617,-0.7692406894606331,0.08389811229245348,0.24267869777666445,1.8527095461463663,89.292,60.794
1766331263.199176,385,103;108;109;200;201;202,67.447;49.151;67.537;70.306;75.203;58.789,-1.156037307058296,1.0528398450823733,-0.24493929095939085,-0.11653474941591203,0.6713139823877463,0.2779108090496401,-1.762700802752288,1.2792366555510617,-0.7692406894606331,0.08389811229245348,0.24267869777666445,1.8527095461463663,89.292,60.794
1766331263.263936,386,103;108;109;200;201;202,67.447;49.151;67.537;70.306;75.203;58.789,-1.156037307058296,1.0528398450823733,-0.24493929095939085,-0.11653474941591203,0.6713139823877463,0.2779108090496401,-1.762700802752288,1.2792366555510617,-0.7692406894606331,0.08389811229245348,0.24267869777666445,1.8527095461463663,89.292,60.794
1766331263.327726,387,103;108;109;200;201;202,67.447;49.151;67.537;70.306;75.203;58.789,-1.156037307058296,1.0528398450823733,-0.24493929095939085,-0.11653474941591203,0.6713139823877463,0.2779108090496401,-1.762700802752288,1.2792366555510617,-0.7692406894606331,0.08389811229245348,0.24267869777666445,1.8527095461463663,89.292,60.794
1766331263.393212,388,103;108;109;200;201;202,67.447;49.151;67.537;70.306;75.203;58.789,-1.156037307058296,1.0528398450823733,-0.24493929095939085,-0.11653474941591203,0.6713139823877463,0.2779108090496401,-1.762700802752288,1.2792366555510617,-0.7692406894606331,0.08389811229245348,0.24267869777666445,1.8527095461463663,89.292,60.794
1766331263.458090,389,103;108;109;200;201;202,67.447;49.151;67.537;70.306;75.203;58.789,-1.156037307058296,1.0528398450823733,-0.24493929095939085,-0.11653474941591203,0.6713139823877463,0.2779108090496401,-1.762700802752288,1.2792366555510617,-0.7692406894606331,0.08389811229245348,0.24267869777666445,1.8527095461463663,89.292,60.794
1766331263.524225,390,103;108;109;200;201;202,67.447;49.151;67.537;70.306;75.203;58.789,-1.156037307058296,1.0528398450823733,-0.24493929095939085,-0.11653474941591203,0.6713139823877463,0.2779108090496401,-1.762700802752288,1.2792366555510617,-0.7692406894606331,0.08389811229245348,0.24267869777666445,1.8527095461463663,89.292,60.794
1766331263.592465,391,103;108;109;200;201;202,67.447;49.151;67.537;70.306;75.203;58.789,-1.156037307058296,1.0528398450823733,-0.24493929095939085,-0.11653474941591203,0.6713139823877463,0.2779108090496401,-1.762700802752288,1.2792366555510617,-0.7692406894606331,0.08389811229245348,0.24267869777666445,1.8527095461463663,89.292,60.794
1766331263.658445,392,103;108;109;200;201;202,67.447;49.151;67.537;70.306;75.203;58.789,-1.156037307058296,1.0528398450823733,-0.24493929095939085,-0.11653474941591203,0.6713139823877463,0.2779108090496401,-1.762700802752288,1.2792366555510617,-0.7692406894606331,0.08389811229245348,0.24267869777666445,1.8527095461463663,89.292,60.794
1766331263.722742,393,103;108;109;200;201;202,67.447;49.151;67.537;70.306;75.203;58.789,-1.156037307058296,1.0528398450823733,-0.24493929095939085,-0.11653474941591203,0.6713139823877463,0.2779108090496401,-1.762700802752288,1.2792366555510617,-0.7692406894606331,0.08389811229245348,0.24267869777666445,1.8527095461463663,89.292,60.794
1766331263.788110,394,103;108;109;200;201;202,67.447;49.151;67.537;70.306;75.203;58.789,-1.156037307058296,1.0528398450823733,-0.24493929095939085,-0.11653474941591203,0.6713139823877463,0.2779108090496401,-1.762700802752288,1.2792366555510617,-0.7692406894606331,0.08389811229245348,0.24267869777666445,1.8527095461463663,89.292,60.794
1766331263.856932,395,103;108;109;200;201;202,67.447;49.151;67.537;70.306;75.203;58.789,-1.156037307058296,1.0528398450823733,-0.24493929095939085,-0.11653474941591203,0.6713139823877463,0.2779108090496401,-1.762700802752288,1.2792366555510617,-0.7692406894606331,0.08389811229245348,0.24267869777666445,1.8527095461463663,89.292,60.794
1766331263.925387,396,103;108;109;200;201;202,67.447;49.151;67.537;70.306;75.203;58.789,-1.156037307058296,1.0528398450823733,-0.24493929095939085,-0.11653474941591203,0.6713139823877463,0.2779108090496401,-1.762700802752288,1.2792366555510617,-0.7692406894606331,0.08389811229245348,0.24267869777666445,1.8527095461463663,89.292,60.794
1766331263.992717,397,103;108;109;200;201;202,67.447;49.151;67.537;70.306;75.203;58.789,-1.156037307058296,1.0528398450823733,-0.24493929095939085,-0.11653474941591203,0.6713139823877463,0.2779108090496401,-1.762700802752288,1.2792366555510617,-0.7692406894606331,0.08389811229245348,0.24267869777666445,1.8527095461463663,89.292,60.794
