#{"config": {"calib_path_resolved": "/Users/Andreas/Desktop/ptl24_marker/common/calib/calib_c920_1920x1080.yaml", "cli_overrides": ["camera", "config", "debug_metrics", "ekf", "ema_alpha", "extrinsics", "fps", "height", "print_tilt", "rig", "save_poses", "use_weighted_se3", "video", "width"], "config_path": "/Users/Andreas/Desktop/ptl24_marker/phase_b/config.yaml", "extrinsics_path_resolved": "/Users/Andreas/Desktop/ptl24_marker/common/extrinsics/T_WC_c920_1920x1080.yaml", "rig_path_resolved": "/Users/Andreas/Desktop/ptl24_marker/phase_b/rigs/cyl_dotec.yaml", "runtime": {"bench": {"print_every": 60}, "fuse": {"axis_len_m": 0.1, "ema_alpha": 0.25, "use_weighted_se3": true}, "health": {"max_tilt_jump_deg": 15.0, "spike_reset_after": 10}, "hud": {"enabled": false}, "logging": {"debug_metrics_csv": "Preliminary_report/runs/bench_clean/1080p/debug_metrics.csv", "poses_csv": "Preliminary_report/runs/bench_clean/1080p/poses.csv"}, "ransac": {"A_ref_px2": 12000.0, "adaptive": false, "base_rot_deg": 5.0, "base_trans_m": 0.05, "min_inliers": 3, "rot_max_deg": 5.0, "trans_max_m": 0.05}, "video": {"device": "0", "fps": 30.0, "height": 1080, "width": 1920}}, "yaml": {"bench": {"print_every": 60}, "fuse": {"axis_len_m": 0.1, "ema_alpha": 0.3, "use_weighted_se3": true}, "health": {"max_tilt_jump_deg": 15}, "hud": {"enabled": true}, "logging": {"debug_metrics_csv": "phase_b/debug_metrics.csv", "poses_csv": "phase_b/poses.csv"}, "ransac": {"A_ref_px2": 12000, "adaptive": false, "base_rot_deg": 5, "base_trans_m": 0.05, "min_inliers": 3, "rot_max_deg": 5, "trans_max_m": 0.05}, "video": {"device": 2, "fps": 30, "height": 1080, "width": 1920}}}, "files": {"camera_calib": {"path": "/Users/Andreas/Desktop/ptl24_marker/common/calib/calib_c920_1920x1080.yaml", "sha256": "952be5b3ae075e7a682e9f0df1b90719a2f720999e5137c5c416f83951012924"}, "config": {"path": "/Users/Andreas/Desktop/ptl24_marker/phase_b/config.yaml", "sha256": "9c664548f0c4998345c599764857540af456008cc4bf230d90b575c908eaec28"}, "extrinsics": {"path": "/Users/Andreas/Desktop/ptl24_marker/common/extrinsics/T_WC_c920_1920x1080.yaml", "sha256": "60a5e06a6e4c7d03766a5d0ec880f181abc2f6a8088620e79cc531b1f1b6642c"}, "rig": {"path": "/Users/Andreas/Desktop/ptl24_marker/phase_b/rigs/cyl_dotec.yaml", "sha256": "f0fd590bf211070dbb1b2c6b32f4041175f33703203978255bdee60a8b77b6ef"}}, "git_commit": null, "timestamp": 1766339172.167192}
t,fps,n_visible,n_inliers,mean_reproj,ransac_score,weight_min,weight_max,tilt_deg,mean_tag_area_px2,mean_view_cos,mean_reproj_px,ransac_trans_eff,ransac_rot_eff,n_unknown_ids,n_mirror_discards,spike_delta_trans_m,spike_delta_rot_deg,spike_trans_thresh_m,spike_rot_thresh_deg,spike_ref_age_frames,spike_ref_frame_idx,t_read_ms,t_gray_ms,t_detect_ms,t_reproj_ms,t_ransac_ms,t_fuse_ms,t_ekf_ms,t_hud_ms,t_log_ms,t_total_ms
1766339174.356984,9.94,7,7,37.281,0.0,0.017,0.184,56.852,1300.4,0.6219,37.281,0.05,5.0,0,0,,,,,,,34.096,0.368,74.998,1.272,2.919,1.014,0.0,0.0,0.093,115.082
1766339174.471073,10.194,7,7,37.313,0.0,0.017,0.185,56.951,1300.5,0.6211,37.313,0.05,5.0,0,0,,,,,,,17.01,0.45,91.788,0.932,2.554,0.873,0.0,0.0,0.088,113.993
1766339174.576001,7.639,7,7,37.296,0.0,0.017,0.185,57.047,1299.9,0.6213,37.296,0.05,5.0,0,0,,,,,,,33.848,0.319,67.4,0.665,1.753,0.591,0.0,0.0,0.069,104.856
1766339174.660394,10.031,7,7,37.315,0.0,0.016,0.186,57.115,1300.8,0.621,37.315,0.05,5.0,0,0,,,,,,,28.634,0.274,52.603,0.559,1.506,0.528,0.0,0.0,0.063,84.34
1766339174.718929,15.15,7,7,37.3,0.0,0.016,0.186,57.153,1300.5,0.6213,37.3,0.05,5.0,0,0,,,,,,,10.255,0.276,45.393,0.528,1.348,0.455,0.0,0.0,0.072,58.49
1766339174.784397,15.379,7,7,37.304,0.0,0.016,0.185,57.207,1300.6,0.6213,37.304,0.05,5.0,0,0,,,,,,,16.746,0.451,45.752,0.49,1.325,0.453,0.0,0.0,0.053,65.424
1766339174.851088,15.088,7,7,37.314,0.0,0.017,0.184,57.237,1300.8,0.6214,37.314,0.05,5.0,0,0,,,,,,,17.56,0.356,46.12,0.541,1.363,0.48,0.0,0.0,0.064,66.652
1766339174.918022,15.165,7,7,37.3,0.0,0.017,0.186,57.261,1300.6,0.6214,37.3,0.05,5.0,0,0,,,,,,,16.806,0.221,47.293,0.504,1.346,0.47,0.0,0.0,0.061,66.891
1766339174.983248,15.174,7,7,37.303,0.0,0.017,0.185,57.294,1301.1,0.6216,37.303,0.05,5.0,0,0,,,,,,,15.773,0.255,46.643,0.492,1.342,0.461,0.0,0.0,0.061,65.185
1766339175.049161,15.157,7,7,37.327,0.0,0.017,0.185,57.318,1301.4,0.6214,37.327,0.05,5.0,0,0,,,,,,,16.502,0.247,46.528,0.541,1.352,0.456,0.0,0.0,0.065,65.852
1766339175.11627,15.173,7,7,37.305,0.0,0.016,0.184,57.333,1300.7,0.6214,37.305,0.05,5.0,0,0,,,,,,,16.507,0.325,47.665,0.526,1.345,0.465,0.0,0.0,0.061,67.057
1766339175.182769,15.178,7,7,37.313,0.0,0.017,0.184,57.369,1301.4,0.6217,37.313,0.05,5.0,0,0,,,,,,,15.29,0.257,48.298,0.52,1.39,0.476,0.0,0.0,0.056,66.455
1766339175.250579,15.135,7,7,37.313,0.0,0.016,0.184,57.374,1301.1,0.6213,37.313,0.05,5.0,0,0,,,,,,,14.864,0.349,50.04,0.502,1.343,0.456,0.0,0.0,0.055,67.767
1766339175.316413,15.035,7,7,37.304,0.0,0.017,0.185,57.369,1300.5,0.6212,37.304,0.05,5.0,0,0,,,,,,,13.566,0.237,49.485,0.496,1.326,0.46,0.0,0.0,0.058,65.79
1766339175.380272,15.057,7,7,37.312,0.0,0.016,0.186,57.372,1300.7,0.6212,37.312,0.05,5.0,0,0,,,,,,,14.147,0.346,46.925,0.458,1.296,0.44,0.0,0.0,0.053,63.815
1766339175.447311,15.327,7,7,37.318,0.0,0.016,0.184,57.38,1301.4,0.6212,37.318,0.05,5.0,0,0,,,,,,,15.538,0.336,48.603,0.511,1.337,0.456,0.0,0.0,0.06,66.999
1766339175.514163,14.763,7,7,37.325,0.0,0.016,0.186,57.384,1300.6,0.6208,37.325,0.05,5.0,0,0,,,,,,,16.233,0.46,47.534,0.526,1.334,0.473,0.0,0.0,0.083,66.811
1766339175.580804,15.163,7,7,37.314,0.0,0.017,0.186,57.375,1301.0,0.6211,37.314,0.05,5.0,0,0,,,,,,,15.331,0.313,48.439,0.497,1.337,0.454,0.0,0.0,0.056,66.599
1766339175.646784,15.224,7,7,37.3,0.0,0.017,0.185,57.372,1300.4,0.621,37.3,0.05,5.0,0,0,,,,,,,14.375,0.397,48.693,0.487,1.33,0.446,0.0,0.0,0.056,65.94
1766339175.713576,15.087,7,7,37.308,0.0,0.016,0.185,57.371,1301.4,0.6214,37.308,0.05,5.0,0,0,,,,,,,14.675,0.32,49.253,0.499,1.346,0.448,0.0,0.0,0.056,66.751
1766339175.779186,15.164,7,7,37.318,0.0,0.016,0.184,57.387,1301.8,0.6212,37.318,0.05,5.0,0,0,,,,,,,13.831,0.433,48.698,0.505,1.42,0.468,0.0,0.0,0.056,65.57
1766339175.844223,15.055,7,7,37.318,0.0,0.016,0.184,57.402,1301.0,0.6213,37.318,0.05,5.0,0,0,,,,,,,14.644,0.225,47.579,0.493,1.344,0.465,0.0,0.0,0.081,64.996
1766339175.910364,15.252,7,7,37.325,0.0,0.017,0.185,57.399,1301.0,0.6209,37.325,0.05,5.0,0,0,,,,,,,15.162,0.452,47.986,0.486,1.336,0.461,0.0,0.0,0.058,66.093
1766339175.975814,15.052,7,7,37.311,0.0,0.016,0.184,57.416,1300.9,0.6214,37.311,0.05,5.0,0,0,,,,,,,15.465,0.321,47.07,0.514,1.341,0.456,0.0,0.0,0.067,65.408
1766339176.039516,15.499,7,7,37.305,0.0,0.017,0.185,57.415,1300.8,0.6214,37.305,0.05,5.0,0,0,,,,,,,14.534,0.239,46.393,0.502,1.316,0.453,0.0,0.0,0.058,63.659
1766339176.107512,15.278,7,7,37.318,0.0,0.017,0.185,57.423,1300.3,0.6214,37.318,0.05,5.0,0,0,,,,,,,16.288,0.287,48.881,0.492,1.312,0.468,0.0,0.0,0.059,67.956
1766339176.17474,14.88,7,7,37.307,0.0,0.017,0.185,57.415,1301.7,0.6218,37.307,0.05,5.0,0,0,,,,,,,15.498,0.28,48.901,0.493,1.341,0.455,0.0,0.0,0.058,67.187
1766339176.240081,15.309,7,7,37.304,0.0,0.017,0.185,57.421,1300.0,0.6211,37.304,0.05,5.0,0,0,,,,,,,13.593,0.444,48.796,0.488,1.325,0.45,0.0,0.0,0.047,65.3
1766339176.305302,15.139,7,7,37.312,0.0,0.017,0.184,57.429,1300.9,0.6214,37.312,0.05,5.0,0,0,,,,,,,14.307,0.296,48.028,0.515,1.339,0.464,0.0,0.0,0.071,65.18
1766339176.371457,15.143,7,7,37.315,0.0,0.017,0.185,57.414,1301.4,0.6215,37.315,0.05,5.0,0,0,,,,,,,15.118,0.242,48.233,0.487,1.356,0.458,0.0,0.0,0.056,66.11
1766339176.43653,15.179,7,7,37.31,0.0,0.016,0.184,57.423,1300.3,0.6209,37.31,0.05,5.0,0,0,,,,,,,14.845,0.182,47.52,0.502,1.32,0.451,0.0,0.0,0.049,65.029
1766339176.503357,15.233,7,7,37.307,0.0,0.016,0.186,57.409,1301.3,0.6218,37.307,0.05,5.0,0,0,,,,,,,15.421,0.212,48.66,0.495,1.326,0.457,0.0,0.0,0.054,66.786
1766339176.570511,14.933,7,7,37.318,0.0,0.016,0.186,57.41,1301.3,0.6216,37.318,0.05,5.0,0,0,,,,,,,15.561,0.343,48.709,0.489,1.342,0.453,0.0,0.0,0.058,67.113
1766339176.637586,15.194,7,7,37.322,0.0,0.017,0.185,57.411,1300.5,0.6209,37.322,0.05,5.0,0,0,,,,,,,14.203,0.466,49.85,0.49,1.337,0.453,0.0,0.0,0.052,67.014
1766339176.705001,15.187,7,7,37.315,0.0,0.017,0.186,57.393,1301.3,0.6213,37.315,0.05,5.0,0,0,,,,,,,12.991,0.411,51.454,0.502,1.333,0.461,0.0,0.0,0.059,67.37
1766339176.76915,15.007,7,7,37.323,0.0,0.016,0.185,57.408,1301.5,0.6218,37.323,0.05,5.0,0,0,,,,,,,12.212,0.361,49.037,0.492,1.33,0.457,0.0,0.0,0.055,64.105
1766339176.834419,15.292,7,7,37.307,0.0,0.017,0.185,57.39,1301.0,0.6214,37.307,0.05,5.0,0,0,,,,,,,13.458,0.285,49.008,0.48,1.33,0.459,0.0,0.0,0.053,65.224
1766339176.901241,15.274,7,7,37.327,0.0,0.017,0.185,57.392,1301.1,0.621,37.327,0.05,5.0,0,0,,,,,,,13.6,0.238,50.368,0.503,1.325,0.466,0.0,0.0,0.057,66.716
1766339176.965859,14.923,7,7,37.317,0.0,0.016,0.185,57.405,1299.9,0.6211,37.317,0.05,5.0,0,0,,,,,,,13.795,0.454,47.813,0.481,1.317,0.454,0.0,0.0,0.054,64.52
1766339177.032659,15.475,7,7,37.329,0.0,0.017,0.186,57.409,1302.2,0.6217,37.329,0.05,5.0,0,0,,,,,,,13.855,0.277,50.098,0.526,1.344,0.454,0.0,0.0,0.046,66.758
1766339177.101013,15.128,7,7,37.304,0.0,0.017,0.184,57.426,1300.8,0.6217,37.304,0.05,5.0,0,0,,,,,,,13.159,0.244,52.27,0.528,1.336,0.458,0.0,0.0,0.155,68.312
1766339177.16965,15.058,7,7,37.313,0.0,0.016,0.184,57.422,1300.6,0.621,37.313,0.05,5.0,0,0,,,,,,,11.213,0.295,54.537,0.532,1.343,0.455,0.0,0.0,0.055,68.593
1766339177.245052,14.956,7,7,37.318,0.0,0.017,0.184,57.42,1300.6,0.6217,37.318,0.05,5.0,0,0,,,,,,,9.442,0.486,61.868,1.301,1.518,0.521,0.0,0.0,0.053,75.36
1766339177.310356,14.546,7,7,37.309,0.0,0.017,0.185,57.404,1301.7,0.6216,37.309,0.05,5.0,0,0,,,,,,,2.787,0.461,59.487,0.52,1.346,0.451,0.0,0.0,0.052,65.261
1766339177.392909,10.553,7,7,37.302,0.0,0.017,0.186,57.402,1300.6,0.6214,37.302,0.05,5.0,0,0,,,,,,,32.249,0.261,47.567,0.472,1.317,0.444,0.0,0.0,0.05,82.512
1766339177.459925,15.193,7,7,37.343,0.0,0.016,0.185,57.414,1301.2,0.6213,37.343,0.05,5.0,0,0,,,,,,,15.519,0.382,48.654,0.468,1.314,0.441,0.0,0.0,0.05,66.975
1766339177.526494,15.118,7,7,37.323,0.0,0.016,0.185,57.442,1300.7,0.6213,37.323,0.05,5.0,0,0,,,,,,,14.652,0.317,49.111,0.486,1.322,0.442,0.0,0.0,0.046,66.53
1766339177.592411,15.164,7,7,37.319,0.0,0.016,0.184,57.449,1300.9,0.6212,37.319,0.05,5.0,0,0,,,,,,,14.03,0.271,49.043,0.526,1.342,0.451,0.0,0.0,0.056,65.878
1766339177.659611,15.205,7,7,37.313,0.0,0.017,0.185,57.448,1300.7,0.621,37.313,0.05,5.0,0,0,,,,,,,13.881,0.419,50.324,0.529,1.342,0.45,0.0,0.0,0.055,67.158
1766339177.73197,15.178,7,7,37.318,0.0,0.017,0.185,57.426,1301.2,0.6214,37.318,0.05,5.0,0,0,,,,,,,12.564,0.537,56.679,0.528,1.35,0.455,0.0,0.0,0.048,72.317
1766339177.796995,14.896,7,7,37.32,0.0,0.017,0.186,57.417,1300.8,0.6213,37.32,0.05,5.0,0,0,,,,,,,7.337,0.429,54.747,0.492,1.322,0.451,0.0,0.0,0.051,64.984
1766339177.889571,10.196,7,7,37.32,0.0,0.016,0.186,57.408,1300.8,0.6211,37.32,0.05,5.0,0,0,,,,,,,40.386,0.535,49.097,0.51,1.333,0.456,0.0,0.0,0.057,92.534
1766339177.953571,15.135,7,7,37.304,0.0,0.017,0.185,57.408,1300.6,0.6211,37.304,0.05,5.0,0,0,,,,,,,13.881,0.287,47.228,0.531,1.34,0.452,0.0,0.0,0.074,63.957
1766339178.020628,15.103,7,7,37.293,0.0,0.017,0.185,57.397,1300.8,0.6214,37.293,0.05,5.0,0,0,,,,,,,16.095,0.476,47.915,0.521,1.342,0.456,0.0,0.0,0.049,67.015
1766339178.086177,15.173,7,7,37.314,0.0,0.017,0.184,57.412,1301.0,0.6216,37.314,0.05,5.0,0,0,,,,,,,14.945,0.273,47.799,0.507,1.33,0.447,0.0,0.0,0.052,65.508
1766339178.185257,10.101,7,7,37.317,0.0,0.017,0.184,57.403,1300.8,0.6209,37.317,0.05,5.0,0,0,,,,,,,48.401,0.248,47.557,0.499,1.325,0.454,0.0,0.0,0.396,99.039
1766339178.250197,15.11,7,7,37.308,0.0,0.017,0.184,57.409,1300.6,0.6212,37.308,0.05,5.0,0,0,,,,,,,15.496,0.375,46.523,0.51,1.327,0.445,0.0,0.0,0.058,64.893
1766339178.321836,15.279,7,7,37.311,0.0,0.017,0.185,57.419,1301.1,0.6217,37.311,0.05,5.0,0,0,,,,,,,15.997,0.455,52.569,0.526,1.351,0.473,0.0,0.0,0.05,71.585
1766339178.389292,14.963,7,7,37.32,0.0,0.017,0.185,57.434,1300.3,0.6213,37.32,0.05,5.0,0,0,,,,,,,11.204,0.384,53.266,0.523,1.354,0.466,0.0,0.0,0.056,67.414
1766339178.450953,15.228,7,7,37.301,0.0,0.017,0.186,57.403,1300.5,0.6211,37.301,0.05,5.0,0,0,,,,,,,9.416,0.366,49.314,0.52,1.335,0.455,0.0,0.0,0.055,61.621
1766339178.519025,15.112,7,7,37.313,0.0,0.017,0.184,57.409,1300.9,0.6214,37.313,0.05,5.0,0,0,,,,,,,13.924,0.295,51.318,0.5,1.33,0.45,0.0,0.0,0.058,68.03
1766339178.588007,15.106,7,7,37.336,0.0,0.016,0.185,57.411,1301.6,0.621,37.336,0.05,5.0,0,0,,,,,,,12.041,0.474,53.902,0.499,1.33,0.451,0.0,0.0,0.064,68.931
1766339178.652361,15.068,7,7,37.331,0.0,0.016,0.185,57.396,1300.9,0.6211,37.331,0.05,5.0,0,0,,,,,,,9.433,0.381,51.969,0.507,1.336,0.46,0.0,0.0,0.061,64.311
1766339178.718401,15.043,7,7,37.32,0.0,0.016,0.185,57.416,1300.7,0.6215,37.32,0.05,5.0,0,0,,,,,,,11.56,0.259,51.654,0.509,1.33,0.451,0.0,0.0,0.077,66.001
1766339178.783225,15.223,7,7,37.298,0.0,0.017,0.185,57.404,1300.2,0.6214,37.298,0.05,5.0,0,0,,,,,,,11.209,0.291,50.757,0.51,1.333,0.462,0.0,0.0,0.056,64.781
1766339178.848808,15.143,7,7,37.315,0.0,0.016,0.185,57.407,1300.4,0.621,37.315,0.05,5.0,0,0,,,,,,,12.424,0.56,50.036,0.504,1.34,0.46,0.0,0.0,0.056,65.541
1766339178.9158,15.047,7,7,37.31,0.0,0.017,0.184,57.405,1300.7,0.6214,37.31,0.05,5.0,0,0,,,,,,,13.302,0.464,50.688,0.493,1.335,0.453,0.0,0.0,0.061,66.952
1766339178.98156,15.292,7,7,37.314,0.0,0.016,0.185,57.411,1301.5,0.6218,37.314,0.05,5.0,0,0,,,,,,,11.691,0.285,51.25,0.501,1.332,0.445,0.0,0.0,0.05,65.709
1766339179.04995,15.218,7,7,37.299,0.0,0.017,0.185,57.411,1300.8,0.6218,37.299,0.05,5.0,0,0,,,,,,,11.652,0.282,53.963,0.493,1.311,0.444,0.0,0.0,0.049,68.348
1766339179.114476,15.2,7,7,37.323,0.0,0.017,0.185,57.408,1300.9,0.6213,37.323,0.05,5.0,0,0,,,,,,,9.052,0.309,52.565,0.537,1.348,0.458,0.0,0.0,0.052,64.486
1766339179.224673,10.157,7,7,37.31,0.0,0.016,0.186,57.415,1300.8,0.6219,37.31,0.05,5.0,0,0,,,,,,,42.98,0.286,64.284,0.552,1.365,0.465,0.0,0.0,0.058,110.155
1766339179.319071,10.088,7,7,37.307,0.0,0.017,0.185,57.416,1300.0,0.6214,37.307,0.05,5.0,0,0,,,,,,,31.83,0.395,59.49,0.53,1.342,0.453,0.0,0.0,0.067,94.276
1766339179.37346,15.104,7,7,37.31,0.0,0.016,0.186,57.418,1301.6,0.6216,37.31,0.05,5.0,0,0,,,,,,,3.711,0.269,47.84,0.518,1.338,0.451,0.0,0.0,0.053,54.34
1766339179.43968,14.997,7,7,37.305,0.0,0.017,0.185,57.411,1300.6,0.6214,37.305,0.05,5.0,0,0,,,,,,,16.003,0.29,47.348,0.527,1.336,0.451,0.0,0.0,0.056,66.173
1766339179.508564,15.282,7,7,37.322,0.0,0.017,0.185,57.433,1301.4,0.6217,37.322,0.05,5.0,0,0,,,,,,,15.219,0.312,50.767,0.529,1.342,0.456,0.0,0.0,0.053,68.836
1766339179.570686,15.15,7,7,37.328,0.0,0.017,0.185,57.431,1301.2,0.6217,37.328,0.05,5.0,0,0,,,,,,,12.344,0.254,47.006,0.491,1.317,0.446,0.0,0.0,0.063,62.077
1766339179.635911,15.259,7,7,37.32,0.0,0.017,0.186,57.418,1300.9,0.6209,37.32,0.05,5.0,0,0,,,,,,,15.759,0.368,46.528,0.527,1.331,0.447,0.0,0.0,0.056,65.181
1766339179.706101,15.04,7,7,37.317,0.0,0.017,0.185,57.43,1300.2,0.6215,37.317,0.05,5.0,0,0,,,,,,,17.02,0.257,46.427,0.52,1.337,0.449,0.0,0.0,3.972,70.142
1766339179.771801,15.069,7,7,37.318,0.0,0.017,0.184,57.432,1300.6,0.6209,37.318,0.05,5.0,0,0,,,,,,,13.186,0.374,49.574,0.517,1.333,0.455,0.0,0.0,0.047,65.647
1766339179.837341,15.228,7,7,37.321,0.0,0.017,0.185,57.427,1300.5,0.6213,37.321,0.05,5.0,0,0,,,,,,,13.051,0.275,49.161,0.574,1.547,0.53,0.0,0.0,0.059,65.385
1766339179.906293,14.942,7,7,37.3,0.0,0.016,0.185,57.426,1301.1,0.6216,37.3,0.05,5.0,0,0,,,,,,,14.539,0.187,51.343,0.545,1.524,0.536,0.0,0.0,0.054,68.901
1766339180.002343,10.163,7,7,37.31,0.0,0.017,0.186,57.425,1300.7,0.6214,37.31,0.05,5.0,0,0,,,,,,,43.959,0.341,49.124,0.517,1.346,0.468,0.0,0.0,0.055,95.974
1766339180.066363,15.178,7,7,37.315,0.0,0.016,0.186,57.428,1300.9,0.6214,37.315,0.05,5.0,0,0,,,,,,,13.825,0.348,47.23,0.53,1.351,0.471,0.0,0.0,0.058,63.978
1766339180.138933,15.139,7,7,37.32,0.0,0.017,0.185,57.429,1301.0,0.6212,37.32,0.05,5.0,0,0,,,,,,,15.86,0.25,53.936,0.495,1.316,0.45,0.0,0.0,0.056,72.529
1766339180.203361,15.145,7,7,37.312,0.0,0.016,0.186,57.419,1300.7,0.6209,37.312,0.05,5.0,0,0,,,,,,,9.25,0.278,52.235,0.524,1.333,0.464,0.0,0.0,0.065,64.319
1766339180.27262,15.153,7,7,37.308,0.0,0.017,0.185,57.423,1300.1,0.6213,37.308,0.05,5.0,0,0,,,,,,,10.882,0.382,55.1,0.578,1.524,0.51,0.0,0.0,0.063,69.218
1766339180.338849,14.92,7,7,37.3,0.0,0.016,0.185,57.421,1301.1,0.6217,37.3,0.05,5.0,0,0,,,,,,,8.642,0.401,54.311,0.57,1.508,0.512,0.0,0.0,0.062,66.18
1766339180.405122,15.286,7,7,37.311,0.0,0.017,0.185,57.415,1300.5,0.6213,37.311,0.05,5.0,0,0,,,,,,,7.836,0.241,55.348,0.554,1.498,0.508,0.0,0.0,0.069,66.228
1766339180.470017,15.428,7,7,37.311,0.0,0.017,0.185,57.422,1300.7,0.6211,37.311,0.05,5.0,0,0,,,,,,,6.38,0.321,55.347,0.541,1.508,0.508,0.0,0.0,0.061,64.85
1766339180.536504,14.868,7,7,37.312,0.0,0.017,0.185,57.41,1300.8,0.621,37.312,0.05,5.0,0,0,,,,,,,8.744,0.598,54.341,0.534,1.49,0.506,0.0,0.0,0.062,66.441
1766339180.604322,15.044,7,7,37.33,0.0,0.017,0.186,57.409,1300.9,0.6214,37.33,0.05,5.0,0,0,,,,,,,8.733,0.43,55.943,0.596,1.4,0.449,0.0,0.0,0.058,67.776
1766339180.662374,15.279,7,7,37.312,0.0,0.017,0.185,57.436,1301.0,0.6218,37.312,0.05,5.0,0,0,,,,,,,6.364,0.307,48.866,0.485,1.329,0.447,0.0,0.0,0.057,58.01
1766339180.729599,15.016,7,7,37.315,0.0,0.017,0.185,57.429,1301.1,0.6211,37.315,0.05,5.0,0,0,,,,,,,14.904,0.271,49.351,0.471,1.484,0.48,0.0,0.0,0.062,67.18
1766339180.795048,15.181,7,7,37.301,0.0,0.016,0.184,57.408,1301.0,0.6216,37.301,0.05,5.0,0,0,,,,,,,13.548,0.425,48.738,0.509,1.468,0.49,0.0,0.0,0.058,65.403
1766339180.861421,15.153,7,7,37.32,0.0,0.016,0.185,57.408,1301.3,0.6215,37.32,0.05,5.0,0,0,,,,,,,14.099,0.247,49.399,0.483,1.319,0.57,0.0,0.0,0.057,66.334
1766339180.925815,15.522,7,7,37.318,0.0,0.017,0.184,57.417,1300.7,0.6214,37.318,0.05,5.0,0,0,,,,,,,12.146,0.321,49.377,0.504,1.341,0.452,0.0,0.0,0.057,64.352
1766339181.031992,14.722,7,7,37.317,0.0,0.017,0.184,57.427,1300.9,0.6216,37.317,0.05,5.0,0,0,,,,,,,15.677,0.248,87.734,0.5,1.324,0.446,0.0,0.0,0.051,106.135
1766339181.091571,10.236,7,7,37.321,0.0,0.016,0.185,57.429,1300.7,0.6211,37.321,0.05,5.0,0,0,,,,,,,7.145,0.304,49.521,0.501,1.344,0.454,0.0,0.0,0.053,59.486
1766339181.15627,15.19,7,7,37.322,0.0,0.016,0.185,57.43,1300.9,0.6209,37.322,0.05,5.0,0,0,,,,,,,13.45,0.363,48.3,0.52,1.336,0.47,0.0,0.0,0.057,64.656
1766339181.221889,15.181,7,7,37.315,0.0,0.017,0.185,57.421,1301.1,0.6214,37.315,0.05,5.0,0,0,,,,,,,14.626,0.454,47.912,0.532,1.353,0.455,0.0,0.0,0.08,65.58
1766339181.289523,14.886,7,7,37.324,0.0,0.016,0.185,57.421,1300.9,0.6208,37.324,0.05,5.0,0,0,,,,,,,16.179,0.36,48.538,0.503,1.33,0.456,0.0,0.0,0.059,67.591
1766339181.354915,15.285,7,7,37.293,0.0,0.017,0.185,57.407,1300.6,0.6219,37.293,0.05,5.0,0,0,,,,,,,13.974,0.275,48.64,0.488,1.322,0.443,0.0,0.0,0.053,65.352
1766339181.421341,15.221,7,7,37.328,0.0,0.017,0.184,57.432,1301.0,0.6213,37.328,0.05,5.0,0,0,,,,,,,14.28,0.446,49.189,0.488,1.326,0.445,0.0,0.0,0.057,66.385
1766339181.486275,15.165,7,7,37.309,0.0,0.017,0.184,57.43,1300.7,0.6213,37.309,0.05,5.0,0,0,,,,,,,13.794,0.246,48.356,0.511,1.323,0.45,0.0,0.0,0.055,64.894
1766339181.554608,15.178,7,7,37.314,0.0,0.017,0.186,57.434,1300.0,0.6212,37.314,0.05,5.0,0,0,,,,,,,14.743,0.451,50.615,0.507,1.321,0.451,0.0,0.0,0.048,68.291
1766339181.62258,15.292,7,7,37.311,0.0,0.017,0.184,57.43,1300.4,0.6213,37.311,0.05,5.0,0,0,,,,,,,11.791,0.26,53.314,0.513,1.362,0.46,0.0,0.0,0.055,67.92
1766339181.686602,14.783,7,7,37.32,0.0,0.017,0.185,57.428,1301.0,0.6215,37.32,0.05,5.0,0,0,,,,,,,11.473,0.318,49.613,0.526,1.361,0.46,0.0,0.0,0.06,63.977
1766339181.752564,15.077,7,7,37.322,0.0,0.017,0.185,57.418,1300.8,0.6214,37.322,0.05,5.0,0,0,,,,,,,13.781,0.432,49.244,0.489,1.323,0.448,0.0,0.0,0.049,65.921
1766339181.818702,15.591,7,7,37.323,0.0,0.016,0.185,57.433,1301.4,0.6217,37.323,0.05,5.0,0,0,,,,,,,11.96,0.451,51.12,0.527,1.356,0.456,0.0,0.0,0.058,66.098
1766339181.883951,14.831,7,7,37.327,0.0,0.016,0.185,57.418,1300.4,0.6209,37.327,0.05,5.0,0,0,,,,,,,13.247,0.224,49.162,0.546,1.343,0.458,0.0,0.0,0.053,65.207
1766339181.952594,15.116,7,7,37.292,0.0,0.017,0.183,57.411,1300.7,0.6213,37.292,0.05,5.0,0,0,,,,,,,14.153,0.32,51.518,0.546,1.363,0.461,0.0,0.0,0.075,68.604
1766339182.016624,15.088,7,7,37.306,0.0,0.016,0.185,57.407,1300.9,0.6215,37.306,0.05,5.0,0,0,,,,,,,11.785,0.334,49.304,0.516,1.38,0.456,0.0,0.0,0.049,63.988
1766339182.081964,15.16,6,6,37.921,0.0,0.02,0.218,56.919,1361.7,0.6451,37.921,0.05,5.0,0,0,,,,,,,13.719,0.488,48.818,0.436,1.16,0.417,0.0,0.0,0.053,65.299
1766339182.149392,15.009,7,7,37.308,0.0,0.017,0.185,57.009,1300.7,0.6213,37.308,0.05,5.0,0,0,,,,,,,15.006,0.331,49.552,0.482,1.316,0.442,0.0,0.0,0.054,67.389
1766339182.215983,15.675,7,7,37.297,0.0,0.016,0.185,57.078,1300.3,0.6213,37.297,0.05,5.0,0,0,,,,,,,11.372,0.333,52.267,0.528,1.344,0.471,0.0,0.0,0.059,66.55
1766339182.281719,14.656,7,7,37.308,0.0,0.017,0.185,57.148,1300.6,0.6211,37.308,0.05,5.0,0,0,,,,,,,13.01,0.468,49.678,0.502,1.344,0.456,0.0,0.0,0.067,65.691
1766339182.348165,15.15,7,7,37.333,0.0,0.017,0.184,57.214,1300.5,0.6207,37.333,0.05,5.0,0,0,,,,,,,13.286,0.28,50.302,0.512,1.344,0.466,0.0,0.0,0.061,66.406
1766339182.411295,15.33,7,7,37.315,0.0,0.016,0.185,57.262,1300.4,0.6215,37.315,0.05,5.0,0,0,,,,,,,12.071,0.284,48.172,0.494,1.318,0.531,0.0,0.0,0.062,63.089
1766339182.475972,15.419,7,7,37.315,0.0,0.016,0.185,57.298,1300.9,0.6213,37.315,0.05,5.0,0,0,,,,,,,13.794,0.26,48.086,0.503,1.334,0.443,0.0,0.0,0.06,64.635
1766339182.54352,14.908,7,7,37.313,0.0,0.016,0.185,57.327,1300.8,0.621,37.313,0.05,5.0,0,0,,,,,,,16.197,0.221,48.498,0.53,1.364,0.462,0.0,0.0,0.069,67.508
1766339182.608145,15.175,7,7,37.31,0.0,0.016,0.185,57.331,1300.3,0.6212,37.31,0.05,5.0,0,0,,,,,,,14.545,0.475,47.092,0.489,1.325,0.445,0.0,0.0,0.058,64.584
1766339182.67444,15.314,7,7,37.319,0.0,0.017,0.185,57.36,1300.2,0.621,37.319,0.05,5.0,0,0,,,,,,,15.22,0.262,48.235,0.5,1.341,0.464,0.0,0.0,0.067,66.253
1766339182.773701,10.054,7,7,37.314,0.0,0.016,0.185,57.379,1301.0,0.6214,37.314,0.05,5.0,0,0,,,,,,,48.391,0.471,47.851,0.501,1.327,0.459,0.0,0.0,0.067,99.22
1766339182.841687,15.402,6,6,37.909,0.0,0.019,0.218,56.912,1362.3,0.6462,37.909,0.05,5.0,0,0,,,,,,,14.057,0.51,50.957,0.483,1.22,0.433,0.0,0.0,0.06,67.945
1766339182.905,15.068,7,7,37.316,0.0,0.016,0.185,57.014,1301.2,0.6214,37.316,0.05,5.0,0,0,,,,,,,12.436,0.3,47.922,0.526,1.343,0.453,0.0,0.0,0.064,63.271
1766339182.971222,15.17,7,7,37.323,0.0,0.017,0.186,57.098,1301.0,0.6215,37.323,0.05,5.0,0,0,,,,,,,15.042,0.341,48.245,0.526,1.339,0.466,0.0,0.0,0.058,66.181
1766339183.039087,15.042,7,7,37.326,0.0,0.017,0.187,57.158,1300.6,0.6213,37.326,0.05,5.0,0,0,,,,,,,15.302,0.238,49.779,0.498,1.332,0.461,0.0,0.0,0.054,67.824
1766339183.104503,15.094,7,7,37.323,0.0,0.016,0.186,57.21,1300.9,0.6213,37.323,0.05,5.0,0,0,,,,,,,13.689,0.272,48.907,0.501,1.345,0.446,0.0,0.0,0.054,65.376
1766339183.172983,15.302,7,7,37.317,0.0,0.016,0.185,57.256,1301.1,0.6218,37.317,0.05,5.0,0,0,,,,,,,13.624,0.311,51.912,0.51,1.331,0.448,0.0,0.0,0.144,68.437
1766339183.237897,15.007,7,7,37.304,0.0,0.017,0.185,57.288,1301.1,0.6211,37.304,0.05,5.0,0,0,,,,,,,11.762,0.324,50.279,0.505,1.328,0.447,0.0,0.0,0.052,64.853
1766339183.301207,15.483,7,7,37.3,0.0,0.017,0.185,57.3,1300.0,0.6215,37.3,0.05,5.0,0,0,,,,,,,11.455,0.25,49.05,0.517,1.333,0.45,0.0,0.0,0.055,63.27
1766339183.369806,15.084,7,7,37.319,0.0,0.017,0.185,57.319,1301.0,0.6215,37.319,0.05,5.0,0,0,,,,,,,14.433,0.272,51.302,0.518,1.359,0.455,0.0,0.0,0.059,68.553
1766339183.434054,14.924,7,7,37.302,0.0,0.017,0.185,57.337,1300.2,0.6213,37.302,0.05,5.0,0,0,,,,,,,12.847,0.352,48.499,0.518,1.326,0.449,0.0,0.0,0.055,64.207
1766339183.499321,15.289,7,7,37.316,0.0,0.016,0.185,57.351,1300.6,0.6209,37.316,0.05,5.0,0,0,,,,,,,14.004,0.438,48.218,0.516,1.35,0.469,0.0,0.0,0.067,65.225
1766339183.566428,15.05,7,7,37.321,0.0,0.017,0.185,57.359,1300.8,0.621,37.321,0.05,5.0,0,0,,,,,,,15.183,0.281,49.054,0.508,1.352,0.461,0.0,0.0,0.069,67.066
1766339183.631083,15.32,7,7,37.323,0.0,0.016,0.185,57.374,1300.8,0.6212,37.323,0.05,5.0,0,0,,,,,,,13.351,0.29,48.515,0.488,1.314,0.452,0.0,0.0,0.047,64.615
1766339183.697753,14.897,7,7,37.3,0.0,0.017,0.185,57.38,1300.5,0.6213,37.3,0.05,5.0,0,0,,,,,,,15.822,0.466,47.812,0.529,1.334,0.449,0.0,0.0,0.055,66.629
1766339183.763986,15.281,7,7,37.314,0.0,0.017,0.185,57.382,1300.7,0.6215,37.314,0.05,5.0,0,0,,,,,,,14.479,0.3,48.793,0.51,1.327,0.457,0.0,0.0,0.054,66.08
1766339183.832637,15.296,7,7,37.321,0.0,0.016,0.185,57.374,1300.2,0.6213,37.321,0.05,5.0,0,0,,,,,,,13.727,0.341,52.032,0.518,1.334,0.449,0.0,0.0,0.048,68.605
1766339183.895665,15.188,7,7,37.307,0.0,0.017,0.185,57.384,1300.6,0.6212,37.307,0.05,5.0,0,0,,,,,,,10.918,0.232,49.083,0.527,1.547,0.469,0.0,0.0,0.054,62.984
1766339183.967717,15.088,7,7,37.317,0.0,0.016,0.186,57.397,1301.1,0.6212,37.317,0.05,5.0,0,0,,,,,,,14.168,0.353,54.764,0.543,1.351,0.459,0.0,0.0,0.202,72.007
1766339184.025407,15.168,6,6,37.933,0.0,0.02,0.218,56.91,1361.4,0.6453,37.933,0.05,5.0,0,0,,,,,,,8.046,0.715,46.514,0.478,1.193,0.42,0.0,0.0,0.06,57.645
1766339184.093122,14.792,7,7,37.312,0.0,0.017,0.184,57.015,1301.0,0.6219,37.312,0.05,5.0,0,0,,,,,,,17.959,0.235,46.931,0.494,1.333,0.446,0.0,0.0,0.059,67.67
1766339184.158894,15.514,7,7,37.303,0.0,0.016,0.185,57.104,1300.4,0.6211,37.303,0.05,5.0,0,0,,,,,,,14.701,0.259,48.235,0.507,1.342,0.462,0.0,0.0,0.062,65.728
1766339184.225026,15.037,7,7,37.321,0.0,0.017,0.184,57.159,1300.6,0.6212,37.321,0.05,5.0,0,0,,,,,,,15.429,0.286,47.802,0.524,1.346,0.458,0.0,0.0,0.067,66.085
1766339184.325169,10.021,7,7,37.315,0.0,0.016,0.185,57.219,1301.2,0.6218,37.315,0.05,5.0,0,0,,,,,,,49.092,0.321,48.223,0.488,1.319,0.446,0.0,0.0,0.054,100.098
1766339184.391754,15.374,7,7,37.306,0.0,0.017,0.184,57.256,1300.7,0.6216,37.306,0.05,5.0,0,0,,,,,,,13.996,0.248,49.693,0.53,1.365,0.455,0.0,0.0,0.087,66.544
1766339184.457066,15.1,7,7,37.317,0.0,0.016,0.185,57.296,1300.9,0.6212,37.317,0.05,5.0,0,0,,,,,,,13.631,0.345,48.739,0.535,1.336,0.464,0.0,0.0,0.051,65.265
1766339184.528891,15.298,7,7,37.333,0.0,0.017,0.186,57.322,1300.6,0.6209,37.333,0.05,5.0,0,0,,,,,,,13.689,0.228,55.108,0.504,1.57,0.475,0.0,0.0,0.047,71.779
1766339184.589541,15.031,7,7,37.314,0.0,0.016,0.185,57.333,1300.9,0.6213,37.314,0.05,5.0,0,0,,,,,,,8.388,0.425,49.282,0.519,1.329,0.452,0.0,0.0,0.048,60.599
1766339184.657315,14.975,7,7,37.306,0.0,0.016,0.185,57.344,1301.0,0.6215,37.306,0.05,5.0,0,0,,,,,,,14.518,0.475,50.193,0.521,1.345,0.457,0.0,0.0,0.059,67.728
1766339184.723532,15.093,7,7,37.312,0.0,0.016,0.185,57.361,1301.1,0.6216,37.312,0.05,5.0,0,0,,,,,,,12.998,0.244,50.426,0.505,1.329,0.452,0.0,0.0,0.056,66.169
1766339184.794696,15.225,7,7,37.322,0.0,0.016,0.184,57.373,1300.5,0.621,37.322,0.05,5.0,0,0,,,,,,,12.461,0.463,55.487,0.539,1.335,0.625,0.0,0.0,0.045,71.117
1766339184.85845,15.165,7,7,37.305,0.0,0.016,0.186,57.37,1300.6,0.6212,37.305,0.05,5.0,0,0,,,,,,,7.222,0.254,53.694,0.506,1.339,0.464,0.0,0.0,0.053,63.693
1766339184.919111,15.358,7,7,37.296,0.0,0.017,0.185,57.356,1300.5,0.6214,37.296,0.05,5.0,0,0,,,,,,,8.602,0.469,48.988,0.521,1.366,0.453,0.0,0.0,0.055,60.619
1766339184.989948,15.284,7,7,37.325,0.0,0.017,0.185,57.368,1300.6,0.6215,37.325,0.05,5.0,0,0,,,,,,,13.371,0.272,54.603,0.532,1.347,0.461,0.0,0.0,0.044,70.795
1766339185.057399,14.903,7,7,37.308,0.0,0.017,0.186,57.377,1299.9,0.6209,37.308,0.05,5.0,0,0,,,,,,,9.631,0.287,55.0,0.506,1.332,0.453,0.0,0.0,0.042,67.41
1766339185.123714,15.338,7,7,37.321,0.0,0.017,0.186,57.385,1300.8,0.6211,37.321,0.05,5.0,0,0,,,,,,,7.331,0.403,55.922,0.54,1.361,0.461,0.0,0.0,0.043,66.227
1766339185.20391,15.117,7,7,37.325,0.0,0.017,0.186,57.39,1301.0,0.6213,37.325,0.05,5.0,0,0,,,,,,,7.212,0.572,69.473,0.599,1.536,0.512,0.0,0.0,0.072,80.152
1766339185.297439,10.087,7,7,37.308,0.0,0.017,0.185,57.395,1301.1,0.6216,37.308,0.05,5.0,0,0,,,,,,,26.155,0.326,63.915,0.815,1.518,0.515,0.0,0.0,0.059,93.483
1766339185.468859,6.057,7,7,37.318,0.0,0.017,0.184,57.389,1301.2,0.6212,37.318,0.05,5.0,0,0,,,,,,,97.729,0.474,69.922,0.671,1.739,0.583,0.0,0.0,0.057,171.376
1766339185.563679,10.125,7,7,37.312,0.0,0.017,0.187,57.387,1300.5,0.6214,37.312,0.05,5.0,0,0,,,,,,,24.903,0.629,65.106,0.674,2.362,0.645,0.0,0.0,0.069,94.6
1766339185.656897,10.022,7,7,37.31,0.0,0.017,0.184,57.385,1300.7,0.621,37.31,0.05,5.0,0,0,,,,,,,30.023,0.409,59.837,0.627,1.519,0.512,0.0,0.0,0.049,93.159
1766339185.722153,15.172,7,7,37.307,0.0,0.017,0.185,57.4,1300.4,0.6212,37.307,0.05,5.0,0,0,,,,,,,2.724,0.479,59.177,0.572,1.503,0.515,0.0,0.0,0.058,65.205
1766339185.786068,15.147,7,7,37.307,0.0,0.016,0.184,57.407,1301.2,0.6212,37.307,0.05,5.0,0,0,,,,,,,3.487,0.292,57.2,0.593,1.537,0.51,0.0,0.0,0.061,63.863
1766339185.850273,15.168,7,7,37.321,0.0,0.016,0.184,57.411,1301.1,0.6208,37.321,0.05,5.0,0,0,,,,,,,5.501,0.418,55.383,0.57,1.522,0.528,0.0,0.0,0.058,64.153
1766339185.91769,15.005,7,7,37.327,0.0,0.016,0.186,57.418,1300.9,0.6209,37.327,0.05,5.0,0,0,,,,,,,7.945,0.303,56.292,0.563,1.522,0.506,0.0,0.0,0.061,67.367
1766339185.983041,15.204,7,7,37.306,0.0,0.016,0.186,57.418,1300.8,0.6213,37.306,0.05,5.0,0,0,,,,,,,6.296,0.33,56.197,0.485,1.339,0.446,0.0,0.0,0.05,65.301
1766339186.043005,15.062,7,7,37.315,0.0,0.016,0.184,57.409,1301.1,0.6216,37.315,0.05,5.0,0,0,,,,,,,7.342,0.32,49.732,0.51,1.329,0.455,0.0,0.0,0.058,59.918
1766339186.104136,15.36,7,7,37.319,0.0,0.016,0.185,57.412,1300.5,0.6214,37.319,0.05,5.0,0,0,,,,,,,12.484,0.223,45.752,0.548,1.358,0.469,0.0,0.0,0.086,61.085
1766339186.174292,14.903,7,7,37.317,0.0,0.017,0.185,57.416,1300.4,0.6209,37.317,0.05,5.0,0,0,,,,,,,18.452,0.194,48.962,0.512,1.332,0.445,0.0,0.0,0.057,70.108
1766339186.24081,15.222,7,7,37.32,0.0,0.016,0.185,57.417,1299.9,0.621,37.32,0.05,5.0,0,0,,,,,,,13.991,0.343,49.589,0.503,1.361,0.458,0.0,0.0,0.058,66.472
1766339186.307077,14.962,7,7,37.323,0.0,0.017,0.186,57.422,1300.4,0.6211,37.323,0.05,5.0,0,0,,,,,,,14.309,0.283,49.1,0.51,1.334,0.462,0.0,0.0,0.063,66.22
1766339186.373805,15.208,7,7,37.329,0.0,0.016,0.184,57.426,1300.5,0.6212,37.329,0.05,5.0,0,0,,,,,,,13.793,0.269,50.131,0.496,1.324,0.455,0.0,0.0,0.053,66.678
1766339186.439576,15.27,7,7,37.317,0.0,0.017,0.184,57.428,1300.7,0.6212,37.317,0.05,5.0,0,0,,,,,,,12.558,0.305,50.243,0.541,1.371,0.474,0.0,0.0,0.069,65.726
1766339186.504655,15.018,7,7,37.31,0.0,0.017,0.185,57.433,1301.1,0.621,37.31,0.05,5.0,0,0,,,,,,,13.367,0.224,48.951,0.493,1.337,0.444,0.0,0.0,0.057,65.03
1766339186.570514,15.324,7,7,37.315,0.0,0.016,0.184,57.429,1300.3,0.621,37.315,0.05,5.0,0,0,,,,,,,13.549,0.241,49.517,0.502,1.338,0.45,0.0,0.0,0.057,65.814
1766339186.634988,15.087,6,6,37.927,0.0,0.02,0.219,56.936,1362.4,0.6458,37.927,0.05,5.0,0,0,,,,,,,13.95,0.291,47.854,0.466,1.158,0.416,0.0,0.0,0.056,64.406
1766339186.703529,15.378,7,7,37.324,0.0,0.016,0.184,57.033,1300.7,0.6212,37.324,0.05,5.0,0,0,,,,,,,14.533,0.282,51.115,0.506,1.339,0.457,0.0,0.0,0.052,68.5
1766339186.768129,15.152,7,7,37.331,0.0,0.017,0.184,57.107,1300.6,0.6206,37.331,0.05,5.0,0,0,,,,,,,11.991,0.243,49.782,0.516,1.35,0.463,0.0,0.0,0.055,64.559
1766339186.832942,14.943,7,7,37.293,0.0,0.016,0.185,57.159,1300.2,0.6213,37.293,0.05,5.0,0,0,,,,,,,14.313,0.233,47.723,0.506,1.339,0.453,0.0,0.0,0.052,64.774
1766339186.904136,15.227,7,7,37.309,0.0,0.016,0.185,57.209,1300.8,0.6216,37.309,0.05,5.0,0,0,,,,,,,15.172,0.237,53.118,0.468,1.312,0.439,0.0,0.0,0.255,71.154
1766339186.96519,15.351,7,7,37.313,0.0,0.017,0.186,57.254,1300.5,0.6209,37.313,0.05,5.0,0,0,,,,,,,9.116,0.274,49.196,0.471,1.307,0.441,0.0,0.0,0.051,61.008
1766339187.032014,15.206,7,7,37.308,0.0,0.016,0.186,57.286,1300.5,0.6216,37.308,0.05,5.0,0,0,,,,,,,13.832,0.343,50.086,0.525,1.337,0.45,0.0,0.0,0.054,66.785
1766339187.099919,15.245,7,7,37.318,0.0,0.017,0.185,57.317,1300.8,0.621,37.318,0.05,5.0,0,0,,,,,,,12.602,0.297,52.433,0.523,1.346,0.453,0.0,0.0,0.046,67.863
1766339187.164575,14.84,7,7,37.319,0.0,0.016,0.184,57.332,1301.1,0.6214,37.319,0.05,5.0,0,0,,,,,,,12.087,0.466,49.448,0.526,1.364,0.496,0.0,0.0,0.066,64.617
1766339187.23315,14.832,7,7,37.326,0.0,0.017,0.186,57.35,1300.5,0.6211,37.326,0.05,5.0,0,0,,,,,,,14.847,0.623,50.484,0.542,1.344,0.473,0.0,0.0,0.058,68.53
1766339187.298892,15.17,7,7,37.316,0.0,0.016,0.185,57.375,1299.7,0.6207,37.316,0.05,5.0,0,0,,,,,,,12.197,0.794,50.217,0.501,1.329,0.451,0.0,0.0,0.05,65.701
1766339187.363818,15.553,7,7,37.327,0.0,0.016,0.186,57.377,1300.6,0.6212,37.327,0.05,5.0,0,0,,,,,,,10.75,0.454,51.094,0.538,1.37,0.463,0.0,0.0,0.052,64.886
1766339187.462409,9.915,7,7,37.327,0.0,0.016,0.185,57.391,1300.6,0.6212,37.327,0.05,5.0,0,0,,,,,,,46.682,0.433,48.913,0.515,1.339,0.45,0.0,0.0,0.058,98.548
1766339187.525769,15.662,7,7,37.327,0.0,0.017,0.185,57.401,1300.4,0.6213,37.327,0.05,5.0,0,0,,,,,,,11.943,0.315,48.564,0.489,1.331,0.457,0.0,0.0,0.058,63.319
1766339187.593627,14.997,7,7,37.329,0.0,0.016,0.184,57.41,1300.6,0.6212,37.329,0.05,5.0,0,0,,,,,,,15.265,0.245,49.796,0.513,1.333,0.454,0.0,0.0,0.054,67.819
1766339187.662075,15.27,7,7,37.307,0.0,0.017,0.185,57.406,1300.2,0.6212,37.307,0.05,5.0,0,0,,,,,,,12.892,0.425,52.488,0.54,1.355,0.464,0.0,0.0,0.064,68.407
1766339187.72853,14.952,7,7,37.319,0.0,0.016,0.185,57.416,1300.6,0.6212,37.319,0.05,5.0,0,0,,,,,,,11.322,0.339,52.069,0.529,1.465,0.483,0.0,0.0,0.05,66.413
1766339187.7911,15.453,7,7,37.309,0.0,0.016,0.186,57.406,1300.3,0.6213,37.309,0.05,5.0,0,0,,,,,,,9.582,0.24,50.144,0.532,1.358,0.452,0.0,0.0,0.058,62.53
1766339187.857666,14.892,7,7,37.326,0.0,0.016,0.186,57.409,1300.6,0.621,37.326,0.05,5.0,0,0,,,,,,,14.162,0.349,49.473,0.504,1.355,0.455,0.0,0.0,0.062,66.525
1766339187.923784,14.992,7,7,37.309,0.0,0.017,0.185,57.412,1299.8,0.6208,37.309,0.05,5.0,0,0,,,,,,,14.302,0.243,49.028,0.483,1.353,0.453,0.0,0.0,0.057,66.078
1766339187.989285,15.43,7,7,37.326,0.0,0.017,0.185,57.41,1300.7,0.6218,37.326,0.05,5.0,0,0,,,,,,,12.991,0.418,49.484,0.528,1.34,0.477,0.0,0.0,0.065,65.462
1766339188.058802,14.664,7,7,37.318,0.0,0.017,0.184,57.415,1300.1,0.621,37.318,0.05,5.0,0,0,,,,,,,15.683,0.242,50.977,0.539,1.353,0.456,0.0,0.0,0.06,69.476
1766339188.123678,15.445,7,7,37.322,0.0,0.016,0.185,57.425,1300.8,0.6214,37.322,0.05,5.0,0,0,,,,,,,10.91,0.258,51.062,0.522,1.392,0.454,0.0,0.0,0.062,64.833
1766339188.19003,15.229,7,7,37.318,0.0,0.017,0.184,57.439,1300.8,0.6211,37.318,0.05,5.0,0,0,,,,,,,11.7,0.483,51.594,0.517,1.329,0.452,0.0,0.0,0.062,66.311
1766339188.293656,15.158,7,7,37.313,0.0,0.016,0.185,57.423,1300.7,0.6213,37.313,0.05,5.0,0,0,,,,,,,11.305,0.25,89.548,0.497,1.313,0.445,0.0,0.0,0.056,103.571
1766339188.353158,10.091,7,7,37.312,0.0,0.017,0.185,57.422,1300.2,0.6211,37.312,0.05,5.0,0,0,,,,,,,6.796,0.526,49.586,0.51,1.338,0.458,0.0,0.0,0.054,59.461
1766339188.420084,15.632,7,7,37.321,0.0,0.017,0.184,57.43,1300.6,0.6212,37.321,0.05,5.0,0,0,,,,,,,11.265,0.463,52.607,0.524,1.349,0.452,0.0,0.0,0.051,66.887
1766339188.487117,15.073,7,7,37.326,0.0,0.017,0.185,57.418,1300.4,0.6206,37.326,0.05,5.0,0,0,,,,,,,10.68,0.277,53.516,0.518,1.335,0.454,0.0,0.0,0.053,66.992
1766339188.553815,15.081,7,7,37.327,0.0,0.016,0.185,57.429,1300.8,0.6212,37.327,0.05,5.0,0,0,,,,,,,9.956,0.256,53.885,0.511,1.361,0.457,0.0,0.0,0.069,66.659
1766339188.618979,15.038,7,7,37.323,0.0,0.016,0.185,57.427,1301.2,0.6213,37.323,0.05,5.0,0,0,,,,,,,9.753,0.504,52.355,0.512,1.333,0.447,0.0,0.0,0.056,65.119
1766339188.688017,15.298,7,7,37.31,0.0,0.017,0.185,57.408,1300.8,0.6207,37.31,0.05,5.0,0,0,,,,,,,9.958,0.28,56.243,0.516,1.335,0.453,0.0,0.0,0.05,68.996
1766339188.753733,14.97,7,7,37.321,0.0,0.017,0.185,57.405,1300.8,0.6212,37.321,0.05,5.0,0,0,,,,,,,7.721,1.005,54.488,0.486,1.32,0.449,0.0,0.0,0.053,65.676
1766339188.82192,15.517,7,7,37.316,0.0,0.017,0.185,57.415,1301.1,0.6217,37.316,0.05,5.0,0,0,,,,,,,6.453,0.445,58.595,0.525,1.342,0.577,0.0,0.0,0.049,68.147
1766339188.885723,15.111,7,7,37.329,0.0,0.016,0.186,57.422,1300.9,0.6211,37.329,0.05,5.0,0,0,,,,,,,4.442,0.279,56.496,0.527,1.357,0.451,0.0,0.0,0.049,63.763
1766339188.950021,14.937,7,7,37.308,0.0,0.016,0.184,57.415,1300.9,0.6215,37.308,0.05,5.0,0,0,,,,,,,7.588,0.247,53.949,0.51,1.321,0.442,0.0,0.0,0.048,64.258
1766339189.016189,15.348,7,7,37.325,0.0,0.017,0.185,57.413,1300.5,0.6213,37.325,0.05,5.0,0,0,,,,,,,8.448,0.371,54.768,0.523,1.342,0.453,0.0,0.0,0.065,66.129
1766339189.080103,15.21,7,7,37.317,0.0,0.017,0.186,57.415,1300.3,0.6214,37.317,0.05,5.0,0,0,,,,,,,8.023,0.488,52.737,0.617,1.339,0.452,0.0,0.0,0.056,63.872
1766339189.155499,15.0,7,7,37.336,0.0,0.017,0.185,57.437,1301.0,0.6215,37.336,0.05,5.0,0,0,,,,,,,10.774,0.193,61.804,0.528,1.347,0.464,0.0,0.0,0.053,75.352
1766339189.221358,15.058,7,7,37.315,0.0,0.017,0.185,57.445,1301.0,0.6214,37.315,0.05,5.0,0,0,,,,,,,1.786,0.498,60.967,0.527,1.343,0.456,0.0,0.0,0.066,65.817
1766339189.281484,15.314,7,7,37.31,0.0,0.016,0.185,57.435,1300.5,0.6209,37.31,0.05,5.0,0,0,,,,,,,1.226,0.274,55.95,0.521,1.329,0.454,0.0,0.0,0.171,60.083
1766339189.389375,10.093,7,7,37.314,0.0,0.016,0.184,57.439,1301.0,0.6213,37.314,0.05,5.0,0,0,,,,,,,40.129,0.465,64.627,0.548,1.352,0.458,0.0,0.0,0.056,107.797
1766339189.487065,9.995,7,7,37.332,0.0,0.017,0.184,57.438,1300.6,0.6209,37.332,0.05,5.0,0,0,,,,,,,32.34,0.394,61.851,0.757,1.536,0.518,0.0,0.0,0.064,97.647
1766339189.57827,10.2,7,7,37.299,0.0,0.016,0.185,57.444,1300.5,0.6216,37.299,0.05,5.0,0,0,,,,,,,32.681,0.3,55.213,0.583,1.523,0.616,0.0,0.0,0.066,91.158
1766339189.652774,14.661,7,7,37.316,0.0,0.016,0.185,57.436,1300.7,0.6215,37.316,0.05,5.0,0,0,,,,,,,9.688,0.341,61.149,0.674,1.749,0.586,0.0,0.0,0.071,74.458
1766339189.77675,7.582,7,7,37.302,0.0,0.016,0.184,57.438,1299.6,0.6208,37.302,0.05,5.0,0,0,,,,,,,67.077,0.256,53.781,0.57,1.538,0.465,0.0,0.0,0.072,123.928
1766339189.843033,15.137,7,7,37.316,0.0,0.016,0.185,57.423,1300.7,0.6215,37.316,0.05,5.0,0,0,,,,,,,9.168,0.475,54.032,0.533,1.342,0.446,0.0,0.0,0.061,66.239
1766339189.904992,15.403,7,7,37.323,0.0,0.016,0.186,57.426,1301.1,0.6214,37.323,0.05,5.0,0,0,,,,,,,7.812,0.255,51.271,0.528,1.371,0.453,0.0,0.0,0.066,61.919
1766339189.972692,15.093,7,7,37.322,0.0,0.016,0.186,57.433,1300.5,0.6216,37.322,0.05,5.0,0,0,,,,,,,12.108,0.442,52.602,0.502,1.331,0.453,0.0,0.0,0.061,67.658
1766339190.036688,15.316,7,7,37.321,0.0,0.017,0.184,57.431,1300.5,0.6209,37.321,0.05,5.0,0,0,,,,,,,9.692,0.46,51.285,0.511,1.323,0.449,0.0,0.0,0.062,63.946
1766339190.102438,15.26,7,7,37.316,0.0,0.017,0.184,57.431,1300.8,0.622,37.316,0.05,5.0,0,0,,,,,,,11.236,0.471,51.444,0.527,1.336,0.46,0.0,0.0,0.07,65.709
1766339190.167603,14.832,7,7,37.318,0.0,0.016,0.185,57.417,1300.1,0.6207,37.318,0.05,5.0,0,0,,,,,,,12.908,0.304,49.368,0.508,1.359,0.453,0.0,0.0,0.06,65.124
1766339190.236847,15.295,7,7,37.316,0.0,0.016,0.186,57.421,1300.5,0.6212,37.316,0.05,5.0,0,0,,,,,,,13.124,0.492,53.042,0.527,1.347,0.455,0.0,0.0,0.057,69.204
1766339190.302406,15.011,7,7,37.307,0.0,0.017,0.185,57.416,1300.1,0.6212,37.307,0.05,5.0,0,0,,,,,,,10.496,0.204,52.211,0.541,1.373,0.463,0.0,0.0,0.065,65.517
1766339190.367207,15.058,7,7,37.319,0.0,0.017,0.184,57.424,1300.5,0.6208,37.319,0.05,5.0,0,0,,,,,,,11.348,0.333,50.59,0.492,1.328,0.445,0.0,0.0,0.064,64.76
1766339190.431356,15.405,7,7,37.311,0.0,0.016,0.186,57.418,1300.3,0.6211,37.311,0.05,5.0,0,0,,,,,,,11.46,0.354,49.758,0.534,1.334,0.451,0.0,0.0,0.058,64.108
1766339190.502856,15.04,7,7,37.323,0.0,0.017,0.186,57.427,1300.9,0.6212,37.323,0.05,5.0,0,0,,,,,,,13.802,0.52,54.571,0.523,1.368,0.45,0.0,0.0,0.063,71.46
1766339190.567505,14.867,7,7,37.325,0.0,0.016,0.185,57.427,1300.8,0.621,37.325,0.05,5.0,0,0,,,,,,,9.564,0.246,52.251,0.533,1.335,0.458,0.0,0.0,0.061,64.607
1766339190.631287,15.48,7,7,37.33,0.0,0.016,0.187,57.41,1300.4,0.6207,37.33,0.05,5.0,0,0,,,,,,,9.514,0.345,51.071,0.53,1.339,0.534,0.0,0.0,0.16,63.741
1766339190.696559,15.04,7,7,37.314,0.0,0.016,0.186,57.407,1300.9,0.6211,37.314,0.05,5.0,0,0,,,,,,,12.214,0.294,49.995,0.647,1.366,0.464,0.0,0.0,0.062,65.225
1766339190.802243,10.3,7,7,37.31,0.0,0.016,0.185,57.41,1300.5,0.6216,37.31,0.05,5.0,0,0,,,,,,,44.036,0.231,58.854,0.518,1.329,0.447,0.0,0.0,0.062,105.642
1766339190.868059,15.111,7,7,37.306,0.0,0.017,0.186,57.396,1300.6,0.6214,37.306,0.05,5.0,0,0,,,,,,,4.532,0.284,58.452,0.513,1.318,0.452,0.0,0.0,0.062,65.775
1766339190.934805,15.135,7,7,37.318,0.0,0.017,0.184,57.39,1300.7,0.6211,37.318,0.05,5.0,0,0,,,,,,,4.764,0.292,58.832,0.562,1.492,0.499,0.0,0.0,0.064,66.68
1766339190.996153,15.229,7,7,37.316,0.0,0.017,0.185,57.401,1300.7,0.621,37.316,0.05,5.0,0,0,,,,,,,3.703,0.295,54.181,0.581,1.642,0.533,0.0,0.0,0.096,61.3
1766339191.068906,15.009,7,7,37.312,0.0,0.017,0.185,57.399,1300.1,0.6214,37.312,0.05,5.0,0,0,,,,,,,8.976,0.337,59.77,0.762,1.938,0.633,0.0,0.0,0.078,72.697
1766339191.145856,15.07,7,7,37.313,0.0,0.016,0.185,57.41,1300.1,0.6213,37.313,0.05,5.0,0,0,,,,,,,2.456,0.301,70.057,0.726,2.204,0.721,0.0,0.0,0.079,76.77
1766339191.248493,10.147,7,7,37.309,0.0,0.017,0.185,57.412,1300.5,0.621,37.309,0.05,5.0,0,0,,,,,,,24.176,0.598,73.411,0.792,2.53,0.757,0.0,0.0,0.079,102.576
1766339191.362531,7.559,7,7,37.328,0.0,0.017,0.185,57.42,1300.8,0.6215,37.328,0.05,5.0,0,0,,,,,,,53.842,0.481,56.479,0.56,1.848,0.524,0.0,0.0,0.067,113.979
1766339191.428323,15.076,7,7,37.31,0.0,0.017,0.184,57.425,1300.1,0.6211,37.31,0.05,5.0,0,0,,,,,,,6.145,0.29,56.317,0.608,1.508,0.628,0.0,0.0,0.072,65.744
1766339191.496889,15.054,7,7,37.318,0.0,0.017,0.185,57.409,1300.4,0.6212,37.318,0.05,5.0,0,0,,,,,,,6.781,0.494,58.318,0.51,1.688,0.485,0.0,0.0,0.069,68.518
1766339191.553077,15.324,6,6,37.927,0.0,0.02,0.218,56.932,1362.5,0.6457,37.927,0.05,5.0,0,0,,,,,,,3.473,0.256,50.061,0.481,1.177,0.414,0.0,0.0,0.063,56.141
1766339191.622267,15.036,7,7,37.32,0.0,0.016,0.185,57.026,1300.9,0.6213,37.32,0.05,5.0,0,0,,,,,,,13.795,0.439,52.276,0.506,1.357,0.481,0.0,0.0,0.065,69.145
1766339191.688157,15.058,7,7,37.323,0.0,0.016,0.185,57.099,1300.1,0.6207,37.323,0.05,5.0,0,0,,,,,,,11.012,0.248,52.135,0.482,1.319,0.445,0.0,0.0,0.052,65.845
1766339191.75371,15.28,7,7,37.318,0.0,0.016,0.184,57.181,1300.5,0.6213,37.318,0.05,5.0,0,0,,,,,,,10.55,0.42,52.024,0.512,1.318,0.445,0.0,0.0,0.063,65.491
1766339191.817888,15.129,7,7,37.321,0.0,0.017,0.186,57.223,1300.7,0.6217,37.321,0.05,5.0,0,0,,,,,,,11.117,0.263,50.164,0.512,1.402,0.449,0.0,0.0,0.071,64.137
1766339191.885016,15.35,7,7,37.319,0.0,0.017,0.185,57.275,1301.0,0.6212,37.319,0.05,5.0,0,0,,,,,,,12.073,0.357,52.103,0.512,1.335,0.452,0.0,0.0,0.066,67.074
1766339191.952429,14.946,7,7,37.315,0.0,0.017,0.184,57.301,1300.3,0.6209,37.315,0.05,5.0,0,0,,,,,,,11.858,0.356,52.542,0.54,1.365,0.471,0.0,0.0,0.068,67.366
1766339192.017623,15.16,7,7,37.311,0.0,0.017,0.186,57.329,1300.7,0.6213,37.311,0.05,5.0,0,0,,,,,,,10.416,0.255,51.955,0.534,1.318,0.456,0.0,0.0,0.062,65.152
1766339192.085724,15.042,7,7,37.324,0.0,0.016,0.185,57.352,1300.8,0.6213,37.324,0.05,5.0,0,0,,,,,,,11.705,0.306,53.491,0.508,1.384,0.446,0.0,0.0,0.062,68.061
1766339192.149966,14.933,7,7,37.32,0.0,0.016,0.185,57.378,1300.6,0.621,37.32,0.05,5.0,0,0,,,,,,,10.571,0.409,50.621,0.581,1.336,0.453,0.0,0.0,0.06,64.2
1766339192.21571,15.5,7,7,37.309,0.0,0.017,0.186,57.389,1300.0,0.6214,37.309,0.05,5.0,0,0,,,,,,,10.847,0.294,52.036,0.493,1.362,0.449,0.0,0.0,0.063,65.704
1766339192.288133,15.149,7,7,37.314,0.0,0.017,0.185,57.403,1300.3,0.6209,37.314,0.05,5.0,0,0,,,,,,,11.116,0.293,58.196,0.548,1.484,0.503,0.0,0.0,0.066,72.382
1766339192.354554,15.194,7,7,37.331,0.0,0.017,0.185,57.406,1300.7,0.6215,37.331,0.05,5.0,0,0,,,,,,,4.504,0.301,58.772,0.563,1.498,0.502,0.0,0.0,0.066,66.377
1766339192.420936,14.777,7,7,37.317,0.0,0.016,0.185,57.414,1300.6,0.6212,37.317,0.05,5.0,0,0,,,,,,,5.757,0.287,57.503,0.572,1.486,0.498,0.0,0.0,0.064,66.338
1766339192.483909,15.592,7,7,37.323,0.0,0.016,0.186,57.413,1300.3,0.6211,37.323,0.05,5.0,0,0,,,,,,,3.508,0.218,56.394,0.554,1.521,0.498,0.0,0.0,0.065,62.928
1766339192.55012,15.08,7,7,37.319,0.0,0.016,0.186,57.408,1300.6,0.6211,37.319,0.05,5.0,0,0,,,,,,,6.847,0.365,56.14,0.555,1.502,0.505,0.0,0.0,0.064,66.167
1766339192.617199,14.923,7,7,37.305,0.0,0.016,0.185,57.393,1300.3,0.6209,37.305,0.05,5.0,0,0,,,,,,,7.648,0.23,56.297,0.596,1.497,0.517,0.0,0.0,0.072,67.034
1766339192.683355,15.299,7,7,37.322,0.0,0.017,0.186,57.405,1300.1,0.6215,37.322,0.05,5.0,0,0,,,,,,,5.929,0.277,57.045,0.581,1.519,0.507,0.0,0.0,0.069,66.107
1766339192.753061,15.4,7,7,37.308,0.0,0.017,0.185,57.421,1301.3,0.6216,37.308,0.05,5.0,0,0,,,,,,,4.71,0.307,61.405,0.624,1.755,0.578,0.0,0.0,0.079,69.659
1766339192.821134,15.039,7,7,37.327,0.0,0.016,0.183,57.435,1300.6,0.6209,37.327,0.05,5.0,0,0,,,,,,,1.491,0.459,62.824,0.669,1.734,0.58,0.0,0.0,0.065,68.02
1766339192.92417,10.165,7,7,37.309,0.0,0.016,0.185,57.434,1300.6,0.6213,37.309,0.05,5.0,0,0,,,,,,,31.797,0.551,67.417,0.648,1.719,0.589,0.0,0.0,0.066,102.983
1766339193.013988,9.953,7,7,37.317,0.0,0.016,0.185,57.433,1300.7,0.6212,37.317,0.05,5.0,0,0,,,,,,,29.242,0.278,56.549,0.965,1.836,0.647,0.0,0.0,0.069,89.769
1766339193.078547,15.318,7,7,37.317,0.0,0.017,0.186,57.42,1300.8,0.621,37.317,0.05,5.0,0,0,,,,,,,4.712,0.258,56.507,0.587,1.637,0.549,0.0,0.0,0.078,64.51
1766339193.145188,15.386,7,7,37.329,0.0,0.016,0.184,57.424,1300.8,0.6211,37.329,0.05,5.0,0,0,,,,,,,5.142,0.264,58.307,0.584,1.513,0.512,0.0,0.0,0.074,66.589
1766339193.21825,14.898,7,7,37.315,0.0,0.017,0.185,57.428,1300.8,0.6212,37.315,0.05,5.0,0,0,,,,,,,5.627,0.258,63.156,1.529,1.564,0.53,0.0,0.0,0.118,73.008
1766339193.32073,10.114,7,7,37.301,0.0,0.016,0.185,57.411,1301.0,0.6216,37.301,0.05,5.0,0,0,,,,,,,31.421,0.752,67.381,0.58,1.516,0.512,0.0,0.0,0.062,102.412
1766339193.417936,10.121,7,7,37.323,0.0,0.016,0.185,57.42,1300.4,0.6214,37.323,0.05,5.0,0,0,,,,,,,27.769,0.334,65.152,0.672,2.325,0.623,0.0,0.0,0.068,97.16
1766339193.517711,10.131,7,7,37.31,0.0,0.017,0.185,57.418,1300.6,0.6215,37.31,0.05,5.0,0,0,,,,,,,29.249,0.249,66.93,0.888,1.609,0.52,0.0,0.0,0.081,99.707
1766339193.606116,10.02,7,7,37.315,0.0,0.016,0.185,57.407,1300.3,0.6217,37.315,0.05,5.0,0,0,,,,,,,29.295,0.319,55.901,0.575,1.519,0.51,0.0,0.0,0.06,88.36
1766339193.674979,15.468,7,7,37.308,0.0,0.017,0.185,57.406,1300.6,0.6212,37.308,0.05,5.0,0,0,,,,,,,5.541,0.298,60.085,0.593,1.543,0.509,0.0,0.0,0.068,68.817
1766339193.736525,14.916,7,7,37.308,0.0,0.017,0.184,57.405,1300.7,0.6214,37.308,0.05,5.0,0,0,,,,,,,3.717,0.232,54.685,0.599,1.515,0.506,0.0,0.0,0.067,61.497
1766339193.804809,14.96,7,7,37.317,0.0,0.017,0.186,57.413,1301.2,0.6214,37.317,0.05,5.0,0,0,,,,,,,8.965,0.654,55.746,0.567,1.508,0.504,0.0,0.0,0.071,68.185
1766339193.866413,15.586,7,7,37.315,0.0,0.016,0.186,57.417,1300.7,0.6214,37.315,0.05,5.0,0,0,,,,,,,4.889,0.265,52.907,0.594,2.001,0.488,0.0,0.0,0.244,61.552
1766339193.92918,15.22,7,7,37.323,0.0,0.017,0.185,57.414,1300.4,0.6213,37.323,0.05,5.0,0,0,,,,,,,8.999,0.233,50.831,0.515,1.451,0.475,0.0,0.0,0.062,62.725
1766339193.997606,14.943,7,7,37.316,0.0,0.016,0.185,57.43,1300.7,0.6214,37.316,0.05,5.0,0,0,,,,,,,13.156,0.362,50.775,0.547,1.622,0.817,0.0,0.0,0.892,68.384
1766339194.069607,15.131,7,7,37.314,0.0,0.016,0.185,57.431,1300.3,0.6212,37.314,0.05,5.0,0,0,,,,,,,10.81,0.269,58.037,0.567,1.511,0.509,0.0,0.0,0.067,71.95
1766339194.165309,10.162,7,7,37.326,0.0,0.017,0.185,57.423,1301.2,0.6212,37.326,0.05,5.0,0,0,,,,,,,37.22,0.47,55.201,0.551,1.478,0.505,0.0,0.0,0.064,95.656
1766339194.233909,14.997,7,7,37.306,0.0,0.016,0.186,57.414,1300.1,0.6211,37.306,0.05,5.0,0,0,,,,,,,8.195,0.489,56.83,0.787,1.503,0.507,0.0,0.0,0.066,68.554
1766339194.301794,15.219,7,7,37.314,0.0,0.016,0.185,57.427,1300.6,0.6213,37.314,0.05,5.0,0,0,,,,,,,5.304,0.316,59.468,0.545,1.479,0.502,0.0,0.0,0.055,67.84
1766339194.365721,15.169,7,7,37.311,0.0,0.017,0.185,57.426,1300.2,0.6216,37.311,0.05,5.0,0,0,,,,,,,3.341,0.264,57.379,0.612,1.528,0.512,0.0,0.0,0.066,63.883
1766339194.433608,15.259,7,7,37.318,0.0,0.017,0.186,57.418,1300.5,0.6214,37.318,0.05,5.0,0,0,,,,,,,4.948,0.465,58.801,0.65,2.097,0.611,0.0,0.0,0.071,67.841
1766339194.515078,15.126,7,7,37.311,0.0,0.016,0.185,57.416,1300.4,0.6213,37.311,0.05,5.0,0,0,,,,,,,3.166,0.322,73.302,0.759,2.82,0.737,0.0,0.0,0.089,81.419
1766339194.628058,10.065,7,7,37.315,0.0,0.016,0.186,57.406,1300.8,0.6219,37.315,0.05,5.0,0,0,,,,,,,21.038,0.426,87.689,0.755,2.036,0.681,0.0,0.0,0.068,112.92
1766339194.717217,10.06,7,7,37.305,0.0,0.017,0.185,57.409,1300.6,0.6214,37.305,0.05,5.0,0,0,,,,,,,7.46,0.505,77.164,0.886,2.057,0.72,0.0,0.0,0.075,89.1
1766339194.801949,10.068,7,7,37.309,0.0,0.017,0.185,57.41,1300.9,0.6209,37.309,0.05,5.0,0,0,,,,,,,17.621,0.272,63.531,0.93,1.543,0.531,0.0,0.0,0.063,84.674
1766339194.901585,10.15,7,7,37.325,0.0,0.016,0.186,57.418,1300.3,0.6211,37.325,0.05,5.0,0,0,,,,,,,31.428,0.276,64.947,0.655,1.531,0.517,0.0,0.0,0.056,99.592
1766339194.994851,10.148,7,7,37.306,0.0,0.016,0.185,57.411,1300.2,0.6211,37.306,0.05,5.0,0,0,,,,,,,30.179,0.472,59.421,0.587,1.528,0.635,0.0,0.0,0.062,93.067
1766339195.074941,15.061,7,7,37.319,0.0,0.016,0.185,57.395,1300.3,0.6212,37.319,0.05,5.0,0,0,,,,,,,3.457,0.383,73.203,0.576,1.649,0.523,0.0,0.0,0.065,80.037
1766339195.16955,10.143,6,6,37.915,0.0,0.02,0.219,56.919,1361.8,0.6454,37.915,0.05,5.0,0,0,,,,,,,21.953,0.804,68.757,0.606,1.548,0.549,0.0,0.0,0.071,94.558
1766339195.258672,10.066,7,7,37.303,0.0,0.016,0.185,57.018,1300.6,0.6215,37.303,0.05,5.0,0,0,,,,,,,26.679,0.5,58.618,0.63,1.726,0.575,0.0,0.0,0.066,89.063
1766339195.327499,15.172,7,7,37.321,0.0,0.017,0.186,57.091,1300.8,0.6212,37.321,0.05,5.0,0,0,,,,,,,3.469,0.483,61.504,0.667,1.763,0.59,0.0,0.0,0.078,68.768
1766339195.403899,14.884,7,7,37.314,0.0,0.017,0.187,57.152,1300.1,0.621,37.314,0.05,5.0,0,0,,,,,,,1.802,0.332,70.981,0.633,1.729,0.584,0.0,0.0,0.065,76.316
1766339195.493736,10.18,7,7,37.322,0.0,0.016,0.185,57.206,1300.7,0.6211,37.322,0.05,5.0,0,0,,,,,,,23.666,0.451,62.433,0.653,1.747,0.587,0.0,0.0,0.055,89.787
1766339195.586741,10.141,7,7,37.301,0.0,0.016,0.184,57.243,1300.8,0.6217,37.301,0.05,5.0,0,0,,,,,,,32.441,0.274,57.362,0.591,1.517,0.512,0.0,0.0,0.076,92.956
1766339195.649948,15.054,7,7,37.313,0.0,0.016,0.185,57.28,1300.5,0.6212,37.313,0.05,5.0,0,0,,,,,,,5.861,0.29,54.172,0.576,1.501,0.506,0.0,0.0,0.072,63.155
1766339195.716755,15.002,7,7,37.307,0.0,0.016,0.185,57.322,1300.3,0.6214,37.307,0.05,5.0,0,0,,,,,,,9.314,0.325,54.316,0.558,1.506,0.5,0.0,0.0,0.069,66.758
1766339195.788039,15.223,7,7,37.315,0.0,0.017,0.187,57.343,1300.8,0.6215,37.315,0.05,5.0,0,0,,,,,,,8.197,0.314,59.913,0.563,1.482,0.502,0.0,0.0,0.074,71.235
1766339195.849781,15.226,7,7,37.325,0.0,0.016,0.185,57.367,1301.5,0.6216,37.325,0.05,5.0,0,0,,,,,,,2.584,0.269,56.012,0.572,1.5,0.506,0.0,0.0,0.068,61.685
1766339195.915394,15.066,7,7,37.311,0.0,0.016,0.185,57.385,1300.6,0.621,37.311,0.05,5.0,0,0,,,,,,,7.224,0.242,54.934,0.559,1.494,0.835,0.0,0.0,0.065,65.565
1766339195.981064,15.363,7,7,37.327,0.0,0.016,0.185,57.393,1300.4,0.6212,37.327,0.05,5.0,0,0,,,,,,,6.676,0.312,55.502,0.852,1.503,0.513,0.0,0.0,0.064,65.596
1766339196.047057,15.041,7,7,37.316,0.0,0.017,0.184,57.404,1300.5,0.6215,37.316,0.05,5.0,0,0,,,,,,,7.518,0.273,55.576,0.53,1.351,0.46,0.0,0.0,0.065,65.945
1766339196.109237,15.076,7,7,37.322,0.0,0.017,0.186,57.401,1300.9,0.6213,37.322,0.05,5.0,0,0,,,,,,,7.858,0.417,51.156,0.626,1.401,0.455,0.0,0.0,0.062,62.136
1766339196.172981,15.233,7,7,37.315,0.0,0.016,0.185,57.396,1300.9,0.6212,37.315,0.05,5.0,0,0,,,,,,,11.327,0.468,49.307,0.508,1.356,0.502,0.0,0.0,0.064,63.702
1766339196.237581,15.104,7,7,37.296,0.0,0.017,0.185,57.386,1300.4,0.6217,37.296,0.05,5.0,0,0,,,,,,,13.79,0.232,47.969,0.531,1.341,0.453,0.0,0.0,0.073,64.556
1766339196.303495,15.312,6,6,37.919,0.0,0.019,0.219,56.896,1362.3,0.6452,37.919,0.05,5.0,0,0,,,,,,,14.495,0.298,48.729,0.461,1.189,0.419,0.0,0.0,0.063,65.87
1766339196.37158,15.101,7,7,37.3,0.0,0.017,0.185,56.979,1301.0,0.6213,37.3,0.05,5.0,0,0,,,,,,,14.802,0.205,50.44,0.517,1.331,0.464,0.0,0.0,0.063,68.043
1766339196.438467,15.011,7,7,37.298,0.0,0.016,0.185,57.056,1300.6,0.6216,37.298,0.05,5.0,0,0,,,,,,,13.332,0.32,50.679,0.496,1.33,0.463,0.0,0.0,0.063,66.843
1766339196.50327,15.22,7,7,37.32,0.0,0.016,0.185,57.144,1300.9,0.6214,37.32,0.05,5.0,0,0,,,,,,,12.152,0.499,49.52,0.529,1.354,0.476,0.0,0.0,0.069,64.76
1766339196.569485,15.21,7,7,37.319,0.0,0.016,0.184,57.207,1300.4,0.6212,37.319,0.05,5.0,0,0,,,,,,,13.095,0.258,50.261,0.506,1.351,0.477,0.0,0.0,0.066,66.172
1766339196.63369,15.201,7,7,37.32,0.0,0.016,0.185,57.268,1300.5,0.621,37.32,0.05,5.0,0,0,,,,,,,12.666,0.271,48.677,0.519,1.344,0.454,0.0,0.0,0.069,64.162
1766339196.697766,15.149,6,6,37.923,0.0,0.019,0.219,56.862,1362.4,0.645,37.923,0.05,5.0,0,0,,,,,,,14.473,0.251,46.955,0.459,1.194,0.422,0.0,0.0,0.061,64.032
1766339196.767892,15.042,7,7,37.311,0.0,0.017,0.185,56.953,1299.9,0.6212,37.311,0.05,5.0,0,0,,,,,,,16.877,0.458,50.156,0.51,1.349,0.447,0.0,0.0,0.067,70.082
1766339196.866416,13.665,7,7,37.321,0.0,0.016,0.187,57.02,1300.1,0.6211,37.321,0.05,5.0,0,0,,,,,,,19.927,3.406,72.589,0.515,1.359,0.451,0.0,0.0,0.065,98.479
1766339196.932468,10.861,7,7,37.319,0.0,0.017,0.185,57.099,1300.7,0.6211,37.319,0.05,5.0,0,0,,,,,,,13.481,0.347,49.677,0.498,1.321,0.465,0.0,0.0,0.068,66.01
1766339197.001214,15.12,7,7,37.328,0.0,0.017,0.185,57.182,1300.5,0.6209,37.328,0.05,5.0,0,0,,,,,,,13.564,0.276,52.31,0.523,1.328,0.471,0.0,0.0,0.067,68.701
1766339197.065501,15.105,7,7,37.31,0.0,0.017,0.185,57.227,1300.4,0.6216,37.31,0.05,5.0,0,0,,,,,,,11.008,0.287,50.391,0.523,1.345,0.451,0.0,0.0,0.061,64.226
1766339197.130197,15.273,7,7,37.31,0.0,0.017,0.185,57.271,1300.8,0.6214,37.31,0.05,5.0,0,0,,,,,,,12.215,0.371,49.507,0.528,1.341,0.468,0.0,0.0,0.063,64.656
1766339197.196301,15.143,7,7,37.316,0.0,0.017,0.186,57.284,1300.1,0.6211,37.316,0.05,5.0,0,0,,,,,,,13.557,0.201,49.337,0.505,1.431,0.531,0.0,0.0,0.067,66.062
1766339197.262585,15.327,7,7,37.31,0.0,0.016,0.185,57.304,1300.3,0.6209,37.31,0.05,5.0,0,0,,,,,,,12.697,0.291,50.57,0.49,1.461,0.502,0.0,0.0,0.068,66.243
1766339197.327813,14.686,7,7,37.319,0.0,0.016,0.185,57.343,1300.5,0.6213,37.319,0.05,5.0,0,0,,,,,,,14.505,0.285,47.923,0.456,1.334,0.454,0.0,0.0,0.065,65.188
1766339197.391557,15.452,7,7,37.314,0.0,0.016,0.186,57.355,1300.7,0.6213,37.314,0.05,5.0,0,0,,,,,,,13.992,0.279,46.991,0.479,1.307,0.45,0.0,0.0,0.056,63.701
1766339197.458522,15.305,7,7,37.312,0.0,0.017,0.185,57.364,1300.1,0.6212,37.312,0.05,5.0,0,0,,,,,,,15.588,0.445,48.371,0.496,1.327,0.469,0.0,0.0,0.068,66.926
1766339197.525962,14.97,7,7,37.334,0.0,0.017,0.186,57.37,1300.9,0.6211,37.334,0.05,5.0,0,0,,,,,,,15.425,0.252,49.255,0.487,1.317,0.445,0.0,0.0,0.061,67.399
1766339197.589268,15.288,6,6,37.917,0.0,0.02,0.219,56.904,1362.2,0.6453,37.917,0.05,5.0,0,0,,,,,,,13.395,0.38,47.168,0.462,1.176,0.423,0.0,0.0,0.052,63.267
1766339197.656884,15.203,7,7,37.312,0.0,0.017,0.185,56.981,1300.0,0.6211,37.312,0.05,5.0,0,0,,,,,,,15.863,0.454,48.748,0.487,1.315,0.438,0.0,0.0,0.06,67.575
1766339197.721354,15.242,7,7,37.32,0.0,0.016,0.186,57.075,1301.1,0.6215,37.32,0.05,5.0,0,0,,,,,,,13.855,0.256,47.863,0.495,1.315,0.444,0.0,0.0,0.047,64.429
1766339197.821028,10.12,7,7,37.303,0.0,0.016,0.185,57.143,1301.2,0.6215,37.303,0.05,5.0,0,0,,,,,,,48.193,0.397,48.529,0.515,1.333,0.449,0.0,0.0,0.054,99.634
1766339197.890285,15.108,7,7,37.312,0.0,0.017,0.185,57.202,1300.0,0.6213,37.312,0.05,5.0,0,0,,,,,,,14.714,0.461,51.553,0.51,1.324,0.445,0.0,0.0,0.053,69.217
1766339197.953876,14.975,7,7,37.316,0.0,0.017,0.186,57.256,1300.1,0.6212,37.316,0.05,5.0,0,0,,,,,,,12.234,0.45,48.293,0.524,1.359,0.458,0.0,0.0,0.069,63.551
1766339198.021646,14.887,7,7,37.304,0.0,0.016,0.186,57.287,1300.6,0.6211,37.304,0.05,5.0,0,0,,,,,,,15.81,0.365,49.021,0.507,1.346,0.452,0.0,0.0,0.063,67.727
1766339198.087266,15.257,7,7,37.323,0.0,0.016,0.186,57.342,1300.4,0.6213,37.323,0.05,5.0,0,0,,,,,,,13.587,0.262,49.199,0.517,1.333,0.463,0.0,0.0,0.057,65.578
1766339198.153551,15.123,7,7,37.318,0.0,0.017,0.184,57.362,1300.8,0.6214,37.318,0.05,5.0,0,0,,,,,,,14.047,0.248,49.307,0.531,1.362,0.472,0.0,0.0,0.063,66.198
1766339198.218342,15.058,7,7,37.335,0.0,0.016,0.185,57.383,1301.0,0.6213,37.335,0.05,5.0,0,0,,,,,,,14.213,0.253,47.656,0.475,1.319,0.442,0.0,0.0,0.226,64.738
1766339198.317745,10.249,7,7,37.321,0.0,0.017,0.185,57.371,1300.4,0.6208,37.321,0.05,5.0,0,0,,,,,,,46.974,0.229,49.603,0.527,1.328,0.45,0.0,0.0,0.065,99.344
1766339198.383304,15.3,7,7,37.301,0.0,0.017,0.184,57.368,1299.6,0.6205,37.301,0.05,5.0,0,0,,,,,,,12.947,0.222,49.809,0.529,1.337,0.45,0.0,0.0,0.062,65.517
1766339198.451039,14.72,7,7,37.32,0.0,0.016,0.186,57.363,1301.3,0.6207,37.32,0.05,5.0,0,0,,,,,,,15.322,0.473,49.388,0.507,1.341,0.444,0.0,0.0,0.06,67.694
1766339198.518236,15.516,7,7,37.317,0.0,0.016,0.185,57.379,1300.4,0.6215,37.317,0.05,5.0,0,0,,,,,,,12.035,0.388,52.164,0.532,1.364,0.461,0.0,0.0,0.051,67.156
1766339198.585214,14.925,7,7,37.318,0.0,0.017,0.184,57.388,1300.3,0.6214,37.318,0.05,5.0,0,0,,,,,,,11.838,0.326,52.294,0.494,1.326,0.449,0.0,0.0,0.054,66.937
1766339198.648936,15.293,7,7,37.319,0.0,0.017,0.185,57.397,1300.1,0.6212,37.319,0.05,5.0,0,0,,,,,,,10.25,0.464,50.519,0.481,1.315,0.442,0.0,0.0,0.058,63.682
1766339198.719491,15.089,7,7,37.316,0.0,0.017,0.185,57.397,1300.2,0.6213,37.316,0.05,5.0,0,0,,,,,,,12.787,0.284,54.885,0.525,1.341,0.45,0.0,0.0,0.065,70.5
1766339198.784908,14.979,7,7,37.324,0.0,0.016,0.184,57.415,1300.7,0.621,37.324,0.05,5.0,0,0,,,,,,,9.0,0.8,53.028,0.504,1.358,0.454,0.0,0.0,0.066,65.372
1766339198.885309,10.231,7,7,37.316,0.0,0.016,0.185,57.424,1301.1,0.6216,37.316,0.05,5.0,0,0,,,,,,,41.323,0.289,56.271,0.499,1.316,0.445,0.0,0.0,0.058,100.36
1766339198.954768,15.058,7,7,37.321,0.0,0.017,0.186,57.416,1300.8,0.6213,37.321,0.05,5.0,0,0,,,,,,,7.332,0.427,59.118,0.532,1.342,0.451,0.0,0.0,0.056,69.419
1766339199.01656,15.417,7,7,37.306,0.0,0.017,0.185,57.397,1299.8,0.6209,37.306,0.05,5.0,0,0,,,,,,,2.738,0.458,56.036,0.511,1.329,0.453,0.0,0.0,0.065,61.751
1766339199.080916,14.912,7,7,37.321,0.0,0.017,0.184,57.415,1300.5,0.6209,37.321,0.05,5.0,0,0,,,,,,,8.004,0.234,53.509,0.523,1.348,0.456,0.0,0.0,0.068,64.314
1766339199.14905,15.405,7,7,37.316,0.0,0.017,0.185,57.418,1300.5,0.6211,37.316,0.05,5.0,0,0,,,,,,,8.563,0.513,56.466,0.517,1.335,0.454,0.0,0.0,0.062,68.093
1766339199.214909,14.844,7,7,37.306,0.0,0.017,0.185,57.413,1300.7,0.6217,37.306,0.05,5.0,0,0,,,,,,,7.798,0.27,55.213,0.514,1.333,0.459,0.0,0.0,0.067,65.82
1766339199.276373,15.162,7,7,37.315,0.0,0.017,0.185,57.414,1300.8,0.6212,37.315,0.05,5.0,0,0,,,,,,,7.892,0.433,50.605,0.504,1.324,0.451,0.0,0.0,0.055,61.422
1766339199.342963,15.242,7,7,37.313,0.0,0.017,0.184,57.423,1300.6,0.6216,37.313,0.05,5.0,0,0,,,,,,,12.038,0.254,51.815,0.479,1.308,0.444,0.0,0.0,0.057,66.548
1766339199.407445,15.3,7,7,37.321,0.0,0.016,0.185,57.421,1300.4,0.6211,37.321,0.05,5.0,0,0,,,,,,,10.809,0.521,50.601,0.504,1.325,0.459,0.0,0.0,0.059,64.442
1766339199.476034,15.21,7,7,37.31,0.0,0.016,0.185,57.429,1300.7,0.6214,37.31,0.05,5.0,0,0,,,,,,,12.067,0.259,53.703,0.517,1.328,0.453,0.0,0.0,0.055,68.544
1766339199.541632,15.167,7,7,37.321,0.0,0.016,0.185,57.422,1300.8,0.6212,37.321,0.05,5.0,0,0,,,,,,,9.414,0.676,52.943,0.515,1.34,0.45,0.0,0.0,0.057,65.556
1766339199.606191,15.15,7,7,37.307,0.0,0.017,0.184,57.427,1300.7,0.6214,37.307,0.05,5.0,0,0,,,,,,,9.822,0.213,51.877,0.551,1.359,0.459,0.0,0.0,0.067,64.518
1766339199.669317,14.804,7,7,37.32,0.0,0.016,0.184,57.428,1300.8,0.6212,37.32,0.05,5.0,0,0,,,,,,,12.806,0.421,47.27,0.53,1.352,0.475,0.0,0.0,0.065,63.08
1766339199.737673,15.088,7,7,37.307,0.0,0.017,0.186,57.399,1300.3,0.6207,37.307,0.05,5.0,0,0,,,,,,,15.964,0.271,49.519,0.507,1.358,0.46,0.0,0.0,0.071,68.316
1766339199.803663,15.137,7,7,37.318,0.0,0.016,0.184,57.415,1300.5,0.6217,37.318,0.05,5.0,0,0,,,,,,,13.667,0.207,49.528,0.501,1.357,0.459,0.0,0.0,0.067,65.946
1766339199.869299,15.046,7,7,37.324,0.0,0.016,0.185,57.428,1300.1,0.6209,37.324,0.05,5.0,0,0,,,,,,,14.144,0.296,48.611,0.528,1.334,0.451,0.0,0.0,0.068,65.596
1766339199.968031,10.252,7,7,37.313,0.0,0.016,0.187,57.405,1300.9,0.6208,37.313,0.05,5.0,0,0,,,,,,,46.049,0.243,49.771,0.548,1.404,0.451,0.0,0.0,0.056,98.691
1766339200.032219,15.27,7,7,37.314,0.0,0.017,0.186,57.387,1300.2,0.621,37.314,0.05,5.0,0,0,,,,,,,12.804,0.256,48.497,0.527,1.365,0.474,0.0,0.0,0.062,64.147
1766339200.124777,15.133,7,7,37.321,0.0,0.016,0.184,57.414,1300.7,0.6209,37.321,0.05,5.0,0,0,,,,,,,14.695,0.279,74.7,0.523,1.521,0.485,0.0,0.0,0.142,92.515
1766339200.204952,9.891,7,7,37.32,0.0,0.017,0.185,57.419,1300.4,0.621,37.32,0.05,5.0,0,0,,,,,,,23.181,0.457,53.875,0.534,1.348,0.455,0.0,0.0,0.06,80.074
1766339200.266112,15.437,7,7,37.33,0.0,0.017,0.185,57.413,1300.7,0.621,37.33,0.05,5.0,0,0,,,,,,,7.844,0.591,50.159,0.5,1.348,0.449,0.0,0.0,0.063,61.116
1766339200.335561,14.115,7,7,37.313,0.0,0.016,0.183,57.422,1300.8,0.6213,37.313,0.05,5.0,0,0,,,,,,,17.533,0.5,48.81,0.533,1.341,0.452,0.0,0.0,0.068,69.405
1766339200.397946,16.208,7,7,37.32,0.0,0.016,0.185,57.431,1300.8,0.6208,37.32,0.05,5.0,0,0,,,,,,,9.768,0.286,49.76,0.508,1.336,0.449,0.0,0.0,0.062,62.329
1766339200.462411,15.332,7,7,37.312,0.0,0.016,0.185,57.431,1300.1,0.6209,37.312,0.05,5.0,0,0,,,,,,,12.621,0.219,48.887,0.512,1.472,0.478,0.0,0.0,0.067,64.424
1766339200.525938,15.255,7,7,37.331,0.0,0.017,0.186,57.426,1300.1,0.6211,37.331,0.05,5.0,0,0,,,,,,,13.695,0.257,47.009,0.508,1.329,0.455,0.0,0.0,0.061,63.472
1766339200.591819,15.096,7,7,37.315,0.0,0.016,0.186,57.409,1301.2,0.6211,37.315,0.05,5.0,0,0,,,,,,,16.428,0.319,46.596,0.505,1.325,0.45,0.0,0.0,0.059,65.841
1766339200.657686,15.133,7,7,37.324,0.0,0.017,0.184,57.415,1300.7,0.621,37.324,0.05,5.0,0,0,,,,,,,16.625,0.37,46.364,0.482,1.321,0.443,0.0,0.0,0.066,65.826
1766339200.725015,15.087,7,7,37.32,0.0,0.016,0.186,57.408,1300.9,0.6208,37.32,0.05,5.0,0,0,,,,,,,17.04,0.25,47.416,0.512,1.357,0.48,0.0,0.0,0.064,67.288
1766339200.790965,15.3,7,7,37.308,0.0,0.016,0.186,57.404,1301.1,0.6217,37.308,0.05,5.0,0,0,,,,,,,15.067,0.286,47.944,0.498,1.405,0.456,0.0,0.0,0.08,65.905
1766339200.856672,14.926,7,7,37.32,0.0,0.017,0.186,57.423,1300.3,0.6213,37.32,0.05,5.0,0,0,,,,,,,16.112,0.275,46.774,0.51,1.319,0.449,0.0,0.0,0.064,65.663
1766339200.922675,15.201,7,7,37.3,0.0,0.017,0.186,57.404,1300.9,0.6216,37.3,0.05,5.0,0,0,,,,,,,16.192,0.252,46.954,0.501,1.365,0.463,0.0,0.0,0.074,65.962
1766339200.988706,15.223,7,7,37.306,0.0,0.016,0.186,57.399,1300.3,0.6215,37.306,0.05,5.0,0,0,,,,,,,15.877,0.426,47.137,0.504,1.361,0.457,0.0,0.0,0.066,65.988
1766339201.055438,15.191,7,7,37.321,0.0,0.016,0.184,57.421,1301.0,0.6215,37.321,0.05,5.0,0,0,,,,,,,15.676,0.219,48.293,0.5,1.331,0.457,0.0,0.0,0.058,66.688
1766339201.121084,15.223,7,7,37.298,0.0,0.016,0.186,57.403,1300.5,0.6215,37.298,0.05,5.0,0,0,,,,,,,14.637,0.415,48.052,0.506,1.33,0.448,0.0,0.0,0.062,65.605
1766339201.187351,14.87,7,7,37.308,0.0,0.016,0.185,57.405,1301.1,0.6216,37.308,0.05,5.0,0,0,,,,,,,16.24,0.267,47.224,0.473,1.343,0.465,0.0,0.0,0.061,66.228
1766339201.253154,15.168,7,7,37.31,0.0,0.016,0.185,57.408,1300.6,0.6215,37.31,0.05,5.0,0,0,,,,,,,15.902,0.413,46.917,0.512,1.332,0.462,0.0,0.0,0.066,65.765
1766339201.320156,15.221,7,7,37.315,0.0,0.016,0.185,57.42,1300.6,0.6214,37.315,0.05,5.0,0,0,,,,,,,15.791,0.266,48.365,0.504,1.341,0.453,0.0,0.0,0.065,66.96
1766339201.384183,15.077,7,7,37.321,0.0,0.017,0.186,57.43,1300.9,0.6218,37.321,0.05,5.0,0,0,,,,,,,15.119,0.315,45.955,0.526,1.393,0.45,0.0,0.0,0.065,63.986
1766339201.454685,15.21,7,7,37.317,0.0,0.016,0.185,57.42,1300.1,0.6208,37.317,0.05,5.0,0,0,,,,,,,16.838,0.24,50.913,0.485,1.317,0.444,0.0,0.0,0.065,70.46
1766339201.553397,10.185,7,7,37.311,0.0,0.017,0.185,57.405,1300.2,0.621,37.311,0.05,5.0,0,0,,,,,,,44.516,0.319,51.28,0.53,1.332,0.469,0.0,0.0,0.063,98.669
1766339201.650556,10.017,7,7,37.313,0.0,0.017,0.186,57.397,1300.5,0.6211,37.313,0.05,5.0,0,0,,,,,,,45.639,0.367,48.535,0.5,1.374,0.481,0.0,0.0,0.062,97.119
1766339201.71591,15.244,7,7,37.313,0.0,0.016,0.185,57.408,1301.3,0.6207,37.313,0.05,5.0,0,0,,,,,,,14.079,0.315,48.354,0.503,1.379,0.449,0.0,0.0,0.072,65.313
1766339201.782774,15.073,7,7,37.311,0.0,0.016,0.183,57.428,1300.7,0.6211,37.311,0.05,5.0,0,0,,,,,,,15.07,0.249,48.95,0.489,1.393,0.452,0.0,0.0,0.062,66.822
1766339201.84704,15.337,7,7,37.315,0.0,0.016,0.184,57.436,1300.8,0.621,37.315,0.05,5.0,0,0,,,,,,,13.409,0.26,47.992,0.523,1.331,0.455,0.0,0.0,0.064,64.213
1766339201.918203,15.056,7,7,37.306,0.0,0.016,0.185,57.435,1300.1,0.621,37.306,0.05,5.0,0,0,,,,,,,15.556,0.555,52.451,0.529,1.334,0.468,0.0,0.0,0.061,71.119
1766339201.983085,14.996,7,7,37.317,0.0,0.016,0.185,57.432,1301.0,0.6212,37.317,0.05,5.0,0,0,,,,,,,11.08,0.339,50.499,0.514,1.67,0.49,0.0,0.0,0.068,64.841
1766339202.050815,15.129,7,7,37.313,0.0,0.017,0.185,57.434,1301.0,0.6216,37.313,0.05,5.0,0,0,,,,,,,12.298,0.299,52.563,0.503,1.351,0.449,0.0,0.0,0.065,67.689
1766339202.113129,15.281,7,7,37.317,0.0,0.017,0.185,57.428,1300.5,0.6213,37.317,0.05,5.0,0,0,,,,,,,10.007,0.452,49.248,0.54,1.335,0.453,0.0,0.0,0.068,62.272
1766339202.180519,15.147,7,7,37.31,0.0,0.017,0.185,57.423,1300.7,0.6217,37.31,0.05,5.0,0,0,,,,,,,13.713,0.401,50.493,0.535,1.47,0.512,0.0,0.0,0.063,67.347
1766339202.246088,15.055,7,7,37.326,0.0,0.016,0.185,57.433,1300.9,0.621,37.326,0.05,5.0,0,0,,,,,,,12.746,0.266,49.844,0.494,1.465,0.478,0.0,0.0,0.074,65.528
1766339202.311693,15.082,7,7,37.316,0.0,0.016,0.185,57.43,1300.8,0.6213,37.316,0.05,5.0,0,0,,,,,,,13.433,0.442,48.911,0.506,1.322,0.677,0.0,0.0,0.062,65.514
1766339202.375909,15.141,7,7,37.305,0.0,0.016,0.185,57.433,1300.4,0.6212,37.305,0.05,5.0,0,0,,,,,,,13.922,0.201,47.506,0.496,1.335,0.491,0.0,0.0,0.063,64.172
1766339202.443642,15.351,7,7,37.323,0.0,0.016,0.185,57.433,1300.9,0.6211,37.323,0.05,5.0,0,0,,,,,,,14.837,0.265,50.039,0.5,1.353,0.455,0.0,0.0,0.064,67.677
1766339202.5068,15.199,6,6,37.926,0.0,0.019,0.219,56.946,1362.7,0.6451,37.926,0.05,5.0,0,0,,,,,,,12.91,0.361,47.503,0.441,1.199,0.419,0.0,0.0,0.064,63.113
1766339202.576101,15.086,7,7,37.325,0.0,0.017,0.185,57.027,1300.8,0.6208,37.325,0.05,5.0,0,0,,,,,,,16.041,0.248,50.369,0.517,1.345,0.454,0.0,0.0,0.064,69.259
1766339202.642072,15.105,7,7,37.309,0.0,0.016,0.183,57.101,1301.2,0.6217,37.309,0.05,5.0,0,0,,,,,,,12.942,0.429,49.97,0.533,1.343,0.463,0.0,0.0,0.066,65.927
1766339202.70821,15.003,7,7,37.313,0.0,0.016,0.185,57.17,1301.0,0.6213,37.313,0.05,5.0,0,0,,,,,,,13.629,0.316,49.62,0.511,1.335,0.464,0.0,0.0,0.06,66.098
1766339202.775094,15.328,7,7,37.308,0.0,0.016,0.185,57.212,1301.1,0.6211,37.308,0.05,5.0,0,0,,,,,,,12.732,0.435,51.086,0.529,1.337,0.485,0.0,0.0,0.067,66.844
1766339202.840383,15.158,7,7,37.328,0.0,0.016,0.183,57.277,1301.2,0.6211,37.328,0.05,5.0,0,0,,,,,,,11.818,0.281,50.569,0.532,1.332,0.448,0.0,0.0,0.077,65.246
1766339202.90742,15.163,7,7,37.31,0.0,0.016,0.184,57.311,1300.3,0.621,37.31,0.05,5.0,0,0,,,,,,,12.472,0.445,51.523,0.521,1.334,0.47,0.0,0.0,0.062,66.988
1766339202.97192,15.183,7,7,37.306,0.0,0.016,0.184,57.335,1301.4,0.6214,37.306,0.05,5.0,0,0,,,,,,,11.306,0.373,50.203,0.508,1.368,0.48,0.0,0.0,0.06,64.459
1766339203.038962,15.238,7,7,37.313,0.0,0.017,0.184,57.337,1300.6,0.6209,37.313,0.05,5.0,0,0,,,,,,,12.431,0.24,51.712,0.532,1.405,0.457,0.0,0.0,0.06,67.002
1766339203.106373,14.938,7,7,37.306,0.0,0.017,0.184,57.345,1300.8,0.6215,37.306,0.05,5.0,0,0,,,,,,,12.331,0.303,52.127,0.551,1.374,0.461,0.0,0.0,0.064,67.37
1766339203.171764,15.4,7,7,37.318,0.0,0.017,0.185,57.356,1300.8,0.6212,37.318,0.05,5.0,0,0,,,,,,,9.855,0.449,52.527,0.512,1.338,0.447,0.0,0.0,0.065,65.35
1766339203.236796,15.05,7,7,37.323,0.0,0.016,0.185,57.365,1300.0,0.6208,37.323,0.05,5.0,0,0,,,,,,,10.909,0.284,51.295,0.494,1.345,0.444,0.0,0.0,0.06,64.99
1766339203.3057,15.022,7,7,37.311,0.0,0.016,0.185,57.376,1301.3,0.6212,37.311,0.05,5.0,0,0,,,,,,,12.445,0.478,53.309,0.527,1.421,0.461,0.0,0.0,0.058,68.863
1766339203.3703,15.045,7,7,37.317,0.0,0.016,0.185,57.381,1301.0,0.6211,37.317,0.05,5.0,0,0,,,,,,,10.008,0.387,51.622,0.53,1.336,0.448,0.0,0.0,0.061,64.56
1766339203.433717,15.261,7,7,37.316,0.0,0.016,0.185,57.403,1300.6,0.6211,37.316,0.05,5.0,0,0,,,,,,,10.934,0.265,49.068,0.913,1.486,0.477,0.0,0.0,0.063,63.375
1766339203.502398,15.124,7,7,37.331,0.0,0.016,0.184,57.423,1301.2,0.6208,37.331,0.05,5.0,0,0,,,,,,,13.635,0.42,52.042,0.5,1.339,0.48,0.0,0.0,0.061,68.638
1766339203.565686,15.279,7,7,37.326,0.0,0.016,0.185,57.439,1300.5,0.6213,37.326,0.05,5.0,0,0,,,,,,,10.406,0.292,49.737,0.713,1.418,0.456,0.0,0.0,0.063,63.246
1766339203.634185,15.009,7,7,37.309,0.0,0.017,0.184,57.413,1300.6,0.6207,37.309,0.05,5.0,0,0,,,,,,,13.745,0.531,51.631,0.527,1.346,0.46,0.0,0.0,0.058,68.459
1766339203.697845,15.306,7,7,37.329,0.0,0.016,0.185,57.424,1300.2,0.6207,37.329,0.05,5.0,0,0,,,,,,,10.58,0.244,50.257,0.504,1.349,0.457,0.0,0.0,0.065,63.619
1766339203.767488,14.966,7,7,37.331,0.0,0.016,0.185,57.403,1301.0,0.6206,37.331,0.05,5.0,0,0,,,,,,,13.735,0.21,53.111,0.522,1.335,0.465,0.0,0.0,0.064,69.6
1766339203.831653,15.049,7,7,37.313,0.0,0.017,0.185,57.394,1300.2,0.6211,37.313,0.05,5.0,0,0,,,,,,,10.544,0.269,50.779,0.502,1.351,0.453,0.0,0.0,0.061,64.124
1766339203.899309,15.015,7,7,37.313,0.0,0.016,0.184,57.398,1300.1,0.6209,37.313,0.05,5.0,0,0,,,,,,,12.981,0.428,51.681,0.497,1.33,0.469,0.0,0.0,0.067,67.616
1766339203.963753,15.298,7,7,37.316,0.0,0.016,0.184,57.416,1300.2,0.6213,37.316,0.05,5.0,0,0,,,,,,,10.695,0.24,50.691,0.749,1.36,0.45,0.0,0.0,0.061,64.403
1766339204.030606,14.961,7,7,37.319,0.0,0.017,0.184,57.423,1300.9,0.6213,37.319,0.05,5.0,0,0,,,,,,,13.092,0.239,50.862,0.575,1.363,0.453,0.0,0.0,0.066,66.814
1766339204.094241,15.293,7,7,37.325,0.0,0.016,0.185,57.425,1301.6,0.6214,37.325,0.05,5.0,0,0,,,,,,,11.627,0.249,49.196,0.514,1.324,0.465,0.0,0.0,0.061,63.595
1766339204.192153,10.192,7,7,37.309,0.0,0.016,0.186,57.407,1300.9,0.6208,37.309,0.05,5.0,0,0,,,,,,,46.098,0.408,48.69,0.502,1.458,0.471,0.0,0.0,0.06,97.865
1766339204.258532,15.104,7,7,37.316,0.0,0.016,0.185,57.418,1300.9,0.621,37.316,0.05,5.0,0,0,,,,,,,14.402,0.321,49.08,0.504,1.332,0.473,0.0,0.0,0.063,66.341
1766339204.324586,15.169,7,7,37.33,0.0,0.016,0.185,57.421,1301.0,0.6208,37.33,0.05,5.0,0,0,,,,,,,13.943,0.391,49.161,0.503,1.331,0.455,0.0,0.0,0.069,66.013
1766339204.389807,15.118,7,7,37.323,0.0,0.017,0.185,57.403,1300.9,0.6211,37.323,0.05,5.0,0,0,,,,,,,14.034,0.441,48.151,0.502,1.354,0.46,0.0,0.0,0.072,65.178
1766339204.456813,15.132,7,7,37.327,0.0,0.016,0.185,57.404,1300.5,0.6212,37.327,0.05,5.0,0,0,,,,,,,14.899,0.31,49.234,0.491,1.355,0.442,0.0,0.0,0.061,66.963
1766339204.52615,15.458,7,7,37.334,0.0,0.016,0.186,57.411,1301.2,0.621,37.334,0.05,5.0,0,0,,,,,,,12.573,0.276,53.707,0.517,1.495,0.489,0.0,0.0,0.063,69.283
1766339204.588939,14.844,7,7,37.306,0.0,0.016,0.184,57.432,1300.7,0.6212,37.306,0.05,5.0,0,0,,,,,,,10.614,0.319,49.319,0.49,1.331,0.45,0.0,0.0,0.065,62.748
1766339204.654548,15.269,7,7,37.313,0.0,0.016,0.185,57.429,1300.9,0.6208,37.313,0.05,5.0,0,0,,,,,,,13.32,0.386,49.387,0.478,1.316,0.465,0.0,0.0,0.06,65.569
1766339204.718612,15.401,7,7,37.338,0.0,0.016,0.187,57.437,1300.7,0.6209,37.338,0.05,5.0,0,0,,,,,,,12.64,0.287,48.618,0.48,1.333,0.447,0.0,0.0,0.06,64.023
1766339204.788353,14.984,7,7,37.317,0.0,0.017,0.184,57.433,1301.2,0.6208,37.317,0.05,5.0,0,0,,,,,,,15.316,0.266,51.519,0.53,1.367,0.469,0.0,0.0,0.068,69.701
1766339204.85504,15.008,7,7,37.309,0.0,0.016,0.185,57.442,1300.9,0.6214,37.309,0.05,5.0,0,0,,,,,,,12.204,0.26,51.652,0.517,1.331,0.459,0.0,0.0,0.063,66.647
1766339204.920076,15.14,7,7,37.321,0.0,0.016,0.185,57.438,1301.3,0.6206,37.321,0.05,5.0,0,0,,,,,,,11.559,0.282,50.591,0.51,1.347,0.454,0.0,0.0,0.069,64.989
1766339204.984618,15.263,7,7,37.315,0.0,0.016,0.185,57.442,1300.4,0.6213,37.315,0.05,5.0,0,0,,,,,,,12.05,0.254,49.661,0.498,1.356,0.454,0.0,0.0,0.068,64.503
1766339205.084144,14.535,7,7,37.304,0.0,0.016,0.186,57.435,1300.6,0.6209,37.304,0.05,5.0,0,0,,,,,,,16.304,10.092,70.544,0.511,1.341,0.454,0.0,0.0,0.057,99.486
1766339205.147745,10.434,7,7,37.315,0.0,0.017,0.185,57.419,1300.2,0.6214,37.315,0.05,5.0,0,0,,,,,,,12.616,0.297,48.148,0.48,1.344,0.449,0.0,0.0,0.065,63.561
1766339205.216103,14.946,7,7,37.317,0.0,0.016,0.185,57.418,1300.9,0.6212,37.317,0.05,5.0,0,0,,,,,,,15.919,0.288,49.513,0.524,1.355,0.46,0.0,0.0,0.075,68.312
1766339205.314121,10.069,7,7,37.335,0.0,0.016,0.185,57.433,1300.9,0.6211,37.335,0.05,5.0,0,0,,,,,,,46.876,0.245,48.304,0.508,1.344,0.453,0.0,0.0,0.066,97.978
1766339205.380482,15.349,7,7,37.316,0.0,0.016,0.186,57.416,1300.8,0.6209,37.316,0.05,5.0,0,0,,,,,,,14.008,0.267,49.522,0.504,1.326,0.466,0.0,0.0,0.067,66.319
1766339205.444802,15.069,7,7,37.302,0.0,0.017,0.184,57.417,1300.6,0.6215,37.302,0.05,5.0,0,0,,,,,,,14.008,0.296,47.33,0.509,1.373,0.543,0.0,0.0,0.064,64.28
1766339205.513908,15.068,7,7,37.314,0.0,0.016,0.185,57.413,1300.3,0.621,37.314,0.05,5.0,0,0,,,,,,,16.056,0.319,50.186,0.489,1.339,0.454,0.0,0.0,0.064,69.067
1766339205.579707,14.999,7,7,37.334,0.0,0.016,0.186,57.408,1300.2,0.6206,37.334,0.05,5.0,0,0,,,,,,,13.619,0.465,48.926,0.528,1.516,0.472,0.0,0.0,0.069,65.759
1766339205.644174,15.311,7,7,37.312,0.0,0.017,0.184,57.409,1300.6,0.6211,37.312,0.05,5.0,0,0,,,,,,,13.126,0.379,48.38,0.492,1.34,0.455,0.0,0.0,0.069,64.422
1766339205.709057,15.253,7,7,37.334,0.0,0.016,0.186,57.421,1300.7,0.6212,37.334,0.05,5.0,0,0,,,,,,,14.223,0.28,47.804,0.506,1.336,0.453,0.0,0.0,0.068,64.842
1766339205.776771,15.41,7,7,37.303,0.0,0.017,0.184,57.409,1301.2,0.6212,37.303,0.05,5.0,0,0,,,,,,,14.235,0.348,50.554,0.502,1.352,0.45,0.0,0.0,0.07,67.673
1766339205.842535,14.995,7,7,37.319,0.0,0.016,0.184,57.379,1300.8,0.6209,37.319,0.05,5.0,0,0,,,,,,,13.212,0.302,49.695,0.5,1.342,0.452,0.0,0.0,0.066,65.725
1766339205.90881,15.124,7,7,37.311,0.0,0.016,0.186,57.381,1300.3,0.621,37.311,0.05,5.0,0,0,,,,,,,13.566,0.389,49.734,0.502,1.368,0.452,0.0,0.0,0.065,66.234
1766339205.974294,15.138,7,7,37.319,0.0,0.016,0.185,57.389,1301.0,0.6212,37.319,0.05,5.0,0,0,,,,,,,13.348,0.252,49.327,0.505,1.324,0.469,0.0,0.0,0.06,65.44
1766339206.041402,15.067,7,7,37.33,0.0,0.016,0.186,57.395,1300.9,0.6212,37.33,0.05,5.0,0,0,,,,,,,14.24,0.238,49.999,0.544,1.366,0.461,0.0,0.0,0.062,67.069
1766339206.110274,14.893,7,7,37.32,0.0,0.016,0.185,57.409,1301.0,0.6215,37.32,0.05,5.0,0,0,,,,,,,14.274,0.246,51.802,0.502,1.335,0.449,0.0,0.0,0.064,68.83
1766339206.172857,15.404,7,7,37.331,0.0,0.016,0.186,57.407,1300.7,0.6213,37.331,0.05,5.0,0,0,,,,,,,10.324,0.411,49.303,0.491,1.343,0.454,0.0,0.0,0.062,62.543
1766339206.238228,15.076,7,7,37.324,0.0,0.016,0.184,57.414,1300.8,0.6209,37.324,0.05,5.0,0,0,,,,,,,14.067,0.262,48.515,0.481,1.332,0.464,0.0,0.0,0.052,65.329
1766339206.306192,15.133,7,7,37.319,0.0,0.016,0.185,57.433,1300.4,0.6212,37.319,0.05,5.0,0,0,,,,,,,14.779,0.367,50.248,0.509,1.332,0.469,0.0,0.0,0.063,67.925
1766339206.373617,15.007,7,7,37.328,0.0,0.016,0.186,57.429,1300.6,0.621,37.328,0.05,5.0,0,0,,,,,,,13.401,0.366,51.063,0.493,1.341,0.453,0.0,0.0,0.06,67.335
1766339206.438239,15.171,6,6,37.937,0.0,0.019,0.218,56.953,1363.5,0.6463,37.937,0.05,5.0,0,0,,,,,,,11.938,0.454,49.795,0.483,1.181,0.427,0.0,0.0,0.068,64.581
1766339206.503462,15.414,7,7,37.309,0.0,0.016,0.187,57.022,1300.7,0.6212,37.309,0.05,5.0,0,0,,,,,,,12.189,0.276,50.147,0.492,1.344,0.465,0.0,0.0,0.06,65.181
1766339206.569934,14.93,7,7,37.308,0.0,0.017,0.184,57.105,1300.8,0.6216,37.308,0.05,5.0,0,0,,,,,,,13.943,0.267,49.685,0.492,1.374,0.447,0.0,0.0,0.063,66.428
1766339206.6353,15.338,7,7,37.306,0.0,0.016,0.184,57.178,1299.9,0.6213,37.306,0.05,5.0,0,0,,,,,,,12.673,0.315,49.799,0.523,1.332,0.453,0.0,0.0,0.066,65.326
1766339206.701548,15.099,7,7,37.312,0.0,0.016,0.186,57.223,1300.3,0.6209,37.312,0.05,5.0,0,0,,,,,,,13.534,0.24,49.936,0.484,1.337,0.456,0.0,0.0,0.06,66.206
1766339206.765217,15.181,7,7,37.309,0.0,0.016,0.185,57.261,1300.9,0.6212,37.309,0.05,5.0,0,0,,,,,,,13.16,0.379,47.563,0.512,1.327,0.467,0.0,0.0,0.064,63.63
1766339206.832467,15.004,7,7,37.313,0.0,0.016,0.184,57.307,1301.2,0.6213,37.313,0.05,5.0,0,0,,,,,,,16.137,0.247,48.311,0.497,1.326,0.466,0.0,0.0,0.071,67.211
1766339206.9301,10.335,7,7,37.319,0.0,0.016,0.185,57.327,1301.2,0.6212,37.319,0.05,5.0,0,0,,,,,,,45.644,0.222,49.198,0.51,1.334,0.451,0.0,0.0,0.064,97.594
1766339206.996018,15.051,7,7,37.333,0.0,0.016,0.187,57.343,1301.2,0.6214,37.333,0.05,5.0,0,0,,,,,,,14.448,0.446,48.332,0.504,1.457,0.457,0.0,0.0,0.065,65.877
1766339207.063542,14.926,7,7,37.321,0.0,0.016,0.186,57.352,1300.7,0.6209,37.321,0.05,5.0,0,0,,,,,,,15.527,0.281,49.188,0.485,1.311,0.473,0.0,0.0,0.06,67.485
1766339207.130606,15.062,7,7,37.325,0.0,0.016,0.184,57.385,1301.1,0.6214,37.325,0.05,5.0,0,0,,,,,,,14.391,0.284,49.738,0.581,1.345,0.469,0.0,0.0,0.059,67.021
1766339207.22827,10.115,7,7,37.308,0.0,0.016,0.186,57.398,1300.9,0.6214,37.308,0.05,5.0,0,0,,,,,,,46.196,0.515,48.301,0.495,1.323,0.568,0.0,0.0,0.061,97.624
1766339207.291843,15.519,6,6,37.931,0.0,0.019,0.22,56.922,1362.2,0.6451,37.931,0.05,5.0,0,0,,,,,,,12.964,0.297,47.914,0.446,1.195,0.429,0.0,0.0,0.066,63.528
1766339207.358779,15.193,7,7,37.324,0.0,0.016,0.185,57.008,1300.8,0.6208,37.324,0.05,5.0,0,0,,,,,,,15.212,0.383,48.728,0.486,1.35,0.452,0.0,0.0,0.07,66.894
1766339207.426749,14.924,7,7,37.319,0.0,0.016,0.184,57.094,1300.2,0.6211,37.319,0.05,5.0,0,0,,,,,,,15.282,0.245,49.888,0.495,1.347,0.451,0.0,0.0,0.063,67.927
1766339207.492086,15.186,7,7,37.325,0.0,0.016,0.184,57.169,1300.5,0.6209,37.325,0.05,5.0,0,0,,,,,,,13.162,0.327,49.27,0.505,1.331,0.45,0.0,0.0,0.07,65.294
1766339207.556823,15.057,6,6,37.939,0.0,0.019,0.217,56.838,1362.7,0.6452,37.939,0.05,5.0,0,0,,,,,,,14.241,0.231,47.827,0.459,1.203,0.462,0.0,0.0,0.061,64.698
1766339207.626171,14.946,7,7,37.333,0.0,0.016,0.186,56.922,1301.5,0.6207,37.333,0.05,5.0,0,0,,,,,,,16.406,0.297,50.013,0.509,1.339,0.449,0.0,0.0,0.064,69.305
1766339207.691293,15.198,7,7,37.316,0.0,0.016,0.185,57.036,1301.0,0.6214,37.316,0.05,5.0,0,0,,,,,,,12.858,0.393,49.312,0.499,1.335,0.449,0.0,0.0,0.079,65.082
1766339207.757849,15.135,7,7,37.307,0.0,0.016,0.185,57.105,1300.2,0.6212,37.307,0.05,5.0,0,0,,,,,,,13.806,0.243,49.939,0.5,1.361,0.456,0.0,0.0,0.054,66.516
1766339207.822834,15.211,7,7,37.304,0.0,0.016,0.185,57.173,1300.5,0.621,37.304,0.05,5.0,0,0,,,,,,,12.99,0.432,49.002,0.499,1.339,0.453,0.0,0.0,0.059,64.945
1766339207.887489,15.229,7,7,37.321,0.0,0.016,0.184,57.221,1300.8,0.6211,37.321,0.05,5.0,0,0,,,,,,,13.668,0.482,47.924,0.509,1.338,0.471,0.0,0.0,0.057,64.614
1766339207.955006,15.257,7,7,37.303,0.0,0.016,0.185,57.245,1300.2,0.6208,37.303,0.05,5.0,0,0,,,,,,,14.556,0.379,50.017,0.512,1.337,0.456,0.0,0.0,0.059,67.477
1766339208.020801,15.035,7,7,37.336,0.0,0.016,0.185,57.279,1300.8,0.6207,37.336,0.05,5.0,0,0,,,,,,,13.55,0.235,49.489,0.502,1.327,0.445,0.0,0.0,0.054,65.754
1766339208.087382,15.219,7,7,37.309,0.0,0.017,0.185,57.296,1300.7,0.6214,37.309,0.05,5.0,0,0,,,,,,,13.463,0.328,50.244,0.489,1.339,0.462,0.0,0.0,0.054,66.542
1766339208.15274,15.24,7,7,37.312,0.0,0.017,0.184,57.309,1300.2,0.6208,37.312,0.05,5.0,0,0,,,,,,,12.499,0.432,49.899,0.475,1.352,0.453,0.0,0.0,0.053,65.318
1766339208.217832,15.059,7,7,37.311,0.0,0.016,0.184,57.34,1301.0,0.6213,37.311,0.05,5.0,0,0,,,,,,,13.549,0.432,48.596,0.483,1.331,0.448,0.0,0.0,0.058,65.053
1766339208.281425,15.197,7,7,37.324,0.0,0.016,0.186,57.349,1300.4,0.6212,37.324,0.05,5.0,0,0,,,,,,,14.262,0.252,46.509,0.516,1.329,0.47,0.0,0.0,0.059,63.555
1766339208.350103,15.197,7,7,37.312,0.0,0.016,0.184,57.344,1300.9,0.621,37.312,0.05,5.0,0,0,,,,,,,16.47,0.25,49.441,0.497,1.326,0.446,0.0,0.0,0.052,68.637
1766339208.415379,15.06,7,7,37.31,0.0,0.016,0.184,57.365,1300.3,0.6212,37.31,0.05,5.0,0,0,,,,,,,14.193,0.244,48.309,0.493,1.326,0.457,0.0,0.0,0.06,65.238
1766339208.481379,15.256,7,7,37.318,0.0,0.016,0.185,57.361,1300.4,0.621,37.318,0.05,5.0,0,0,,,,,,,14.466,0.36,48.58,0.513,1.335,0.491,0.0,0.0,0.062,65.961
1766339208.547891,14.945,7,7,37.311,0.0,0.017,0.185,57.349,1300.6,0.6207,37.311,0.05,5.0,0,0,,,,,,,15.373,0.242,48.413,0.479,1.323,0.448,0.0,0.0,0.045,66.47
1766339208.615911,15.511,7,7,37.329,0.0,0.016,0.186,57.383,1300.7,0.6211,37.329,0.05,5.0,0,0,,,,,,,13.334,0.27,51.736,0.51,1.366,0.46,0.0,0.0,0.141,67.982
1766339208.682404,14.959,7,7,37.316,0.0,0.016,0.184,57.403,1301.0,0.6215,37.316,0.05,5.0,0,0,,,,,,,12.075,0.513,51.281,0.507,1.314,0.456,0.0,0.0,0.063,66.367
1766339208.747236,15.437,7,7,37.317,0.0,0.016,0.186,57.372,1300.6,0.6208,37.317,0.05,5.0,0,0,,,,,,,10.444,0.267,51.561,0.498,1.33,0.466,0.0,0.0,0.066,64.788
1766339208.814817,14.801,7,7,37.318,0.0,0.017,0.185,57.36,1300.6,0.6208,37.318,0.05,5.0,0,0,,,,,,,13.174,0.384,51.451,0.51,1.336,0.454,0.0,0.0,0.064,67.537
1766339208.883825,15.081,7,7,37.302,0.0,0.017,0.185,57.359,1300.4,0.6208,37.302,0.05,5.0,0,0,,,,,,,11.899,0.455,54.085,0.51,1.326,0.459,0.0,0.0,0.067,68.961
1766339208.949553,15.272,7,7,37.307,0.0,0.016,0.185,57.365,1300.6,0.621,37.307,0.05,5.0,0,0,,,,,,,8.375,0.274,54.522,0.492,1.331,0.467,0.0,0.0,0.068,65.684
1766339209.016301,15.044,7,7,37.321,0.0,0.016,0.185,57.366,1300.4,0.6209,37.321,0.05,5.0,0,0,,,,,,,9.118,0.381,54.703,0.496,1.328,0.459,0.0,0.0,0.061,66.703
1766339209.078798,15.118,7,7,37.311,0.0,0.016,0.184,57.371,1300.3,0.6211,37.311,0.05,5.0,0,0,,,,,,,8.522,0.276,51.021,0.473,1.466,0.475,0.0,0.0,0.061,62.455
1766339209.146828,15.438,7,7,37.309,0.0,0.016,0.185,57.382,1300.4,0.6214,37.309,0.05,5.0,0,0,,,,,,,10.797,0.235,54.412,0.531,1.337,0.457,0.0,0.0,0.061,67.986
1766339209.208982,15.258,7,7,37.308,0.0,0.016,0.184,57.389,1300.5,0.6212,37.308,0.05,5.0,0,0,,,,,,,8.304,0.386,50.877,0.518,1.346,0.456,0.0,0.0,0.064,62.111
1766339209.279915,14.862,7,7,37.32,0.0,0.016,0.185,57.408,1300.2,0.6208,37.32,0.05,5.0,0,0,,,,,,,13.435,0.412,54.395,0.606,1.368,0.45,0.0,0.0,0.064,70.888
1766339209.34532,15.181,7,7,37.32,0.0,0.016,0.184,57.383,1300.5,0.6207,37.32,0.05,5.0,0,0,,,,,,,8.352,0.261,54.095,0.499,1.445,0.468,0.0,0.0,0.06,65.34
1766339209.41078,15.271,7,7,37.342,0.0,0.016,0.185,57.405,1300.2,0.6205,37.342,0.05,5.0,0,0,,,,,,,8.452,0.419,54.018,0.51,1.332,0.459,0.0,0.0,0.067,65.418
1766339209.474915,15.037,7,7,37.316,0.0,0.016,0.185,57.421,1301.0,0.6214,37.316,0.05,5.0,0,0,,,,,,,9.493,0.238,51.777,0.526,1.372,0.465,0.0,0.0,0.053,64.089
1766339209.573643,10.062,7,7,37.327,0.0,0.016,0.186,57.422,1300.8,0.6207,37.327,0.05,5.0,0,0,,,,,,,44.731,0.3,51.112,0.5,1.343,0.456,0.0,0.0,0.059,98.671
1766339209.634033,15.469,6,6,37.92,0.0,0.02,0.219,56.924,1362.2,0.6455,37.92,0.05,5.0,0,0,,,,,,,10.666,0.283,47.072,0.448,1.175,0.423,0.0,0.0,0.062,60.347
1766339209.701881,15.102,7,7,37.319,0.0,0.016,0.185,57.009,1300.4,0.6209,37.319,0.05,5.0,0,0,,,,,,,16.492,0.233,48.463,0.514,1.364,0.453,0.0,0.0,0.062,67.806
1766339209.767637,15.136,7,7,37.293,0.0,0.016,0.185,57.075,1300.6,0.6209,37.293,0.05,5.0,0,0,,,,,,,14.709,0.45,48.002,0.514,1.354,0.448,0.0,0.0,0.071,65.709
1766339209.834985,15.161,7,7,37.319,0.0,0.016,0.185,57.123,1300.5,0.6205,37.319,0.05,5.0,0,0,,,,,,,14.913,0.26,49.58,0.512,1.356,0.458,0.0,0.0,0.062,67.303
1766339209.900324,15.103,7,7,37.31,0.0,0.016,0.186,57.163,1300.3,0.6208,37.31,0.05,5.0,0,0,,,,,,,13.775,0.25,48.726,0.496,1.343,0.474,0.0,0.0,0.068,65.292
1766339209.966122,15.1,7,7,37.314,0.0,0.016,0.185,57.224,1300.5,0.6213,37.314,0.05,5.0,0,0,,,,,,,14.667,0.287,48.255,0.514,1.344,0.453,0.0,0.0,0.065,65.754
1766339210.031145,15.325,7,7,37.312,0.0,0.016,0.185,57.264,1300.7,0.6212,37.312,0.05,5.0,0,0,,,,,,,14.121,0.434,47.885,0.51,1.344,0.451,0.0,0.0,0.065,64.98
1766339210.096251,15.033,7,7,37.325,0.0,0.016,0.186,57.276,1301.5,0.6208,37.325,0.05,5.0,0,0,,,,,,,15.618,0.258,46.546,0.504,1.444,0.476,0.0,0.0,0.059,65.063
1766339210.163564,15.173,7,7,37.305,0.0,0.016,0.185,57.303,1299.7,0.621,37.305,0.05,5.0,0,0,,,,,,,16.421,0.243,48.125,0.481,1.324,0.464,0.0,0.0,0.06,67.272
1766339210.231236,15.149,7,7,37.308,0.0,0.016,0.184,57.314,1300.4,0.621,37.308,0.05,5.0,0,0,,,,,,,15.119,0.311,49.705,0.497,1.328,0.445,0.0,0.0,0.063,67.629
1766339210.296669,15.043,7,7,37.3,0.0,0.016,0.185,57.334,1299.5,0.6212,37.3,0.05,5.0,0,0,,,,,,,13.923,0.198,48.761,0.492,1.345,0.45,0.0,0.0,0.066,65.39
1766339210.361963,15.097,7,7,37.306,0.0,0.016,0.184,57.338,1300.1,0.621,37.306,0.05,5.0,0,0,,,,,,,14.729,0.255,47.681,0.475,1.426,0.475,0.0,0.0,0.053,65.251
1766339210.426318,15.47,7,7,37.324,0.0,0.016,0.186,57.336,1300.6,0.6209,37.324,0.05,5.0,0,0,,,,,,,14.028,0.26,47.457,0.504,1.331,0.466,0.0,0.0,0.062,64.266
1766339210.494113,15.056,7,7,37.333,0.0,0.017,0.186,57.354,1300.4,0.6212,37.333,0.05,5.0,0,0,,,,,,,16.136,0.246,48.853,0.498,1.331,0.449,0.0,0.0,0.062,67.75
1766339210.561671,14.874,7,7,37.309,0.0,0.016,0.185,57.354,1300.4,0.6207,37.309,0.05,5.0,0,0,,,,,,,15.576,0.237,49.07,0.491,1.317,0.61,0.0,0.0,0.059,67.514
1766339210.628309,15.041,7,7,37.312,0.0,0.016,0.186,57.343,1300.6,0.621,37.312,0.05,5.0,0,0,,,,,,,14.504,0.236,49.21,0.493,1.326,0.613,0.0,0.0,0.059,66.594
1766339210.693777,15.194,7,7,37.329,0.0,0.016,0.185,57.365,1300.6,0.6212,37.329,0.05,5.0,0,0,,,,,,,13.684,0.408,48.835,0.482,1.333,0.453,0.0,0.0,0.069,65.426
1766339210.758708,15.131,7,7,37.312,0.0,0.016,0.184,57.389,1300.0,0.6207,37.312,0.05,5.0,0,0,,,,,,,14.304,0.24,47.843,0.488,1.341,0.451,0.0,0.0,0.067,64.888
1766339210.826732,15.11,7,7,37.311,0.0,0.016,0.185,57.393,1300.5,0.6213,37.311,0.05,5.0,0,0,,,,,,,15.546,0.247,49.681,0.49,1.333,0.449,0.0,0.0,0.066,67.972
1766339210.891146,15.133,7,7,37.322,0.0,0.016,0.185,57.395,1300.3,0.6209,37.322,0.05,5.0,0,0,,,,,,,13.61,0.423,47.809,0.496,1.34,0.456,0.0,0.0,0.062,64.371
1766339210.957048,15.163,7,7,37.326,0.0,0.016,0.186,57.378,1300.9,0.621,37.326,0.05,5.0,0,0,,,,,,,15.146,0.244,47.919,0.522,1.339,0.461,0.0,0.0,0.066,65.859
1766339211.022425,15.48,7,7,37.315,0.0,0.016,0.187,57.37,1300.2,0.6212,37.315,0.05,5.0,0,0,,,,,,,13.841,0.362,48.601,0.512,1.323,0.464,0.0,0.0,0.064,65.331
1766339211.087454,15.177,7,7,37.312,0.0,0.016,0.186,57.369,1300.6,0.6211,37.312,0.05,5.0,0,0,,,,,,,14.347,0.425,47.679,0.494,1.332,0.474,0.0,0.0,0.065,64.978
1766339211.156696,14.828,7,7,37.324,0.0,0.016,0.186,57.353,1300.0,0.6209,37.324,0.05,5.0,0,0,,,,,,,16.764,0.272,49.607,0.495,1.369,0.467,0.0,0.0,0.063,69.196
1766339211.221565,15.146,7,7,37.328,0.0,0.016,0.186,57.359,1301.1,0.6214,37.328,0.05,5.0,0,0,,,,,,,13.539,0.384,48.389,0.487,1.331,0.466,0.0,0.0,0.062,64.818
1766339211.287848,15.102,7,7,37.301,0.0,0.016,0.185,57.374,1300.1,0.6208,37.301,0.05,5.0,0,0,,,,,,,14.896,0.283,48.547,0.497,1.348,0.452,0.0,0.0,0.06,66.24
1766339211.353313,15.167,7,7,37.319,0.0,0.016,0.185,57.376,1300.2,0.6213,37.319,0.05,5.0,0,0,,,,,,,14.547,0.409,47.914,0.52,1.353,0.451,0.0,0.0,0.066,65.422
1766339211.41703,15.363,7,7,37.322,0.0,0.016,0.184,57.393,1300.5,0.6211,37.322,0.05,5.0,0,0,,,,,,,14.171,0.273,46.691,0.526,1.328,0.455,0.0,0.0,0.062,63.671
1766339211.485309,15.262,7,7,37.312,0.0,0.016,0.184,57.392,1300.9,0.6212,37.312,0.05,5.0,0,0,,,,,,,15.977,0.385,49.369,0.495,1.332,0.45,0.0,0.0,0.064,68.233
1766339211.549645,15.089,7,7,37.316,0.0,0.016,0.184,57.391,1300.7,0.6216,37.316,0.05,5.0,0,0,,,,,,,13.969,0.43,47.359,0.492,1.34,0.468,0.0,0.0,0.07,64.288
1766339211.615077,15.178,7,7,37.319,0.0,0.016,0.185,57.395,1300.6,0.6212,37.319,0.05,5.0,0,0,,,,,,,15.516,0.244,47.082,0.516,1.326,0.455,0.0,0.0,0.064,65.383
1766339211.680792,15.275,7,7,37.317,0.0,0.016,0.186,57.397,1300.8,0.6207,37.317,0.05,5.0,0,0,,,,,,,15.55,0.42,47.177,0.492,1.35,0.453,0.0,0.0,0.062,65.664
1766339211.747052,15.162,7,7,37.307,0.0,0.016,0.186,57.374,1300.3,0.6208,37.307,0.05,5.0,0,0,,,,,,,15.793,0.247,47.647,0.505,1.336,0.452,0.0,0.0,0.059,66.214
1766339211.815783,15.145,7,7,37.33,0.0,0.016,0.186,57.373,1300.7,0.6206,37.33,0.05,5.0,0,0,,,,,,,15.565,0.43,50.158,0.496,1.358,0.451,0.0,0.0,0.066,68.686
1766339211.880235,14.753,7,7,37.315,0.0,0.016,0.185,57.375,1300.2,0.6209,37.315,0.05,5.0,0,0,,,,,,,14.616,0.27,46.996,0.513,1.33,0.456,0.0,0.0,0.069,64.409
1766339211.946295,15.308,7,7,37.306,0.0,0.016,0.185,57.381,1300.3,0.6216,37.306,0.05,5.0,0,0,,,,,,,15.488,0.263,47.736,0.497,1.357,0.463,0.0,0.0,0.058,66.014
1766339212.014405,15.114,7,7,37.298,0.0,0.016,0.185,57.377,1299.8,0.621,37.298,0.05,5.0,0,0,,,,,,,15.597,0.301,49.685,0.475,1.321,0.473,0.0,0.0,0.058,68.067
1766339212.080285,14.997,7,7,37.314,0.0,0.016,0.186,57.384,1300.9,0.6213,37.314,0.05,5.0,0,0,,,,,,,14.164,0.573,48.579,0.503,1.328,0.469,0.0,0.0,0.06,65.833
1766339212.146723,15.103,7,7,37.323,0.0,0.016,0.186,57.387,1300.2,0.6212,37.323,0.05,5.0,0,0,,,,,,,14.501,0.351,48.907,0.649,1.327,0.445,0.0,0.0,0.059,66.397
1766339212.210807,15.439,7,7,37.32,0.0,0.016,0.186,57.357,1300.3,0.6206,37.32,0.05,5.0,0,0,,,,,,,12.833,0.213,48.52,0.481,1.331,0.451,0.0,0.0,0.057,64.042
1766339212.308372,10.094,7,7,37.314,0.0,0.016,0.185,57.363,1300.5,0.621,37.314,0.05,5.0,0,0,,,,,,,47.819,0.422,46.739,0.516,1.337,0.464,0.0,0.0,0.069,97.523
1766339212.374209,15.571,7,7,37.315,0.0,0.016,0.184,57.371,1300.1,0.6209,37.315,0.05,5.0,0,0,,,,,,,14.475,0.226,48.537,0.514,1.344,0.469,0.0,0.0,0.068,65.792
1766339212.439368,14.988,7,7,37.322,0.0,0.016,0.186,57.363,1300.0,0.621,37.322,0.05,5.0,0,0,,,,,,,15.357,0.282,46.943,0.512,1.333,0.463,0.0,0.0,0.061,65.111
1766339212.508611,14.929,7,7,37.337,0.0,0.016,0.185,57.369,1300.9,0.6209,37.337,0.05,5.0,0,0,,,,,,,17.181,0.297,49.203,0.491,1.338,0.463,0.0,0.0,0.06,69.197
1766339212.57478,15.178,7,7,37.316,0.0,0.016,0.185,57.39,1300.7,0.6211,37.316,0.05,5.0,0,0,,,,,,,13.827,0.251,49.546,0.492,1.338,0.45,0.0,0.0,0.061,66.125
1766339212.641357,15.065,7,7,37.323,0.0,0.016,0.185,57.391,1301.4,0.621,37.323,0.05,5.0,0,0,,,,,,,14.038,0.268,49.689,0.518,1.334,0.464,0.0,0.0,0.061,66.533
1766339212.706936,15.147,7,7,37.312,0.0,0.016,0.185,57.394,1300.4,0.621,37.312,0.05,5.0,0,0,,,,,,,13.478,0.248,49.305,0.485,1.333,0.456,0.0,0.0,0.066,65.534
1766339212.772979,15.294,7,7,37.313,0.0,0.016,0.184,57.402,1300.6,0.6215,37.313,0.05,5.0,0,0,,,,,,,13.272,0.306,49.903,0.507,1.324,0.447,0.0,0.0,0.068,65.988
1766339212.841027,14.961,7,7,37.329,0.0,0.016,0.186,57.388,1300.9,0.6209,37.329,0.05,5.0,0,0,,,,,,,14.06,0.236,51.137,0.506,1.372,0.453,0.0,0.0,0.064,67.983
1766339212.905364,15.284,7,7,37.323,0.0,0.016,0.185,57.381,1300.9,0.6206,37.323,0.05,5.0,0,0,,,,,,,11.459,0.417,49.89,0.503,1.331,0.469,0.0,0.0,0.065,64.293
1766339212.97384,14.994,7,7,37.308,0.0,0.016,0.185,57.374,1300.3,0.621,37.308,0.05,5.0,0,0,,,,,,,13.818,0.283,51.81,0.497,1.352,0.45,0.0,0.0,0.062,68.434
1766339213.037872,15.283,7,7,37.308,0.0,0.016,0.185,57.386,1300.3,0.6212,37.308,0.05,5.0,0,0,,,,,,,10.772,0.238,50.483,0.497,1.328,0.453,0.0,0.0,0.062,63.988
1766339213.099508,15.385,7,7,37.317,0.0,0.016,0.185,57.396,1299.9,0.6212,37.317,0.05,5.0,0,0,,,,,,,11.74,0.34,47.024,0.484,1.315,0.474,0.0,0.0,0.058,61.593
1766339213.208274,15.206,6,6,37.93,0.0,0.019,0.219,56.921,1363.4,0.6449,37.93,0.05,5.0,0,0,,,,,,,15.866,0.233,90.255,0.459,1.176,0.427,0.0,0.0,0.07,108.722
1766339213.272797,10.118,7,7,37.312,0.0,0.016,0.185,57.007,1299.4,0.621,37.312,0.05,5.0,0,0,,,,,,,5.926,0.437,55.55,0.505,1.328,0.447,0.0,0.0,0.063,64.476
1766339213.335882,14.967,7,7,37.327,0.0,0.016,0.185,57.068,1300.3,0.6208,37.327,0.05,5.0,0,0,,,,,,,8.219,0.43,51.901,0.5,1.323,0.445,0.0,0.0,0.061,63.04
1766339213.404651,15.099,7,7,37.31,0.0,0.016,0.184,57.126,1300.4,0.6209,37.31,0.05,5.0,0,0,,,,,,,11.368,0.471,54.337,0.507,1.342,0.468,0.0,0.0,0.066,68.726
1766339213.465635,14.971,7,7,37.296,0.0,0.016,0.184,57.176,1299.9,0.6208,37.296,0.05,5.0,0,0,,,,,,,9.396,0.236,48.755,0.506,1.345,0.475,0.0,0.0,0.064,60.941
1766339213.530327,15.34,7,7,37.299,0.0,0.016,0.184,57.222,1300.0,0.6212,37.299,0.05,5.0,0,0,,,,,,,13.594,0.223,48.292,0.495,1.324,0.479,0.0,0.0,0.067,64.643
1766339213.597736,15.001,7,7,37.309,0.0,0.016,0.185,57.252,1300.5,0.6211,37.309,0.05,5.0,0,0,,,,,,,15.566,0.452,48.79,0.503,1.37,0.462,0.0,0.0,0.062,67.366
1766339213.699531,10.029,7,7,37.32,0.0,0.016,0.186,57.295,1300.5,0.6214,37.32,0.05,5.0,0,0,,,,,,,47.863,0.282,51.103,0.488,1.338,0.451,0.0,0.0,0.065,101.748
1766339213.761837,15.574,7,7,37.295,0.0,0.016,0.184,57.301,1300.2,0.621,37.295,0.05,5.0,0,0,,,,,,,10.281,0.446,48.85,0.523,1.437,0.498,0.0,0.0,0.065,62.263
1766339213.827396,15.116,7,7,37.312,0.0,0.016,0.183,57.329,1300.1,0.6212,37.312,0.05,5.0,0,0,,,,,,,14.128,0.264,48.619,0.485,1.324,0.464,0.0,0.0,0.071,65.515
1766339213.893591,15.146,7,7,37.31,0.0,0.016,0.185,57.34,1300.1,0.6211,37.31,0.05,5.0,0,0,,,,,,,14.591,0.259,48.784,0.49,1.332,0.47,0.0,0.0,0.06,66.148
1766339213.959622,15.149,7,7,37.298,0.0,0.016,0.186,57.342,1300.5,0.6212,37.298,0.05,5.0,0,0,,,,,,,14.411,0.254,48.167,0.477,1.319,0.441,0.0,0.0,0.768,65.988
1766339214.023865,15.451,7,7,37.321,0.0,0.016,0.185,57.359,1300.8,0.6212,37.321,0.05,5.0,0,0,,,,,,,13.091,0.236,48.347,0.523,1.317,0.445,0.0,0.0,0.079,64.193
1766339214.102369,15.114,7,7,37.311,0.0,0.016,0.187,57.344,1299.8,0.621,37.311,0.05,5.0,0,0,,,,,,,15.021,0.369,60.54,0.528,1.339,0.451,0.0,0.0,0.049,78.459
1766339214.166426,15.185,7,7,37.311,0.0,0.016,0.185,57.364,1300.2,0.6207,37.311,0.05,5.0,0,0,,,,,,,2.366,0.367,58.749,0.52,1.343,0.451,0.0,0.0,0.049,64.01
1766339214.225239,15.075,7,7,37.315,0.0,0.016,0.184,57.379,1300.5,0.6212,37.315,0.05,5.0,0,0,,,,,,,4.646,0.319,50.759,0.908,1.445,0.471,0.0,0.0,0.055,58.766
1766339214.289698,15.204,7,7,37.329,0.0,0.016,0.187,57.398,1300.4,0.621,37.329,0.05,5.0,0,0,,,,,,,11.496,0.243,50.077,0.498,1.324,0.45,0.0,0.0,0.054,64.302
1766339214.355757,15.176,7,7,37.306,0.0,0.016,0.184,57.41,1300.8,0.6215,37.306,0.05,5.0,0,0,,,,,,,13.04,0.423,50.047,0.51,1.331,0.445,0.0,0.0,0.056,66.01
1766339214.419812,15.07,7,7,37.305,0.0,0.016,0.186,57.397,1300.1,0.6211,37.305,0.05,5.0,0,0,,,,,,,13.339,0.366,47.817,0.491,1.346,0.443,0.0,0.0,0.047,64.005
1766339214.487593,15.201,7,7,37.313,0.0,0.016,0.184,57.387,1300.4,0.621,37.313,0.05,5.0,0,0,,,,,,,15.024,0.464,49.676,0.512,1.334,0.46,0.0,0.0,0.053,67.689
1766339214.553793,15.166,7,7,37.307,0.0,0.016,0.184,57.4,1300.2,0.6208,37.307,0.05,5.0,0,0,,,,,,,13.222,0.531,49.869,0.506,1.348,0.454,0.0,0.0,0.052,66.15
1766339214.619914,14.776,7,7,37.313,0.0,0.016,0.184,57.403,1300.4,0.6213,37.313,0.05,5.0,0,0,,,,,,,14.701,0.305,48.605,0.49,1.321,0.445,0.0,0.0,0.055,66.076
1766339214.685806,15.437,7,7,37.321,0.0,0.017,0.184,57.415,1300.9,0.6206,37.321,0.05,5.0,0,0,,,,,,,13.36,0.286,49.655,0.523,1.352,0.457,0.0,0.0,0.053,65.846
1766339214.785181,10.135,7,7,37.309,0.0,0.016,0.186,57.392,1300.6,0.6211,37.309,0.05,5.0,0,0,,,,,,,45.942,0.302,50.438,0.485,1.318,0.448,0.0,0.0,0.047,99.135
1766339214.848911,15.078,7,7,37.31,0.0,0.016,0.185,57.388,1299.4,0.6206,37.31,0.05,5.0,0,0,,,,,,,13.086,0.285,47.798,0.516,1.337,0.447,0.0,0.0,0.057,63.686
1766339214.914619,15.121,7,7,37.308,0.0,0.016,0.185,57.399,1300.2,0.6214,37.308,0.05,5.0,0,0,,,,,,,15.484,0.393,47.322,0.49,1.319,0.447,0.0,0.0,0.053,65.661
1766339215.016876,10.154,7,7,37.309,0.0,0.016,0.184,57.402,1300.1,0.6211,37.309,0.05,5.0,0,0,,,,,,,48.254,0.266,51.185,0.502,1.331,0.454,0.0,0.0,0.048,102.203
1766339215.090552,15.102,7,7,37.321,0.0,0.016,0.185,57.393,1300.3,0.6208,37.321,0.05,5.0,0,0,,,,,,,12.223,0.493,58.121,0.747,1.369,0.453,0.0,0.0,0.058,73.635
1766339215.159625,15.307,7,7,37.3,0.0,0.016,0.185,57.392,1300.1,0.6215,37.3,0.05,5.0,0,0,,,,,,,3.877,0.521,61.804,0.569,1.501,0.508,0.0,0.0,0.065,69.029
1766339215.218678,15.048,7,7,37.308,0.0,0.016,0.185,57.387,1300.3,0.6211,37.308,0.05,5.0,0,0,,,,,,,1.254,0.477,54.423,0.581,1.504,0.522,0.0,0.0,0.073,59.007
1766339215.281449,14.683,7,7,37.31,0.0,0.016,0.184,57.387,1300.0,0.621,37.31,0.05,5.0,0,0,,,,,,,10.303,0.509,49.411,0.508,1.33,0.451,0.0,0.0,0.051,62.724
1766339215.34542,15.593,7,7,37.309,0.0,0.016,0.185,57.405,1300.2,0.6209,37.309,0.05,5.0,0,0,,,,,,,11.669,0.195,49.427,0.496,1.444,0.491,0.0,0.0,0.054,63.93
1766339215.413461,14.736,7,7,37.309,0.0,0.016,0.185,57.403,1300.3,0.621,37.309,0.05,5.0,0,0,,,,,,,15.561,0.459,49.34,0.621,1.348,0.462,0.0,0.0,0.054,68.001
1766339215.478435,15.328,7,7,37.299,0.0,0.016,0.185,57.392,1299.9,0.6209,37.299,0.05,5.0,0,0,,,,,,,12.761,0.215,49.315,0.506,1.326,0.595,0.0,0.0,0.056,64.934
1766339215.540591,15.306,7,7,37.31,0.0,0.016,0.186,57.381,1300.4,0.6214,37.31,0.05,5.0,0,0,,,,,,,13.119,0.241,46.254,0.486,1.335,0.46,0.0,0.0,0.062,62.116
1766339215.609814,15.137,7,7,37.312,0.0,0.016,0.185,57.406,1300.5,0.6214,37.312,0.05,5.0,0,0,,,,,,,17.027,0.244,49.403,0.505,1.332,0.455,0.0,0.0,0.054,69.183
1766339215.677604,14.761,7,7,37.307,0.0,0.016,0.185,57.417,1300.3,0.6215,37.307,0.05,5.0,0,0,,,,,,,15.55,0.448,49.299,0.482,1.32,0.45,0.0,0.0,0.046,67.747
1766339215.741272,15.37,7,7,37.305,0.0,0.016,0.186,57.406,1299.4,0.6209,37.305,0.05,5.0,0,0,,,,,,,12.826,0.326,47.967,0.5,1.332,0.463,0.0,0.0,0.059,63.629
1766339215.807774,15.2,7,7,37.306,0.0,0.016,0.183,57.426,1300.1,0.6213,37.306,0.05,5.0,0,0,,,,,,,14.945,0.27,48.755,0.478,1.339,0.45,0.0,0.0,0.06,66.459
1766339215.874525,15.021,7,7,37.311,0.0,0.016,0.183,57.436,1300.3,0.6217,37.311,0.05,5.0,0,0,,,,,,,15.019,0.251,48.923,0.497,1.336,0.466,0.0,0.0,0.055,66.712
1766339215.940443,15.053,7,7,37.292,0.0,0.016,0.186,57.433,1300.3,0.6212,37.292,0.05,5.0,0,0,,,,,,,14.698,0.409,48.31,0.485,1.323,0.448,0.0,0.0,0.051,65.878
1766339216.003042,15.664,7,7,37.304,0.0,0.016,0.184,57.41,1299.9,0.6212,37.304,0.05,5.0,0,0,,,,,,,12.62,0.25,47.207,0.5,1.322,0.446,0.0,0.0,0.055,62.559
1766339216.104365,9.938,7,7,37.289,0.0,0.016,0.186,57.403,1299.6,0.6209,37.289,0.05,5.0,0,0,,,,,,,50.648,0.252,47.961,0.466,1.318,0.436,0.0,0.0,0.052,101.284
1766339216.167994,15.621,7,7,37.312,0.0,0.016,0.186,57.396,1300.2,0.6211,37.312,0.05,5.0,0,0,,,,,,,13.341,0.339,47.405,0.504,1.324,0.45,0.0,0.0,0.063,63.588
1766339216.270521,9.867,7,7,37.306,0.0,0.016,0.186,57.375,1300.0,0.621,37.306,0.05,5.0,0,0,,,,,,,51.053,0.24,48.577,0.526,1.367,0.489,0.0,0.0,0.06,102.477
1766339216.334441,15.356,7,7,37.315,0.0,0.016,0.185,57.375,1299.8,0.6209,37.315,0.05,5.0,0,0,,,,,,,13.655,0.332,47.405,0.488,1.331,0.443,0.0,0.0,0.064,63.88
1766339216.402856,15.151,7,7,37.297,0.0,0.016,0.186,57.384,1300.3,0.6207,37.297,0.05,5.0,0,0,,,,,,,15.737,0.306,49.851,0.48,1.341,0.447,0.0,0.0,0.054,68.374
1766339216.469066,15.155,7,7,37.308,0.0,0.016,0.185,57.386,1300.2,0.6212,37.308,0.05,5.0,0,0,,,,,,,13.309,0.255,50.1,0.513,1.332,0.449,0.0,0.0,0.055,66.172
1766339216.536201,15.185,7,7,37.312,0.0,0.016,0.184,57.372,1300.6,0.6207,37.312,0.05,5.0,0,0,,,,,,,12.951,0.305,51.291,0.53,1.325,0.453,0.0,0.0,0.057,67.093
1766339216.599708,15.124,7,7,37.316,0.0,0.016,0.186,57.367,1300.3,0.6208,37.316,0.05,5.0,0,0,,,,,,,11.935,0.27,48.758,0.492,1.345,0.45,0.0,0.0,0.055,63.467
1766339216.666991,15.154,7,7,37.299,0.0,0.016,0.184,57.366,1300.4,0.6213,37.299,0.05,5.0,0,0,,,,,,,14.416,0.216,50.151,0.483,1.315,0.447,0.0,0.0,0.061,67.244
1766339216.732751,15.1,7,7,37.298,0.0,0.016,0.185,57.355,1299.9,0.6212,37.298,0.05,5.0,0,0,,,,,,,13.339,0.452,49.424,0.491,1.326,0.454,0.0,0.0,0.058,65.703
1766339216.798599,15.167,7,7,37.316,0.0,0.016,0.185,57.342,1299.9,0.621,37.316,0.05,5.0,0,0,,,,,,,13.53,0.232,49.618,0.472,1.316,0.437,0.0,0.0,0.052,65.807
1766339216.863005,15.197,7,7,37.305,0.0,0.016,0.185,57.341,1300.5,0.6212,37.305,0.05,5.0,0,0,,,,,,,13.485,0.396,47.833,0.504,1.45,0.472,0.0,0.0,0.066,64.366
1766339216.932301,15.109,7,7,37.329,0.0,0.016,0.185,57.364,1301.0,0.6212,37.329,0.05,5.0,0,0,,,,,,,15.265,0.592,50.904,0.494,1.322,0.464,0.0,0.0,0.059,69.254
1766339216.998814,15.165,7,7,37.301,0.0,0.016,0.185,57.378,1299.0,0.6206,37.301,0.05,5.0,0,0,,,,,,,11.915,0.302,51.777,0.5,1.319,0.45,0.0,0.0,0.054,66.474
1766339217.060703,15.143,7,7,37.3,0.0,0.016,0.185,57.384,1299.6,0.6208,37.3,0.05,5.0,0,0,,,,,,,11.436,0.19,47.707,0.493,1.314,0.486,0.0,0.0,0.061,61.849
1766339217.12702,15.246,7,7,37.305,0.0,0.016,0.184,57.388,1299.7,0.6213,37.305,0.05,5.0,0,0,,,,,,,15.137,0.282,48.379,0.505,1.313,0.446,0.0,0.0,0.052,66.275
1766339217.227451,10.066,7,7,37.312,0.0,0.016,0.184,57.39,1300.9,0.6213,37.312,0.05,5.0,0,0,,,,,,,48.164,0.404,49.352,0.494,1.323,0.449,0.0,0.0,0.05,100.392
1766339217.289844,15.343,7,7,37.303,0.0,0.016,0.185,57.384,1300.4,0.6212,37.303,0.05,5.0,0,0,,,,,,,12.91,0.252,46.725,0.477,1.327,0.45,0.0,0.0,0.059,62.354
1766339217.356095,15.216,7,7,37.306,0.0,0.017,0.186,57.371,1300.2,0.6214,37.306,0.05,5.0,0,0,,,,,,,16.239,0.213,47.226,0.518,1.338,0.452,0.0,0.0,0.063,66.212
1766339217.420829,15.079,7,7,37.305,0.0,0.016,0.185,57.365,1299.7,0.6209,37.305,0.05,5.0,0,0,,,,,,,16.304,0.293,45.626,0.476,1.335,0.449,0.0,0.0,0.053,64.694
1766339217.493077,14.668,7,7,37.317,0.0,0.016,0.184,57.371,1300.7,0.621,37.317,0.05,5.0,0,0,,,,,,,19.748,0.269,49.708,0.506,1.315,0.452,0.0,0.0,0.056,72.21
1766339217.555631,15.212,7,7,37.329,0.0,0.016,0.185,57.379,1300.4,0.6205,37.329,0.05,5.0,0,0,,,,,,,13.237,0.451,46.31,0.508,1.324,0.469,0.0,0.0,0.05,62.513
1766339217.624673,15.03,7,7,37.323,0.0,0.016,0.186,57.388,1300.6,0.6209,37.323,0.05,5.0,0,0,,,,,,,17.219,0.243,49.068,0.497,1.319,0.448,0.0,0.0,0.054,69.003
1766339217.686647,15.678,7,7,37.312,0.0,0.016,0.185,57.38,1300.2,0.6208,37.312,0.05,5.0,0,0,,,,,,,11.96,0.429,47.099,0.487,1.307,0.442,0.0,0.0,0.056,61.934
1766339217.750547,15.426,7,7,37.33,0.0,0.016,0.184,57.401,1300.6,0.6211,37.33,0.05,5.0,0,0,,,,,,,14.811,0.225,46.399,0.476,1.304,0.444,0.0,0.0,0.049,63.859
1766339217.819566,15.134,7,7,37.309,0.0,0.016,0.185,57.39,1300.8,0.621,37.309,0.05,5.0,0,0,,,,,,,16.986,0.32,49.167,0.512,1.341,0.446,0.0,0.0,0.046,68.98
1766339217.885378,15.102,7,7,37.307,0.0,0.016,0.185,57.392,1299.6,0.6207,37.307,0.05,5.0,0,0,,,,,,,14.181,0.404,48.677,0.515,1.329,0.452,0.0,0.0,0.052,65.77
1766339217.949747,14.983,7,7,37.316,0.0,0.016,0.185,57.402,1300.1,0.6207,37.316,0.05,5.0,0,0,,,,,,,15.113,0.235,46.469,0.519,1.331,0.453,0.0,0.0,0.046,64.328
1766339218.018929,15.368,7,7,37.301,0.0,0.016,0.184,57.396,1300.7,0.6213,37.301,0.05,5.0,0,0,,,,,,,15.814,0.319,50.432,0.522,1.367,0.465,0.0,0.0,0.056,69.139
1766339218.08253,14.82,7,7,37.306,0.0,0.016,0.184,57.374,1299.7,0.6207,37.306,0.05,5.0,0,0,,,,,,,14.111,0.257,46.671,0.491,1.336,0.469,0.0,0.0,0.059,63.559
1766339218.15063,15.171,7,7,37.309,0.0,0.016,0.185,57.358,1300.3,0.6209,37.309,0.05,5.0,0,0,,,,,,,16.422,0.239,48.846,0.52,1.344,0.464,0.0,0.0,0.055,68.056
1766339218.213398,15.068,7,7,37.32,0.0,0.016,0.185,57.369,1300.7,0.6211,37.32,0.05,5.0,0,0,,,,,,,14.689,0.316,45.223,0.501,1.334,0.447,0.0,0.0,0.055,62.723
1766339218.281886,15.043,7,7,37.312,0.0,0.016,0.185,57.369,1300.2,0.6208,37.312,0.05,5.0,0,0,,,,,,,18.399,0.268,47.275,0.489,1.352,0.451,0.0,0.0,0.057,68.444
1766339218.349885,15.23,7,7,37.319,0.0,0.016,0.186,57.381,1300.2,0.6212,37.319,0.05,5.0,0,0,,,,,,,15.573,0.44,49.414,0.489,1.374,0.456,0.0,0.0,0.053,67.956
1766339218.413901,15.092,7,7,37.312,0.0,0.016,0.184,57.372,1299.9,0.621,37.312,0.05,5.0,0,0,,,,,,,13.833,0.236,47.428,0.477,1.34,0.454,0.0,0.0,0.052,63.973
1766339218.484912,15.505,7,7,37.306,0.0,0.016,0.186,57.353,1300.0,0.621,37.306,0.05,5.0,0,0,,,,,,,14.312,0.491,53.615,0.521,1.361,0.451,0.0,0.0,0.053,70.969
1766339218.548384,14.747,7,7,37.311,0.0,0.016,0.185,57.352,1300.5,0.621,37.311,0.05,5.0,0,0,,,,,,,11.112,0.331,49.373,0.55,1.359,0.471,0.0,0.0,0.069,63.433
1766339218.613835,15.082,7,7,37.299,0.0,0.016,0.185,57.334,1300.2,0.6209,37.299,0.05,5.0,0,0,,,,,,,13.892,0.45,48.539,0.497,1.328,0.452,0.0,0.0,0.048,65.362
1766339218.679307,15.49,7,7,37.311,0.0,0.016,0.185,57.328,1300.0,0.6208,37.311,0.05,5.0,0,0,,,,,,,13.048,0.245,49.349,0.514,1.51,0.497,0.0,0.0,0.109,65.431
1766339218.743986,15.372,7,7,37.341,0.0,0.016,0.185,57.343,1300.8,0.6208,37.341,0.05,5.0,0,0,,,,,,,12.622,0.401,49.015,0.536,1.36,0.466,0.0,0.0,0.063,64.632
1766339218.811267,14.915,7,7,37.314,0.0,0.016,0.184,57.361,1300.1,0.6213,37.314,0.05,5.0,0,0,,,,,,,14.991,0.246,49.387,0.519,1.339,0.457,0.0,0.0,0.06,67.235
1766339218.879842,15.211,7,7,37.322,0.0,0.016,0.185,57.353,1299.6,0.6208,37.322,0.05,5.0,0,0,,,,,,,13.455,0.273,52.185,0.527,1.398,0.457,0.0,0.0,0.07,68.533
1766339218.94533,15.187,7,7,37.314,0.0,0.016,0.186,57.372,1300.4,0.6212,37.314,0.05,5.0,0,0,,,,,,,10.727,0.247,51.859,0.481,1.46,0.454,0.0,0.0,0.063,65.445
1766339219.012057,15.003,7,7,37.311,0.0,0.016,0.184,57.396,1299.8,0.6211,37.311,0.05,5.0,0,0,,,,,,,11.896,0.246,51.883,0.508,1.455,0.487,0.0,0.0,0.058,66.687
1766339219.082527,15.416,7,7,37.317,0.0,0.016,0.184,57.403,1300.7,0.6204,37.317,0.05,5.0,0,0,,,,,,,10.035,0.303,57.526,0.541,1.354,0.449,0.0,0.0,0.059,70.429
1766339219.144304,14.771,7,7,37.312,0.0,0.016,0.185,57.41,1301.2,0.6208,37.312,0.05,5.0,0,0,,,,,,,7.264,0.257,51.686,0.51,1.337,0.453,0.0,0.0,0.066,61.736
1766339219.208317,15.318,7,7,37.31,0.0,0.016,0.185,57.398,1300.4,0.621,37.31,0.05,5.0,0,0,,,,,,,10.763,0.248,50.489,0.481,1.32,0.448,0.0,0.0,0.06,63.968
1766339219.275972,15.192,7,7,37.305,0.0,0.016,0.183,57.403,1300.7,0.6212,37.305,0.05,5.0,0,0,,,,,,,12.58,0.251,52.249,0.508,1.349,0.455,0.0,0.0,0.063,67.613
1766339219.34579,15.124,7,7,37.308,0.0,0.016,0.186,57.374,1299.4,0.6205,37.308,0.05,5.0,0,0,,,,,,,11.049,0.238,55.729,0.532,1.549,0.467,0.0,0.0,0.056,69.778
1766339219.407075,15.267,7,7,37.326,0.0,0.016,0.184,57.395,1300.0,0.6208,37.326,0.05,5.0,0,0,,,,,,,6.729,0.236,51.745,0.509,1.339,0.462,0.0,0.0,0.065,61.244
1766339219.473689,14.947,7,7,37.305,0.0,0.016,0.184,57.41,1300.0,0.6213,37.305,0.05,5.0,0,0,,,,,,,12.347,0.37,51.339,0.504,1.348,0.45,0.0,0.0,0.05,66.573
1766339219.573588,10.178,7,7,37.295,0.0,0.016,0.184,57.405,1299.7,0.6207,37.295,0.05,5.0,0,0,,,,,,,43.987,0.266,53.046,0.522,1.355,0.463,0.0,0.0,0.054,99.858
1766339219.642307,15.308,7,7,37.307,0.0,0.016,0.185,57.388,1300.9,0.621,37.307,0.05,5.0,0,0,,,,,,,9.41,0.24,56.45,0.528,1.362,0.462,0.0,0.0,0.058,68.676
1766339219.700221,15.243,7,7,37.311,0.0,0.016,0.185,57.391,1300.4,0.6213,37.311,0.05,5.0,0,0,,,,,,,6.294,0.304,48.748,0.531,1.33,0.453,0.0,0.0,0.051,57.871
1766339219.770959,15.065,7,7,37.312,0.0,0.016,0.184,57.398,1300.1,0.6212,37.312,0.05,5.0,0,0,,,,,,,14.758,0.265,53.106,0.521,1.362,0.452,0.0,0.0,0.069,70.696
1766339219.833963,14.877,7,7,37.302,0.0,0.016,0.184,57.403,1300.2,0.6212,37.302,0.05,5.0,0,0,,,,,,,11.217,0.413,48.715,0.519,1.374,0.455,0.0,0.0,0.075,62.941
1766339219.900258,14.977,7,7,37.298,0.0,0.016,0.186,57.396,1299.6,0.6212,37.298,0.05,5.0,0,0,,,,,,,15.002,0.462,48.263,0.494,1.334,0.473,0.0,0.0,0.066,66.254
1766339219.969267,15.12,7,7,37.318,0.0,0.016,0.186,57.381,1300.4,0.6205,37.318,0.05,5.0,0,0,,,,,,,14.847,0.251,51.347,0.516,1.343,0.451,0.0,0.0,0.057,68.969
1766339220.03184,15.352,7,7,37.307,0.0,0.016,0.185,57.383,1300.7,0.6214,37.307,0.05,5.0,0,0,,,,,,,10.974,0.366,48.646,0.51,1.35,0.452,0.0,0.0,0.07,62.532
1766339220.097531,14.852,7,7,37.312,0.0,0.016,0.185,57.378,1299.8,0.6207,37.312,0.05,5.0,0,0,,,,,,,15.728,0.443,47.008,0.482,1.316,0.449,0.0,0.0,0.063,65.647
1766339220.165439,15.712,7,7,37.311,0.0,0.016,0.184,57.378,1300.3,0.6208,37.311,0.05,5.0,0,0,,,,,,,13.683,0.315,51.239,0.546,1.367,0.475,0.0,0.0,0.071,67.866
1766339220.228391,14.763,7,7,37.307,0.0,0.016,0.185,57.388,1300.2,0.6211,37.307,0.05,5.0,0,0,,,,,,,13.512,0.271,46.491,0.477,1.322,0.599,0.0,0.0,0.07,62.908
1766339220.297162,15.449,7,7,37.295,0.0,0.016,0.185,57.393,1299.6,0.6212,37.295,0.05,5.0,0,0,,,,,,,15.291,0.257,50.672,0.516,1.33,0.45,0.0,0.0,0.057,68.729
1766339220.394063,9.998,7,7,37.3,0.0,0.016,0.184,57.388,1300.1,0.6211,37.3,0.05,5.0,0,0,,,,,,,46.533,0.404,47.347,0.529,1.358,0.461,0.0,0.0,0.046,96.856
1766339220.458192,15.427,7,7,37.313,0.0,0.016,0.186,57.391,1300.6,0.6209,37.313,0.05,5.0,0,0,,,,,,,14.458,0.448,46.646,0.493,1.349,0.457,0.0,0.0,0.061,64.088
1766339220.526219,15.151,7,7,37.321,0.0,0.017,0.185,57.367,1300.5,0.6205,37.321,0.05,5.0,0,0,,,,,,,16.332,0.23,48.839,0.529,1.353,0.472,0.0,0.0,0.068,67.987
1766339220.591569,14.874,7,7,37.305,0.0,0.016,0.185,57.357,1300.2,0.621,37.305,0.05,5.0,0,0,,,,,,,15.535,0.22,46.956,0.533,1.357,0.467,0.0,0.0,0.067,65.307
1766339220.690544,10.173,7,7,37.317,0.0,0.016,0.185,57.358,1300.4,0.6207,37.317,0.05,5.0,0,0,,,,,,,48.485,0.45,47.475,0.504,1.342,0.458,0.0,0.0,0.059,98.93
1766339220.758348,15.253,7,7,37.298,0.0,0.016,0.185,57.348,1299.7,0.621,37.298,0.05,5.0,0,0,,,,,,,15.076,0.287,49.848,0.522,1.338,0.465,0.0,0.0,0.071,67.765
1766339220.823662,15.085,7,7,37.325,0.0,0.016,0.186,57.353,1301.4,0.6216,37.325,0.05,5.0,0,0,,,,,,,13.562,0.27,48.922,0.496,1.338,0.451,0.0,0.0,0.073,65.273
1766339220.888113,15.371,7,7,37.318,0.0,0.016,0.185,57.388,1300.1,0.6212,37.318,0.05,5.0,0,0,,,,,,,13.303,0.539,48.035,0.507,1.335,0.451,0.0,0.0,0.072,64.406
1766339220.953393,14.991,7,7,37.31,0.0,0.016,0.185,57.397,1300.2,0.6211,37.31,0.05,5.0,0,0,,,,,,,15.562,0.254,46.916,0.487,1.333,0.46,0.0,0.0,0.068,65.239
1766339221.021405,15.037,7,7,37.303,0.0,0.017,0.184,57.395,1300.2,0.6216,37.303,0.05,5.0,0,0,,,,,,,16.784,0.252,48.414,0.51,1.318,0.468,0.0,0.0,0.065,67.97
1766339221.087405,15.256,7,7,37.293,0.0,0.017,0.183,57.391,1300.4,0.621,37.293,0.05,5.0,0,0,,,,,,,14.323,0.336,48.798,0.481,1.339,0.461,0.0,0.0,0.066,65.96
1766339221.153176,15.125,7,7,37.32,0.0,0.017,0.185,57.4,1300.3,0.6211,37.32,0.05,5.0,0,0,,,,,,,14.434,0.243,48.533,0.493,1.331,0.451,0.0,0.0,0.063,65.727
1766339221.219909,14.958,7,7,37.3,0.0,0.016,0.184,57.403,1299.4,0.621,37.3,0.05,5.0,0,0,,,,,,,15.52,0.442,48.175,0.509,1.349,0.463,0.0,0.0,0.07,66.69
1766339221.285251,15.302,6,6,37.923,0.0,0.019,0.219,56.951,1362.4,0.646,37.923,0.05,5.0,0,0,,,,,,,14.14,0.422,48.351,0.486,1.188,0.428,0.0,0.0,0.065,65.3
1766339221.35235,15.163,7,7,37.316,0.0,0.016,0.184,57.039,1299.9,0.6211,37.316,0.05,5.0,0,0,,,,,,,14.745,0.243,49.507,0.498,1.334,0.457,0.0,0.0,0.058,67.057
